0	0	0	0	0	0
256	0	0	182	9	4
512	0	0	361	17	8
768	0	0	538	24	11
1024	0	0	718	32	14
1280	0	0	898	39	18
1536	0	0	1071	47	21
1792	0	0	1242	54	23
2048	0	0	1427	61	27
2303	0	0	1601	68	30
2559	0	0	1774	75	33
2815	0	0	1944	82	35
3071	0	0	2123	90	38
3327	0	0	2299	96	41
3583	0	0	2473	102	44
3839	0	0	2644	109	47
4095	0	0	2804	115	49
0	256	0	54	235	18
256	256	0	229	238	22
512	256	0	397	243	25
768	256	0	567	247	28
1024	256	0	738	252	31
1280	256	0	913	257	34
1536	256	0	1074	263	37
1792	256	0	1244	268	39
2048	256	0	1425	273	42
2303	256	0	1589	279	45
2559	256	0	1753	285	48
2815	256	0	1923	292	50
3071	256	0	2101	298	53
3327	256	0	2274	302	55
3583	256	0	2446	307	58
3839	256	0	2612	313	60
4095	256	0	2771	319	62
0	512	0	105	464	35
256	512	0	276	462	39
512	512	0	446	469	42
768	512	0	618	472	44
1024	512	0	792	474	47
1280	512	0	964	477	50
1536	512	0	1125	481	52
1792	512	0	1300	484	54
2048	512	0	1474	488	57
2303	512	0	1640	493	59
2559	512	0	1804	499	62
2815	512	0	1976	506	64
3071	512	0	2151	512	67
3327	512	0	2325	515	70
3583	512	0	2495	519	72
3839	512	0	2658	524	73
4095	512	0	2822	530	76
0	768	0	156	689	51
256	768	0	323	686	55
512	768	0	493	693	57
768	768	0	672	699	61
1024	768	0	843	700	62
1280	768	0	1010	702	65
1536	768	0	1173	705	67
1792	768	0	1351	708	69
2048	768	0	1522	712	72
2303	768	0	1688	717	74
2559	768	0	1849	724	77
2815	768	0	2024	729	79
3071	768	0	2199	732	81
3327	768	0	2370	735	83
3583	768	0	2539	739	85
3839	768	0	2701	744	87
4095	768	0	2866	750	89
0	1024	0	205	911	67
256	1024	0	371	915	70
512	1024	0	542	921	73
768	1024	0	717	926	76
1024	1024	0	893	933	79
1280	1024	0	1057	934	80
1536	1024	0	1225	933	83
1792	1024	0	1404	935	84
2048	1024	0	1570	938	86
2303	1024	0	1734	943	89
2559	1024	0	1899	948	91
2815	1024	0	2070	952	93
3071	1024	0	2245	951	95
3327	1024	0	2415	953	97
3583	1024	0	2581	956	99
3839	1024	0	2743	959	100
4095	1024	0	2910	966	103
0	1280	0	252	1121	82
256	1280	0	418	1127	85
512	1280	0	590	1131	87
768	1280	0	764	1134	90
1024	1280	0	938	1137	93
1280	1280	0	1102	1146	97
1536	1280	0	1277	1145	98
1792	1280	0	1451	1145	98
2048	1280	0	1616	1148	101
2303	1280	0	1779	1157	103
2559	1280	0	1949	1162	105
2815	1280	0	2122	1164	106
3071	1280	0	2298	1164	109
3327	1280	0	2466	1166	110
3583	1280	0	2628	1169	112
3839	1280	0	2788	1173	113
4095	1280	0	2962	1182	116
0	1536	0	300	1350	96
256	1536	0	465	1357	99
512	1536	0	638	1360	101
768	1536	0	811	1365	104
1024	1536	0	980	1370	107
1280	1536	0	1144	1375	110
1536	1536	0	1330	1381	112
1792	1536	0	1504	1385	114
2048	1536	0	1670	1390	115
2303	1536	0	1829	1398	118
2559	1536	0	2002	1400	120
2815	1536	0	2177	1402	120
3071	1536	0	2353	1401	121
3327	1536	0	2521	1403	124
3583	1536	0	2679	1402	125
3839	1536	0	2845	1407	127
4095	1536	0	3019	1417	131
0	1792	0	348	1572	110
256	1792	0	515	1576	113
512	1792	0	689	1580	114
768	1792	0	859	1585	117
1024	1792	0	1023	1589	120
1280	1792	0	1194	1594	123
1536	1792	0	1382	1601	126
1792	1792	0	1556	1611	129
2048	1792	0	1724	1618	131
2303	1792	0	1886	1622	132
2559	1792	0	2056	1621	135
2815	1792	0	2234	1620	135
3071	1792	0	2407	1622	137
3327	1792	0	2576	1626	138
3583	1792	0	2736	1625	140
3839	1792	0	2900	1630	142
4095	1792	0	3064	1638	145
0	2048	0	397	1785	124
256	2048	0	565	1788	126
512	2048	0	737	1791	129
768	2048	0	910	1797	132
1024	2048	0	1070	1801	135
1280	2048	0	1246	1807	137
1536	2048	0	1429	1815	140
1792	2048	0	1606	1824	143
2048	2048	0	1773	1831	146
2303	2048	0	1943	1835	148
2559	2048	0	2117	1838	149
2815	2048	0	2294	1836	149
3071	2048	0	2463	1838	151
3327	2048	0	2624	1839	152
3583	2048	0	2782	1838	155
3839	2048	0	2958	1852	157
4095	2048	0	3119	1861	160
0	2303	0	443	2017	138
256	2303	0	615	2022	141
512	2303	0	786	2026	143
768	2303	0	953	2031	145
1024	2303	0	1116	2039	149
1280	2303	0	1298	2047	151
1536	2303	0	1477	2054	153
1792	2303	0	1651	2060	157
2048	2303	0	1818	2071	160
2303	2303	0	1991	2078	163
2559	2303	0	2168	2082	164
2815	2303	0	2346	2081	163
3071	2303	0	2513	2084	164
3327	2303	0	2674	2082	166
3583	2303	0	2838	2082	168
3839	2303	0	3009	2091	171
4095	2303	0	3162	2096	174
0	2559	0	492	2244	152
256	2559	0	663	2247	154
512	2559	0	830	2249	156
768	2559	0	995	2251	158
1024	2559	0	1164	2257	161
1280	2559	0	1346	2268	164
1536	2559	0	1520	2270	167
1792	2559	0	1690	2276	169
2048	2559	0	1859	2287	173
2303	2559	0	2034	2297	176
2559	2559	0	2217	2301	178
2815	2559	0	2392	2303	178
3071	2559	0	2557	2305	179
3327	2559	0	2720	2307	178
3583	2559	0	2883	2310	181
3839	2559	0	3047	2315	183
4095	2559	0	3205	2321	187
0	2815	0	539	2460	164
256	2815	0	707	2462	165
512	2815	0	876	2466	168
768	2815	0	1038	2467	170
1024	2815	0	1212	2473	173
1280	2815	0	1394	2484	176
1536	2815	0	1567	2489	178
1792	2815	0	1734	2495	181
2048	2815	0	1903	2504	184
2303	2815	0	2077	2514	187
2559	2815	0	2261	2515	189
2815	2815	0	2434	2513	191
3071	2815	0	2599	2513	191
3327	2815	0	2762	2516	192
3583	2815	0	2927	2520	195
3839	2815	0	3087	2525	198
4095	2815	0	3243	2534	199
0	3071	0	586	2676	176
256	3071	0	755	2678	177
512	3071	0	923	2679	179
768	3071	0	1081	2683	183
1024	3071	0	1260	2690	185
1280	3071	0	1438	2696	187
1536	3071	0	1609	2705	191
1792	3071	0	1774	2713	194
2048	3071	0	1947	2724	197
2303	3071	0	2124	2735	199
2559	3071	0	2307	2744	199
2815	3071	0	2472	2739	200
3071	3071	0	2641	2743	202
3327	3071	0	2810	2749	204
3583	3071	0	2970	2756	207
3839	3071	0	3133	2763	210
4095	3071	0	3292	2778	214
0	3327	0	635	2897	188
256	3327	0	804	2896	189
512	3327	0	969	2897	191
768	3327	0	1132	2900	194
1024	3327	0	1313	2905	197
1280	3327	0	1487	2916	199
1536	3327	0	1657	2927	202
1792	3327	0	1826	2938	205
2048	3327	0	2003	2954	209
2303	3327	0	2186	2962	211
2559	3327	0	2365	2964	212
2815	3327	0	2536	2964	215
3071	3327	0	2694	2964	216
3327	3327	0	2863	2973	219
3583	3327	0	3039	2985	222
3839	3327	0	3198	2993	225
4095	3327	0	3358	3012	228
0	3583	0	686	3106	201
256	3583	0	856	3101	203
512	3583	0	1019	3104	205
768	3583	0	1191	3110	208
1024	3583	0	1369	3120	210
1280	3583	0	1542	3133	213
1536	3583	0	1714	3144	217
1792	3583	0	1886	3155	220
2048	3583	0	2061	3164	223
2303	3583	0	2247	3166	224
2559	3583	0	2423	3168	226
2815	3583	0	2591	3169	228
3071	3583	0	2752	3171	230
3327	3583	0	2926	3183	234
3583	3583	0	3095	3196	237
3839	3583	0	3258	3210	240
4095	3583	0	3415	3221	243
0	3839	0	740	3304	215
256	3839	0	911	3304	217
512	3839	0	1073	3313	220
768	3839	0	1249	3321	223
1024	3839	0	1426	3332	226
1280	3839	0	1597	3348	228
1536	3839	0	1772	3359	232
1792	3839	0	1946	3369	235
2048	3839	0	2122	3373	237
2303	3839	0	2309	3372	238
2559	3839	0	2484	3375	240
2815	3839	0	2647	3377	243
3071	3839	0	2810	3383	245
3327	3839	0	2989	3396	248
3583	3839	0	3158	3408	251
3839	3839	0	3323	3423	255
4095	3839	0	3484	3438	259
0	4095	0	797	3513	231
256	4095	0	966	3515	232
512	4095	0	1130	3522	235
768	4095	0	1311	3531	237
1024	4095	0	1485	3543	241
1280	4095	0	1657	3555	243
1536	4095	0	1834	3568	246
1792	4095	0	2007	3574	250
2048	4095	0	2187	3576	252
2303	4095	0	2367	3577	253
2559	4095	0	2543	3576	255
2815	4095	0	2705	3578	257
3071	4095	0	2874	3587	260
3327	4095	0	3053	3603	264
3583	4095	0	3222	3620	267
3839	4095	0	3384	3636	271
4095	4095	0	3549	3651	276
0	0	256	11	1	211
256	0	256	190	10	215
512	0	256	365	18	215
768	0	256	540	27	215
1024	0	256	716	34	218
1280	0	256	892	41	218
1536	0	256	1064	49	220
1792	0	256	1234	56	222
2048	0	256	1418	63	225
2303	0	256	1588	70	227
2559	0	256	1757	77	230
2815	0	256	1928	84	220
3071	0	256	2103	91	221
3327	0	256	2277	98	222
3583	0	256	2451	104	223
3839	0	256	2621	109	223
4095	0	256	2780	116	225
0	256	256	66	235	236
256	256	256	248	249	232
512	256	256	421	253	236
768	256	256	594	256	234
1024	256	256	768	260	231
1280	256	256	943	265	235
1536	256	256	1104	270	233
1792	256	256	1275	275	233
2048	256	256	1453	280	233
2303	256	256	1616	284	233
2559	256	256	1778	289	234
2815	256	256	1946	295	235
3071	256	256	2120	301	236
3327	256	256	2294	305	236
3583	256	256	2462	309	236
3839	256	256	2624	314	237
4095	256	256	2783	318	237
0	512	256	120	467	248
256	512	256	296	477	250
512	512	256	471	485	252
768	512	256	646	486	248
1024	512	256	821	488	248
1280	512	256	992	490	247
1536	512	256	1154	493	246
1792	512	256	1332	497	246
2048	512	256	1506	499	245
2303	512	256	1672	501	245
2559	512	256	1829	505	247
2815	512	256	1999	511	249
3071	512	256	2173	516	250
3327	512	256	2347	519	248
3583	512	256	2514	522	249
3839	512	256	2676	526	249
4095	512	256	2838	532	251
0	768	256	171	698	257
256	768	256	344	705	260
512	768	256	519	711	263
768	768	256	698	716	265
1024	768	256	871	718	260
1280	768	256	1040	720	260
1536	768	256	1206	721	259
1792	768	256	1385	725	260
2048	768	256	1554	725	259
2303	768	256	1717	728	259
2559	768	256	1877	732	261
2815	768	256	2053	736	262
3071	768	256	2225	739	261
3327	768	256	2394	741	261
3583	768	256	2561	745	262
3839	768	256	2725	749	262
4095	768	256	2885	755	264
0	1024	256	221	929	268
256	1024	256	392	937	271
512	1024	256	565	943	274
768	1024	256	744	949	276
1024	1024	256	927	956	277
1280	1024	256	1090	955	273
1536	1024	256	1258	953	273
1792	1024	256	1435	953	273
2048	1024	256	1601	955	272
2303	1024	256	1764	958	273
2559	1024	256	1932	959	274
2815	1024	256	2102	960	276
3071	1024	256	2274	961	274
3327	1024	256	2444	963	274
3583	1024	256	2609	965	274
3839	1024	256	2770	968	275
4095	1024	256	2932	974	277
0	1280	256	269	1143	278
256	1280	256	437	1151	281
512	1280	256	614	1156	284
768	1280	256	792	1159	286
1024	1280	256	968	1163	287
1280	1280	256	1133	1169	290
1536	1280	256	1311	1168	290
1792	1280	256	1486	1166	286
2048	1280	256	1650	1170	286
2303	1280	256	1811	1175	287
2559	1280	256	1980	1177	288
2815	1280	256	2152	1178	288
3071	1280	256	2329	1176	287
3327	1280	256	2496	1178	287
3583	1280	256	2658	1181	287
3839	1280	256	2818	1185	288
4095	1280	256	2987	1192	290
0	1536	256	317	1373	289
256	1536	256	486	1384	293
512	1536	256	663	1387	295
768	1536	256	838	1391	296
1024	1536	256	1009	1395	299
1280	1536	256	1179	1399	300
1536	1536	256	1367	1405	303
1792	1536	256	1540	1410	303
2048	1536	256	1702	1413	300
2303	1536	256	1858	1418	302
2559	1536	256	2030	1420	302
2815	1536	256	2207	1417	300
3071	1536	256	2382	1415	299
3327	1536	256	2554	1418	301
3583	1536	256	2713	1416	300
3839	1536	256	2876	1420	301
4095	1536	256	3044	1429	302
0	1792	256	365	1594	300
256	1792	256	536	1602	304
512	1792	256	711	1605	305
768	1792	256	885	1611	307
1024	1792	256	1052	1616	309
1280	1792	256	1226	1620	311
1536	1792	256	1418	1628	314
1792	1792	256	1591	1635	317
2048	1792	256	1756	1639	317
2303	1792	256	1918	1640	314
2559	1792	256	2088	1641	316
2815	1792	256	2267	1639	315
3071	1792	256	2442	1641	313
3327	1792	256	2609	1643	312
3583	1792	256	2768	1642	314
3839	1792	256	2933	1647	316
4095	1792	256	3096	1652	317
0	2048	256	415	1809	313
256	2048	256	587	1814	316
512	2048	256	762	1819	317
768	2048	256	937	1824	318
1024	2048	256	1100	1830	321
1280	2048	256	1278	1836	323
1536	2048	256	1462	1842	326
1792	2048	256	1639	1846	329
2048	2048	256	1805	1854	331
2303	2048	256	1978	1860	331
2559	2048	256	2154	1861	328
2815	2048	256	2329	1858	329
3071	2048	256	2498	1860	327
3327	2048	256	2660	1860	327
3583	2048	256	2819	1860	328
3839	2048	256	2988	1869	331
4095	2048	256	3149	1877	332
0	2303	256	462	2046	326
256	2303	256	637	2051	328
512	2303	256	812	2056	330
768	2303	256	982	2061	331
1024	2303	256	1144	2067	333
1280	2303	256	1330	2077	336
1536	2303	256	1509	2083	337
1792	2303	256	1683	2088	339
2048	2303	256	1852	2102	343
2303	2303	256	2027	2108	345
2559	2303	256	2206	2108	345
2815	2303	256	2383	2106	343
3071	2303	256	2549	2105	339
3327	2303	256	2714	2104	339
3583	2303	256	2878	2107	341
3839	2303	256	3042	2114	342
4095	2303	256	3197	2120	344
0	2559	256	512	2275	337
256	2559	256	685	2277	339
512	2559	256	857	2280	341
768	2559	256	1023	2283	342
1024	2559	256	1193	2288	343
1280	2559	256	1377	2295	346
1536	2559	256	1553	2300	349
1792	2559	256	1725	2309	350
2048	2559	256	1895	2321	354
2303	2559	256	2070	2327	357
2559	2559	256	2255	2329	357
2815	2559	256	2430	2330	354
3071	2559	256	2595	2331	353
3327	2559	256	2760	2329	350
3583	2559	256	2922	2337	353
3839	2559	256	3084	2344	354
4095	2559	256	3246	2346	357
0	2815	256	560	2494	347
256	2815	256	731	2496	348
512	2815	256	905	2500	351
768	2815	256	1067	2501	352
1024	2815	256	1244	2507	353
1280	2815	256	1427	2514	355
1536	2815	256	1602	2521	358
1792	2815	256	1768	2528	361
2048	2815	256	1939	2535	363
2303	2815	256	2116	2541	364
2559	2815	256	2306	2548	366
2815	2815	256	2482	2549	366
3071	2815	256	2649	2550	365
3327	2815	256	2814	2551	364
3583	2815	256	2973	2556	365
3839	2815	256	3135	2563	368
4095	2815	256	3296	2572	372
0	3071	256	609	2713	358
256	3071	256	781	2717	359
512	3071	256	951	2722	360
768	3071	256	1112	2725	362
1024	3071	256	1294	2728	364
1280	3071	256	1473	2736	366
1536	3071	256	1648	2749	368
1792	3071	256	1815	2757	371
2048	3071	256	1989	2766	374
2303	3071	256	2169	2774	374
2559	3071	256	2354	2778	374
2815	3071	256	2528	2783	377
3071	3071	256	2693	2786	377
3327	3071	256	2854	2787	378
3583	3071	256	3022	2790	380
3839	3071	256	3182	2798	380
4095	3071	256	3339	2810	383
0	3327	256	660	2936	369
256	3327	256	833	2940	369
512	3327	256	999	2944	370
768	3327	256	1167	2947	372
1024	3327	256	1349	2949	375
1280	3327	256	1526	2963	377
1536	3327	256	1698	2974	379
1792	3327	256	1865	2981	382
2048	3327	256	2045	2997	386
2303	3327	256	2229	3002	387
2559	3327	256	2408	3004	386
2815	3327	256	2580	3009	387
3071	3327	256	2744	3004	391
3327	3327	256	2909	3009	391
3583	3327	256	3077	3020	393
3839	3327	256	3244	3027	395
4095	3327	256	3399	3047	398
0	3583	256	712	3152	380
256	3583	256	886	3152	383
512	3583	256	1050	3151	383
768	3583	256	1224	3155	386
1024	3583	256	1407	3164	387
1280	3583	256	1580	3176	390
1536	3583	256	1752	3187	392
1792	3583	256	1927	3198	395
2048	3583	256	2100	3209	397
2303	3583	256	2288	3208	400
2559	3583	256	2465	3210	401
2815	3583	256	2632	3212	400
3071	3583	256	2796	3209	402
3327	3583	256	2971	3222	407
3583	3583	256	3140	3237	413
3839	3583	256	3307	3253	417
4095	3583	256	3470	3266	420
0	3839	256	766	3354	394
256	3839	256	940	3354	394
512	3839	256	1102	3357	397
768	3839	256	1284	3368	398
1024	3839	256	1464	3381	400
1280	3839	256	1638	3393	403
1536	3839	256	1813	3404	407
1792	3839	256	1986	3411	410
2048	3839	256	2164	3415	413
2303	3839	256	2352	3417	415
2559	3839	256	2523	3415	419
2815	3839	256	2686	3414	419
3071	3839	256	2852	3417	421
3327	3839	256	3029	3435	428
3583	3839	256	3207	3452	432
3839	3839	256	3370	3465	436
4095	3839	256	3526	3474	441
0	4095	256	823	3565	408
256	4095	256	993	3569	408
512	4095	256	1162	3573	410
768	4095	256	1347	3584	415
1024	4095	256	1523	3593	419
1280	4095	256	1698	3602	423
1536	4095	256	1872	3612	427
1792	4095	256	2043	3616	429
2048	4095	256	2228	3618	431
2303	4095	256	2410	3617	433
2559	4095	256	2582	3617	437
2815	4095	256	2745	3616	438
3071	4095	256	2916	3626	442
3327	4095	256	3095	3641	447
3583	4095	256	3268	3658	452
3839	4095	256	3426	3671	456
4095	4095	256	3590	3686	461
0	0	512	21	2	414
256	0	512	199	11	419
512	0	512	374	19	419
768	0	512	552	28	416
1024	0	512	730	36	413
1280	0	512	908	42	415
1536	0	512	1079	50	414
1792	0	512	1251	58	413
2048	0	512	1435	65	416
2303	0	512	1607	72	416
2559	0	512	1777	78	418
2815	0	512	1947	85	420
3071	0	512	2125	93	423
3327	0	512	2303	99	424
3583	0	512	2478	106	424
3839	0	512	2649	112	424
4095	0	512	2807	118	428
0	256	512	76	235	449
256	256	512	256	248	436
512	256	512	432	255	440
768	256	512	607	260	432
1024	256	512	783	264	427
1280	256	512	959	269	429
1536	256	512	1124	274	424
1792	256	512	1298	280	421
2048	256	512	1473	285	417
2303	256	512	1641	290	420
2559	256	512	1805	294	416
2815	256	512	1975	300	415
3071	256	512	2152	307	413
3327	256	512	2327	312	416
3583	256	512	2500	317	412
3839	256	512	2666	321	409
4095	256	512	2824	326	418
0	512	512	131	471	448
256	512	512	310	483	455
512	512	512	493	496	456
768	512	512	670	499	454
1024	512	512	849	501	449
1280	512	512	1025	504	443
1536	512	512	1190	506	446
1792	512	512	1369	510	443
2048	512	512	1544	513	439
2303	512	512	1712	514	437
2559	512	512	1873	519	440
2815	512	512	2045	524	437
3071	512	512	2221	529	437
3327	512	512	2395	532	436
3583	512	512	2570	536	435
3839	512	512	2731	540	434
4095	512	512	2890	545	434
0	768	512	182	704	463
256	768	512	361	717	469
512	768	512	542	730	479
768	768	512	725	736	483
1024	768	512	903	736	462
1280	768	512	1073	737	456
1536	768	512	1242	738	457
1792	768	512	1424	741	454
2048	768	512	1593	742	453
2303	768	512	1758	745	453
2559	768	512	1926	750	453
2815	768	512	2100	754	455
3071	768	512	2273	756	453
3327	768	512	2447	760	451
3583	768	512	2620	764	449
3839	768	512	2775	767	448
4095	768	512	2941	773	450
0	1024	512	233	936	471
256	1024	512	411	955	473
512	1024	512	591	966	474
768	1024	512	772	970	476
1024	1024	512	958	975	479
1280	1024	512	1124	975	471
1536	1024	512	1296	975	471
1792	1024	512	1474	976	469
2048	1024	512	1641	976	469
2303	1024	512	1806	979	468
2559	1024	512	1976	981	468
2815	1024	512	2152	983	467
3071	1024	512	2324	982	467
3327	1024	512	2499	984	466
3583	1024	512	2665	987	464
3839	1024	512	2822	989	465
4095	1024	512	2991	995	466
0	1280	512	284	1154	472
256	1280	512	459	1173	481
512	1280	512	639	1178	485
768	1280	512	821	1183	488
1024	1280	512	1001	1189	491
1280	1280	512	1168	1193	491
1536	1280	512	1349	1193	488
1792	1280	512	1527	1194	485
2048	1280	512	1694	1197	485
2303	1280	512	1853	1199	484
2559	1280	512	2022	1200	484
2815	1280	512	2198	1201	483
3071	1280	512	2377	1201	481
3327	1280	512	2547	1202	482
3583	1280	512	2710	1205	480
3839	1280	512	2870	1209	480
4095	1280	512	3041	1215	483
0	1536	512	333	1389	486
256	1536	512	508	1407	494
512	1536	512	687	1413	498
768	1536	512	866	1418	500
1024	1536	512	1041	1423	502
1280	1536	512	1214	1428	502
1536	1536	512	1406	1437	505
1792	1536	512	1580	1439	505
2048	1536	512	1743	1440	502
2303	1536	512	1900	1442	500
2559	1536	512	2076	1444	500
2815	1536	512	2253	1441	499
3071	1536	512	2427	1438	498
3327	1536	512	2601	1442	499
3583	1536	512	2762	1442	496
3839	1536	512	2925	1446	497
4095	1536	512	3091	1452	499
0	1792	512	383	1617	499
256	1792	512	559	1631	506
512	1792	512	738	1637	510
768	1792	512	917	1641	512
1024	1792	512	1087	1648	513
1280	1792	512	1267	1655	515
1536	1792	512	1457	1658	518
1792	1792	512	1632	1667	522
2048	1792	512	1796	1668	521
2303	1792	512	1960	1668	517
2559	1792	512	2134	1670	519
2815	1792	512	2313	1669	517
3071	1792	512	2487	1670	515
3327	1792	512	2654	1670	513
3583	1792	512	2813	1670	514
3839	1792	512	2980	1674	516
4095	1792	512	3141	1679	518
0	2048	512	432	1838	513
256	2048	512	611	1849	520
512	2048	512	790	1855	523
768	2048	512	967	1858	524
1024	2048	512	1134	1863	527
1280	2048	512	1317	1868	528
1536	2048	512	1501	1873	531
1792	2048	512	1679	1877	534
2048	2048	512	1844	1885	538
2303	2048	512	2018	1889	537
2559	2048	512	2196	1890	532
2815	2048	512	2372	1888	533
3071	2048	512	2544	1890	531
3327	2048	512	2708	1889	529
3583	2048	512	2867	1890	531
3839	2048	512	3033	1897	534
4095	2048	512	3194	1903	536
0	2303	512	482	2077	529
256	2303	512	662	2087	533
512	2303	512	840	2092	537
768	2303	512	1011	2097	538
1024	2303	512	1176	2101	539
1280	2303	512	1366	2108	542
1536	2303	512	1546	2113	545
1792	2303	512	1719	2120	548
2048	2303	512	1888	2134	552
2303	2303	512	2065	2138	553
2559	2303	512	2246	2138	553
2815	2303	512	2422	2134	551
3071	2303	512	2587	2130	546
3327	2303	512	2757	2132	545
3583	2303	512	2921	2136	546
3839	2303	512	3082	2141	548
4095	2303	512	3241	2146	552
0	2559	512	533	2305	542
256	2559	512	710	2311	546
512	2559	512	886	2313	548
768	2559	512	1054	2319	550
1024	2559	512	1227	2324	551
1280	2559	512	1412	2326	554
1536	2559	512	1589	2332	557
1792	2559	512	1761	2343	561
2048	2559	512	1932	2353	564
2303	2559	512	2108	2358	566
2559	2559	512	2294	2359	567
2815	2559	512	2471	2360	566
3071	2559	512	2636	2361	564
3327	2559	512	2803	2359	559
3583	2559	512	2964	2366	561
3839	2559	512	3126	2372	564
4095	2559	512	3292	2377	569
0	2815	512	582	2525	554
256	2815	512	757	2532	557
512	2815	512	932	2536	559
768	2815	512	1097	2540	562
1024	2815	512	1276	2543	563
1280	2815	512	1459	2548	566
1536	2815	512	1636	2555	569
1792	2815	512	1805	2564	572
2048	2815	512	1978	2571	575
2303	2815	512	2156	2575	577
2559	2815	512	2344	2581	580
2815	2815	512	2519	2582	580
3071	2815	512	2686	2582	579
3327	2815	512	2850	2582	578
3583	2815	512	3015	2585	577
3839	2815	512	3182	2593	581
4095	2815	512	3343	2603	587
0	3071	512	631	2750	567
256	3071	512	807	2756	570
512	3071	512	978	2759	571
768	3071	512	1141	2760	575
1024	3071	512	1327	2765	576
1280	3071	512	1507	2775	579
1536	3071	512	1681	2786	581
1792	3071	512	1848	2790	585
2048	3071	512	2026	2802	587
2303	3071	512	2209	2807	590
2559	3071	512	2392	2807	590
2815	3071	512	2564	2816	594
3071	3071	512	2727	2816	594
3327	3071	512	2891	2817	594
3583	3071	512	3064	2821	595
3839	3071	512	3222	2826	597
4095	3071	512	3378	2837	601
0	3327	512	683	2976	581
256	3327	512	858	2978	584
512	3327	512	1026	2980	586
768	3327	512	1196	2982	587
1024	3327	512	1381	2988	590
1280	3327	512	1557	3001	592
1536	3327	512	1730	3012	595
1792	3327	512	1903	3023	599
2048	3327	512	2080	3030	602
2303	3327	512	2264	3033	604
2559	3327	512	2443	3034	604
2815	3327	512	2613	3032	606
3071	3327	512	2782	3034	610
3327	3327	512	2952	3040	609
3583	3327	512	3120	3049	612
3839	3327	512	3291	3064	614
4095	3327	512	3441	3073	618
0	3583	512	736	3187	597
256	3583	512	913	3188	601
512	3583	512	1077	3190	602
768	3583	512	1253	3195	603
1024	3583	512	1436	3204	605
1280	3583	512	1611	3214	610
1536	3583	512	1786	3226	614
1792	3583	512	1961	3235	617
2048	3583	512	2136	3238	618
2303	3583	512	2326	3244	621
2559	3583	512	2501	3242	622
2815	3583	512	2667	3240	621
3071	3583	512	2832	3241	623
3327	3583	512	3008	3252	628
3583	3583	512	3177	3266	633
3839	3583	512	3341	3279	636
4095	3583	512	3503	3288	641
0	3839	512	790	3395	613
256	3839	512	965	3399	614
512	3839	512	1129	3403	617
768	3839	512	1310	3410	620
1024	3839	512	1491	3418	623
1280	3839	512	1669	3429	628
1536	3839	512	1842	3437	632
1792	3839	512	2016	3440	634
2048	3839	512	2198	3444	635
2303	3839	512	2387	3450	636
2559	3839	512	2555	3445	641
2815	3839	512	2720	3443	639
3071	3839	512	2887	3446	641
3327	3839	512	3067	3461	645
3583	3839	512	3241	3478	651
3839	3839	512	3404	3491	658
4095	3839	512	3565	3506	662
0	4095	512	847	3612	631
256	4095	512	1017	3612	632
512	4095	512	1186	3614	635
768	4095	512	1372	3618	639
1024	4095	512	1550	3627	643
1280	4095	512	1727	3636	647
1536	4095	512	1901	3644	650
1792	4095	512	2072	3646	654
2048	4095	512	2259	3647	654
2303	4095	512	2441	3646	656
2559	4095	512	2611	3644	655
2815	4095	512	2778	3648	660
3071	4095	512	2953	3655	662
3327	4095	512	3129	3668	667
3583	4095	512	3297	3687	671
3839	4095	512	3461	3701	677
4095	4095	512	3624	3715	683
0	0	768	31	3	634
256	0	768	209	12	641
512	0	768	386	20	643
768	0	768	563	29	641
1024	0	768	744	37	636
1280	0	768	924	44	637
1536	0	768	1094	51	635
1792	0	768	1270	59	632
2048	0	768	1457	66	633
2303	0	768	1626	73	634
2559	0	768	1796	81	635
2815	0	768	1968	87	635
3071	0	768	2146	95	639
3327	0	768	2322	101	639
3583	0	768	2499	108	641
3839	0	768	2674	114	641
4095	0	768	2828	120	644
0	256	768	85	235	678
256	256	768	265	246	659
512	256	768	442	254	666
768	256	768	620	262	662
1024	256	768	800	268	656
1280	256	768	977	272	648
1536	256	768	1138	277	650
1792	256	768	1316	283	643
2048	256	768	1496	288	637
2303	256	768	1663	294	641
2559	256	768	1825	299	637
2815	256	768	1997	305	634
3071	256	768	2177	311	631
3327	256	768	2348	315	633
3583	256	768	2523	320	630
3839	256	768	2690	326	629
4095	256	768	2850	330	628
0	512	768	141	472	674
256	512	768	321	484	681
512	512	768	503	497	683
768	512	768	686	503	690
1024	512	768	866	506	682
1280	512	768	1042	508	676
1536	512	768	1208	512	679
1792	512	768	1392	515	671
2048	512	768	1568	518	667
2303	512	768	1732	523	663
2559	512	768	1894	527	666
2815	512	768	2074	532	662
3071	512	768	2252	536	658
3327	512	768	2424	539	657
3583	512	768	2600	544	660
3839	512	768	2761	548	657
4095	512	768	2925	554	657
0	768	768	194	708	691
256	768	768	374	722	698
512	768	768	560	736	709
768	768	768	750	749	710
1024	768	768	930	748	703
1280	768	768	1103	750	696
1536	768	768	1274	753	691
1792	768	768	1457	753	694
2048	768	768	1627	756	690
2303	768	768	1792	760	686
2559	768	768	1958	765	681
2815	768	768	2137	768	684
3071	768	768	2314	770	681
3327	768	768	2489	773	679
3583	768	768	2657	778	675
3839	768	768	2813	779	679
4095	768	768	2983	785	676
0	1024	768	246	942	704
256	1024	768	424	959	709
512	1024	768	609	974	723
768	1024	768	797	985	732
1024	1024	768	984	993	737
1280	1024	768	1150	994	711
1536	1024	768	1327	994	706
1792	1024	768	1507	994	699
2048	1024	768	1676	992	703
2303	1024	768	1838	994	700
2559	1024	768	2008	997	696
2815	1024	768	2188	999	690
3071	1024	768	2365	998	694
3327	1024	768	2536	1000	693
3583	1024	768	2701	1002	692
3839	1024	768	2856	1001	689
4095	1024	768	3030	1008	691
0	1280	768	295	1162	713
256	1280	768	472	1183	718
512	1280	768	660	1198	729
768	1280	768	846	1206	739
1024	1280	768	1028	1212	738
1280	1280	768	1203	1216	743
1536	1280	768	1384	1217	719
1792	1280	768	1560	1216	720
2048	1280	768	1728	1214	718
2303	1280	768	1890	1216	717
2559	1280	768	2063	1220	714
2815	1280	768	2241	1222	711
3071	1280	768	2418	1222	710
3327	1280	768	2589	1222	710
3583	1280	768	2749	1222	707
3839	1280	768	2909	1224	705
4095	1280	768	3083	1233	709
0	1536	768	346	1397	721
256	1536	768	525	1420	736
512	1536	768	711	1436	733
768	1536	768	895	1444	735
1024	1536	768	1072	1451	736
1280	1536	768	1247	1457	737
1536	1536	768	1438	1461	740
1792	1536	768	1611	1464	738
2048	1536	768	1778	1463	732
2303	1536	768	1943	1461	730
2559	1536	768	2120	1462	731
2815	1536	768	2295	1461	729
3071	1536	768	2469	1461	727
3327	1536	768	2641	1462	727
3583	1536	768	2800	1463	724
3839	1536	768	2966	1467	723
4095	1536	768	3129	1471	726
0	1792	768	396	1631	727
256	1792	768	576	1650	738
512	1792	768	762	1661	744
768	1792	768	943	1666	744
1024	1792	768	1117	1673	746
1280	1792	768	1298	1680	748
1536	1792	768	1485	1686	750
1792	1792	768	1662	1692	752
2048	1792	768	1825	1692	751
2303	1792	768	1992	1691	749
2559	1792	768	2170	1692	747
2815	1792	768	2351	1693	747
3071	1792	768	2525	1692	744
3327	1792	768	2693	1692	741
3583	1792	768	2852	1693	742
3839	1792	768	3017	1694	742
4095	1792	768	3179	1699	744
0	2048	768	445	1855	740
256	2048	768	630	1872	750
512	2048	768	813	1881	755
768	2048	768	992	1885	757
1024	2048	768	1163	1888	759
1280	2048	768	1349	1892	761
1536	2048	768	1533	1897	763
1792	2048	768	1707	1904	764
2048	2048	768	1877	1909	768
2303	2048	768	2050	1911	768
2559	2048	768	2229	1911	761
2815	2048	768	2410	1914	763
3071	2048	768	2581	1914	758
3327	2048	768	2747	1913	757
3583	2048	768	2908	1913	757
3839	2048	768	3074	1922	758
4095	2048	768	3234	1928	760
0	2303	768	497	2095	755
256	2303	768	681	2112	761
512	2303	768	861	2119	766
768	2303	768	1035	2124	768
1024	2303	768	1206	2129	770
1280	2303	768	1398	2135	774
1536	2303	768	1577	2139	776
1792	2303	768	1749	2146	778
2048	2303	768	1917	2156	781
2303	2303	768	2097	2161	783
2559	2303	768	2278	2161	782
2815	2303	768	2456	2157	775
3071	2303	768	2619	2155	774
3327	2303	768	2792	2156	772
3583	2303	768	2958	2159	770
3839	2303	768	3117	2164	773
4095	2303	768	3280	2168	776
0	2559	768	549	2323	768
256	2559	768	731	2336	774
512	2559	768	910	2341	777
768	2559	768	1080	2349	779
1024	2559	768	1256	2355	782
1280	2559	768	1444	2356	784
1536	2559	768	1620	2361	786
1792	2559	768	1792	2371	789
2048	2559	768	1964	2379	792
2303	2559	768	2141	2383	796
2559	2559	768	2328	2385	796
2815	2559	768	2506	2386	795
3071	2559	768	2675	2387	791
3327	2559	768	2838	2384	785
3583	2559	768	3001	2389	785
3839	2559	768	3165	2396	787
4095	2559	768	3331	2402	792
0	2815	768	600	2547	781
256	2815	768	779	2559	785
512	2815	768	956	2566	788
768	2815	768	1124	2572	791
1024	2815	768	1305	2575	793
1280	2815	768	1488	2577	796
1536	2815	768	1666	2585	798
1792	2815	768	1837	2594	800
2048	2815	768	2011	2601	803
2303	2815	768	2190	2605	806
2559	2815	768	2377	2605	808
2815	2815	768	2552	2606	808
3071	2815	768	2719	2606	806
3327	2815	768	2880	2605	803
3583	2815	768	3050	2608	799
3839	2815	768	3218	2617	803
4095	2815	768	3377	2625	809
0	3071	768	650	2774	793
256	3071	768	828	2783	797
512	3071	768	1002	2788	800
768	3071	768	1169	2791	801
1024	3071	768	1355	2795	804
1280	3071	768	1535	2804	806
1536	3071	768	1709	2814	809
1792	3071	768	1878	2818	813
2048	3071	768	2057	2831	815
2303	3071	768	2241	2834	817
2559	3071	768	2424	2832	816
2815	3071	768	2597	2843	820
3071	3071	768	2763	2841	819
3327	3071	768	2930	2843	817
3583	3071	768	3101	2850	818
3839	3071	768	3263	2856	820
4095	3071	768	3417	2865	823
0	3327	768	702	3000	808
256	3327	768	880	3006	812
512	3327	768	1050	3011	814
768	3327	768	1223	3016	815
1024	3327	768	1409	3022	818
1280	3327	768	1585	3031	820
1536	3327	768	1760	3043	824
1792	3327	768	1936	3055	827
2048	3327	768	2109	3061	830
2303	3327	768	2296	3061	831
2559	3327	768	2477	3059	829
2815	3327	768	2647	3057	829
3071	3327	768	2817	3061	833
3327	3327	768	2989	3068	834
3583	3327	768	3157	3076	836
3839	3327	768	3321	3086	838
4095	3327	768	3477	3098	844
0	3583	768	756	3215	824
256	3583	768	935	3224	826
512	3583	768	1102	3227	830
768	3583	768	1280	3233	832
1024	3583	768	1462	3239	834
1280	3583	768	1639	3245	838
1536	3583	768	1814	3259	841
1792	3583	768	1989	3265	844
2048	3583	768	2167	3267	844
2303	3583	768	2359	3272	848
2559	3583	768	2533	3269	847
2815	3583	768	2701	3267	845
3071	3583	768	2866	3268	847
3327	3583	768	3040	3276	851
3583	3583	768	3211	3288	857
3839	3583	768	3376	3300	858
4095	3583	768	3532	3308	863
0	3839	768	811	3429	841
256	3839	768	988	3439	843
512	3839	768	1154	3440	847
768	3839	768	1338	3444	850
1024	3839	768	1519	3450	853
1280	3839	768	1696	3459	855
1536	3839	768	1869	3468	859
1792	3839	768	2044	3471	860
2048	3839	768	2229	3474	862
2303	3839	768	2417	3478	860
2559	3839	768	2586	3473	864
2815	3839	768	2752	3471	862
3071	3839	768	2922	3476	863
3327	3839	768	3104	3490	868
3583	3839	768	3270	3498	871
3839	3839	768	3430	3514	878
4095	3839	768	3591	3530	882
0	4095	768	868	3644	860
256	4095	768	1040	3647	862
512	4095	768	1212	3647	865
768	4095	768	1398	3651	868
1024	4095	768	1577	3658	871
1280	4095	768	1753	3665	873
1536	4095	768	1928	3672	876
1792	4095	768	2101	3677	879
2048	4095	768	2287	3675	879
2303	4095	768	2469	3671	878
2559	4095	768	2642	3672	878
2815	4095	768	2810	3676	882
3071	4095	768	2988	3685	882
3327	4095	768	3163	3696	889
3583	4095	768	3330	3708	892
3839	4095	768	3490	3722	897
4095	4095	768	3651	3738	904
0	0	1024	41	5	865
256	0	1024	220	12	869
512	0	1024	397	21	870
768	0	1024	575	30	870
1024	0	1024	757	38	866
1280	0	1024	940	46	867
1536	0	1024	1111	53	864
1792	0	1024	1289	60	860
2048	0	1024	1477	68	857
2303	0	1024	1645	75	858
2559	0	1024	1815	82	860
2815	0	1024	1987	90	861
3071	0	1024	2169	96	864
3327	0	1024	2347	103	862
3583	0	1024	2525	110	862
3839	0	1024	2698	116	861
4095	0	1024	2849	122	865
0	256	1024	95	236	909
256	256	1024	273	245	883
512	256	1024	450	254	891
768	256	1024	629	262	891
1024	256	1024	812	269	888
1280	256	1024	994	275	881
1536	256	1024	1157	280	881
1792	256	1024	1334	285	874
2048	256	1024	1514	291	867
2303	256	1024	1681	297	869
2559	256	1024	1844	303	866
2815	256	1024	2020	308	864
3071	256	1024	2200	314	860
3327	256	1024	2372	319	861
3583	256	1024	2547	324	857
3839	256	1024	2711	329	853
4095	256	1024	2868	335	852
0	512	1024	151	472	902
256	512	1024	329	482	906
512	512	1024	511	495	915
768	512	1024	695	502	921
1024	512	1024	878	508	917
1280	512	1024	1058	512	911
1536	512	1024	1228	516	903
1792	512	1024	1412	519	905
2048	512	1024	1586	523	899
2303	512	1024	1753	527	894
2559	512	1024	1915	532	895
2815	512	1024	2094	536	892
3071	512	1024	2272	541	887
3327	512	1024	2448	545	883
3583	512	1024	2623	549	886
3839	512	1024	2781	554	882
4095	512	1024	2946	559	880
0	768	1024	204	709	918
256	768	1024	383	722	922
512	768	1024	569	737	936
768	768	1024	760	750	940
1024	768	1024	948	754	942
1280	768	1024	1121	757	934
1536	768	1024	1294	759	927
1792	768	1024	1476	760	929
2048	768	1024	1647	764	924
2303	768	1024	1814	768	917
2559	768	1024	1982	772	913
2815	768	1024	2160	775	916
3071	768	1024	2337	778	910
3327	768	1024	2514	781	907
3583	768	1024	2688	785	902
3839	768	1024	2841	787	906
4095	768	1024	3014	794	905
0	1024	1024	258	948	928
256	1024	1024	436	966	934
512	1024	1024	623	982	951
768	1024	1024	816	996	964
1024	1024	1024	1010	1007	962
1280	1024	1024	1179	1007	952
1536	1024	1024	1358	1007	947
1792	1024	1024	1538	1007	942
2048	1024	1024	1707	1010	944
2303	1024	1024	1872	1010	938
2559	1024	1024	2044	1011	935
2815	1024	1024	2224	1013	929
3071	1024	1024	2398	1013	932
3327	1024	1024	2577	1015	928
3583	1024	1024	2745	1017	924
3839	1024	1024	2898	1017	924
4095	1024	1024	3073	1023	928
0	1280	1024	308	1169	940
256	1280	1024	486	1190	955
512	1280	1024	675	1206	961
768	1280	1024	867	1219	975
1024	1280	1024	1054	1228	981
1280	1280	1024	1227	1234	985
1536	1280	1024	1413	1233	961
1792	1280	1024	1590	1233	957
2048	1280	1024	1757	1235	950
2303	1280	1024	1919	1235	953
2559	1280	1024	2097	1235	950
2815	1280	1024	2275	1236	945
3071	1280	1024	2450	1239	942
3327	1280	1024	2631	1242	946
3583	1280	1024	2791	1241	939
3839	1280	1024	2951	1243	939
4095	1280	1024	3121	1250	938
0	1536	1024	358	1409	947
256	1536	1024	538	1430	964
512	1536	1024	725	1446	969
768	1536	1024	917	1458	981
1024	1536	1024	1099	1468	988
1280	1536	1024	1278	1475	987
1536	1536	1024	1469	1478	992
1792	1536	1024	1639	1480	973
2048	1536	1024	1804	1479	964
2303	1536	1024	1969	1480	965
2559	1536	1024	2154	1484	969
2815	1536	1024	2330	1482	960
3071	1536	1024	2506	1480	961
3327	1536	1024	2679	1482	959
3583	1536	1024	2835	1479	955
3839	1536	1024	2998	1483	953
4095	1536	1024	3162	1488	952
0	1792	1024	409	1640	957
256	1792	1024	590	1659	974
512	1792	1024	777	1675	986
768	1792	1024	967	1689	990
1024	1792	1024	1141	1697	998
1280	1792	1024	1324	1702	998
1536	1792	1024	1512	1704	997
1792	1792	1024	1690	1706	988
2048	1792	1024	1851	1709	983
2303	1792	1024	2021	1711	981
2559	1792	1024	2205	1712	979
2815	1792	1024	2386	1713	979
3071	1792	1024	2561	1713	974
3327	1792	1024	2730	1711	970
3583	1792	1024	2892	1710	970
3839	1792	1024	3052	1712	968
4095	1792	1024	3216	1717	967
0	2048	1024	459	1863	967
256	2048	1024	646	1882	985
512	2048	1024	833	1896	988
768	2048	1024	1017	1908	993
1024	2048	1024	1188	1916	994
1280	2048	1024	1375	1917	995
1536	2048	1024	1557	1921	995
1792	2048	1024	1732	1925	995
2048	2048	1024	1907	1929	998
2303	2048	1024	2084	1932	997
2559	2048	1024	2264	1935	991
2815	2048	1024	2445	1937	989
3071	2048	1024	2611	1935	984
3327	2048	1024	2780	1934	981
3583	2048	1024	2947	1936	979
3839	2048	1024	3109	1942	979
4095	2048	1024	3268	1948	980
0	2303	1024	511	2105	984
256	2303	1024	696	2123	991
512	2303	1024	881	2137	999
768	2303	1024	1060	2146	1002
1024	2303	1024	1235	2152	1003
1280	2303	1024	1428	2163	1008
1536	2303	1024	1605	2166	1007
1792	2303	1024	1778	2170	1006
2048	2303	1024	1951	2182	1008
2303	2303	1024	2129	2183	1009
2559	2303	1024	2310	2183	1008
2815	2303	1024	2489	2182	999
3071	2303	1024	2654	2181	998
3327	2303	1024	2825	2179	992
3583	2303	1024	2991	2182	990
3839	2303	1024	3152	2187	992
4095	2303	1024	3317	2190	993
0	2559	1024	563	2338	991
256	2559	1024	746	2354	1000
512	2559	1024	932	2369	1007
768	2559	1024	1103	2376	1009
1024	2559	1024	1283	2380	1010
1280	2559	1024	1472	2384	1011
1536	2559	1024	1650	2392	1014
1792	2559	1024	1822	2398	1015
2048	2559	1024	1995	2403	1018
2303	2559	1024	2174	2408	1019
2559	2559	1024	2361	2408	1020
2815	2559	1024	2540	2409	1017
3071	2559	1024	2711	2408	1012
3327	2559	1024	2868	2406	1001
3583	2559	1024	3037	2411	1001
3839	2559	1024	3205	2418	1002
4095	2559	1024	3367	2425	1005
0	2815	1024	613	2564	1002
256	2815	1024	797	2579	1009
512	2815	1024	979	2591	1014
768	2815	1024	1148	2600	1017
1024	2815	1024	1332	2602	1018
1280	2815	1024	1516	2606	1019
1536	2815	1024	1696	2614	1022
1792	2815	1024	1865	2620	1024
2048	2815	1024	2041	2627	1026
2303	2815	1024	2223	2631	1027
2559	2815	1024	2412	2627	1029
2815	2815	1024	2588	2629	1026
3071	2815	1024	2754	2629	1023
3327	2815	1024	2913	2628	1016
3583	2815	1024	3085	2631	1014
3839	2815	1024	3251	2639	1016
4095	2815	1024	3409	2648	1020
0	3071	1024	664	2789	1009
256	3071	1024	847	2804	1017
512	3071	1024	1024	2815	1022
768	3071	1024	1196	2823	1023
1024	3071	1024	1381	2824	1025
1280	3071	1024	1562	2831	1028
1536	3071	1024	1739	2840	1031
1792	3071	1024	1908	2847	1031
2048	3071	1024	2088	2859	1034
2303	3071	1024	2272	2862	1035
2559	3071	1024	2457	2861	1033
2815	3071	1024	2631	2869	1034
3071	3071	1024	2799	2867	1032
3327	3071	1024	2970	2869	1029
3583	3071	1024	3139	2877	1030
3839	3071	1024	3304	2886	1032
4095	3071	1024	3458	2892	1034
0	3327	1024	717	3016	1024
256	3327	1024	900	3031	1030
512	3327	1024	1073	3040	1033
768	3327	1024	1250	3048	1034
1024	3327	1024	1434	3056	1036
1280	3327	1024	1613	3060	1040
1536	3327	1024	1790	3072	1043
1792	3327	1024	1965	3084	1044
2048	3327	1024	2139	3091	1045
2303	3327	1024	2329	3090	1047
2559	3327	1024	2511	3087	1044
2815	3327	1024	2681	3084	1041
3071	3327	1024	2853	3088	1044
3327	3327	1024	3023	3096	1044
3583	3327	1024	3190	3103	1047
3839	3327	1024	3356	3111	1047
4095	3327	1024	3516	3126	1052
0	3583	1024	773	3236	1038
256	3583	1024	955	3252	1044
512	3583	1024	1125	3259	1046
768	3583	1024	1306	3266	1049
1024	3583	1024	1490	3271	1051
1280	3583	1024	1670	3276	1055
1536	3583	1024	1843	3290	1057
1792	3583	1024	2018	3295	1057
2048	3583	1024	2199	3296	1057
2303	3583	1024	2392	3298	1060
2559	3583	1024	2564	3295	1058
2815	3583	1024	2734	3294	1054
3071	3583	1024	2900	3295	1055
3327	3583	1024	3073	3302	1058
3583	3583	1024	3248	3315	1064
3839	3583	1024	3414	3326	1065
4095	3583	1024	3568	3334	1068
0	3839	1024	829	3451	1054
256	3839	1024	1008	3468	1059
512	3839	1024	1178	3474	1062
768	3839	1024	1366	3478	1065
1024	3839	1024	1547	3484	1067
1280	3839	1024	1724	3491	1069
1536	3839	1024	1897	3499	1072
1792	3839	1024	2074	3501	1072
2048	3839	1024	2260	3504	1072
2303	3839	1024	2449	3506	1070
2559	3839	1024	2616	3503	1073
2815	3839	1024	2785	3502	1069
3071	3839	1024	2961	3507	1069
3327	3839	1024	3143	3521	1073
3583	3839	1024	3309	3528	1077
3839	3839	1024	3470	3541	1084
4095	3839	1024	3630	3555	1087
0	4095	1024	887	3668	1071
256	4095	1024	1062	3676	1076
512	4095	1024	1239	3682	1078
768	4095	1024	1428	3686	1080
1024	4095	1024	1606	3691	1083
1280	4095	1024	1782	3697	1086
1536	4095	1024	1958	3704	1087
1792	4095	1024	2132	3709	1090
2048	4095	1024	2320	3705	1088
2303	4095	1024	2501	3702	1086
2559	4095	1024	2674	3703	1084
2815	4095	1024	2841	3704	1086
3071	4095	1024	3024	3716	1087
3327	4095	1024	3202	3729	1093
3583	4095	1024	3369	3741	1097
3839	4095	1024	3530	3752	1101
4095	4095	1024	3692	3769	1105
0	0	1280	52	6	1086
256	0	1280	230	14	1085
512	0	1280	407	22	1084
768	0	1280	586	30	1083
1024	0	1280	769	39	1082
1280	0	1280	955	47	1084
1536	0	1280	1128	55	1080
1792	0	1280	1307	62	1077
2048	0	1280	1494	69	1074
2303	0	1280	1665	76	1072
2559	0	1280	1834	84	1071
2815	0	1280	2008	92	1071
3071	0	1280	2192	99	1073
3327	0	1280	2371	105	1071
3583	0	1280	2549	112	1068
3839	0	1280	2719	118	1066
4095	0	1280	2873	125	1068
0	256	1280	105	237	1124
256	256	1280	282	245	1095
512	256	1280	458	254	1105
768	256	1280	637	262	1106
1024	256	1280	822	270	1106
1280	256	1280	1007	277	1102
1536	256	1280	1174	284	1102
1792	256	1280	1353	289	1094
2048	256	1280	1532	294	1087
2303	256	1280	1701	300	1083
2559	256	1280	1864	306	1081
2815	256	1280	2041	312	1078
3071	256	1280	2223	318	1073
3327	256	1280	2399	322	1072
3583	256	1280	2571	328	1066
3839	256	1280	2733	333	1061
4095	256	1280	2892	339	1059
0	512	1280	160	473	1115
256	512	1280	338	482	1114
512	512	1280	520	495	1127
768	512	1280	705	502	1135
1024	512	1280	891	509	1135
1280	512	1280	1072	516	1130
1536	512	1280	1246	520	1121
1792	512	1280	1431	523	1120
2048	512	1280	1604	527	1115
2303	512	1280	1772	531	1109
2559	512	1280	1934	536	1107
2815	512	1280	2116	541	1104
3071	512	1280	2296	546	1098
3327	512	1280	2473	549	1093
3583	512	1280	2645	555	1093
3839	512	1280	2802	559	1087
4095	512	1280	2970	565	1085
0	768	1280	214	708	1127
256	768	1280	393	722	1129
512	768	1280	577	737	1145
768	768	1280	768	750	1153
1024	768	1280	958	756	1158
1280	768	1280	1134	762	1153
1536	768	1280	1313	764	1144
1792	768	1280	1497	766	1138
2048	768	1280	1669	770	1138
2303	768	1280	1835	775	1130
2559	768	1280	2004	780	1124
2815	768	1280	2186	783	1126
3071	768	1280	2363	784	1119
3327	768	1280	2539	788	1114
3583	768	1280	2710	794	1107
3839	768	1280	2863	796	1108
4095	768	1280	3037	801	1107
0	1024	1280	268	951	1133
256	1024	1280	447	970	1141
512	1024	1280	634	986	1160
768	1024	1280	828	1000	1173
1024	1024	1280	1023	1013	1174
1280	1024	1280	1199	1016	1173
1536	1024	1280	1379	1017	1165
1792	1024	1280	1560	1017	1159
2048	1024	1280	1733	1018	1161
2303	1024	1280	1896	1021	1150
2559	1024	1280	2071	1022	1146
2815	1024	1280	2252	1023	1139
3071	1024	1280	2429	1022	1140
3327	1024	1280	2605	1026	1136
3583	1024	1280	2770	1028	1128
3839	1024	1280	2927	1029	1125
4095	1024	1280	3100	1033	1128
0	1280	1280	319	1177	1145
256	1280	1280	499	1198	1164
512	1280	1280	690	1215	1170
768	1280	1280	884	1229	1184
1024	1280	1280	1075	1240	1192
1280	1280	1280	1253	1251	1191
1536	1280	1280	1440	1249	1182
1792	1280	1280	1619	1249	1176
2048	1280	1280	1788	1250	1167
2303	1280	1280	1948	1250	1169
2559	1280	1280	2131	1252	1165
2815	1280	1280	2311	1253	1158
3071	1280	1280	2488	1253	1155
3327	1280	1280	2665	1256	1157
3583	1280	1280	2823	1256	1147
3839	1280	1280	2986	1257	1141
4095	1280	1280	3155	1263	1140
0	1536	1280	371	1420	1156
256	1536	1280	553	1440	1173
512	1536	1280	742	1455	1186
768	1536	1280	934	1470	1192
1024	1536	1280	1119	1483	1203
1280	1536	1280	1303	1494	1205
1536	1536	1280	1498	1500	1209
1792	1536	1280	1673	1500	1188
2048	1536	1280	1839	1500	1182
2303	1536	1280	2003	1499	1177
2559	1536	1280	2187	1501	1179
2815	1536	1280	2366	1500	1173
3071	1536	1280	2542	1499	1168
3327	1536	1280	2714	1499	1158
3583	1536	1280	2869	1498	1160
3839	1536	1280	3037	1501	1157
4095	1536	1280	3206	1506	1157
0	1792	1280	422	1653	1163
256	1792	1280	606	1672	1181
512	1792	1280	796	1686	1191
768	1792	1280	987	1700	1196
1024	1792	1280	1166	1712	1206
1280	1792	1280	1355	1720	1212
1536	1792	1280	1546	1726	1210
1792	1792	1280	1723	1733	1214
2048	1792	1280	1890	1732	1209
2303	1792	1280	2060	1732	1189
2559	1792	1280	2238	1734	1185
2815	1792	1280	2423	1734	1188
3071	1792	1280	2600	1735	1181
3327	1792	1280	2769	1733	1175
3583	1792	1280	2928	1729	1171
3839	1792	1280	3095	1733	1175
4095	1792	1280	3261	1740	1174
0	2048	1280	473	1877	1185
256	2048	1280	661	1894	1190
512	2048	1280	849	1910	1200
768	2048	1280	1034	1923	1210
1024	2048	1280	1210	1932	1214
1280	2048	1280	1403	1937	1218
1536	2048	1280	1588	1941	1217
1792	2048	1280	1767	1944	1217
2048	2048	1280	1937	1951	1221
2303	2048	1280	2117	1952	1218
2559	2048	1280	2299	1953	1202
2815	2048	1280	2477	1955	1190
3071	2048	1280	2642	1956	1191
3327	2048	1280	2815	1957	1188
3583	2048	1280	2986	1959	1187
3839	2048	1280	3146	1961	1183
4095	2048	1280	3305	1968	1187
0	2303	1280	527	2120	1192
256	2303	1280	712	2137	1196
512	2303	1280	899	2152	1206
768	2303	1280	1080	2167	1215
1024	2303	1280	1262	2180	1221
1280	2303	1280	1454	2185	1225
1536	2303	1280	1631	2189	1227
1792	2303	1280	1807	2195	1226
2048	2303	1280	1985	2201	1220
2303	2303	1280	2165	2208	1219
2559	2303	1280	2348	2208	1219
2815	2303	1280	2525	2205	1209
3071	2303	1280	2694	2201	1207
3327	2303	1280	2861	2204	1198
3583	2303	1280	3026	2206	1198
3839	2303	1280	3190	2208	1202
4095	2303	1280	3356	2211	1203
0	2559	1280	579	2351	1201
256	2559	1280	764	2366	1210
512	2559	1280	951	2380	1214
768	2559	1280	1127	2397	1217
1024	2559	1280	1312	2406	1222
1280	2559	1280	1501	2410	1223
1536	2559	1280	1681	2420	1226
1792	2559	1280	1852	2422	1229
2048	2559	1280	2028	2427	1233
2303	2559	1280	2213	2436	1234
2559	2559	1280	2399	2436	1232
2815	2559	1280	2575	2434	1230
3071	2559	1280	2743	2432	1222
3327	2559	1280	2900	2433	1212
3583	2559	1280	3073	2436	1213
3839	2559	1280	3243	2442	1216
4095	2559	1280	3407	2450	1220
0	2815	1280	629	2581	1203
256	2815	1280	813	2596	1212
512	2815	1280	997	2610	1220
768	2815	1280	1172	2623	1229
1024	2815	1280	1360	2627	1231
1280	2815	1280	1546	2635	1233
1536	2815	1280	1728	2646	1235
1792	2815	1280	1895	2651	1241
2048	2815	1280	2075	2656	1243
2303	2815	1280	2260	2657	1244
2559	2815	1280	2449	2654	1242
2815	2815	1280	2623	2655	1242
3071	2815	1280	2788	2654	1239
3327	2815	1280	2953	2654	1232
3583	2815	1280	3123	2656	1231
3839	2815	1280	3290	2665	1234
4095	2815	1280	3448	2675	1238
0	3071	1280	679	2811	1212
256	3071	1280	862	2826	1222
512	3071	1280	1043	2838	1232
768	3071	1280	1221	2848	1239
1024	3071	1280	1409	2854	1241
1280	3071	1280	1591	2862	1245
1536	3071	1280	1769	2870	1248
1792	3071	1280	1943	2881	1249
2048	3071	1280	2121	2890	1254
2303	3071	1280	2306	2894	1254
2559	3071	1280	2491	2895	1252
2815	3071	1280	2664	2895	1253
3071	3071	1280	2835	2893	1252
3327	3071	1280	3008	2896	1250
3583	3071	1280	3177	2904	1252
3839	3071	1280	3343	2912	1255
4095	3071	1280	3498	2920	1258
0	3327	1280	733	3036	1234
256	3327	1280	918	3053	1242
512	3327	1280	1095	3065	1248
768	3327	1280	1276	3077	1254
1024	3327	1280	1464	3087	1259
1280	3327	1280	1644	3093	1262
1536	3327	1280	1821	3104	1265
1792	3327	1280	1997	3113	1266
2048	3327	1280	2171	3119	1266
2303	3327	1280	2364	3119	1270
2559	3327	1280	2544	3116	1267
2815	3327	1280	2716	3112	1265
3071	3327	1280	2889	3116	1268
3327	3327	1280	3056	3124	1269
3583	3327	1280	3227	3132	1272
3839	3327	1280	3396	3142	1275
4095	3327	1280	3557	3156	1282
0	3583	1280	790	3256	1252
256	3583	1280	974	3274	1260
512	3583	1280	1146	3288	1266
768	3583	1280	1333	3296	1272
1024	3583	1280	1519	3303	1275
1280	3583	1280	1700	3312	1279
1536	3583	1280	1874	3321	1282
1792	3583	1280	2050	3324	1284
2048	3583	1280	2232	3325	1284
2303	3583	1280	2425	3328	1286
2559	3583	1280	2598	3325	1285
2815	3583	1280	2769	3324	1283
3071	3583	1280	2938	3326	1283
3327	3583	1280	3113	3333	1288
3583	3583	1280	3290	3348	1294
3839	3583	1280	3457	3360	1299
4095	3583	1280	3613	3367	1303
0	3839	1280	846	3473	1273
256	3839	1280	1027	3490	1281
512	3839	1280	1202	3505	1287
768	3839	1280	1393	3512	1292
1024	3839	1280	1576	3520	1295
1280	3839	1280	1754	3527	1298
1536	3839	1280	1927	3530	1301
1792	3839	1280	2106	3532	1304
2048	3839	1280	2294	3536	1303
2303	3839	1280	2481	3538	1301
2559	3839	1280	2649	3535	1304
2815	3839	1280	2820	3534	1303
3071	3839	1280	3000	3541	1303
3327	3839	1280	3182	3554	1309
3583	3839	1280	3349	3564	1315
3839	3839	1280	3514	3575	1322
4095	3839	1280	3674	3588	1328
0	4095	1280	906	3689	1296
256	4095	1280	1083	3702	1303
512	4095	1280	1264	3716	1308
768	4095	1280	1456	3726	1313
1024	4095	1280	1634	3729	1316
1280	4095	1280	1811	3733	1320
1536	4095	1280	1988	3738	1323
1792	4095	1280	2165	3744	1326
2048	4095	1280	2354	3739	1324
2303	4095	1280	2535	3736	1322
2559	4095	1280	2708	3736	1320
2815	4095	1280	2876	3737	1324
3071	4095	1280	3061	3750	1326
3327	4095	1280	3239	3764	1332
3583	4095	1280	3406	3773	1339
3839	4095	1280	3569	3787	1345
4095	4095	1280	3732	3803	1351
0	0	1536	62	7	1294
256	0	1536	241	15	1287
512	0	1536	419	24	1290
768	0	1536	599	31	1289
1024	0	1536	782	40	1290
1280	0	1536	970	48	1291
1536	0	1536	1143	56	1293
1792	0	1536	1324	64	1291
2048	0	1536	1513	71	1289
2303	0	1536	1687	78	1286
2559	0	1536	1856	86	1285
2815	0	1536	2031	93	1283
3071	0	1536	2217	101	1284
3327	0	1536	2395	107	1283
3583	0	1536	2573	113	1281
3839	0	1536	2743	120	1280
4095	0	1536	2901	127	1281
0	256	1536	116	239	1327
256	256	1536	292	246	1307
512	256	1536	466	254	1323
768	256	1536	649	263	1325
1024	256	1536	832	271	1325
1280	256	1536	1014	279	1324
1536	256	1536	1188	287	1325
1792	256	1536	1373	293	1318
2048	256	1536	1553	298	1313
2303	256	1536	1722	304	1308
2559	256	1536	1884	310	1306
2815	256	1536	2064	316	1302
3071	256	1536	2247	322	1298
3327	256	1536	2425	326	1296
3583	256	1536	2597	332	1293
3839	256	1536	2762	338	1288
4095	256	1536	2924	344	1284
0	512	1536	170	472	1330
256	512	1536	349	483	1331
512	512	1536	531	496	1344
768	512	1536	717	502	1355
1024	512	1536	903	510	1355
1280	512	1536	1083	517	1354
1536	512	1536	1260	524	1351
1792	512	1536	1450	527	1348
2048	512	1536	1624	532	1343
2303	512	1536	1792	537	1337
2559	512	1536	1958	542	1332
2815	512	1536	2142	548	1332
3071	512	1536	2322	551	1327
3327	512	1536	2498	556	1322
3583	512	1536	2674	562	1323
3839	512	1536	2833	566	1316
4095	512	1536	3000	572	1314
0	768	1536	224	710	1346
256	768	1536	404	723	1351
512	768	1536	589	737	1368
768	768	1536	779	750	1376
1024	768	1536	968	756	1382
1280	768	1536	1146	765	1383
1536	768	1536	1328	770	1379
1792	768	1536	1518	773	1371
2048	768	1536	1689	776	1370
2303	768	1536	1856	782	1363
2559	768	1536	2028	787	1359
2815	768	1536	2211	790	1359
3071	768	1536	2388	792	1353
3327	768	1536	2565	797	1348
3583	768	1536	2737	802	1343
3839	768	1536	2895	804	1342
4095	768	1536	3066	810	1340
0	1024	1536	277	953	1355
256	1024	1536	458	972	1369
512	1024	1536	646	987	1385
768	1024	1536	838	1001	1399
1024	1024	1536	1033	1015	1403
1280	1024	1536	1210	1020	1411
1536	1024	1536	1397	1023	1406
1792	1024	1536	1581	1025	1397
2048	1024	1536	1752	1025	1390
2303	1024	1536	1919	1029	1390
2559	1024	1536	2096	1031	1385
2815	1024	1536	2277	1031	1378
3071	1024	1536	2457	1033	1380
3327	1024	1536	2631	1035	1374
3583	1024	1536	2797	1037	1368
3839	1024	1536	2960	1038	1363
4095	1024	1536	3131	1044	1365
0	1280	1536	330	1184	1373
256	1280	1536	511	1204	1394
512	1280	1536	703	1220	1402
768	1280	1536	897	1234	1417
1024	1280	1536	1087	1246	1429
1280	1280	1536	1270	1257	1432
1536	1280	1536	1463	1259	1428
1792	1280	1536	1640	1260	1420
2048	1280	1536	1812	1261	1413
2303	1280	1536	1977	1262	1415
2559	1280	1536	2159	1265	1409
2815	1280	1536	2339	1266	1403
3071	1280	1536	2519	1268	1397
3327	1280	1536	2693	1267	1398
3583	1280	1536	2855	1269	1392
3839	1280	1536	3020	1272	1387
4095	1280	1536	3188	1276	1385
0	1536	1536	385	1431	1391
256	1536	1536	567	1450	1411
512	1536	1536	759	1465	1424
768	1536	1536	953	1482	1431
1024	1536	1536	1137	1495	1444
1280	1536	1536	1326	1506	1452
1536	1536	1536	1526	1518	1450
1792	1536	1536	1700	1516	1437
2048	1536	1536	1869	1516	1434
2303	1536	1536	2038	1518	1427
2559	1536	1536	2217	1519	1429
2815	1536	1536	2399	1519	1424
3071	1536	1536	2576	1517	1416
3327	1536	1536	2747	1515	1411
3583	1536	1536	2913	1518	1415
3839	1536	1536	3080	1520	1411
4095	1536	1536	3245	1523	1409
0	1792	1536	436	1669	1406
256	1792	1536	621	1685	1425
512	1792	1536	812	1699	1436
768	1792	1536	1003	1714	1448
1024	1792	1536	1184	1726	1454
1280	1792	1536	1379	1737	1463
1536	1792	1536	1573	1745	1466
1792	1792	1536	1750	1751	1471
2048	1792	1536	1921	1751	1454
2303	1792	1536	2094	1751	1446
2559	1792	1536	2273	1752	1441
2815	1792	1536	2458	1753	1443
3071	1792	1536	2631	1752	1433
3327	1792	1536	2801	1751	1429
3583	1792	1536	2970	1752	1425
3839	1792	1536	3138	1756	1428
4095	1792	1536	3300	1760	1428
0	2048	1536	489	1893	1429
256	2048	1536	677	1910	1435
512	2048	1536	866	1924	1445
768	2048	1536	1054	1937	1456
1024	2048	1536	1235	1950	1462
1280	2048	1536	1432	1957	1471
1536	2048	1536	1619	1963	1474
1792	2048	1536	1799	1969	1476
2048	2048	1536	1971	1978	1481
2303	2048	1536	2151	1979	1478
2559	2048	1536	2331	1977	1459
2815	2048	1536	2509	1975	1449
3071	2048	1536	2680	1978	1453
3327	2048	1536	2848	1977	1442
3583	2048	1536	3016	1977	1441
3839	2048	1536	3184	1982	1440
4095	2048	1536	3345	1990	1445
0	2303	1536	542	2134	1442
256	2303	1536	729	2151	1452
512	2303	1536	919	2166	1458
768	2303	1536	1100	2182	1469
1024	2303	1536	1284	2197	1478
1280	2303	1536	1481	2209	1483
1536	2303	1536	1662	2216	1486
1792	2303	1536	1840	2223	1489
2048	2303	1536	2016	2230	1491
2303	2303	1536	2204	2237	1496
2559	2303	1536	2383	2231	1492
2815	2303	1536	2560	2226	1463
3071	2303	1536	2733	2224	1457
3327	2303	1536	2893	2226	1461
3583	2303	1536	3062	2227	1459
3839	2303	1536	3233	2230	1460
4095	2303	1536	3396	2234	1465
0	2559	1536	594	2368	1454
256	2559	1536	780	2384	1464
512	2559	1536	967	2397	1470
768	2559	1536	1144	2411	1481
1024	2559	1536	1333	2424	1488
1280	2559	1536	1527	2435	1493
1536	2559	1536	1709	2444	1497
1792	2559	1536	1880	2448	1500
2048	2559	1536	2059	2452	1504
2303	2559	1536	2244	2459	1503
2559	2559	1536	2432	2458	1507
2815	2559	1536	2609	2457	1497
3071	2559	1536	2777	2457	1468
3327	2559	1536	2938	2458	1468
3583	2559	1536	3112	2461	1467
3839	2559	1536	3286	2468	1471
4095	2559	1536	3453	2477	1476
0	2815	1536	647	2601	1464
256	2815	1536	830	2614	1473
512	2815	1536	1014	2624	1484
768	2815	1536	1190	2637	1489
1024	2815	1536	1384	2650	1499
1280	2815	1536	1574	2661	1504
1536	2815	1536	1755	2669	1503
1792	2815	1536	1925	2676	1508
2048	2815	1536	2106	2680	1498
2303	2815	1536	2292	2681	1499
2559	2815	1536	2481	2679	1496
2815	2815	1536	2652	2677	1495
3071	2815	1536	2820	2678	1490
3327	2815	1536	2990	2680	1486
3583	2815	1536	3163	2683	1484
3839	2815	1536	3334	2694	1486
4095	2815	1536	3492	2703	1490
0	3071	1536	699	2830	1476
256	3071	1536	882	2839	1484
512	3071	1536	1061	2849	1491
768	3071	1536	1240	2862	1489
1024	3071	1536	1438	2883	1500
1280	3071	1536	1622	2893	1500
1536	3071	1536	1801	2902	1501
1792	3071	1536	1975	2911	1503
2048	3071	1536	2152	2915	1506
2303	3071	1536	2339	2919	1504
2559	3071	1536	2522	2919	1501
2815	3071	1536	2694	2916	1499
3071	3071	1536	2869	2918	1500
3327	3071	1536	3044	2924	1500
3583	3071	1536	3216	2932	1501
3839	3071	1536	3382	2940	1505
4095	3071	1536	3537	2949	1508
0	3327	1536	752	3061	1484
256	3327	1536	938	3074	1488
512	3327	1536	1112	3087	1498
768	3327	1536	1299	3102	1507
1024	3327	1536	1493	3118	1516
1280	3327	1536	1676	3128	1514
1536	3327	1536	1852	3136	1516
1792	3327	1536	2028	3141	1517
2048	3327	1536	2207	3142	1518
2303	3327	1536	2399	3146	1520
2559	3327	1536	2578	3144	1516
2815	3327	1536	2752	3142	1512
3071	3327	1536	2925	3145	1515
3327	3327	1536	3096	3154	1518
3583	3327	1536	3268	3162	1520
3839	3327	1536	3436	3172	1523
4095	3327	1536	3596	3185	1532
0	3583	1536	808	3288	1501
256	3583	1536	994	3301	1508
512	3583	1536	1169	3315	1514
768	3583	1536	1359	3326	1521
1024	3583	1536	1548	3336	1527
1280	3583	1536	1731	3346	1529
1536	3583	1536	1903	3351	1530
1792	3583	1536	2081	3353	1532
2048	3583	1536	2266	3353	1533
2303	3583	1536	2458	3355	1529
2559	3583	1536	2633	3356	1530
2815	3583	1536	2806	3356	1529
3071	3583	1536	2979	3359	1530
3327	3583	1536	3157	3367	1535
3583	3583	1536	3332	3381	1539
3839	3583	1536	3498	3391	1544
4095	3583	1536	3655	3398	1549
0	3839	1536	865	3501	1521
256	3839	1536	1048	3516	1527
512	3839	1536	1226	3530	1533
768	3839	1536	1419	3542	1540
1024	3839	1536	1605	3554	1544
1280	3839	1536	1783	3560	1545
1536	3839	1536	1956	3561	1546
1792	3839	1536	2138	3564	1550
2048	3839	1536	2327	3566	1550
2303	3839	1536	2513	3566	1546
2559	3839	1536	2685	3565	1546
2815	3839	1536	2857	3566	1547
3071	3839	1536	3037	3573	1549
3327	3839	1536	3219	3583	1553
3583	3839	1536	3389	3595	1560
3839	3839	1536	3553	3606	1565
4095	3839	1536	3712	3617	1570
0	4095	1536	926	3716	1542
256	4095	1536	1104	3729	1546
512	4095	1536	1288	3743	1552
768	4095	1536	1481	3757	1558
1024	4095	1536	1662	3763	1562
1280	4095	1536	1839	3765	1565
1536	4095	1536	2017	3769	1567
1792	4095	1536	2197	3776	1568
2048	4095	1536	2387	3771	1568
2303	4095	1536	2568	3768	1564
2559	4095	1536	2744	3767	1561
2815	4095	1536	2913	3769	1564
3071	4095	1536	3096	3782	1568
3327	4095	1536	3274	3793	1573
3583	4095	1536	3442	3803	1579
3839	4095	1536	3604	3820	1585
4095	4095	1536	3770	3834	1589
0	0	1792	73	8	1562
256	0	1792	253	16	1561
512	0	1792	431	25	1566
768	0	1792	613	33	1541
1024	0	1792	797	41	1540
1280	0	1792	983	49	1536
1536	0	1792	1161	57	1534
1792	0	1792	1345	65	1536
2048	0	1792	1535	73	1536
2303	0	1792	1713	80	1531
2559	0	1792	1881	88	1528
2815	0	1792	2059	96	1527
3071	0	1792	2248	103	1526
3327	0	1792	2425	110	1522
3583	0	1792	2604	116	1519
3839	0	1792	2773	123	1517
4095	0	1792	2933	131	1515
0	256	1792	127	241	1570
256	256	1792	303	248	1556
512	256	1792	477	257	1577
768	256	1792	662	264	1575
1024	256	1792	844	272	1572
1280	256	1792	1025	280	1571
1536	256	1792	1200	288	1570
1792	256	1792	1392	296	1571
2048	256	1792	1575	302	1566
2303	256	1792	1747	309	1560
2559	256	1792	1911	315	1557
2815	256	1792	2093	321	1553
3071	256	1792	2274	327	1547
3327	256	1792	2452	332	1540
3583	256	1792	2626	337	1538
3839	256	1792	2794	343	1531
4095	256	1792	2958	349	1526
0	512	1792	181	474	1575
256	512	1792	359	484	1579
512	512	1792	542	496	1592
768	512	1792	727	503	1604
1024	512	1792	915	510	1601
1280	512	1792	1094	517	1599
1536	512	1792	1272	526	1599
1792	512	1792	1468	533	1601
2048	512	1792	1645	538	1593
2303	512	1792	1817	543	1586
2559	512	1792	1986	549	1581
2815	512	1792	2168	554	1579
3071	512	1792	2347	559	1572
3327	512	1792	2525	563	1565
3583	512	1792	2707	569	1564
3839	512	1792	2866	573	1556
4095	512	1792	3031	579	1552
0	768	1792	234	710	1589
256	768	1792	415	726	1597
512	768	1792	601	739	1614
768	768	1792	792	751	1619
1024	768	1792	981	758	1628
1280	768	1792	1158	767	1627
1536	768	1792	1343	774	1626
1792	768	1792	1537	779	1621
2048	768	1792	1710	784	1616
2303	768	1792	1879	790	1610
2559	768	1792	2054	795	1605
2815	768	1792	2236	799	1598
3071	768	1792	2414	803	1596
3327	768	1792	2594	806	1589
3583	768	1792	2768	809	1581
3839	768	1792	2927	812	1580
4095	768	1792	3096	818	1576
0	1024	1792	288	957	1598
256	1024	1792	469	975	1613
512	1024	1792	659	989	1628
768	1024	1792	851	1004	1641
1024	1024	1792	1043	1017	1645
1280	1024	1792	1220	1023	1651
1536	1024	1792	1413	1028	1651
1792	1024	1792	1599	1031	1644
2048	1024	1792	1772	1033	1636
2303	1024	1792	1942	1037	1634
2559	1024	1792	2121	1040	1628
2815	1024	1792	2303	1043	1621
3071	1024	1792	2484	1043	1618
3327	1024	1792	2659	1044	1611
3583	1024	1792	2825	1046	1603
3839	1024	1792	2988	1048	1598
4095	1024	1792	3160	1054	1599
0	1280	1792	341	1191	1613
256	1280	1792	522	1208	1633
512	1280	1792	715	1224	1642
768	1280	1792	908	1237	1654
1024	1280	1792	1096	1249	1666
1280	1280	1792	1283	1261	1669
1536	1280	1792	1480	1264	1673
1792	1280	1792	1660	1268	1666
2048	1280	1792	1834	1271	1657
2303	1280	1792	2004	1275	1650
2559	1280	1792	2187	1278	1649
2815	1280	1792	2368	1278	1641
3071	1280	1792	2547	1278	1632
3327	1280	1792	2721	1279	1631
3583	1280	1792	2883	1281	1624
3839	1280	1792	3051	1285	1620
4095	1280	1792	3222	1290	1618
0	1536	1792	397	1441	1631
256	1536	1792	581	1459	1649
512	1536	1792	773	1474	1662
768	1536	1792	968	1489	1668
1024	1536	1792	1153	1502	1680
1280	1536	1792	1344	1516	1689
1536	1536	1792	1545	1528	1691
1792	1536	1792	1723	1529	1683
2048	1536	1792	1894	1531	1678
2303	1536	1792	2067	1533	1671
2559	1536	1792	2247	1536	1670
2815	1536	1792	2430	1533	1661
3071	1536	1792	2607	1532	1651
3327	1536	1792	2779	1533	1643
3583	1536	1792	2948	1533	1644
3839	1536	1792	3114	1536	1640
4095	1536	1792	3281	1540	1639
0	1792	1792	451	1682	1646
256	1792	1792	638	1697	1661
512	1792	1792	829	1711	1674
768	1792	1792	1020	1724	1683
1024	1792	1792	1203	1739	1690
1280	1792	1792	1400	1751	1700
1536	1792	1792	1597	1762	1705
1792	1792	1792	1779	1771	1703
2048	1792	1792	1954	1773	1696
2303	1792	1792	2129	1773	1688
2559	1792	1792	2308	1772	1681
2815	1792	1792	2493	1772	1681
3071	1792	1792	2665	1771	1669
3327	1792	1792	2835	1770	1659
3583	1792	1792	3003	1770	1655
3839	1792	1792	3172	1774	1658
4095	1792	1792	3341	1780	1657
0	2048	1792	505	1908	1666
256	2048	1792	694	1925	1673
512	2048	1792	883	1938	1683
768	2048	1792	1072	1952	1692
1024	2048	1792	1255	1965	1702
1280	2048	1792	1455	1975	1707
1536	2048	1792	1647	1984	1714
1792	2048	1792	1830	1993	1719
2048	2048	1792	2006	2003	1722
2303	2048	1792	2185	2001	1717
2559	2048	1792	2363	1997	1693
2815	2048	1792	2542	1996	1682
3071	2048	1792	2714	1998	1682
3327	2048	1792	2883	1997	1674
3583	2048	1792	3053	2000	1670
3839	2048	1792	3225	2005	1669
4095	2048	1792	3391	2014	1673
0	2303	1792	557	2153	1675
256	2303	1792	745	2172	1686
512	2303	1792	935	2188	1692
768	2303	1792	1118	2203	1701
1024	2303	1792	1304	2215	1708
1280	2303	1792	1504	2227	1713
1536	2303	1792	1690	2237	1720
1792	2303	1792	1869	2246	1726
2048	2303	1792	2049	2253	1727
2303	2303	1792	2230	2254	1729
2559	2303	1792	2416	2252	1721
2815	2303	1792	2594	2249	1690
3071	2303	1792	2764	2246	1685
3327	2303	1792	2930	2249	1687
3583	2303	1792	3100	2252	1683
3839	2303	1792	3272	2255	1687
4095	2303	1792	3442	2259	1689
0	2559	1792	609	2392	1681
256	2559	1792	796	2407	1692
512	2559	1792	986	2421	1702
768	2559	1792	1166	2434	1706
1024	2559	1792	1358	2447	1715
1280	2559	1792	1554	2460	1721
1536	2559	1792	1742	2471	1727
1792	2559	1792	1913	2474	1730
2048	2559	1792	2093	2479	1733
2303	2559	1792	2278	2484	1726
2559	2559	1792	2469	2483	1728
2815	2559	1792	2641	2481	1723
3071	2559	1792	2810	2481	1692
3327	2559	1792	2979	2485	1696
3583	2559	1792	3157	2487	1700
3839	2559	1792	3327	2492	1697
4095	2559	1792	3489	2497	1702
0	2815	1792	663	2620	1689
256	2815	1792	848	2634	1699
512	2815	1792	1034	2647	1708
768	2815	1792	1212	2658	1713
1024	2815	1792	1407	2675	1720
1280	2815	1792	1600	2690	1728
1536	2815	1792	1787	2700	1737
1792	2815	1792	1956	2704	1740
2048	2815	1792	2138	2707	1739
2303	2815	1792	2326	2707	1736
2559	2815	1792	2515	2705	1728
2815	2815	1792	2690	2704	1731
3071	2815	1792	2858	2706	1724
3327	2815	1792	3030	2710	1706
3583	2815	1792	3210	2714	1711
3839	2815	1792	3379	2723	1715
4095	2815	1792	3537	2730	1716
0	3071	1792	714	2850	1699
256	3071	1792	902	2865	1704
512	3071	1792	1082	2879	1715
768	3071	1792	1264	2894	1722
1024	3071	1792	1462	2908	1727
1280	3071	1792	1651	2924	1733
1536	3071	1792	1832	2933	1742
1792	3071	1792	2005	2936	1738
2048	3071	1792	2186	2947	1742
2303	3071	1792	2374	2946	1742
2559	3071	1792	2558	2945	1738
2815	3071	1792	2733	2947	1734
3071	3071	1792	2902	2949	1738
3327	3071	1792	3080	2954	1721
3583	3071	1792	3259	2963	1725
3839	3071	1792	3428	2973	1728
4095	3071	1792	3579	2983	1731
0	3327	1792	769	3084	1710
256	3327	1792	957	3099	1714
512	3327	1792	1134	3115	1723
768	3327	1792	1324	3131	1730
1024	3327	1792	1518	3146	1738
1280	3327	1792	1705	3160	1742
1536	3327	1792	1882	3165	1749
1792	3327	1792	2058	3169	1747
2048	3327	1792	2237	3172	1745
2303	3327	1792	2432	3168	1739
2559	3327	1792	2612	3168	1736
2815	3327	1792	2788	3171	1733
3071	3327	1792	2964	3175	1735
3327	3327	1792	3141	3184	1739
3583	3327	1792	3311	3192	1743
3839	3327	1792	3474	3200	1745
4095	3327	1792	3629	3208	1753
0	3583	1792	827	3310	1725
256	3583	1792	1013	3321	1734
512	3583	1792	1190	3335	1737
768	3583	1792	1382	3352	1745
1024	3583	1792	1574	3366	1748
1280	3583	1792	1758	3376	1752
1536	3583	1792	1933	3381	1753
1792	3583	1792	2112	3382	1753
2048	3583	1792	2297	3380	1752
2303	3583	1792	2487	3377	1746
2559	3583	1792	2666	3382	1750
2815	3583	1792	2843	3385	1750
3071	3583	1792	3020	3389	1753
3327	3583	1792	3197	3398	1758
3583	3583	1792	3369	3408	1764
3839	3583	1792	3532	3415	1767
4095	3583	1792	3688	3422	1770
0	3839	1792	887	3528	1741
256	3839	1792	1069	3539	1749
512	3839	1792	1248	3551	1756
768	3839	1792	1443	3567	1762
1024	3839	1792	1630	3579	1766
1280	3839	1792	1810	3587	1768
1536	3839	1792	1986	3591	1769
1792	3839	1792	2169	3594	1770
2048	3839	1792	2357	3592	1770
2303	3839	1792	2542	3591	1768
2559	3839	1792	2722	3592	1765
2815	3839	1792	2895	3598	1769
3071	3839	1792	3072	3602	1772
3327	3839	1792	3251	3608	1775
3583	3839	1792	3426	3623	1783
3839	3839	1792	3584	3629	1787
4095	3839	1792	3745	3642	1790
0	4095	1792	947	3745	1760
256	4095	1792	1124	3755	1767
512	4095	1792	1310	3765	1771
768	4095	1792	1503	3776	1776
1024	4095	1792	1687	3788	1783
1280	4095	1792	1865	3792	1786
1536	4095	1792	2044	3797	1786
1792	4095	1792	2227	3804	1787
2048	4095	1792	2418	3799	1788
2303	4095	1792	2601	3798	1786
2559	4095	1792	2781	3799	1785
2815	4095	1792	2952	3801	1786
3071	4095	1792	3135	3811	1791
3327	4095	1792	3311	3822	1796
3583	4095	1792	3478	3834	1802
3839	4095	1792	3640	3851	1805
4095	4095	1792	3807	3861	1811
0	0	2048	85	9	1792
256	0	2048	267	17	1786
512	0	2048	446	26	1790
768	0	2048	629	34	1786
1024	0	2048	815	42	1787
1280	0	2048	1005	50	1792
1536	0	2048	1182	59	1793
1792	0	2048	1367	67	1794
2048	0	2048	1556	75	1793
2303	0	2048	1739	83	1798
2559	0	2048	1911	90	1802
2815	0	2048	2094	98	1808
3071	0	2048	2281	105	1806
3327	0	2048	2458	113	1731
3583	0	2048	2636	120	1725
3839	0	2048	2806	126	1720
4095	0	2048	2965	134	1716
0	256	2048	138	244	1905
256	256	2048	314	251	1771
512	256	2048	490	260	1771
768	256	2048	674	268	1774
1024	256	2048	859	275	1773
1280	256	2048	1041	283	1769
1536	256	2048	1216	291	1773
1792	256	2048	1411	299	1772
2048	256	2048	1597	306	1793
2303	256	2048	1776	313	1794
2559	256	2048	1943	320	1787
2815	256	2048	2122	326	1781
3071	256	2048	2303	333	1772
3327	256	2048	2480	338	1763
3583	256	2048	2656	344	1757
3839	256	2048	2821	348	1749
4095	256	2048	2987	355	1744
0	512	2048	192	478	1827
256	512	2048	372	488	1795
512	512	2048	556	501	1811
768	512	2048	743	508	1831
1024	512	2048	931	513	1825
1280	512	2048	1108	521	1820
1536	512	2048	1288	529	1819
1792	512	2048	1485	537	1821
2048	512	2048	1670	544	1821
2303	512	2048	1843	550	1817
2559	512	2048	2012	556	1811
2815	512	2048	2196	563	1804
3071	512	2048	2376	567	1795
3327	512	2048	2555	571	1787
3583	512	2048	2732	575	1779
3839	512	2048	2888	579	1774
4095	512	2048	3061	586	1771
0	768	2048	245	713	1797
256	768	2048	427	731	1818
512	768	2048	615	745	1836
768	768	2048	806	756	1838
1024	768	2048	992	763	1847
1280	768	2048	1171	771	1844
1536	768	2048	1357	778	1844
1792	768	2048	1551	785	1845
2048	768	2048	1738	792	1845
2303	768	2048	1905	798	1840
2559	768	2048	2079	804	1833
2815	768	2048	2262	810	1824
3071	768	2048	2444	811	1819
3327	768	2048	2623	814	1810
3583	768	2048	2793	817	1801
3839	768	2048	2952	819	1796
4095	768	2048	3126	827	1795
0	1024	2048	300	963	1818
256	1024	2048	480	982	1833
512	1024	2048	671	995	1847
768	1024	2048	863	1008	1859
1024	1024	2048	1054	1019	1863
1280	1024	2048	1234	1027	1868
1536	1024	2048	1426	1031	1870
1792	1024	2048	1614	1037	1869
2048	1024	2048	1798	1042	1866
2303	1024	2048	1966	1047	1862
2559	1024	2048	2146	1052	1856
2815	1024	2048	2330	1054	1847
3071	1024	2048	2512	1053	1835
3327	1024	2048	2688	1054	1832
3583	1024	2048	2852	1056	1822
3839	1024	2048	3017	1059	1816
4095	1024	2048	3193	1065	1818
0	1280	2048	353	1198	1834
256	1280	2048	535	1214	1852
512	1280	2048	728	1229	1860
768	1280	2048	922	1242	1871
1024	1280	2048	1111	1255	1881
1280	1280	2048	1298	1266	1886
1536	1280	2048	1494	1271	1890
1792	1280	2048	1680	1275	1891
2048	1280	2048	1857	1281	1887
2303	1280	2048	2030	1288	1879
2559	1280	2048	2215	1291	1877
2815	1280	2048	2396	1290	1865
3071	1280	2048	2574	1288	1854
3327	1280	2048	2748	1290	1851
3583	1280	2048	2912	1293	1842
3839	1280	2048	3084	1298	1839
4095	1280	2048	3258	1304	1838
0	1536	2048	409	1450	1850
256	1536	2048	594	1466	1867
512	1536	2048	785	1479	1879
768	1536	2048	979	1493	1886
1024	1536	2048	1164	1508	1896
1280	1536	2048	1357	1522	1904
1536	1536	2048	1561	1534	1907
1792	1536	2048	1742	1540	1911
2048	1536	2048	1916	1543	1908
2303	1536	2048	2093	1546	1901
2559	1536	2048	2276	1548	1889
2815	1536	2048	2460	1546	1885
3071	1536	2048	2636	1545	1874
3327	1536	2048	2808	1545	1866
3583	1536	2048	2974	1544	1862
3839	1536	2048	3147	1549	1861
4095	1536	2048	3318	1557	1861
0	1792	2048	465	1692	1868
256	1792	2048	655	1708	1882
512	1792	2048	846	1722	1893
768	1792	2048	1037	1734	1903
1024	1792	2048	1221	1747	1910
1280	1792	2048	1419	1761	1918
1536	1792	2048	1616	1774	1926
1792	1792	2048	1805	1787	1930
2048	1792	2048	1980	1789	1927
2303	1792	2048	2157	1790	1918
2559	1792	2048	2337	1789	1907
2815	1792	2048	2520	1785	1904
3071	1792	2048	2694	1784	1893
3327	1792	2048	2864	1784	1882
3583	1792	2048	3035	1786	1879
3839	1792	2048	3211	1791	1880
4095	1792	2048	3379	1798	1880
0	2048	2048	519	1924	1887
256	2048	2048	710	1938	1895
512	2048	2048	902	1952	1905
768	2048	2048	1089	1967	1915
1024	2048	2048	1275	1981	1925
1280	2048	2048	1477	1989	1929
1536	2048	2048	1671	2001	1938
1792	2048	2048	1856	2013	1946
2048	2048	2048	2035	2023	1945
2303	2048	2048	2216	2021	1936
2559	2048	2048	2396	2017	1919
2815	2048	2048	2575	2015	1907
3071	2048	2048	2748	2018	1905
3327	2048	2048	2918	2017	1897
3583	2048	2048	3092	2021	1892
3839	2048	2048	3268	2029	1891
4095	2048	2048	3434	2037	1896
0	2303	2048	573	2174	1896
256	2303	2048	761	2190	1906
512	2303	2048	954	2206	1913
768	2303	2048	1137	2219	1924
1024	2303	2048	1327	2232	1932
1280	2303	2048	1529	2244	1941
1536	2303	2048	1717	2256	1946
1792	2303	2048	1898	2267	1954
2048	2303	2048	2079	2275	1956
2303	2303	2048	2265	2279	1956
2559	2303	2048	2451	2274	1949
2815	2303	2048	2627	2270	1915
3071	2303	2048	2798	2268	1908
3327	2303	2048	2968	2272	1907
3583	2303	2048	3141	2276	1904
3839	2303	2048	3314	2280	1907
4095	2303	2048	3486	2283	1910
0	2559	2048	626	2412	1902
256	2559	2048	815	2427	1912
512	2559	2048	1006	2443	1924
768	2559	2048	1187	2456	1931
1024	2559	2048	1382	2469	1939
1280	2559	2048	1578	2480	1947
1536	2559	2048	1764	2487	1951
1792	2559	2048	1941	2495	1958
2048	2559	2048	2123	2502	1961
2303	2559	2048	2310	2505	1954
2559	2559	2048	2502	2506	1955
2815	2559	2048	2675	2504	1946
3071	2559	2048	2847	2506	1915
3327	2559	2048	3021	2511	1913
3583	2559	2048	3194	2513	1916
3839	2559	2048	3366	2517	1918
4095	2559	2048	3531	2523	1926
0	2815	2048	680	2641	1908
256	2815	2048	868	2656	1918
512	2815	2048	1054	2671	1930
768	2815	2048	1235	2684	1941
1024	2815	2048	1436	2700	1945
1280	2815	2048	1625	2709	1951
1536	2815	2048	1809	2716	1955
1792	2815	2048	1986	2730	1960
2048	2815	2048	2170	2731	1964
2303	2815	2048	2358	2729	1958
2559	2815	2048	2547	2728	1950
2815	2815	2048	2724	2728	1953
3071	2815	2048	2896	2733	1945
3327	2815	2048	3071	2736	1926
3583	2815	2048	3249	2739	1929
3839	2815	2048	3417	2746	1934
4095	2815	2048	3576	2754	1938
0	3071	2048	733	2877	1921
256	3071	2048	923	2892	1926
512	3071	2048	1104	2907	1935
768	3071	2048	1291	2921	1944
1024	3071	2048	1487	2931	1949
1280	3071	2048	1675	2944	1955
1536	3071	2048	1856	2955	1961
1792	3071	2048	2035	2963	1965
2048	3071	2048	2216	2970	1967
2303	3071	2048	2407	2970	1961
2559	3071	2048	2591	2971	1956
2815	3071	2048	2767	2974	1949
3071	3071	2048	2944	2980	1953
3327	3071	2048	3121	2985	1948
3583	3071	2048	3297	2991	1947
3839	3071	2048	3471	3003	1952
4095	3071	2048	3618	3010	1955
0	3327	2048	788	3115	1930
256	3327	2048	979	3130	1937
512	3327	2048	1159	3145	1942
768	3327	2048	1347	3155	1951
1024	3327	2048	1540	3164	1959
1280	3327	2048	1730	3181	1964
1536	3327	2048	1909	3189	1969
1792	3327	2048	2089	3195	1970
2048	3327	2048	2270	3198	1964
2303	3327	2048	2463	3197	1968
2559	3327	2048	2647	3201	1960
2815	3327	2048	2827	3205	1958
3071	3327	2048	3004	3208	1958
3327	3327	2048	3184	3219	1962
3583	3327	2048	3353	3229	1962
3839	3327	2048	3514	3235	1970
4095	3327	2048	3670	3237	1970
0	3583	2048	846	3338	1944
256	3583	2048	1033	3351	1951
512	3583	2048	1212	3362	1954
768	3583	2048	1407	3375	1963
1024	3583	2048	1598	3386	1972
1280	3583	2048	1780	3396	1977
1536	3583	2048	1961	3408	1981
1792	3583	2048	2143	3410	1979
2048	3583	2048	2330	3410	1974
2303	3583	2048	2521	3410	1971
2559	3583	2048	2704	3412	1975
2815	3583	2048	2882	3417	1975
3071	3583	2048	3059	3424	1974
3327	3583	2048	3237	3434	1982
3583	3583	2048	3403	3434	1983
3839	3583	2048	3566	3441	1984
4095	3583	2048	3728	3451	1987
0	3839	2048	905	3550	1959
256	3839	2048	1087	3563	1964
512	3839	2048	1271	3578	1973
768	3839	2048	1469	3597	1976
1024	3839	2048	1651	3602	1985
1280	3839	2048	1834	3610	1987
1536	3839	2048	2016	3622	1989
1792	3839	2048	2201	3625	1993
2048	3839	2048	2392	3625	1990
2303	3839	2048	2579	3624	1991
2559	3839	2048	2761	3624	1987
2815	3839	2048	2932	3631	1991
3071	3839	2048	3112	3635	1993
3327	3839	2048	3292	3641	1996
3583	3839	2048	3463	3651	2000
3839	3839	2048	3621	3658	2005
4095	3839	2048	3782	3670	2009
0	4095	2048	966	3768	1975
256	4095	2048	1145	3781	1983
512	4095	2048	1334	3795	1989
768	4095	2048	1527	3808	1994
1024	4095	2048	1709	3817	1998
1280	4095	2048	1892	3824	2004
1536	4095	2048	2075	3829	2007
1792	4095	2048	2261	3834	2006
2048	4095	2048	2452	3834	2008
2303	4095	2048	2636	3833	2008
2559	4095	2048	2817	3834	2007
2815	4095	2048	2992	3836	2010
3071	4095	2048	3177	3846	2012
3327	4095	2048	3348	3855	2015
3583	4095	2048	3512	3865	2019
3839	4095	2048	3675	3878	2024
4095	4095	2048	3837	3888	2030
0	0	2303	96	10	2013
256	0	2303	280	18	2002
512	0	2303	460	27	2005
768	0	2303	645	35	1999
1024	0	2303	832	44	1997
1280	0	2303	1020	51	1999
1536	0	2303	1197	60	2003
1792	0	2303	1386	68	2005
2048	0	2303	1577	76	2008
2303	0	2303	1761	85	2013
2559	0	2303	1938	92	2018
2815	0	2303	2118	100	2021
3071	0	2303	2303	108	2019
3327	0	2303	2490	115	2024
3583	0	2303	2666	123	2018
3839	0	2303	2835	131	2014
4095	0	2303	2998	137	2019
0	256	2303	149	246	2123
256	256	2303	326	253	1984
512	256	2303	502	262	1985
768	256	2303	687	270	1987
1024	256	2303	872	277	1984
1280	256	2303	1054	285	1981
1536	256	2303	1229	293	1984
1792	256	2303	1426	301	1983
2048	256	2303	1613	309	1984
2303	256	2303	1792	317	1984
2559	256	2303	1965	324	1988
2815	256	2303	2146	332	1982
3071	256	2303	2330	338	1974
3327	256	2303	2514	343	1960
3583	256	2303	2684	349	1964
3839	256	2303	2851	354	1949
4095	256	2303	3020	360	1943
0	512	2303	203	480	2044
256	512	2303	383	491	2008
512	512	2303	568	503	2023
768	512	2303	755	510	2019
1024	512	2303	943	515	2023
1280	512	2303	1122	523	2020
1536	512	2303	1303	531	2015
1792	512	2303	1500	539	2018
2048	512	2303	1688	547	2023
2303	512	2303	1865	555	2025
2559	512	2303	2041	563	2019
2815	512	2303	2223	568	2023
3071	512	2303	2404	573	2009
3327	512	2303	2582	577	2007
3583	512	2303	2754	582	1999
3839	512	2303	2920	588	1994
4095	512	2303	3092	594	1989
0	768	2303	257	717	2015
256	768	2303	438	735	2020
512	768	2303	626	747	2047
768	768	2303	817	757	2049
1024	768	2303	1005	765	2053
1280	768	2303	1185	774	2049
1536	768	2303	1374	781	2050
1792	768	2303	1569	788	2049
2048	768	2303	1756	798	2053
2303	768	2303	1929	805	2063
2559	768	2303	2104	811	2057
2815	768	2303	2287	814	2049
3071	768	2303	2472	819	2038
3327	768	2303	2645	822	2027
3583	768	2303	2816	825	2018
3839	768	2303	2984	830	2012
4095	768	2303	3160	838	2014
0	1024	2303	311	967	2027
256	1024	2303	492	984	2053
512	1024	2303	682	998	2057
768	1024	2303	875	1011	2068
1024	1024	2303	1066	1022	2077
1280	1024	2303	1246	1031	2087
1536	1024	2303	1442	1036	2085
1792	1024	2303	1634	1043	2084
2048	1024	2303	1819	1050	2085
2303	1024	2303	1992	1058	2088
2559	1024	2303	2172	1060	2081
2815	1024	2303	2356	1061	2071
3071	1024	2303	2538	1063	2059
3327	1024	2303	2708	1064	2051
3583	1024	2303	2879	1065	2040
3839	1024	2303	3053	1070	2034
4095	1024	2303	3232	1079	2036
0	1280	2303	365	1202	2043
256	1280	2303	548	1219	2061
512	1280	2303	740	1234	2075
768	1280	2303	937	1247	2085
1024	1280	2303	1125	1260	2096
1280	1280	2303	1313	1271	2103
1536	1280	2303	1510	1275	2104
1792	1280	2303	1698	1282	2107
2048	1280	2303	1879	1290	2109
2303	1280	2303	2057	1299	2106
2559	1280	2303	2241	1299	2102
2815	1280	2303	2421	1300	2089
3071	1280	2303	2599	1301	2077
3327	1280	2303	2773	1300	2066
3583	1280	2303	2942	1303	2062
3839	1280	2303	3118	1310	2060
4095	1280	2303	3293	1317	2058
0	1536	2303	421	1455	2061
256	1536	2303	608	1473	2079
512	1536	2303	800	1485	2093
768	1536	2303	993	1500	2099
1024	1536	2303	1179	1514	2109
1280	1536	2303	1373	1528	2118
1536	1536	2303	1576	1541	2122
1792	1536	2303	1759	1545	2129
2048	1536	2303	1938	1550	2128
2303	1536	2303	2117	1555	2124
2559	1536	2303	2301	1558	2116
2815	1536	2303	2484	1556	2104
3071	1536	2303	2661	1554	2094
3327	1536	2303	2833	1555	2086
3583	1536	2303	3001	1556	2082
3839	1536	2303	3179	1563	2082
4095	1536	2303	3351	1570	2081
0	1792	2303	477	1703	2085
256	1792	2303	669	1716	2098
512	1792	2303	861	1730	2109
768	1792	2303	1052	1744	2118
1024	1792	2303	1236	1755	2124
1280	1792	2303	1435	1768	2134
1536	1792	2303	1632	1782	2141
1792	1792	2303	1822	1795	2146
2048	1792	2303	1997	1798	2147
2303	1792	2303	2179	1800	2144
2559	1792	2303	2362	1799	2133
2815	1792	2303	2543	1795	2121
3071	1792	2303	2718	1795	2114
3327	1792	2303	2892	1797	2105
3583	1792	2303	3068	1801	2102
3839	1792	2303	3245	1807	2102
4095	1792	2303	3412	1813	2101
0	2048	2303	534	1938	2104
256	2048	2303	725	1951	2112
512	2048	2303	919	1965	2122
768	2048	2303	1107	1979	2133
1024	2048	2303	1294	1992	2143
1280	2048	2303	1497	2000	2149
1536	2048	2303	1690	2013	2157
1792	2048	2303	1874	2025	2162
2048	2048	2303	2055	2032	2164
2303	2048	2303	2240	2036	2156
2559	2048	2303	2424	2034	2145
2815	2048	2303	2605	2030	2132
3071	2048	2303	2778	2032	2128
3327	2048	2303	2952	2033	2121
3583	2048	2303	3126	2038	2118
3839	2048	2303	3301	2045	2116
4095	2048	2303	3473	2056	2120
0	2303	2303	590	2190	2118
256	2303	2303	780	2204	2128
512	2303	2303	972	2220	2135
768	2303	2303	1158	2233	2144
1024	2303	2303	1349	2246	2153
1280	2303	2303	1551	2261	2162
1536	2303	2303	1742	2270	2167
1792	2303	2303	1922	2282	2173
2048	2303	2303	2103	2292	2178
2303	2303	2303	2293	2296	2173
2559	2303	2303	2478	2291	2170
2815	2303	2303	2658	2289	2141
3071	2303	2303	2833	2290	2133
3327	2303	2303	3006	2291	2133
3583	2303	2303	3181	2295	2131
3839	2303	2303	3353	2301	2131
4095	2303	2303	3522	2306	2132
0	2559	2303	645	2429	2125
256	2559	2303	834	2445	2136
512	2559	2303	1025	2460	2145
768	2559	2303	1207	2473	2152
1024	2559	2303	1403	2485	2159
1280	2559	2303	1598	2494	2167
1536	2559	2303	1785	2500	2170
1792	2559	2303	1965	2512	2179
2048	2559	2303	2149	2519	2182
2303	2559	2303	2337	2523	2178
2559	2559	2303	2530	2523	2179
2815	2559	2303	2707	2525	2167
3071	2559	2303	2882	2527	2142
3327	2559	2303	3058	2530	2141
3583	2559	2303	3232	2537	2144
3839	2559	2303	3401	2540	2143
4095	2559	2303	3564	2543	2145
0	2815	2303	697	2659	2130
256	2815	2303	887	2675	2140
512	2815	2303	1074	2690	2148
768	2815	2303	1255	2701	2158
1024	2815	2303	1457	2714	2164
1280	2815	2303	1645	2723	2169
1536	2815	2303	1828	2732	2173
1792	2815	2303	2011	2744	2178
2048	2815	2303	2195	2748	2183
2303	2815	2303	2385	2750	2181
2559	2815	2303	2575	2750	2174
2815	2815	2303	2755	2749	2176
3071	2815	2303	2932	2752	2168
3327	2815	2303	3108	2757	2154
3583	2815	2303	3282	2764	2154
3839	2815	2303	3448	2763	2156
4095	2815	2303	3606	2770	2155
0	3071	2303	749	2893	2137
256	3071	2303	942	2910	2145
512	3071	2303	1124	2925	2152
768	3071	2303	1310	2938	2162
1024	3071	2303	1508	2951	2169
1280	3071	2303	1696	2960	2174
1536	3071	2303	1877	2969	2179
1792	3071	2303	2059	2977	2183
2048	3071	2303	2244	2986	2186
2303	3071	2303	2439	2990	2184
2559	3071	2303	2624	2993	2180
2815	3071	2303	2802	2996	2174
3071	3071	2303	2979	3004	2178
3327	3071	2303	3155	3006	2177
3583	3071	2303	3328	3011	2166
3839	3071	2303	3495	3017	2165
4095	3071	2303	3653	3027	2169
0	3327	2303	806	3133	2149
256	3327	2303	997	3149	2157
512	3327	2303	1177	3162	2161
768	3327	2303	1366	3173	2168
1024	3327	2303	1560	3184	2177
1280	3327	2303	1750	3195	2182
1536	3327	2303	1929	3202	2187
1792	3327	2303	2111	3209	2191
2048	3327	2303	2300	3218	2190
2303	3327	2303	2495	3225	2193
2559	3327	2303	2677	3228	2190
2815	3327	2303	2856	3229	2188
3071	3327	2303	3035	3232	2187
3327	3327	2303	3220	3244	2191
3583	3327	2303	3387	3249	2190
3839	3327	2303	3546	3254	2186
4095	3327	2303	3699	3263	2188
0	3583	2303	865	3358	2164
256	3583	2303	1051	3369	2170
512	3583	2303	1231	3379	2179
768	3583	2303	1427	3391	2183
1024	3583	2303	1616	3401	2191
1280	3583	2303	1801	3410	2197
1536	3583	2303	1983	3420	2201
1792	3583	2303	2166	3429	2204
2048	3583	2303	2357	3434	2203
2303	3583	2303	2548	3436	2202
2559	3583	2303	2729	3432	2204
2815	3583	2303	2908	3434	2203
3071	3583	2303	3089	3442	2203
3327	3583	2303	3272	3453	2205
3583	3583	2303	3432	3459	2208
3839	3583	2303	3592	3462	2202
4095	3583	2303	3753	3467	2207
0	3839	2303	924	3571	2179
256	3839	2303	1106	3584	2187
512	3839	2303	1291	3594	2195
768	3839	2303	1488	3607	2199
1024	3839	2303	1672	3617	2205
1280	3839	2303	1855	3630	2212
1536	3839	2303	2040	3644	2215
1792	3839	2303	2226	3648	2218
2048	3839	2303	2418	3647	2218
2303	3839	2303	2605	3646	2216
2559	3839	2303	2786	3644	2211
2815	3839	2303	2968	3652	2215
3071	3839	2303	3146	3660	2213
3327	3839	2303	3319	3665	2215
3583	3839	2303	3485	3665	2216
3839	3839	2303	3647	3683	2220
4095	3839	2303	3808	3688	2224
0	4095	2303	983	3789	2196
256	4095	2303	1162	3799	2203
512	4095	2303	1351	3810	2212
768	4095	2303	1545	3822	2219
1024	4095	2303	1730	3830	2223
1280	4095	2303	1911	3844	2230
1536	4095	2303	2097	3852	2232
1792	4095	2303	2287	3853	2231
2048	4095	2303	2481	3854	2234
2303	4095	2303	2666	3855	2231
2559	4095	2303	2845	3855	2227
2815	4095	2303	3022	3856	2226
3071	4095	2303	3202	3862	2230
3327	4095	2303	3374	3871	2234
3583	4095	2303	3543	3881	2236
3839	4095	2303	3702	3891	2245
4095	4095	2303	3865	3905	2246
0	0	2559	108	12	2236
256	0	2559	293	19	2217
512	0	2559	474	28	2220
768	0	2559	660	37	2215
1024	0	2559	849	45	2211
1280	0	2559	1038	53	2210
1536	0	2559	1213	61	2214
1792	0	2559	1405	69	2217
2048	0	2559	1598	78	2223
2303	0	2559	1781	86	2227
2559	0	2559	1961	94	2231
2815	0	2559	2144	102	2233
3071	0	2559	2330	110	2231
3327	0	2559	2514	117	2231
3583	0	2559	2690	124	2227
3839	0	2559	2859	133	2225
4095	0	2559	3030	140	2229
0	256	2559	160	249	2210
256	256	2559	336	255	2204
512	256	2559	514	264	2205
768	256	2559	700	272	2206
1024	256	2559	885	280	2201
1280	256	2559	1068	287	2199
1536	256	2559	1244	295	2200
1792	256	2559	1445	303	2203
2048	256	2559	1632	311	2203
2303	256	2559	1810	320	2203
2559	256	2559	1987	328	2205
2815	256	2559	2174	335	2205
3071	256	2559	2357	341	2196
3327	256	2559	2536	347	2182
3583	256	2559	2709	353	2184
3839	256	2559	2879	359	2172
4095	256	2559	3054	366	2169
0	512	2559	214	482	2260
256	512	2559	396	494	2227
512	512	2559	581	505	2239
768	512	2559	769	512	2237
1024	512	2559	956	519	2239
1280	512	2559	1136	527	2235
1536	512	2559	1322	535	2236
1792	512	2559	1522	542	2240
2048	512	2559	1707	550	2243
2303	512	2559	1882	559	2240
2559	512	2559	2058	567	2237
2815	512	2559	2249	573	2240
3071	512	2559	2430	578	2233
3327	512	2559	2607	583	2220
3583	512	2559	2782	588	2205
3839	512	2559	2953	594	2208
4095	512	2559	3129	601	2203
0	768	2559	268	722	2233
256	768	2559	450	738	2241
512	768	2559	638	750	2264
768	768	2559	830	761	2263
1024	768	2559	1019	769	2260
1280	768	2559	1198	777	2263
1536	768	2559	1391	785	2265
1792	768	2559	1587	793	2267
2048	768	2559	1771	802	2270
2303	768	2559	1944	811	2266
2559	768	2559	2125	817	2264
2815	768	2559	2314	822	2257
3071	768	2559	2498	825	2260
3327	768	2559	2673	829	2246
3583	768	2559	2848	833	2232
3839	768	2559	3021	838	2229
4095	768	2559	3196	845	2233
0	1024	2559	324	974	2242
256	1024	2559	505	991	2269
512	1024	2559	697	1004	2274
768	1024	2559	893	1018	2286
1024	1024	2559	1083	1029	2290
1280	1024	2559	1261	1035	2294
1536	1024	2559	1462	1040	2292
1792	1024	2559	1652	1048	2293
2048	1024	2559	1834	1056	2290
2303	1024	2559	2007	1060	2292
2559	1024	2559	2194	1065	2292
2815	1024	2559	2380	1068	2279
3071	1024	2559	2564	1070	2264
3327	1024	2559	2740	1072	2267
3583	1024	2559	2911	1074	2266
3839	1024	2559	3085	1079	2261
4095	1024	2559	3258	1084	2262
0	1280	2559	377	1208	2256
256	1280	2559	563	1227	2283
512	1280	2559	755	1240	2295
768	1280	2559	950	1251	2300
1024	1280	2559	1138	1263	2316
1280	1280	2559	1328	1274	2315
1536	1280	2559	1527	1281	2319
1792	1280	2559	1716	1288	2320
2048	1280	2559	1895	1295	2316
2303	1280	2559	2071	1301	2323
2559	1280	2559	2257	1304	2320
2815	1280	2559	2443	1306	2310
3071	1280	2559	2624	1307	2301
3327	1280	2559	2799	1310	2294
3583	1280	2559	2971	1314	2286
3839	1280	2559	3145	1320	2284
4095	1280	2559	3318	1326	2285
0	1536	2559	434	1461	2271
256	1536	2559	622	1477	2293
512	1536	2559	815	1492	2307
768	1536	2559	1011	1506	2310
1024	1536	2559	1195	1521	2328
1280	1536	2559	1390	1534	2335
1536	1536	2559	1591	1545	2340
1792	1536	2559	1775	1547	2342
2048	1536	2559	1953	1555	2344
2303	1536	2559	2136	1563	2344
2559	1536	2559	2324	1566	2338
2815	1536	2559	2506	1563	2330
3071	1536	2559	2684	1563	2323
3327	1536	2559	2859	1565	2314
3583	1536	2559	3033	1570	2305
3839	1536	2559	3208	1576	2307
4095	1536	2559	3381	1582	2308
0	1792	2559	489	1707	2303
256	1792	2559	682	1722	2315
512	1792	2559	876	1739	2327
768	1792	2559	1068	1755	2338
1024	1792	2559	1253	1765	2348
1280	1792	2559	1455	1776	2355
1536	1792	2559	1647	1787	2359
1792	1792	2559	1830	1797	2361
2048	1792	2559	2011	1802	2367
2303	1792	2559	2197	1804	2366
2559	1792	2559	2384	1806	2360
2815	1792	2559	2569	1807	2350
3071	1792	2559	2743	1809	2342
3327	1792	2559	2920	1811	2333
3583	1792	2559	3097	1813	2330
3839	1792	2559	3273	1818	2330
4095	1792	2559	3443	1826	2332
0	2048	2559	547	1947	2321
256	2048	2559	738	1961	2332
512	2048	2559	933	1974	2343
768	2048	2559	1121	1986	2354
1024	2048	2559	1309	1999	2363
1280	2048	2559	1513	2009	2370
1536	2048	2559	1704	2019	2377
1792	2048	2559	1888	2028	2382
2048	2048	2559	2069	2035	2386
2303	2048	2559	2256	2043	2380
2559	2048	2559	2446	2044	2373
2815	2048	2559	2629	2044	2364
3071	2048	2559	2805	2044	2355
3327	2048	2559	2982	2046	2352
3583	2048	2559	3155	2050	2350
3839	2048	2559	3329	2057	2350
4095	2048	2559	3502	2069	2352
0	2303	2559	605	2202	2341
256	2303	2559	796	2217	2353
512	2303	2559	989	2231	2362
768	2303	2559	1174	2245	2370
1024	2303	2559	1367	2258	2378
1280	2303	2559	1568	2271	2384
1536	2303	2559	1760	2278	2390
1792	2303	2559	1940	2290	2397
2048	2303	2559	2122	2300	2401
2303	2303	2559	2312	2304	2399
2559	2303	2559	2503	2303	2389
2815	2303	2559	2684	2304	2375
3071	2303	2559	2863	2305	2367
3327	2303	2559	3041	2305	2367
3583	2303	2559	3214	2309	2366
3839	2303	2559	3385	2315	2366
4095	2303	2559	3552	2322	2365
0	2559	2559	660	2444	2353
256	2559	2559	852	2459	2363
512	2559	2559	1043	2473	2372
768	2559	2559	1224	2483	2378
1024	2559	2559	1421	2495	2384
1280	2559	2559	1616	2506	2391
1536	2559	2559	1806	2515	2397
1792	2559	2559	1986	2525	2404
2048	2559	2559	2171	2533	2408
2303	2559	2559	2362	2538	2407
2559	2559	2559	2557	2542	2403
2815	2559	2559	2737	2544	2400
3071	2559	2559	2916	2545	2379
3327	2559	2559	3092	2547	2378
3583	2559	2559	3267	2554	2381
3839	2559	2559	3434	2557	2379
4095	2559	2559	3594	2561	2378
0	2815	2559	713	2673	2358
256	2815	2559	906	2689	2367
512	2815	2559	1092	2701	2376
768	2815	2559	1274	2712	2383
1024	2815	2559	1475	2726	2389
1280	2815	2559	1665	2735	2396
1536	2815	2559	1848	2745	2403
1792	2815	2559	2031	2755	2407
2048	2815	2559	2217	2761	2409
2303	2815	2559	2411	2767	2411
2559	2815	2559	2605	2771	2409
2815	2815	2559	2788	2770	2410
3071	2815	2559	2965	2770	2403
3327	2815	2559	3140	2774	2391
3583	2815	2559	3312	2780	2389
3839	2815	2559	3475	2783	2391
4095	2815	2559	3633	2788	2389
0	3071	2559	765	2905	2362
256	3071	2559	958	2922	2372
512	3071	2559	1141	2936	2380
768	3071	2559	1328	2949	2387
1024	3071	2559	1524	2962	2394
1280	3071	2559	1713	2972	2400
1536	3071	2559	1895	2981	2407
1792	3071	2559	2079	2991	2410
2048	3071	2559	2268	3002	2414
2303	3071	2559	2465	3009	2416
2559	3071	2559	2653	3013	2416
2815	3071	2559	2834	3017	2414
3071	3071	2559	3011	3022	2415
3327	3071	2559	3185	3027	2414
3583	3071	2559	3355	3031	2402
3839	3071	2559	3520	3035	2401
4095	3071	2559	3679	3040	2404
0	3327	2559	822	3145	2377
256	3327	2559	1013	3160	2385
512	3327	2559	1194	3172	2391
768	3327	2559	1385	3185	2398
1024	3327	2559	1578	3195	2405
1280	3327	2559	1767	3206	2411
1536	3327	2559	1950	3217	2417
1792	3327	2559	2134	3226	2421
2048	3327	2559	2325	3234	2423
2303	3327	2559	2522	3242	2427
2559	3327	2559	2706	3247	2428
2815	3327	2559	2885	3251	2428
3071	3327	2559	3063	3254	2425
3327	3327	2559	3245	3260	2428
3583	3327	2559	3411	3263	2426
3839	3327	2559	3573	3269	2425
4095	3327	2559	3731	3280	2420
0	3583	2559	881	3370	2393
256	3583	2559	1067	3382	2400
512	3583	2559	1248	3395	2410
768	3583	2559	1446	3406	2414
1024	3583	2559	1634	3414	2421
1280	3583	2559	1819	3424	2427
1536	3583	2559	2005	3440	2434
1792	3583	2559	2191	3447	2438
2048	3583	2559	2384	3453	2439
2303	3583	2559	2577	3456	2441
2559	3583	2559	2756	3457	2444
2815	3583	2559	2934	3460	2444
3071	3583	2559	3114	3463	2441
3327	3583	2559	3295	3468	2440
3583	3583	2559	3467	3478	2444
3839	3583	2559	3624	3485	2443
4095	3583	2559	3784	3492	2446
0	3839	2559	940	3586	2410
256	3839	2559	1122	3599	2417
512	3839	2559	1308	3612	2426
768	3839	2559	1506	3624	2433
1024	3839	2559	1691	3632	2439
1280	3839	2559	1876	3647	2446
1536	3839	2559	2065	3662	2452
1792	3839	2559	2249	3663	2455
2048	3839	2559	2446	3667	2457
2303	3839	2559	2634	3668	2456
2559	3839	2559	2814	3668	2454
2815	3839	2559	2991	3669	2456
3071	3839	2559	3174	3677	2456
3327	3839	2559	3350	3687	2456
3583	3839	2559	3514	3693	2460
3839	3839	2559	3675	3699	2464
4095	3839	2559	3839	3710	2467
0	4095	2559	999	3805	2433
256	4095	2559	1178	3813	2438
512	4095	2559	1370	3826	2446
768	4095	2559	1565	3840	2453
1024	4095	2559	1749	3849	2458
1280	4095	2559	1937	3862	2467
1536	4095	2559	2121	3868	2472
1792	4095	2559	2309	3870	2474
2048	4095	2559	2508	3876	2477
2303	4095	2559	2693	3876	2477
2559	4095	2559	2871	3875	2471
2815	4095	2559	3046	3875	2467
3071	4095	2559	3231	3889	2472
3327	4095	2559	3404	3898	2476
3583	4095	2559	3570	3906	2480
3839	4095	2559	3727	3914	2481
4095	4095	2559	3896	3930	2486
0	0	2815	120	13	2463
256	0	2815	305	20	2440
512	0	2815	488	29	2441
768	0	2815	675	38	2437
1024	0	2815	864	46	2433
1280	0	2815	1053	54	2433
1536	0	2815	1229	63	2436
1792	0	2815	1424	70	2440
2048	0	2815	1617	79	2445
2303	0	2815	1799	87	2449
2559	0	2815	1977	96	2452
2815	0	2815	2162	104	2456
3071	0	2815	2352	112	2456
3327	0	2815	2538	119	2457
3583	0	2815	2717	126	2453
3839	0	2815	2888	135	2449
4095	0	2815	3060	143	2452
0	256	2815	171	251	2439
256	256	2815	348	257	2435
512	256	2815	526	266	2440
768	256	2815	713	274	2439
1024	256	2815	900	282	2434
1280	256	2815	1081	290	2432
1536	256	2815	1259	297	2430
1792	256	2815	1457	305	2434
2048	256	2815	1645	313	2436
2303	256	2815	1824	321	2436
2559	256	2815	2000	330	2435
2815	256	2815	2190	338	2436
3071	256	2815	2376	344	2430
3327	256	2815	2559	350	2420
3583	256	2815	2736	356	2420
3839	256	2815	2909	363	2408
4095	256	2815	3084	370	2405
0	512	2815	226	483	2485
256	512	2815	408	496	2460
512	512	2815	593	507	2469
768	512	2815	782	514	2471
1024	512	2815	971	522	2474
1280	512	2815	1149	530	2470
1536	512	2815	1335	536	2469
1792	512	2815	1532	543	2471
2048	512	2815	1717	552	2474
2303	512	2815	1892	561	2473
2559	512	2815	2071	569	2469
2815	512	2815	2262	576	2471
3071	512	2815	2450	582	2466
3327	512	2815	2630	588	2458
3583	512	2815	2807	593	2446
3839	512	2815	2977	599	2445
4095	512	2815	3158	606	2444
0	768	2815	280	726	2462
256	768	2815	461	742	2472
512	768	2815	653	754	2498
768	768	2815	844	765	2499
1024	768	2815	1033	774	2500
1280	768	2815	1212	781	2502
1536	768	2815	1405	787	2500
1792	768	2815	1597	794	2499
2048	768	2815	1781	804	2503
2303	768	2815	1955	811	2501
2559	768	2815	2137	817	2497
2815	768	2815	2327	824	2492
3071	768	2815	2519	830	2494
3327	768	2815	2698	834	2485
3583	768	2815	2870	839	2470
3839	768	2815	3042	845	2466
4095	768	2815	3223	852	2469
0	1024	2815	334	977	2475
256	1024	2815	517	996	2501
512	1024	2815	710	1008	2508
768	1024	2815	906	1021	2522
1024	1024	2815	1095	1032	2526
1280	1024	2815	1275	1038	2525
1536	1024	2815	1471	1041	2527
1792	1024	2815	1661	1048	2529
2048	1024	2815	1844	1056	2527
2303	1024	2815	2017	1061	2530
2559	1024	2815	2203	1067	2526
2815	1024	2815	2392	1071	2519
3071	1024	2815	2583	1074	2510
3327	1024	2815	2763	1078	2512
3583	1024	2815	2935	1082	2498
3839	1024	2815	3111	1087	2492
4095	1024	2815	3287	1094	2489
0	1280	2815	388	1211	2490
256	1280	2815	574	1229	2516
512	1280	2815	769	1243	2533
768	1280	2815	964	1256	2539
1024	1280	2815	1153	1267	2553
1280	1280	2815	1341	1277	2552
1536	1280	2815	1537	1281	2555
1792	1280	2815	1726	1289	2558
2048	1280	2815	1905	1297	2552
2303	1280	2815	2083	1302	2551
2559	1280	2815	2269	1309	2553
2815	1280	2815	2459	1311	2547
3071	1280	2815	2644	1314	2529
3327	1280	2815	2826	1319	2517
3583	1280	2815	2999	1323	2520
3839	1280	2815	3176	1329	2517
4095	1280	2815	3350	1337	2514
0	1536	2815	444	1467	2509
256	1536	2815	634	1482	2530
512	1536	2815	828	1496	2548
768	1536	2815	1020	1508	2561
1024	1536	2815	1204	1522	2566
1280	1536	2815	1401	1536	2578
1536	1536	2815	1599	1547	2574
1792	1536	2815	1787	1553	2581
2048	1536	2815	1965	1558	2581
2303	1536	2815	2147	1563	2575
2559	1536	2815	2338	1569	2563
2815	1536	2815	2527	1573	2567
3071	1536	2815	2712	1576	2552
3327	1536	2815	2888	1576	2541
3583	1536	2815	3055	1575	2543
3839	1536	2815	3239	1585	2546
4095	1536	2815	3411	1592	2546
0	1792	2815	500	1713	2546
256	1792	2815	691	1725	2550
512	1792	2815	884	1738	2566
768	1792	2815	1074	1751	2574
1024	1792	2815	1259	1765	2579
1280	1792	2815	1464	1778	2591
1536	1792	2815	1657	1791	2597
1792	1792	2815	1843	1801	2600
2048	1792	2815	2022	1803	2597
2303	1792	2815	2206	1807	2607
2559	1792	2815	2399	1813	2601
2815	1792	2815	2595	1820	2593
3071	1792	2815	2770	1818	2582
3327	1792	2815	2942	1819	2573
3583	1792	2815	3119	1824	2567
3839	1792	2815	3302	1831	2567
4095	1792	2815	3468	1836	2567
0	2048	2815	558	1945	2562
256	2048	2815	749	1962	2573
512	2048	2815	944	1974	2577
768	2048	2815	1132	1989	2591
1024	2048	2815	1322	2002	2599
1280	2048	2815	1524	2012	2609
1536	2048	2815	1715	2021	2610
1792	2048	2815	1899	2030	2616
2048	2048	2815	2082	2038	2625
2303	2048	2815	2270	2043	2620
2559	2048	2815	2463	2049	2613
2815	2048	2815	2652	2056	2603
3071	2048	2815	2831	2061	2593
3327	2048	2815	3008	2060	2590
3583	2048	2815	3184	2064	2587
3839	2048	2815	3358	2071	2585
4095	2048	2815	3526	2080	2585
0	2303	2815	615	2204	2575
256	2303	2815	808	2220	2585
512	2303	2815	1000	2235	2596
768	2303	2815	1185	2250	2607
1024	2303	2815	1381	2264	2616
1280	2303	2815	1582	2275	2621
1536	2303	2815	1768	2281	2622
1792	2303	2815	1951	2290	2630
2048	2303	2815	2137	2301	2637
2303	2303	2815	2331	2311	2635
2559	2303	2815	2527	2315	2621
2815	2303	2815	2708	2313	2614
3071	2303	2815	2885	2313	2608
3327	2303	2815	3067	2316	2604
3583	2303	2815	3240	2319	2603
3839	2303	2815	3411	2325	2601
4095	2303	2815	3577	2331	2602
0	2559	2815	674	2454	2587
256	2559	2815	866	2467	2598
512	2559	2815	1056	2481	2609
768	2559	2815	1238	2491	2618
1024	2559	2815	1437	2505	2622
1280	2559	2815	1632	2517	2626
1536	2559	2815	1823	2527	2631
1792	2559	2815	2004	2534	2638
2048	2559	2815	2193	2544	2642
2303	2559	2815	2386	2553	2641
2559	2559	2815	2583	2560	2638
2815	2559	2815	2765	2560	2634
3071	2559	2815	2944	2560	2619
3327	2559	2815	3120	2562	2615
3583	2559	2815	3293	2565	2616
3839	2559	2815	3462	2569	2614
4095	2559	2815	3622	2574	2615
0	2815	2815	728	2688	2593
256	2815	2815	921	2700	2604
512	2815	2815	1107	2712	2611
768	2815	2815	1291	2722	2616
1024	2815	2815	1492	2738	2622
1280	2815	2815	1683	2746	2629
1536	2815	2815	1867	2755	2637
1792	2815	2815	2051	2769	2641
2048	2815	2815	2240	2773	2644
2303	2815	2815	2439	2781	2645
2559	2815	2815	2635	2787	2645
2815	2815	2815	2816	2787	2641
3071	2815	2815	2994	2787	2640
3327	2815	2815	3169	2789	2625
3583	2815	2815	3340	2793	2623
3839	2815	2815	3505	2800	2625
4095	2815	2815	3661	2805	2624
0	3071	2815	781	2920	2595
256	3071	2815	974	2932	2604
512	3071	2815	1158	2947	2613
768	3071	2815	1346	2959	2619
1024	3071	2815	1542	2970	2626
1280	3071	2815	1731	2984	2633
1536	3071	2815	1916	2996	2641
1792	3071	2815	2102	3008	2645
2048	3071	2815	2292	3019	2649
2303	3071	2815	2491	3027	2650
2559	3071	2815	2679	3033	2651
2815	3071	2815	2862	3036	2650
3071	3071	2815	3041	3038	2651
3327	3071	2815	3214	3044	2646
3583	3071	2815	3385	3049	2637
3839	3071	2815	3550	3053	2635
4095	3071	2815	3702	3055	2637
0	3327	2815	837	3156	2609
256	3327	2815	1028	3169	2618
512	3327	2815	1210	3184	2623
768	3327	2815	1404	3195	2632
1024	3327	2815	1597	3209	2639
1280	3327	2815	1786	3223	2647
1536	3327	2815	1972	3236	2653
1792	3327	2815	2157	3245	2657
2048	3327	2815	2348	3253	2661
2303	3327	2815	2547	3261	2662
2559	3327	2815	2732	3265	2662
2815	3327	2815	2913	3268	2661
3071	3327	2815	3091	3272	2658
3327	3327	2815	3271	3276	2659
3583	3327	2815	3437	3282	2657
3839	3327	2815	3597	3286	2652
4095	3327	2815	3755	3290	2653
0	3583	2815	897	3382	2625
256	3583	2815	1083	3395	2632
512	3583	2815	1265	3408	2640
768	3583	2815	1465	3420	2647
1024	3583	2815	1654	3431	2655
1280	3583	2815	1841	3444	2662
1536	3583	2815	2028	3459	2667
1792	3583	2815	2215	3467	2672
2048	3583	2815	2408	3471	2675
2303	3583	2815	2601	3473	2673
2559	3583	2815	2784	3477	2675
2815	3583	2815	2965	3481	2673
3071	3583	2815	3143	3485	2671
3327	3583	2815	3320	3489	2670
3583	3583	2815	3489	3492	2674
3839	3583	2815	3649	3502	2673
4095	3583	2815	3813	3514	2673
0	3839	2815	957	3601	2642
256	3839	2815	1138	3615	2650
512	3839	2815	1326	3628	2659
768	3839	2815	1525	3641	2668
1024	3839	2815	1711	3651	2671
1280	3839	2815	1898	3665	2678
1536	3839	2815	2086	3676	2684
1792	3839	2815	2271	3679	2689
2048	3839	2815	2471	3685	2692
2303	3839	2815	2659	3687	2689
2559	3839	2815	2841	3688	2685
2815	3839	2815	3016	3692	2688
3071	3839	2815	3201	3697	2686
3327	3839	2815	3373	3703	2685
3583	3839	2815	3535	3712	2685
3839	3839	2815	3702	3724	2692
4095	3839	2815	3872	3735	2694
0	4095	2815	1015	3822	2666
256	4095	2815	1196	3831	2670
512	4095	2815	1389	3845	2679
768	4095	2815	1584	3858	2688
1024	4095	2815	1770	3868	2693
1280	4095	2815	1958	3878	2699
1536	4095	2815	2144	3884	2704
1792	4095	2815	2334	3889	2706
2048	4095	2815	2532	3895	2709
2303	4095	2815	2717	3895	2707
2559	4095	2815	2896	3896	2702
2815	4095	2815	3072	3899	2700
3071	4095	2815	3259	3912	2702
3327	4095	2815	3425	3918	2703
3583	4095	2815	3591	3925	2703
3839	4095	2815	3761	3938	2714
4095	4095	2815	3931	3955	2718
0	0	3071	132	14	2691
256	0	3071	318	22	2660
512	0	3071	500	30	2661
768	0	3071	690	39	2657
1024	0	3071	879	47	2655
1280	0	3071	1067	55	2654
1536	0	3071	1246	64	2658
1792	0	3071	1442	72	2661
2048	0	3071	1634	80	2663
2303	0	3071	1816	89	2667
2559	0	3071	1991	97	2669
2815	0	3071	2180	106	2674
3071	0	3071	2370	114	2674
3327	0	3071	2560	121	2673
3583	0	3071	2743	129	2672
3839	0	3071	2916	137	2669
4095	0	3071	3090	145	2670
0	256	3071	182	253	2667
256	256	3071	359	259	2664
512	256	3071	538	268	2675
768	256	3071	727	276	2671
1024	256	3071	913	283	2667
1280	256	3071	1093	291	2665
1536	256	3071	1274	300	2663
1792	256	3071	1470	306	2664
2048	256	3071	1656	315	2664
2303	256	3071	1837	324	2664
2559	256	3071	2014	332	2664
2815	256	3071	2203	340	2664
3071	256	3071	2394	346	2661
3327	256	3071	2582	353	2656
3583	256	3071	2763	360	2654
3839	256	3071	2939	367	2646
4095	256	3071	3116	374	2642
0	512	3071	237	485	2703
256	512	3071	420	498	2700
512	512	3071	605	508	2699
768	512	3071	796	516	2702
1024	512	3071	985	524	2703
1280	512	3071	1162	532	2700
1536	512	3071	1349	539	2698
1792	512	3071	1546	546	2697
2048	512	3071	1730	555	2698
2303	512	3071	1905	564	2699
2559	512	3071	2085	572	2696
2815	512	3071	2275	579	2694
3071	512	3071	2471	586	2694
3327	512	3071	2655	592	2689
3583	512	3071	2834	598	2679
3839	512	3071	3010	605	2678
4095	512	3071	3188	613	2676
0	768	3071	290	730	2683
256	768	3071	473	745	2699
512	768	3071	666	758	2724
768	768	3071	857	769	2725
1024	768	3071	1046	777	2728
1280	768	3071	1224	785	2728
1536	768	3071	1418	790	2725
1792	768	3071	1610	796	2723
2048	768	3071	1795	806	2724
2303	768	3071	1968	813	2727
2559	768	3071	2152	821	2724
2815	768	3071	2344	827	2720
3071	768	3071	2540	835	2721
3327	768	3071	2723	841	2714
3583	768	3071	2899	846	2705
3839	768	3071	3073	851	2700
4095	768	3071	3252	859	2702
0	1024	3071	345	979	2698
256	1024	3071	530	999	2726
512	1024	3071	723	1011	2734
768	1024	3071	919	1024	2746
1024	1024	3071	1106	1034	2749
1280	1024	3071	1287	1041	2750
1536	1024	3071	1485	1043	2752
1792	1024	3071	1676	1050	2752
2048	1024	3071	1857	1058	2753
2303	1024	3071	2031	1063	2754
2559	1024	3071	2220	1070	2751
2815	1024	3071	2411	1075	2747
3071	1024	3071	2603	1080	2739
3327	1024	3071	2789	1086	2740
3583	1024	3071	2964	1089	2731
3839	1024	3071	3138	1095	2727
4095	1024	3071	3314	1101	2724
0	1280	3071	399	1214	2713
256	1280	3071	585	1231	2739
512	1280	3071	780	1247	2754
768	1280	3071	975	1259	2760
1024	1280	3071	1162	1272	2772
1280	1280	3071	1353	1279	2773
1536	1280	3071	1549	1282	2777
1792	1280	3071	1737	1290	2779
2048	1280	3071	1917	1298	2777
2303	1280	3071	2096	1304	2774
2559	1280	3071	2284	1310	2777
2815	1280	3071	2478	1315	2771
3071	1280	3071	2665	1320	2762
3327	1280	3071	2847	1326	2754
3583	1280	3071	3027	1332	2756
3839	1280	3071	3203	1338	2749
4095	1280	3071	3375	1345	2747
0	1536	3071	456	1471	2732
256	1536	3071	648	1487	2754
512	1536	3071	841	1500	2767
768	1536	3071	1035	1514	2779
1024	1536	3071	1218	1527	2785
1280	1536	3071	1416	1540	2796
1536	1536	3071	1613	1550	2798
1792	1536	3071	1804	1554	2801
2048	1536	3071	1979	1560	2797
2303	1536	3071	2161	1566	2796
2559	1536	3071	2354	1572	2794
2815	1536	3071	2548	1578	2795
3071	1536	3071	2732	1582	2785
3327	1536	3071	2910	1585	2773
3583	1536	3071	3087	1589	2768
3839	1536	3071	3265	1597	2772
4095	1536	3071	3435	1603	2772
0	1792	3071	514	1721	2766
256	1792	3071	705	1733	2771
512	1792	3071	899	1746	2784
768	1792	3071	1089	1759	2795
1024	1792	3071	1272	1769	2808
1280	1792	3071	1478	1781	2813
1536	1792	3071	1673	1793	2817
1792	1792	3071	1856	1804	2818
2048	1792	3071	2035	1807	2818
2303	1792	3071	2226	1815	2822
2559	1792	3071	2418	1821	2811
2815	1792	3071	2612	1825	2804
3071	1792	3071	2793	1828	2808
3327	1792	3071	2971	1831	2800
3583	1792	3071	3150	1834	2796
3839	1792	3071	3327	1841	2791
4095	1792	3071	3494	1848	2795
0	2048	3071	571	1955	2781
256	2048	3071	761	1969	2792
512	2048	3071	956	1980	2796
768	2048	3071	1144	1992	2810
1024	2048	3071	1334	2005	2822
1280	2048	3071	1537	2015	2826
1536	2048	3071	1729	2025	2834
1792	2048	3071	1913	2034	2839
2048	2048	3071	2098	2043	2835
2303	2048	3071	2289	2053	2845
2559	2048	3071	2484	2059	2833
2815	2048	3071	2674	2064	2828
3071	2048	3071	2856	2071	2815
3327	2048	3071	3035	2073	2820
3583	2048	3071	3210	2075	2821
3839	2048	3071	3382	2081	2819
4095	2048	3071	3553	2090	2818
0	2303	3071	627	2208	2797
256	2303	3071	819	2223	2810
512	2303	3071	1014	2237	2823
768	2303	3071	1196	2249	2828
1024	2303	3071	1393	2263	2839
1280	2303	3071	1593	2277	2841
1536	2303	3071	1783	2287	2844
1792	2303	3071	1970	2299	2851
2048	2303	3071	2157	2309	2865
2303	2303	3071	2346	2316	2863
2559	2303	3071	2543	2318	2847
2815	2303	3071	2729	2322	2843
3071	2303	3071	2910	2326	2838
3327	2303	3071	3091	2329	2831
3583	2303	3071	3267	2333	2830
3839	2303	3071	3435	2338	2827
4095	2303	3071	3597	2343	2827
0	2559	3071	685	2458	2808
256	2559	3071	877	2471	2821
512	2559	3071	1067	2482	2834
768	2559	3071	1248	2492	2837
1024	2559	3071	1450	2507	2850
1280	2559	3071	1647	2520	2847
1536	2559	3071	1837	2532	2850
1792	2559	3071	2022	2544	2859
2048	2559	3071	2210	2551	2863
2303	2559	3071	2401	2557	2864
2559	2559	3071	2601	2562	2865
2815	2559	3071	2786	2569	2858
3071	2559	3071	2964	2573	2847
3327	2559	3071	3140	2575	2842
3583	2559	3071	3314	2578	2841
3839	2559	3071	3480	2576	2839
4095	2559	3071	3643	2584	2839
0	2815	3071	742	2697	2814
256	2815	3071	936	2710	2821
512	2815	3071	1121	2719	2830
768	2815	3071	1306	2727	2840
1024	2815	3071	1508	2744	2848
1280	2815	3071	1701	2755	2855
1536	2815	3071	1888	2768	2862
1792	2815	3071	2075	2780	2871
2048	2815	3071	2263	2787	2870
2303	2815	3071	2462	2793	2872
2559	2815	3071	2656	2797	2872
2815	2815	3071	2838	2799	2869
3071	2815	3071	3018	2800	2865
3327	2815	3071	3195	2805	2853
3583	2815	3071	3367	2810	2850
3839	2815	3071	3532	2814	2848
4095	2815	3071	3686	2820	2848
0	3071	3071	797	2932	2821
256	3071	3071	991	2945	2828
512	3071	3071	1172	2958	2839
768	3071	3071	1365	2972	2847
1024	3071	3071	1563	2986	2853
1280	3071	3071	1753	3001	2866
1536	3071	3071	1940	3013	2870
1792	3071	3071	2126	3025	2875
2048	3071	3071	2316	3037	2879
2303	3071	3071	2516	3046	2879
2559	3071	3071	2704	3050	2878
2815	3071	3071	2887	3053	2876
3071	3071	3071	3069	3056	2874
3327	3071	3071	3245	3058	2873
3583	3071	3071	3416	3062	2865
3839	3071	3071	3579	3068	2863
4095	3071	3071	3732	3074	2863
0	3327	3071	854	3170	2839
256	3327	3071	1045	3183	2848
512	3327	3071	1227	3198	2850
768	3327	3071	1424	3213	2858
1024	3327	3071	1619	3229	2868
1280	3327	3071	1810	3246	2881
1536	3327	3071	1995	3255	2884
1792	3327	3071	2183	3265	2889
2048	3327	3071	2374	3274	2892
2303	3327	3071	2572	3282	2891
2559	3327	3071	2757	3284	2890
2815	3327	3071	2939	3285	2887
3071	3327	3071	3119	3288	2886
3327	3327	3071	3299	3293	2889
3583	3327	3071	3468	3303	2886
3839	3327	3071	3627	3307	2879
4095	3327	3071	3784	3310	2885
0	3583	3071	915	3400	2854
256	3583	3071	1101	3412	2861
512	3583	3071	1285	3424	2868
768	3583	3071	1484	3437	2876
1024	3583	3071	1677	3453	2885
1280	3583	3071	1865	3467	2893
1536	3583	3071	2051	3477	2897
1792	3583	3071	2239	3486	2903
2048	3583	3071	2432	3488	2904
2303	3583	3071	2624	3489	2902
2559	3583	3071	2810	3494	2903
2815	3583	3071	2991	3498	2899
3071	3583	3071	3172	3504	2898
3327	3583	3071	3349	3510	2899
3583	3583	3071	3517	3515	2901
3839	3583	3071	3679	3523	2902
4095	3583	3071	3846	3533	2902
0	3839	3071	974	3622	2873
256	3839	3071	1158	3633	2880
512	3839	3071	1347	3645	2888
768	3839	3071	1546	3659	2899
1024	3839	3071	1733	3673	2903
1280	3839	3071	1921	3683	2909
1536	3839	3071	2108	3692	2913
1792	3839	3071	2295	3698	2916
2048	3839	3071	2492	3702	2919
2303	3839	3071	2682	3705	2917
2559	3839	3071	2866	3707	2913
2815	3839	3071	3044	3715	2914
3071	3839	3071	3227	3719	2912
3327	3839	3071	3400	3725	2914
3583	3839	3071	3569	3736	2916
3839	3839	3071	3738	3749	2921
4095	3839	3071	3904	3758	2925
0	4095	3071	1033	3844	2897
256	4095	3071	1215	3852	2900
512	4095	3071	1412	3866	2909
768	4095	3071	1605	3878	2918
1024	4095	3071	1792	3887	2924
1280	4095	3071	1981	3896	2929
1536	4095	3071	2167	3902	2931
1792	4095	3071	2356	3908	2932
2048	4095	3071	2552	3910	2933
2303	4095	3071	2741	3914	2933
2559	4095	3071	2923	3920	2929
2815	4095	3071	3100	3925	2927
3071	4095	3071	3287	3932	2932
3327	4095	3071	3460	3942	2932
3583	4095	3071	3627	3953	2935
3839	4095	3071	3792	3963	2941
4095	4095	3071	3963	3975	2945
0	0	3327	144	15	2904
256	0	3327	330	23	2866
512	0	3327	513	32	2866
768	0	3327	704	40	2865
1024	0	3327	893	48	2862
1280	0	3327	1080	57	2860
1536	0	3327	1263	65	2864
1792	0	3327	1460	74	2867
2048	0	3327	1649	82	2869
2303	0	3327	1831	90	2870
2559	0	3327	2010	98	2874
2815	0	3327	2200	107	2880
3071	0	3327	2391	115	2883
3327	0	3327	2582	123	2882
3583	0	3327	2765	131	2883
3839	0	3327	2941	139	2882
4095	0	3327	3119	147	2884
0	256	3327	193	254	2886
256	256	3327	371	261	2883
512	256	3327	551	271	2897
768	256	3327	739	278	2894
1024	256	3327	926	285	2890
1280	256	3327	1106	293	2886
1536	256	3327	1289	302	2884
1792	256	3327	1487	309	2886
2048	256	3327	1672	317	2886
2303	256	3327	1851	326	2886
2559	256	3327	2030	334	2887
2815	256	3327	2219	342	2887
3071	256	3327	2413	350	2887
3327	256	3327	2603	356	2884
3583	256	3327	2785	363	2877
3839	256	3327	2968	370	2876
4095	256	3327	3144	378	2875
0	512	3327	247	488	2885
256	512	3327	432	502	2905
512	512	3327	618	511	2918
768	512	3327	807	518	2923
1024	512	3327	997	526	2921
1280	512	3327	1174	534	2916
1536	512	3327	1362	542	2915
1792	512	3327	1562	548	2915
2048	512	3327	1746	558	2917
2303	512	3327	1923	567	2919
2559	512	3327	2103	575	2919
2815	512	3327	2294	583	2917
3071	512	3327	2491	590	2917
3327	512	3327	2677	597	2912
3583	512	3327	2858	603	2907
3839	512	3327	3038	610	2906
4095	512	3327	3215	618	2906
0	768	3327	302	733	2900
256	768	3327	486	748	2920
512	768	3327	679	762	2941
768	768	3327	869	772	2942
1024	768	3327	1057	779	2946
1280	768	3327	1234	788	2945
1536	768	3327	1431	793	2942
1792	768	3327	1625	799	2942
2048	768	3327	1810	809	2946
2303	768	3327	1985	817	2949
2559	768	3327	2172	825	2947
2815	768	3327	2365	833	2942
3071	768	3327	2560	839	2937
3327	768	3327	2745	846	2936
3583	768	3327	2923	852	2931
3839	768	3327	3099	858	2927
4095	768	3327	3278	866	2929
0	1024	3327	356	983	2915
256	1024	3327	542	1001	2944
512	1024	3327	736	1013	2953
768	1024	3327	931	1025	2966
1024	1024	3327	1116	1035	2966
1280	1024	3327	1298	1043	2970
1536	1024	3327	1500	1044	2972
1792	1024	3327	1690	1052	2971
2048	1024	3327	1872	1060	2974
2303	1024	3327	2047	1066	2973
2559	1024	3327	2240	1075	2975
2815	1024	3327	2434	1080	2968
3071	1024	3327	2624	1085	2962
3327	1024	3327	2811	1092	2963
3583	1024	3327	2989	1097	2957
3839	1024	3327	3165	1103	2953
4095	1024	3327	3340	1110	2951
0	1280	3327	411	1217	2930
256	1280	3327	597	1234	2956
512	1280	3327	791	1248	2969
768	1280	3327	986	1261	2978
1024	1280	3327	1173	1273	2989
1280	1280	3327	1365	1281	2993
1536	1280	3327	1564	1284	2994
1792	1280	3327	1750	1292	2996
2048	1280	3327	1933	1301	2998
2303	1280	3327	2113	1309	2998
2559	1280	3327	2303	1316	3001
2815	1280	3327	2499	1321	2993
3071	1280	3327	2686	1327	2988
3327	1280	3327	2869	1333	2983
3583	1280	3327	3053	1340	2983
3839	1280	3327	3230	1348	2978
4095	1280	3327	3401	1354	2976
0	1536	3327	469	1474	2949
256	1536	3327	660	1488	2971
512	1536	3327	853	1502	2983
768	1536	3327	1048	1516	2997
1024	1536	3327	1232	1530	3003
1280	1536	3327	1429	1542	3014
1536	1536	3327	1625	1552	3014
1792	1536	3327	1815	1556	3018
2048	1536	3327	1994	1567	3020
2303	1536	3327	2180	1574	3021
2559	1536	3327	2370	1578	3014
2815	1536	3327	2568	1582	3016
3071	1536	3327	2752	1589	3012
3327	1536	3327	2932	1594	3003
3583	1536	3327	3112	1598	2998
3839	1536	3327	3292	1606	3001
4095	1536	3327	3466	1612	3001
0	1792	3327	527	1724	2983
256	1792	3327	718	1738	2988
512	1792	3327	913	1751	3001
768	1792	3327	1102	1764	3013
1024	1792	3327	1287	1774	3024
1280	1792	3327	1491	1785	3029
1536	1792	3327	1687	1797	3036
1792	1792	3327	1875	1809	3036
2048	1792	3327	2057	1818	3045
2303	1792	3327	2245	1824	3042
2559	1792	3327	2439	1829	3037
2815	1792	3327	2632	1834	3032
3071	1792	3327	2814	1840	3034
3327	1792	3327	2995	1844	3024
3583	1792	3327	3174	1848	3022
3839	1792	3327	3354	1852	3019
4095	1792	3327	3526	1859	3022
0	2048	3327	585	1961	3001
256	2048	3327	776	1975	3011
512	2048	3327	971	1986	3018
768	2048	3327	1158	1998	3030
1024	2048	3327	1349	2011	3037
1280	2048	3327	1551	2023	3045
1536	2048	3327	1747	2036	3050
1792	2048	3327	1936	2046	3061
2048	2048	3327	2120	2056	3062
2303	2048	3327	2311	2065	3061
2559	2048	3327	2505	2069	3057
2815	2048	3327	2695	2075	3052
3071	2048	3327	2879	2082	3044
3327	2048	3327	3060	2085	3048
3583	2048	3327	3238	2093	3045
3839	2048	3327	3412	2099	3041
4095	2048	3327	3579	2104	3035
0	2303	3327	642	2215	3015
256	2303	3327	834	2231	3028
512	2303	3327	1030	2246	3042
768	2303	3327	1212	2258	3046
1024	2303	3327	1409	2269	3054
1280	2303	3327	1608	2283	3061
1536	2303	3327	1802	2295	3065
1792	2303	3327	1991	2311	3077
2048	2303	3327	2177	2322	3088
2303	2303	3327	2363	2327	3078
2559	2303	3327	2562	2331	3073
2815	2303	3327	2747	2334	3062
3071	2303	3327	2928	2337	3056
3327	2303	3327	3111	2341	3053
3583	2303	3327	3292	2344	3057
3839	2303	3327	3465	2350	3057
4095	2303	3327	3626	2354	3050
0	2559	3327	699	2466	3025
256	2559	3327	892	2481	3035
512	2559	3327	1085	2495	3050
768	2559	3327	1267	2504	3061
1024	2559	3327	1467	2515	3066
1280	2559	3327	1663	2527	3075
1536	2559	3327	1854	2540	3082
1792	2559	3327	2039	2551	3087
2048	2559	3327	2228	2563	3093
2303	2559	3327	2422	2571	3093
2559	2559	3327	2621	2573	3091
2815	2559	3327	2804	2576	3078
3071	2559	3327	2989	2582	3072
3327	2559	3327	3169	2587	3074
3583	2559	3327	3344	2590	3062
3839	2559	3327	3506	2590	3066
4095	2559	3327	3664	2597	3066
0	2815	3327	755	2702	3039
256	2815	3327	951	2718	3043
512	2815	3327	1136	2729	3054
768	2815	3327	1325	2740	3065
1024	2815	3327	1527	2753	3070
1280	2815	3327	1718	2769	3079
1536	2815	3327	1908	2782	3092
1792	2815	3327	2096	2793	3099
2048	2815	3327	2282	2801	3102
2303	2815	3327	2481	2802	3108
2559	2815	3327	2674	2805	3095
2815	2815	3327	2861	2811	3097
3071	2815	3327	3040	2813	3092
3327	2815	3327	3218	2820	3087
3583	2815	3327	3389	2827	3081
3839	2815	3327	3550	2828	3078
4095	2815	3327	3714	2836	3079
0	3071	3327	812	2947	3047
256	3071	3327	1009	2961	3051
512	3071	3327	1193	2979	3062
768	3071	3327	1387	2992	3077
1024	3071	3327	1583	3003	3090
1280	3071	3327	1772	3022	3083
1536	3071	3327	1963	3034	3095
1792	3071	3327	2149	3045	3101
2048	3071	3327	2337	3055	3103
2303	3071	3327	2542	3061	3105
2559	3071	3327	2729	3063	3107
2815	3071	3327	2912	3067	3109
3071	3071	3327	3096	3073	3109
3327	3071	3327	3275	3077	3104
3583	3071	3327	3440	3077	3098
3839	3071	3327	3604	3081	3098
4095	3071	3327	3770	3092	3095
0	3327	3327	871	3195	3059
256	3327	3327	1065	3211	3069
512	3327	3327	1250	3227	3081
768	3327	3327	1447	3235	3088
1024	3327	3327	1640	3247	3096
1280	3327	3327	1830	3263	3105
1536	3327	3327	2020	3283	3117
1792	3327	3327	2207	3287	3116
2048	3327	3327	2399	3291	3118
2303	3327	3327	2599	3296	3123
2559	3327	3327	2781	3302	3122
2815	3327	3327	2964	3305	3120
3071	3327	3327	3146	3306	3118
3327	3327	3327	3327	3310	3117
3583	3327	3327	3501	3322	3118
3839	3327	3327	3663	3333	3116
4095	3327	3327	3822	3341	3121
0	3583	3327	933	3424	3081
256	3583	3327	1120	3437	3088
512	3583	3327	1307	3449	3097
768	3583	3327	1509	3460	3108
1024	3583	3327	1700	3473	3113
1280	3583	3327	1887	3488	3122
1536	3583	3327	2075	3501	3132
1792	3583	3327	2264	3504	3132
2048	3583	3327	2459	3505	3131
2303	3583	3327	2650	3509	3131
2559	3583	3327	2835	3517	3132
2815	3583	3327	3014	3514	3131
3071	3583	3327	3198	3520	3129
3327	3583	3327	3381	3531	3130
3583	3583	3327	3555	3547	3133
3839	3583	3327	3714	3549	3137
4095	3583	3327	3881	3555	3136
0	3839	3327	995	3645	3111
256	3839	3327	1177	3656	3110
512	3839	3327	1369	3669	3117
768	3839	3327	1569	3683	3127
1024	3839	3327	1757	3692	3136
1280	3839	3327	1945	3703	3142
1536	3839	3327	2132	3712	3146
1792	3839	3327	2320	3718	3146
2048	3839	3327	2516	3722	3147
2303	3839	3327	2705	3725	3146
2559	3839	3327	2891	3728	3145
2815	3839	3327	3071	3732	3145
3071	3839	3327	3255	3743	3143
3327	3839	3327	3434	3754	3147
3583	3839	3327	3607	3763	3153
3839	3839	3327	3770	3772	3154
4095	3839	3327	3936	3781	3157
0	4095	3327	1054	3870	3127
256	4095	3327	1235	3877	3135
512	4095	3327	1435	3889	3141
768	4095	3327	1628	3900	3151
1024	4095	3327	1816	3909	3160
1280	4095	3327	2005	3917	3162
1536	4095	3327	2192	3924	3164
1792	4095	3327	2380	3928	3162
2048	4095	3327	2575	3930	3159
2303	4095	3327	2766	3936	3162
2559	4095	3327	2950	3942	3160
2815	4095	3327	3130	3951	3159
3071	4095	3327	3319	3958	3166
3327	4095	3327	3496	3969	3166
3583	4095	3327	3662	3979	3170
3839	4095	3327	3824	3988	3172
4095	4095	3327	3991	3994	3175
0	0	3583	156	16	3190
256	0	3583	343	24	3172
512	0	3583	527	33	3164
768	0	3583	717	42	3170
1024	0	3583	909	49	3166
1280	0	3583	1096	58	3061
1536	0	3583	1276	66	3057
1792	0	3583	1477	75	3065
2048	0	3583	1667	83	3071
2303	0	3583	1848	91	3075
2559	0	3583	2028	100	3076
2815	0	3583	2220	108	3085
3071	0	3583	2414	116	3090
3327	0	3583	2608	125	3090
3583	0	3583	2789	134	3093
3839	0	3583	2968	141	3090
4095	0	3583	3146	149	3091
0	256	3583	204	256	3110
256	256	3583	382	264	3110
512	256	3583	562	272	3123
768	256	3583	748	279	3118
1024	256	3583	937	288	3114
1280	256	3583	1116	296	3109
1536	256	3583	1300	304	3105
1792	256	3583	1502	312	3107
2048	256	3583	1687	320	3112
2303	256	3583	1867	327	3115
2559	256	3583	2049	336	3116
2815	256	3583	2238	344	3118
3071	256	3583	2435	352	3115
3327	256	3583	2624	360	3111
3583	256	3583	2807	366	3106
3839	256	3583	2992	374	3106
4095	256	3583	3171	382	3106
0	512	3583	259	491	3110
256	512	3583	444	506	3129
512	512	3583	630	516	3142
768	512	3583	819	522	3147
1024	512	3583	1008	528	3144
1280	512	3583	1185	537	3139
1536	512	3583	1376	545	3136
1792	512	3583	1575	552	3139
2048	512	3583	1762	561	3142
2303	512	3583	1942	570	3147
2559	512	3583	2126	578	3148
2815	512	3583	2315	587	3146
3071	512	3583	2510	594	3142
3327	512	3583	2697	600	3139
3583	512	3583	2879	607	3137
3839	512	3583	3061	615	3135
4095	512	3583	3242	623	3137
0	768	3583	314	737	3125
256	768	3583	497	755	3153
512	768	3583	692	766	3163
768	768	3583	882	774	3165
1024	768	3583	1068	781	3169
1280	768	3583	1247	789	3167
1536	768	3583	1446	796	3166
1792	768	3583	1639	804	3168
2048	768	3583	1826	812	3172
2303	768	3583	2006	822	3176
2559	768	3583	2196	831	3176
2815	768	3583	2387	838	3170
3071	768	3583	2581	844	3162
3327	768	3583	2765	850	3165
3583	768	3583	2947	857	3160
3839	768	3583	3126	865	3158
4095	768	3583	3307	874	3160
0	1024	3583	369	988	3140
256	1024	3583	555	1004	3165
512	1024	3583	748	1016	3175
768	1024	3583	944	1028	3188
1024	1024	3583	1129	1037	3188
1280	1024	3583	1313	1044	3195
1536	1024	3583	1516	1050	3195
1792	1024	3583	1705	1057	3195
2048	1024	3583	1889	1065	3198
2303	1024	3583	2069	1072	3203
2559	1024	3583	2261	1082	3205
2815	1024	3583	2456	1088	3195
3071	1024	3583	2646	1092	3190
3327	1024	3583	2831	1098	3186
3583	1024	3583	3013	1104	3185
3839	1024	3583	3192	1112	3184
4095	1024	3583	3369	1120	3184
0	1280	3583	424	1223	3154
256	1280	3583	611	1237	3176
512	1280	3583	804	1250	3189
768	1280	3583	1001	1263	3200
1024	1280	3583	1188	1275	3213
1280	1280	3583	1381	1284	3217
1536	1280	3583	1581	1289	3221
1792	1280	3583	1768	1298	3221
2048	1280	3583	1951	1307	3225
2303	1280	3583	2135	1316	3228
2559	1280	3583	2326	1325	3224
2815	1280	3583	2523	1330	3221
3071	1280	3583	2711	1335	3216
3327	1280	3583	2893	1342	3213
3583	1280	3583	3077	1350	3212
3839	1280	3583	3258	1358	3212
4095	1280	3583	3431	1366	3211
0	1536	3583	482	1479	3174
256	1536	3583	673	1494	3192
512	1536	3583	866	1508	3207
768	1536	3583	1062	1522	3220
1024	1536	3583	1247	1535	3227
1280	1536	3583	1447	1549	3240
1536	1536	3583	1643	1559	3241
1792	1536	3583	1831	1565	3249
2048	1536	3583	2012	1574	3251
2303	1536	3583	2200	1582	3252
2559	1536	3583	2393	1588	3245
2815	1536	3583	2592	1592	3244
3071	1536	3583	2776	1598	3242
3327	1536	3583	2958	1603	3236
3583	1536	3583	3138	1608	3232
3839	1536	3583	3321	1617	3237
4095	1536	3583	3492	1623	3234
0	1792	3583	540	1731	3207
256	1792	3583	731	1743	3212
512	1792	3583	926	1756	3225
768	1792	3583	1116	1770	3238
1024	1792	3583	1305	1785	3249
1280	1792	3583	1508	1796	3253
1536	1792	3583	1705	1808	3266
1792	1792	3583	1895	1819	3270
2048	1792	3583	2076	1828	3277
2303	1792	3583	2265	1834	3276
2559	1792	3583	2460	1839	3269
2815	1792	3583	2652	1842	3264
3071	1792	3583	2835	1847	3264
3327	1792	3583	3017	1851	3257
3583	1792	3583	3201	1858	3257
3839	1792	3583	3381	1866	3256
4095	1792	3583	3549	1869	3258
0	2048	3583	598	1969	3227
256	2048	3583	791	1983	3238
512	2048	3583	988	1996	3245
768	2048	3583	1175	2009	3257
1024	2048	3583	1367	2022	3268
1280	2048	3583	1569	2033	3275
1536	2048	3583	1765	2047	3281
1792	2048	3583	1957	2060	3294
2048	2048	3583	2145	2071	3295
2303	2048	3583	2330	2080	3294
2559	2048	3583	2526	2082	3291
2815	2048	3583	2715	2087	3282
3071	2048	3583	2899	2092	3279
3327	2048	3583	3084	2096	3282
3583	2048	3583	3265	2105	3281
3839	2048	3583	3438	2110	3280
4095	2048	3583	3607	2115	3280
0	2303	3583	657	2227	3244
256	2303	3583	850	2243	3257
512	2303	3583	1046	2258	3268
768	2303	3583	1230	2270	3274
1024	2303	3583	1429	2281	3285
1280	2303	3583	1628	2293	3292
1536	2303	3583	1820	2304	3303
1792	2303	3583	2010	2323	3308
2048	2303	3583	2198	2332	3319
2303	2303	3583	2386	2336	3313
2559	2303	3583	2588	2340	3310
2815	2303	3583	2771	2341	3297
3071	2303	3583	2953	2345	3294
3327	2303	3583	3134	2351	3293
3583	2303	3583	3315	2360	3295
3839	2303	3583	3490	2364	3295
4095	2303	3583	3656	2370	3293
0	2559	3583	714	2477	3259
256	2559	3583	909	2493	3269
512	2559	3583	1099	2507	3280
768	2559	3583	1286	2518	3290
1024	2559	3583	1490	2531	3296
1280	2559	3583	1684	2541	3305
1536	2559	3583	1873	2552	3316
1792	2559	3583	2061	2569	3322
2048	2559	3583	2252	2578	3329
2303	2559	3583	2450	2584	3330
2559	2559	3583	2648	2590	3329
2815	2559	3583	2833	2593	3317
3071	2559	3583	3013	2599	3311
3327	2559	3583	3191	2603	3305
3583	2559	3583	3371	2605	3304
3839	2559	3583	3548	2612	3308
4095	2559	3583	3708	2621	3306
0	2815	3583	771	2716	3272
256	2815	3583	968	2732	3278
512	2815	3583	1155	2745	3288
768	2815	3583	1346	2756	3300
1024	2815	3583	1550	2771	3311
1280	2815	3583	1740	2780	3315
1536	2815	3583	1930	2794	3324
1792	2815	3583	2116	2806	3335
2048	2815	3583	2302	2808	3339
2303	2815	3583	2505	2813	3346
2559	2815	3583	2699	2822	3342
2815	2815	3583	2883	2830	3337
3071	2815	3583	3061	2826	3324
3327	2815	3583	3244	2835	3321
3583	2815	3583	3425	2844	3316
3839	2815	3583	3601	2854	3316
4095	2815	3583	3751	2861	3320
0	3071	3583	829	2965	3288
256	3071	3583	1026	2980	3297
512	3071	3583	1209	2996	3302
768	3071	3583	1405	3009	3311
1024	3071	3583	1605	3021	3325
1280	3071	3583	1795	3033	3329
1536	3071	3583	1984	3048	3340
1792	3071	3583	2173	3060	3342
2048	3071	3583	2363	3067	3344
2303	3071	3583	2564	3077	3347
2559	3071	3583	2751	3077	3351
2815	3071	3583	2934	3080	3350
3071	3071	3583	3118	3087	3343
3327	3071	3583	3301	3093	3346
3583	3071	3583	3477	3098	3333
3839	3071	3583	3644	3104	3333
4095	3071	3583	3803	3112	3330
0	3327	3583	891	3218	3303
256	3327	3583	1083	3231	3309
512	3327	3583	1266	3244	3314
768	3327	3583	1470	3258	3326
1024	3327	3583	1665	3272	3337
1280	3327	3583	1854	3286	3346
1536	3327	3583	2044	3296	3350
1792	3327	3583	2231	3305	3362
2048	3327	3583	2424	3312	3364
2303	3327	3583	2624	3315	3361
2559	3327	3583	2812	3319	3365
2815	3327	3583	2991	3319	3351
3071	3327	3583	3173	3325	3351
3327	3327	3583	3365	3340	3357
3583	3327	3583	3531	3342	3353
3839	3327	3583	3691	3352	3346
4095	3327	3583	3855	3363	3348
0	3583	3583	953	3450	3324
256	3583	3583	1140	3461	3335
512	3583	3583	1331	3473	3347
768	3583	3583	1535	3488	3351
1024	3583	3583	1723	3501	3361
1280	3583	3583	1910	3509	3370
1536	3583	3583	2099	3514	3371
1792	3583	3583	2285	3521	3373
2048	3583	3583	2485	3526	3369
2303	3583	3583	2678	3531	3364
2559	3583	3583	2869	3537	3360
2815	3583	3583	3041	3533	3359
3071	3583	3583	3228	3542	3363
3327	3583	3583	3413	3556	3366
3583	3583	3583	3585	3568	3363
3839	3583	3583	3746	3574	3365
4095	3583	3583	3910	3577	3368
0	3839	3583	1014	3675	3342
256	3839	3583	1198	3685	3357
512	3839	3583	1394	3697	3364
768	3839	3583	1595	3709	3369
1024	3839	3583	1779	3717	3370
1280	3839	3583	1968	3724	3380
1536	3839	3583	2156	3731	3384
1792	3839	3583	2346	3738	3381
2048	3839	3583	2545	3742	3375
2303	3839	3583	2734	3748	3373
2559	3839	3583	2918	3752	3374
2815	3839	3583	3097	3755	3378
3071	3839	3583	3289	3770	3377
3327	3839	3583	3469	3781	3378
3583	3839	3583	3636	3790	3381
3839	3839	3583	3795	3795	3386
4095	3839	3583	3968	3802	3385
0	4095	3583	1074	3896	3369
256	4095	3583	1256	3907	3376
512	4095	3583	1459	3914	3383
768	4095	3583	1652	3924	3390
1024	4095	3583	1838	3934	3395
1280	4095	3583	2027	3940	3396
1536	4095	3583	2217	3946	3397
1792	4095	3583	2408	3952	3395
2048	4095	3583	2602	3957	3390
2303	4095	3583	2790	3956	3388
2559	4095	3583	2974	3964	3389
2815	4095	3583	3159	3976	3392
3071	4095	3583	3351	3989	3395
3327	4095	3583	3522	3993	3396
3583	4095	3583	3690	4001	3398
3839	4095	3583	3857	4011	3401
4095	4095	3583	4020	4019	3405
0	0	3839	169	17	3419
256	0	3839	358	26	3399
512	0	3839	543	34	3391
768	0	3839	734	43	3395
1024	0	3839	929	52	3392
1280	0	3839	1117	59	3388
1536	0	3839	1297	68	3395
1792	0	3839	1499	76	3401
2048	0	3839	1692	85	3409
2303	0	3839	1879	94	3421
2559	0	3839	2060	101	3427
2815	0	3839	2251	110	3438
3071	0	3839	2447	119	3446
3327	0	3839	2639	127	3448
3583	0	3839	2820	136	3456
3839	0	3839	2998	143	3303
4095	0	3839	3179	151	3305
0	256	3839	216	259	3321
256	256	3839	396	267	3317
512	256	3839	578	276	3312
768	256	3839	764	283	3304
1024	256	3839	955	290	3307
1280	256	3839	1137	299	3308
1536	256	3839	1322	307	3307
1792	256	3839	1517	315	3310
2048	256	3839	1710	324	3317
2303	256	3839	1892	331	3321
2559	256	3839	2074	339	3351
2815	256	3839	2267	348	3357
3071	256	3839	2461	355	3353
3327	256	3839	2650	363	3348
3583	256	3839	2834	371	3344
3839	256	3839	3019	378	3341
4095	256	3839	3204	387	3340
0	512	3839	271	495	3334
256	512	3839	456	510	3367
512	512	3839	644	519	3355
768	512	3839	832	527	3354
1024	512	3839	1023	532	3348
1280	512	3839	1204	540	3368
1536	512	3839	1397	549	3367
1792	512	3839	1593	558	3370
2048	512	3839	1782	566	3377
2303	512	3839	1963	574	3380
2559	512	3839	2149	583	3384
2815	512	3839	2340	591	3385
3071	512	3839	2535	598	3375
3327	512	3839	2723	605	3371
3583	512	3839	2907	612	3369
3839	512	3839	3091	621	3369
4095	512	3839	3273	630	3366
0	768	3839	326	743	3349
256	768	3839	510	761	3372
512	768	3839	704	772	3383
768	768	3839	897	779	3394
1024	768	3839	1085	785	3400
1280	768	3839	1267	792	3396
1536	768	3839	1467	802	3398
1792	768	3839	1658	810	3402
2048	768	3839	1846	817	3406
2303	768	3839	2029	828	3403
2559	768	3839	2217	837	3408
2815	768	3839	2410	844	3405
3071	768	3839	2604	850	3394
3327	768	3839	2788	857	3397
3583	768	3839	2973	864	3392
3839	768	3839	3155	872	3389
4095	768	3839	3337	883	3391
0	1024	3839	382	994	3368
256	1024	3839	570	1011	3392
512	1024	3839	763	1023	3404
768	1024	3839	961	1035	3414
1024	1024	3839	1147	1042	3416
1280	1024	3839	1334	1049	3423
1536	1024	3839	1535	1058	3421
1792	1024	3839	1725	1065	3427
2048	1024	3839	1910	1072	3429
2303	1024	3839	2094	1081	3430
2559	1024	3839	2282	1089	3432
2815	1024	3839	2477	1095	3425
3071	1024	3839	2668	1100	3419
3327	1024	3839	2853	1105	3412
3583	1024	3839	3037	1112	3410
3839	1024	3839	3220	1121	3411
4095	1024	3839	3399	1129	3414
0	1280	3839	439	1231	3384
256	1280	3839	628	1245	3403
512	1280	3839	823	1256	3417
768	1280	3839	1020	1268	3426
1024	1280	3839	1208	1280	3438
1280	1280	3839	1400	1290	3442
1536	1280	3839	1599	1299	3453
1792	1280	3839	1791	1308	3451
2048	1280	3839	1973	1316	3452
2303	1280	3839	2158	1324	3453
2559	1280	3839	2350	1333	3450
2815	1280	3839	2546	1339	3446
3071	1280	3839	2734	1345	3439
3327	1280	3839	2916	1351	3434
3583	1280	3839	3099	1359	3434
3839	1280	3839	3283	1367	3435
4095	1280	3839	3461	1376	3436
0	1536	3839	495	1492	3405
256	1536	3839	688	1505	3421
512	1536	3839	883	1519	3434
768	1536	3839	1077	1532	3444
1024	1536	3839	1262	1544	3450
1280	1536	3839	1467	1559	3465
1536	1536	3839	1665	1570	3472
1792	1536	3839	1853	1576	3480
2048	1536	3839	2036	1584	3478
2303	1536	3839	2224	1592	3478
2559	1536	3839	2417	1599	3473
2815	1536	3839	2615	1605	3464
3071	1536	3839	2799	1608	3463
3327	1536	3839	2982	1612	3456
3583	1536	3839	3163	1617	3451
3839	1536	3839	3346	1626	3457
4095	1536	3839	3521	1635	3459
0	1792	3839	554	1743	3429
256	1792	3839	745	1753	3438
512	1792	3839	942	1766	3449
768	1792	3839	1133	1781	3463
1024	1792	3839	1325	1796	3474
1280	1792	3839	1528	1809	3479
1536	1792	3839	1727	1820	3494
1792	1792	3839	1917	1831	3496
2048	1792	3839	2098	1839	3501
2303	1792	3839	2289	1846	3500
2559	1792	3839	2485	1850	3493
2815	1792	3839	2676	1852	3485
3071	1792	3839	2860	1855	3481
3327	1792	3839	3040	1859	3475
3583	1792	3839	3225	1867	3477
3839	1792	3839	3408	1877	3480
4095	1792	3839	3584	1883	3482
0	2048	3839	613	1981	3449
256	2048	3839	807	1995	3463
512	2048	3839	1004	2009	3467
768	2048	3839	1192	2022	3479
1024	2048	3839	1387	2034	3491
1280	2048	3839	1591	2046	3498
1536	2048	3839	1786	2059	3506
1792	2048	3839	1978	2073	3520
2048	2048	3839	2166	2083	3518
2303	2048	3839	2349	2089	3509
2559	2048	3839	2549	2092	3510
2815	2048	3839	2737	2095	3499
3071	2048	3839	2919	2100	3494
3327	2048	3839	3104	2104	3494
3583	2048	3839	3289	2116	3498
3839	2048	3839	3468	2125	3499
4095	2048	3839	3641	2130	3502
0	2303	3839	673	2240	3468
256	2303	3839	866	2254	3480
512	2303	3839	1060	2268	3487
768	2303	3839	1248	2281	3492
1024	2303	3839	1449	2294	3503
1280	2303	3839	1649	2306	3513
1536	2303	3839	1844	2320	3524
1792	2303	3839	2030	2333	3529
2048	2303	3839	2219	2341	3536
2303	2303	3839	2411	2347	3532
2559	2303	3839	2612	2350	3523
2815	2303	3839	2795	2355	3512
3071	2303	3839	2976	2359	3505
3327	2303	3839	3157	2364	3507
3583	2303	3839	3344	2374	3510
3839	2303	3839	3521	2380	3513
4095	2303	3839	3686	2386	3515
0	2559	3839	730	2492	3477
256	2559	3839	926	2505	3489
512	2559	3839	1116	2518	3499
768	2559	3839	1306	2532	3509
1024	2559	3839	1511	2547	3515
1280	2559	3839	1706	2557	3524
1536	2559	3839	1897	2567	3532
1792	2559	3839	2083	2579	3540
2048	2559	3839	2275	2589	3545
2303	2559	3839	2473	2598	3543
2559	2559	3839	2667	2602	3538
2815	2559	3839	2848	2604	3521
3071	2559	3839	3033	2607	3517
3327	2559	3839	3216	2613	3520
3583	2559	3839	3397	2620	3527
3839	2559	3839	3573	2628	3528
4095	2559	3839	3734	2633	3525
0	2815	3839	788	2733	3491
256	2815	3839	985	2746	3499
512	2815	3839	1173	2758	3509
768	2815	3839	1365	2772	3519
1024	2815	3839	1569	2786	3526
1280	2815	3839	1762	2796	3533
1536	2815	3839	1950	2805	3539
1792	2815	3839	2137	2815	3546
2048	2815	3839	2326	2826	3551
2303	2815	3839	2527	2830	3552
2559	2815	3839	2720	2835	3546
2815	2815	3839	2906	2839	3537
3071	2815	3839	3090	2843	3536
3327	2815	3839	3273	2854	3541
3583	2815	3839	3451	2862	3537
3839	2815	3839	3625	2867	3533
4095	2815	3839	3781	2875	3537
0	3071	3839	847	2984	3506
256	3071	3839	1045	2999	3517
512	3071	3839	1228	3012	3521
768	3071	3839	1427	3025	3527
1024	3071	3839	1626	3039	3535
1280	3071	3839	1817	3054	3545
1536	3071	3839	2005	3062	3549
1792	3071	3839	2194	3074	3552
2048	3071	3839	2385	3084	3555
2303	3071	3839	2586	3085	3558
2559	3071	3839	2773	3087	3554
2815	3071	3839	2957	3095	3550
3071	3071	3839	3140	3106	3553
3327	3071	3839	3329	3109	3556
3583	3071	3839	3507	3115	3549
3839	3071	3839	3672	3124	3549
4095	3071	3839	3830	3133	3553
0	3327	3839	910	3239	3520
256	3327	3839	1101	3253	3529
512	3327	3839	1287	3267	3536
768	3327	3839	1490	3274	3541
1024	3327	3839	1685	3287	3549
1280	3327	3839	1875	3302	3557
1536	3327	3839	2065	3316	3561
1792	3327	3839	2253	3321	3567
2048	3327	3839	2448	3322	3567
2303	3327	3839	2643	3324	3561
2559	3327	3839	2831	3334	3564
2815	3327	3839	3014	3339	3561
3071	3327	3839	3202	3347	3573
3327	3327	3839	3393	3360	3570
3583	3327	3839	3562	3368	3573
3839	3327	3839	3723	3371	3574
4095	3327	3839	3886	3374	3571
0	3583	3839	972	3473	3541
256	3583	3839	1161	3486	3548
512	3583	3839	1352	3497	3555
768	3583	3839	1555	3506	3559
1024	3583	3839	1746	3518	3566
1280	3583	3839	1937	3529	3574
1536	3583	3839	2124	3537	3581
1792	3583	3839	2312	3541	3585
2048	3583	3839	2506	3542	3580
2303	3583	3839	2698	3546	3576
2559	3583	3839	2890	3552	3582
2815	3583	3839	3071	3560	3586
3071	3583	3839	3260	3572	3586
3327	3583	3839	3442	3580	3587
3583	3583	3839	3615	3581	3584
3839	3583	3839	3783	3593	3588
4095	3583	3839	3944	3600	3587
0	3839	3839	1035	3697	3564
256	3839	3839	1220	3709	3567
512	3839	3839	1417	3721	3573
768	3839	3839	1616	3731	3582
1024	3839	3839	1804	3739	3586
1280	3839	3839	1993	3747	3592
1536	3839	3839	2183	3754	3593
1792	3839	3839	2371	3758	3592
2048	3839	3839	2562	3755	3595
2303	3839	3839	2759	3765	3591
2559	3839	3839	2948	3777	3592
2815	3839	3839	3127	3787	3592
3071	3839	3839	3317	3788	3602
3327	3839	3839	3499	3797	3602
3583	3839	3839	3669	3809	3601
3839	3839	3839	3829	3818	3605
4095	3839	3839	3995	3820	3604
0	4095	3839	1093	3919	3582
256	4095	3839	1277	3926	3584
512	4095	3839	1480	3938	3592
768	4095	3839	1676	3948	3601
1024	4095	3839	1864	3957	3605
1280	4095	3839	2053	3965	3610
1536	4095	3839	2241	3969	3606
1792	4095	3839	2433	3971	3605
2048	4095	3839	2629	3976	3605
2303	4095	3839	2822	3987	3603
2559	4095	3839	3001	3995	3608
2815	4095	3839	3185	4001	3614
3071	4095	3839	3380	4004	3616
3327	4095	3839	3551	4017	3619
3583	4095	3839	3721	4026	3620
3839	4095	3839	3889	4035	3624
4095	4095	3839	4057	4049	3627
0	0	4095	182	18	3628
256	0	4095	372	27	3610
512	0	4095	560	36	3603
768	0	4095	753	45	3606
1024	0	4095	948	53	3604
1280	0	4095	1136	62	3599
1536	0	4095	1320	69	3606
1792	0	4095	1523	78	3611
2048	0	4095	1716	87	3621
2303	0	4095	1903	95	3633
2559	0	4095	2091	104	3640
2815	0	4095	2280	112	3648
3071	0	4095	2472	120	3650
3327	0	4095	2663	129	3649
3583	0	4095	2847	138	3655
3839	0	4095	3026	146	3656
4095	0	4095	3207	154	3662
0	256	4095	228	261	3542
256	256	4095	409	270	3544
512	256	4095	594	279	3541
768	256	4095	784	287	3531
1024	256	4095	973	295	3534
1280	256	4095	1155	302	3531
1536	256	4095	1341	310	3530
1792	256	4095	1542	318	3532
2048	256	4095	1732	327	3535
2303	256	4095	1916	335	3539
2559	256	4095	2103	343	3541
2815	256	4095	2292	352	3544
3071	256	4095	2487	360	3539
3327	256	4095	2677	367	3534
3583	256	4095	2861	375	3529
3839	256	4095	3046	383	3533
4095	256	4095	3227	392	3526
0	512	4095	284	499	3555
256	512	4095	470	513	3589
512	512	4095	661	522	3580
768	512	4095	851	530	3581
1024	512	4095	1041	537	3573
1280	512	4095	1224	546	3576
1536	512	4095	1419	554	3576
1792	512	4095	1615	562	3576
2048	512	4095	1806	571	3580
2303	512	4095	1987	580	3583
2559	512	4095	2174	588	3580
2815	512	4095	2368	598	3576
3071	512	4095	2565	605	3579
3327	512	4095	2750	612	3570
3583	512	4095	2933	619	3564
3839	512	4095	3115	626	3571
4095	512	4095	3296	635	3573
0	768	4095	340	751	3574
256	768	4095	527	765	3610
512	768	4095	722	776	3608
768	768	4095	915	785	3610
1024	768	4095	1103	792	3603
1280	768	4095	1285	801	3603
1536	768	4095	1485	807	3607
1792	768	4095	1682	816	3612
2048	768	4095	1872	826	3613
2303	768	4095	2052	834	3616
2559	768	4095	2240	842	3622
2815	768	4095	2436	850	3615
3071	768	4095	2631	857	3605
3327	768	4095	2815	864	3606
3583	768	4095	2998	871	3601
3839	768	4095	3179	878	3597
4095	768	4095	3360	887	3597
0	1024	4095	397	1003	3583
256	1024	4095	585	1019	3613
512	1024	4095	780	1032	3626
768	1024	4095	979	1043	3644
1024	1024	4095	1166	1051	3633
1280	1024	4095	1353	1058	3634
1536	1024	4095	1554	1063	3640
1792	1024	4095	1750	1073	3646
2048	1024	4095	1936	1082	3645
2303	1024	4095	2115	1088	3640
2559	1024	4095	2302	1094	3641
2815	1024	4095	2499	1099	3634
3071	1024	4095	2692	1105	3629
3327	1024	4095	2877	1113	3624
3583	1024	4095	3062	1119	3620
3839	1024	4095	3243	1127	3617
4095	1024	4095	3426	1137	3623
0	1280	4095	451	1242	3593
256	1280	4095	645	1257	3623
512	1280	4095	840	1269	3636
768	1280	4095	1037	1280	3649
1024	1280	4095	1223	1289	3654
1280	1280	4095	1420	1298	3658
1536	1280	4095	1619	1307	3665
1792	1280	4095	1813	1316	3670
2048	1280	4095	1996	1324	3666
2303	1280	4095	2182	1332	3664
2559	1280	4095	2370	1340	3660
2815	1280	4095	2568	1346	3657
3071	1280	4095	2755	1352	3647
3327	1280	4095	2939	1358	3640
3583	1280	4095	3123	1366	3641
3839	1280	4095	3305	1375	3641
4095	1280	4095	3491	1387	3649
0	1536	4095	509	1503	3627
256	1536	4095	702	1515	3640
512	1536	4095	899	1526	3653
768	1536	4095	1092	1540	3663
1024	1536	4095	1281	1554	3669
1280	1536	4095	1485	1568	3677
1536	1536	4095	1684	1578	3686
1792	1536	4095	1877	1586	3696
2048	1536	4095	2064	1597	3691
2303	1536	4095	2247	1601	3686
2559	1536	4095	2439	1606	3680
2815	1536	4095	2636	1613	3672
3071	1536	4095	2819	1616	3669
3327	1536	4095	3004	1620	3662
3583	1536	4095	3187	1626	3659
3839	1536	4095	3371	1634	3666
4095	1536	4095	3557	1647	3675
0	1792	4095	568	1755	3646
256	1792	4095	762	1767	3657
512	1792	4095	961	1781	3664
768	1792	4095	1151	1794	3675
1024	1792	4095	1342	1805	3685
1280	1792	4095	1548	1816	3692
1536	1792	4095	1749	1831	3706
1792	1792	4095	1940	1842	3709
2048	1792	4095	2124	1849	3709
2303	1792	4095	2311	1857	3707
2559	1792	4095	2510	1861	3701
2815	1792	4095	2702	1864	3693
3071	1792	4095	2885	1865	3682
3327	1792	4095	3066	1870	3682
3583	1792	4095	3252	1878	3686
3839	1792	4095	3439	1887	3694
4095	1792	4095	3621	1897	3697
0	2048	4095	628	1996	3664
256	2048	4095	823	2009	3673
512	2048	4095	1021	2022	3679
768	2048	4095	1209	2033	3688
1024	2048	4095	1407	2046	3697
1280	2048	4095	1614	2061	3707
1536	2048	4095	1811	2073	3720
1792	2048	4095	2000	2084	3730
2048	2048	4095	2188	2092	3726
2303	2048	4095	2373	2097	3719
2559	2048	4095	2574	2101	3715
2815	2048	4095	2761	2106	3706
3071	2048	4095	2944	2111	3702
3327	2048	4095	3128	2117	3701
3583	2048	4095	3317	2130	3708
3839	2048	4095	3498	2139	3712
4095	2048	4095	3670	2147	3716
0	2303	4095	688	2255	3675
256	2303	4095	883	2266	3686
512	2303	4095	1078	2278	3697
768	2303	4095	1267	2294	3702
1024	2303	4095	1471	2307	3714
1280	2303	4095	1671	2321	3723
1536	2303	4095	1866	2334	3733
1792	2303	4095	2053	2343	3739
2048	2303	4095	2243	2353	3742
2303	2303	4095	2437	2359	3738
2559	2303	4095	2634	2360	3721
2815	2303	4095	2820	2367	3720
3071	2303	4095	3003	2373	3715
3327	2303	4095	3185	2378	3717
3583	2303	4095	3372	2388	3723
3839	2303	4095	3550	2394	3726
4095	2303	4095	3717	2402	3729
0	2559	4095	746	2508	3685
256	2559	4095	944	2518	3696
512	2559	4095	1135	2531	3708
768	2559	4095	1326	2547	3719
1024	2559	4095	1531	2560	3726
1280	2559	4095	1727	2571	3732
1536	2559	4095	1917	2582	3738
1792	2559	4095	2107	2591	3748
2048	2559	4095	2297	2600	3750
2303	2559	4095	2494	2607	3749
2559	2559	4095	2689	2613	3741
2815	2559	4095	2873	2614	3736
3071	2559	4095	3057	2619	3730
3327	2559	4095	3243	2625	3734
3583	2559	4095	3427	2635	3740
3839	2559	4095	3606	2646	3742
4095	2559	4095	3764	2650	3742
0	2815	4095	805	2750	3700
256	2815	4095	1004	2761	3708
512	2815	4095	1192	2774	3719
768	2815	4095	1386	2786	3728
1024	2815	4095	1590	2799	3734
1280	2815	4095	1783	2810	3742
1536	2815	4095	1972	2821	3746
1792	2815	4095	2161	2831	3754
2048	2815	4095	2351	2840	3753
2303	2815	4095	2550	2842	3756
2559	2815	4095	2745	2847	3754
2815	2815	4095	2934	2854	3753
3071	2815	4095	3114	2859	3748
3327	2815	4095	3301	2869	3751
3583	2815	4095	3481	2877	3750
3839	2815	4095	3651	2884	3752
4095	2815	4095	3813	2892	3754
0	3071	4095	865	3001	3713
256	3071	4095	1061	3016	3725
512	3071	4095	1247	3030	3730
768	3071	4095	1448	3043	3738
1024	3071	4095	1646	3054	3745
1280	3071	4095	1837	3066	3752
1536	3071	4095	2026	3079	3759
1792	3071	4095	2215	3088	3761
2048	3071	4095	2408	3094	3760
2303	3071	4095	2608	3096	3762
2559	3071	4095	2801	3103	3763
2815	3071	4095	2986	3111	3770
3071	3071	4095	3167	3118	3765
3327	3071	4095	3359	3125	3761
3583	3071	4095	3531	3133	3763
3839	3071	4095	3697	3142	3763
4095	3071	4095	3862	3153	3765
0	3327	4095	928	3256	3730
256	3327	4095	1119	3270	3740
512	3327	4095	1307	3284	3747
768	3327	4095	1512	3292	3751
1024	3327	4095	1706	3303	3758
1280	3327	4095	1897	3316	3764
1536	3327	4095	2088	3330	3773
1792	3327	4095	2273	3332	3774
2048	3327	4095	2471	3336	3771
2303	3327	4095	2669	3342	3772
2559	3327	4095	2861	3351	3777
2815	3327	4095	3043	3358	3780
3071	3327	4095	3230	3365	3782
3327	3327	4095	3417	3375	3779
3583	3327	4095	3592	3389	3781
3839	3327	4095	3753	3394	3782
4095	3327	4095	3918	3398	3789
0	3583	4095	992	3493	3753
256	3583	4095	1180	3505	3760
512	3583	4095	1372	3517	3766
768	3583	4095	1579	3526	3773
1024	3583	4095	1768	3535	3776
1280	3583	4095	1957	3546	3784
1536	3583	4095	2145	3553	3790
1792	3583	4095	2330	3552	3790
2048	3583	4095	2536	3564	3789
2303	3583	4095	2732	3570	3794
2559	3583	4095	2917	3573	3796
2815	3583	4095	3094	3581	3799
3071	3583	4095	3287	3593	3795
3327	3583	4095	3471	3602	3802
3583	3583	4095	3642	3607	3799
3839	3583	4095	3804	3609	3803
4095	3583	4095	3976	3622	3807
0	3839	4095	1055	3724	3780
256	3839	4095	1240	3733	3784
512	3839	4095	1440	3743	3792
768	3839	4095	1639	3754	3797
1024	3839	4095	1825	3762	3802
1280	3839	4095	2016	3771	3805
1536	3839	4095	2206	3775	3805
1792	3839	4095	2397	3779	3802
2048	3839	4095	2598	3789	3804
2303	3839	4095	2791	3792	3812
2559	3839	4095	2976	3799	3812
2815	3839	4095	3156	3812	3807
3071	3839	4095	3350	3819	3811
3327	3839	4095	3525	3824	3813
3583	3839	4095	3696	3831	3815
3839	3839	4095	3869	3841	3819
4095	3839	4095	4037	3855	3822
0	4095	4095	1114	3948	3805
256	4095	4095	1300	3951	3809
512	4095	4095	1504	3962	3813
768	4095	4095	1697	3972	3818
1024	4095	4095	1884	3980	3822
1280	4095	4095	2075	3986	3826
1536	4095	4095	2268	3995	3828
1792	4095	4095	2464	4000	3827
2048	4095	4095	2658	4003	3826
2303	4095	4095	2852	4013	3830
2559	4095	4095	3032	4021	3831
2815	4095	4095	3217	4027	3826
3071	4095	4095	3409	4030	3829
3327	4095	4095	3578	4039	3832
3583	4095	4095	3748	4050	3838
3839	4095	4095	3920	4063	3836
4095	4095	4095	4095	4077	3840
