0	0	0	0	0	0
256	0	0	222	1	0
512	0	0	437	2	0
768	0	0	654	3	0
1024	0	0	873	4	0
1280	0	0	1092	4	0
1536	0	0	1310	5	0
1792	0	0	1528	4	0
2048	0	0	1746	5	0
2303	0	0	1964	6	0
2559	0	0	2182	7	0
2815	0	0	2413	7	0
3071	0	0	2634	8	0
3327	0	0	2853	9	0
3583	0	0	3077	10	0
3839	0	0	3298	10	0
4095	0	0	3508	11	0
0	256	0	17	243	2
256	256	0	236	244	2
512	256	0	448	244	2
768	256	0	663	244	2
1024	256	0	882	245	2
1280	256	0	1098	245	2
1536	256	0	1312	246	2
1792	256	0	1527	245	2
2048	256	0	1741	246	3
2303	256	0	1956	246	3
2559	256	0	2172	248	2
2815	256	0	2397	248	2
3071	256	0	2622	249	2
3327	256	0	2838	250	1
3583	256	0	3060	249	1
3839	256	0	3277	251	1
4095	256	0	3483	252	2
0	512	0	32	480	4
256	512	0	250	479	4
512	512	0	464	480	4
768	512	0	680	481	4
1024	512	0	900	480	4
1280	512	0	1116	480	4
1536	512	0	1330	479	4
1792	512	0	1544	479	4
2048	512	0	1759	478	4
2303	512	0	1977	480	4
2559	512	0	2190	481	4
2815	512	0	2421	482	4
3071	512	0	2644	481	4
3327	512	0	2863	482	4
3583	512	0	3088	483	4
3839	512	0	3305	485	3
4095	512	0	3506	486	3
0	768	0	48	722	7
256	768	0	266	719	6
512	768	0	479	721	6
768	768	0	696	720	6
1024	768	0	914	718	6
1280	768	0	1128	717	6
1536	768	0	1344	717	6
1792	768	0	1561	717	6
2048	768	0	1779	719	6
2303	768	0	1993	720	6
2559	768	0	2210	722	6
2815	768	0	2440	721	6
3071	768	0	2662	721	6
3327	768	0	2880	722	6
3583	768	0	3098	722	6
3839	768	0	3309	722	6
4095	768	0	3514	724	6
0	1024	0	64	966	9
256	1024	0	281	964	9
512	1024	0	494	965	9
768	1024	0	708	962	8
1024	1024	0	930	963	8
1280	1024	0	1143	962	8
1536	1024	0	1361	962	8
1792	1024	0	1579	964	8
2048	1024	0	1797	966	8
2303	1024	0	2010	967	8
2559	1024	0	2225	967	8
2815	1024	0	2454	966	8
3071	1024	0	2672	964	8
3327	1024	0	2888	964	8
3583	1024	0	3117	966	8
3839	1024	0	3328	969	8
4095	1024	0	3535	972	8
0	1280	0	79	1208	10
256	1280	0	295	1204	10
512	1280	0	508	1206	10
768	1280	0	726	1206	10
1024	1280	0	945	1207	10
1280	1280	0	1160	1208	10
1536	1280	0	1377	1208	10
1792	1280	0	1593	1207	10
2048	1280	0	1810	1208	10
2303	1280	0	2025	1209	10
2559	1280	0	2240	1209	10
2815	1280	0	2466	1206	10
3071	1280	0	2688	1207	10
3327	1280	0	2906	1208	10
3583	1280	0	3134	1210	10
3839	1280	0	3343	1213	10
4095	1280	0	3550	1215	9
0	1536	0	96	1452	12
256	1536	0	310	1447	12
512	1536	0	523	1446	12
768	1536	0	740	1448	12
1024	1536	0	962	1450	12
1280	1536	0	1176	1452	12
1536	1536	0	1395	1453	12
1792	1536	0	1612	1452	12
2048	1536	0	1830	1455	12
2303	1536	0	2043	1456	12
2559	1536	0	2258	1454	12
2815	1536	0	2488	1453	12
3071	1536	0	2708	1454	12
3327	1536	0	2926	1454	12
3583	1536	0	3156	1457	12
3839	1536	0	3363	1459	11
4095	1536	0	3569	1460	12
0	1792	0	112	1695	14
256	1792	0	326	1688	14
512	1792	0	540	1687	14
768	1792	0	758	1689	14
1024	1792	0	979	1693	14
1280	1792	0	1192	1695	14
1536	1792	0	1414	1696	14
1792	1792	0	1631	1698	14
2048	1792	0	1846	1696	14
2303	1792	0	2057	1695	14
2559	1792	0	2278	1695	14
2815	1792	0	2507	1696	13
3071	1792	0	2729	1698	13
3327	1792	0	2949	1700	12
3583	1792	0	3175	1700	12
3839	1792	0	3382	1706	12
4095	1792	0	3595	1710	13
0	2048	0	127	1932	16
256	2048	0	342	1924	16
512	2048	0	555	1926	16
768	2048	0	774	1928	16
1024	2048	0	994	1934	16
1280	2048	0	1210	1938	16
1536	2048	0	1430	1938	15
1792	2048	0	1645	1934	15
2048	2048	0	1862	1934	15
2303	2048	0	2076	1934	15
2559	2048	0	2298	1936	15
2815	2048	0	2528	1937	15
3071	2048	0	2749	1938	15
3327	2048	0	2969	1939	15
3583	2048	0	3194	1942	15
3839	2048	0	3405	1948	15
4095	2048	0	3614	1951	14
0	2303	0	144	2170	18
256	2303	0	357	2165	18
512	2303	0	572	2170	18
768	2303	0	790	2172	18
1024	2303	0	1008	2175	18
1280	2303	0	1224	2180	17
1536	2303	0	1448	2183	17
1792	2303	0	1664	2178	17
2048	2303	0	1880	2177	17
2303	2303	0	2092	2178	17
2559	2303	0	2319	2182	17
2815	2303	0	2549	2184	17
3071	2303	0	2771	2185	17
3327	2303	0	2991	2186	17
3583	2303	0	3216	2186	17
3839	2303	0	3422	2193	17
4095	2303	0	3632	2194	17
0	2559	0	159	2425	20
256	2559	0	374	2420	20
512	2559	0	587	2424	20
768	2559	0	806	2424	20
1024	2559	0	1024	2428	20
1280	2559	0	1241	2431	19
1536	2559	0	1461	2431	19
1792	2559	0	1678	2431	19
2048	2559	0	1895	2434	19
2303	2559	0	2111	2438	19
2559	2559	0	2338	2440	19
2815	2559	0	2566	2440	19
3071	2559	0	2788	2442	19
3327	2559	0	3009	2445	19
3583	2559	0	3234	2447	19
3839	2559	0	3437	2450	19
4095	2559	0	3646	2452	19
0	2815	0	176	2665	22
256	2815	0	389	2661	22
512	2815	0	604	2665	22
768	2815	0	824	2668	22
1024	2815	0	1042	2670	22
1280	2815	0	1257	2669	22
1536	2815	0	1475	2668	22
1792	2815	0	1693	2670	22
2048	2815	0	1912	2673	21
2303	2815	0	2127	2675	21
2559	2815	0	2355	2677	21
2815	2815	0	2584	2680	21
3071	2815	0	2806	2682	21
3327	2815	0	3025	2682	21
3583	2815	0	3249	2687	21
3839	2815	0	3449	2685	21
4095	2815	0	3662	2691	21
0	3071	0	192	2905	24
256	3071	0	404	2903	24
512	3071	0	620	2908	24
768	3071	0	839	2912	24
1024	3071	0	1058	2912	24
1280	3071	0	1271	2908	24
1536	3071	0	1490	2911	24
1792	3071	0	1712	2919	24
2048	3071	0	1930	2920	24
2303	3071	0	2146	2927	24
2559	3071	0	2375	2929	24
2815	3071	0	2603	2931	24
3071	3071	0	2826	2932	23
3327	3071	0	3047	2934	23
3583	3071	0	3270	2938	23
3839	3071	0	3472	2939	23
4095	3071	0	3682	2943	23
0	3327	0	208	3156	26
256	3327	0	422	3155	26
512	3327	0	636	3156	26
768	3327	0	856	3158	26
1024	3327	0	1074	3160	26
1280	3327	0	1290	3158	26
1536	3327	0	1510	3160	26
1792	3327	0	1731	3168	26
2048	3327	0	1950	3173	26
2303	3327	0	2166	3175	26
2559	3327	0	2398	3179	26
2815	3327	0	2624	3180	25
3071	3327	0	2846	3180	25
3327	3327	0	3067	3180	25
3583	3327	0	3285	3181	25
3839	3327	0	3490	3186	24
4095	3327	0	3703	3192	24
0	3583	0	225	3383	28
256	3583	0	439	3387	28
512	3583	0	655	3389	28
768	3583	0	874	3386	28
1024	3583	0	1090	3384	28
1280	3583	0	1309	3387	28
1536	3583	0	1528	3390	28
1792	3583	0	1748	3397	28
2048	3583	0	1972	3406	28
2303	3583	0	2185	3407	28
2559	3583	0	2418	3407	28
2815	3583	0	2645	3411	28
3071	3583	0	2866	3412	28
3327	3583	0	3087	3412	27
3583	3583	0	3301	3412	27
3839	3583	0	3508	3416	27
4095	3583	0	3721	3422	27
0	3839	0	241	3617	30
256	3839	0	455	3625	30
512	3839	0	672	3628	30
768	3839	0	891	3625	30
1024	3839	0	1108	3622	30
1280	3839	0	1326	3626	30
1536	3839	0	1547	3632	30
1792	3839	0	1768	3636	30
2048	3839	0	1990	3644	30
2303	3839	0	2204	3648	30
2559	3839	0	2440	3648	29
2815	3839	0	2670	3654	29
3071	3839	0	2888	3653	29
3327	3839	0	3109	3654	29
3583	3839	0	3328	3659	29
3839	3839	0	3536	3664	29
4095	3839	0	3754	3672	29
0	4095	0	259	3864	32
256	4095	0	472	3867	32
512	4095	0	688	3866	32
768	4095	0	909	3864	32
1024	4095	0	1126	3864	32
1280	4095	0	1346	3869	32
1536	4095	0	1568	3877	32
1792	4095	0	1791	3884	31
2048	4095	0	2010	3889	31
2303	4095	0	2226	3893	31
2559	4095	0	2464	3897	31
2815	4095	0	2688	3894	31
3071	4095	0	2908	3896	31
3327	4095	0	3134	3903	31
3583	4095	0	3352	3909	31
3839	4095	0	3563	3915	31
4095	4095	0	3781	3922	31
0	0	256	13	1	224
256	0	256	233	3	224
512	0	256	448	4	223
768	0	256	663	4	223
1024	0	256	879	4	221
1280	0	256	1093	6	222
1536	0	256	1310	6	221
1792	0	256	1529	7	221
2048	0	256	1746	7	221
2303	0	256	1963	8	220
2559	0	256	2176	9	220
2815	0	256	2404	10	221
3071	0	256	2630	10	220
3327	0	256	2848	11	220
3583	0	256	3070	12	220
3839	0	256	3285	12	220
4095	0	256	3490	12	221
0	256	256	28	247	229
256	256	256	252	250	226
512	256	256	466	248	226
768	256	256	682	249	228
1024	256	256	900	248	227
1280	256	256	1114	249	226
1536	256	256	1330	250	224
1792	256	256	1546	249	224
2048	256	256	1760	250	223
2303	256	256	1970	250	222
2559	256	256	2185	251	222
2815	256	256	2412	250	222
3071	256	256	2632	250	221
3327	256	256	2848	251	220
3583	256	256	3070	252	220
3839	256	256	3282	252	221
4095	256	256	3486	253	221
0	512	256	44	485	232
256	512	256	266	487	234
512	512	256	481	488	234
768	512	256	698	487	232
1024	512	256	917	487	229
1280	512	256	1130	485	229
1536	512	256	1347	486	228
1792	512	256	1564	485	226
2048	512	256	1776	483	226
2303	512	256	1990	484	225
2559	512	256	2202	484	224
2815	512	256	2433	484	224
3071	512	256	2651	483	223
3327	512	256	2868	483	223
3583	512	256	3091	485	222
3839	512	256	3302	486	222
4095	512	256	3505	486	223
0	768	256	60	727	233
256	768	256	281	726	234
512	768	256	496	729	234
768	768	256	713	729	234
1024	768	256	934	728	232
1280	768	256	1146	726	231
1536	768	256	1361	724	230
1792	768	256	1576	724	229
2048	768	256	1794	723	227
2303	768	256	2006	724	227
2559	768	256	2222	724	226
2815	768	256	2451	725	226
3071	768	256	2670	723	226
3327	768	256	2889	724	226
3583	768	256	3110	726	225
3839	768	256	3314	724	224
4095	768	256	3514	723	224
0	1024	256	76	976	235
256	1024	256	296	975	234
512	1024	256	511	977	234
768	1024	256	729	976	234
1024	1024	256	950	975	234
1280	1024	256	1163	974	233
1536	1024	256	1380	974	232
1792	1024	256	1597	974	230
2048	1024	256	1812	974	230
2303	1024	256	2024	972	229
2559	1024	256	2240	972	228
2815	1024	256	2468	971	228
3071	1024	256	2687	970	228
3327	1024	256	2898	967	227
3583	1024	256	3119	969	227
3839	1024	256	3326	969	227
4095	1024	256	3534	971	226
0	1280	256	92	1218	237
256	1280	256	310	1219	236
512	1280	256	524	1219	236
768	1280	256	742	1218	236
1024	1280	256	963	1216	236
1280	1280	256	1175	1217	234
1536	1280	256	1394	1216	234
1792	1280	256	1611	1216	234
2048	1280	256	1827	1216	232
2303	1280	256	2041	1217	232
2559	1280	256	2259	1217	231
2815	1280	256	2486	1215	230
3071	1280	256	2700	1212	229
3327	1280	256	2912	1210	228
3583	1280	256	3136	1211	228
3839	1280	256	3343	1212	228
4095	1280	256	3550	1215	228
0	1536	256	109	1462	238
256	1536	256	326	1462	238
512	1536	256	540	1463	237
768	1536	256	758	1460	236
1024	1536	256	978	1460	236
1280	1536	256	1192	1462	235
1536	1536	256	1414	1462	235
1792	1536	256	1623	1458	234
2048	1536	256	1841	1460	233
2303	1536	256	2058	1464	234
2559	1536	256	2276	1463	234
2815	1536	256	2499	1458	233
3071	1536	256	2717	1455	231
3327	1536	256	2933	1455	231
3583	1536	256	3160	1458	230
3839	1536	256	3360	1458	230
4095	1536	256	3570	1461	230
0	1792	256	124	1705	240
256	1792	256	341	1701	239
512	1792	256	554	1700	238
768	1792	256	773	1699	236
1024	1792	256	992	1702	236
1280	1792	256	1205	1703	236
1536	1792	256	1427	1704	236
1792	1792	256	1644	1704	236
2048	1792	256	1861	1706	234
2303	1792	256	2070	1703	235
2559	1792	256	2288	1699	236
2815	1792	256	2514	1698	233
3071	1792	256	2737	1698	232
3327	1792	256	2952	1698	232
3583	1792	256	3177	1700	232
3839	1792	256	3378	1700	232
4095	1792	256	3587	1704	232
0	2048	256	141	1943	243
256	2048	256	357	1937	240
512	2048	256	570	1934	239
768	2048	256	789	1935	238
1024	2048	256	1008	1940	238
1280	2048	256	1222	1944	237
1536	2048	256	1441	1942	237
1792	2048	256	1659	1940	237
2048	2048	256	1873	1938	238
2303	2048	256	2085	1938	238
2559	2048	256	2308	1938	236
2815	2048	256	2536	1938	235
3071	2048	256	2754	1938	235
3327	2048	256	2972	1938	234
3583	2048	256	3200	1941	234
3839	2048	256	3400	1943	234
4095	2048	256	3610	1947	235
0	2303	256	156	2185	242
256	2303	256	371	2177	240
512	2303	256	584	2175	240
768	2303	256	802	2176	239
1024	2303	256	1022	2181	239
1280	2303	256	1236	2185	239
1536	2303	256	1457	2186	240
1792	2303	256	1674	2183	240
2048	2303	256	1891	2182	239
2303	2303	256	2103	2183	239
2559	2303	256	2330	2184	238
2815	2303	256	2555	2184	238
3071	2303	256	2773	2182	237
3327	2303	256	2993	2182	237
3583	2303	256	3216	2183	237
3839	2303	256	3415	2184	237
4095	2303	256	3626	2189	238
0	2559	256	172	2435	243
256	2559	256	386	2430	242
512	2559	256	600	2430	241
768	2559	256	818	2432	241
1024	2559	256	1036	2432	240
1280	2559	256	1251	2434	240
1536	2559	256	1472	2438	240
1792	2559	256	1686	2431	240
2048	2559	256	1905	2434	240
2303	2559	256	2117	2436	240
2559	2559	256	2342	2436	239
2815	2559	256	2570	2438	239
3071	2559	256	2790	2439	238
3327	2559	256	3008	2439	238
3583	2559	256	3232	2443	238
3839	2559	256	3433	2444	238
4095	2559	256	3644	2448	239
0	2815	256	189	2672	244
256	2815	256	401	2670	243
512	2815	256	616	2669	242
768	2815	256	834	2669	242
1024	2815	256	1052	2672	242
1280	2815	256	1267	2672	242
1536	2815	256	1486	2672	241
1792	2815	256	1702	2672	242
2048	2815	256	1921	2674	241
2303	2815	256	2133	2676	242
2559	2815	256	2362	2679	241
2815	2815	256	2590	2680	242
3071	2815	256	2810	2680	241
3327	2815	256	3030	2681	241
3583	2815	256	3250	2684	240
3839	2815	256	3449	2682	240
4095	2815	256	3658	2686	240
0	3071	256	204	2913	244
256	3071	256	416	2908	243
512	3071	256	631	2910	243
768	3071	256	850	2912	243
1024	3071	256	1068	2915	244
1280	3071	256	1282	2915	242
1536	3071	256	1499	2910	242
1792	3071	256	1718	2916	242
2048	3071	256	1936	2918	242
2303	3071	256	2150	2922	243
2559	3071	256	2380	2926	243
2815	3071	256	2604	2925	242
3071	3071	256	2826	2927	243
3327	3071	256	3048	2929	243
3583	3071	256	3267	2932	243
3839	3071	256	3470	2933	244
4095	3071	256	3680	2938	244
0	3327	256	220	3156	247
256	3327	256	433	3154	246
512	3327	256	647	3157	247
768	3327	256	866	3158	246
1024	3327	256	1082	3156	245
1280	3327	256	1298	3156	245
1536	3327	256	1517	3157	245
1792	3327	256	1735	3162	245
2048	3327	256	1955	3165	245
2303	3327	256	2168	3170	245
2559	3327	256	2399	3171	246
2815	3327	256	2624	3170	245
3071	3327	256	2842	3170	245
3327	3327	256	3064	3171	245
3583	3327	256	3282	3174	245
3839	3327	256	3486	3177	246
4095	3327	256	3693	3177	244
0	3583	256	236	3380	249
256	3583	256	448	3382	248
512	3583	256	663	3382	248
768	3583	256	882	3381	248
1024	3583	256	1098	3381	248
1280	3583	256	1313	3382	247
1536	3583	256	1532	3384	247
1792	3583	256	1750	3386	247
2048	3583	256	1971	3392	247
2303	3583	256	2185	3396	248
2559	3583	256	2418	3398	247
2815	3583	256	2645	3400	247
3071	3583	256	2862	3400	247
3327	3583	256	3087	3404	247
3583	3583	256	3301	3406	248
3839	3583	256	3501	3402	247
4095	3583	256	3714	3409	248
0	3839	256	254	3618	250
256	3839	256	466	3624	251
512	3839	256	681	3621	250
768	3839	256	901	3620	250
1024	3839	256	1116	3618	250
1280	3839	256	1332	3618	249
1536	3839	256	1552	3622	250
1792	3839	256	1771	3630	250
2048	3839	256	1991	3633	251
2303	3839	256	2204	3637	250
2559	3839	256	2440	3637	249
2815	3839	256	2665	3638	249
3071	3839	256	2883	3640	250
3327	3839	256	3104	3639	249
3583	3839	256	3318	3639	249
3839	3839	256	3524	3643	250
4095	3839	256	3739	3650	250
0	4095	256	270	3860	253
256	4095	256	483	3862	252
512	4095	256	698	3863	252
768	4095	256	918	3856	252
1024	4095	256	1132	3856	251
1280	4095	256	1349	3861	252
1536	4095	256	1568	3867	252
1792	4095	256	1792	3874	252
2048	4095	256	2012	3878	252
2303	4095	256	2226	3879	253
2559	4095	256	2460	3883	252
2815	4095	256	2684	3883	252
3071	4095	256	2899	3878	251
3327	4095	256	3123	3879	251
3583	4095	256	3338	3886	251
3839	4095	256	3547	3894	252
4095	4095	256	3762	3898	252
0	0	512	26	3	443
256	0	512	246	4	444
512	0	512	460	5	440
768	0	512	675	6	439
1024	0	512	894	6	438
1280	0	512	1106	6	436
1536	0	512	1324	7	436
1792	0	512	1544	8	436
2048	0	512	1762	9	436
2303	0	512	1978	9	435
2559	0	512	2190	10	435
2815	0	512	2419	11	434
3071	0	512	2643	12	433
3327	0	512	2860	12	432
3583	0	512	3084	12	433
3839	0	512	3298	13	434
4095	0	512	3504	14	435
0	256	512	41	248	446
256	256	512	264	250	448
512	256	512	479	252	448
768	256	512	696	251	446
1024	256	512	915	250	444
1280	256	512	1126	250	440
1536	256	512	1340	251	438
1792	256	512	1558	251	437
2048	256	512	1772	251	436
2303	256	512	1987	251	436
2559	256	512	2202	253	434
2815	256	512	2429	252	434
3071	256	512	2648	252	433
3327	256	512	2866	252	431
3583	256	512	3085	253	430
3839	256	512	3294	254	431
4095	256	512	3496	254	430
0	512	512	57	488	452
256	512	512	278	489	452
512	512	512	497	492	450
768	512	512	714	491	450
1024	512	512	933	490	448
1280	512	512	1145	488	444
1536	512	512	1362	487	443
1792	512	512	1580	487	441
2048	512	512	1795	486	441
2303	512	512	2011	487	440
2559	512	512	2225	488	439
2815	512	512	2458	488	438
3071	512	512	2677	488	437
3327	512	512	2888	486	434
3583	512	512	3108	487	434
3839	512	512	3316	487	434
4095	512	512	3520	488	435
0	768	512	74	728	453
256	768	512	294	731	453
512	768	512	512	735	454
768	768	512	730	734	454
1024	768	512	950	732	452
1280	768	512	1162	731	448
1536	768	512	1381	730	446
1792	768	512	1598	729	445
2048	768	512	1815	729	443
2303	768	512	2028	729	442
2559	768	512	2243	729	442
2815	768	512	2468	727	440
3071	768	512	2690	727	438
3327	768	512	2903	726	436
3583	768	512	3127	728	436
3839	768	512	3332	728	436
4095	768	512	3536	729	436
0	1024	512	89	977	453
256	1024	512	310	980	453
512	1024	512	525	981	454
768	1024	512	744	981	453
1024	1024	512	967	980	453
1280	1024	512	1179	980	450
1536	1024	512	1398	979	448
1792	1024	512	1614	978	447
2048	1024	512	1829	977	446
2303	1024	512	2042	976	445
2559	1024	512	2257	975	444
2815	1024	512	2484	974	442
3071	1024	512	2709	975	440
3327	1024	512	2922	974	440
3583	1024	512	3146	975	440
3839	1024	512	3349	975	439
4095	1024	512	3555	975	439
0	1280	512	106	1224	456
256	1280	512	324	1224	454
512	1280	512	540	1225	453
768	1280	512	759	1225	454
1024	1280	512	983	1226	453
1280	1280	512	1192	1226	452
1536	1280	512	1414	1225	450
1792	1280	512	1629	1222	449
2048	1280	512	1844	1222	447
2303	1280	512	2056	1221	445
2559	1280	512	2274	1220	445
2815	1280	512	2506	1221	442
3071	1280	512	2725	1219	442
3327	1280	512	2939	1218	442
3583	1280	512	3167	1221	440
3839	1280	512	3370	1220	441
4095	1280	512	3578	1222	440
0	1536	512	122	1468	457
256	1536	512	340	1467	454
512	1536	512	556	1470	454
768	1536	512	776	1472	454
1024	1536	512	998	1472	453
1280	1536	512	1209	1471	453
1536	1536	512	1431	1469	451
1792	1536	512	1646	1467	450
2048	1536	512	1861	1468	448
2303	1536	512	2074	1470	448
2559	1536	512	2296	1468	446
2815	1536	512	2521	1464	446
3071	1536	512	2744	1466	444
3327	1536	512	2957	1464	442
3583	1536	512	3184	1464	442
3839	1536	512	3387	1467	443
4095	1536	512	3597	1469	443
0	1792	512	138	1711	459
256	1792	512	356	1708	454
512	1792	512	572	1713	455
768	1792	512	793	1717	456
1024	1792	512	1013	1716	454
1280	1792	512	1227	1717	454
1536	1792	512	1447	1713	453
1792	1792	512	1666	1713	452
2048	1792	512	1882	1713	450
2303	1792	512	2095	1715	450
2559	1792	512	2317	1714	450
2815	1792	512	2545	1713	446
3071	1792	512	2765	1713	446
3327	1792	512	2980	1710	445
3583	1792	512	3208	1714	445
3839	1792	512	3406	1712	445
4095	1792	512	3608	1710	445
0	2048	512	154	1952	461
256	2048	512	370	1946	456
512	2048	512	586	1950	457
768	2048	512	808	1955	457
1024	2048	512	1028	1954	456
1280	2048	512	1237	1949	455
1536	2048	512	1459	1949	455
1792	2048	512	1680	1950	454
2048	2048	512	1898	1953	454
2303	2048	512	2113	1956	453
2559	2048	512	2338	1955	452
2815	2048	512	2564	1953	450
3071	2048	512	2784	1952	449
3327	2048	512	3000	1951	447
3583	2048	512	3221	1950	448
3839	2048	512	3418	1948	448
4095	2048	512	3628	1952	447
0	2303	512	169	2194	462
256	2303	512	386	2192	456
512	2303	512	602	2193	457
768	2303	512	822	2195	458
1024	2303	512	1042	2195	457
1280	2303	512	1251	2191	454
1536	2303	512	1475	2191	454
1792	2303	512	1693	2191	454
2048	2303	512	1912	2196	454
2303	2303	512	2127	2198	455
2559	2303	512	2354	2198	454
2815	2303	512	2579	2196	453
3071	2303	512	2799	2194	452
3327	2303	512	3018	2195	450
3583	2303	512	3234	2191	450
3839	2303	512	3431	2192	449
4095	2303	512	3647	2198	448
0	2559	512	186	2446	464
256	2559	512	401	2443	458
512	2559	512	618	2447	458
768	2559	512	837	2446	458
1024	2559	512	1052	2444	458
1280	2559	512	1269	2445	456
1536	2559	512	1490	2444	455
1792	2559	512	1710	2448	455
2048	2559	512	1928	2453	455
2303	2559	512	2142	2452	456
2559	2559	512	2370	2454	456
2815	2559	512	2598	2455	454
3071	2559	512	2816	2453	452
3327	2559	512	3032	2450	452
3583	2559	512	3250	2452	451
3839	2559	512	3452	2453	451
4095	2559	512	3662	2457	451
0	2815	512	202	2684	467
256	2815	512	417	2687	459
512	2815	512	634	2689	458
768	2815	512	853	2687	459
1024	2815	512	1070	2686	456
1280	2815	512	1286	2688	456
1536	2815	512	1509	2690	456
1792	2815	512	1728	2692	456
2048	2815	512	1945	2692	456
2303	2815	512	2158	2694	456
2559	2815	512	2390	2696	455
2815	2815	512	2616	2697	455
3071	2815	512	2834	2694	454
3327	2815	512	3050	2691	452
3583	2815	512	3267	2693	452
3839	2815	512	3470	2694	452
4095	2815	512	3683	2698	453
0	3071	512	218	2925	468
256	3071	512	433	2926	460
512	3071	512	648	2930	461
768	3071	512	869	2929	461
1024	3071	512	1084	2927	459
1280	3071	512	1300	2927	458
1536	3071	512	1522	2929	458
1792	3071	512	1742	2934	458
2048	3071	512	1960	2936	458
2303	3071	512	2175	2941	458
2559	3071	512	2406	2942	458
2815	3071	512	2630	2940	456
3071	3071	512	2847	2938	456
3327	3071	512	3066	2936	454
3583	3071	512	3284	2938	455
3839	3071	512	3488	2942	455
4095	3071	512	3702	2947	456
0	3327	512	235	3172	469
256	3327	512	450	3176	460
512	3327	512	664	3174	460
768	3327	512	884	3171	461
1024	3327	512	1100	3172	459
1280	3327	512	1318	3174	458
1536	3327	512	1540	3177	459
1792	3327	512	1760	3182	458
2048	3327	512	1978	3184	459
2303	3327	512	2193	3189	458
2559	3327	512	2427	3191	459
2815	3327	512	2646	3184	458
3071	3327	512	2863	3181	458
3327	3327	512	3085	3181	456
3583	3327	512	3302	3184	456
3839	3327	512	3508	3190	457
4095	3327	512	3720	3196	458
0	3583	512	252	3399	463
256	3583	512	465	3407	463
512	3583	512	680	3402	463
768	3583	512	901	3399	462
1024	3583	512	1117	3401	460
1280	3583	512	1335	3404	461
1536	3583	512	1557	3408	461
1792	3583	512	1777	3411	460
2048	3583	512	1998	3416	461
2303	3583	512	2209	3419	461
2559	3583	512	2440	3412	461
2815	3583	512	2665	3415	461
3071	3583	512	2883	3413	458
3327	3583	512	3107	3415	458
3583	3583	512	3324	3421	458
3839	3583	512	3531	3426	459
4095	3583	512	3745	3430	460
0	3839	512	267	3640	465
256	3839	512	481	3640	465
512	3839	512	696	3637	465
768	3839	512	918	3636	464
1024	3839	512	1133	3638	463
1280	3839	512	1353	3642	463
1536	3839	512	1574	3646	462
1792	3839	512	1795	3649	462
2048	3839	512	2013	3652	463
2303	3839	512	2226	3650	462
2559	3839	512	2462	3650	462
2815	3839	512	2684	3649	461
3071	3839	512	2902	3649	462
3327	3839	512	3127	3653	461
3583	3839	512	3344	3660	462
3839	3839	512	3553	3664	463
4095	3839	512	3767	3668	462
0	4095	512	284	3878	468
256	4095	512	499	3882	467
512	4095	512	716	3883	468
768	4095	512	938	3885	467
1024	4095	512	1154	3884	465
1280	4095	512	1374	3887	465
1536	4095	512	1595	3891	465
1792	4095	512	1816	3895	466
2048	4095	512	2034	3897	466
2303	4095	512	2246	3893	465
2559	4095	512	2481	3894	464
2815	4095	512	2704	3894	464
3071	4095	512	2923	3895	465
3327	4095	512	3151	3901	465
3583	4095	512	3366	3906	466
3839	4095	512	3574	3910	466
4095	4095	512	3788	3915	467
0	0	768	38	4	678
256	0	768	260	6	677
512	0	768	473	6	677
768	0	768	690	6	677
1024	0	768	910	8	675
1280	0	768	1123	8	674
1536	0	768	1340	8	672
1792	0	768	1558	9	670
2048	0	768	1774	10	670
2303	0	768	1991	11	670
2559	0	768	2204	11	668
2815	0	768	2435	12	668
3071	0	768	2661	12	668
3327	0	768	2879	14	667
3583	0	768	3102	14	668
3839	0	768	3316	14	668
4095	0	768	3524	14	670
0	256	768	54	250	686
256	256	768	276	251	686
512	256	768	492	253	686
768	256	768	710	252	684
1024	256	768	929	253	680
1280	256	768	1142	253	678
1536	256	768	1358	253	676
1792	256	768	1577	253	674
2048	256	768	1793	254	674
2303	256	768	2006	254	672
2559	256	768	2220	255	670
2815	256	768	2449	254	669
3071	256	768	2667	254	666
3327	256	768	2882	254	666
3583	256	768	3102	255	664
3839	256	768	3312	256	665
4095	256	768	3514	256	666
0	512	768	70	490	688
256	512	768	293	492	688
512	512	768	510	494	688
768	512	768	728	494	689
1024	512	768	948	492	685
1280	512	768	1160	492	684
1536	512	768	1382	492	682
1792	512	768	1599	492	680
2048	512	768	1815	490	678
2303	512	768	2028	491	676
2559	512	768	2242	490	674
2815	512	768	2472	491	673
3071	512	768	2692	489	672
3327	512	768	2907	490	671
3583	512	768	3130	490	670
3839	512	768	3338	492	671
4095	512	768	3544	492	671
0	768	768	86	733	692
256	768	768	308	736	691
512	768	768	526	738	693
768	768	768	747	740	692
1024	768	768	970	738	691
1280	768	768	1183	738	687
1536	768	768	1402	736	685
1792	768	768	1617	734	683
2048	768	768	1832	733	681
2303	768	768	2045	734	679
2559	768	768	2264	733	678
2815	768	768	2493	733	676
3071	768	768	2713	732	676
3327	768	768	2927	732	674
3583	768	768	3153	734	675
3839	768	768	3359	734	674
4095	768	768	3566	735	674
0	1024	768	102	981	692
256	1024	768	323	982	693
512	1024	768	540	986	694
768	1024	768	763	989	696
1024	1024	768	986	990	695
1280	1024	768	1200	990	692
1536	1024	768	1416	986	689
1792	1024	768	1633	983	687
2048	1024	768	1849	982	684
2303	1024	768	2064	982	682
2559	1024	768	2282	982	680
2815	1024	768	2512	982	680
3071	1024	768	2735	984	679
3327	1024	768	2946	981	679
3583	1024	768	3172	982	678
3839	1024	768	3376	982	676
4095	1024	768	3577	982	675
0	1280	768	118	1226	694
256	1280	768	337	1227	692
512	1280	768	556	1231	694
768	1280	768	778	1236	695
1024	1280	768	1000	1235	694
1280	1280	768	1212	1233	694
1536	1280	768	1432	1231	692
1792	1280	768	1650	1231	687
2048	1280	768	1866	1229	686
2303	1280	768	2078	1229	684
2559	1280	768	2300	1228	683
2815	1280	768	2530	1229	682
3071	1280	768	2748	1226	681
3327	1280	768	2962	1226	678
3583	1280	768	3191	1228	679
3839	1280	768	3386	1223	679
4095	1280	768	3592	1225	678
0	1536	768	135	1472	695
256	1536	768	354	1472	691
512	1536	768	571	1478	693
768	1536	768	793	1480	696
1024	1536	768	1014	1478	693
1280	1536	768	1228	1479	693
1536	1536	768	1451	1480	692
1792	1536	768	1667	1478	689
2048	1536	768	1884	1476	688
2303	1536	768	2098	1476	687
2559	1536	768	2319	1475	685
2815	1536	768	2544	1472	684
3071	1536	768	2766	1474	682
3327	1536	768	2980	1472	680
3583	1536	768	3206	1472	680
3839	1536	768	3404	1472	680
4095	1536	768	3612	1473	678
0	1792	768	151	1715	696
256	1792	768	370	1715	691
512	1792	768	588	1721	695
768	1792	768	810	1724	696
1024	1792	768	1029	1721	694
1280	1792	768	1244	1722	692
1536	1792	768	1466	1721	692
1792	1792	768	1685	1722	693
2048	1792	768	1901	1722	691
2303	1792	768	2115	1722	689
2559	1792	768	2338	1721	688
2815	1792	768	2566	1720	686
3071	1792	768	2784	1718	685
3327	1792	768	2999	1717	682
3583	1792	768	3226	1719	682
3839	1792	768	3422	1717	682
4095	1792	768	3630	1718	682
0	2048	768	168	1956	699
256	2048	768	384	1956	692
512	2048	768	602	1961	695
768	2048	768	824	1962	697
1024	2048	768	1044	1960	694
1280	2048	768	1258	1960	693
1536	2048	768	1483	1961	693
1792	2048	768	1700	1962	693
2048	2048	768	1920	1964	693
2303	2048	768	2134	1964	692
2559	2048	768	2360	1964	691
2815	2048	768	2585	1961	690
3071	2048	768	2802	1957	688
3327	2048	768	3018	1956	685
3583	2048	768	3242	1959	686
3839	2048	768	3443	1961	686
4095	2048	768	3651	1962	684
0	2303	768	183	2200	701
256	2303	768	400	2200	694
512	2303	768	616	2203	696
768	2303	768	838	2202	697
1024	2303	768	1056	2203	695
1280	2303	768	1272	2204	694
1536	2303	768	1498	2206	695
1792	2303	768	1715	2204	695
2048	2303	768	1933	2207	695
2303	2303	768	2149	2209	695
2559	2303	768	2373	2206	694
2815	2303	768	2597	2202	692
3071	2303	768	2816	2200	688
3327	2303	768	3035	2199	688
3583	2303	768	3254	2200	688
3839	2303	768	3460	2203	688
4095	2303	768	3670	2208	688
0	2559	768	199	2452	702
256	2559	768	416	2456	696
512	2559	768	634	2458	698
768	2559	768	854	2457	698
1024	2559	768	1072	2459	697
1280	2559	768	1290	2464	695
1536	2559	768	1512	2461	696
1792	2559	768	1732	2462	696
2048	2559	768	1952	2466	696
2303	2559	768	2166	2467	696
2559	2559	768	2391	2462	695
2815	2559	768	2616	2461	693
3071	2559	768	2836	2461	691
3327	2559	768	3056	2462	690
3583	2559	768	3273	2463	690
3839	2559	768	3480	2466	691
4095	2559	768	3690	2468	692
0	2815	768	216	2694	704
256	2815	768	431	2693	696
512	2815	768	648	2695	699
768	2815	768	868	2698	699
1024	2815	768	1087	2701	698
1280	2815	768	1305	2704	698
1536	2815	768	1530	2706	698
1792	2815	768	1748	2706	698
2048	2815	768	1971	2712	698
2303	2815	768	2182	2708	698
2559	2815	768	2409	2705	697
2815	2815	768	2634	2704	694
3071	2815	768	2854	2704	693
3327	2815	768	3075	2704	693
3583	2815	768	3294	2706	692
3839	2815	768	3499	2709	692
4095	2815	768	3711	2712	694
0	3071	768	231	2935	706
256	3071	768	446	2937	697
512	3071	768	663	2940	698
768	3071	768	885	2942	699
1024	3071	768	1102	2943	699
1280	3071	768	1320	2946	700
1536	3071	768	1544	2950	700
1792	3071	768	1765	2954	700
2048	3071	768	1984	2954	700
2303	3071	768	2194	2951	700
2559	3071	768	2426	2951	700
2815	3071	768	2650	2952	696
3071	3071	768	2868	2950	695
3327	3071	768	3092	2952	695
3583	3071	768	3311	2955	695
3839	3071	768	3516	2958	696
4095	3071	768	3725	2960	696
0	3327	768	249	3184	699
256	3327	768	462	3185	700
512	3327	768	680	3188	700
768	3327	768	901	3188	700
1024	3327	768	1118	3190	700
1280	3327	768	1338	3193	700
1536	3327	768	1560	3196	700
1792	3327	768	1782	3200	701
2048	3327	768	2002	3201	701
2303	3327	768	2210	3198	700
2559	3327	768	2444	3198	700
2815	3327	768	2669	3197	699
3071	3327	768	2889	3197	698
3327	3327	768	3114	3200	697
3583	3327	768	3331	3205	697
3839	3327	768	3538	3208	698
4095	3327	768	3747	3210	698
0	3583	768	265	3413	701
256	3583	768	479	3412	702
512	3583	768	698	3418	702
768	3583	768	919	3420	703
1024	3583	768	1135	3422	702
1280	3583	768	1354	3424	702
1536	3583	768	1578	3427	703
1792	3583	768	1800	3430	704
2048	3583	768	2017	3429	703
2303	3583	768	2226	3431	701
2559	3583	768	2467	3431	701
2815	3583	768	2690	3432	701
3071	3583	768	2908	3430	700
3327	3583	768	3134	3434	701
3583	3583	768	3350	3438	702
3839	3583	768	3556	3442	702
4095	3583	768	3772	3447	702
0	3839	768	280	3646	705
256	3839	768	496	3656	705
512	3839	768	715	3662	705
768	3839	768	937	3659	706
1024	3839	768	1152	3661	705
1280	3839	768	1372	3662	704
1536	3839	768	1594	3662	705
1792	3839	768	1814	3663	706
2048	3839	768	2033	3664	705
2303	3839	768	2250	3668	705
2559	3839	768	2483	3665	704
2815	3839	768	2708	3667	704
3071	3839	768	2928	3669	704
3327	3839	768	3153	3671	703
3583	3839	768	3368	3675	704
3839	3839	768	3577	3680	706
4095	3839	768	3790	3683	706
0	4095	768	298	3888	706
256	4095	768	514	3903	708
512	4095	768	731	3904	708
768	4095	768	955	3903	708
1024	4095	768	1171	3904	707
1280	4095	768	1390	3903	708
1536	4095	768	1612	3902	707
1792	4095	768	1833	3905	706
2048	4095	768	2053	3910	706
2303	4095	768	2271	3912	707
2559	4095	768	2505	3912	706
2815	4095	768	2731	3915	706
3071	4095	768	2950	3915	706
3327	4095	768	3178	3919	706
3583	4095	768	3390	3925	706
3839	4095	768	3596	3926	708
4095	4095	768	3810	3926	708
0	0	1024	51	5	918
256	0	1024	272	6	918
512	0	1024	486	8	916
768	0	1024	704	8	916
1024	0	1024	924	8	914
1280	0	1024	1137	9	911
1536	0	1024	1355	10	910
1792	0	1024	1574	10	909
2048	0	1024	1789	11	909
2303	0	1024	2007	12	908
2559	0	1024	2223	13	908
2815	0	1024	2455	12	907
3071	0	1024	2682	13	906
3327	0	1024	2899	14	905
3583	0	1024	3123	14	904
3839	0	1024	3332	15	904
4095	0	1024	3536	16	906
0	256	1024	67	251	925
256	256	1024	288	253	921
512	256	1024	503	253	921
768	256	1024	722	254	921
1024	256	1024	944	255	920
1280	256	1024	1158	255	918
1536	256	1024	1375	254	915
1792	256	1024	1594	256	914
2048	256	1024	1810	256	910
2303	256	1024	2021	256	910
2559	256	1024	2237	256	907
2815	256	1024	2465	256	904
3071	256	1024	2684	256	904
3327	256	1024	2897	256	903
3583	256	1024	3121	256	903
3839	256	1024	3332	258	904
4095	256	1024	3535	258	904
0	512	1024	83	492	928
256	512	1024	304	492	928
512	512	1024	522	494	927
768	512	1024	740	496	928
1024	512	1024	964	495	927
1280	512	1024	1177	495	923
1536	512	1024	1396	494	920
1792	512	1024	1613	493	918
2048	512	1024	1829	493	916
2303	512	1024	2043	493	914
2559	512	1024	2259	492	913
2815	512	1024	2490	493	912
3071	512	1024	2713	493	912
3327	512	1024	2927	492	910
3583	512	1024	3153	494	910
3839	512	1024	3359	495	910
4095	512	1024	3564	496	909
0	768	1024	99	735	930
256	768	1024	320	738	928
512	768	1024	539	740	930
768	768	1024	762	742	930
1024	768	1024	987	743	930
1280	768	1024	1197	741	928
1536	768	1024	1416	738	924
1792	768	1024	1633	738	922
2048	768	1024	1851	738	921
2303	768	1024	2066	738	920
2559	768	1024	2283	738	917
2815	768	1024	2512	738	917
3071	768	1024	2736	738	914
3327	768	1024	2949	737	914
3583	768	1024	3177	739	914
3839	768	1024	3378	738	912
4095	768	1024	3582	738	912
0	1024	1024	116	986	933
256	1024	1024	336	987	930
512	1024	1024	556	992	933
768	1024	1024	780	995	936
1024	1024	1024	1004	995	936
1280	1024	1024	1216	994	935
1536	1024	1024	1436	992	930
1792	1024	1024	1654	990	927
2048	1024	1024	1872	991	925
2303	1024	1024	2087	990	923
2559	1024	1024	2307	989	921
2815	1024	1024	2536	988	921
3071	1024	1024	2758	988	916
3327	1024	1024	2966	986	916
3583	1024	1024	3193	986	916
3839	1024	1024	3397	988	916
4095	1024	1024	3601	988	914
0	1280	1024	132	1232	934
256	1280	1024	352	1232	931
512	1280	1024	571	1238	934
768	1280	1024	794	1241	937
1024	1280	1024	1018	1244	937
1280	1280	1024	1232	1243	936
1536	1280	1024	1454	1241	934
1792	1280	1024	1671	1240	930
2048	1280	1024	1889	1239	929
2303	1280	1024	2103	1238	927
2559	1280	1024	2325	1237	926
2815	1280	1024	2552	1237	924
3071	1280	1024	2772	1235	922
3327	1280	1024	2986	1232	918
3583	1280	1024	3214	1234	918
3839	1280	1024	3409	1231	918
4095	1280	1024	3616	1232	917
0	1536	1024	148	1477	935
256	1536	1024	368	1479	930
512	1536	1024	585	1484	934
768	1536	1024	808	1485	936
1024	1536	1024	1032	1487	936
1280	1536	1024	1246	1488	936
1536	1536	1024	1470	1486	935
1792	1536	1024	1689	1488	934
2048	1536	1024	1905	1487	931
2303	1536	1024	2121	1487	929
2559	1536	1024	2342	1484	928
2815	1536	1024	2565	1480	926
3071	1536	1024	2786	1480	923
3327	1536	1024	3002	1478	921
3583	1536	1024	3227	1480	921
3839	1536	1024	3426	1480	921
4095	1536	1024	3638	1482	919
0	1792	1024	165	1721	936
256	1792	1024	382	1721	931
512	1792	1024	600	1725	934
768	1792	1024	824	1728	935
1024	1792	1024	1046	1731	936
1280	1792	1024	1261	1732	936
1536	1792	1024	1486	1731	935
1792	1792	1024	1702	1729	934
2048	1792	1024	1920	1730	933
2303	1792	1024	2134	1729	931
2559	1792	1024	2357	1727	930
2815	1792	1024	2584	1725	926
3071	1792	1024	2806	1725	924
3327	1792	1024	3024	1725	922
3583	1792	1024	3247	1726	922
3839	1792	1024	3448	1726	922
4095	1792	1024	3658	1728	922
0	2048	1024	182	1963	938
256	2048	1024	398	1961	932
512	2048	1024	617	1964	934
768	2048	1024	840	1969	937
1024	2048	1024	1062	1972	937
1280	2048	1024	1278	1972	936
1536	2048	1024	1503	1973	936
1792	2048	1024	1722	1974	935
2048	2048	1024	1938	1971	933
2303	2048	1024	2152	1970	932
2559	2048	1024	2378	1969	930
2815	2048	1024	2604	1968	928
3071	2048	1024	2825	1968	927
3327	2048	1024	3044	1967	926
3583	2048	1024	3266	1968	926
3839	2048	1024	3466	1970	926
4095	2048	1024	3678	1972	926
0	2303	1024	196	2204	940
256	2303	1024	414	2204	934
512	2303	1024	631	2208	936
768	2303	1024	855	2212	937
1024	2303	1024	1075	2216	938
1280	2303	1024	1292	2216	937
1536	2303	1024	1517	2216	938
1792	2303	1024	1735	2215	938
2048	2303	1024	1951	2214	936
2303	2303	1024	2166	2214	934
2559	2303	1024	2395	2214	934
2815	2303	1024	2621	2214	932
3071	2303	1024	2842	2213	930
3327	2303	1024	3062	2212	929
3583	2303	1024	3279	2212	928
3839	2303	1024	3484	2214	928
4095	2303	1024	3696	2218	928
0	2559	1024	213	2456	941
256	2559	1024	430	2460	935
512	2559	1024	648	2465	936
768	2559	1024	870	2467	938
1024	2559	1024	1090	2472	940
1280	2559	1024	1308	2474	939
1536	2559	1024	1532	2472	938
1792	2559	1024	1750	2472	938
2048	2559	1024	1968	2472	938
2303	2559	1024	2182	2473	936
2559	2559	1024	2412	2471	935
2815	2559	1024	2636	2470	934
3071	2559	1024	2857	2470	932
3327	2559	1024	3078	2470	930
3583	2559	1024	3296	2472	929
3839	2559	1024	3498	2472	930
4095	2559	1024	3713	2476	932
0	2815	1024	228	2694	942
256	2815	1024	444	2699	934
512	2815	1024	662	2704	937
768	2815	1024	886	2710	938
1024	2815	1024	1106	2714	940
1280	2815	1024	1324	2717	940
1536	2815	1024	1548	2715	939
1792	2815	1024	1764	2712	937
2048	2815	1024	1984	2714	938
2303	2815	1024	2198	2716	937
2559	2815	1024	2429	2713	938
2815	2815	1024	2654	2712	936
3071	2815	1024	2874	2712	934
3327	2815	1024	3096	2714	932
3583	2815	1024	3316	2716	931
3839	2815	1024	3520	2718	931
4095	2815	1024	3733	2722	932
0	3071	1024	244	2936	944
256	3071	1024	460	2944	934
512	3071	1024	678	2949	937
768	3071	1024	902	2955	939
1024	3071	1024	1120	2959	940
1280	3071	1024	1339	2957	940
1536	3071	1024	1560	2956	940
1792	3071	1024	1783	2962	939
2048	3071	1024	1999	2959	939
2303	3071	1024	2211	2958	938
2559	3071	1024	2446	2958	938
2815	3071	1024	2671	2962	937
3071	3071	1024	2892	2962	936
3327	3071	1024	3117	2963	934
3583	3071	1024	3334	2966	935
3839	3071	1024	3538	2968	936
4095	3071	1024	3744	2968	936
0	3327	1024	262	3185	936
256	3327	1024	477	3193	936
512	3327	1024	697	3200	940
768	3327	1024	920	3204	940
1024	3327	1024	1137	3207	942
1280	3327	1024	1356	3206	941
1536	3327	1024	1577	3205	939
1792	3327	1024	1799	3209	940
2048	3327	1024	2019	3211	939
2303	3327	1024	2230	3210	938
2559	3327	1024	2468	3212	938
2815	3327	1024	2692	3211	938
3071	3327	1024	2914	3212	937
3327	3327	1024	3138	3215	938
3583	3327	1024	3351	3214	938
3839	3327	1024	3553	3214	938
4095	3327	1024	3767	3218	936
0	3583	1024	278	3419	939
256	3583	1024	493	3426	942
512	3583	1024	713	3431	942
768	3583	1024	937	3436	944
1024	3583	1024	1152	3433	944
1280	3583	1024	1373	3436	945
1536	3583	1024	1596	3438	942
1792	3583	1024	1816	3440	943
2048	3583	1024	2033	3442	943
2303	3583	1024	2248	3444	942
2559	3583	1024	2488	3442	942
2815	3583	1024	2710	3441	942
3071	3583	1024	2930	3442	940
3327	3583	1024	3155	3444	941
3583	3583	1024	3367	3444	942
3839	3583	1024	3572	3446	939
4095	3583	1024	3788	3449	940
0	3839	1024	294	3658	943
256	3839	1024	510	3666	945
512	3839	1024	730	3674	946
768	3839	1024	955	3678	947
1024	3839	1024	1168	3673	946
1280	3839	1024	1390	3674	945
1536	3839	1024	1612	3677	947
1792	3839	1024	1834	3679	946
2048	3839	1024	2054	3682	946
2303	3839	1024	2272	3683	945
2559	3839	1024	2508	3684	944
2815	3839	1024	2730	3682	944
3071	3839	1024	2950	3682	943
3327	3839	1024	3176	3682	942
3583	3839	1024	3385	3683	942
3839	3839	1024	3593	3686	943
4095	3839	1024	3808	3692	944
0	4095	1024	312	3902	945
256	4095	1024	528	3911	949
512	4095	1024	749	3918	949
768	4095	1024	971	3915	949
1024	4095	1024	1186	3914	949
1280	4095	1024	1409	3917	948
1536	4095	1024	1631	3918	948
1792	4095	1024	1853	3922	948
2048	4095	1024	2074	3927	949
2303	4095	1024	2294	3929	949
2559	4095	1024	2527	3928	948
2815	4095	1024	2750	3926	947
3071	4095	1024	2965	3920	946
3327	4095	1024	3193	3923	946
3583	4095	1024	3404	3928	945
3839	4095	1024	3612	3932	946
4095	4095	1024	3828	3937	946
0	0	1280	64	6	1149
256	0	1280	286	7	1148
512	0	1280	500	8	1144
768	0	1280	717	10	1143
1024	0	1280	938	10	1142
1280	0	1280	1152	10	1140
1536	0	1280	1371	11	1140
1792	0	1280	1591	11	1138
2048	0	1280	1809	11	1137
2303	0	1280	2026	12	1136
2559	0	1280	2242	14	1135
2815	0	1280	2472	14	1134
3071	0	1280	2695	14	1132
3327	0	1280	2915	15	1133
3583	0	1280	3142	16	1134
3839	0	1280	3351	16	1134
4095	0	1280	3557	17	1136
0	256	1280	79	252	1153
256	256	1280	301	255	1151
512	256	1280	516	256	1152
768	256	1280	736	256	1152
1024	256	1280	959	257	1151
1280	256	1280	1172	258	1149
1536	256	1280	1391	258	1144
1792	256	1280	1608	257	1142
2048	256	1280	1823	258	1139
2303	256	1280	2037	258	1138
2559	256	1280	2256	258	1136
2815	256	1280	2484	258	1134
3071	256	1280	2703	258	1134
3327	256	1280	2919	259	1133
3583	256	1280	3144	260	1132
3839	256	1280	3352	260	1132
4095	256	1280	3553	260	1130
0	512	1280	96	494	1154
256	512	1280	317	494	1158
512	512	1280	536	497	1159
768	512	1280	755	498	1158
1024	512	1280	980	498	1158
1280	512	1280	1192	497	1154
1536	512	1280	1412	496	1151
1792	512	1280	1630	496	1149
2048	512	1280	1847	496	1148
2303	512	1280	2060	496	1145
2559	512	1280	2280	496	1142
2815	512	1280	2510	496	1142
3071	512	1280	2733	496	1140
3327	512	1280	2948	497	1139
3583	512	1280	3171	496	1138
3839	512	1280	3373	496	1136
4095	512	1280	3578	497	1136
0	768	1280	112	739	1161
256	768	1280	334	740	1156
512	768	1280	553	743	1161
768	768	1280	774	744	1161
1024	768	1280	999	745	1162
1280	768	1280	1212	744	1159
1536	768	1280	1433	742	1156
1792	768	1280	1652	742	1155
2048	768	1280	1870	744	1153
2303	768	1280	2084	743	1150
2559	768	1280	2303	742	1148
2815	768	1280	2531	741	1146
3071	768	1280	2750	740	1142
3327	768	1280	2964	740	1142
3583	768	1280	3192	741	1142
3839	768	1280	3394	740	1139
4095	768	1280	3600	742	1141
0	1024	1280	129	989	1163
256	1024	1280	350	990	1158
512	1024	1280	568	993	1162
768	1024	1280	792	995	1164
1024	1024	1280	1016	996	1164
1280	1024	1280	1232	998	1164
1536	1024	1280	1454	997	1160
1792	1024	1280	1672	996	1158
2048	1024	1280	1891	996	1156
2303	1024	1280	2105	996	1154
2559	1024	1280	2325	994	1150
2815	1024	1280	2550	992	1149
3071	1024	1280	2772	991	1147
3327	1024	1280	2985	991	1146
3583	1024	1280	3212	991	1146
3839	1024	1280	3413	991	1145
4095	1024	1280	3621	992	1146
0	1280	1280	145	1242	1165
256	1280	1280	366	1240	1160
512	1280	1280	583	1240	1162
768	1280	1280	808	1244	1165
1024	1280	1280	1033	1248	1167
1280	1280	1280	1249	1250	1166
1536	1280	1280	1473	1247	1165
1792	1280	1280	1692	1247	1162
2048	1280	1280	1908	1246	1161
2303	1280	1280	2121	1244	1158
2559	1280	1280	2343	1242	1156
2815	1280	1280	2570	1240	1152
3071	1280	1280	2791	1240	1151
3327	1280	1280	3006	1239	1149
3583	1280	1280	3234	1239	1150
3839	1280	1280	3434	1241	1150
4095	1280	1280	3643	1241	1150
0	1536	1280	162	1484	1168
256	1536	1280	382	1484	1164
512	1536	1280	600	1488	1163
768	1536	1280	825	1492	1166
1024	1536	1280	1049	1496	1168
1280	1536	1280	1267	1498	1169
1536	1536	1280	1491	1497	1168
1792	1536	1280	1708	1495	1166
2048	1536	1280	1924	1494	1164
2303	1536	1280	2139	1493	1161
2559	1536	1280	2362	1491	1158
2815	1536	1280	2588	1490	1156
3071	1536	1280	2809	1488	1154
3327	1536	1280	3026	1487	1152
3583	1536	1280	3250	1488	1151
3839	1536	1280	3452	1488	1151
4095	1536	1280	3664	1491	1152
0	1792	1280	178	1726	1166
256	1792	1280	396	1726	1161
512	1792	1280	616	1732	1164
768	1792	1280	840	1737	1166
1024	1792	1280	1064	1740	1169
1280	1792	1280	1284	1743	1171
1536	1792	1280	1508	1742	1169
1792	1792	1280	1722	1739	1168
2048	1792	1280	1941	1738	1164
2303	1792	1280	2154	1738	1163
2559	1792	1280	2382	1738	1160
2815	1792	1280	2609	1738	1158
3071	1792	1280	2831	1736	1157
3327	1792	1280	3050	1736	1154
3583	1792	1280	3273	1737	1154
3839	1792	1280	3474	1737	1154
4095	1792	1280	3684	1738	1154
0	2048	1280	194	1967	1168
256	2048	1280	412	1968	1162
512	2048	1280	631	1973	1164
768	2048	1280	857	1978	1168
1024	2048	1280	1081	1984	1170
1280	2048	1280	1302	1991	1172
1536	2048	1280	1526	1988	1170
1792	2048	1280	1746	1988	1170
2048	2048	1280	1960	1983	1167
2303	2048	1280	2174	1981	1166
2559	2048	1280	2402	1981	1163
2815	2048	1280	2629	1980	1162
3071	2048	1280	2851	1980	1160
3327	2048	1280	3070	1979	1159
3583	2048	1280	3288	1978	1158
3839	2048	1280	3491	1980	1157
4095	2048	1280	3696	1978	1157
0	2303	1280	210	2211	1171
256	2303	1280	428	2213	1162
512	2303	1280	647	2218	1166
768	2303	1280	872	2223	1168
1024	2303	1280	1092	2225	1170
1280	2303	1280	1311	2225	1174
1536	2303	1280	1534	2224	1173
1792	2303	1280	1752	2224	1171
2048	2303	1280	1970	2222	1171
2303	2303	1280	2185	2222	1168
2559	2303	1280	2416	2222	1166
2815	2303	1280	2641	2221	1166
3071	2303	1280	2862	2221	1164
3327	2303	1280	3085	2222	1161
3583	2303	1280	3300	2219	1159
3839	2303	1280	3500	2216	1159
4095	2303	1280	3714	2221	1157
0	2559	1280	226	2460	1171
256	2559	1280	443	2466	1163
512	2559	1280	663	2472	1167
768	2559	1280	886	2477	1169
1024	2559	1280	1106	2478	1170
1280	2559	1280	1324	2480	1170
1536	2559	1280	1550	2482	1170
1792	2559	1280	1770	2484	1168
2048	2559	1280	1986	2480	1168
2303	2559	1280	2200	2481	1167
2559	2559	1280	2432	2480	1166
2815	2559	1280	2658	2480	1166
3071	2559	1280	2880	2480	1163
3327	2559	1280	3102	2482	1162
3583	2559	1280	3318	2481	1160
3839	2559	1280	3518	2479	1159
4095	2559	1280	3732	2483	1160
0	2815	1280	242	2701	1172
256	2815	1280	458	2710	1162
512	2815	1280	677	2716	1166
768	2815	1280	902	2720	1168
1024	2815	1280	1120	2722	1170
1280	2815	1280	1340	2720	1169
1536	2815	1280	1563	2721	1169
1792	2815	1280	1784	2721	1169
2048	2815	1280	2001	2721	1168
2303	2815	1280	2217	2725	1168
2559	2815	1280	2449	2721	1168
2815	2815	1280	2677	2722	1166
3071	2815	1280	2896	2722	1165
3327	2815	1280	3115	2720	1162
3583	2815	1280	3328	2718	1162
3839	2815	1280	3534	2719	1160
4095	2815	1280	3746	2724	1162
0	3071	1280	259	2947	1163
256	3071	1280	474	2956	1164
512	3071	1280	694	2958	1168
768	3071	1280	915	2959	1170
1024	3071	1280	1133	2961	1171
1280	3071	1280	1354	2962	1170
1536	3071	1280	1577	2964	1169
1792	3071	1280	1799	2968	1168
2048	3071	1280	2018	2968	1168
2303	3071	1280	2231	2972	1169
2559	3071	1280	2466	2970	1168
2815	3071	1280	2694	2974	1167
3071	3071	1280	2911	2970	1166
3327	3071	1280	3133	2967	1164
3583	3071	1280	3349	2969	1161
3839	3071	1280	3555	2972	1162
4095	3071	1280	3762	2972	1163
0	3327	1280	276	3194	1165
256	3327	1280	490	3200	1166
512	3327	1280	710	3206	1170
768	3327	1280	934	3208	1169
1024	3327	1280	1151	3210	1170
1280	3327	1280	1372	3212	1170
1536	3327	1280	1595	3215	1170
1792	3327	1280	1817	3218	1171
2048	3327	1280	2036	3220	1169
2303	3327	1280	2251	3221	1169
2559	3327	1280	2487	3220	1169
2815	3327	1280	2712	3220	1168
3071	3327	1280	2930	3218	1168
3327	3327	1280	3153	3217	1165
3583	3327	1280	3366	3218	1165
3839	3327	1280	3570	3219	1166
4095	3327	1280	3784	3223	1165
0	3583	1280	291	3426	1167
256	3583	1280	507	3431	1170
512	3583	1280	727	3438	1170
768	3583	1280	954	3447	1173
1024	3583	1280	1169	3449	1173
1280	3583	1280	1390	3445	1172
1536	3583	1280	1611	3443	1173
1792	3583	1280	1833	3446	1173
2048	3583	1280	2052	3450	1172
2303	3583	1280	2270	3450	1173
2559	3583	1280	2508	3454	1172
2815	3583	1280	2726	3446	1171
3071	3583	1280	2944	3444	1169
3327	3583	1280	3170	3444	1168
3583	3583	1280	3382	3448	1168
3839	3583	1280	3592	3454	1168
4095	3583	1280	3808	3458	1168
0	3839	1280	308	3666	1171
256	3839	1280	524	3674	1172
512	3839	1280	744	3679	1173
768	3839	1280	970	3684	1174
1024	3839	1280	1184	3684	1178
1280	3839	1280	1408	3686	1178
1536	3839	1280	1631	3687	1175
1792	3839	1280	1852	3690	1175
2048	3839	1280	2072	3692	1175
2303	3839	1280	2293	3692	1175
2559	3839	1280	2526	3690	1174
2815	3839	1280	2745	3686	1174
3071	3839	1280	2966	3686	1170
3327	3839	1280	3195	3689	1170
3583	3839	1280	3404	3691	1170
3839	3839	1280	3613	3694	1172
4095	3839	1280	3827	3697	1173
0	4095	1280	325	3911	1174
256	4095	1280	542	3919	1176
512	4095	1280	762	3919	1177
768	4095	1280	986	3920	1177
1024	4095	1280	1203	3927	1178
1280	4095	1280	1426	3928	1178
1536	4095	1280	1650	3931	1179
1792	4095	1280	1872	3936	1179
2048	4095	1280	2090	3936	1180
2303	4095	1280	2308	3931	1179
2559	4095	1280	2542	3930	1176
2815	4095	1280	2764	3929	1174
3071	4095	1280	2983	3928	1174
3327	4095	1280	3213	3932	1174
3583	4095	1280	3421	3933	1175
3839	4095	1280	3631	3939	1176
4095	4095	1280	3849	3946	1177
0	0	1536	77	8	1394
256	0	1536	298	8	1389
512	0	1536	512	9	1387
768	0	1536	730	10	1388
1024	0	1536	951	10	1385
1280	0	1536	1167	11	1385
1536	0	1536	1388	12	1384
1792	0	1536	1609	12	1384
2048	0	1536	1826	13	1380
2303	0	1536	2041	13	1381
2559	0	1536	2260	14	1379
2815	0	1536	2490	15	1378
3071	0	1536	2714	16	1378
3327	0	1536	2931	16	1375
3583	0	1536	3160	17	1377
3839	0	1536	3372	18	1378
4095	0	1536	3582	18	1380
0	256	1536	93	256	1398
256	256	1536	314	256	1396
512	256	1536	530	257	1397
768	256	1536	749	258	1393
1024	256	1536	971	258	1393
1280	256	1536	1184	258	1392
1536	256	1536	1406	260	1390
1792	256	1536	1625	260	1388
2048	256	1536	1841	259	1386
2303	256	1536	2055	260	1385
2559	256	1536	2276	261	1383
2815	256	1536	2505	261	1381
3071	256	1536	2726	260	1379
3327	256	1536	2938	260	1376
3583	256	1536	3161	261	1375
3839	256	1536	3368	262	1375
4095	256	1536	3573	262	1375
0	512	1536	108	496	1400
256	512	1536	330	496	1404
512	512	1536	548	500	1402
768	512	1536	769	498	1401
1024	512	1536	992	499	1402
1280	512	1536	1205	499	1400
1536	512	1536	1428	499	1398
1792	512	1536	1647	498	1396
2048	512	1536	1864	499	1394
2303	512	1536	2080	499	1392
2559	512	1536	2302	500	1390
2815	512	1536	2530	499	1387
3071	512	1536	2752	499	1384
3327	512	1536	2965	498	1383
3583	512	1536	3186	499	1382
3839	512	1536	3391	499	1380
4095	512	1536	3599	500	1381
0	768	1536	125	741	1409
256	768	1536	347	742	1402
512	768	1536	565	744	1408
768	768	1536	787	745	1406
1024	768	1536	1011	746	1406
1280	768	1536	1226	747	1407
1536	768	1536	1450	746	1404
1792	768	1536	1669	746	1402
2048	768	1536	1887	746	1398
2303	768	1536	2100	746	1395
2559	768	1536	2320	744	1393
2815	768	1536	2548	744	1390
3071	768	1536	2769	744	1388
3327	768	1536	2985	744	1387
3583	768	1536	3210	742	1386
3839	768	1536	3411	744	1386
4095	768	1536	3620	744	1387
0	1024	1536	142	990	1410
256	1024	1536	362	991	1405
512	1024	1536	581	994	1408
768	1024	1536	805	998	1409
1024	1024	1536	1030	1000	1409
1280	1024	1536	1245	1000	1408
1536	1024	1536	1472	1002	1408
1792	1024	1536	1688	999	1404
2048	1024	1536	1905	998	1402
2303	1024	1536	2120	998	1400
2559	1024	1536	2343	997	1398
2815	1024	1536	2568	995	1395
3071	1024	1536	2789	995	1394
3327	1024	1536	3006	994	1392
3583	1024	1536	3232	995	1391
3839	1024	1536	3434	996	1392
4095	1024	1536	3644	998	1392
0	1280	1536	158	1242	1412
256	1280	1536	378	1241	1405
512	1280	1536	597	1243	1408
768	1280	1536	822	1248	1412
1024	1280	1536	1048	1252	1415
1280	1280	1536	1266	1255	1416
1536	1280	1536	1487	1250	1413
1792	1280	1536	1706	1249	1411
2048	1280	1536	1924	1248	1406
2303	1280	1536	2138	1248	1404
2559	1280	1536	2361	1246	1402
2815	1280	1536	2589	1245	1399
3071	1280	1536	2810	1244	1398
3327	1280	1536	3029	1244	1397
3583	1280	1536	3253	1245	1396
3839	1280	1536	3455	1246	1395
4095	1280	1536	3665	1246	1396
0	1536	1536	176	1491	1415
256	1536	1536	394	1490	1408
512	1536	1536	614	1492	1410
768	1536	1536	840	1497	1414
1024	1536	1536	1064	1500	1418
1280	1536	1536	1282	1502	1420
1536	1536	1536	1512	1508	1416
1792	1536	1536	1732	1506	1416
2048	1536	1536	1945	1501	1412
2303	1536	1536	2158	1500	1409
2559	1536	1536	2383	1498	1405
2815	1536	1536	2610	1496	1404
3071	1536	1536	2830	1494	1401
3327	1536	1536	3050	1495	1400
3583	1536	1536	3274	1495	1399
3839	1536	1536	3470	1492	1398
4095	1536	1536	3685	1496	1399
0	1792	1536	192	1734	1417
256	1792	1536	410	1735	1411
512	1792	1536	631	1740	1413
768	1792	1536	856	1744	1416
1024	1792	1536	1080	1747	1418
1280	1792	1536	1300	1749	1419
1536	1792	1536	1527	1750	1422
1792	1792	1536	1742	1748	1420
2048	1792	1536	1962	1747	1418
2303	1792	1536	2177	1748	1413
2559	1792	1536	2405	1748	1411
2815	1792	1536	2632	1746	1408
3071	1792	1536	2853	1745	1406
3327	1792	1536	3072	1743	1403
3583	1792	1536	3290	1742	1403
3839	1792	1536	3491	1742	1400
4095	1792	1536	3705	1746	1401
0	2048	1536	207	1973	1417
256	2048	1536	427	1976	1410
512	2048	1536	647	1982	1415
768	2048	1536	872	1985	1417
1024	2048	1536	1094	1987	1419
1280	2048	1536	1316	1991	1420
1536	2048	1536	1540	1992	1420
1792	2048	1536	1762	1993	1419
2048	2048	1536	1981	1992	1418
2303	2048	1536	2194	1990	1416
2559	2048	1536	2423	1989	1415
2815	2048	1536	2650	1989	1412
3071	2048	1536	2869	1986	1409
3327	2048	1536	3089	1985	1407
3583	2048	1536	3308	1984	1405
3839	2048	1536	3510	1986	1404
4095	2048	1536	3716	1984	1404
0	2303	1536	224	2218	1420
256	2303	1536	442	2222	1411
512	2303	1536	662	2227	1416
768	2303	1536	886	2229	1417
1024	2303	1536	1107	2230	1418
1280	2303	1536	1327	2233	1420
1536	2303	1536	1554	2236	1420
1792	2303	1536	1773	2235	1420
2048	2303	1536	1994	2236	1420
2303	2303	1536	2210	2236	1420
2559	2303	1536	2440	2235	1417
2815	2303	1536	2666	2232	1415
3071	2303	1536	2884	2232	1412
3327	2303	1536	3105	2230	1409
3583	2303	1536	3322	2229	1408
3839	2303	1536	3524	2227	1407
4095	2303	1536	3736	2230	1407
0	2559	1536	240	2470	1423
256	2559	1536	457	2476	1412
512	2559	1536	678	2481	1416
768	2559	1536	900	2482	1418
1024	2559	1536	1120	2484	1418
1280	2559	1536	1342	2488	1418
1536	2559	1536	1568	2490	1420
1792	2559	1536	1789	2493	1419
2048	2559	1536	2006	2491	1420
2303	2559	1536	2222	2492	1420
2559	2559	1536	2457	2492	1418
2815	2559	1536	2679	2489	1416
3071	2559	1536	2898	2487	1412
3327	2559	1536	3120	2488	1410
3583	2559	1536	3338	2488	1410
3839	2559	1536	3543	2490	1409
4095	2559	1536	3757	2494	1410
0	2815	1536	257	2718	1416
256	2815	1536	475	2729	1414
512	2815	1536	696	2732	1417
768	2815	1536	918	2730	1417
1024	2815	1536	1136	2728	1418
1280	2815	1536	1358	2731	1419
1536	2815	1536	1582	2734	1420
1792	2815	1536	1805	2735	1420
2048	2815	1536	2022	2735	1418
2303	2815	1536	2239	2736	1419
2559	2815	1536	2473	2734	1418
2815	2815	1536	2695	2730	1416
3071	2815	1536	2913	2728	1413
3327	2815	1536	3136	2727	1410
3583	2815	1536	3351	2728	1410
3839	2815	1536	3560	2733	1411
4095	2815	1536	3778	2741	1414
0	3071	1536	273	2960	1416
256	3071	1536	490	2968	1417
512	3071	1536	709	2968	1420
768	3071	1536	931	2966	1420
1024	3071	1536	1152	2974	1419
1280	3071	1536	1376	2982	1421
1536	3071	1536	1600	2984	1421
1792	3071	1536	1819	2981	1420
2048	3071	1536	2039	2983	1420
2303	3071	1536	2254	2985	1420
2559	3071	1536	2486	2980	1419
2815	3071	1536	2708	2977	1417
3071	3071	1536	2930	2977	1414
3327	3071	1536	3154	2978	1412
3583	3071	1536	3370	2980	1411
3839	3071	1536	3576	2982	1412
4095	3071	1536	3789	2985	1416
0	3327	1536	288	3206	1415
256	3327	1536	505	3215	1418
512	3327	1536	724	3214	1417
768	3327	1536	950	3216	1417
1024	3327	1536	1166	3220	1418
1280	3327	1536	1391	3225	1423
1536	3327	1536	1616	3230	1424
1792	3327	1536	1838	3233	1422
2048	3327	1536	2058	3234	1421
2303	3327	1536	2274	3233	1421
2559	3327	1536	2506	3227	1417
2815	3327	1536	2729	3226	1417
3071	3327	1536	2950	3227	1416
3327	3327	1536	3175	3228	1416
3583	3327	1536	3388	3230	1416
3839	3327	1536	3595	3231	1416
4095	3327	1536	3811	3236	1416
0	3583	1536	305	3440	1417
256	3583	1536	521	3442	1420
512	3583	1536	742	3454	1420
768	3583	1536	968	3454	1420
1024	3583	1536	1185	3458	1421
1280	3583	1536	1407	3456	1422
1536	3583	1536	1631	3457	1424
1792	3583	1536	1854	3461	1424
2048	3583	1536	2071	3461	1424
2303	3583	1536	2289	3456	1423
2559	3583	1536	2523	3458	1420
2815	3583	1536	2746	3456	1420
3071	3583	1536	2966	3456	1419
3327	3583	1536	3194	3457	1419
3583	3583	1536	3405	3461	1420
3839	3583	1536	3616	3466	1420
4095	3583	1536	3832	3471	1420
0	3839	1536	321	3678	1421
256	3839	1536	537	3681	1422
512	3839	1536	759	3687	1426
768	3839	1536	984	3688	1425
1024	3839	1536	1200	3692	1425
1280	3839	1536	1425	3696	1426
1536	3839	1536	1650	3701	1426
1792	3839	1536	1870	3700	1426
2048	3839	1536	2088	3697	1426
2303	3839	1536	2309	3699	1423
2559	3839	1536	2543	3698	1422
2815	3839	1536	2766	3698	1421
3071	3839	1536	2986	3698	1421
3327	3839	1536	3217	3702	1422
3583	3839	1536	3427	3704	1422
3839	3839	1536	3637	3708	1423
4095	3839	1536	3852	3711	1426
0	4095	1536	338	3924	1424
256	4095	1536	555	3926	1425
512	4095	1536	777	3930	1426
768	4095	1536	1003	3933	1428
1024	4095	1536	1219	3938	1427
1280	4095	1536	1445	3942	1428
1536	4095	1536	1665	3940	1429
1792	4095	1536	1888	3940	1430
2048	4095	1536	2105	3942	1427
2303	4095	1536	2327	3940	1427
2559	4095	1536	2560	3939	1426
2815	4095	1536	2784	3940	1426
3071	4095	1536	3006	3944	1425
3327	4095	1536	3237	3949	1425
3583	4095	1536	3445	3950	1426
3839	4095	1536	3655	3953	1428
4095	4095	1536	3874	3960	1429
0	0	1792	90	9	1638
256	0	1792	310	10	1634
512	0	1792	526	10	1632
768	0	1792	743	11	1630
1024	0	1792	968	12	1630
1280	0	1792	1183	12	1630
1536	0	1792	1404	13	1628
1792	0	1792	1623	13	1627
2048	0	1792	1842	14	1627
2303	0	1792	2059	15	1626
2559	0	1792	2280	16	1624
2815	0	1792	2509	16	1622
3071	0	1792	2735	17	1622
3327	0	1792	2952	18	1619
3583	0	1792	3182	18	1620
3839	0	1792	3393	19	1621
4095	0	1792	3605	20	1624
0	256	1792	106	258	1644
256	256	1792	327	258	1640
512	256	1792	543	258	1640
768	256	1792	762	259	1637
1024	256	1792	984	260	1636
1280	256	1792	1197	260	1635
1536	256	1792	1423	261	1635
1792	256	1792	1642	262	1634
2048	256	1792	1861	262	1632
2303	256	1792	2077	262	1632
2559	256	1792	2297	262	1627
2815	256	1792	2521	263	1624
3071	256	1792	2743	263	1621
3327	256	1792	2958	263	1620
3583	256	1792	3181	263	1619
3839	256	1792	3388	264	1620
4095	256	1792	3598	266	1621
0	512	1792	121	498	1647
256	512	1792	344	499	1647
512	512	1792	562	500	1646
768	512	1792	782	500	1644
1024	512	1792	1004	499	1644
1280	512	1792	1219	501	1644
1536	512	1792	1444	502	1643
1792	512	1792	1664	502	1642
2048	512	1792	1884	502	1639
2303	512	1792	2099	503	1636
2559	512	1792	2320	502	1633
2815	512	1792	2548	502	1630
3071	512	1792	2768	501	1628
3327	512	1792	2982	501	1626
3583	512	1792	3209	503	1626
3839	512	1792	3414	503	1626
4095	512	1792	3623	504	1627
0	768	1792	138	745	1648
256	768	1792	359	746	1649
512	768	1792	579	748	1652
768	768	1792	802	748	1653
1024	768	1792	1025	748	1653
1280	768	1792	1240	750	1653
1536	768	1792	1467	750	1650
1792	768	1792	1685	749	1645
2048	768	1792	1902	748	1643
2303	768	1792	2116	748	1640
2559	768	1792	2339	748	1638
2815	768	1792	2568	748	1636
3071	768	1792	2788	747	1633
3327	768	1792	3005	746	1631
3583	768	1792	3231	747	1631
3839	768	1792	3434	748	1632
4095	768	1792	3644	749	1632
0	1024	1792	156	998	1657
256	1024	1792	376	998	1650
512	1024	1792	596	1001	1654
768	1024	1792	822	1004	1656
1024	1024	1792	1047	1006	1656
1280	1024	1792	1263	1008	1656
1536	1024	1792	1486	1003	1652
1792	1024	1792	1702	1001	1650
2048	1024	1792	1921	1001	1648
2303	1024	1792	2136	1002	1646
2559	1024	1792	2362	1001	1643
2815	1024	1792	2589	1000	1640
3071	1024	1792	2811	1000	1638
3327	1024	1792	3027	998	1637
3583	1024	1792	3254	999	1636
3839	1024	1792	3456	1001	1636
4095	1024	1792	3664	1001	1636
0	1280	1792	171	1242	1658
256	1280	1792	390	1243	1651
512	1280	1792	611	1248	1655
768	1280	1792	836	1252	1659
1024	1280	1792	1061	1254	1661
1280	1280	1792	1278	1254	1661
1536	1280	1792	1502	1252	1660
1792	1280	1792	1722	1254	1654
2048	1280	1792	1941	1254	1651
2303	1280	1792	2156	1252	1650
2559	1280	1792	2382	1251	1648
2815	1280	1792	2610	1251	1645
3071	1280	1792	2831	1250	1642
3327	1280	1792	3049	1249	1639
3583	1280	1792	3270	1248	1640
3839	1280	1792	3473	1249	1639
4095	1280	1792	3684	1251	1640
0	1536	1792	188	1495	1660
256	1536	1792	408	1495	1650
512	1536	1792	628	1498	1654
768	1536	1792	854	1501	1658
1024	1536	1792	1078	1504	1661
1280	1536	1792	1297	1505	1661
1536	1536	1792	1526	1510	1660
1792	1536	1792	1747	1510	1660
2048	1536	1792	1964	1508	1656
2303	1536	1792	2178	1507	1655
2559	1536	1792	2405	1505	1652
2815	1536	1792	2631	1503	1648
3071	1536	1792	2851	1501	1646
3327	1536	1792	3068	1499	1644
3583	1536	1792	3292	1500	1644
3839	1536	1792	3493	1500	1642
4095	1536	1792	3708	1502	1644
0	1792	1792	204	1739	1662
256	1792	1792	426	1746	1656
512	1792	1792	647	1750	1659
768	1792	1792	872	1751	1661
1024	1792	1792	1094	1752	1662
1280	1792	1792	1316	1755	1664
1536	1792	1792	1542	1756	1666
1792	1792	1792	1762	1757	1665
2048	1792	1792	1984	1757	1664
2303	1792	1792	2198	1756	1660
2559	1792	1792	2428	1756	1658
2815	1792	1792	2652	1753	1654
3071	1792	1792	2871	1750	1650
3327	1792	1792	3089	1748	1646
3583	1792	1792	3310	1746	1647
3839	1792	1792	3514	1749	1646
4095	1792	1792	3724	1750	1647
0	2048	1792	221	1982	1664
256	2048	1792	442	1985	1656
512	2048	1792	661	1987	1664
768	2048	1792	886	1988	1662
1024	2048	1792	1107	1990	1662
1280	2048	1792	1330	1992	1664
1536	2048	1792	1557	1996	1666
1792	2048	1792	1780	1998	1666
2048	2048	1792	2000	2000	1666
2303	2048	1792	2216	2000	1664
2559	2048	1792	2445	1998	1662
2815	2048	1792	2668	1995	1658
3071	2048	1792	2886	1992	1653
3327	2048	1792	3109	1991	1650
3583	2048	1792	3328	1992	1648
3839	2048	1792	3533	1994	1649
4095	2048	1792	3744	1994	1650
0	2303	1792	237	2224	1666
256	2303	1792	456	2230	1657
512	2303	1792	676	2233	1661
768	2303	1792	900	2236	1661
1024	2303	1792	1122	2238	1662
1280	2303	1792	1344	2241	1664
1536	2303	1792	1572	2245	1666
1792	2303	1792	1794	2246	1666
2048	2303	1792	2014	2246	1666
2303	2303	1792	2230	2247	1666
2559	2303	1792	2460	2242	1663
2815	2303	1792	2682	2238	1659
3071	2303	1792	2902	2237	1654
3327	2303	1792	3124	2237	1652
3583	2303	1792	3344	2239	1652
3839	2303	1792	3551	2240	1653
4095	2303	1792	3760	2239	1653
0	2559	1792	254	2478	1665
256	2559	1792	471	2483	1656
512	2559	1792	691	2486	1659
768	2559	1792	916	2488	1660
1024	2559	1792	1136	2493	1662
1280	2559	1792	1360	2498	1664
1536	2559	1792	1587	2503	1667
1792	2559	1792	1810	2504	1667
2048	2559	1792	2028	2503	1667
2303	2559	1792	2241	2501	1666
2559	2559	1792	2477	2501	1663
2815	2559	1792	2700	2498	1660
3071	2559	1792	2920	2498	1656
3327	2559	1792	3144	2499	1654
3583	2559	1792	3361	2500	1654
3839	2559	1792	3567	2500	1656
4095	2559	1792	3782	2504	1656
0	2815	1792	270	2726	1655
256	2815	1792	488	2730	1656
512	2815	1792	709	2734	1658
768	2815	1792	933	2734	1659
1024	2815	1792	1152	2736	1661
1280	2815	1792	1376	2741	1664
1536	2815	1792	1602	2746	1666
1792	2815	1792	1825	2747	1667
2048	2815	1792	2043	2747	1666
2303	2815	1792	2258	2744	1664
2559	2815	1792	2494	2744	1663
2815	2815	1792	2717	2741	1661
3071	2815	1792	2935	2740	1658
3327	2815	1792	3161	2740	1655
3583	2815	1792	3378	2742	1656
3839	2815	1792	3587	2746	1656
4095	2815	1792	3802	2750	1660
0	3071	1792	287	2970	1658
256	3071	1792	502	2973	1660
512	3071	1792	723	2975	1660
768	3071	1792	948	2978	1662
1024	3071	1792	1168	2985	1662
1280	3071	1792	1393	2992	1665
1536	3071	1792	1620	2997	1666
1792	3071	1792	1841	2996	1667
2048	3071	1792	2059	2994	1666
2303	3071	1792	2274	2995	1664
2559	3071	1792	2508	2990	1663
2815	3071	1792	2729	2988	1661
3071	3071	1792	2951	2988	1660
3327	3071	1792	3178	2990	1658
3583	3071	1792	3394	2992	1658
3839	3071	1792	3601	2996	1660
4095	3071	1792	3816	2998	1661
0	3327	1792	302	3218	1659
256	3327	1792	519	3224	1660
512	3327	1792	740	3225	1659
768	3327	1792	966	3228	1661
1024	3327	1792	1184	3234	1663
1280	3327	1792	1410	3239	1666
1536	3327	1792	1635	3244	1668
1792	3327	1792	1858	3244	1668
2048	3327	1792	2074	3242	1666
2303	3327	1792	2293	3241	1664
2559	3327	1792	2528	3240	1662
2815	3327	1792	2749	3234	1661
3071	3327	1792	2972	3238	1660
3327	3327	1792	3200	3242	1660
3583	3327	1792	3412	3244	1662
3839	3327	1792	3620	3246	1662
4095	3327	1792	3836	3250	1664
0	3583	1792	318	3452	1661
256	3583	1792	535	3454	1662
512	3583	1792	758	3462	1664
768	3583	1792	984	3462	1664
1024	3583	1792	1202	3467	1666
1280	3583	1792	1425	3470	1668
1536	3583	1792	1650	3471	1669
1792	3583	1792	1872	3472	1669
2048	3583	1792	2090	3472	1667
2303	3583	1792	2311	3471	1666
2559	3583	1792	2545	3470	1665
2815	3583	1792	2771	3473	1663
3071	3583	1792	2992	3473	1663
3327	3583	1792	3220	3474	1664
3583	3583	1792	3432	3477	1665
3839	3583	1792	3642	3482	1666
4095	3583	1792	3858	3484	1668
0	3839	1792	335	3691	1665
256	3839	1792	554	3701	1666
512	3839	1792	775	3700	1668
768	3839	1792	1001	3701	1669
1024	3839	1792	1218	3706	1670
1280	3839	1792	1442	3706	1671
1536	3839	1792	1667	3709	1671
1792	3839	1792	1888	3711	1671
2048	3839	1792	2107	3710	1670
2303	3839	1792	2330	3710	1668
2559	3839	1792	2564	3710	1667
2815	3839	1792	2788	3712	1668
3071	3839	1792	3010	3714	1668
3327	3839	1792	3239	3713	1668
3583	3839	1792	3450	3718	1668
3839	3839	1792	3660	3720	1670
4095	3839	1792	3874	3721	1672
0	4095	1792	352	3934	1666
256	4095	1792	571	3942	1672
512	4095	1792	794	3945	1671
768	4095	1792	1020	3947	1672
1024	4095	1792	1236	3952	1672
1280	4095	1792	1462	3950	1673
1536	4095	1792	1684	3952	1672
1792	4095	1792	1907	3953	1674
2048	4095	1792	2125	3955	1673
2303	4095	1792	2350	3956	1673
2559	4095	1792	2583	3956	1672
2815	4095	1792	2810	3958	1671
3071	4095	1792	3033	3962	1672
3327	4095	1792	3261	3963	1671
3583	4095	1792	3470	3967	1672
3839	4095	1792	3677	3966	1674
4095	4095	1792	3893	3969	1674
0	0	2048	103	10	1876
256	0	2048	324	11	1872
512	0	2048	541	12	1867
768	0	2048	760	13	1865
1024	0	2048	984	12	1865
1280	0	2048	1198	14	1864
1536	0	2048	1420	14	1863
1792	0	2048	1640	15	1863
2048	0	2048	1860	15	1864
2303	0	2048	2078	16	1863
2559	0	2048	2300	17	1860
2815	0	2048	2531	18	1857
3071	0	2048	2756	18	1854
3327	0	2048	2972	19	1854
3583	0	2048	3210	20	1858
3839	0	2048	3418	20	1858
4095	0	2048	3630	20	1860
0	256	2048	118	260	1881
256	256	2048	340	260	1874
512	256	2048	556	260	1874
768	256	2048	776	260	1873
1024	256	2048	999	261	1872
1280	256	2048	1212	262	1871
1536	256	2048	1437	262	1870
1792	256	2048	1659	263	1870
2048	256	2048	1878	264	1869
2303	256	2048	2093	265	1866
2559	256	2048	2314	265	1862
2815	256	2048	2540	264	1858
3071	256	2048	2760	264	1857
3327	256	2048	2978	265	1855
3583	256	2048	3204	266	1855
3839	256	2048	3410	266	1857
4095	256	2048	3621	268	1857
0	512	2048	135	502	1881
256	512	2048	356	500	1880
512	512	2048	575	502	1882
768	512	2048	797	503	1882
1024	512	2048	1020	503	1881
1280	512	2048	1234	503	1880
1536	512	2048	1461	504	1880
1792	512	2048	1681	504	1878
2048	512	2048	1899	505	1876
2303	512	2048	2114	504	1872
2559	512	2048	2337	504	1870
2815	512	2048	2564	504	1867
3071	512	2048	2786	504	1864
3327	512	2048	3004	504	1864
3583	512	2048	3233	506	1863
3839	512	2048	3436	506	1863
4095	512	2048	3647	508	1864
0	768	2048	152	746	1882
256	768	2048	373	747	1884
512	768	2048	593	750	1889
768	768	2048	817	752	1890
1024	768	2048	1040	752	1888
1280	768	2048	1256	753	1888
1536	768	2048	1482	752	1885
1792	768	2048	1702	752	1884
2048	768	2048	1921	752	1881
2303	768	2048	2135	752	1879
2559	768	2048	2360	752	1877
2815	768	2048	2589	752	1874
3071	768	2048	2810	751	1871
3327	768	2048	3026	750	1869
3583	768	2048	3256	752	1869
3839	768	2048	3458	753	1868
4095	768	2048	3666	753	1867
0	1024	2048	168	1001	1892
256	1024	2048	389	1001	1884
512	1024	2048	610	1006	1890
768	1024	2048	836	1007	1892
1024	1024	2048	1060	1008	1894
1280	1024	2048	1278	1010	1890
1536	1024	2048	1499	1005	1889
1792	1024	2048	1721	1006	1889
2048	1024	2048	1940	1006	1888
2303	1024	2048	2155	1007	1886
2559	1024	2048	2383	1007	1883
2815	1024	2048	2612	1006	1880
3071	1024	2048	2834	1006	1876
3327	1024	2048	3051	1005	1873
3583	1024	2048	3274	1005	1871
3839	1024	2048	3478	1006	1871
4095	1024	2048	3686	1006	1871
0	1280	2048	184	1248	1895
256	1280	2048	405	1249	1886
512	1280	2048	625	1253	1891
768	1280	2048	851	1256	1894
1024	1280	2048	1074	1258	1894
1280	1280	2048	1294	1259	1895
1536	1280	2048	1518	1258	1891
1792	1280	2048	1742	1260	1891
2048	1280	2048	1962	1261	1892
2303	1280	2048	2179	1261	1891
2559	1280	2048	2405	1259	1887
2815	1280	2048	2631	1257	1882
3071	1280	2048	2850	1256	1879
3327	1280	2048	3070	1255	1876
3583	1280	2048	3289	1253	1876
3839	1280	2048	3493	1254	1877
4095	1280	2048	3706	1256	1877
0	1536	2048	202	1498	1896
256	1536	2048	421	1500	1886
512	1536	2048	642	1502	1892
768	1536	2048	868	1505	1894
1024	1536	2048	1092	1508	1895
1280	1536	2048	1312	1510	1897
1536	1536	2048	1541	1513	1897
1792	1536	2048	1762	1515	1897
2048	1536	2048	1984	1514	1896
2303	1536	2048	2199	1514	1894
2559	1536	2048	2425	1511	1890
2815	1536	2048	2649	1508	1886
3071	1536	2048	2869	1506	1882
3327	1536	2048	3088	1504	1878
3583	1536	2048	3310	1504	1880
3839	1536	2048	3517	1508	1881
4095	1536	2048	3727	1508	1882
0	1792	2048	218	1745	1897
256	1792	2048	440	1752	1892
512	1792	2048	662	1754	1895
768	1792	2048	886	1753	1896
1024	1792	2048	1109	1755	1898
1280	1792	2048	1331	1758	1901
1536	1792	2048	1558	1762	1902
1792	1792	2048	1781	1764	1903
2048	1792	2048	2002	1764	1902
2303	1792	2048	2218	1764	1900
2559	1792	2048	2447	1762	1896
2815	1792	2048	2671	1758	1890
3071	1792	2048	2890	1756	1886
3327	1792	2048	3112	1755	1884
3583	1792	2048	3334	1757	1882
3839	1792	2048	3540	1758	1884
4095	1792	2048	3749	1758	1884
0	2048	2048	235	1989	1902
256	2048	2048	454	1992	1894
512	2048	2048	676	1993	1900
768	2048	2048	901	1994	1898
1024	2048	2048	1124	1999	1900
1280	2048	2048	1347	2003	1903
1536	2048	2048	1576	2006	1905
1792	2048	2048	1800	2010	1906
2048	2048	2048	2022	2010	1906
2303	2048	2048	2235	2008	1904
2559	2048	2048	2464	2003	1900
2815	2048	2048	2687	2001	1894
3071	2048	2048	2909	2000	1890
3327	2048	2048	3133	2000	1888
3583	2048	2048	3352	2001	1888
3839	2048	2048	3557	2003	1888
4095	2048	2048	3771	2005	1888
0	2303	2048	252	2233	1902
256	2303	2048	470	2237	1894
512	2303	2048	691	2240	1897
768	2303	2048	917	2244	1898
1024	2303	2048	1140	2249	1902
1280	2303	2048	1364	2252	1904
1536	2303	2048	1592	2257	1907
1792	2303	2048	1816	2257	1909
2048	2303	2048	2034	2256	1907
2303	2303	2048	2250	2255	1906
2559	2303	2048	2482	2251	1902
2815	2303	2048	2704	2248	1897
3071	2303	2048	2926	2248	1893
3327	2303	2048	3150	2248	1891
3583	2303	2048	3369	2249	1890
3839	2303	2048	3576	2250	1891
4095	2303	2048	3790	2251	1892
0	2559	2048	268	2493	1893
256	2559	2048	485	2491	1893
512	2559	2048	706	2496	1896
768	2559	2048	933	2501	1898
1024	2559	2048	1154	2506	1902
1280	2559	2048	1380	2512	1904
1536	2559	2048	1606	2514	1907
1792	2559	2048	1828	2512	1907
2048	2559	2048	2047	2512	1906
2303	2559	2048	2262	2510	1902
2559	2559	2048	2498	2511	1902
2815	2559	2048	2723	2511	1899
3071	2559	2048	2944	2511	1895
3327	2559	2048	3169	2511	1894
3583	2559	2048	3384	2511	1893
3839	2559	2048	3591	2512	1894
4095	2559	2048	3804	2513	1895
0	2815	2048	284	2736	1894
256	2815	2048	500	2735	1895
512	2815	2048	723	2739	1894
768	2815	2048	948	2743	1897
1024	2815	2048	1169	2748	1900
1280	2815	2048	1395	2754	1903
1536	2815	2048	1620	2754	1904
1792	2815	2048	1841	2754	1903
2048	2815	2048	2062	2755	1904
2303	2815	2048	2277	2752	1901
2559	2815	2048	2514	2752	1900
2815	2815	2048	2740	2753	1899
3071	2815	2048	2960	2752	1897
3327	2815	2048	3187	2753	1895
3583	2815	2048	3402	2755	1895
3839	2815	2048	3610	2755	1895
4095	2815	2048	3823	2757	1897
0	3071	2048	300	2979	1893
256	3071	2048	517	2984	1896
512	3071	2048	739	2989	1897
768	3071	2048	967	2995	1899
1024	3071	2048	1187	3000	1901
1280	3071	2048	1412	3004	1904
1536	3071	2048	1637	3005	1904
1792	3071	2048	1859	3005	1903
2048	3071	2048	2078	3003	1903
2303	3071	2048	2295	3004	1901
2559	3071	2048	2532	3004	1900
2815	3071	2048	2756	3003	1899
3071	3071	2048	2978	3004	1898
3327	3071	2048	3206	3005	1897
3583	3071	2048	3420	3008	1898
3839	3071	2048	3629	3012	1900
4095	3071	2048	3844	3014	1900
0	3327	2048	316	3230	1894
256	3327	2048	535	3237	1899
512	3327	2048	756	3239	1899
768	3327	2048	983	3243	1901
1024	3327	2048	1202	3248	1903
1280	3327	2048	1427	3248	1904
1536	3327	2048	1650	3250	1906
1792	3327	2048	1875	3252	1905
2048	3327	2048	2093	3252	1903
2303	3327	2048	2314	3252	1902
2559	3327	2048	2550	3252	1900
2815	3327	2048	2774	3252	1900
3071	3327	2048	2997	3252	1900
3327	3327	2048	3227	3257	1900
3583	3327	2048	3438	3260	1901
3839	3327	2048	3644	3260	1902
4095	3327	2048	3858	3259	1904
0	3583	2048	332	3460	1898
256	3583	2048	551	3465	1900
512	3583	2048	774	3471	1902
768	3583	2048	1001	3476	1903
1024	3583	2048	1219	3478	1905
1280	3583	2048	1444	3480	1906
1536	3583	2048	1667	3480	1905
1792	3583	2048	1890	3483	1906
2048	3583	2048	2111	3485	1905
2303	3583	2048	2334	3486	1904
2559	3583	2048	2570	3488	1904
2815	3583	2048	2796	3489	1903
3071	3583	2048	3019	3490	1903
3327	3583	2048	3247	3492	1904
3583	3583	2048	3457	3494	1906
3839	3583	2048	3664	3493	1906
4095	3583	2048	3877	3492	1905
0	3839	2048	348	3704	1900
256	3839	2048	568	3713	1903
512	3839	2048	791	3712	1905
768	3839	2048	1018	3716	1908
1024	3839	2048	1234	3715	1908
1280	3839	2048	1460	3717	1908
1536	3839	2048	1684	3720	1908
1792	3839	2048	1908	3723	1908
2048	3839	2048	2128	3725	1908
2303	3839	2048	2353	3727	1908
2559	3839	2048	2588	3727	1908
2815	3839	2048	2814	3728	1908
3071	3839	2048	3035	3730	1908
3327	3839	2048	3265	3729	1909
3583	3839	2048	3472	3729	1908
3839	3839	2048	3680	3731	1910
4095	3839	2048	3895	3732	1908
0	4095	2048	366	3948	1904
256	4095	2048	586	3955	1908
512	4095	2048	810	3958	1908
768	4095	2048	1036	3958	1909
1024	4095	2048	1252	3960	1909
1280	4095	2048	1479	3960	1908
1536	4095	2048	1704	3967	1910
1792	4095	2048	1927	3970	1912
2048	4095	2048	2147	3972	1911
2303	4095	2048	2374	3975	1912
2559	4095	2048	2607	3975	1912
2815	4095	2048	2834	3975	1911
3071	4095	2048	3056	3977	1912
3327	4095	2048	3284	3972	1911
3583	4095	2048	3488	3977	1911
3839	4095	2048	3698	3978	1911
4095	4095	2048	3914	3980	1912
0	0	2303	116	12	2109
256	0	2303	338	12	2100
512	0	2303	556	13	2098
768	0	2303	778	14	2094
1024	0	2303	1000	14	2094
1280	0	2303	1214	14	2094
1536	0	2303	1438	15	2094
1792	0	2303	1659	16	2094
2048	0	2303	1880	17	2094
2303	0	2303	2098	17	2093
2559	0	2303	2322	18	2091
2815	0	2303	2552	19	2088
3071	0	2303	2774	20	2084
3327	0	2303	2992	20	2083
3583	0	2303	3234	21	2088
3839	0	2303	3438	22	2088
4095	0	2303	3651	22	2091
0	256	2303	131	261	2109
256	256	2303	352	261	2104
512	256	2303	569	262	2104
768	256	2303	791	262	2103
1024	256	2303	1013	263	2104
1280	256	2303	1228	264	2101
1536	256	2303	1453	264	2101
1792	256	2303	1674	265	2100
2048	256	2303	1894	266	2099
2303	256	2303	2110	267	2098
2559	256	2303	2332	268	2096
2815	256	2303	2561	267	2092
3071	256	2303	2778	267	2090
3327	256	2303	2998	267	2088
3583	256	2303	3225	269	2089
3839	256	2303	3432	268	2088
4095	256	2303	3643	270	2089
0	512	2303	148	503	2111
256	512	2303	370	504	2110
512	512	2303	589	505	2112
768	512	2303	812	505	2114
1024	512	2303	1036	506	2110
1280	512	2303	1249	506	2109
1536	512	2303	1478	507	2110
1792	512	2303	1697	506	2109
2048	512	2303	1917	507	2108
2303	512	2303	2133	508	2107
2559	512	2303	2358	508	2105
2815	512	2303	2588	508	2102
3071	512	2303	2808	508	2098
3327	512	2303	3028	508	2097
3583	512	2303	3256	510	2096
3839	512	2303	3458	510	2094
4095	512	2303	3669	511	2094
0	768	2303	164	749	2112
256	768	2303	386	749	2112
512	768	2303	607	752	2116
768	768	2303	831	754	2116
1024	768	2303	1053	754	2115
1280	768	2303	1270	754	2114
1536	768	2303	1497	754	2114
1792	768	2303	1719	756	2116
2048	768	2303	1940	758	2115
2303	768	2303	2156	757	2114
2559	768	2303	2382	757	2111
2815	768	2303	2610	756	2108
3071	768	2303	2832	757	2103
3327	768	2303	3049	755	2102
3583	768	2303	3276	756	2098
3839	768	2303	3477	756	2096
4095	768	2303	3685	756	2098
0	1024	2303	181	1002	2114
256	1024	2303	402	1002	2114
512	1024	2303	623	1006	2117
768	1024	2303	848	1007	2120
1024	1024	2303	1070	1007	2120
1280	1024	2303	1290	1009	2122
1536	1024	2303	1516	1010	2122
1792	1024	2303	1740	1011	2122
2048	1024	2303	1959	1012	2121
2303	1024	2303	2176	1012	2119
2559	1024	2303	2405	1012	2115
2815	1024	2303	2632	1012	2110
3071	1024	2303	2853	1010	2108
3327	1024	2303	3073	1009	2104
3583	1024	2303	3294	1010	2102
3839	1024	2303	3499	1011	2104
4095	1024	2303	3708	1011	2105
0	1280	2303	198	1252	2123
256	1280	2303	418	1253	2114
512	1280	2303	640	1258	2120
768	1280	2303	866	1260	2122
1024	1280	2303	1090	1262	2124
1280	1280	2303	1311	1264	2125
1536	1280	2303	1537	1265	2127
1792	1280	2303	1760	1266	2126
2048	1280	2303	1982	1267	2126
2303	1280	2303	2196	1265	2124
2559	1280	2303	2424	1264	2118
2815	1280	2303	2648	1261	2113
3071	1280	2303	2870	1260	2110
3327	1280	2303	3092	1260	2109
3583	1280	2303	3313	1260	2108
3839	1280	2303	3518	1261	2109
4095	1280	2303	3730	1263	2109
0	1536	2303	214	1503	2126
256	1536	2303	435	1504	2118
512	1536	2303	657	1507	2121
768	1536	2303	883	1510	2125
1024	1536	2303	1107	1514	2127
1280	1536	2303	1329	1517	2130
1536	1536	2303	1557	1518	2131
1792	1536	2303	1778	1518	2131
2048	1536	2303	2000	1519	2130
2303	1536	2303	2216	1519	2128
2559	1536	2303	2444	1516	2122
2815	1536	2303	2668	1513	2116
3071	1536	2303	2889	1512	2116
3327	1536	2303	3110	1512	2114
3583	1536	2303	3332	1510	2114
3839	1536	2303	3538	1513	2115
4095	1536	2303	3750	1514	2116
0	1792	2303	232	1752	2129
256	1792	2303	453	1754	2122
512	1792	2303	674	1756	2124
768	1792	2303	902	1758	2126
1024	1792	2303	1124	1762	2130
1280	1792	2303	1348	1764	2132
1536	1792	2303	1574	1766	2134
1792	1792	2303	1797	1769	2134
2048	1792	2303	2019	1769	2135
2303	1792	2303	2235	1769	2132
2559	1792	2303	2464	1766	2128
2815	1792	2303	2690	1765	2122
3071	1792	2303	2913	1764	2120
3327	1792	2303	3138	1766	2118
3583	1792	2303	3357	1765	2116
3839	1792	2303	3563	1767	2119
4095	1792	2303	3776	1769	2121
0	2048	2303	248	1994	2131
256	2048	2303	468	1999	2125
512	2048	2303	692	2002	2128
768	2048	2303	918	2005	2130
1024	2048	2303	1142	2009	2133
1280	2048	2303	1366	2012	2136
1536	2048	2303	1594	2014	2138
1792	2048	2303	1816	2015	2138
2048	2048	2303	2038	2016	2138
2303	2048	2303	2252	2014	2136
2559	2048	2303	2484	2010	2132
2815	2048	2303	2709	2010	2128
3071	2048	2303	2932	2010	2125
3327	2048	2303	3157	2010	2124
3583	2048	2303	3376	2011	2123
3839	2048	2303	3582	2012	2123
4095	2048	2303	3797	2016	2124
0	2303	2303	265	2241	2125
256	2303	2303	484	2245	2126
512	2303	2303	706	2248	2130
768	2303	2303	934	2254	2133
1024	2303	2303	1157	2259	2136
1280	2303	2303	1383	2263	2138
1536	2303	2303	1610	2263	2141
1792	2303	2303	1833	2264	2141
2048	2303	2303	2052	2264	2140
2303	2303	2303	2269	2264	2138
2559	2303	2303	2505	2262	2136
2815	2303	2303	2730	2260	2132
3071	2303	2303	2952	2260	2129
3327	2303	2303	3178	2261	2128
3583	2303	2303	3395	2260	2127
3839	2303	2303	3601	2260	2126
4095	2303	2303	3814	2261	2128
0	2559	2303	282	2504	2127
256	2559	2303	500	2504	2128
512	2559	2303	724	2510	2131
768	2559	2303	952	2515	2134
1024	2559	2303	1172	2519	2138
1280	2559	2303	1398	2522	2139
1536	2559	2303	1623	2522	2139
1792	2559	2303	1846	2521	2138
2048	2559	2303	2066	2523	2139
2303	2559	2303	2284	2522	2137
2559	2559	2303	2523	2524	2137
2815	2559	2303	2747	2523	2134
3071	2559	2303	2970	2524	2132
3327	2559	2303	3195	2523	2130
3583	2559	2303	3410	2524	2130
3839	2559	2303	3616	2523	2129
4095	2559	2303	3828	2522	2128
0	2815	2303	298	2744	2127
256	2815	2303	516	2748	2130
512	2815	2303	740	2752	2131
768	2815	2303	966	2758	2134
1024	2815	2303	1187	2760	2136
1280	2815	2303	1412	2763	2138
1536	2815	2303	1638	2764	2138
1792	2815	2303	1859	2764	2136
2048	2815	2303	2080	2765	2138
2303	2815	2303	2298	2764	2136
2559	2815	2303	2536	2765	2134
2815	2815	2303	2760	2763	2134
3071	2815	2303	2986	2764	2132
3327	2815	2303	3212	2767	2131
3583	2815	2303	3424	2765	2130
3839	2815	2303	3629	2764	2130
4095	2815	2303	3845	2767	2130
0	3071	2303	313	2990	2126
256	3071	2303	533	3000	2131
512	3071	2303	755	3003	2132
768	3071	2303	985	3009	2134
1024	3071	2303	1204	3011	2136
1280	3071	2303	1429	3012	2136
1536	3071	2303	1653	3012	2138
1792	3071	2303	1877	3013	2137
2048	3071	2303	2097	3015	2137
2303	3071	2303	2319	3016	2136
2559	3071	2303	2554	3016	2134
2815	3071	2303	2780	3017	2134
3071	3071	2303	3004	3020	2133
3327	3071	2303	3229	3017	2132
3583	3071	2303	3439	3017	2132
3839	3071	2303	3649	3020	2131
4095	3071	2303	3863	3021	2132
0	3327	2303	330	3243	2126
256	3327	2303	550	3250	2132
512	3327	2303	774	3253	2135
768	3327	2303	999	3254	2134
1024	3327	2303	1218	3258	2136
1280	3327	2303	1444	3258	2136
1536	3327	2303	1668	3260	2138
1792	3327	2303	1893	3262	2137
2048	3327	2303	2114	3264	2138
2303	3327	2303	2337	3265	2137
2559	3327	2303	2572	3268	2136
2815	3327	2303	2799	3268	2137
3071	3327	2303	3022	3268	2136
3327	3327	2303	3252	3270	2137
3583	3327	2303	3458	3269	2134
3839	3327	2303	3665	3269	2133
4095	3327	2303	3878	3269	2134
0	3583	2303	347	3472	2131
256	3583	2303	566	3479	2135
512	3583	2303	790	3484	2136
768	3583	2303	1017	3485	2137
1024	3583	2303	1235	3487	2137
1280	3583	2303	1462	3490	2137
1536	3583	2303	1686	3492	2138
1792	3583	2303	1910	3497	2140
2048	3583	2303	2132	3501	2141
2303	3583	2303	2358	3503	2140
2559	3583	2303	2593	3503	2140
2815	3583	2303	2817	3500	2139
3071	3583	2303	3038	3498	2138
3327	3583	2303	3268	3502	2138
3583	3583	2303	3476	3504	2138
3839	3583	2303	3684	3503	2138
4095	3583	2303	3898	3502	2136
0	3839	2303	363	3718	2134
256	3839	2303	583	3724	2138
512	3839	2303	807	3726	2140
768	3839	2303	1033	3725	2140
1024	3839	2303	1250	3724	2138
1280	3839	2303	1478	3729	2140
1536	3839	2303	1702	3733	2141
1792	3839	2303	1928	3738	2143
2048	3839	2303	2150	3742	2144
2303	3839	2303	2377	3743	2144
2559	3839	2303	2610	3742	2144
2815	3839	2303	2835	3738	2141
3071	3839	2303	3055	3738	2139
3327	3839	2303	3287	3742	2140
3583	3839	2303	3490	3740	2140
3839	3839	2303	3700	3742	2141
4095	3839	2303	3918	3744	2141
0	4095	2303	381	3965	2138
256	4095	2303	600	3968	2141
512	4095	2303	826	3968	2142
768	4095	2303	1050	3968	2141
1024	4095	2303	1268	3970	2141
1280	4095	2303	1497	3976	2142
1536	4095	2303	1722	3982	2145
1792	4095	2303	1946	3985	2146
2048	4095	2303	2168	3988	2147
2303	4095	2303	2396	3989	2147
2559	4095	2303	2628	3987	2146
2815	4095	2303	2853	3984	2143
3071	4095	2303	3075	3984	2142
3327	4095	2303	3304	3983	2143
3583	4095	2303	3507	3986	2143
3839	4095	2303	3721	3991	2143
4095	4095	2303	3936	3993	2144
0	0	2559	129	13	2352
256	0	2559	352	14	2342
512	0	2559	570	14	2341
768	0	2559	792	15	2336
1024	0	2559	1014	16	2335
1280	0	2559	1230	16	2336
1536	0	2559	1455	16	2335
1792	0	2559	1679	17	2335
2048	0	2559	1900	18	2334
2303	0	2559	2119	19	2335
2559	0	2559	2344	19	2334
2815	0	2559	2574	20	2330
3071	0	2559	2796	21	2328
3327	0	2559	3012	22	2328
3583	0	2559	3248	22	2328
3839	0	2559	3454	22	2328
4095	0	2559	3668	24	2330
0	256	2559	144	263	2353
256	256	2559	366	263	2348
512	256	2559	584	265	2350
768	256	2559	807	265	2347
1024	256	2559	1030	266	2344
1280	256	2559	1244	266	2342
1536	256	2559	1470	266	2342
1792	256	2559	1691	268	2342
2048	256	2559	1911	268	2342
2303	256	2559	2129	269	2342
2559	256	2559	2354	270	2341
2815	256	2559	2582	270	2338
3071	256	2559	2801	270	2334
3327	256	2559	3024	270	2331
3583	256	2559	3251	271	2333
3839	256	2559	3454	271	2330
4095	256	2559	3666	273	2333
0	512	2559	161	505	2354
256	512	2559	383	506	2353
512	512	2559	604	508	2356
768	512	2559	827	508	2354
1024	512	2559	1050	508	2349
1280	512	2559	1265	508	2350
1536	512	2559	1495	509	2350
1792	512	2559	1716	510	2351
2048	512	2559	1937	511	2351
2303	512	2559	2154	512	2351
2559	512	2559	2382	513	2349
2815	512	2559	2610	513	2345
3071	512	2559	2832	512	2341
3327	512	2559	3050	512	2338
3583	512	2559	3280	514	2337
3839	512	2559	3477	514	2335
4095	512	2559	3690	514	2338
0	768	2559	177	752	2354
256	768	2559	400	753	2355
512	768	2559	620	756	2357
768	768	2559	844	756	2356
1024	768	2559	1066	756	2358
1280	768	2559	1284	756	2358
1536	768	2559	1513	757	2357
1792	768	2559	1735	758	2357
2048	768	2559	1956	760	2357
2303	768	2559	2174	761	2356
2559	768	2559	2400	760	2352
2815	768	2559	2629	760	2349
3071	768	2559	2851	760	2344
3327	768	2559	3069	758	2342
3583	768	2559	3294	759	2341
3839	768	2559	3496	760	2338
4095	768	2559	3708	762	2342
0	1024	2559	194	1006	2355
256	1024	2559	416	1006	2356
512	1024	2559	636	1008	2358
768	1024	2559	862	1010	2362
1024	1024	2559	1086	1012	2364
1280	1024	2559	1306	1013	2365
1536	1024	2559	1532	1012	2365
1792	1024	2559	1756	1015	2363
2048	1024	2559	1976	1016	2362
2303	1024	2559	2193	1015	2360
2559	1024	2559	2422	1015	2356
2815	1024	2559	2648	1014	2352
3071	1024	2559	2868	1012	2350
3327	1024	2559	3090	1012	2348
3583	1024	2559	3313	1013	2346
3839	1024	2559	3518	1014	2348
4095	1024	2559	3730	1016	2349
0	1280	2559	211	1255	2365
256	1280	2559	431	1256	2356
512	1280	2559	654	1260	2360
768	1280	2559	880	1264	2363
1024	1280	2559	1104	1265	2366
1280	1280	2559	1326	1268	2370
1536	1280	2559	1552	1268	2369
1792	1280	2559	1774	1268	2368
2048	1280	2559	1994	1267	2367
2303	1280	2559	2207	1266	2364
2559	1280	2559	2438	1265	2361
2815	1280	2559	2666	1265	2358
3071	1280	2559	2890	1264	2356
3327	1280	2559	3113	1266	2353
3583	1280	2559	3336	1266	2352
3839	1280	2559	3539	1267	2354
4095	1280	2559	3753	1269	2355
0	1536	2559	228	1506	2367
256	1536	2559	448	1508	2360
512	1536	2559	671	1511	2362
768	1536	2559	898	1514	2366
1024	1536	2559	1122	1518	2370
1280	1536	2559	1344	1521	2373
1536	1536	2559	1571	1521	2372
1792	1536	2559	1792	1520	2371
2048	1536	2559	2012	1521	2370
2303	1536	2559	2230	1521	2368
2559	1536	2559	2462	1520	2366
2815	1536	2559	2688	1518	2364
3071	1536	2559	2910	1518	2361
3327	1536	2559	3133	1518	2359
3583	1536	2559	3352	1518	2359
3839	1536	2559	3561	1520	2359
4095	1536	2559	3772	1520	2359
0	1792	2559	245	1756	2372
256	1792	2559	465	1756	2364
512	1792	2559	688	1759	2366
768	1792	2559	915	1764	2370
1024	1792	2559	1139	1768	2374
1280	1792	2559	1362	1769	2376
1536	1792	2559	1588	1770	2375
1792	1792	2559	1810	1771	2374
2048	1792	2559	2033	1772	2374
2303	1792	2559	2250	1772	2372
2559	1792	2559	2483	1771	2370
2815	1792	2559	2710	1771	2368
3071	1792	2559	2932	1772	2364
3327	1792	2559	3158	1771	2363
3583	1792	2559	3376	1770	2363
3839	1792	2559	3582	1771	2364
4095	1792	2559	3793	1772	2364
0	2048	2559	263	1995	2366
256	2048	2559	482	2004	2368
512	2048	2559	706	2008	2372
768	2048	2559	934	2012	2375
1024	2048	2559	1156	2014	2378
1280	2048	2559	1380	2016	2379
1536	2048	2559	1608	2018	2379
1792	2048	2559	1830	2016	2378
2048	2048	2559	2052	2017	2379
2303	2048	2559	2268	2019	2379
2559	2048	2559	2504	2017	2376
2815	2048	2559	2731	2018	2372
3071	2048	2559	2954	2017	2371
3327	2048	2559	3178	2017	2368
3583	2048	2559	3396	2018	2367
3839	2048	2559	3602	2019	2366
4095	2048	2559	3815	2021	2367
0	2303	2559	278	2246	2368
256	2303	2559	498	2252	2370
512	2303	2559	722	2256	2375
768	2303	2559	950	2262	2379
1024	2303	2559	1172	2264	2382
1280	2303	2559	1397	2265	2381
1536	2303	2559	1622	2265	2382
1792	2303	2559	1847	2266	2382
2048	2303	2559	2069	2270	2384
2303	2303	2559	2287	2270	2382
2559	2303	2559	2526	2271	2382
2815	2303	2559	2752	2270	2378
3071	2303	2559	2976	2270	2376
3327	2303	2559	3200	2268	2374
3583	2303	2559	3415	2269	2372
3839	2303	2559	3621	2268	2372
4095	2303	2559	3832	2266	2371
0	2559	2559	295	2508	2370
256	2559	2559	514	2515	2375
512	2559	2559	740	2519	2378
768	2559	2559	967	2523	2380
1024	2559	2559	1188	2526	2382
1280	2559	2559	1413	2527	2382
1536	2559	2559	1640	2528	2382
1792	2559	2559	1863	2528	2383
2048	2559	2559	2084	2530	2385
2303	2559	2559	2304	2532	2384
2559	2559	2559	2544	2534	2384
2815	2559	2559	2770	2534	2381
3071	2559	2559	2992	2532	2378
3327	2559	2559	3218	2532	2377
3583	2559	2559	3430	2532	2376
3839	2559	2559	3635	2530	2374
4095	2559	2559	3848	2530	2373
0	2815	2559	311	2752	2371
256	2815	2559	531	2758	2377
512	2815	2559	755	2763	2378
768	2815	2559	983	2766	2381
1024	2815	2559	1202	2767	2380
1280	2815	2559	1428	2769	2382
1536	2815	2559	1655	2773	2383
1792	2815	2559	1879	2775	2383
2048	2815	2559	2100	2776	2384
2303	2815	2559	2322	2776	2384
2559	2815	2559	2560	2778	2384
2815	2815	2559	2784	2774	2382
3071	2815	2559	3006	2773	2380
3327	2815	2559	3234	2774	2378
3583	2815	2559	3443	2772	2376
3839	2815	2559	3650	2772	2375
4095	2815	2559	3865	2774	2374
0	3071	2559	327	3002	2372
256	3071	2559	548	3010	2377
512	3071	2559	772	3013	2380
768	3071	2559	999	3014	2379
1024	3071	2559	1218	3014	2380
1280	3071	2559	1444	3017	2380
1536	3071	2559	1669	3020	2382
1792	3071	2559	1895	3024	2384
2048	3071	2559	2118	3026	2385
2303	3071	2559	2340	3028	2384
2559	3071	2559	2575	3027	2384
2815	3071	2559	2800	3026	2382
3071	3071	2559	3023	3026	2381
3327	3071	2559	3249	3025	2380
3583	3071	2559	3456	3023	2378
3839	3071	2559	3666	3024	2376
4095	3071	2559	3880	3026	2377
0	3327	2559	344	3254	2376
256	3327	2559	564	3261	2380
512	3327	2559	789	3261	2381
768	3327	2559	1015	3260	2380
1024	3327	2559	1234	3264	2380
1280	3327	2559	1461	3269	2382
1536	3327	2559	1687	3271	2383
1792	3327	2559	1911	3273	2384
2048	3327	2559	2134	3276	2386
2303	3327	2559	2358	3278	2386
2559	3327	2559	2594	3280	2386
2815	3327	2559	2819	3278	2384
3071	3327	2559	3042	3276	2384
3327	3327	2559	3271	3278	2383
3583	3327	2559	3478	3276	2380
3839	3327	2559	3685	3277	2379
4095	3327	2559	3902	3280	2380
0	3583	2559	360	3486	2379
256	3583	2559	582	3492	2383
512	3583	2559	805	3493	2383
768	3583	2559	1032	3492	2382
1024	3583	2559	1250	3497	2384
1280	3583	2559	1480	3502	2386
1536	3583	2559	1704	3506	2387
1792	3583	2559	1930	3510	2388
2048	3583	2559	2152	3514	2390
2303	3583	2559	2380	3517	2390
2559	3583	2559	2614	3515	2390
2815	3583	2559	2835	3508	2387
3071	3583	2559	3056	3506	2384
3327	3583	2559	3286	3508	2384
3583	3583	2559	3495	3512	2385
3839	3583	2559	3706	3514	2384
4095	3583	2559	3925	3517	2385
0	3839	2559	377	3727	2382
256	3839	2559	598	3731	2385
512	3839	2559	823	3734	2386
768	3839	2559	1049	3734	2385
1024	3839	2559	1266	3735	2386
1280	3839	2559	1497	3741	2389
1536	3839	2559	1722	3745	2391
1792	3839	2559	1949	3752	2393
2048	3839	2559	2168	3752	2394
2303	3839	2559	2395	3751	2393
2559	3839	2559	2629	3751	2392
2815	3839	2559	2854	3748	2388
3071	3839	2559	3075	3745	2385
3327	3839	2559	3307	3750	2387
3583	3839	2559	3511	3752	2387
3839	3839	2559	3723	3754	2388
4095	3839	2559	3940	3756	2390
0	4095	2559	395	3974	2386
256	4095	2559	615	3976	2387
512	4095	2559	840	3976	2388
768	4095	2559	1066	3980	2388
1024	4095	2559	1286	3982	2390
1280	4095	2559	1516	3990	2392
1536	4095	2559	1741	3994	2394
1792	4095	2559	1966	3998	2396
2048	4095	2559	2186	3997	2397
2303	4095	2559	2414	3997	2395
2559	4095	2559	2646	3994	2393
2815	4095	2559	2870	3992	2391
3071	4095	2559	3093	3991	2388
3327	4095	2559	3323	3995	2390
3583	4095	2559	3530	3998	2390
3839	4095	2559	3740	4000	2392
4095	4095	2559	3959	4005	2392
0	0	2815	142	14	2607
256	0	2815	366	15	2594
512	0	2815	584	16	2593
768	0	2815	807	16	2590
1024	0	2815	1031	16	2589
1280	0	2815	1247	17	2586
1536	0	2815	1474	18	2586
1792	0	2815	1698	18	2587
2048	0	2815	1917	19	2586
2303	0	2815	2136	20	2587
2559	0	2815	2362	21	2586
2815	0	2815	2594	21	2585
3071	0	2815	2818	22	2582
3327	0	2815	3039	23	2581
3583	0	2815	3272	24	2581
3839	0	2815	3477	24	2581
4095	0	2815	3692	24	2583
0	256	2815	158	265	2606
256	256	2815	379	266	2601
512	256	2815	599	266	2603
768	256	2815	822	267	2599
1024	256	2815	1044	268	2595
1280	256	2815	1257	268	2596
1536	256	2815	1485	268	2594
1792	256	2815	1706	270	2595
2048	256	2815	1927	270	2595
2303	256	2815	2146	272	2594
2559	256	2815	2372	272	2594
2815	256	2815	2604	272	2592
3071	256	2815	2827	272	2588
3327	256	2815	3048	273	2584
3583	256	2815	3272	273	2584
3839	256	2815	3472	274	2584
4095	256	2815	3686	274	2586
0	512	2815	174	509	2606
256	512	2815	397	509	2604
512	512	2815	618	510	2605
768	512	2815	841	510	2604
1024	512	2815	1064	510	2604
1280	512	2815	1281	511	2603
1536	512	2815	1509	511	2603
1792	512	2815	1732	513	2603
2048	512	2815	1952	514	2603
2303	512	2815	2169	515	2601
2559	512	2815	2400	515	2600
2815	512	2815	2628	516	2597
3071	512	2815	2850	514	2593
3327	512	2815	3069	514	2591
3583	512	2815	3297	516	2592
3839	512	2815	3499	516	2592
4095	512	2815	3712	517	2592
0	768	2815	190	755	2607
256	768	2815	413	757	2606
512	768	2815	634	758	2609
768	768	2815	859	758	2611
1024	768	2815	1081	760	2612
1280	768	2815	1300	761	2610
1536	768	2815	1528	760	2610
1792	768	2815	1750	762	2609
2048	768	2815	1971	763	2608
2303	768	2815	2189	764	2606
2559	768	2815	2417	764	2604
2815	768	2815	2646	764	2601
3071	768	2815	2869	762	2596
3327	768	2815	3090	764	2595
3583	768	2815	3316	764	2596
3839	768	2815	3520	765	2596
4095	768	2815	3732	765	2597
0	1024	2815	208	1009	2609
256	1024	2815	429	1010	2608
512	1024	2815	651	1012	2612
768	1024	2815	877	1014	2614
1024	1024	2815	1101	1016	2616
1280	1024	2815	1321	1018	2619
1536	1024	2815	1548	1016	2615
1792	1024	2815	1769	1017	2613
2048	1024	2815	1991	1017	2611
2303	1024	2815	2204	1017	2610
2559	1024	2815	2436	1016	2610
2815	1024	2815	2664	1016	2607
3071	1024	2815	2887	1016	2604
3327	1024	2815	3110	1016	2603
3583	1024	2815	3334	1017	2602
3839	1024	2815	3539	1019	2602
4095	1024	2815	3752	1021	2602
0	1280	2815	224	1260	2617
256	1280	2815	444	1260	2610
512	1280	2815	668	1264	2614
768	1280	2815	894	1268	2616
1024	1280	2815	1120	1270	2620
1280	1280	2815	1342	1272	2620
1536	1280	2815	1566	1270	2618
1792	1280	2815	1786	1269	2618
2048	1280	2815	2006	1268	2618
2303	1280	2815	2224	1269	2616
2559	1280	2815	2458	1269	2615
2815	1280	2815	2687	1270	2611
3071	1280	2815	2911	1271	2609
3327	1280	2815	3135	1270	2608
3583	1280	2815	3356	1272	2608
3839	1280	2815	3560	1273	2607
4095	1280	2815	3771	1273	2608
0	1536	2815	240	1506	2616
256	1536	2815	461	1510	2611
512	1536	2815	684	1514	2615
768	1536	2815	913	1518	2619
1024	1536	2815	1136	1521	2622
1280	1536	2815	1358	1523	2624
1536	1536	2815	1583	1522	2621
1792	1536	2815	1807	1524	2622
2048	1536	2815	2028	1524	2621
2303	1536	2815	2245	1524	2622
2559	1536	2815	2480	1525	2620
2815	1536	2815	2708	1525	2618
3071	1536	2815	2931	1523	2615
3327	1536	2815	3156	1523	2613
3583	1536	2815	3376	1525	2612
3839	1536	2815	3581	1526	2611
4095	1536	2815	3790	1526	2610
0	1792	2815	258	1756	2619
256	1792	2815	477	1760	2613
512	1792	2815	701	1763	2618
768	1792	2815	928	1766	2621
1024	1792	2815	1152	1769	2624
1280	1792	2815	1375	1772	2626
1536	1792	2815	1602	1772	2625
1792	1792	2815	1825	1774	2626
2048	1792	2815	2048	1775	2625
2303	1792	2815	2265	1776	2624
2559	1792	2815	2501	1777	2622
2815	1792	2815	2730	1776	2621
3071	1792	2815	2952	1776	2618
3327	1792	2815	3176	1776	2617
3583	1792	2815	3394	1776	2616
3839	1792	2815	3597	1775	2614
4095	1792	2815	3808	1774	2615
0	2048	2815	275	2001	2614
256	2048	2815	496	2008	2620
512	2048	2815	720	2013	2623
768	2048	2815	948	2015	2626
1024	2048	2815	1169	2017	2627
1280	2048	2815	1394	2019	2629
1536	2048	2815	1621	2021	2630
1792	2048	2815	1845	2022	2630
2048	2048	2815	2066	2023	2632
2303	2048	2815	2285	2023	2630
2559	2048	2815	2522	2023	2628
2815	2048	2815	2750	2026	2626
3071	2048	2815	2973	2024	2623
3327	2048	2815	3198	2024	2620
3583	2048	2815	3413	2023	2618
3839	2048	2815	3618	2023	2618
4095	2048	2815	3833	2025	2618
0	2303	2815	292	2252	2619
256	2303	2815	512	2259	2624
512	2303	2815	737	2264	2628
768	2303	2815	964	2266	2629
1024	2303	2815	1184	2265	2630
1280	2303	2815	1411	2268	2630
1536	2303	2815	1638	2270	2632
1792	2303	2815	1863	2272	2634
2048	2303	2815	2085	2274	2636
2303	2303	2815	2305	2274	2634
2559	2303	2815	2546	2278	2635
2815	2303	2815	2770	2274	2630
3071	2303	2815	2993	2274	2628
3327	2303	2815	3218	2272	2625
3583	2303	2815	3430	2272	2624
3839	2303	2815	3638	2272	2621
4095	2303	2815	3850	2272	2622
0	2559	2815	309	2516	2622
256	2559	2815	528	2521	2627
512	2559	2815	753	2524	2627
768	2559	2815	981	2524	2629
1024	2559	2815	1201	2527	2630
1280	2559	2815	1429	2533	2632
1536	2559	2815	1656	2536	2634
1792	2559	2815	1880	2535	2634
2048	2559	2815	2102	2537	2637
2303	2559	2815	2324	2538	2635
2559	2559	2815	2562	2540	2636
2815	2559	2815	2787	2539	2634
3071	2559	2815	3008	2536	2629
3327	2559	2815	3234	2536	2628
3583	2559	2815	3447	2536	2626
3839	2559	2815	3654	2536	2626
4095	2559	2815	3870	2538	2626
0	2815	2815	324	2760	2624
256	2815	2815	545	2764	2628
512	2815	2815	770	2767	2628
768	2815	2815	997	2768	2628
1024	2815	2815	1216	2772	2630
1280	2815	2815	1446	2777	2633
1536	2815	2815	1672	2780	2635
1792	2815	2815	1896	2782	2635
2048	2815	2815	2118	2784	2636
2303	2815	2815	2342	2785	2636
2559	2815	2815	2579	2784	2635
2815	2815	2815	2804	2782	2634
3071	2815	2815	3024	2778	2630
3327	2815	2815	3252	2779	2629
3583	2815	2815	3463	2780	2629
3839	2815	2815	3671	2781	2628
4095	2815	2815	3888	2782	2628
0	3071	2815	341	3012	2624
256	3071	2815	563	3018	2629
512	3071	2815	786	3018	2629
768	3071	2815	1013	3015	2628
1024	3071	2815	1232	3022	2630
1280	3071	2815	1462	3025	2634
1536	3071	2815	1687	3030	2634
1792	3071	2815	1913	3033	2636
2048	3071	2815	2136	3036	2637
2303	3071	2815	2360	3037	2638
2559	3071	2815	2594	3036	2636
2815	3071	2815	2820	3034	2634
3071	3071	2815	3041	3032	2633
3327	3071	2815	3272	3036	2631
3583	3071	2815	3479	3035	2630
3839	3071	2815	3688	3036	2630
4095	3071	2815	3904	3036	2630
0	3327	2815	358	3264	2628
256	3327	2815	578	3266	2632
512	3327	2815	803	3265	2630
768	3327	2815	1030	3267	2631
1024	3327	2815	1250	3271	2632
1280	3327	2815	1479	3277	2636
1536	3327	2815	1705	3282	2638
1792	3327	2815	1932	3286	2640
2048	3327	2815	2154	3288	2640
2303	3327	2815	2378	3288	2640
2559	3327	2815	2612	3287	2638
2815	3327	2815	2838	3285	2636
3071	3327	2815	3059	3284	2634
3327	3327	2815	3292	3288	2635
3583	3327	2815	3498	3288	2634
3839	3327	2815	3707	3288	2633
4095	3327	2815	3925	3290	2634
0	3583	2815	374	3495	2631
256	3583	2815	596	3500	2633
512	3583	2815	820	3500	2633
768	3583	2815	1047	3502	2634
1024	3583	2815	1266	3508	2636
1280	3583	2815	1497	3513	2638
1536	3583	2815	1723	3517	2641
1792	3583	2815	1950	3522	2642
2048	3583	2815	2170	3523	2644
2303	3583	2815	2398	3523	2643
2559	3583	2815	2631	3522	2642
2815	3583	2815	2856	3519	2639
3071	3583	2815	3078	3518	2638
3327	3583	2815	3308	3519	2636
3583	3583	2815	3516	3520	2638
3839	3583	2815	3728	3526	2639
4095	3583	2815	3948	3529	2639
0	3839	2815	390	3736	2632
256	3839	2815	612	3736	2634
512	3839	2815	838	3742	2636
768	3839	2815	1064	3746	2638
1024	3839	2815	1285	3750	2640
1280	3839	2815	1514	3755	2642
1536	3839	2815	1739	3758	2644
1792	3839	2815	1966	3762	2646
2048	3839	2815	2184	3757	2644
2303	3839	2815	2412	3756	2644
2559	3839	2815	2648	3760	2644
2815	3839	2815	2875	3760	2642
3071	3839	2815	3097	3759	2641
3327	3839	2815	3330	3762	2641
3583	3839	2815	3533	3765	2642
3839	3839	2815	3747	3768	2642
4095	3839	2815	3965	3770	2643
0	4095	2815	408	3982	2639
256	4095	2815	630	3983	2637
512	4095	2815	856	3988	2640
768	4095	2815	1083	3993	2642
1024	4095	2815	1304	3995	2643
1280	4095	2815	1534	4002	2645
1536	4095	2815	1758	4004	2646
1792	4095	2815	1985	4007	2648
2048	4095	2815	2203	4004	2648
2303	4095	2815	2432	4004	2645
2559	4095	2815	2665	4005	2646
2815	4095	2815	2891	4005	2644
3071	4095	2815	3116	4006	2643
3327	4095	2815	3346	4011	2644
3583	4095	2815	3552	4012	2644
3839	4095	2815	3762	4014	2645
4095	4095	2815	3981	4015	2646
0	0	3071	156	15	2842
256	0	3071	379	16	2829
512	0	3071	598	17	2828
768	0	3071	823	18	2823
1024	0	3071	1046	18	2821
1280	0	3071	1263	18	2820
1536	0	3071	1490	19	2820
1792	0	3071	1712	20	2821
2048	0	3071	1932	20	2822
2303	0	3071	2150	21	2820
2559	0	3071	2379	22	2819
2815	0	3071	2612	23	2819
3071	0	3071	2838	23	2820
3327	0	3071	3061	24	2816
3583	0	3071	3295	24	2816
3839	0	3071	3500	26	2818
4095	0	3071	3715	26	2821
0	256	3071	172	267	2842
256	256	3071	393	267	2836
512	256	3071	612	269	2836
768	256	3071	835	269	2832
1024	256	3071	1057	269	2833
1280	256	3071	1272	269	2832
1536	256	3071	1500	270	2832
1792	256	3071	1723	271	2832
2048	256	3071	1946	272	2832
2303	256	3071	2162	273	2832
2559	256	3071	2390	274	2832
2815	256	3071	2620	274	2830
3071	256	3071	2844	274	2825
3327	256	3071	3064	274	2824
3583	256	3071	3290	275	2824
3839	256	3071	3494	276	2825
4095	256	3071	3708	277	2827
0	512	3071	187	511	2844
256	512	3071	411	512	2839
512	512	3071	630	512	2841
768	512	3071	855	512	2842
1024	512	3071	1078	513	2842
1280	512	3071	1297	514	2842
1536	512	3071	1525	514	2841
1792	512	3071	1748	516	2840
2048	512	3071	1968	516	2840
2303	512	3071	2186	517	2838
2559	512	3071	2418	518	2837
2815	512	3071	2646	518	2836
3071	512	3071	2870	518	2835
3327	512	3071	3093	519	2833
3583	512	3071	3317	519	2832
3839	512	3071	3522	520	2831
4095	512	3071	3735	521	2831
0	768	3071	204	759	2844
256	768	3071	427	759	2840
512	768	3071	648	762	2846
768	768	3071	874	763	2849
1024	768	3071	1098	764	2850
1280	768	3071	1319	765	2848
1536	768	3071	1546	764	2846
1792	768	3071	1768	766	2844
2048	768	3071	1988	766	2846
2303	768	3071	2204	766	2843
2559	768	3071	2436	767	2842
2815	768	3071	2668	768	2842
3071	768	3071	2892	769	2840
3327	768	3071	3115	768	2839
3583	768	3071	3338	768	2839
3839	768	3071	3542	770	2839
4095	768	3071	3750	770	2838
0	1024	3071	221	1011	2844
256	1024	3071	442	1013	2844
512	1024	3071	666	1018	2850
768	1024	3071	893	1020	2854
1024	1024	3071	1117	1020	2854
1280	1024	3071	1337	1022	2855
1536	1024	3071	1564	1020	2850
1792	1024	3071	1784	1019	2852
2048	1024	3071	2007	1021	2852
2303	1024	3071	2224	1022	2852
2559	1024	3071	2458	1023	2850
2815	1024	3071	2689	1023	2848
3071	1024	3071	2913	1024	2847
3327	1024	3071	3136	1023	2846
3583	1024	3071	3359	1024	2844
3839	1024	3071	3565	1026	2843
4095	1024	3071	3774	1026	2841
0	1280	3071	237	1261	2845
256	1280	3071	458	1264	2846
512	1280	3071	683	1270	2853
768	1280	3071	911	1272	2855
1024	1280	3071	1134	1276	2857
1280	1280	3071	1356	1276	2857
1536	1280	3071	1582	1272	2858
1792	1280	3071	1805	1274	2858
2048	1280	3071	2026	1275	2857
2303	1280	3071	2244	1276	2856
2559	1280	3071	2480	1277	2856
2815	1280	3071	2708	1277	2854
3071	1280	3071	2934	1278	2853
3327	1280	3071	3160	1278	2850
3583	1280	3071	3378	1278	2850
3839	1280	3071	3582	1278	2848
4095	1280	3071	3790	1277	2849
0	1536	3071	256	1512	2853
256	1536	3071	476	1517	2849
512	1536	3071	700	1520	2853
768	1536	3071	928	1523	2857
1024	1536	3071	1150	1525	2859
1280	1536	3071	1374	1526	2860
1536	1536	3071	1601	1528	2861
1792	1536	3071	1826	1530	2862
2048	1536	3071	2047	1530	2861
2303	1536	3071	2264	1529	2862
2559	1536	3071	2502	1531	2860
2815	1536	3071	2732	1532	2860
3071	1536	3071	2955	1532	2858
3327	1536	3071	3181	1532	2856
3583	1536	3071	3399	1533	2852
3839	1536	3071	3603	1532	2852
4095	1536	3071	3814	1532	2852
0	1792	3071	272	1763	2849
256	1792	3071	493	1770	2855
512	1792	3071	717	1771	2856
768	1792	3071	944	1772	2858
1024	1792	3071	1166	1774	2860
1280	1792	3071	1391	1776	2862
1536	1792	3071	1618	1777	2863
1792	1792	3071	1842	1780	2864
2048	1792	3071	2065	1780	2864
2303	1792	3071	2284	1784	2864
2559	1792	3071	2522	1784	2864
2815	1792	3071	2750	1784	2864
3071	1792	3071	2975	1784	2862
3327	1792	3071	3199	1782	2858
3583	1792	3071	3414	1782	2857
3839	1792	3071	3619	1782	2857
4095	1792	3071	3832	1782	2858
0	2048	3071	288	2008	2852
256	2048	3071	510	2016	2859
512	2048	3071	734	2018	2862
768	2048	3071	962	2019	2863
1024	2048	3071	1185	2023	2865
1280	2048	3071	1412	2026	2867
1536	2048	3071	1638	2027	2868
1792	2048	3071	1864	2028	2870
2048	2048	3071	2086	2031	2872
2303	2048	3071	2306	2032	2871
2559	2048	3071	2542	2031	2867
2815	2048	3071	2771	2032	2867
3071	2048	3071	2993	2030	2864
3327	2048	3071	3219	2030	2862
3583	2048	3071	3434	2031	2861
3839	2048	3071	3643	2032	2861
4095	2048	3071	3857	2034	2861
0	2303	3071	305	2259	2858
256	2303	3071	525	2265	2863
512	2303	3071	751	2270	2865
768	2303	3071	978	2269	2864
1024	2303	3071	1199	2270	2866
1280	2303	3071	1427	2274	2870
1536	2303	3071	1656	2278	2872
1792	2303	3071	1881	2280	2874
2048	2303	3071	2103	2282	2875
2303	2303	3071	2325	2282	2874
2559	2303	3071	2562	2281	2871
2815	2303	3071	2785	2278	2866
3071	2303	3071	3008	2277	2866
3327	2303	3071	3237	2279	2865
3583	2303	3071	3450	2279	2864
3839	2303	3071	3656	2278	2863
4095	2303	3071	3870	2279	2863
0	2559	3071	322	2524	2861
256	2559	3071	543	2527	2864
512	2559	3071	768	2528	2864
768	2559	3071	997	2532	2867
1024	2559	3071	1216	2535	2867
1280	2559	3071	1446	2540	2871
1536	2559	3071	1674	2544	2873
1792	2559	3071	1899	2546	2875
2048	2559	3071	2121	2546	2876
2303	2559	3071	2342	2544	2874
2559	2559	3071	2580	2545	2874
2815	2559	3071	2804	2544	2871
3071	2559	3071	3029	2545	2868
3327	2559	3071	3257	2546	2868
3583	2559	3071	3469	2545	2868
3839	2559	3071	3678	2548	2867
4095	2559	3071	3894	2548	2867
0	2815	3071	338	2766	2862
256	2815	3071	560	2770	2864
512	2815	3071	783	2771	2864
768	2815	3071	1013	2775	2865
1024	2815	3071	1231	2776	2868
1280	2815	3071	1460	2781	2871
1536	2815	3071	1687	2785	2874
1792	2815	3071	1912	2786	2874
2048	2815	3071	2133	2786	2874
2303	2815	3071	2358	2788	2873
2559	2815	3071	2596	2790	2875
2815	2815	3071	2825	2790	2874
3071	2815	3071	3050	2792	2873
3327	2815	3071	3278	2792	2872
3583	2815	3071	3484	2790	2870
3839	2815	3071	3694	2790	2868
4095	2815	3071	3912	2794	2871
0	3071	3071	355	3020	2864
256	3071	3071	576	3025	2866
512	3071	3071	801	3023	2866
768	3071	3071	1029	3026	2868
1024	3071	3071	1250	3032	2872
1280	3071	3071	1480	3036	2872
1536	3071	3071	1706	3040	2876
1792	3071	3071	1930	3042	2876
2048	3071	3071	2153	3044	2876
2303	3071	3071	2378	3046	2877
2559	3071	3071	2612	3044	2876
2815	3071	3071	2841	3044	2875
3071	3071	3071	3064	3044	2874
3327	3071	3071	3294	3044	2873
3583	3071	3071	3502	3044	2872
3839	3071	3071	3712	3047	2871
4095	3071	3071	3930	3049	2872
0	3327	3071	372	3270	2866
256	3327	3071	593	3271	2868
512	3327	3071	819	3274	2870
768	3327	3071	1047	3280	2872
1024	3327	3071	1266	3283	2872
1280	3327	3071	1496	3288	2876
1536	3327	3071	1724	3294	2878
1792	3327	3071	1951	3297	2882
2048	3327	3071	2172	3297	2880
2303	3327	3071	2396	3294	2880
2559	3327	3071	2629	3294	2878
2815	3327	3071	2858	3296	2877
3071	3327	3071	3083	3296	2876
3327	3327	3071	3314	3298	2878
3583	3327	3071	3520	3299	2875
3839	3327	3071	3730	3300	2874
4095	3327	3071	3950	3303	2876
0	3583	3071	388	3506	2870
256	3583	3071	610	3508	2870
512	3583	3071	836	3511	2872
768	3583	3071	1064	3514	2876
1024	3583	3071	1284	3518	2877
1280	3583	3071	1514	3522	2879
1536	3583	3071	1740	3526	2881
1792	3583	3071	1968	3530	2882
2048	3583	3071	2187	3530	2884
2303	3583	3071	2415	3529	2882
2559	3583	3071	2648	3528	2880
2815	3583	3071	2876	3530	2880
3071	3583	3071	3102	3532	2879
3327	3583	3071	3332	3532	2879
3583	3583	3071	3535	3532	2879
3839	3583	3071	3749	3536	2879
4095	3583	3071	3970	3540	2880
0	3839	3071	405	3748	2875
256	3839	3071	627	3752	2876
512	3839	3071	854	3756	2878
768	3839	3071	1082	3760	2880
1024	3839	3071	1304	3763	2882
1280	3839	3071	1534	3767	2884
1536	3839	3071	1757	3768	2884
1792	3839	3071	1982	3768	2884
2048	3839	3071	2202	3768	2884
2303	3839	3071	2432	3769	2884
2559	3839	3071	2668	3771	2884
2815	3839	3071	2895	3772	2883
3071	3839	3071	3120	3773	2882
3327	3839	3071	3349	3774	2882
3583	3839	3071	3552	3775	2882
3839	3839	3071	3769	3780	2884
4095	3839	3071	3989	3782	2884
0	4095	3071	422	3998	2879
256	4095	3071	646	4000	2881
512	4095	3071	872	4002	2882
768	4095	3071	1099	4005	2884
1024	4095	3071	1321	4010	2885
1280	4095	3071	1551	4014	2888
1536	4095	3071	1774	4012	2886
1792	4095	3071	2000	4013	2886
2048	4095	3071	2221	4016	2887
2303	4095	3071	2453	4017	2886
2559	4095	3071	2687	4019	2886
2815	4095	3071	2914	4020	2886
3071	4095	3071	3141	4023	2886
3327	4095	3071	3370	4026	2886
3583	4095	3071	3572	4025	2884
3839	4095	3071	3787	4028	2886
4095	4095	3071	4002	4024	2884
0	0	3327	170	17	3078
256	0	3327	394	17	3065
512	0	3327	614	18	3061
768	0	3327	837	19	3056
1024	0	3327	1062	19	3054
1280	0	3327	1278	20	3051
1536	0	3327	1505	20	3052
1792	0	3327	1727	21	3053
2048	0	3327	1950	22	3055
2303	0	3327	2172	22	3056
2559	0	3327	2401	23	3055
2815	0	3327	2633	24	3052
3071	0	3327	2859	25	3052
3327	0	3327	3083	25	3054
3583	0	3327	3317	26	3052
3839	0	3327	3522	27	3054
4095	0	3327	3740	28	3056
0	256	3327	185	269	3081
256	256	3327	407	269	3072
512	256	3327	627	270	3070
768	256	3327	849	270	3068
1024	256	3327	1072	271	3067
1280	256	3327	1289	272	3065
1536	256	3327	1518	273	3067
1792	256	3327	1739	273	3068
2048	256	3327	1962	274	3067
2303	256	3327	2180	275	3064
2559	256	3327	2408	275	3062
2815	256	3327	2636	276	3062
3071	256	3327	2862	276	3062
3327	256	3327	3088	277	3062
3583	256	3327	3314	278	3064
3839	256	3327	3520	278	3064
4095	256	3327	3732	279	3065
0	512	3327	202	514	3082
256	512	3327	424	514	3075
512	512	3327	644	515	3078
768	512	3327	870	514	3078
1024	512	3327	1092	516	3079
1280	512	3327	1312	517	3083
1536	512	3327	1540	517	3077
1792	512	3327	1763	518	3072
2048	512	3327	1985	518	3074
2303	512	3327	2199	518	3072
2559	512	3327	2430	519	3072
2815	512	3327	2661	519	3071
3071	512	3327	2887	520	3070
3327	512	3327	3113	520	3070
3583	512	3327	3339	522	3070
3839	512	3327	3545	523	3072
4095	512	3327	3757	524	3071
0	768	3327	218	762	3076
256	768	3327	440	763	3077
512	768	3327	663	765	3083
768	768	3327	889	766	3086
1024	768	3327	1114	768	3088
1280	768	3327	1337	772	3085
1536	768	3327	1562	768	3078
1792	768	3327	1781	767	3080
2048	768	3327	2005	769	3082
2303	768	3327	2223	770	3082
2559	768	3327	2456	770	3079
2815	768	3327	2686	771	3078
3071	768	3327	2909	772	3077
3327	768	3327	3134	772	3076
3583	768	3327	3358	772	3076
3839	768	3327	3567	774	3076
4095	768	3327	3776	775	3074
0	1024	3327	234	1014	3077
256	1024	3327	456	1018	3080
512	1024	3327	681	1021	3084
768	1024	3327	909	1024	3089
1024	1024	3327	1132	1024	3090
1280	1024	3327	1352	1024	3088
1536	1024	3327	1577	1022	3087
1792	1024	3327	1803	1025	3088
2048	1024	3327	2027	1026	3090
2303	1024	3327	2244	1027	3089
2559	1024	3327	2480	1027	3086
2815	1024	3327	2708	1027	3084
3071	1024	3327	2934	1028	3082
3327	1024	3327	3158	1028	3079
3583	1024	3327	3379	1030	3077
3839	1024	3327	3584	1030	3077
4095	1024	3327	3792	1029	3076
0	1280	3327	251	1266	3078
256	1280	3327	472	1269	3084
512	1280	3327	697	1274	3087
768	1280	3327	926	1276	3087
1024	1280	3327	1148	1278	3088
1280	1280	3327	1371	1278	3091
1536	1280	3327	1598	1277	3092
1792	1280	3327	1822	1278	3093
2048	1280	3327	2044	1281	3094
2303	1280	3327	2264	1281	3095
2559	1280	3327	2500	1282	3093
2815	1280	3327	2727	1280	3092
3071	1280	3327	2952	1281	3089
3327	1280	3327	3176	1282	3086
3583	1280	3327	3392	1281	3084
3839	1280	3327	3599	1282	3084
4095	1280	3327	3812	1283	3085
0	1536	3327	270	1518	3082
256	1536	3327	490	1522	3085
512	1536	3327	714	1524	3089
768	1536	3327	941	1524	3089
1024	1536	3327	1164	1526	3089
1280	1536	3327	1389	1530	3096
1536	1536	3327	1617	1532	3096
1792	1536	3327	1842	1534	3100
2048	1536	3327	2065	1536	3099
2303	1536	3327	2282	1536	3098
2559	1536	3327	2521	1536	3096
2815	1536	3327	2749	1537	3094
3071	1536	3327	2972	1535	3089
3327	1536	3327	3197	1535	3087
3583	1536	3327	3414	1534	3088
3839	1536	3327	3622	1536	3090
4095	1536	3327	3835	1538	3090
0	1792	3327	286	1769	3086
256	1792	3327	507	1774	3093
512	1792	3327	730	1773	3090
768	1792	3327	960	1776	3094
1024	1792	3327	1183	1780	3096
1280	1792	3327	1408	1781	3097
1536	1792	3327	1634	1782	3098
1792	1792	3327	1860	1786	3102
2048	1792	3327	2083	1787	3101
2303	1792	3327	2302	1788	3101
2559	1792	3327	2540	1788	3098
2815	1792	3327	2762	1785	3097
3071	1792	3327	2986	1785	3096
3327	1792	3327	3213	1784	3096
3583	1792	3327	3432	1786	3095
3839	1792	3327	3641	1788	3094
4095	1792	3327	3856	1788	3095
0	2048	3327	302	2010	3086
256	2048	3327	523	2018	3094
512	2048	3327	748	2020	3095
768	2048	3327	978	2024	3097
1024	2048	3327	1199	2026	3100
1280	2048	3327	1426	2029	3102
1536	2048	3327	1654	2032	3103
1792	2048	3327	1881	2036	3108
2048	2048	3327	2103	2036	3108
2303	2048	3327	2324	2036	3105
2559	2048	3327	2556	2032	3100
2815	2048	3327	2786	2035	3100
3071	2048	3327	3011	2035	3099
3327	2048	3327	3239	2036	3099
3583	2048	3327	3452	2036	3100
3839	2048	3327	3660	2036	3098
4095	2048	3327	3876	2038	3099
0	2303	3327	318	2264	3091
256	2303	3327	538	2266	3094
512	2303	3327	765	2270	3096
768	2303	3327	994	2275	3100
1024	2303	3327	1216	2279	3104
1280	2303	3327	1445	2282	3107
1536	2303	3327	1673	2286	3110
1792	2303	3327	1899	2287	3112
2048	2303	3327	2122	2288	3111
2303	2303	3327	2342	2289	3110
2559	2303	3327	2576	2284	3105
2815	2303	3327	2802	2284	3102
3071	2303	3327	3027	2283	3102
3327	2303	3327	3258	2287	3102
3583	2303	3327	3472	2287	3102
3839	2303	3327	3678	2286	3101
4095	2303	3327	3895	2288	3101
0	2559	3327	335	2530	3096
256	2559	3327	556	2530	3096
512	2559	3327	782	2535	3099
768	2559	3327	1013	2543	3102
1024	2559	3327	1233	2545	3105
1280	2559	3327	1462	2547	3108
1536	2559	3327	1690	2550	3111
1792	2559	3327	1916	2552	3113
2048	2559	3327	2136	2551	3112
2303	2559	3327	2359	2551	3112
2559	2559	3327	2599	2553	3112
2815	2559	3327	2827	2554	3108
3071	2559	3327	3052	2555	3108
3327	2559	3327	3280	2553	3107
3583	2559	3327	3489	2552	3105
3839	2559	3327	3698	2554	3105
4095	2559	3327	3915	2556	3106
0	2815	3327	352	2774	3097
256	2815	3327	573	2776	3098
512	2815	3327	799	2779	3101
768	2815	3327	1028	2783	3102
1024	2815	3327	1245	2778	3100
1280	2815	3327	1475	2783	3104
1536	2815	3327	1702	2788	3107
1792	2815	3327	1928	2790	3108
2048	2815	3327	2146	2786	3106
2303	2815	3327	2374	2790	3108
2559	2815	3327	2620	2803	3118
2815	2815	3327	2850	2805	3118
3071	2815	3327	3076	2806	3118
3327	2815	3327	3298	2800	3112
3583	2815	3327	3504	2799	3109
3839	2815	3327	3715	2800	3108
4095	2815	3327	3934	2802	3109
0	3071	3327	370	3027	3099
256	3071	3327	590	3030	3101
512	3071	3327	817	3035	3103
768	3071	3327	1045	3036	3105
1024	3071	3327	1268	3044	3110
1280	3071	3327	1496	3044	3109
1536	3071	3327	1722	3048	3111
1792	3071	3327	1946	3048	3111
2048	3071	3327	2168	3049	3111
2303	3071	3327	2395	3052	3111
2559	3071	3327	2632	3052	3115
2815	3071	3327	2859	3051	3115
3071	3071	3327	3086	3054	3116
3327	3071	3327	3314	3052	3114
3583	3071	3327	3521	3053	3112
3839	3071	3327	3732	3054	3111
4095	3071	3327	3952	3057	3111
0	3327	3327	385	3278	3102
256	3327	3327	608	3281	3105
512	3327	3327	835	3286	3108
768	3327	3327	1064	3292	3110
1024	3327	3327	1285	3297	3114
1280	3327	3327	1515	3299	3116
1536	3327	3327	1739	3298	3114
1792	3327	3327	1966	3303	3117
2048	3327	3327	2188	3306	3118
2303	3327	3327	2417	3306	3119
2559	3327	3327	2651	3306	3118
2815	3327	3327	2877	3304	3116
3071	3327	3327	3104	3306	3117
3327	3327	3327	3337	3307	3116
3583	3327	3327	3544	3310	3117
3839	3327	3327	3754	3312	3115
4095	3327	3327	3972	3312	3117
0	3583	3327	402	3516	3108
256	3583	3327	626	3519	3111
512	3583	3327	853	3523	3113
768	3583	3327	1081	3526	3115
1024	3583	3327	1303	3532	3119
1280	3583	3327	1534	3534	3120
1536	3583	3327	1756	3533	3118
1792	3583	3327	1984	3536	3120
2048	3583	3327	2206	3540	3122
2303	3583	3327	2437	3540	3121
2559	3583	3327	2669	3540	3121
2815	3583	3327	2897	3542	3120
3071	3583	3327	3123	3542	3121
3327	3583	3327	3354	3542	3120
3583	3583	3327	3557	3544	3118
3839	3583	3327	3771	3545	3120
4095	3583	3327	3993	3549	3120
0	3839	3327	419	3758	3113
256	3839	3327	642	3764	3116
512	3839	3327	872	3771	3120
768	3839	3327	1098	3772	3120
1024	3839	3327	1320	3772	3120
1280	3839	3327	1548	3773	3122
1536	3839	3327	1773	3773	3122
1792	3839	3327	2000	3776	3123
2048	3839	3327	2222	3781	3125
2303	3839	3327	2454	3781	3125
2559	3839	3327	2687	3782	3124
2815	3839	3327	2914	3782	3123
3071	3839	3327	3141	3783	3122
3327	3839	3327	3368	3785	3121
3583	3839	3327	3575	3784	3122
3839	3839	3327	3790	3788	3122
4095	3839	3327	4004	3786	3121
0	4095	3327	438	4012	3120
256	4095	3327	662	4016	3122
512	4095	3327	888	4014	3122
768	4095	3327	1114	4016	3122
1024	4095	3327	1338	4017	3122
1280	4095	3327	1567	4019	3124
1536	4095	3327	1792	4022	3126
1792	4095	3327	2019	4024	3126
2048	4095	3327	2239	4026	3126
2303	4095	3327	2473	4028	3127
2559	4095	3327	2707	4031	3127
2815	4095	3327	2935	4033	3126
3071	4095	3327	3160	4033	3124
3327	4095	3327	3387	4032	3125
3583	4095	3327	3590	4029	3122
3839	4095	3327	3803	4033	3123
4095	4095	3327	4024	4035	3124
0	0	3583	184	18	3319
256	0	3583	408	19	3303
512	0	3583	629	19	3300
768	0	3583	855	20	3299
1024	0	3583	1080	20	3296
1280	0	3583	1296	22	3296
1536	0	3583	1525	22	3294
1792	0	3583	1750	22	3297
2048	0	3583	1974	23	3294
2303	0	3583	2194	24	3294
2559	0	3583	2427	25	3296
2815	0	3583	2660	25	3296
3071	0	3583	2884	26	3295
3327	0	3583	3108	27	3295
3583	0	3583	3340	28	3296
3839	0	3583	3540	28	3299
4095	0	3583	3759	30	3305
0	256	3583	198	272	3322
256	256	3583	420	271	3314
512	256	3583	641	272	3314
768	256	3583	866	273	3312
1024	256	3583	1089	274	3311
1280	256	3583	1308	274	3312
1536	256	3583	1533	274	3310
1792	256	3583	1758	275	3306
2048	256	3583	1977	276	3307
2303	256	3583	2196	276	3310
2559	256	3583	2429	278	3309
2815	256	3583	2658	278	3308
3071	256	3583	2884	279	3308
3327	256	3583	3111	279	3308
3583	256	3583	3337	280	3308
3839	256	3583	3543	281	3310
4095	256	3583	3762	283	3310
0	512	3583	215	516	3318
256	512	3583	438	517	3314
512	512	3583	660	518	3318
768	512	3583	885	518	3319
1024	512	3583	1108	518	3321
1280	512	3583	1331	519	3321
1536	512	3583	1558	520	3317
1792	512	3583	1779	520	3318
2048	512	3583	2000	520	3317
2303	512	3583	2221	522	3318
2559	512	3583	2452	522	3316
2815	512	3583	2683	523	3315
3071	512	3583	2911	524	3317
3327	512	3583	3138	525	3317
3583	512	3583	3361	525	3316
3839	512	3583	3566	527	3317
4095	512	3583	3779	527	3319
0	768	3583	231	764	3321
256	768	3583	454	766	3322
512	768	3583	677	769	3327
768	768	3583	904	769	3329
1024	768	3583	1129	772	3329
1280	768	3583	1352	772	3324
1536	768	3583	1578	772	3323
1792	768	3583	1800	772	3326
2048	768	3583	2023	773	3325
2303	768	3583	2241	774	3326
2559	768	3583	2476	774	3325
2815	768	3583	2706	774	3324
3071	768	3583	2934	776	3322
3327	768	3583	3160	778	3320
3583	768	3583	3382	778	3318
3839	768	3583	3588	778	3318
4095	768	3583	3802	780	3319
0	1024	3583	248	1020	3321
256	1024	3583	472	1024	3324
512	1024	3583	696	1027	3330
768	1024	3583	924	1028	3328
1024	1024	3583	1146	1028	3328
1280	1024	3583	1369	1027	3331
1536	1024	3583	1595	1027	3332
1792	1024	3583	1821	1029	3334
2048	1024	3583	2046	1031	3334
2303	1024	3583	2262	1032	3335
2559	1024	3583	2499	1032	3333
2815	1024	3583	2728	1032	3326
3071	1024	3583	2954	1033	3322
3327	1024	3583	3178	1033	3323
3583	1024	3583	3398	1032	3324
3839	1024	3583	3604	1035	3324
4095	1024	3583	3819	1036	3326
0	1280	3583	266	1271	3321
256	1280	3583	488	1276	3327
512	1280	3583	713	1278	3327
768	1280	3583	941	1278	3328
1024	1280	3583	1164	1279	3332
1280	1280	3583	1389	1282	3335
1536	1280	3583	1616	1284	3338
1792	1280	3583	1843	1287	3340
2048	1280	3583	2065	1286	3340
2303	1280	3583	2285	1288	3340
2559	1280	3583	2522	1288	3332
2815	1280	3583	2744	1285	3330
3071	1280	3583	2968	1285	3331
3327	1280	3583	3196	1286	3330
3583	1280	3583	3416	1287	3330
3839	1280	3583	3624	1288	3330
4095	1280	3583	3841	1292	3332
0	1536	3583	282	1522	3323
256	1536	3583	504	1529	3330
512	1536	3583	728	1529	3328
768	1536	3583	957	1531	3331
1024	1536	3583	1180	1534	3338
1280	1536	3583	1407	1537	3340
1536	1536	3583	1636	1540	3345
1792	1536	3583	1861	1542	3348
2048	1536	3583	2084	1542	3343
2303	1536	3583	2304	1544	3341
2559	1536	3583	2538	1539	3338
2815	1536	3583	2764	1539	3336
3071	1536	3583	2992	1541	3334
3327	1536	3583	3220	1541	3335
3583	1536	3583	3437	1542	3335
3839	1536	3583	3645	1542	3336
4095	1536	3583	3862	1544	3339
0	1792	3583	299	1775	3328
256	1792	3583	520	1776	3329
512	1792	3583	745	1779	3334
768	1792	3583	976	1784	3338
1024	1792	3583	1198	1787	3341
1280	1792	3583	1426	1790	3343
1536	1792	3583	1655	1792	3347
1792	1792	3583	1881	1795	3348
2048	1792	3583	2100	1793	3352
2303	1792	3583	2320	1792	3347
2559	1792	3583	2557	1790	3348
2815	1792	3583	2784	1790	3344
3071	1792	3583	3008	1790	3343
3327	1792	3583	3239	1793	3343
3583	1792	3583	3454	1793	3342
3839	1792	3583	3663	1794	3343
4095	1792	3583	3882	1797	3344
0	2048	3583	316	2018	3328
256	2048	3583	537	2019	3330
512	2048	3583	762	2024	3336
768	2048	3583	994	2030	3340
1024	2048	3583	1216	2035	3344
1280	2048	3583	1444	2036	3347
1536	2048	3583	1671	2038	3350
1792	2048	3583	1899	2042	3353
2048	2048	3583	2123	2045	3355
2303	2048	3583	2342	2043	3350
2559	2048	3583	2581	2044	3349
2815	2048	3583	2808	2044	3348
3071	2048	3583	3033	2044	3347
3327	2048	3583	3261	2042	3345
3583	2048	3583	3475	2043	3344
3839	2048	3583	3684	2045	3346
4095	2048	3583	3902	2047	3346
0	2303	3583	332	2271	3334
256	2303	3583	554	2275	3338
512	2303	3583	780	2277	3342
768	2303	3583	1009	2282	3345
1024	2303	3583	1233	2286	3348
1280	2303	3583	1462	2289	3350
1536	2303	3583	1689	2291	3354
1792	2303	3583	1914	2292	3354
2048	2303	3583	2135	2292	3354
2303	2303	3583	2359	2291	3353
2559	2303	3583	2598	2292	3352
2815	2303	3583	2824	2291	3350
3071	2303	3583	3049	2292	3349
3327	2303	3583	3276	2292	3346
3583	2303	3583	3489	2292	3346
3839	2303	3583	3700	2294	3348
4095	2303	3583	3919	2296	3349
0	2559	3583	348	2534	3338
256	2559	3583	572	2538	3342
512	2559	3583	798	2541	3342
768	2559	3583	1028	2547	3346
1024	2559	3583	1249	2550	3349
1280	2559	3583	1479	2553	3352
1536	2559	3583	1704	2552	3352
1792	2559	3583	1930	2554	3352
2048	2559	3583	2152	2556	3354
2303	2559	3583	2378	2558	3356
2559	2559	3583	2616	2560	3355
2815	2559	3583	2844	2559	3353
3071	2559	3583	3068	2561	3352
3327	2559	3583	3299	2561	3351
3583	2559	3583	3511	2563	3352
3839	2559	3583	3723	2564	3351
4095	2559	3583	3940	2567	3352
0	2815	3583	366	2784	3342
256	2815	3583	588	2786	3344
512	2815	3583	815	2787	3346
768	2815	3583	1044	2792	3349
1024	2815	3583	1266	2796	3350
1280	2815	3583	1496	2800	3352
1536	2815	3583	1722	2801	3355
1792	2815	3583	1947	2800	3354
2048	2815	3583	2167	2800	3352
2303	2815	3583	2394	2799	3353
2559	2815	3583	2632	2802	3355
2815	2815	3583	2860	2804	3355
3071	2815	3583	3083	2804	3354
3327	2815	3583	3317	2806	3354
3583	2815	3583	3526	2808	3352
3839	2815	3583	3734	2807	3352
4095	2815	3583	3948	2805	3350
0	3071	3583	382	3032	3341
256	3071	3583	605	3037	3346
512	3071	3583	833	3042	3348
768	3071	3583	1062	3046	3351
1024	3071	3583	1282	3048	3351
1280	3071	3583	1514	3054	3356
1536	3071	3583	1737	3051	3353
1792	3071	3583	1962	3052	3354
2048	3071	3583	2185	3056	3357
2303	3071	3583	2414	3058	3356
2559	3071	3583	2649	3058	3356
2815	3071	3583	2878	3058	3357
3071	3071	3583	3104	3060	3356
3327	3071	3583	3337	3062	3356
3583	3071	3583	3544	3062	3356
3839	3071	3583	3755	3064	3356
4095	3071	3583	3973	3064	3355
0	3327	3583	399	3288	3346
256	3327	3583	623	3295	3351
512	3327	3583	851	3298	3353
768	3327	3583	1079	3299	3355
1024	3327	3583	1300	3302	3356
1280	3327	3583	1530	3302	3356
1536	3327	3583	1754	3305	3358
1792	3327	3583	1983	3308	3360
2048	3327	3583	2205	3313	3362
2303	3327	3583	2441	3320	3366
2559	3327	3583	2675	3320	3366
2815	3327	3583	2895	3310	3358
3071	3327	3583	3121	3312	3359
3327	3327	3583	3356	3316	3361
3583	3327	3583	3562	3318	3360
3839	3327	3583	3766	3312	3355
4095	3327	3583	3984	3315	3355
0	3583	3583	416	3523	3352
256	3583	3583	640	3529	3356
512	3583	3583	869	3533	3358
768	3583	3583	1096	3535	3359
1024	3583	3583	1318	3536	3361
1280	3583	3583	1546	3535	3358
1536	3583	3583	1772	3540	3362
1792	3583	3583	2001	3544	3364
2048	3583	3583	2223	3546	3367
2303	3583	3583	2454	3548	3366
2559	3583	3583	2688	3547	3366
2815	3583	3583	2914	3548	3363
3071	3583	3583	3142	3550	3363
3327	3583	3583	3371	3552	3364
3583	3583	3583	3572	3547	3358
3839	3583	3583	3784	3548	3358
4095	3583	3583	4005	3549	3358
0	3839	3583	433	3769	3357
256	3839	3583	657	3774	3361
512	3839	3583	887	3778	3364
768	3839	3583	1113	3779	3363
1024	3839	3583	1335	3777	3362
1280	3839	3583	1566	3782	3365
1536	3839	3583	1790	3782	3364
1792	3839	3583	2018	3786	3368
2048	3839	3583	2241	3790	3370
2303	3839	3583	2473	3790	3368
2559	3839	3583	2706	3790	3366
2815	3839	3583	2932	3791	3366
3071	3839	3583	3158	3791	3365
3327	3839	3583	3384	3789	3362
3583	3839	3583	3588	3788	3361
3839	3839	3583	3801	3791	3362
4095	3839	3583	4024	3794	3361
0	4095	3583	450	4017	3363
256	4095	3583	676	4020	3364
512	4095	3583	903	4020	3363
768	4095	3583	1130	4021	3364
1024	4095	3583	1354	4026	3366
1280	4095	3583	1584	4029	3368
1536	4095	3583	1810	4033	3370
1792	4095	3583	2037	4034	3370
2048	4095	3583	2258	4039	3372
2303	4095	3583	2493	4042	3372
2559	4095	3583	2726	4041	3370
2815	4095	3583	2952	4040	3369
3071	4095	3583	3180	4042	3368
3327	4095	3583	3405	4044	3367
3583	4095	3583	3610	4042	3368
3839	4095	3583	3826	4045	3368
4095	4095	3583	4047	4049	3369
0	0	3839	198	19	3579
256	0	3839	422	20	3571
512	0	3839	645	21	3566
768	0	3839	870	22	3566
1024	0	3839	1094	22	3564
1280	0	3839	1314	22	3567
1536	0	3839	1544	23	3568
1792	0	3839	1768	24	3564
2048	0	3839	1994	24	3567
2303	0	3839	2213	25	3567
2559	0	3839	2446	26	3568
2815	0	3839	2677	27	3569
3071	0	3839	2902	27	3570
3327	0	3839	3124	28	3570
3583	0	3839	3355	29	3576
3839	0	3839	3568	30	3580
4095	0	3839	3786	30	3587
0	256	3839	212	274	3547
256	256	3839	434	274	3543
512	256	3839	656	274	3542
768	256	3839	882	274	3539
1024	256	3839	1104	276	3536
1280	256	3839	1326	277	3536
1536	256	3839	1553	277	3532
1792	256	3839	1773	277	3534
2048	256	3839	1998	278	3537
2303	256	3839	2215	279	3536
2559	256	3839	2448	279	3535
2815	256	3839	2681	280	3536
3071	256	3839	2907	281	3535
3327	256	3839	3132	282	3535
3583	256	3839	3357	282	3541
3839	256	3839	3570	284	3545
4095	256	3839	3786	285	3547
0	512	3839	228	519	3550
256	512	3839	451	519	3558
512	512	3839	676	520	3554
768	512	3839	901	520	3554
1024	512	3839	1123	521	3550
1280	512	3839	1345	521	3548
1536	512	3839	1572	522	3548
1792	512	3839	1796	523	3550
2048	512	3839	2020	524	3550
2303	512	3839	2240	524	3548
2559	512	3839	2474	525	3548
2815	512	3839	2706	526	3546
3071	512	3839	2932	527	3546
3327	512	3839	3159	528	3543
3583	512	3839	3382	529	3544
3839	512	3839	3592	530	3548
4095	512	3839	3806	532	3550
0	768	3839	245	768	3550
256	768	3839	468	770	3560
512	768	3839	694	773	3566
768	768	3839	921	774	3562
1024	768	3839	1142	774	3556
1280	768	3839	1363	774	3557
1536	768	3839	1594	775	3560
1792	768	3839	1820	776	3563
2048	768	3839	2044	776	3563
2303	768	3839	2260	778	3561
2559	768	3839	2499	779	3558
2815	768	3839	2727	778	3551
3071	768	3839	2952	778	3548
3327	768	3839	3176	778	3549
3583	768	3839	3395	778	3552
3839	768	3839	3608	782	3555
4095	768	3839	3823	782	3559
0	1024	3839	262	1022	3555
256	1024	3839	486	1028	3563
512	1024	3839	712	1031	3564
768	1024	3839	939	1031	3566
1024	1024	3839	1162	1031	3563
1280	1024	3839	1386	1032	3565
1536	1024	3839	1616	1034	3565
1792	1024	3839	1844	1036	3566
2048	1024	3839	2066	1037	3565
2303	1024	3839	2282	1036	3567
2559	1024	3839	2520	1036	3559
2815	1024	3839	2744	1034	3556
3071	1024	3839	2970	1036	3556
3327	1024	3839	3198	1036	3555
3583	1024	3839	3418	1038	3561
3839	1024	3839	3631	1040	3559
4095	1024	3839	3846	1041	3564
0	1280	3839	280	1276	3562
256	1280	3839	501	1280	3559
512	1280	3839	727	1278	3563
768	1280	3839	955	1282	3568
1024	1280	3839	1179	1286	3570
1280	1280	3839	1405	1288	3572
1536	1280	3839	1634	1288	3572
1792	1280	3839	1860	1290	3570
2048	1280	3839	2083	1290	3569
2303	1280	3839	2302	1292	3561
2559	1280	3839	2536	1288	3564
2815	1280	3839	2763	1288	3562
3071	1280	3839	2990	1290	3562
3327	1280	3839	3220	1292	3560
3583	1280	3839	3439	1294	3566
3839	1280	3839	3650	1296	3568
4095	1280	3839	3866	1298	3570
0	1536	3839	297	1529	3564
256	1536	3839	518	1532	3560
512	1536	3839	743	1534	3570
768	1536	3839	973	1537	3576
1024	1536	3839	1198	1541	3576
1280	1536	3839	1425	1544	3578
1536	1536	3839	1654	1545	3579
1792	1536	3839	1879	1546	3578
2048	1536	3839	2104	1547	3572
2303	1536	3839	2318	1544	3570
2559	1536	3839	2558	1546	3570
2815	1536	3839	2784	1546	3566
3071	1536	3839	3011	1546	3567
3327	1536	3839	3240	1546	3566
3583	1536	3839	3459	1548	3569
3839	1536	3839	3672	1551	3568
4095	1536	3839	3888	1554	3572
0	1792	3839	313	1782	3562
256	1792	3839	534	1784	3566
512	1792	3839	761	1789	3571
768	1792	3839	993	1792	3574
1024	1792	3839	1215	1794	3575
1280	1792	3839	1443	1795	3576
1536	1792	3839	1672	1798	3579
1792	1792	3839	1900	1800	3579
2048	1792	3839	2119	1798	3582
2303	1792	3839	2342	1800	3588
2559	1792	3839	2580	1800	3588
2815	1792	3839	2806	1797	3584
3071	1792	3839	3029	1799	3574
3327	1792	3839	3261	1800	3574
3583	1792	3839	3477	1801	3576
3839	1792	3839	3687	1801	3578
4095	1792	3839	3904	1804	3578
0	2048	3839	331	2030	3566
256	2048	3839	552	2030	3569
512	2048	3839	779	2034	3572
768	2048	3839	1009	2034	3576
1024	2048	3839	1232	2041	3578
1280	2048	3839	1462	2045	3580
1536	2048	3839	1690	2045	3580
1792	2048	3839	1914	2044	3582
2048	2048	3839	2138	2048	3584
2303	2048	3839	2367	2054	3591
2559	2048	3839	2606	2056	3590
2815	2048	3839	2834	2054	3580
3071	2048	3839	3050	2046	3578
3327	2048	3839	3280	2050	3579
3583	2048	3839	3498	2052	3581
3839	2048	3839	3709	2054	3582
4095	2048	3839	3925	2054	3582
0	2303	3839	346	2280	3567
256	2303	3839	570	2285	3574
512	2303	3839	797	2283	3577
768	2303	3839	1029	2288	3584
1024	2303	3839	1250	2295	3584
1280	2303	3839	1481	2298	3587
1536	2303	3839	1707	2298	3585
1792	2303	3839	1932	2297	3584
2048	2303	3839	2154	2298	3584
2303	2303	3839	2380	2298	3585
2559	2303	3839	2619	2302	3586
2815	2303	3839	2846	2301	3582
3071	2303	3839	3068	2300	3580
3327	2303	3839	3300	2300	3581
3583	2303	3839	3515	2303	3584
3839	2303	3839	3726	2305	3586
4095	2303	3839	3943	2306	3582
0	2559	3839	362	2541	3566
256	2559	3839	586	2548	3574
512	2559	3839	814	2553	3577
768	2559	3839	1046	2557	3583
1024	2559	3839	1266	2559	3585
1280	2559	3839	1494	2558	3582
1536	2559	3839	1721	2560	3582
1792	2559	3839	1948	2562	3584
2048	2559	3839	2170	2564	3586
2303	2559	3839	2398	2565	3586
2559	2559	3839	2634	2566	3584
2815	2559	3839	2860	2565	3580
3071	2559	3839	3086	2565	3580
3327	2559	3839	3316	2563	3579
3583	2559	3839	3531	2570	3586
3839	2559	3839	3742	2571	3587
4095	2559	3839	3956	2568	3584
0	2815	3839	379	2788	3569
256	2815	3839	603	2794	3575
512	2815	3839	831	2798	3580
768	2815	3839	1061	2802	3584
1024	2815	3839	1284	2806	3587
1280	2815	3839	1511	2806	3583
1536	2815	3839	1739	2806	3584
1792	2815	3839	1964	2807	3584
2048	2815	3839	2186	2810	3586
2303	2815	3839	2415	2812	3586
2559	2815	3839	2652	2812	3585
2815	2815	3839	2882	2814	3586
3071	2815	3839	3108	2816	3588
3327	2815	3839	3338	2817	3589
3583	2815	3839	3544	2815	3586
3839	2815	3839	3750	2810	3582
4095	2815	3839	3968	2812	3581
0	3071	3839	396	3045	3573
256	3071	3839	620	3048	3578
512	3071	3839	848	3053	3581
768	3071	3839	1078	3059	3586
1024	3071	3839	1297	3056	3584
1280	3071	3839	1529	3058	3586
1536	3071	3839	1755	3063	3587
1792	3071	3839	1983	3065	3589
2048	3071	3839	2205	3068	3591
2303	3071	3839	2435	3068	3589
2559	3071	3839	2670	3066	3588
2815	3071	3839	2899	3070	3589
3071	3071	3839	3126	3073	3593
3327	3071	3839	3358	3070	3591
3583	3071	3839	3561	3068	3586
3839	3071	3839	3772	3070	3586
4095	3071	3839	3991	3072	3588
0	3327	3839	414	3302	3582
256	3327	3839	640	3308	3587
512	3327	3839	868	3312	3590
768	3327	3839	1096	3314	3590
1024	3327	3839	1317	3313	3588
1280	3327	3839	1549	3313	3589
1536	3327	3839	1776	3320	3592
1792	3327	3839	2004	3324	3596
2048	3327	3839	2231	3332	3603
2303	3327	3839	2466	3336	3605
2559	3327	3839	2692	3325	3596
2815	3327	3839	2912	3317	3589
3071	3327	3839	3146	3326	3597
3327	3327	3839	3378	3328	3597
3583	3327	3839	3581	3327	3593
3839	3327	3839	3792	3326	3593
4095	3327	3839	4012	3327	3592
0	3583	3839	431	3539	3587
256	3583	3839	656	3544	3591
512	3583	3839	886	3548	3594
768	3583	3839	1113	3547	3594
1024	3583	3839	1335	3546	3591
1280	3583	3839	1566	3551	3595
1536	3583	3839	1794	3556	3598
1792	3583	3839	2022	3557	3598
2048	3583	3839	2244	3559	3599
2303	3583	3839	2475	3561	3600
2559	3583	3839	2708	3560	3600
2815	3583	3839	2937	3559	3597
3071	3583	3839	3164	3562	3598
3327	3583	3839	3389	3560	3596
3583	3583	3839	3596	3559	3598
3839	3583	3839	3810	3560	3595
4095	3583	3839	4029	3562	3596
0	3839	3839	448	3786	3594
256	3839	3839	674	3790	3597
512	3839	3839	902	3786	3594
768	3839	3839	1129	3786	3594
1024	3839	3839	1353	3790	3595
1280	3839	3839	1584	3794	3598
1536	3839	3839	1811	3797	3601
1792	3839	3839	2038	3799	3600
2048	3839	3839	2260	3803	3604
2303	3839	3839	2495	3804	3604
2559	3839	3839	2728	3804	3602
2815	3839	3839	2953	3802	3600
3071	3839	3839	3177	3800	3598
3327	3839	3839	3405	3800	3598
3583	3839	3839	3612	3800	3597
3839	3839	3839	3828	3807	3600
4095	3839	3839	4051	3808	3600
0	4095	3839	466	4034	3598
256	4095	3839	692	4038	3600
512	4095	3839	921	4036	3599
768	4095	3839	1146	4034	3598
1024	4095	3839	1372	4038	3600
1280	4095	3839	1602	4043	3602
1536	4095	3839	1830	4047	3604
1792	4095	3839	2057	4050	3605
2048	4095	3839	2278	4050	3604
2303	4095	3839	2514	4052	3604
2559	4095	3839	2744	4050	3602
2815	4095	3839	2974	4056	3605
3071	4095	3839	3206	4063	3611
3327	4095	3839	3434	4064	3611
3583	4095	3839	3643	4068	3612
3839	4095	3839	3862	4072	3613
4095	4095	3839	4084	4076	3615
0	0	4095	212	21	3778
256	0	4095	436	21	3774
512	0	4095	660	22	3766
768	0	4095	885	23	3764
1024	0	4095	1111	24	3763
1280	0	4095	1331	24	3764
1536	0	4095	1561	24	3768
1792	0	4095	1787	26	3768
2048	0	4095	2012	26	3771
2303	0	4095	2234	26	3775
2559	0	4095	2467	27	3774
2815	0	4095	2696	28	3767
3071	0	4095	2922	29	3768
3327	0	4095	3148	29	3770
3583	0	4095	3379	30	3774
3839	0	4095	3586	32	3780
4095	0	4095	3803	32	3780
0	256	4095	225	274	3753
256	256	4095	448	275	3756
512	256	4095	670	276	3754
768	256	4095	896	277	3750
1024	256	4095	1119	278	3750
1280	256	4095	1340	278	3748
1536	256	4095	1567	278	3747
1792	256	4095	1791	279	3750
2048	256	4095	2015	280	3750
2303	256	4095	2234	282	3752
2559	256	4095	2468	282	3750
2815	256	4095	2698	283	3750
3071	256	4095	2924	282	3748
3327	256	4095	3151	284	3756
3583	256	4095	3380	284	3761
3839	256	4095	3589	286	3758
4095	256	4095	3796	286	3758
0	512	4095	242	521	3761
256	512	4095	464	522	3768
512	512	4095	690	523	3769
768	512	4095	917	524	3768
1024	512	4095	1140	524	3764
1280	512	4095	1362	525	3763
1536	512	4095	1590	525	3764
1792	512	4095	1816	526	3764
2048	512	4095	2040	526	3764
2303	512	4095	2257	528	3765
2559	512	4095	2494	528	3766
2815	512	4095	2724	529	3764
3071	512	4095	2950	530	3762
3327	512	4095	3177	530	3764
3583	512	4095	3400	530	3766
3839	512	4095	3607	532	3766
4095	512	4095	3818	533	3767
0	768	4095	258	770	3762
256	768	4095	482	774	3770
512	768	4095	708	777	3778
768	768	4095	935	776	3771
1024	768	4095	1157	776	3774
1280	768	4095	1382	778	3773
1536	768	4095	1610	778	3774
1792	768	4095	1836	780	3774
2048	768	4095	2062	782	3772
2303	768	4095	2277	782	3772
2559	768	4095	2518	782	3775
2815	768	4095	2748	783	3774
3071	768	4095	2968	781	3762
3327	768	4095	3193	781	3766
3583	768	4095	3417	783	3770
3839	768	4095	3628	785	3772
4095	768	4095	3843	787	3777
0	1024	4095	277	1026	3773
256	1024	4095	501	1032	3779
512	1024	4095	725	1032	3775
768	1024	4095	954	1033	3779
1024	1024	4095	1176	1034	3781
1280	1024	4095	1403	1036	3780
1536	1024	4095	1632	1037	3783
1792	1024	4095	1858	1039	3782
2048	1024	4095	2082	1040	3784
2303	1024	4095	2301	1041	3783
2559	1024	4095	2536	1040	3776
2815	1024	4095	2766	1041	3775
3071	1024	4095	2989	1039	3770
3327	1024	4095	3218	1041	3775
3583	1024	4095	3443	1043	3782
3839	1024	4095	3655	1046	3784
4095	1024	4095	3868	1047	3783
0	1280	4095	293	1279	3773
256	1280	4095	514	1283	3774
512	1280	4095	739	1282	3773
768	1280	4095	970	1286	3782
1024	1280	4095	1196	1291	3790
1280	1280	4095	1424	1293	3788
1536	1280	4095	1652	1294	3786
1792	1280	4095	1877	1294	3790
2048	1280	4095	2101	1296	3780
2303	1280	4095	2315	1294	3778
2559	1280	4095	2554	1294	3777
2815	1280	4095	2782	1294	3777
3071	1280	4095	3009	1295	3775
3327	1280	4095	3240	1297	3780
3583	1280	4095	3462	1300	3784
3839	1280	4095	3671	1301	3788
4095	1280	4095	3887	1302	3789
0	1536	4095	310	1536	3775
256	1536	4095	532	1537	3785
512	1536	4095	758	1541	3788
768	1536	4095	990	1543	3790
1024	1536	4095	1214	1548	3794
1280	1536	4095	1445	1552	3798
1536	1536	4095	1670	1550	3792
1792	1536	4095	1894	1548	3788
2048	1536	4095	2116	1549	3790
2303	1536	4095	2336	1550	3788
2559	1536	4095	2574	1547	3784
2815	1536	4095	2801	1547	3784
3071	1536	4095	3033	1551	3786
3327	1536	4095	3263	1552	3788
3583	1536	4095	3482	1554	3792
3839	1536	4095	3694	1556	3793
4095	1536	4095	3910	1559	3794
0	1792	4095	326	1785	3781
256	1792	4095	550	1790	3786
512	1792	4095	778	1796	3790
768	1792	4095	1008	1798	3792
1024	1792	4095	1230	1799	3794
1280	1792	4095	1460	1802	3798
1536	1792	4095	1686	1800	3798
1792	1792	4095	1911	1800	3799
2048	1792	4095	2134	1802	3798
2303	1792	4095	2356	1803	3794
2559	1792	4095	2596	1805	3793
2815	1792	4095	2822	1802	3795
3071	1792	4095	3048	1802	3792
3327	1792	4095	3282	1805	3795
3583	1792	4095	3499	1808	3799
3839	1792	4095	3710	1810	3803
4095	1792	4095	3926	1811	3800
0	2048	4095	343	2031	3775
256	2048	4095	567	2039	3790
512	2048	4095	795	2042	3792
768	2048	4095	1026	2044	3796
1024	2048	4095	1249	2049	3799
1280	2048	4095	1477	2048	3797
1536	2048	4095	1704	2049	3800
1792	2048	4095	1932	2052	3802
2048	2048	4095	2156	2055	3802
2303	2048	4095	2380	2055	3802
2559	2048	4095	2620	2055	3798
2815	2048	4095	2848	2056	3802
3071	2048	4095	3071	2056	3803
3327	2048	4095	3304	2057	3804
3583	2048	4095	3519	2060	3806
3839	2048	4095	3732	2062	3805
4095	2048	4095	3948	2061	3801
0	2303	4095	360	2287	3787
256	2303	4095	584	2293	3796
512	2303	4095	812	2295	3798
768	2303	4095	1044	2298	3804
1024	2303	4095	1266	2303	3804
1280	2303	4095	1496	2302	3806
1536	2303	4095	1722	2302	3805
1792	2303	4095	1949	2304	3805
2048	2303	4095	2173	2306	3808
2303	2303	4095	2400	2306	3806
2559	2303	4095	2636	2304	3806
2815	2303	4095	2866	2306	3803
3071	2303	4095	3092	2308	3804
3327	2303	4095	3323	2311	3805
3583	2303	4095	3536	2311	3800
3839	2303	4095	3742	2310	3804
4095	2303	4095	3959	2309	3805
0	2559	4095	377	2552	3789
256	2559	4095	601	2556	3798
512	2559	4095	830	2560	3801
768	2559	4095	1060	2563	3806
1024	2559	4095	1282	2565	3803
1280	2559	4095	1512	2567	3806
1536	2559	4095	1739	2568	3807
1792	2559	4095	1966	2570	3807
2048	2559	4095	2189	2572	3810
2303	2559	4095	2419	2573	3812
2559	2559	4095	2654	2573	3806
2815	2559	4095	2883	2573	3805
3071	2559	4095	3109	2576	3808
3327	2559	4095	3342	2575	3808
3583	2559	4095	3546	2574	3804
3839	2559	4095	3759	2578	3806
4095	2559	4095	3976	2576	3807
0	2815	4095	394	2799	3793
256	2815	4095	619	2804	3801
512	2815	4095	848	2809	3807
768	2815	4095	1078	2812	3807
1024	2815	4095	1298	2808	3805
1280	2815	4095	1530	2812	3806
1536	2815	4095	1757	2815	3810
1792	2815	4095	1983	2817	3806
2048	2815	4095	2204	2816	3811
2303	2815	4095	2435	2818	3812
2559	2815	4095	2673	2820	3813
2815	2815	4095	2904	2823	3814
3071	2815	4095	3128	2822	3813
3327	2815	4095	3358	2821	3810
3583	2815	4095	3564	2821	3809
3839	2815	4095	3778	2824	3811
4095	2815	4095	3995	2824	3810
0	3071	4095	411	3056	3798
256	3071	4095	637	3062	3807
512	3071	4095	866	3066	3809
768	3071	4095	1095	3069	3810
1024	3071	4095	1315	3066	3808
1280	3071	4095	1548	3070	3811
1536	3071	4095	1774	3072	3813
1792	3071	4095	2001	3074	3814
2048	3071	4095	2223	3076	3816
2303	3071	4095	2456	3077	3815
2559	3071	4095	2692	3078	3818
2815	3071	4095	2923	3081	3822
3071	3071	4095	3148	3082	3819
3327	3071	4095	3374	3076	3812
3583	3071	4095	3580	3079	3816
3839	3071	4095	3797	3083	3817
4095	3071	4095	4016	3082	3817
0	3327	4095	428	3307	3795
256	3327	4095	652	3308	3801
512	3327	4095	882	3315	3805
768	3327	4095	1112	3321	3812
1024	3327	4095	1336	3323	3812
1280	3327	4095	1566	3324	3816
1536	3327	4095	1795	3330	3820
1792	3327	4095	2023	3334	3818
2048	3327	4095	2244	3334	3822
2303	3327	4095	2479	3335	3821
2559	3327	4095	2714	3336	3822
2815	3327	4095	2940	3334	3822
3071	3327	4095	3164	3332	3818
3327	3327	4095	3395	3333	3816
3583	3327	4095	3603	3338	3818
3839	3327	4095	3816	3340	3818
4095	3327	4095	4037	3341	3818
0	3583	4095	447	3554	3811
256	3583	4095	673	3560	3819
512	3583	4095	904	3559	3818
768	3583	4095	1128	3554	3814
1024	3583	4095	1352	3555	3813
1280	3583	4095	1591	3574	3829
1536	3583	4095	1813	3566	3822
1792	3583	4095	2039	3567	3821
2048	3583	4095	2260	3566	3824
2303	3583	4095	2497	3570	3823
2559	3583	4095	2728	3568	3822
2815	3583	4095	2953	3565	3821
3071	3583	4095	3182	3570	3820
3327	3583	4095	3412	3573	3824
3583	3583	4095	3619	3574	3823
3839	3583	4095	3834	3577	3825
4095	3583	4095	4059	3580	3824
0	3839	4095	464	3802	3819
256	3839	4095	691	3800	3820
512	3839	4095	920	3799	3818
768	3839	4095	1146	3800	3819
1024	3839	4095	1372	3803	3822
1280	3839	4095	1604	3808	3828
1536	3839	4095	1830	3812	3828
1792	3839	4095	2059	3814	3830
2048	3839	4095	2280	3814	3832
2303	3839	4095	2516	3818	3828
2559	3839	4095	2748	3815	3830
2815	3839	4095	2974	3812	3827
3071	3839	4095	3201	3815	3824
3327	3839	4095	3429	3817	3826
3583	3839	4095	3636	3817	3825
3839	3839	4095	3856	3820	3828
4095	3839	4095	4075	3823	3828
0	4095	4095	481	4048	3825
256	4095	4095	708	4046	3826
512	4095	4095	938	4046	3824
768	4095	4095	1163	4046	3825
1024	4095	4095	1390	4049	3827
1280	4095	4095	1620	4054	3828
1536	4095	4095	1845	4052	3827
1792	4095	4095	2074	4059	3832
2048	4095	4095	2298	4064	3836
2303	4095	4095	2530	4057	3829
2559	4095	4095	2762	4057	3826
2815	4095	4095	2988	4059	3826
3071	4095	4095	3218	4061	3826
3327	4095	4095	3444	4063	3827
3583	4095	4095	3653	4066	3828
3839	4095	4095	3870	4070	3830
4095	4095	4095	4095	4076	3832
