0	0	0	0	0	0
256	0	0	222	1	0
512	0	0	438	2	0
768	0	0	656	2	0
1024	0	0	874	3	0
1280	0	0	1093	4	0
1536	0	0	1312	4	0
1792	0	0	1532	4	0
2048	0	0	1751	4	0
2303	0	0	1970	6	0
2559	0	0	2191	6	0
2815	0	0	2421	6	0
3071	0	0	2642	7	0
3327	0	0	2862	8	0
3583	0	0	3088	8	0
3839	0	0	3310	9	0
4095	0	0	3518	10	0
0	256	0	16	244	2
256	256	0	233	242	2
512	256	0	442	240	2
768	256	0	654	240	2
1024	256	0	870	239	2
1280	256	0	1080	238	2
1536	256	0	1292	238	2
1792	256	0	1506	238	2
2048	256	0	1716	237	2
2303	256	0	1924	238	2
2559	256	0	2142	238	2
2815	256	0	2362	238	2
3071	256	0	2582	238	2
3327	256	0	2792	238	1
3583	256	0	3008	238	1
3839	256	0	3224	240	1
4095	256	0	3424	240	2
0	512	0	32	482	4
256	512	0	246	475	4
512	512	0	456	476	4
768	512	0	670	474	4
1024	512	0	886	472	4
1280	512	0	1098	470	4
1536	512	0	1309	468	4
1792	512	0	1522	466	4
2048	512	0	1732	464	4
2303	512	0	1945	466	4
2559	512	0	2158	466	4
2815	512	0	2384	466	4
3071	512	0	2601	464	4
3327	512	0	2814	464	4
3583	512	0	3036	464	4
3839	512	0	3249	466	3
4095	512	0	3446	468	3
0	768	0	48	724	6
256	768	0	260	712	6
512	768	0	470	713	6
768	768	0	686	712	6
1024	768	0	900	707	6
1280	768	0	1108	704	6
1536	768	0	1322	702	6
1792	768	0	1536	701	6
2048	768	0	1750	702	6
2303	768	0	1959	702	6
2559	768	0	2174	702	6
2815	768	0	2399	700	6
3071	768	0	2617	700	6
3327	768	0	2828	699	5
3583	768	0	3042	699	5
3839	768	0	3250	700	5
4095	768	0	3450	702	5
0	1024	0	63	967	8
256	1024	0	274	953	8
512	1024	0	483	954	8
768	1024	0	696	950	8
1024	1024	0	914	950	8
1280	1024	0	1122	947	8
1536	1024	0	1338	944	8
1792	1024	0	1552	944	8
2048	1024	0	1764	944	8
2303	1024	0	1973	946	8
2559	1024	0	2186	944	8
2815	1024	0	2411	940	8
3071	1024	0	2626	938	8
3327	1024	0	2835	936	8
3583	1024	0	3058	939	7
3839	1024	0	3267	942	7
4095	1024	0	3469	944	7
0	1280	0	78	1204	10
256	1280	0	286	1186	10
512	1280	0	495	1186	10
768	1280	0	710	1184	10
1024	1280	0	926	1182	10
1280	1280	0	1136	1184	10
1536	1280	0	1352	1181	10
1792	1280	0	1564	1178	10
2048	1280	0	1776	1178	10
2303	1280	0	1986	1178	10
2559	1280	0	2200	1176	10
2815	1280	0	2423	1172	9
3071	1280	0	2640	1171	9
3327	1280	0	2850	1170	9
3583	1280	0	3073	1172	9
3839	1280	0	3280	1176	9
4095	1280	0	3482	1178	8
0	1536	0	93	1448	12
256	1536	0	301	1428	12
512	1536	0	508	1426	12
768	1536	0	723	1424	12
1024	1536	0	940	1425	12
1280	1536	0	1148	1426	12
1536	1536	0	1368	1426	12
1792	1536	0	1582	1423	11
2048	1536	0	1794	1424	11
2303	1536	0	2004	1426	12
2559	1536	0	2220	1424	11
2815	1536	0	2444	1420	11
3071	1536	0	2658	1418	11
3327	1536	0	2867	1416	11
3583	1536	0	3095	1420	11
3839	1536	0	3299	1422	10
4095	1536	0	3498	1424	11
0	1792	0	108	1688	14
256	1792	0	316	1664	14
512	1792	0	524	1662	14
768	1792	0	740	1662	13
1024	1792	0	956	1662	13
1280	1792	0	1162	1664	13
1536	1792	0	1384	1664	13
1792	1792	0	1602	1666	13
2048	1792	0	1812	1665	13
2303	1792	0	2022	1664	13
2559	1792	0	2240	1662	13
2815	1792	0	2464	1660	12
3071	1792	0	2679	1659	12
3327	1792	0	2894	1660	12
3583	1792	0	3112	1660	12
3839	1792	0	3318	1666	12
4095	1792	0	3524	1670	12
0	2048	0	124	1920	16
256	2048	0	331	1894	16
512	2048	0	540	1894	16
768	2048	0	754	1894	15
1024	2048	0	969	1896	15
1280	2048	0	1178	1898	15
1536	2048	0	1400	1898	14
1792	2048	0	1616	1898	14
2048	2048	0	1830	1898	14
2303	2048	0	2040	1898	14
2559	2048	0	2260	1896	14
2815	2048	0	2485	1895	14
3071	2048	0	2700	1894	14
3327	2048	0	2914	1894	14
3583	2048	0	3132	1898	14
3839	2048	0	3344	1904	14
4095	2048	0	3546	1906	14
0	2303	0	140	2160	18
256	2303	0	345	2138	18
512	2303	0	554	2141	17
768	2303	0	768	2140	17
1024	2303	0	982	2141	17
1280	2303	0	1191	2142	16
1536	2303	0	1416	2145	16
1792	2303	0	1632	2142	16
2048	2303	0	1844	2143	16
2303	2303	0	2054	2143	16
2559	2303	0	2279	2145	16
2815	2303	0	2505	2146	16
3071	2303	0	2720	2144	16
3327	2303	0	2936	2142	16
3583	2303	0	3156	2144	16
3839	2303	0	3357	2150	16
4095	2303	0	3562	2154	16
0	2559	0	154	2404	20
256	2559	0	360	2384	20
512	2559	0	568	2385	19
768	2559	0	782	2383	19
1024	2559	0	995	2383	19
1280	2559	0	1206	2384	18
1536	2559	0	1428	2386	18
1792	2559	0	1644	2386	18
2048	2559	0	1856	2389	18
2303	2559	0	2071	2394	18
2559	2559	0	2296	2395	18
2815	2559	0	2520	2394	18
3071	2559	0	2736	2392	18
3327	2559	0	2950	2394	18
3583	2559	0	3172	2398	18
3839	2559	0	3370	2400	18
4095	2559	0	3573	2403	18
0	2815	0	169	2640	21
256	2815	0	374	2620	21
512	2815	0	583	2622	21
768	2815	0	798	2622	21
1024	2815	0	1011	2622	21
1280	2815	0	1220	2620	21
1536	2815	0	1440	2621	21
1792	2815	0	1656	2622	21
2048	2815	0	1870	2626	20
2303	2815	0	2086	2628	20
2559	2815	0	2310	2628	20
2815	2815	0	2536	2628	20
3071	2815	0	2751	2628	20
3327	2815	0	2964	2626	20
3583	2815	0	3184	2634	20
3839	2815	0	3384	2632	20
4095	2815	0	3591	2641	20
0	3071	0	184	2871	23
256	3071	0	389	2858	22
512	3071	0	598	2860	22
768	3071	0	812	2861	22
1024	3071	0	1025	2858	22
1280	3071	0	1234	2856	22
1536	3071	0	1453	2858	22
1792	3071	0	1674	2866	22
2048	3071	0	1886	2866	22
2303	3071	0	2100	2874	22
2559	3071	0	2326	2874	22
2815	3071	0	2550	2876	22
3071	3071	0	2768	2875	22
3327	3071	0	2984	2876	22
3583	3071	0	3200	2879	22
3839	3071	0	3403	2884	22
4095	3071	0	3605	2892	22
0	3327	0	200	3117	24
256	3327	0	406	3106	24
512	3327	0	614	3105	24
768	3327	0	830	3104	24
1024	3327	0	1042	3103	24
1280	3327	0	1254	3102	24
1536	3327	0	1474	3104	24
1792	3327	0	1692	3110	24
2048	3327	0	1906	3118	24
2303	3327	0	2121	3120	24
2559	3327	0	2352	3122	24
2815	3327	0	2574	3124	24
3071	3327	0	2790	3121	24
3327	3327	0	3006	3120	24
3583	3327	0	3220	3122	24
3839	3327	0	3423	3130	23
4095	3327	0	3630	3139	23
0	3583	0	216	3335	27
256	3583	0	423	3334	26
512	3583	0	632	3332	26
768	3583	0	848	3326	26
1024	3583	0	1059	3324	26
1280	3583	0	1274	3326	26
1536	3583	0	1493	3328	26
1792	3583	0	1710	3336	26
2048	3583	0	1929	3347	26
2303	3583	0	2142	3346	26
2559	3583	0	2374	3346	26
2815	3583	0	2595	3348	26
3071	3583	0	2812	3348	26
3327	3583	0	3028	3350	26
3583	3583	0	3240	3354	26
3839	3583	0	3445	3360	26
4095	3583	0	3654	3370	26
0	3839	0	232	3564	28
256	3839	0	440	3570	28
512	3839	0	650	3569	28
768	3839	0	866	3562	28
1024	3839	0	1078	3559	28
1280	3839	0	1292	3562	28
1536	3839	0	1512	3567	28
1792	3839	0	1730	3572	28
2048	3839	0	1948	3582	28
2303	3839	0	2163	3585	28
2559	3839	0	2396	3582	28
2815	3839	0	2622	3586	28
3071	3839	0	2835	3585	28
3327	3839	0	3052	3588	28
3583	3839	0	3268	3596	27
3839	3839	0	3476	3604	27
4095	3839	0	3690	3613	28
0	4095	0	250	3798	30
256	4095	0	457	3799	30
512	4095	0	668	3795	30
768	4095	0	884	3791	30
1024	4095	0	1096	3788	30
1280	4095	0	1314	3793	30
1536	4095	0	1535	3802	30
1792	4095	0	1756	3809	30
2048	4095	0	1970	3814	30
2303	4095	0	2186	3820	30
2559	4095	0	2422	3818	30
2815	4095	0	2644	3816	30
3071	4095	0	2857	3818	30
3327	4095	0	3079	3826	30
3583	4095	0	3296	3834	30
3839	4095	0	3506	3842	30
4095	4095	0	3720	3852	29
0	0	256	12	1	226
256	0	256	232	2	226
512	0	256	445	3	224
768	0	256	660	4	222
1024	0	256	876	4	220
1280	0	256	1088	5	220
1536	0	256	1304	6	219
1792	0	256	1524	6	218
2048	0	256	1739	6	218
2303	0	256	1955	7	217
2559	0	256	2169	8	217
2815	0	256	2393	8	216
3071	0	256	2618	8	216
3327	0	256	2833	10	214
3583	0	256	3053	10	215
3839	0	256	3270	10	215
4095	0	256	3472	11	216
0	256	256	28	246	232
256	256	256	250	250	228
512	256	256	463	246	228
768	256	256	677	246	227
1024	256	256	893	244	224
1280	256	256	1102	244	222
1536	256	256	1314	243	220
1792	256	256	1530	242	218
2048	256	256	1737	241	216
2303	256	256	1943	241	215
2559	256	256	2158	242	215
2815	256	256	2379	239	214
3071	256	256	2592	238	212
3327	256	256	2800	238	210
3583	256	256	3014	239	210
3839	256	256	3222	240	210
4095	256	256	3421	240	210
0	512	256	44	484	234
256	512	256	263	486	236
512	512	256	477	486	236
768	512	256	692	483	232
1024	512	256	908	481	228
1280	512	256	1117	478	226
1536	512	256	1331	476	224
1792	512	256	1546	474	222
2048	512	256	1754	470	219
2303	512	256	1961	469	218
2559	512	256	2172	468	216
2815	512	256	2396	467	216
3071	512	256	2608	465	214
3327	512	256	2818	464	212
3583	512	256	3032	464	212
3839	512	256	3239	465	212
4095	512	256	3438	466	212
0	768	256	60	726	234
256	768	256	276	724	234
512	768	256	490	725	234
768	768	256	706	724	234
1024	768	256	924	720	231
1280	768	256	1131	716	228
1536	768	256	1344	713	226
1792	768	256	1558	710	224
2048	768	256	1768	708	222
2303	768	256	1975	706	220
2559	768	256	2190	706	219
2815	768	256	2411	704	218
3071	768	256	2624	700	218
3327	768	256	2836	700	216
3583	768	256	3048	700	214
3839	768	256	3248	699	213
4095	768	256	3446	698	212
0	1024	256	75	971	234
256	1024	256	290	969	234
512	1024	256	502	970	233
768	1024	256	719	968	233
1024	1024	256	939	967	232
1280	1024	256	1146	962	230
1536	1024	256	1360	958	227
1792	1024	256	1574	956	224
2048	1024	256	1784	954	223
2303	1024	256	1992	950	222
2559	1024	256	2204	948	220
2815	1024	256	2424	945	219
3071	1024	256	2636	942	219
3327	1024	256	2844	938	217
3583	1024	256	3056	939	216
3839	1024	256	3257	938	216
4095	1024	256	3458	940	215
0	1280	256	90	1207	236
256	1280	256	303	1204	234
512	1280	256	514	1204	233
768	1280	256	731	1201	232
1024	1280	256	949	1198	232
1280	1280	256	1157	1198	231
1536	1280	256	1374	1193	228
1792	1280	256	1587	1190	227
2048	1280	256	1796	1188	224
2303	1280	256	2006	1186	224
2559	1280	256	2221	1184	222
2815	1280	256	2442	1178	220
3071	1280	256	2649	1173	218
3327	1280	256	2856	1171	218
3583	1280	256	3069	1170	217
3839	1280	256	3274	1171	216
4095	1280	256	3474	1173	216
0	1536	256	106	1450	236
256	1536	256	318	1446	234
512	1536	256	528	1447	232
768	1536	256	744	1442	231
1024	1536	256	960	1440	231
1280	1536	256	1170	1440	230
1536	1536	256	1392	1439	230
1792	1536	256	1600	1434	228
2048	1536	256	1810	1434	226
2303	1536	256	2021	1435	225
2559	1536	256	2236	1430	224
2815	1536	256	2456	1424	222
3071	1536	256	2668	1418	220
3327	1536	256	2874	1414	220
3583	1536	256	3096	1417	218
3839	1536	256	3290	1417	218
4095	1536	256	3490	1418	218
0	1792	256	121	1689	238
256	1792	256	331	1679	234
512	1792	256	540	1677	233
768	1792	256	756	1674	230
1024	1792	256	972	1676	230
1280	1792	256	1178	1674	230
1536	1792	256	1402	1676	230
1792	1792	256	1618	1675	229
2048	1792	256	1829	1675	227
2303	1792	256	2034	1670	226
2559	1792	256	2248	1664	226
2815	1792	256	2471	1660	223
3071	1792	256	2688	1659	221
3327	1792	256	2894	1654	220
3583	1792	256	3111	1656	220
3839	1792	256	3307	1654	220
4095	1792	256	3506	1658	220
0	2048	256	137	1922	240
256	2048	256	346	1908	234
512	2048	256	554	1904	233
768	2048	256	770	1903	231
1024	2048	256	986	1906	231
1280	2048	256	1194	1908	230
1536	2048	256	1414	1907	230
1792	2048	256	1630	1905	230
2048	2048	256	1841	1902	230
2303	2048	256	2051	1902	229
2559	2048	256	2270	1898	226
2815	2048	256	2492	1895	225
3071	2048	256	2703	1892	224
3327	2048	256	2910	1888	222
3583	2048	256	3135	1892	222
3839	2048	256	3330	1892	222
4095	2048	256	3532	1896	222
0	2303	256	152	2166	236
256	2303	256	358	2152	233
512	2303	256	568	2149	232
768	2303	256	783	2148	232
1024	2303	256	998	2148	230
1280	2303	256	1206	2152	230
1536	2303	256	1428	2152	232
1792	2303	256	1643	2148	231
2048	2303	256	1856	2148	230
2303	2303	256	2068	2148	230
2559	2303	256	2290	2146	229
2815	2303	256	2509	2142	227
3071	2303	256	2720	2138	226
3327	2303	256	2932	2134	225
3583	2303	256	3150	2136	225
3839	2303	256	3344	2135	225
4095	2303	256	3543	2140	226
0	2559	256	167	2404	236
256	2559	256	373	2394	233
512	2559	256	582	2393	232
768	2559	256	796	2392	232
1024	2559	256	1008	2390	231
1280	2559	256	1218	2390	230
1536	2559	256	1439	2394	230
1792	2559	256	1652	2386	230
2048	2559	256	1866	2390	230
2303	2559	256	2078	2392	229
2559	2559	256	2301	2390	228
2815	2559	256	2522	2390	228
3071	2559	256	2735	2388	226
3327	2559	256	2947	2386	226
3583	2559	256	3162	2388	226
3839	2559	256	3360	2388	226
4095	2559	256	3560	2390	226
0	2815	256	182	2639	236
256	2815	256	386	2631	234
512	2815	256	595	2628	232
768	2815	256	809	2626	232
1024	2815	256	1022	2626	232
1280	2815	256	1232	2624	231
1536	2815	256	1452	2624	230
1792	2815	256	1666	2624	231
2048	2815	256	1878	2624	230
2303	2815	256	2090	2627	230
2559	2815	256	2316	2627	229
2815	2815	256	2538	2624	229
3071	2815	256	2751	2622	228
3327	2815	256	2964	2621	228
3583	2815	256	3177	2621	228
3839	2815	256	3374	2620	228
4095	2815	256	3573	2624	228
0	3071	256	196	2872	236
256	3071	256	400	2862	233
512	3071	256	610	2862	232
768	3071	256	824	2862	232
1024	3071	256	1035	2862	232
1280	3071	256	1245	2860	231
1536	3071	256	1462	2856	231
1792	3071	256	1678	2860	230
2048	3071	256	1890	2862	231
2303	3071	256	2103	2867	232
2559	3071	256	2330	2870	230
2815	3071	256	2548	2866	230
3071	3071	256	2764	2866	230
3327	3071	256	2980	2866	230
3583	3071	256	3190	2868	230
3839	3071	256	3391	2868	230
4095	3071	256	3592	2876	230
0	3327	256	211	3110	237
256	3327	256	416	3104	236
512	3327	256	624	3105	236
768	3327	256	838	3103	234
1024	3327	256	1050	3098	234
1280	3327	256	1262	3096	233
1536	3327	256	1480	3097	233
1792	3327	256	1694	3102	233
2048	3327	256	1908	3106	233
2303	3327	256	2122	3111	233
2559	3327	256	2350	3110	233
2815	3327	256	2570	3107	232
3071	3327	256	2780	3104	232
3327	3327	256	2996	3104	232
3583	3327	256	3210	3108	232
3839	3327	256	3410	3110	232
4095	3327	256	3612	3114	231
0	3583	256	226	3324	238
256	3583	256	431	3325	238
512	3583	256	640	3322	237
768	3583	256	854	3318	236
1024	3583	256	1066	3316	236
1280	3583	256	1278	3317	235
1536	3583	256	1494	3320	234
1792	3583	256	1709	3323	235
2048	3583	256	1926	3329	236
2303	3583	256	2139	3332	236
2559	3583	256	2369	3330	234
2815	3583	256	2590	3330	234
3071	3583	256	2801	3328	234
3327	3583	256	3018	3330	234
3583	3583	256	3230	3334	234
3839	3583	256	3428	3332	234
4095	3583	256	3633	3340	234
0	3839	256	243	3556	240
256	3839	256	448	3562	240
512	3839	256	658	3556	238
768	3839	256	874	3551	238
1024	3839	256	1083	3548	238
1280	3839	256	1296	3547	237
1536	3839	256	1514	3551	238
1792	3839	256	1729	3559	238
2048	3839	256	1946	3562	238
2303	3839	256	2158	3565	238
2559	3839	256	2390	3560	236
2815	3839	256	2612	3560	236
3071	3839	256	2821	3559	236
3327	3839	256	3037	3559	236
3583	3839	256	3249	3560	236
3839	3839	256	3452	3566	236
4095	3839	256	3661	3574	237
0	4095	256	260	3783	242
256	4095	256	466	3784	242
512	4095	256	675	3782	241
768	4095	256	890	3773	240
1024	4095	256	1100	3774	240
1280	4095	256	1315	3778	240
1536	4095	256	1532	3783	240
1792	4095	256	1752	3788	240
2048	4095	256	1968	3794	240
2303	4095	256	2180	3794	240
2559	4095	256	2410	3794	240
2815	4095	256	2630	3790	238
3071	4095	256	2838	3785	238
3327	4095	256	3058	3788	238
3583	4095	256	3270	3796	238
3839	4095	256	3476	3805	240
4095	4095	256	3686	3812	240
0	0	512	25	3	446
256	0	512	244	4	446
512	0	512	457	4	443
768	0	512	672	5	439
1024	0	512	890	6	436
1280	0	512	1102	6	434
1536	0	512	1318	6	432
1792	0	512	1540	7	430
2048	0	512	1755	8	430
2303	0	512	1969	8	429
2559	0	512	2184	9	428
2815	0	512	2412	10	426
3071	0	512	2635	10	425
3327	0	512	2848	10	422
3583	0	512	3070	11	424
3839	0	512	3282	12	426
4095	0	512	3484	12	427
0	256	512	40	246	450
256	256	512	262	249	450
512	256	512	476	250	450
768	256	512	692	248	444
1024	256	512	908	246	440
1280	256	512	1116	245	434
1536	256	512	1328	245	431
1792	256	512	1543	244	428
2048	256	512	1754	244	425
2303	256	512	1962	242	424
2559	256	512	2178	244	421
2815	256	512	2398	242	420
3071	256	512	2612	242	418
3327	256	512	2822	240	414
3583	256	512	3035	241	413
3839	256	512	3240	242	414
4095	256	512	3435	242	412
0	512	512	56	487	452
256	512	512	276	490	454
512	512	512	496	493	452
768	512	512	712	490	452
1024	512	512	930	488	446
1280	512	512	1140	484	440
1536	512	512	1354	482	437
1792	512	512	1570	479	434
2048	512	512	1781	476	432
2303	512	512	1990	476	429
2559	512	512	2204	476	426
2815	512	512	2430	474	426
3071	512	512	2647	472	424
3327	512	512	2850	470	419
3583	512	512	3064	470	418
3839	512	512	3266	470	418
4095	512	512	3464	471	418
0	768	512	72	728	454
256	768	512	290	730	454
512	768	512	508	736	457
768	768	512	728	734	457
1024	768	512	946	730	452
1280	768	512	1154	726	446
1536	768	512	1372	722	442
1792	768	512	1586	720	438
2048	768	512	1798	718	435
2303	768	512	2007	716	433
2559	768	512	2220	714	431
2815	768	512	2440	710	428
3071	768	512	2657	710	424
3327	768	512	2862	707	420
3583	768	512	3080	707	420
3839	768	512	3279	707	418
4095	768	512	3475	706	418
0	1024	512	88	974	452
256	1024	512	304	976	451
512	1024	512	520	980	454
768	1024	512	739	979	452
1024	1024	512	962	978	452
1280	1024	512	1170	974	447
1536	1024	512	1386	970	443
1792	1024	512	1600	967	440
2048	1024	512	1810	964	436
2303	1024	512	2021	962	434
2559	1024	512	2234	958	432
2815	1024	512	2454	954	428
3071	1024	512	2675	954	426
3327	1024	512	2880	950	426
3583	1024	512	3096	951	423
3839	1024	512	3293	950	422
4095	1024	512	3492	948	421
0	1280	512	104	1214	452
256	1280	512	318	1212	450
512	1280	512	533	1216	450
768	1280	512	752	1214	450
1024	1280	512	974	1214	450
1280	1280	512	1181	1213	448
1536	1280	512	1402	1208	444
1792	1280	512	1615	1205	440
2048	1280	512	1824	1202	438
2303	1280	512	2032	1198	434
2559	1280	512	2248	1194	434
2815	1280	512	2474	1192	428
3071	1280	512	2686	1188	426
3327	1280	512	2894	1186	426
3583	1280	512	3114	1186	423
3839	1280	512	3309	1184	424
4095	1280	512	3510	1185	422
0	1536	512	119	1458	452
256	1536	512	332	1456	448
512	1536	512	546	1462	449
768	1536	512	765	1460	448
1024	1536	512	984	1459	448
1280	1536	512	1194	1456	447
1536	1536	512	1418	1454	444
1792	1536	512	1631	1451	442
2048	1536	512	1838	1449	438
2303	1536	512	2048	1448	436
2559	1536	512	2266	1443	434
2815	1536	512	2486	1436	430
3071	1536	512	2704	1435	427
3327	1536	512	2910	1430	425
3583	1536	512	3129	1430	424
3839	1536	512	3328	1430	424
4095	1536	512	3528	1432	423
0	1792	512	134	1696	452
256	1792	512	347	1692	446
512	1792	512	561	1698	448
768	1792	512	780	1700	449
1024	1792	512	998	1698	446
1280	1792	512	1208	1698	446
1536	1792	512	1432	1694	444
1792	1792	512	1649	1693	442
2048	1792	512	1860	1690	440
2303	1792	512	2068	1689	437
2559	1792	512	2287	1686	436
2815	1792	512	2510	1682	430
3071	1792	512	2724	1678	429
3327	1792	512	2932	1674	426
3583	1792	512	3152	1676	426
3839	1792	512	3345	1672	426
4095	1792	512	3542	1672	425
0	2048	512	150	1931	454
256	2048	512	360	1924	446
512	2048	512	575	1930	448
768	2048	512	794	1932	448
1024	2048	512	1012	1930	446
1280	2048	512	1218	1926	444
1536	2048	512	1440	1924	444
1792	2048	512	1660	1924	444
2048	2048	512	1874	1925	442
2303	2048	512	2088	1926	440
2559	2048	512	2308	1922	438
2815	2048	512	2528	1916	434
3071	2048	512	2741	1912	431
3327	2048	512	2949	1908	428
3583	2048	512	3163	1906	428
3839	2048	512	3360	1906	428
4095	2048	512	3562	1909	427
0	2303	512	164	2176	456
256	2303	512	375	2173	444
512	2303	512	588	2176	448
768	2303	512	807	2175	447
1024	2303	512	1023	2174	446
1280	2303	512	1230	2170	443
1536	2303	512	1454	2170	442
1792	2303	512	1670	2167	442
2048	2303	512	1886	2172	442
2303	2303	512	2100	2172	442
2559	2303	512	2322	2168	440
2815	2303	512	2542	2162	436
3071	2303	512	2756	2158	434
3327	2303	512	2968	2156	432
3583	2303	512	3178	2152	430
3839	2303	512	3372	2152	430
4095	2303	512	3576	2156	429
0	2559	512	180	2418	456
256	2559	512	389	2416	446
512	2559	512	602	2420	448
768	2559	512	818	2416	447
1024	2559	512	1031	2412	446
1280	2559	512	1244	2412	444
1536	2559	512	1465	2410	442
1792	2559	512	1683	2412	442
2048	2559	512	1896	2418	441
2303	2559	512	2110	2416	442
2559	2559	512	2336	2416	440
2815	2559	512	2558	2413	436
3071	2559	512	2770	2408	434
3327	2559	512	2980	2404	433
3583	2559	512	3190	2406	432
3839	2559	512	3389	2404	430
4095	2559	512	3591	2408	430
0	2815	512	194	2652	458
256	2815	512	404	2656	444
512	2815	512	616	2657	446
768	2815	512	832	2653	446
1024	2815	512	1046	2650	443
1280	2815	512	1258	2650	442
1536	2815	512	1482	2651	440
1792	2815	512	1697	2650	441
2048	2815	512	1909	2650	441
2303	2815	512	2122	2650	440
2559	2815	512	2352	2652	438
2815	2815	512	2575	2650	437
3071	2815	512	2788	2645	434
3327	2815	512	2996	2640	432
3583	2815	512	3206	2642	432
3839	2815	512	3407	2642	431
4095	2815	512	3610	2644	432
0	3071	512	210	2886	458
256	3071	512	418	2890	444
512	3071	512	630	2892	447
768	3071	512	846	2890	446
1024	3071	512	1058	2888	444
1280	3071	512	1270	2886	442
1536	3071	512	1492	2885	442
1792	3071	512	1710	2892	440
2048	3071	512	1922	2892	440
2303	3071	512	2136	2896	440
2559	3071	512	2365	2895	439
2815	3071	512	2586	2892	437
3071	3071	512	2798	2888	436
3327	3071	512	3008	2884	434
3583	3071	512	3220	2884	434
3839	3071	512	3421	2886	434
4095	3071	512	3626	2892	434
0	3327	512	226	3126	458
256	3327	512	434	3134	443
512	3327	512	645	3132	445
768	3327	512	861	3128	444
1024	3327	512	1073	3127	442
1280	3327	512	1288	3126	441
1536	3327	512	1508	3127	441
1792	3327	512	1725	3132	440
2048	3327	512	1938	3132	440
2303	3327	512	2154	3140	440
2559	3327	512	2384	3138	440
2815	3327	512	2600	3132	437
3071	3327	512	2812	3126	437
3327	3327	512	3026	3124	434
3583	3327	512	3238	3127	434
3839	3327	512	3442	3132	434
4095	3327	512	3646	3140	435
0	3583	512	242	3346	445
256	3583	512	450	3360	445
512	3583	512	660	3354	446
768	3583	512	878	3348	446
1024	3583	512	1088	3346	443
1280	3583	512	1304	3348	442
1536	3583	512	1525	3352	442
1792	3583	512	1742	3356	440
2048	3583	512	1959	3361	442
2303	3583	512	2168	3363	442
2559	3583	512	2399	3355	441
2815	3583	512	2618	3354	440
3071	3583	512	2830	3350	438
3327	3583	512	3048	3352	436
3583	3583	512	3262	3358	436
3839	3583	512	3466	3365	438
4095	3583	512	3674	3369	438
0	3839	512	256	3583	446
256	3839	512	465	3588	446
512	3839	512	676	3582	448
768	3839	512	894	3579	446
1024	3839	512	1105	3578	444
1280	3839	512	1322	3582	444
1536	3839	512	1543	3586	443
1792	3839	512	1760	3589	442
2048	3839	512	1976	3591	444
2303	3839	512	2188	3589	442
2559	3839	512	2421	3587	442
2815	3839	512	2638	3582	440
3071	3839	512	2849	3578	440
3327	3839	512	3068	3582	440
3583	3839	512	3284	3591	440
3839	3839	512	3490	3596	442
4095	3839	512	3696	3599	440
0	4095	512	274	3805	450
256	4095	512	484	3816	450
512	4095	512	696	3816	450
768	4095	512	914	3816	449
1024	4095	512	1125	3812	446
1280	4095	512	1344	3814	446
1536	4095	512	1564	3817	445
1792	4095	512	1782	3820	446
2048	4095	512	1997	3824	446
2303	4095	512	2208	3820	445
2559	4095	512	2440	3816	444
2815	4095	512	2658	3814	444
3071	4095	512	2870	3812	444
3327	4095	512	3092	3818	442
3583	4095	512	3306	3824	444
3839	4095	512	3512	3830	444
4095	4095	512	3719	3836	446
0	0	768	36	4	684
256	0	768	256	5	684
512	0	768	470	6	683
768	0	768	687	6	682
1024	0	768	907	7	676
1280	0	768	1118	8	674
1536	0	768	1336	8	670
1792	0	768	1556	8	668
2048	0	768	1770	9	666
2303	0	768	1986	10	665
2559	0	768	2201	10	663
2815	0	768	2429	10	662
3071	0	768	2656	11	660
3327	0	768	2869	12	658
3583	0	768	3090	12	659
3839	0	768	3302	13	660
4095	0	768	3508	13	662
0	256	768	52	248	692
256	256	768	273	249	690
512	256	768	488	250	692
768	256	768	706	250	688
1024	256	768	924	249	680
1280	256	768	1132	248	675
1536	256	768	1347	247	670
1792	256	768	1564	246	666
2048	256	768	1774	246	663
2303	256	768	1983	246	660
2559	256	768	2197	246	655
2815	256	768	2419	245	654
3071	256	768	2634	244	650
3327	256	768	2842	243	648
3583	256	768	3057	244	646
3839	256	768	3260	244	646
4095	256	768	3456	244	646
0	512	768	69	490	692
256	512	768	290	492	694
512	512	768	508	495	694
768	512	768	728	494	694
1024	512	768	947	490	688
1280	512	768	1156	488	684
1536	512	768	1376	486	678
1792	512	768	1592	484	674
2048	512	768	1802	482	670
2303	512	768	2010	481	666
2559	512	768	2227	479	662
2815	512	768	2448	478	660
3071	512	768	2666	475	659
3327	512	768	2874	475	656
3583	512	768	3090	474	654
3839	512	768	3292	476	654
4095	512	768	3492	476	652
0	768	768	85	733	696
256	768	768	304	736	696
512	768	768	524	740	700
768	768	768	748	743	698
1024	768	768	970	738	696
1280	768	768	1180	736	689
1536	768	768	1398	732	684
1792	768	768	1612	728	679
2048	768	768	1822	726	676
2303	768	768	2032	724	670
2559	768	768	2250	722	667
2815	768	768	2473	720	663
3071	768	768	2688	718	662
3327	768	768	2894	716	658
3583	768	768	3114	716	658
3839	768	768	3314	716	656
4095	768	768	3513	716	656
0	1024	768	100	979	695
256	1024	768	318	980	694
512	1024	768	536	986	699
768	1024	768	760	990	702
1024	1024	768	984	990	701
1280	1024	768	1194	988	694
1536	1024	768	1411	981	688
1792	1024	768	1626	976	684
2048	1024	768	1836	973	679
2303	1024	768	2047	971	674
2559	1024	768	2265	968	670
2815	1024	768	2488	965	668
3071	1024	768	2706	966	666
3327	1024	768	2910	960	665
3583	1024	768	3129	960	662
3839	1024	768	3328	960	658
4095	1024	768	3522	958	656
0	1280	768	115	1217	694
256	1280	768	330	1218	691
512	1280	768	549	1225	695
768	1280	768	772	1230	698
1024	1280	768	996	1228	695
1280	1280	768	1206	1226	695
1536	1280	768	1426	1222	690
1792	1280	768	1641	1218	683
2048	1280	768	1852	1213	679
2303	1280	768	2061	1210	676
2559	1280	768	2280	1208	672
2815	1280	768	2505	1205	668
3071	1280	768	2718	1199	666
3327	1280	768	2922	1196	662
3583	1280	768	3145	1196	662
3839	1280	768	3338	1192	662
4095	1280	768	3535	1194	660
0	1536	768	132	1463	694
256	1536	768	346	1463	687
512	1536	768	564	1472	692
768	1536	768	786	1474	695
1024	1536	768	1006	1472	692
1280	1536	768	1218	1472	692
1536	1536	768	1444	1472	689
1792	1536	768	1658	1468	684
2048	1536	768	1868	1463	680
2303	1536	768	2080	1460	678
2559	1536	768	2298	1455	674
2815	1536	768	2518	1450	670
3071	1536	768	2734	1448	666
3327	1536	768	2942	1444	663
3583	1536	768	3160	1443	663
3839	1536	768	3354	1442	662
4095	1536	768	3552	1441	660
0	1792	768	148	1702	693
256	1792	768	361	1702	684
512	1792	768	578	1712	690
768	1792	768	800	1714	693
1024	1792	768	1018	1710	690
1280	1792	768	1232	1711	687
1536	1792	768	1456	1709	687
1792	1792	768	1674	1710	687
2048	1792	768	1884	1706	683
2303	1792	768	2095	1702	680
2559	1792	768	2316	1699	676
2815	1792	768	2538	1695	672
3071	1792	768	2750	1690	669
3327	1792	768	2958	1688	664
3583	1792	768	3176	1686	664
3839	1792	768	3372	1684	664
4095	1792	768	3572	1685	662
0	2048	768	164	1938	694
256	2048	768	375	1937	684
512	2048	768	592	1946	690
768	2048	768	813	1948	692
1024	2048	768	1032	1944	688
1280	2048	768	1244	1942	686
1536	2048	768	1470	1942	686
1792	2048	768	1686	1942	686
2048	2048	768	1901	1942	684
2303	2048	768	2113	1940	681
2559	2048	768	2336	1936	678
2815	2048	768	2558	1932	676
3071	2048	768	2770	1926	672
3327	2048	768	2978	1921	667
3583	2048	768	3194	1923	667
3839	2048	768	3392	1922	666
4095	2048	768	3592	1923	666
0	2303	768	178	2185	696
256	2303	768	389	2185	684
512	2303	768	605	2192	688
768	2303	768	826	2191	690
1024	2303	768	1042	2190	688
1280	2303	768	1254	2189	686
1536	2303	768	1483	2189	686
1792	2303	768	1697	2186	686
2048	2303	768	1910	2188	684
2303	2303	768	2126	2188	684
2559	2303	768	2348	2183	681
2815	2303	768	2567	2175	678
3071	2303	768	2781	2170	672
3327	2303	768	2994	2168	670
3583	2303	768	3205	2167	669
3839	2303	768	3406	2168	668
4095	2303	768	3607	2170	668
0	2559	768	192	2426	696
256	2559	768	404	2430	684
512	2559	768	620	2435	688
768	2559	768	839	2434	688
1024	2559	768	1054	2434	687
1280	2559	768	1270	2437	684
1536	2559	768	1492	2432	685
1792	2559	768	1710	2432	684
2048	2559	768	1924	2437	684
2303	2559	768	2138	2436	683
2559	2559	768	2364	2432	682
2815	2559	768	2584	2428	678
3071	2559	768	2798	2424	674
3327	2559	768	3010	2422	671
3583	2559	768	3220	2422	670
3839	2559	768	3424	2423	670
4095	2559	768	3627	2426	672
0	2815	768	208	2662	696
256	2815	768	418	2664	682
512	2815	768	633	2671	686
768	2815	768	851	2673	688
1024	2815	768	1066	2674	685
1280	2815	768	1282	2672	685
1536	2815	768	1506	2672	684
1792	2815	768	1723	2672	684
2048	2815	768	1940	2677	683
2303	2815	768	2152	2673	683
2559	2815	768	2378	2670	682
2815	2815	768	2598	2666	678
3071	2815	768	2812	2662	674
3327	2815	768	3026	2660	672
3583	2815	768	3240	2660	671
3839	2815	768	3444	2663	671
4095	2815	768	3644	2664	672
0	3071	768	222	2896	696
256	3071	768	433	2905	680
512	3071	768	648	2911	685
768	3071	768	866	2911	686
1024	3071	768	1079	2909	685
1280	3071	768	1295	2909	684
1536	3071	768	1518	2913	684
1792	3071	768	1736	2916	684
2048	3071	768	1949	2914	682
2303	3071	768	2162	2916	682
2559	3071	768	2392	2912	682
2815	3071	768	2612	2912	678
3071	3071	768	2823	2907	675
3327	3071	768	3040	2906	674
3583	3071	768	3254	2906	673
3839	3071	768	3453	2908	674
4095	3071	768	3656	2910	675
0	3327	768	239	3141	682
256	3327	768	448	3148	682
512	3327	768	663	3154	685
768	3327	768	882	3152	686
1024	3327	768	1094	3151	684
1280	3327	768	1312	3150	684
1536	3327	768	1533	3152	682
1792	3327	768	1752	3158	682
2048	3327	768	1968	3160	682
2303	3327	768	2177	3156	682
2559	3327	768	2408	3154	681
2815	3327	768	2628	3150	678
3071	3327	768	2843	3146	678
3327	3327	768	3061	3148	675
3583	3327	768	3274	3152	674
3839	3327	768	3477	3156	674
4095	3327	768	3678	3157	674
0	3583	768	254	3362	682
256	3583	768	464	3369	683
512	3583	768	680	3374	686
768	3583	768	898	3375	688
1024	3583	768	1110	3375	686
1280	3583	768	1328	3377	684
1536	3583	768	1550	3379	684
1792	3583	768	1768	3381	685
2048	3583	768	1984	3382	684
2303	3583	768	2193	3382	682
2559	3583	768	2432	3382	682
2815	3583	768	2648	3378	681
3071	3583	768	2860	3373	678
3327	3583	768	3080	3376	678
3583	3583	768	3292	3381	680
3839	3583	768	3496	3386	679
4095	3583	768	3704	3390	679
0	3839	768	270	3592	686
256	3839	768	480	3607	688
512	3839	768	696	3616	688
768	3839	768	916	3612	689
1024	3839	768	1126	3612	688
1280	3839	768	1345	3610	686
1536	3839	768	1566	3609	686
1792	3839	768	1784	3611	688
2048	3839	768	2000	3611	686
2303	3839	768	2214	3611	686
2559	3839	768	2448	3608	684
2815	3839	768	2666	3604	684
3071	3839	768	2878	3602	681
3327	3839	768	3098	3604	680
3583	3839	768	3312	3610	682
3839	3839	768	3518	3616	684
4095	3839	768	3726	3621	684
0	4095	768	287	3820	688
256	4095	768	498	3840	691
512	4095	768	712	3845	690
768	4095	768	934	3841	691
1024	4095	768	1144	3838	690
1280	4095	768	1364	3838	689
1536	4095	768	1584	3837	688
1792	4095	768	1803	3840	688
2048	4095	768	2020	3843	688
2303	4095	768	2236	3843	688
2559	4095	768	2468	3839	686
2815	4095	768	2687	3838	686
3071	4095	768	2900	3836	685
3327	4095	768	3124	3840	682
3583	4095	768	3334	3848	684
3839	4095	768	3538	3852	686
4095	4095	768	3746	3854	687
0	0	1024	49	5	928
256	0	1024	268	6	927
512	0	1024	482	7	926
768	0	1024	701	8	924
1024	0	1024	922	8	920
1280	0	1024	1134	8	916
1536	0	1024	1354	9	912
1792	0	1024	1573	10	910
2048	0	1024	1786	10	909
2303	0	1024	2002	11	907
2559	0	1024	2222	12	905
2815	0	1024	2452	11	904
3071	0	1024	2680	12	900
3327	0	1024	2890	12	898
3583	0	1024	3114	13	898
3839	0	1024	3322	14	899
4095	0	1024	3524	14	900
0	256	1024	64	248	932
256	256	1024	284	250	928
512	256	1024	498	250	928
768	256	1024	718	252	928
1024	256	1024	940	252	925
1280	256	1024	1150	250	918
1536	256	1024	1365	249	912
1792	256	1024	1582	249	908
2048	256	1024	1792	248	903
2303	256	1024	2001	248	901
2559	256	1024	2218	248	896
2815	256	1024	2438	247	891
3071	256	1024	2654	246	890
3327	256	1024	2858	246	886
3583	256	1024	3078	245	886
3839	256	1024	3282	246	886
4095	256	1024	3479	246	885
0	512	1024	81	491	936
256	512	1024	300	492	937
512	512	1024	519	494	936
768	512	1024	738	495	937
1024	512	1024	963	494	934
1280	512	1024	1174	492	928
1536	512	1024	1392	489	922
1792	512	1024	1608	486	916
2048	512	1024	1818	484	912
2303	512	1024	2028	484	909
2559	512	1024	2246	482	904
2815	512	1024	2469	481	901
3071	512	1024	2688	480	900
3327	512	1024	2894	478	896
3583	512	1024	3114	478	894
3839	512	1024	3314	480	894
4095	512	1024	3512	480	892
0	768	1024	96	734	938
256	768	1024	316	737	934
512	768	1024	536	742	940
768	768	1024	761	745	940
1024	768	1024	988	744	939
1280	768	1024	1196	740	934
1536	768	1024	1414	735	928
1792	768	1024	1629	733	922
2048	768	1024	1842	731	918
2303	768	1024	2054	730	914
2559	768	1024	2270	727	910
2815	768	1024	2494	725	907
3071	768	1024	2713	724	902
3327	768	1024	2917	721	900
3583	768	1024	3142	722	900
3839	768	1024	3337	720	897
4095	768	1024	3534	720	896
0	1024	1024	113	984	938
256	1024	1024	332	986	934
512	1024	1024	552	993	941
768	1024	1024	778	998	946
1024	1024	1024	1006	999	944
1280	1024	1024	1216	996	942
1536	1024	1024	1436	990	934
1792	1024	1024	1651	986	929
2048	1024	1024	1863	984	924
2303	1024	1024	2076	982	920
2559	1024	1024	2294	978	916
2815	1024	1024	2518	975	912
3071	1024	1024	2736	973	904
3327	1024	1024	2936	968	904
3583	1024	1024	3158	968	903
3839	1024	1024	3356	968	900
4095	1024	1024	3554	968	899
0	1280	1024	128	1224	938
256	1280	1024	345	1224	934
512	1280	1024	564	1233	940
768	1280	1024	790	1238	944
1024	1280	1024	1017	1241	946
1280	1280	1024	1230	1240	944
1536	1280	1024	1453	1234	938
1792	1280	1024	1666	1230	932
2048	1280	1024	1878	1226	928
2303	1280	1024	2090	1222	924
2559	1280	1024	2310	1219	920
2815	1280	1024	2532	1216	915
3071	1280	1024	2750	1212	912
3327	1280	1024	2954	1207	905
3583	1280	1024	3176	1208	905
3839	1280	1024	3367	1204	905
4095	1280	1024	3566	1204	902
0	1536	1024	144	1470	936
256	1536	1024	360	1472	930
512	1536	1024	578	1480	937
768	1536	1024	802	1483	940
1024	1536	1024	1028	1486	941
1280	1536	1024	1242	1486	939
1536	1536	1024	1468	1482	938
1792	1536	1024	1682	1480	934
2048	1536	1024	1892	1476	929
2303	1536	1024	2107	1474	924
2559	1536	1024	2326	1469	921
2815	1536	1024	2545	1462	916
3071	1536	1024	2762	1459	912
3327	1536	1024	2968	1454	907
3583	1536	1024	3186	1455	906
3839	1536	1024	3382	1453	906
4095	1536	1024	3586	1454	904
0	1792	1024	160	1710	936
256	1792	1024	374	1710	928
512	1792	1024	592	1718	934
768	1792	1024	816	1723	938
1024	1792	1024	1039	1726	938
1280	1792	1024	1253	1726	937
1536	1792	1024	1480	1724	936
1792	1792	1024	1696	1720	934
2048	1792	1024	1906	1718	930
2303	1792	1024	2119	1714	926
2559	1792	1024	2341	1710	923
2815	1792	1024	2564	1706	916
3071	1792	1024	2779	1702	913
3327	1792	1024	2990	1699	908
3583	1792	1024	3202	1697	907
3839	1792	1024	3403	1697	907
4095	1792	1024	3604	1698	906
0	2048	1024	176	1948	936
256	2048	1024	389	1945	926
512	2048	1024	608	1952	932
768	2048	1024	832	1958	936
1024	2048	1024	1053	1961	936
1280	2048	1024	1267	1960	934
1536	2048	1024	1494	1958	933
1792	2048	1024	1710	1958	932
2048	2048	1024	1924	1954	930
2303	2048	1024	2137	1952	926
2559	2048	1024	2361	1948	923
2815	2048	1024	2582	1944	919
3071	2048	1024	2797	1940	915
3327	2048	1024	3009	1936	912
3583	2048	1024	3223	1936	910
3839	2048	1024	3420	1936	910
4095	2048	1024	3622	1937	910
0	2303	1024	190	2190	938
256	2303	1024	403	2192	926
512	2303	1024	620	2200	932
768	2303	1024	844	2205	934
1024	2303	1024	1062	2208	936
1280	2303	1024	1279	2206	934
1536	2303	1024	1506	2206	933
1792	2303	1024	1721	2202	932
2048	2303	1024	1934	2203	930
2303	2303	1024	2148	2200	928
2559	2303	1024	2374	2196	925
2815	2303	1024	2594	2192	922
3071	2303	1024	2810	2188	916
3327	2303	1024	3024	2184	914
3583	2303	1024	3234	2183	912
3839	2303	1024	3436	2183	910
4095	2303	1024	3640	2185	910
0	2559	1024	206	2432	938
256	2559	1024	418	2438	926
512	2559	1024	635	2446	930
768	2559	1024	857	2450	932
1024	2559	1024	1075	2454	934
1280	2559	1024	1291	2454	932
1536	2559	1024	1515	2450	932
1792	2559	1024	1733	2451	930
2048	2559	1024	1946	2450	930
2303	2559	1024	2160	2450	928
2559	2559	1024	2388	2446	926
2815	2559	1024	2610	2442	922
3071	2559	1024	2824	2438	917
3327	2559	1024	3037	2436	914
3583	2559	1024	3249	2436	912
3839	2559	1024	3450	2436	912
4095	2559	1024	3656	2439	913
0	2815	1024	220	2666	938
256	2815	1024	432	2676	922
512	2815	1024	648	2684	928
768	2815	1024	871	2689	930
1024	2815	1024	1088	2692	932
1280	2815	1024	1304	2692	931
1536	2815	1024	1528	2688	928
1792	2815	1024	1744	2686	927
2048	2815	1024	1959	2688	927
2303	2815	1024	2172	2689	926
2559	2815	1024	2402	2682	926
2815	2815	1024	2625	2680	924
3071	2815	1024	2838	2676	918
3327	2815	1024	3052	2674	914
3583	2815	1024	3266	2674	912
3839	2815	1024	3468	2676	912
4095	2815	1024	3672	2679	913
0	3071	1024	234	2902	937
256	3071	1024	446	2914	919
512	3071	1024	662	2922	926
768	3071	1024	884	2928	929
1024	3071	1024	1100	2930	930
1280	3071	1024	1316	2928	929
1536	3071	1024	1538	2926	928
1792	3071	1024	1758	2931	926
2048	3071	1024	1970	2928	926
2303	3071	1024	2184	2930	924
2559	3071	1024	2416	2924	924
2815	3071	1024	2638	2927	922
3071	3071	1024	2852	2924	918
3327	3071	1024	3070	2922	914
3583	3071	1024	3282	2924	914
3839	3071	1024	3482	2924	914
4095	3071	1024	3682	2925	916
0	3327	1024	252	3147	920
256	3327	1024	462	3160	920
512	3327	1024	680	3169	926
768	3327	1024	901	3172	928
1024	3327	1024	1116	3174	930
1280	3327	1024	1333	3173	928
1536	3327	1024	1554	3172	925
1792	3327	1024	1772	3174	926
2048	3327	1024	1990	3178	924
2303	3327	1024	2200	3176	922
2559	3327	1024	2436	3173	922
2815	3327	1024	2655	3168	920
3071	3327	1024	2872	3166	918
3327	3327	1024	3091	3168	917
3583	3327	1024	3300	3167	916
3839	3327	1024	3499	3168	916
4095	3327	1024	3705	3172	914
0	3583	1024	268	3373	922
256	3583	1024	478	3386	927
512	3583	1024	696	3392	928
768	3583	1024	918	3400	930
1024	3583	1024	1130	3396	931
1280	3583	1024	1350	3396	930
1536	3583	1024	1571	3398	927
1792	3583	1024	1789	3399	928
2048	3583	1024	2004	3402	928
2303	3583	1024	2218	3400	924
2559	3583	1024	2456	3398	924
2815	3583	1024	2673	3394	923
3071	3583	1024	2886	3390	920
3327	3583	1024	3106	3392	920
3583	3583	1024	3316	3393	921
3839	3583	1024	3518	3396	918
4095	3583	1024	3726	3399	919
0	3839	1024	283	3606	925
256	3839	1024	495	3620	930
512	3839	1024	712	3632	930
768	3839	1024	936	3638	932
1024	3839	1024	1146	3632	932
1280	3839	1024	1367	3630	930
1536	3839	1024	1588	3630	931
1792	3839	1024	1807	3632	930
2048	3839	1024	2024	3632	928
2303	3839	1024	2241	3632	927
2559	3839	1024	2475	3631	925
2815	3839	1024	2692	3624	925
3071	3839	1024	2904	3621	922
3327	3839	1024	3127	3622	920
3583	3839	1024	3336	3624	920
3839	3839	1024	3538	3629	922
4095	3839	1024	3747	3635	922
0	4095	1024	300	3838	928
256	4095	1024	512	3854	934
512	4095	1024	730	3860	934
768	4095	1024	952	3860	934
1024	4095	1024	1164	3858	934
1280	4095	1024	1386	3858	932
1536	4095	1024	1607	3860	932
1792	4095	1024	1826	3862	932
2048	4095	1024	2044	3866	932
2303	4095	1024	2262	3866	930
2559	4095	1024	2492	3859	928
2815	4095	1024	2710	3856	926
3071	4095	1024	2922	3851	926
3327	4095	1024	3146	3854	923
3583	4095	1024	3355	3859	924
3839	4095	1024	3559	3864	924
4095	4095	1024	3768	3870	926
0	0	1280	61	6	1158
256	0	1280	281	7	1156
512	0	1280	496	8	1152
768	0	1280	714	9	1150
1024	0	1280	936	9	1148
1280	0	1280	1150	10	1145
1536	0	1280	1370	10	1142
1792	0	1280	1592	10	1138
2048	0	1280	1808	10	1136
2303	0	1280	2023	12	1134
2559	0	1280	2243	12	1132
2815	0	1280	2471	12	1130
3071	0	1280	2696	13	1127
3327	0	1280	2910	14	1126
3583	0	1280	3136	14	1127
3839	0	1280	3344	15	1126
4095	0	1280	3548	16	1128
0	256	1280	76	250	1159
256	256	1280	296	252	1156
512	256	1280	510	252	1156
768	256	1280	730	253	1156
1024	256	1280	954	253	1154
1280	256	1280	1164	253	1150
1536	256	1280	1382	252	1143
1792	256	1280	1598	251	1137
2048	256	1280	1808	251	1132
2303	256	1280	2018	250	1130
2559	256	1280	2238	250	1124
2815	256	1280	2461	249	1120
3071	256	1280	2675	248	1118
3327	256	1280	2882	248	1114
3583	256	1280	3102	249	1114
3839	256	1280	3306	249	1112
4095	256	1280	3501	250	1110
0	512	1280	93	492	1160
256	512	1280	312	492	1164
512	512	1280	532	496	1167
768	512	1280	752	496	1166
1024	512	1280	978	496	1165
1280	512	1280	1189	494	1160
1536	512	1280	1410	492	1152
1792	512	1280	1625	490	1148
2048	512	1280	1836	489	1143
2303	512	1280	2048	488	1138
2559	512	1280	2268	486	1133
2815	512	1280	2492	484	1130
3071	512	1280	2710	484	1126
3327	512	1280	2916	482	1123
3583	512	1280	3135	482	1122
3839	512	1280	3334	482	1118
4095	512	1280	3532	482	1118
0	768	1280	109	738	1168
256	768	1280	328	738	1160
512	768	1280	548	744	1169
768	768	1280	773	746	1170
1024	768	1280	999	746	1170
1280	768	1280	1211	744	1165
1536	768	1280	1432	740	1160
1792	768	1280	1649	738	1156
2048	768	1280	1862	737	1150
2303	768	1280	2074	735	1145
2559	768	1280	2292	732	1140
2815	768	1280	2516	730	1135
3071	768	1280	2730	728	1129
3327	768	1280	2935	725	1127
3583	768	1280	3160	726	1128
3839	768	1280	3356	724	1124
4095	768	1280	3556	724	1124
0	1024	1280	126	988	1168
256	1024	1280	344	990	1160
512	1024	1280	564	996	1169
768	1024	1280	790	999	1174
1024	1024	1280	1019	1002	1173
1280	1024	1280	1234	1001	1172
1536	1024	1280	1456	998	1166
1792	1024	1280	1672	994	1160
2048	1024	1280	1885	992	1156
2303	1024	1280	2098	989	1150
2559	1024	1280	2316	985	1143
2815	1024	1280	2538	980	1140
3071	1024	1280	2754	978	1134
3327	1024	1280	2958	976	1132
3583	1024	1280	3180	974	1132
3839	1024	1280	3378	974	1128
4095	1024	1280	3578	974	1129
0	1280	1280	142	1234	1168
256	1280	1280	359	1233	1160
512	1280	1280	578	1238	1168
768	1280	1280	806	1244	1174
1024	1280	1280	1034	1248	1176
1280	1280	1280	1250	1250	1174
1536	1280	1280	1476	1244	1172
1792	1280	1280	1692	1240	1166
2048	1280	1280	1902	1236	1162
2303	1280	1280	2114	1232	1155
2559	1280	1280	2335	1228	1150
2815	1280	1280	2558	1224	1144
3071	1280	1280	2775	1221	1141
3327	1280	1280	2981	1216	1136
3583	1280	1280	3202	1216	1135
3839	1280	1280	3397	1216	1135
4095	1280	1280	3599	1215	1133
0	1536	1280	158	1478	1168
256	1536	1280	374	1479	1162
512	1536	1280	594	1486	1166
768	1536	1280	820	1491	1172
1024	1536	1280	1046	1496	1176
1280	1536	1280	1264	1499	1176
1536	1536	1280	1492	1498	1175
1792	1536	1280	1708	1492	1169
2048	1536	1280	1917	1488	1164
2303	1536	1280	2131	1484	1158
2559	1536	1280	2352	1480	1153
2815	1536	1280	2574	1475	1148
3071	1536	1280	2788	1470	1144
3327	1536	1280	2996	1467	1138
3583	1536	1280	3216	1466	1136
3839	1536	1280	3414	1464	1136
4095	1536	1280	3620	1466	1135
0	1792	1280	173	1716	1164
256	1792	1280	388	1718	1156
512	1792	1280	608	1726	1164
768	1792	1280	834	1732	1168
1024	1792	1280	1059	1737	1172
1280	1792	1280	1278	1740	1174
1536	1792	1280	1506	1738	1171
1792	1792	1280	1720	1736	1170
2048	1792	1280	1932	1731	1164
2303	1792	1280	2144	1728	1160
2559	1792	1280	2370	1726	1154
2815	1792	1280	2594	1722	1150
3071	1792	1280	2810	1718	1146
3327	1792	1280	3020	1714	1140
3583	1792	1280	3236	1712	1138
3839	1792	1280	3436	1712	1137
4095	1792	1280	3637	1712	1137
0	2048	1280	188	1953	1166
256	2048	1280	404	1954	1155
512	2048	1280	622	1962	1162
768	2048	1280	849	1970	1166
1024	2048	1280	1072	1976	1170
1280	2048	1280	1292	1980	1172
1536	2048	1280	1519	1976	1169
1792	2048	1280	1738	1974	1168
2048	2048	1280	1950	1970	1164
2303	2048	1280	2164	1966	1162
2559	2048	1280	2390	1964	1156
2815	2048	1280	2610	1960	1152
3071	2048	1280	2826	1956	1148
3327	2048	1280	3041	1952	1144
3583	2048	1280	3251	1950	1141
3839	2048	1280	3450	1950	1139
4095	2048	1280	3648	1947	1139
0	2303	1280	204	2200	1166
256	2303	1280	418	2204	1154
512	2303	1280	636	2212	1160
768	2303	1280	862	2218	1164
1024	2303	1280	1082	2221	1167
1280	2303	1280	1302	2222	1170
1536	2303	1280	1527	2220	1168
1792	2303	1280	1742	2218	1166
2048	2303	1280	1959	2216	1166
2303	2303	1280	2174	2214	1162
2559	2303	1280	2402	2210	1158
2815	2303	1280	2622	2205	1155
3071	2303	1280	2837	2202	1149
3327	2303	1280	3052	2200	1144
3583	2303	1280	3261	2196	1141
3839	2303	1280	3460	2192	1140
4095	2303	1280	3668	2196	1138
0	2559	1280	219	2441	1166
256	2559	1280	432	2448	1152
512	2559	1280	651	2456	1158
768	2559	1280	874	2462	1162
1024	2559	1280	1094	2466	1165
1280	2559	1280	1312	2468	1165
1536	2559	1280	1538	2467	1164
1792	2559	1280	1758	2470	1160
2048	2559	1280	1970	2464	1160
2303	2559	1280	2186	2465	1160
2559	2559	1280	2416	2461	1157
2815	2559	1280	2638	2458	1154
3071	2559	1280	2851	2453	1148
3327	2559	1280	3066	2452	1145
3583	2559	1280	3278	2450	1141
3839	2559	1280	3477	2449	1140
4095	2559	1280	3684	2452	1141
0	2815	1280	233	2674	1165
256	2815	1280	446	2689	1148
512	2815	1280	663	2698	1155
768	2815	1280	888	2704	1159
1024	2815	1280	1105	2706	1161
1280	2815	1280	1324	2704	1162
1536	2815	1280	1548	2703	1160
1792	2815	1280	1768	2704	1160
2048	2815	1280	1982	2703	1158
2303	2815	1280	2198	2704	1158
2559	2815	1280	2429	2697	1156
2815	2815	1280	2653	2696	1153
3071	2815	1280	2865	2692	1148
3327	2815	1280	3078	2687	1142
3583	2815	1280	3288	2684	1142
3839	2815	1280	3490	2686	1140
4095	2815	1280	3693	2690	1141
0	3071	1280	249	2916	1145
256	3071	1280	460	2930	1146
512	3071	1280	678	2934	1154
768	3071	1280	900	2940	1157
1024	3071	1280	1116	2942	1160
1280	3071	1280	1336	2942	1159
1536	3071	1280	1559	2942	1158
1792	3071	1280	1779	2945	1156
2048	3071	1280	1995	2946	1156
2303	3071	1280	2208	2950	1156
2559	3071	1280	2442	2946	1154
2815	3071	1280	2665	2946	1151
3071	3071	1280	2878	2939	1148
3327	3071	1280	3095	2934	1143
3583	3071	1280	3306	2936	1140
3839	3071	1280	3508	2938	1140
4095	3071	1280	3708	2938	1141
0	3327	1280	265	3160	1146
256	3327	1280	476	3170	1148
512	3327	1280	694	3178	1154
768	3327	1280	917	3183	1154
1024	3327	1280	1132	3185	1156
1280	3327	1280	1353	3188	1157
1536	3327	1280	1576	3190	1156
1792	3327	1280	1796	3192	1156
2048	3327	1280	2013	3195	1154
2303	3327	1280	2226	3194	1153
2559	3327	1280	2462	3189	1153
2815	3327	1280	2681	3184	1149
3071	3327	1280	2896	3180	1147
3327	3327	1280	3112	3179	1144
3583	3327	1280	3322	3180	1143
3839	3327	1280	3524	3181	1142
4095	3327	1280	3731	3186	1142
0	3583	1280	280	3386	1148
256	3583	1280	492	3396	1153
512	3583	1280	710	3402	1154
768	3583	1280	936	3414	1157
1024	3583	1280	1150	3418	1158
1280	3583	1280	1370	3414	1157
1536	3583	1280	1592	3412	1158
1792	3583	1280	1812	3416	1158
2048	3583	1280	2028	3418	1156
2303	3583	1280	2246	3415	1154
2559	3583	1280	2481	3416	1153
2815	3583	1280	2695	3406	1152
3071	3583	1280	2908	3402	1146
3327	3583	1280	3128	3401	1146
3583	3583	1280	3340	3406	1146
3839	3583	1280	3546	3410	1145
4095	3583	1280	3754	3414	1145
0	3839	1280	297	3620	1150
256	3839	1280	509	3635	1154
512	3839	1280	728	3642	1156
768	3839	1280	952	3648	1157
1024	3839	1280	1165	3649	1161
1280	3839	1280	1389	3650	1161
1536	3839	1280	1612	3650	1158
1792	3839	1280	1830	3650	1158
2048	3839	1280	2047	3650	1158
2303	3839	1280	2266	3649	1156
2559	3839	1280	2498	3646	1154
2815	3839	1280	2712	3638	1153
3071	3839	1280	2928	3635	1148
3327	3839	1280	3154	3638	1147
3583	3839	1280	3362	3640	1146
3839	3839	1280	3566	3644	1149
4095	3839	1280	3774	3648	1150
0	4095	1280	314	3856	1153
256	4095	1280	528	3866	1159
512	4095	1280	746	3870	1160
768	4095	1280	970	3872	1160
1024	4095	1280	1184	3880	1162
1280	4095	1280	1408	3878	1162
1536	4095	1280	1630	3880	1162
1792	4095	1280	1850	3884	1162
2048	4095	1280	2066	3884	1161
2303	4095	1280	2282	3878	1160
2559	4095	1280	2513	3872	1155
2815	4095	1280	2732	3868	1152
3071	4095	1280	2945	3866	1152
3327	4095	1280	3173	3870	1150
3583	4095	1280	3381	3874	1152
3839	4095	1280	3586	3879	1152
4095	4095	1280	3796	3888	1154
0	0	1536	74	8	1409
256	0	1536	294	8	1402
512	0	1536	509	9	1400
768	0	1536	728	10	1399
1024	0	1536	951	10	1396
1280	0	1536	1166	10	1394
1536	0	1536	1389	11	1391
1792	0	1536	1612	12	1389
2048	0	1536	1827	12	1384
2303	0	1536	2042	12	1382
2559	0	1536	2266	14	1380
2815	0	1536	2493	14	1377
3071	0	1536	2718	14	1375
3327	0	1536	2930	15	1370
3583	0	1536	3157	16	1372
3839	0	1536	3368	16	1372
4095	0	1536	3577	17	1374
0	256	1536	90	253	1408
256	256	1536	308	253	1403
512	256	1536	523	254	1406
768	256	1536	743	255	1400
1024	256	1536	965	254	1400
1280	256	1536	1177	254	1396
1536	256	1536	1400	255	1393
1792	256	1536	1618	254	1387
2048	256	1536	1828	254	1382
2303	256	1536	2040	253	1380
2559	256	1536	2260	254	1374
2815	256	1536	2485	252	1370
3071	256	1536	2700	252	1367
3327	256	1536	2906	251	1362
3583	256	1536	3122	252	1360
3839	256	1536	3326	252	1357
4095	256	1536	3526	252	1358
0	512	1536	104	494	1408
256	512	1536	325	494	1414
512	512	1536	544	498	1414
768	512	1536	766	496	1412
1024	512	1536	990	496	1412
1280	512	1536	1202	496	1409
1536	512	1536	1427	496	1404
1792	512	1536	1644	494	1398
2048	512	1536	1856	492	1393
2303	512	1536	2070	491	1389
2559	512	1536	2292	490	1384
2815	512	1536	2514	488	1378
3071	512	1536	2733	488	1372
3327	512	1536	2939	486	1370
3583	512	1536	3154	486	1368
3839	512	1536	3356	486	1366
4095	512	1536	3558	486	1365
0	768	1536	122	740	1420
256	768	1536	341	740	1409
512	768	1536	560	744	1420
768	768	1536	786	746	1418
1024	768	1536	1010	746	1418
1280	768	1536	1225	747	1418
1536	768	1536	1452	744	1413
1792	768	1536	1668	742	1406
2048	768	1536	1880	742	1400
2303	768	1536	2094	739	1394
2559	768	1536	2312	736	1389
2815	768	1536	2536	734	1384
3071	768	1536	2754	733	1378
3327	768	1536	2962	731	1376
3583	768	1536	3180	729	1374
3839	768	1536	3377	729	1372
4095	768	1536	3580	729	1372
0	1024	1536	138	990	1418
256	1024	1536	356	991	1411
512	1024	1536	576	997	1418
768	1024	1536	804	1001	1422
1024	1024	1536	1032	1005	1422
1280	1024	1536	1246	1004	1420
1536	1024	1536	1476	1003	1418
1792	1024	1536	1689	998	1410
2048	1024	1536	1902	996	1405
2303	1024	1536	2116	994	1401
2559	1024	1536	2338	990	1395
2815	1024	1536	2558	986	1390
3071	1024	1536	2775	984	1385
3327	1024	1536	2984	981	1381
3583	1024	1536	3205	980	1380
3839	1024	1536	3402	980	1378
4095	1024	1536	3606	981	1378
0	1280	1536	154	1236	1419
256	1280	1536	371	1236	1409
512	1280	1536	592	1242	1418
768	1280	1536	820	1248	1424
1024	1280	1536	1048	1252	1429
1280	1280	1536	1268	1256	1428
1536	1280	1536	1493	1250	1426
1792	1280	1536	1709	1246	1420
2048	1280	1536	1922	1242	1412
2303	1280	1536	2136	1240	1406
2559	1280	1536	2358	1236	1401
2815	1280	1536	2582	1232	1396
3071	1280	1536	2798	1228	1391
3327	1280	1536	3008	1225	1386
3583	1280	1536	3226	1224	1383
3839	1280	1536	3425	1225	1382
4095	1280	1536	3628	1224	1382
0	1536	1536	171	1486	1420
256	1536	1536	388	1488	1410
512	1536	1536	608	1493	1418
768	1536	1536	836	1499	1424
1024	1536	1536	1063	1504	1430
1280	1536	1536	1282	1506	1432
1536	1536	1536	1517	1511	1428
1792	1536	1536	1734	1506	1425
2048	1536	1536	1943	1499	1418
2303	1536	1536	2156	1496	1412
2559	1536	1536	2378	1492	1406
2815	1536	1536	2601	1486	1401
3071	1536	1536	2816	1481	1395
3327	1536	1536	3029	1479	1390
3583	1536	1536	3245	1476	1388
3839	1536	1536	3440	1473	1386
4095	1536	1536	3650	1477	1386
0	1792	1536	186	1728	1420
256	1792	1536	402	1730	1411
512	1792	1536	624	1737	1418
768	1792	1536	850	1742	1422
1024	1792	1536	1076	1746	1426
1280	1792	1536	1297	1750	1428
1536	1792	1536	1530	1751	1430
1792	1792	1536	1744	1749	1428
2048	1792	1536	1960	1744	1422
2303	1792	1536	2172	1742	1416
2559	1792	1536	2398	1739	1410
2815	1792	1536	2622	1734	1405
3071	1792	1536	2838	1730	1399
3327	1792	1536	3051	1726	1394
3583	1792	1536	3264	1724	1392
3839	1792	1536	3462	1723	1388
4095	1792	1536	3666	1725	1388
0	2048	1536	202	1962	1420
256	2048	1536	418	1966	1407
512	2048	1536	638	1975	1416
768	2048	1536	865	1980	1420
1024	2048	1536	1088	1982	1423
1280	2048	1536	1311	1986	1426
1536	2048	1536	1539	1986	1426
1792	2048	1536	1760	1986	1424
2048	2048	1536	1976	1985	1423
2303	2048	1536	2190	1981	1418
2559	2048	1536	2415	1976	1414
2815	2048	1536	2636	1974	1408
3071	2048	1536	2851	1968	1400
3327	2048	1536	3066	1964	1396
3583	2048	1536	3278	1962	1392
3839	2048	1536	3477	1962	1391
4095	2048	1536	3678	1959	1390
0	2303	1536	217	2210	1421
256	2303	1536	432	2216	1406
512	2303	1536	652	2222	1415
768	2303	1536	878	2226	1418
1024	2303	1536	1100	2230	1420
1280	2303	1536	1320	2234	1423
1536	2303	1536	1549	2236	1423
1792	2303	1536	1768	2234	1422
2048	2303	1536	1986	2234	1422
2303	2303	1536	2204	2234	1420
2559	2303	1536	2430	2228	1415
2815	2303	1536	2652	2221	1410
3071	2303	1536	2864	2217	1402
3327	2303	1536	3078	2214	1396
3583	2303	1536	3291	2210	1394
3839	2303	1536	3490	2206	1392
4095	2303	1536	3697	2210	1392
0	2559	1536	232	2452	1420
256	2559	1536	446	2460	1405
512	2559	1536	666	2468	1412
768	2559	1536	890	2472	1416
1024	2559	1536	1110	2476	1418
1280	2559	1536	1332	2480	1419
1536	2559	1536	1560	2482	1420
1792	2559	1536	1780	2484	1418
2048	2559	1536	1994	2480	1418
2303	2559	1536	2212	2481	1418
2559	2559	1536	2444	2478	1414
2815	2559	1536	2664	2472	1409
3071	2559	1536	2876	2468	1402
3327	2559	1536	3092	2466	1397
3583	2559	1536	3306	2464	1395
3839	2559	1536	3510	2466	1394
4095	2559	1536	3715	2468	1395
0	2815	1536	248	2692	1402
256	2815	1536	462	2709	1403
512	2815	1536	682	2716	1410
768	2815	1536	904	2716	1411
1024	2815	1536	1122	2716	1413
1280	2815	1536	1345	2720	1416
1536	2815	1536	1572	2722	1417
1792	2815	1536	1793	2723	1415
2048	2815	1536	2006	2723	1414
2303	2815	1536	2226	2722	1414
2559	2815	1536	2458	2716	1412
2815	2815	1536	2676	2709	1407
3071	2815	1536	2888	2705	1402
3327	2815	1536	3105	2701	1395
3583	2815	1536	3318	2700	1395
3839	2815	1536	3522	2704	1394
4095	2815	1536	3728	2710	1396
0	3071	1536	262	2931	1401
256	3071	1536	476	2945	1402
512	3071	1536	694	2949	1408
768	3071	1536	916	2950	1411
1024	3071	1536	1136	2956	1411
1280	3071	1536	1360	2964	1414
1536	3071	1536	1586	2968	1414
1792	3071	1536	1804	2966	1412
2048	3071	1536	2022	2968	1412
2303	3071	1536	2236	2968	1411
2559	3071	1536	2467	2962	1409
2815	3071	1536	2686	2956	1406
3071	3071	1536	2903	2953	1401
3327	3071	1536	3123	2952	1396
3583	3071	1536	3334	2953	1394
3839	3071	1536	3536	2954	1395
4095	3071	1536	3741	2956	1398
0	3327	1536	278	3174	1398
256	3327	1536	491	3190	1404
512	3327	1536	710	3194	1404
768	3327	1536	935	3198	1406
1024	3327	1536	1150	3202	1409
1280	3327	1536	1376	3207	1414
1536	3327	1536	1601	3211	1415
1792	3327	1536	1822	3214	1412
2048	3327	1536	2038	3214	1410
2303	3327	1536	2254	3210	1410
2559	3327	1536	2488	3204	1404
2815	3327	1536	2704	3198	1403
3071	3327	1536	2922	3196	1400
3327	3327	1536	3140	3197	1398
3583	3327	1536	3351	3198	1398
3839	3327	1536	3556	3200	1398
4095	3327	1536	3764	3206	1397
0	3583	1536	294	3404	1400
256	3583	1536	507	3414	1406
512	3583	1536	726	3425	1407
768	3583	1536	952	3428	1408
1024	3583	1536	1168	3434	1410
1280	3583	1536	1391	3432	1412
1536	3583	1536	1616	3434	1414
1792	3583	1536	1836	3437	1413
2048	3583	1536	2051	3436	1412
2303	3583	1536	2270	3430	1410
2559	3583	1536	2504	3429	1406
2815	3583	1536	2722	3424	1406
3071	3583	1536	2936	3422	1402
3327	3583	1536	3159	3422	1401
3583	3583	1536	3371	3426	1402
3839	3583	1536	3578	3431	1402
4095	3583	1536	3786	3435	1402
0	3839	1536	310	3641	1404
256	3839	1536	524	3650	1408
512	3839	1536	744	3656	1412
768	3839	1536	969	3659	1412
1024	3839	1536	1184	3664	1413
1280	3839	1536	1410	3669	1414
1536	3839	1536	1634	3674	1415
1792	3839	1536	1852	3670	1414
2048	3839	1536	2068	3666	1413
2303	3839	1536	2290	3666	1410
2559	3839	1536	2522	3662	1407
2815	3839	1536	2738	3658	1404
3071	3839	1536	2954	3654	1404
3327	3839	1536	3184	3660	1403
3583	3839	1536	3392	3662	1404
3839	3839	1536	3598	3666	1406
4095	3839	1536	3806	3670	1408
0	4095	1536	328	3876	1408
256	4095	1536	542	3882	1412
512	4095	1536	762	3887	1414
768	4095	1536	988	3890	1416
1024	4095	1536	1202	3896	1416
1280	4095	1536	1430	3902	1417
1536	4095	1536	1650	3899	1418
1792	4095	1536	1870	3899	1418
2048	4095	1536	2087	3900	1415
2303	4095	1536	2308	3896	1414
2559	4095	1536	2538	3890	1410
2815	4095	1536	2758	3888	1408
3071	4095	1536	2974	3888	1408
3327	4095	1536	3202	3896	1406
3583	4095	1536	3410	3896	1408
3839	4095	1536	3616	3902	1410
4095	4095	1536	3828	3908	1411
0	0	1792	87	9	1660
256	0	1792	307	10	1652
512	0	1792	524	10	1648
768	0	1792	742	10	1647
1024	0	1792	969	11	1644
1280	0	1792	1185	12	1643
1536	0	1792	1408	12	1640
1792	0	1792	1630	12	1638
2048	0	1792	1848	14	1636
2303	0	1792	2066	14	1634
2559	0	1792	2291	15	1629
2815	0	1792	2518	15	1624
3071	0	1792	2746	16	1622
3327	0	1792	2955	16	1617
3583	0	1792	3184	17	1617
3839	0	1792	3396	18	1618
4095	0	1792	3608	18	1622
0	256	1792	102	256	1658
256	256	1792	321	256	1652
512	256	1792	536	256	1654
768	256	1792	756	256	1648
1024	256	1792	979	256	1646
1280	256	1792	1191	256	1644
1536	256	1792	1418	257	1642
1792	256	1792	1638	257	1638
2048	256	1792	1852	257	1634
2303	256	1792	2066	257	1630
2559	256	1792	2286	256	1623
2815	256	1792	2506	256	1617
3071	256	1792	2722	255	1611
3327	256	1792	2932	254	1608
3583	256	1792	3148	254	1606
3839	256	1792	3352	255	1606
4095	256	1792	3558	256	1606
0	512	1792	118	498	1658
256	512	1792	338	496	1660
512	512	1792	557	500	1661
768	512	1792	779	499	1660
1024	512	1792	1003	497	1658
1280	512	1792	1216	498	1656
1536	512	1792	1444	498	1654
1792	512	1792	1664	498	1650
2048	512	1792	1879	496	1644
2303	512	1792	2092	496	1639
2559	512	1792	2313	494	1632
2815	512	1792	2536	493	1626
3071	512	1792	2755	492	1620
3327	512	1792	2960	490	1617
3583	512	1792	3182	492	1615
3839	512	1792	3384	492	1614
4095	512	1792	3588	492	1614
0	768	1792	134	744	1658
256	768	1792	353	744	1661
512	768	1792	574	748	1668
768	768	1792	800	750	1668
1024	768	1792	1024	749	1668
1280	768	1792	1238	750	1666
1536	768	1792	1468	749	1664
1792	768	1792	1687	748	1656
2048	768	1792	1900	746	1650
2303	768	1792	2113	744	1644
2559	768	1792	2334	742	1638
2815	768	1792	2559	740	1633
3071	768	1792	2778	738	1626
3327	768	1792	2986	735	1622
3583	768	1792	3205	735	1621
3839	768	1792	3406	736	1620
4095	768	1792	3609	736	1620
0	1024	1792	151	998	1670
256	1024	1792	370	998	1659
512	1024	1792	591	1002	1667
768	1024	1792	819	1007	1673
1024	1024	1792	1046	1010	1671
1280	1024	1792	1262	1010	1670
1536	1024	1792	1490	1006	1666
1792	1024	1792	1706	1002	1662
2048	1024	1792	1921	1000	1657
2303	1024	1792	2136	999	1651
2559	1024	1792	2360	996	1645
2815	1024	1792	2584	993	1638
3071	1024	1792	2800	990	1633
3327	1024	1792	3010	987	1628
3583	1024	1792	3230	986	1626
3839	1024	1792	3429	987	1626
4095	1024	1792	3633	988	1625
0	1280	1792	166	1239	1669
256	1280	1792	384	1240	1658
512	1280	1792	606	1246	1667
768	1280	1792	834	1252	1673
1024	1280	1792	1061	1255	1677
1280	1280	1792	1280	1257	1676
1536	1280	1792	1509	1254	1674
1792	1280	1792	1728	1252	1668
2048	1280	1792	1942	1250	1662
2303	1280	1792	2158	1247	1657
2559	1280	1792	2382	1242	1652
2815	1280	1792	2606	1238	1644
3071	1280	1792	2820	1235	1637
3327	1280	1792	3032	1232	1632
3583	1280	1792	3248	1230	1631
3839	1280	1792	3448	1230	1630
4095	1280	1792	3654	1232	1631
0	1536	1792	184	1492	1670
256	1536	1792	401	1494	1657
512	1536	1792	622	1500	1666
768	1536	1792	851	1504	1672
1024	1536	1792	1077	1508	1676
1280	1536	1792	1298	1512	1678
1536	1536	1792	1533	1516	1677
1792	1536	1792	1752	1514	1674
2048	1536	1792	1965	1509	1668
2303	1536	1792	2180	1506	1662
2559	1536	1792	2404	1501	1656
2815	1536	1792	2626	1496	1649
3071	1536	1792	2842	1492	1644
3327	1536	1792	3054	1487	1638
3583	1536	1792	3270	1486	1636
3839	1536	1792	3470	1486	1633
4095	1536	1792	3678	1486	1635
0	1792	1792	199	1736	1670
256	1792	1792	418	1742	1661
512	1792	1792	640	1748	1668
768	1792	1792	868	1752	1672
1024	1792	1792	1092	1754	1675
1280	1792	1792	1316	1758	1678
1536	1792	1792	1548	1761	1680
1792	1792	1792	1768	1762	1678
2048	1792	1792	1986	1759	1676
2303	1792	1792	2200	1755	1668
2559	1792	1792	2426	1752	1662
2815	1792	1792	2647	1746	1654
3071	1792	1792	2862	1740	1647
3327	1792	1792	3075	1736	1642
3583	1792	1792	3290	1734	1640
3839	1792	1792	3494	1735	1638
4095	1792	1792	3696	1736	1638
0	2048	1792	216	1973	1670
256	2048	1792	434	1978	1658
512	2048	1792	654	1984	1669
768	2048	1792	880	1986	1670
1024	2048	1792	1104	1990	1672
1280	2048	1792	1328	1994	1676
1536	2048	1792	1560	1997	1677
1792	2048	1792	1783	1998	1678
2048	2048	1792	2001	2000	1678
2303	2048	1792	2216	1996	1673
2559	2048	1792	2442	1990	1666
2815	2048	1792	2661	1984	1658
3071	2048	1792	2875	1979	1650
3327	2048	1792	3092	1975	1644
3583	2048	1792	3306	1976	1640
3839	2048	1792	3509	1976	1640
4095	2048	1792	3713	1975	1640
0	2303	1792	230	2218	1671
256	2303	1792	446	2228	1656
512	2303	1792	668	2234	1664
768	2303	1792	893	2239	1666
1024	2303	1792	1115	2243	1669
1280	2303	1792	1340	2246	1672
1536	2303	1792	1570	2250	1674
1792	2303	1792	1792	2250	1674
2048	2303	1792	2011	2250	1674
2303	2303	1792	2229	2248	1672
2559	2303	1792	2456	2240	1666
2815	2303	1792	2674	2233	1658
3071	2303	1792	2889	2229	1650
3327	2303	1792	3104	2226	1645
3583	2303	1792	3320	2226	1642
3839	2303	1792	3525	2224	1642
4095	2303	1792	3728	2224	1643
0	2559	1792	246	2464	1668
256	2559	1792	460	2474	1652
512	2559	1792	682	2480	1658
768	2559	1792	906	2484	1662
1024	2559	1792	1128	2490	1665
1280	2559	1792	1354	2495	1668
1536	2559	1792	1583	2500	1670
1792	2559	1792	1806	2501	1672
2048	2559	1792	2020	2498	1670
2303	2559	1792	2238	2496	1670
2559	2559	1792	2471	2493	1663
2815	2559	1792	2690	2486	1657
3071	2559	1792	2904	2484	1649
3327	2559	1792	3122	2482	1646
3583	2559	1792	3336	2482	1643
3839	2559	1792	3540	2481	1644
4095	2559	1792	3745	2483	1644
0	2815	1792	261	2708	1646
256	2815	1792	476	2718	1648
512	2815	1792	698	2724	1654
768	2815	1792	922	2726	1657
1024	2815	1792	1140	2729	1660
1280	2815	1792	1366	2734	1664
1536	2815	1792	1594	2740	1666
1792	2815	1792	1818	2742	1668
2048	2815	1792	2032	2740	1666
2303	2815	1792	2250	2736	1662
2559	2815	1792	2484	2731	1660
2815	2815	1792	2703	2726	1656
3071	2815	1792	2916	2722	1650
3327	2815	1792	3138	2720	1644
3583	2815	1792	3352	2720	1644
3839	2815	1792	3556	2722	1644
4095	2815	1792	3762	2724	1646
0	3071	1792	276	2949	1645
256	3071	1792	490	2957	1652
512	3071	1792	710	2962	1652
768	3071	1792	936	2966	1656
1024	3071	1792	1154	2974	1658
1280	3071	1792	1380	2982	1661
1536	3071	1792	1609	2988	1662
1792	3071	1792	1830	2988	1664
2048	3071	1792	2046	2986	1662
2303	3071	1792	2262	2986	1659
2559	3071	1792	2495	2978	1656
2815	3071	1792	2712	2973	1653
3071	3071	1792	2930	2970	1650
3327	3071	1792	3152	2971	1645
3583	3071	1792	3366	2972	1645
3839	3071	1792	3568	2975	1646
4095	3071	1792	3774	2976	1646
0	3327	1792	292	3194	1644
256	3327	1792	506	3206	1649
512	3327	1792	726	3210	1650
768	3327	1792	952	3214	1653
1024	3327	1792	1170	3220	1656
1280	3327	1792	1397	3228	1660
1536	3327	1792	1624	3232	1662
1792	3327	1792	1845	3232	1662
2048	3327	1792	2060	3230	1659
2303	3327	1792	2279	3226	1656
2559	3327	1792	2514	3222	1652
2815	3327	1792	2732	3214	1650
3071	3327	1792	2950	3214	1648
3327	3327	1792	3172	3217	1646
3583	3327	1792	3382	3218	1647
3839	3327	1792	3586	3220	1648
4095	3327	1792	3795	3224	1649
0	3583	1792	308	3424	1646
256	3583	1792	522	3432	1651
512	3583	1792	744	3441	1654
768	3583	1792	970	3442	1655
1024	3583	1792	1187	3448	1658
1280	3583	1792	1412	3452	1660
1536	3583	1792	1638	3454	1662
1792	3583	1792	1859	3456	1662
2048	3583	1792	2075	3454	1659
2303	3583	1792	2296	3450	1656
2559	3583	1792	2528	3446	1654
2815	3583	1792	2752	3447	1650
3071	3583	1792	2968	3444	1650
3327	3583	1792	3192	3445	1650
3583	3583	1792	3403	3448	1650
3839	3583	1792	3609	3452	1651
4095	3583	1792	3816	3453	1652
0	3839	1792	324	3660	1650
256	3839	1792	540	3673	1655
512	3839	1792	760	3675	1658
768	3839	1792	988	3678	1658
1024	3839	1792	1204	3682	1661
1280	3839	1792	1430	3685	1662
1536	3839	1792	1655	3688	1664
1792	3839	1792	1874	3688	1663
2048	3839	1792	2092	3685	1660
2303	3839	1792	2315	3684	1658
2559	3839	1792	2546	3680	1654
2815	3839	1792	2766	3678	1654
3071	3839	1792	2984	3678	1654
3327	3839	1792	3210	3676	1652
3583	3839	1792	3422	3681	1654
3839	3839	1792	3627	3684	1656
4095	3839	1792	3834	3686	1657
0	4095	1792	341	3892	1652
256	4095	1792	558	3903	1660
512	4095	1792	780	3906	1660
768	4095	1792	1006	3910	1662
1024	4095	1792	1222	3916	1663
1280	4095	1792	1450	3916	1664
1536	4095	1792	1672	3918	1665
1792	4095	1792	1893	3918	1666
2048	4095	1792	2110	3920	1664
2303	4095	1792	2334	3918	1662
2559	4095	1792	2566	3912	1659
2815	4095	1792	2788	3911	1656
3071	4095	1792	3006	3912	1656
3327	4095	1792	3232	3914	1656
3583	4095	1792	3440	3918	1656
3839	4095	1792	3644	3922	1659
4095	4095	1792	3854	3926	1660
0	0	2048	100	10	1900
256	0	2048	321	11	1890
512	0	2048	538	12	1884
768	0	2048	760	12	1880
1024	0	2048	986	12	1880
1280	0	2048	1202	13	1878
1536	0	2048	1426	14	1876
1792	0	2048	1650	14	1874
2048	0	2048	1870	14	1874
2303	0	2048	2090	16	1872
2559	0	2048	2316	16	1867
2815	0	2048	2546	17	1860
3071	0	2048	2770	16	1854
3327	0	2048	2980	18	1852
3583	0	2048	3218	18	1855
3839	0	2048	3426	19	1856
4095	0	2048	3640	19	1858
0	256	2048	114	258	1896
256	256	2048	334	258	1886
512	256	2048	549	258	1888
768	256	2048	771	258	1884
1024	256	2048	994	258	1883
1280	256	2048	1207	259	1880
1536	256	2048	1434	258	1878
1792	256	2048	1656	260	1876
2048	256	2048	1873	260	1874
2303	256	2048	2086	260	1868
2559	256	2048	2306	260	1861
2815	256	2048	2529	258	1853
3071	256	2048	2745	258	1848
3327	256	2048	2956	258	1844
3583	256	2048	3176	258	1842
3839	256	2048	3382	258	1844
4095	256	2048	3589	259	1843
0	512	2048	130	501	1892
256	512	2048	351	499	1894
512	512	2048	571	502	1897
768	512	2048	794	502	1898
1024	512	2048	1018	500	1894
1280	512	2048	1231	501	1892
1536	512	2048	1462	501	1890
1792	512	2048	1683	501	1888
2048	512	2048	1898	500	1884
2303	512	2048	2113	500	1878
2559	512	2048	2334	498	1870
2815	512	2048	2558	497	1864
3071	512	2048	2776	496	1858
3327	512	2048	2986	494	1854
3583	512	2048	3210	496	1852
3839	512	2048	3412	496	1852
4095	512	2048	3618	498	1852
0	768	2048	147	746	1892
256	768	2048	366	746	1896
512	768	2048	588	751	1904
768	768	2048	815	754	1904
1024	768	2048	1039	753	1903
1280	768	2048	1254	754	1902
1536	768	2048	1484	752	1898
1792	768	2048	1706	752	1896
2048	768	2048	1922	750	1892
2303	768	2048	2135	750	1886
2559	768	2048	2358	748	1878
2815	768	2048	2584	746	1872
3071	768	2048	2800	744	1865
3327	768	2048	3010	741	1860
3583	768	2048	3233	742	1860
3839	768	2048	3435	742	1858
4095	768	2048	3640	742	1856
0	1024	2048	164	1002	1906
256	1024	2048	382	1002	1892
512	1024	2048	604	1007	1903
768	1024	2048	832	1010	1908
1024	1024	2048	1059	1012	1910
1280	1024	2048	1278	1014	1906
1536	1024	2048	1504	1008	1904
1792	1024	2048	1727	1008	1904
2048	1024	2048	1942	1008	1900
2303	1024	2048	2158	1006	1893
2559	1024	2048	2384	1004	1886
2815	1024	2048	2608	1000	1878
3071	1024	2048	2824	998	1871
3327	1024	2048	3036	994	1866
3583	1024	2048	3254	995	1863
3839	1024	2048	3457	994	1862
4095	1024	2048	3662	995	1862
0	1280	2048	179	1245	1907
256	1280	2048	398	1246	1893
512	1280	2048	620	1252	1902
768	1280	2048	848	1256	1908
1024	1280	2048	1074	1260	1911
1280	1280	2048	1296	1262	1911
1536	1280	2048	1525	1260	1906
1792	1280	2048	1748	1259	1906
2048	1280	2048	1966	1260	1904
2303	1280	2048	2184	1257	1899
2559	1280	2048	2407	1252	1890
2815	1280	2048	2628	1246	1882
3071	1280	2048	2844	1243	1874
3327	1280	2048	3058	1241	1870
3583	1280	2048	3274	1239	1868
3839	1280	2048	3476	1238	1868
4095	1280	2048	3683	1240	1868
0	1536	2048	196	1497	1907
256	1536	2048	414	1500	1892
512	1536	2048	637	1506	1903
768	1536	2048	865	1509	1908
1024	1536	2048	1090	1513	1910
1280	1536	2048	1314	1517	1914
1536	1536	2048	1548	1520	1914
1792	1536	2048	1770	1520	1914
2048	1536	2048	1987	1518	1910
2303	1536	2048	2204	1516	1905
2559	1536	2048	2428	1510	1897
2815	1536	2048	2649	1504	1888
3071	1536	2048	2864	1499	1880
3327	1536	2048	3078	1494	1873
3583	1536	2048	3295	1494	1873
3839	1536	2048	3500	1496	1872
4095	1536	2048	3704	1496	1874
0	1792	2048	212	1744	1908
256	1792	2048	432	1750	1897
512	1792	2048	656	1756	1904
768	1792	2048	883	1756	1908
1024	1792	2048	1108	1760	1912
1280	1792	2048	1332	1764	1916
1536	1792	2048	1564	1769	1918
1792	1792	2048	1790	1772	1918
2048	1792	2048	2008	1770	1916
2303	1792	2048	2224	1766	1910
2559	1792	2048	2450	1760	1902
2815	1792	2048	2670	1754	1892
3071	1792	2048	2884	1749	1884
3327	1792	2048	3102	1746	1880
3583	1792	2048	3319	1746	1877
3839	1792	2048	3524	1746	1876
4095	1792	2048	3728	1746	1876
0	2048	2048	228	1984	1910
256	2048	2048	447	1988	1898
512	2048	2048	670	1992	1907
768	2048	2048	897	1996	1908
1024	2048	2048	1122	2002	1912
1280	2048	2048	1348	2006	1916
1536	2048	2048	1581	2009	1918
1792	2048	2048	1806	2013	1921
2048	2048	2048	2026	2014	1919
2303	2048	2048	2241	2008	1916
2559	2048	2048	2467	2000	1907
2815	2048	2048	2686	1996	1897
3071	2048	2048	2902	1992	1889
3327	2048	2048	3122	1989	1884
3583	2048	2048	3338	1990	1882
3839	2048	2048	3541	1991	1880
4095	2048	2048	3748	1990	1880
0	2303	2048	244	2232	1908
256	2303	2048	461	2240	1896
512	2303	2048	684	2246	1902
768	2303	2048	911	2251	1905
1024	2303	2048	1134	2256	1910
1280	2303	2048	1361	2260	1914
1536	2303	2048	1593	2264	1916
1792	2303	2048	1817	2266	1920
2048	2303	2048	2035	2265	1918
2303	2303	2048	2254	2262	1916
2559	2303	2048	2483	2254	1908
2815	2303	2048	2701	2247	1899
3071	2303	2048	2917	2244	1890
3327	2303	2048	3136	2243	1886
3583	2303	2048	3352	2241	1882
3839	2303	2048	3558	2240	1882
4095	2303	2048	3765	2242	1884
0	2559	2048	259	2482	1888
256	2559	2048	475	2488	1890
512	2559	2048	698	2494	1898
768	2559	2048	926	2500	1901
1024	2559	2048	1147	2506	1906
1280	2559	2048	1375	2512	1909
1536	2559	2048	1605	2515	1913
1792	2559	2048	1826	2514	1914
2048	2559	2048	2044	2513	1913
2303	2559	2048	2262	2511	1907
2559	2559	2048	2498	2508	1904
2815	2559	2048	2717	2504	1898
3071	2559	2048	2934	2502	1890
3327	2559	2048	3154	2500	1886
3583	2559	2048	3366	2498	1884
3839	2559	2048	3570	2497	1884
4095	2559	2048	3776	2498	1885
0	2815	2048	275	2723	1885
256	2815	2048	490	2728	1889
512	2815	2048	713	2734	1892
768	2815	2048	939	2740	1896
1024	2815	2048	1160	2746	1901
1280	2815	2048	1388	2752	1904
1536	2815	2048	1616	2754	1906
1792	2815	2048	1837	2754	1906
2048	2815	2048	2056	2754	1906
2303	2815	2048	2274	2750	1902
2559	2815	2048	2510	2746	1900
2815	2815	2048	2732	2742	1895
3071	2815	2048	2948	2740	1890
3327	2815	2048	3170	2738	1885
3583	2815	2048	3382	2738	1884
3839	2815	2048	3587	2738	1883
4095	2815	2048	3792	2738	1885
0	3071	2048	290	2964	1882
256	3071	2048	506	2976	1890
512	3071	2048	727	2982	1892
768	3071	2048	956	2988	1894
1024	3071	2048	1176	2996	1897
1280	3071	2048	1402	2999	1901
1536	3071	2048	1630	3002	1902
1792	3071	2048	1852	3003	1902
2048	3071	2048	2069	3000	1902
2303	3071	2048	2288	3000	1898
2559	3071	2048	2524	2996	1893
2815	3071	2048	2743	2994	1892
3071	3071	2048	2961	2992	1889
3327	3071	2048	3185	2992	1886
3583	3071	2048	3398	2993	1885
3839	3071	2048	3602	2997	1887
4095	3071	2048	3808	2996	1886
0	3327	2048	306	3214	1881
256	3327	2048	522	3226	1890
512	3327	2048	744	3230	1892
768	3327	2048	972	3234	1894
1024	3327	2048	1190	3240	1896
1280	3327	2048	1418	3242	1898
1536	3327	2048	1643	3244	1901
1792	3327	2048	1866	3248	1902
2048	3327	2048	2084	3246	1898
2303	3327	2048	2304	3244	1895
2559	3327	2048	2539	3240	1891
2815	3327	2048	2762	3238	1890
3071	3327	2048	2981	3236	1888
3327	3327	2048	3206	3240	1888
3583	3327	2048	3414	3241	1888
3839	3327	2048	3616	3240	1888
4095	3327	2048	3824	3240	1890
0	3583	2048	322	3439	1884
256	3583	2048	538	3448	1891
512	3583	2048	762	3454	1893
768	3583	2048	989	3460	1894
1024	3583	2048	1206	3464	1896
1280	3583	2048	1434	3468	1898
1536	3583	2048	1658	3470	1900
1792	3583	2048	1880	3472	1901
2048	3583	2048	2100	3474	1898
2303	3583	2048	2323	3470	1895
2559	3583	2048	2557	3468	1892
2815	3583	2048	2781	3468	1890
3071	3583	2048	3000	3466	1890
3327	3583	2048	3224	3469	1890
3583	3583	2048	3433	3470	1892
3839	3583	2048	3636	3468	1892
4095	3583	2048	3842	3468	1890
0	3839	2048	338	3680	1887
256	3839	2048	556	3692	1892
512	3839	2048	778	3693	1895
768	3839	2048	1006	3697	1898
1024	3839	2048	1222	3698	1899
1280	3839	2048	1451	3702	1899
1536	3839	2048	1674	3704	1901
1792	3839	2048	1897	3706	1900
2048	3839	2048	2117	3707	1900
2303	3839	2048	2342	3706	1898
2559	3839	2048	2575	3702	1896
2815	3839	2048	2798	3700	1894
3071	3839	2048	3014	3700	1894
3327	3839	2048	3240	3698	1894
3583	3839	2048	3449	3700	1894
3839	3839	2048	3653	3700	1895
4095	3839	2048	3860	3704	1894
0	4095	2048	356	3912	1890
256	4095	2048	574	3922	1897
512	4095	2048	797	3925	1898
768	4095	2048	1024	3927	1900
1024	4095	2048	1240	3930	1900
1280	4095	2048	1470	3932	1901
1536	4095	2048	1694	3940	1902
1792	4095	2048	1916	3940	1904
2048	4095	2048	2136	3942	1902
2303	4095	2048	2362	3942	1901
2559	4095	2048	2594	3938	1900
2815	4095	2048	2818	3935	1897
3071	4095	2048	3036	3934	1897
3327	4095	2048	3262	3933	1896
3583	4095	2048	3464	3937	1896
3839	4095	2048	3671	3941	1897
4095	4095	2048	3881	3943	1898
0	0	2303	112	12	2136
256	0	2303	335	12	2120
512	0	2303	554	12	2116
768	0	2303	778	14	2110
1024	0	2303	1004	14	2108
1280	0	2303	1218	14	2107
1536	0	2303	1446	14	2106
1792	0	2303	1670	16	2106
2048	0	2303	1892	16	2106
2303	0	2303	2112	16	2104
2559	0	2303	2339	17	2100
2815	0	2303	2569	18	2093
3071	0	2303	2791	18	2086
3327	0	2303	3005	18	2082
3583	0	2303	3246	20	2086
3839	0	2303	3453	20	2088
4095	0	2303	3666	21	2090
0	256	2303	126	260	2127
256	256	2303	346	259	2118
512	256	2303	562	260	2119
768	256	2303	785	260	2116
1024	256	2303	1008	260	2114
1280	256	2303	1222	261	2110
1536	256	2303	1451	261	2109
1792	256	2303	1673	262	2108
2048	256	2303	1890	262	2106
2303	256	2303	2106	262	2103
2559	256	2303	2328	263	2098
2815	256	2303	2554	262	2090
3071	256	2303	2767	261	2084
3327	256	2303	2981	260	2078
3583	256	2303	3203	262	2078
3839	256	2303	3410	261	2078
4095	256	2303	3618	262	2078
0	512	2303	144	503	2125
256	512	2303	364	502	2124
512	512	2303	584	505	2128
768	512	2303	809	504	2129
1024	512	2303	1034	504	2124
1280	512	2303	1246	504	2122
1536	512	2303	1480	504	2122
1792	512	2303	1700	503	2120
2048	512	2303	1918	504	2118
2303	512	2303	2135	504	2114
2559	512	2303	2359	503	2108
2815	512	2303	2584	502	2101
3071	512	2303	2800	501	2094
3327	512	2303	3014	500	2090
3583	512	2303	3236	501	2088
3839	512	2303	3439	500	2085
4095	512	2303	3646	502	2086
0	768	2303	160	750	2123
256	768	2303	380	749	2124
512	768	2303	602	754	2132
768	768	2303	828	756	2132
1024	768	2303	1052	756	2132
1280	768	2303	1269	756	2130
1536	768	2303	1502	754	2129
1792	768	2303	1724	756	2129
2048	768	2303	1942	757	2126
2303	768	2303	2158	756	2122
2559	768	2303	2382	754	2116
2815	768	2303	2608	751	2108
3071	768	2303	2824	750	2099
3327	768	2303	3038	748	2095
3583	768	2303	3260	748	2092
3839	768	2303	3460	747	2090
4095	768	2303	3664	747	2091
0	1024	2303	176	1004	2124
256	1024	2303	396	1004	2126
512	1024	2303	618	1010	2131
768	1024	2303	846	1012	2137
1024	1024	2303	1072	1014	2138
1280	1024	2303	1291	1014	2139
1536	1024	2303	1522	1013	2138
1792	1024	2303	1746	1014	2137
2048	1024	2303	1963	1014	2134
2303	1024	2303	2181	1012	2130
2559	1024	2303	2408	1010	2121
2815	1024	2303	2630	1007	2112
3071	1024	2303	2846	1004	2105
3327	1024	2303	3063	1002	2100
3583	1024	2303	3281	1002	2097
3839	1024	2303	3486	1002	2098
4095	1024	2303	3689	1002	2098
0	1280	2303	192	1250	2136
256	1280	2303	411	1250	2122
512	1280	2303	634	1258	2132
768	1280	2303	863	1260	2138
1024	1280	2303	1090	1264	2142
1280	1280	2303	1314	1267	2142
1536	1280	2303	1544	1266	2142
1792	1280	2303	1767	1265	2142
2048	1280	2303	1986	1266	2141
2303	1280	2303	2203	1262	2136
2559	1280	2303	2428	1258	2126
2815	1280	2303	2648	1253	2116
3071	1280	2303	2866	1250	2109
3327	1280	2303	3084	1248	2106
3583	1280	2303	3302	1248	2104
3839	1280	2303	3505	1248	2102
4095	1280	2303	3712	1248	2102
0	1536	2303	208	1502	2138
256	1536	2303	428	1506	2124
512	1536	2303	652	1510	2132
768	1536	2303	880	1514	2138
1024	1536	2303	1106	1520	2142
1280	1536	2303	1330	1524	2147
1536	1536	2303	1564	1526	2148
1792	1536	2303	1786	1524	2147
2048	1536	2303	2006	1524	2145
2303	1536	2303	2224	1522	2140
2559	1536	2303	2450	1516	2131
2815	1536	2303	2670	1510	2120
3071	1536	2303	2886	1506	2114
3327	1536	2303	3103	1504	2112
3583	1536	2303	3322	1503	2110
3839	1536	2303	3527	1504	2109
4095	1536	2303	3731	1505	2110
0	1792	2303	226	1752	2138
256	1792	2303	446	1755	2128
512	1792	2303	670	1760	2135
768	1792	2303	899	1764	2140
1024	1792	2303	1124	1768	2144
1280	1792	2303	1350	1770	2148
1536	1792	2303	1581	1774	2150
1792	1792	2303	1806	1778	2151
2048	1792	2303	2025	1776	2150
2303	1792	2303	2244	1773	2146
2559	1792	2303	2470	1766	2138
2815	1792	2303	2691	1762	2127
3071	1792	2303	2910	1760	2120
3327	1792	2303	3132	1759	2116
3583	1792	2303	3347	1758	2112
3839	1792	2303	3550	1758	2112
4095	1792	2303	3758	1760	2114
0	2048	2303	242	1990	2140
256	2048	2303	461	1998	2130
512	2048	2303	686	2004	2138
768	2048	2303	915	2008	2142
1024	2048	2303	1140	2013	2146
1280	2048	2303	1367	2016	2150
1536	2048	2303	1600	2018	2153
1792	2048	2303	1824	2021	2154
2048	2048	2303	2044	2022	2154
2303	2048	2303	2262	2019	2151
2559	2048	2303	2490	2010	2143
2815	2048	2303	2712	2007	2132
3071	2048	2303	2930	2004	2126
3327	2048	2303	3150	2002	2121
3583	2048	2303	3367	2002	2119
3839	2048	2303	3572	2004	2118
4095	2048	2303	3779	2006	2118
0	2303	2303	258	2244	2126
256	2303	2303	476	2253	2130
512	2303	2303	700	2257	2138
768	2303	2303	930	2263	2142
1024	2303	2303	1154	2268	2146
1280	2303	2303	1382	2272	2150
1536	2303	2303	1613	2274	2154
1792	2303	2303	1838	2276	2155
2048	2303	2303	2056	2277	2154
2303	2303	2303	2277	2274	2150
2559	2303	2303	2510	2267	2146
2815	2303	2303	2730	2263	2136
3071	2303	2303	2948	2260	2129
3327	2303	2303	3170	2258	2125
3583	2303	2303	3384	2256	2122
3839	2303	2303	3588	2256	2120
4095	2303	2303	3796	2256	2121
0	2559	2303	274	2497	2125
256	2559	2303	491	2503	2128
512	2559	2303	716	2510	2136
768	2559	2303	946	2516	2140
1024	2559	2303	1166	2522	2144
1280	2559	2303	1394	2525	2146
1536	2559	2303	1624	2525	2148
1792	2559	2303	1846	2524	2148
2048	2559	2303	2067	2526	2150
2303	2559	2303	2287	2525	2145
2559	2559	2303	2524	2523	2143
2815	2559	2303	2745	2520	2136
3071	2559	2303	2965	2518	2130
3327	2559	2303	3184	2516	2125
3583	2559	2303	3397	2515	2123
3839	2559	2303	3600	2513	2122
4095	2559	2303	3805	2512	2120
0	2815	2303	288	2735	2121
256	2815	2303	505	2744	2130
512	2815	2303	730	2750	2131
768	2815	2303	958	2757	2135
1024	2815	2303	1179	2760	2139
1280	2815	2303	1407	2764	2142
1536	2815	2303	1635	2766	2142
1792	2815	2303	1856	2766	2141
2048	2815	2303	2078	2768	2143
2303	2815	2303	2298	2765	2139
2559	2815	2303	2535	2762	2135
2815	2815	2303	2757	2758	2132
3071	2815	2303	2978	2756	2128
3327	2815	2303	3200	2756	2124
3583	2815	2303	3410	2754	2122
3839	2815	2303	3612	2751	2121
4095	2815	2303	3819	2752	2120
0	3071	2303	304	2980	2116
256	3071	2303	522	2994	2126
512	3071	2303	744	2998	2128
768	3071	2303	974	3006	2131
1024	3071	2303	1194	3010	2133
1280	3071	2303	1421	3012	2136
1536	3071	2303	1648	3013	2138
1792	3071	2303	1872	3014	2138
2048	3071	2303	2092	3015	2138
2303	3071	2303	2314	3016	2135
2559	3071	2303	2550	3014	2131
2815	3071	2303	2772	3012	2130
3071	3071	2303	2992	3013	2126
3327	3071	2303	3214	3008	2124
3583	3071	2303	3424	3008	2122
3839	3071	2303	3628	3009	2120
4095	3071	2303	3834	3010	2120
0	3327	2303	320	3230	2116
256	3327	2303	538	3244	2126
512	3327	2303	762	3248	2129
768	3327	2303	990	3250	2129
1024	3327	2303	1208	3254	2132
1280	3327	2303	1436	3255	2133
1536	3327	2303	1663	3258	2136
1792	3327	2303	1886	3260	2136
2048	3327	2303	2107	3260	2136
2303	3327	2303	2331	3260	2133
2559	3327	2303	2566	3261	2130
2815	3327	2303	2790	3258	2128
3071	3327	2303	3010	3256	2127
3327	3327	2303	3237	3258	2127
3583	3327	2303	3442	3257	2124
3839	3327	2303	3643	3256	2122
4095	3327	2303	3850	3256	2122
0	3583	2303	336	3456	2120
256	3583	2303	554	3466	2128
512	3583	2303	778	3472	2130
768	3583	2303	1007	3474	2131
1024	3583	2303	1224	3478	2132
1280	3583	2303	1454	3482	2132
1536	3583	2303	1679	3484	2134
1792	3583	2303	1902	3489	2136
2048	3583	2303	2124	3492	2136
2303	3583	2303	2350	3492	2134
2559	3583	2303	2584	3490	2132
2815	3583	2303	2806	3483	2129
3071	3583	2303	3026	3481	2128
3327	3583	2303	3252	3485	2128
3583	3583	2303	3457	3485	2127
3839	3583	2303	3660	3484	2125
4095	3583	2303	3868	3484	2124
0	3839	2303	352	3698	2123
256	3839	2303	572	3706	2130
512	3839	2303	795	3708	2131
768	3839	2303	1022	3710	2132
1024	3839	2303	1240	3712	2132
1280	3839	2303	1470	3718	2134
1536	3839	2303	1695	3720	2136
1792	3839	2303	1919	3726	2138
2048	3839	2303	2142	3728	2138
2303	3839	2303	2369	3726	2137
2559	3839	2303	2600	3722	2134
2815	3839	2303	2824	3716	2130
3071	3839	2303	3042	3716	2128
3327	3839	2303	3269	3717	2128
3583	3839	2303	3472	3715	2128
3839	3839	2303	3678	3718	2128
4095	3839	2303	3888	3720	2128
0	4095	2303	370	3932	2127
256	4095	2303	589	3938	2132
512	4095	2303	814	3940	2133
768	4095	2303	1040	3942	2134
1024	4095	2303	1258	3945	2136
1280	4095	2303	1490	3952	2136
1536	4095	2303	1714	3957	2139
1792	4095	2303	1936	3960	2140
2048	4095	2303	2160	3961	2140
2303	4095	2303	2388	3960	2139
2559	4095	2303	2618	3956	2136
2815	4095	2303	2842	3952	2132
3071	4095	2303	3060	3949	2130
3327	4095	2303	3287	3949	2130
3583	4095	2303	3489	3952	2130
3839	4095	2303	3698	3957	2130
4095	4095	2303	3906	3960	2131
0	0	2559	126	13	2380
256	0	2559	349	14	2362
512	0	2559	568	14	2359
768	0	2559	793	14	2352
1024	0	2559	1020	15	2348
1280	0	2559	1235	16	2348
1536	0	2559	1465	16	2348
1792	0	2559	1692	16	2347
2048	0	2559	1914	18	2346
2303	0	2559	2134	18	2345
2559	0	2559	2363	18	2342
2815	0	2559	2592	19	2335
3071	0	2559	2815	20	2329
3327	0	2559	3029	20	2326
3583	0	2559	3266	20	2327
3839	0	2559	3474	21	2327
4095	0	2559	3690	22	2330
0	256	2559	140	262	2372
256	256	2559	360	261	2362
512	256	2559	576	262	2365
768	256	2559	800	262	2360
1024	256	2559	1024	263	2356
1280	256	2559	1237	263	2352
1536	256	2559	1468	263	2352
1792	256	2559	1690	264	2351
2048	256	2559	1908	264	2350
2303	256	2559	2128	265	2348
2559	256	2559	2352	265	2343
2815	256	2559	2576	264	2336
3071	256	2559	2792	264	2329
3327	256	2559	3010	264	2322
3583	256	2559	3232	264	2324
3839	256	2559	3435	264	2322
4095	256	2559	3644	266	2324
0	512	2559	156	506	2369
256	512	2559	377	504	2368
512	512	2559	599	508	2372
768	512	2559	824	506	2371
1024	512	2559	1048	507	2364
1280	512	2559	1263	506	2363
1536	512	2559	1496	506	2363
1792	512	2559	1718	507	2362
2048	512	2559	1936	508	2360
2303	512	2559	2156	508	2358
2559	512	2559	2382	508	2354
2815	512	2559	2608	506	2346
3071	512	2559	2825	505	2338
3327	512	2559	3040	504	2332
3583	512	2559	3266	506	2332
3839	512	2559	3464	506	2330
4095	512	2559	3674	506	2331
0	768	2559	172	754	2366
256	768	2559	393	754	2367
512	768	2559	616	757	2374
768	768	2559	842	758	2374
1024	768	2559	1066	758	2376
1280	768	2559	1284	758	2374
1536	768	2559	1518	758	2372
1792	768	2559	1740	758	2370
2048	768	2559	1957	760	2368
2303	768	2559	2177	760	2366
2559	768	2559	2404	758	2360
2815	768	2559	2629	756	2352
3071	768	2559	2847	754	2343
3327	768	2559	3062	752	2340
3583	768	2559	3284	752	2337
3839	768	2559	3484	752	2334
4095	768	2559	3692	753	2336
0	1024	2559	189	1008	2364
256	1024	2559	410	1009	2367
512	1024	2559	632	1013	2372
768	1024	2559	860	1016	2379
1024	1024	2559	1087	1018	2382
1280	1024	2559	1308	1018	2382
1536	1024	2559	1538	1016	2382
1792	1024	2559	1762	1018	2379
2048	1024	2559	1979	1017	2376
2303	1024	2559	2198	1016	2372
2559	1024	2559	2427	1014	2364
2815	1024	2559	2651	1011	2356
3071	1024	2559	2868	1008	2350
3327	1024	2559	3085	1006	2346
3583	1024	2559	3304	1006	2342
3839	1024	2559	3508	1007	2343
4095	1024	2559	3714	1008	2343
0	1280	2559	204	1252	2379
256	1280	2559	424	1255	2365
512	1280	2559	648	1260	2374
768	1280	2559	878	1265	2380
1024	1280	2559	1104	1268	2384
1280	1280	2559	1328	1271	2387
1536	1280	2559	1559	1269	2386
1792	1280	2559	1782	1268	2384
2048	1280	2559	2000	1267	2382
2303	1280	2559	2216	1264	2377
2559	1280	2559	2445	1261	2370
2815	1280	2559	2670	1258	2362
3071	1280	2559	2890	1256	2356
3327	1280	2559	3108	1256	2352
3583	1280	2559	3327	1254	2350
3839	1280	2559	3530	1255	2349
4095	1280	2559	3738	1256	2350
0	1536	2559	222	1506	2380
256	1536	2559	441	1510	2368
512	1536	2559	666	1515	2375
768	1536	2559	896	1520	2381
1024	1536	2559	1122	1524	2386
1280	1536	2559	1346	1528	2390
1536	1536	2559	1578	1529	2390
1792	1536	2559	1800	1526	2388
2048	1536	2559	2019	1527	2386
2303	1536	2559	2240	1526	2382
2559	1536	2559	2469	1522	2374
2815	1536	2559	2693	1517	2370
3071	1536	2559	2910	1514	2362
3327	1536	2559	3129	1513	2358
3583	1536	2559	3346	1512	2356
3839	1536	2559	3553	1512	2355
4095	1536	2559	3757	1513	2354
0	1792	2559	238	1756	2381
256	1792	2559	458	1758	2371
512	1792	2559	682	1764	2378
768	1792	2559	912	1770	2384
1024	1792	2559	1138	1774	2389
1280	1792	2559	1364	1776	2393
1536	1792	2559	1596	1778	2392
1792	1792	2559	1818	1780	2392
2048	1792	2559	2040	1780	2390
2303	1792	2559	2260	1776	2387
2559	1792	2559	2490	1774	2381
2815	1792	2559	2714	1772	2374
3071	1792	2559	2932	1769	2366
3327	1792	2559	3154	1767	2362
3583	1792	2559	3370	1765	2360
3839	1792	2559	3574	1765	2360
4095	1792	2559	3778	1765	2360
0	2048	2559	256	1991	2368
256	2048	2559	474	2004	2374
512	2048	2559	700	2010	2382
768	2048	2559	930	2015	2386
1024	2048	2559	1154	2018	2392
1280	2048	2559	1382	2022	2394
1536	2048	2559	1614	2023	2396
1792	2048	2559	1837	2023	2394
2048	2048	2559	2058	2024	2396
2303	2048	2559	2278	2024	2394
2559	2048	2559	2512	2019	2387
2815	2048	2559	2736	2016	2379
3071	2048	2559	2955	2012	2374
3327	2048	2559	3175	2010	2367
3583	2048	2559	3390	2011	2365
3839	2048	2559	3595	2012	2364
4095	2048	2559	3802	2014	2364
0	2303	2559	271	2252	2370
256	2303	2559	490	2260	2376
512	2303	2559	716	2266	2384
768	2303	2559	946	2272	2389
1024	2303	2559	1169	2276	2393
1280	2303	2559	1398	2278	2394
1536	2303	2559	1628	2278	2396
1792	2303	2559	1853	2280	2397
2048	2303	2559	2074	2284	2399
2303	2303	2559	2296	2281	2395
2559	2303	2559	2532	2278	2392
2815	2303	2559	2756	2274	2384
3071	2303	2559	2976	2272	2378
3327	2303	2559	3196	2268	2373
3583	2303	2559	3409	2268	2370
3839	2303	2559	3612	2266	2368
4095	2303	2559	3817	2264	2368
0	2559	2559	287	2506	2370
256	2559	2559	506	2516	2380
512	2559	2559	732	2522	2384
768	2559	2559	962	2527	2387
1024	2559	2559	1184	2530	2391
1280	2559	2559	1411	2532	2392
1536	2559	2559	1641	2534	2392
1792	2559	2559	1866	2535	2394
2048	2559	2559	2087	2537	2396
2303	2559	2559	2310	2537	2394
2559	2559	2559	2548	2536	2390
2815	2559	2559	2772	2534	2385
3071	2559	2559	2992	2530	2379
3327	2559	2559	3213	2528	2376
3583	2559	2559	3422	2527	2372
3839	2559	2559	3624	2524	2370
4095	2559	2559	3830	2522	2368
0	2815	2559	302	2747	2368
256	2815	2559	521	2757	2378
512	2815	2559	746	2762	2380
768	2815	2559	976	2767	2384
1024	2815	2559	1196	2769	2384
1280	2815	2559	1425	2772	2387
1536	2815	2559	1654	2776	2388
1792	2815	2559	1877	2778	2389
2048	2815	2559	2098	2779	2390
2303	2815	2559	2322	2778	2388
2559	2815	2559	2562	2778	2386
2815	2815	2559	2784	2772	2384
3071	2815	2559	3004	2768	2378
3327	2815	2559	3226	2768	2375
3583	2815	2559	3433	2764	2372
3839	2815	2559	3635	2762	2368
4095	2815	2559	3843	2764	2367
0	3071	2559	318	2996	2364
256	3071	2559	536	3005	2372
512	3071	2559	760	3009	2376
768	3071	2559	990	3014	2378
1024	3071	2559	1209	3016	2380
1280	3071	2559	1438	3020	2380
1536	3071	2559	1664	3023	2382
1792	3071	2559	1890	3026	2386
2048	3071	2559	2113	3028	2386
2303	3071	2559	2338	3029	2384
2559	3071	2559	2574	3028	2382
2815	3071	2559	2797	3025	2379
3071	3071	2559	3017	3024	2377
3327	3071	2559	3238	3021	2374
3583	3071	2559	3444	3018	2371
3839	3071	2559	3649	3018	2368
4095	3071	2559	3856	3017	2366
0	3327	2559	334	3244	2365
256	3327	2559	553	3256	2372
512	3327	2559	778	3257	2376
768	3327	2559	1006	3258	2375
1024	3327	2559	1224	3262	2377
1280	3327	2559	1454	3268	2380
1536	3327	2559	1682	3270	2382
1792	3327	2559	1906	3272	2383
2048	3327	2559	2128	3274	2385
2303	3327	2559	2355	3276	2384
2559	3327	2559	2591	3277	2382
2815	3327	2559	2814	3273	2380
3071	3327	2559	3034	3270	2378
3327	3327	2559	3260	3271	2376
3583	3327	2559	3465	3268	2372
3839	3327	2559	3668	3268	2369
4095	3327	2559	3875	3269	2368
0	3583	2559	350	3471	2368
256	3583	2559	570	3481	2376
512	3583	2559	794	3484	2377
768	3583	2559	1023	3485	2377
1024	3583	2559	1240	3490	2380
1280	3583	2559	1473	3496	2382
1536	3583	2559	1698	3498	2384
1792	3583	2559	1923	3504	2385
2048	3583	2559	2146	3508	2386
2303	3583	2559	2374	3509	2386
2559	3583	2559	2607	3506	2384
2815	3583	2559	2828	3497	2380
3071	3583	2559	3046	3494	2376
3327	3583	2559	3274	3495	2375
3583	3583	2559	3481	3498	2374
3839	3583	2559	3686	3499	2373
4095	3583	2559	3898	3500	2374
0	3839	2559	367	3710	2371
256	3839	2559	586	3717	2377
512	3839	2559	812	3720	2378
768	3839	2559	1039	3723	2378
1024	3839	2559	1256	3724	2382
1280	3839	2559	1490	3730	2384
1536	3839	2559	1715	3734	2386
1792	3839	2559	1942	3742	2388
2048	3839	2559	2163	3742	2389
2303	3839	2559	2390	3739	2388
2559	3839	2559	2624	3736	2385
2815	3839	2559	2846	3730	2380
3071	3839	2559	3066	3727	2376
3327	3839	2559	3294	3732	2376
3583	3839	2559	3496	3730	2376
3839	3839	2559	3702	3734	2376
4095	3839	2559	3913	3734	2377
0	4095	2559	384	3946	2376
256	4095	2559	604	3950	2380
512	4095	2559	830	3952	2381
768	4095	2559	1056	3956	2382
1024	4095	2559	1276	3958	2384
1280	4095	2559	1509	3968	2386
1536	4095	2559	1734	3972	2389
1792	4095	2559	1958	3975	2392
2048	4095	2559	2180	3974	2392
2303	4095	2559	2409	3972	2390
2559	4095	2559	2641	3969	2386
2815	4095	2559	2863	3964	2382
3071	4095	2559	3082	3961	2378
3327	4095	2559	3309	3965	2378
3583	4095	2559	3516	3968	2379
3839	4095	2559	3720	3970	2380
4095	4095	2559	3932	3976	2380
0	0	2815	139	14	2634
256	0	2815	363	14	2614
512	0	2815	584	16	2610
768	0	2815	809	16	2605
1024	0	2815	1036	16	2602
1280	0	2815	1253	16	2599
1536	0	2815	1486	18	2598
1792	0	2815	1712	18	2598
2048	0	2815	1930	18	2596
2303	0	2815	2152	19	2596
2559	0	2815	2382	20	2593
2815	0	2815	2615	20	2590
3071	0	2815	2841	21	2582
3327	0	2815	3057	22	2580
3583	0	2815	3293	22	2578
3839	0	2815	3500	22	2580
4095	0	2815	3716	23	2582
0	256	2815	152	264	2625
256	256	2815	372	263	2616
512	256	2815	592	264	2620
768	256	2815	816	264	2614
1024	256	2815	1038	264	2608
1280	256	2815	1251	264	2606
1536	256	2815	1482	265	2604
1792	256	2815	1704	266	2604
2048	256	2815	1924	266	2602
2303	256	2815	2143	268	2600
2559	256	2815	2370	268	2596
2815	256	2815	2600	268	2592
3071	256	2815	2820	266	2584
3327	256	2815	3037	267	2578
3583	256	2815	3255	266	2579
3839	256	2815	3458	267	2577
4095	256	2815	3668	268	2578
0	512	2815	169	508	2621
256	512	2815	390	508	2618
512	512	2815	613	509	2622
768	512	2815	838	509	2622
1024	512	2815	1062	509	2620
1280	512	2815	1278	508	2618
1536	512	2815	1510	508	2616
1792	512	2815	1733	510	2614
2048	512	2815	1951	510	2613
2303	512	2815	2170	511	2609
2559	512	2815	2400	510	2606
2815	512	2815	2628	510	2600
3071	512	2815	2847	508	2592
3327	512	2815	3064	508	2588
3583	512	2815	3288	508	2587
3839	512	2815	3491	508	2586
4095	512	2815	3698	509	2585
0	768	2815	184	756	2618
256	768	2815	406	758	2618
512	768	2815	630	760	2626
768	768	2815	857	762	2630
1024	768	2815	1080	762	2630
1280	768	2815	1300	762	2627
1536	768	2815	1532	760	2624
1792	768	2815	1754	762	2622
2048	768	2815	1972	762	2621
2303	768	2815	2192	762	2616
2559	768	2815	2422	761	2612
2815	768	2815	2649	760	2606
3071	768	2815	2868	758	2598
3327	768	2815	3086	758	2594
3583	768	2815	3308	758	2592
3839	768	2815	3512	758	2590
4095	768	2815	3717	758	2591
0	1024	2815	202	1010	2618
256	1024	2815	422	1013	2618
512	1024	2815	646	1016	2626
768	1024	2815	876	1020	2632
1024	1024	2815	1102	1022	2634
1280	1024	2815	1322	1022	2636
1536	1024	2815	1552	1019	2632
1792	1024	2815	1775	1020	2630
2048	1024	2815	1994	1018	2626
2303	1024	2815	2210	1018	2623
2559	1024	2815	2442	1016	2620
2815	1024	2815	2670	1015	2613
3071	1024	2815	2890	1013	2605
3327	1024	2815	3108	1012	2602
3583	1024	2815	3328	1012	2598
3839	1024	2815	3532	1012	2598
4095	1024	2815	3738	1014	2597
0	1280	2815	218	1256	2630
256	1280	2815	436	1258	2620
512	1280	2815	663	1264	2628
768	1280	2815	892	1269	2632
1024	1280	2815	1120	1272	2638
1280	1280	2815	1344	1274	2638
1536	1280	2815	1572	1270	2637
1792	1280	2815	1794	1270	2636
2048	1280	2815	2012	1268	2634
2303	1280	2815	2231	1268	2631
2559	1280	2815	2464	1266	2626
2815	1280	2815	2692	1264	2618
3071	1280	2815	2914	1264	2611
3327	1280	2815	3134	1262	2608
3583	1280	2815	3352	1262	2606
3839	1280	2815	3554	1262	2604
4095	1280	2815	3758	1262	2604
0	1536	2815	234	1508	2628
256	1536	2815	454	1514	2620
512	1536	2815	680	1518	2628
768	1536	2815	910	1524	2634
1024	1536	2815	1134	1527	2638
1280	1536	2815	1360	1530	2642
1536	1536	2815	1590	1531	2640
1792	1536	2815	1816	1530	2640
2048	1536	2815	2034	1529	2636
2303	1536	2815	2255	1528	2636
2559	1536	2815	2488	1528	2631
2815	1536	2815	2716	1526	2624
3071	1536	2815	2934	1522	2618
3327	1536	2815	3154	1520	2614
3583	1536	2815	3372	1520	2611
3839	1536	2815	3576	1520	2608
4095	1536	2815	3779	1520	2607
0	1792	2815	251	1756	2630
256	1792	2815	470	1764	2622
512	1792	2815	696	1768	2630
768	1792	2815	925	1772	2634
1024	1792	2815	1150	1776	2640
1280	1792	2815	1377	1779	2643
1536	1792	2815	1609	1781	2644
1792	1792	2815	1832	1784	2644
2048	1792	2815	2054	1782	2640
2303	1792	2815	2274	1782	2638
2559	1792	2815	2511	1782	2634
2815	1792	2815	2736	1778	2630
3071	1792	2815	2954	1775	2621
3327	1792	2815	3176	1774	2617
3583	1792	2815	3392	1774	2616
3839	1792	2815	3592	1771	2613
4095	1792	2815	3796	1770	2613
0	2048	2815	268	1998	2618
256	2048	2815	487	2008	2626
512	2048	2815	714	2014	2634
768	2048	2815	944	2018	2638
1024	2048	2815	1168	2022	2642
1280	2048	2815	1396	2024	2644
1536	2048	2815	1626	2026	2646
1792	2048	2815	1852	2027	2647
2048	2048	2815	2073	2028	2648
2303	2048	2815	2294	2028	2645
2559	2048	2815	2532	2026	2640
2815	2048	2815	2757	2027	2634
3071	2048	2815	2978	2022	2628
3327	2048	2815	3199	2020	2621
3583	2048	2815	3411	2020	2618
3839	2048	2815	3614	2020	2616
4095	2048	2815	3823	2020	2616
0	2303	2815	284	2257	2622
256	2303	2815	503	2266	2630
512	2303	2815	730	2272	2635
768	2303	2815	960	2276	2640
1024	2303	2815	1182	2278	2643
1280	2303	2815	1412	2282	2645
1536	2303	2815	1642	2284	2647
1792	2303	2815	1868	2284	2648
2048	2303	2815	2090	2287	2652
2303	2303	2815	2314	2286	2648
2559	2303	2815	2554	2288	2646
2815	2303	2815	2775	2280	2637
3071	2303	2815	2997	2278	2632
3327	2303	2815	3218	2274	2626
3583	2303	2815	3428	2273	2623
3839	2303	2815	3632	2272	2620
4095	2303	2815	3836	2270	2620
0	2559	2815	300	2515	2624
256	2559	2815	520	2524	2632
512	2559	2815	746	2528	2633
768	2559	2815	976	2531	2638
1024	2559	2815	1198	2534	2641
1280	2559	2815	1428	2540	2644
1536	2559	2815	1658	2544	2645
1792	2559	2815	1883	2544	2646
2048	2559	2815	2106	2545	2649
2303	2559	2815	2331	2546	2646
2559	2559	2815	2569	2547	2644
2815	2559	2815	2794	2542	2639
3071	2559	2815	3012	2538	2632
3327	2559	2815	3234	2536	2628
3583	2559	2815	3444	2534	2624
3839	2559	2815	3648	2532	2624
4095	2559	2815	3856	2534	2623
0	2815	2815	316	2756	2621
256	2815	2815	536	2765	2630
512	2815	2815	762	2770	2632
768	2815	2815	992	2772	2634
1024	2815	2815	1210	2776	2636
1280	2815	2815	1443	2782	2638
1536	2815	2815	1672	2784	2642
1792	2815	2815	1896	2786	2642
2048	2815	2815	2118	2789	2644
2303	2815	2815	2345	2788	2642
2559	2815	2815	2584	2788	2640
2815	2815	2815	2808	2784	2636
3071	2815	2815	3027	2778	2632
3327	2815	2815	3249	2776	2628
3583	2815	2815	3456	2776	2626
3839	2815	2815	3660	2775	2623
4095	2815	2815	3869	2775	2623
0	3071	2815	332	3008	2617
256	3071	2815	552	3016	2626
512	3071	2815	776	3018	2628
768	3071	2815	1005	3017	2628
1024	3071	2815	1225	3026	2631
1280	3071	2815	1456	3028	2634
1536	3071	2815	1684	3033	2636
1792	3071	2815	1910	3038	2639
2048	3071	2815	2134	3041	2640
2303	3071	2815	2360	3042	2640
2559	3071	2815	2596	3040	2637
2815	3071	2815	2820	3038	2634
3071	3071	2815	3040	3034	2632
3327	3071	2815	3264	3035	2628
3583	3071	2815	3470	3032	2625
3839	3071	2815	3673	3031	2623
4095	3071	2815	3882	3030	2621
0	3327	2815	348	3256	2618
256	3327	2815	568	3262	2626
512	3327	2815	792	3263	2626
768	3327	2815	1021	3267	2629
1024	3327	2815	1241	3271	2630
1280	3327	2815	1474	3277	2634
1536	3327	2815	1701	3282	2636
1792	3327	2815	1928	3288	2639
2048	3327	2815	2150	3289	2640
2303	3327	2815	2376	3288	2639
2559	3327	2815	2612	3288	2636
2815	3327	2815	2836	3284	2634
3071	3327	2815	3055	3282	2630
3327	3327	2815	3283	3283	2629
3583	3327	2815	3487	3281	2626
3839	3327	2815	3691	3281	2624
4095	3327	2815	3900	3282	2623
0	3583	2815	364	3484	2620
256	3583	2815	584	3491	2626
512	3583	2815	810	3493	2628
768	3583	2815	1038	3496	2630
1024	3583	2815	1257	3504	2632
1280	3583	2815	1491	3508	2635
1536	3583	2815	1718	3512	2638
1792	3583	2815	1944	3518	2640
2048	3583	2815	2166	3520	2642
2303	3583	2815	2396	3520	2640
2559	3583	2815	2628	3516	2638
2815	3583	2815	2852	3513	2634
3071	3583	2815	3072	3511	2631
3327	3583	2815	3298	3510	2629
3583	3583	2815	3506	3510	2629
3839	3583	2815	3711	3514	2628
4095	3583	2815	3924	3518	2628
0	3839	2815	380	3722	2623
256	3839	2815	602	3727	2628
512	3839	2815	828	3731	2630
768	3839	2815	1055	3736	2632
1024	3839	2815	1276	3740	2636
1280	3839	2815	1508	3747	2638
1536	3839	2815	1734	3749	2640
1792	3839	2815	1962	3755	2642
2048	3839	2815	2182	3750	2642
2303	3839	2815	2410	3748	2642
2559	3839	2815	2646	3750	2640
2815	3839	2815	2870	3746	2636
3071	3839	2815	3089	3744	2632
3327	3839	2815	3319	3746	2632
3583	3839	2815	3520	3748	2631
3839	3839	2815	3728	3750	2632
4095	3839	2815	3942	3754	2632
0	4095	2815	398	3958	2630
256	4095	2815	620	3962	2632
512	4095	2815	846	3967	2634
768	4095	2815	1074	3972	2636
1024	4095	2815	1294	3974	2638
1280	4095	2815	1529	3983	2642
1536	4095	2815	1752	3986	2643
1792	4095	2815	1980	3988	2646
2048	4095	2815	2200	3985	2646
2303	4095	2815	2430	3985	2642
2559	4095	2815	2662	3984	2641
2815	4095	2815	2886	3980	2637
3071	4095	2815	3108	3979	2634
3327	4095	2815	3334	3986	2633
3583	4095	2815	3540	3985	2634
3839	4095	2815	3744	3987	2634
4095	4095	2815	3959	3992	2636
0	0	3071	153	15	2870
256	0	3071	376	16	2848
512	0	3071	598	16	2844
768	0	3071	825	18	2838
1024	0	3071	1050	17	2834
1280	0	3071	1270	18	2833
1536	0	3071	1503	18	2832
1792	0	3071	1726	20	2830
2048	0	3071	1948	20	2830
2303	0	3071	2170	20	2829
2559	0	3071	2402	21	2826
2815	0	3071	2636	22	2824
3071	0	3071	2862	22	2822
3327	0	3071	3083	23	2817
3583	0	3071	3321	23	2817
3839	0	3071	3527	24	2817
4095	0	3071	3742	24	2820
0	256	3071	166	266	2862
256	256	3071	386	265	2851
512	256	3071	605	266	2854
768	256	3071	829	266	2849
1024	256	3071	1052	266	2847
1280	256	3071	1267	266	2843
1536	256	3071	1498	266	2842
1792	256	3071	1720	268	2841
2048	256	3071	1942	268	2840
2303	256	3071	2159	270	2838
2559	256	3071	2388	269	2837
2815	256	3071	2618	269	2834
3071	256	3071	2840	268	2826
3327	256	3071	3058	269	2822
3583	256	3071	3280	269	2822
3839	256	3071	3485	270	2820
4095	256	3071	3694	270	2824
0	512	3071	182	511	2859
256	512	3071	404	511	2854
512	512	3071	626	511	2860
768	512	3071	852	511	2860
1024	512	3071	1076	512	2858
1280	512	3071	1294	512	2856
1536	512	3071	1528	511	2852
1792	512	3071	1750	513	2850
2048	512	3071	1967	513	2850
2303	512	3071	2187	514	2847
2559	512	3071	2420	513	2844
2815	512	3071	2648	513	2840
3071	512	3071	2871	512	2836
3327	512	3071	3092	512	2832
3583	512	3071	3310	513	2830
3839	512	3071	3516	513	2828
4095	512	3071	3724	514	2828
0	768	3071	198	760	2854
256	768	3071	420	760	2853
512	768	3071	644	764	2863
768	768	3071	872	766	2866
1024	768	3071	1096	766	2868
1280	768	3071	1316	766	2864
1536	768	3071	1548	764	2861
1792	768	3071	1771	766	2858
2048	768	3071	1989	766	2859
2303	768	3071	2208	765	2855
2559	768	3071	2442	766	2852
2815	768	3071	2672	765	2848
3071	768	3071	2894	764	2843
3327	768	3071	3114	762	2840
3583	768	3071	3333	763	2838
3839	768	3071	3536	764	2837
4095	768	3071	3739	764	2836
0	1024	3071	214	1012	2852
256	1024	3071	435	1016	2855
512	1024	3071	661	1021	2864
768	1024	3071	890	1024	2869
1024	1024	3071	1116	1025	2872
1280	1024	3071	1337	1026	2873
1536	1024	3071	1569	1022	2868
1792	1024	3071	1790	1022	2868
2048	1024	3071	2010	1022	2868
2303	1024	3071	2231	1022	2865
2559	1024	3071	2464	1022	2860
2815	1024	3071	2696	1022	2856
3071	1024	3071	2917	1021	2852
3327	1024	3071	3136	1019	2848
3583	1024	3071	3355	1020	2844
3839	1024	3071	3561	1020	2842
4095	1024	3071	3763	1022	2840
0	1280	3071	230	1258	2852
256	1280	3071	450	1262	2858
512	1280	3071	676	1269	2866
768	1280	3071	907	1273	2870
1024	1280	3071	1132	1278	2874
1280	1280	3071	1358	1277	2876
1536	1280	3071	1587	1273	2876
1792	1280	3071	1811	1274	2875
2048	1280	3071	2030	1274	2872
2303	1280	3071	2251	1273	2871
2559	1280	3071	2486	1272	2868
2815	1280	3071	2714	1271	2863
3071	1280	3071	2938	1271	2858
3327	1280	3071	3160	1270	2852
3583	1280	3071	3376	1269	2850
3839	1280	3071	3579	1268	2848
4095	1280	3071	3781	1268	2848
0	1536	3071	248	1513	2864
256	1536	3071	469	1520	2858
512	1536	3071	695	1524	2866
768	1536	3071	926	1528	2872
1024	1536	3071	1150	1532	2877
1280	1536	3071	1376	1534	2879
1536	1536	3071	1608	1536	2879
1792	1536	3071	1834	1535	2880
2048	1536	3071	2052	1535	2877
2303	1536	3071	2272	1534	2878
2559	1536	3071	2510	1534	2872
2815	1536	3071	2738	1532	2869
3071	1536	3071	2960	1530	2863
3327	1536	3071	3182	1530	2859
3583	1536	3071	3397	1530	2855
3839	1536	3071	3600	1528	2852
4095	1536	3071	3805	1528	2852
0	1792	3071	264	1764	2854
256	1792	3071	485	1774	2864
512	1792	3071	712	1776	2868
768	1792	3071	942	1779	2872
1024	1792	3071	1165	1781	2876
1280	1792	3071	1393	1783	2880
1536	1792	3071	1625	1786	2882
1792	1792	3071	1850	1788	2882
2048	1792	3071	2072	1788	2880
2303	1792	3071	2294	1790	2880
2559	1792	3071	2532	1788	2876
2815	1792	3071	2758	1786	2872
3071	1792	3071	2980	1784	2868
3327	1792	3071	3202	1782	2862
3583	1792	3071	3414	1781	2859
3839	1792	3071	3616	1780	2858
4095	1792	3071	3821	1778	2857
0	2048	3071	280	2006	2857
256	2048	3071	501	2017	2866
512	2048	3071	727	2021	2872
768	2048	3071	958	2022	2876
1024	2048	3071	1182	2027	2880
1280	2048	3071	1412	2030	2882
1536	2048	3071	1642	2032	2884
1792	2048	3071	1870	2034	2887
2048	2048	3071	2092	2036	2889
2303	2048	3071	2316	2038	2886
2559	2048	3071	2552	2034	2880
2815	2048	3071	2780	2034	2878
3071	2048	3071	3000	2031	2871
3327	2048	3071	3222	2030	2866
3583	2048	3071	3434	2028	2864
3839	2048	3071	3640	2029	2860
4095	2048	3071	3846	2028	2860
0	2303	3071	296	2264	2860
256	2303	3071	516	2272	2869
512	2303	3071	744	2278	2872
768	2303	3071	974	2280	2874
1024	2303	3071	1196	2282	2880
1280	2303	3071	1428	2286	2884
1536	2303	3071	1660	2290	2886
1792	2303	3071	1886	2293	2889
2048	2303	3071	2110	2296	2891
2303	2303	3071	2334	2294	2888
2559	2303	3071	2570	2291	2882
2815	2303	3071	2794	2288	2876
3071	2303	3071	3016	2284	2874
3327	2303	3071	3240	2284	2870
3583	2303	3071	3450	2282	2867
3839	2303	3071	3652	2280	2864
4095	2303	3071	3858	2279	2862
0	2559	3071	314	2522	2862
256	2559	3071	534	2530	2870
512	2559	3071	760	2533	2870
768	2559	3071	992	2538	2874
1024	2559	3071	1212	2540	2876
1280	2559	3071	1444	2546	2882
1536	2559	3071	1676	2550	2884
1792	2559	3071	1902	2553	2886
2048	2559	3071	2126	2554	2888
2303	2559	3071	2349	2552	2886
2559	2559	3071	2588	2552	2884
2815	2559	3071	2812	2550	2880
3071	2559	3071	3034	2548	2874
3327	2559	3071	3256	2547	2871
3583	2559	3071	3466	2542	2868
3839	2559	3071	3670	2544	2866
4095	2559	3071	3880	2544	2865
0	2815	3071	329	2764	2860
256	2815	3071	550	2773	2866
512	2815	3071	776	2776	2868
768	2815	3071	1008	2782	2870
1024	2815	3071	1226	2781	2874
1280	2815	3071	1459	2788	2878
1536	2815	3071	1688	2792	2882
1792	2815	3071	1914	2794	2884
2048	2815	3071	2138	2796	2884
2303	2815	3071	2364	2796	2882
2559	2815	3071	2604	2796	2883
2815	2815	3071	2830	2794	2879
3071	2815	3071	3053	2792	2876
3327	2815	3071	3276	2791	2872
3583	2815	3071	3481	2788	2868
3839	2815	3071	3684	2786	2865
4095	2815	3071	3896	2788	2866
0	3071	3071	346	3018	2858
256	3071	3071	566	3026	2865
512	3071	3071	792	3026	2867
768	3071	3071	1022	3030	2869
1024	3071	3071	1243	3037	2875
1280	3071	3071	1476	3042	2876
1536	3071	3071	1704	3046	2881
1792	3071	3071	1930	3050	2882
2048	3071	3071	2154	3052	2883
2303	3071	3071	2382	3055	2882
2559	3071	3071	2617	3053	2880
2815	3071	3071	2844	3050	2878
3071	3071	3071	3066	3048	2874
3327	3071	3071	3290	3046	2871
3583	3071	3071	3497	3044	2868
3839	3071	3071	3700	3045	2865
4095	3071	3071	3912	3046	2866
0	3327	3071	362	3266	2860
256	3327	3071	582	3272	2866
512	3327	3071	810	3276	2869
768	3327	3071	1040	3282	2872
1024	3327	3071	1259	3284	2872
1280	3327	3071	1492	3291	2877
1536	3327	3071	1722	3298	2881
1792	3327	3071	1949	3302	2885
2048	3327	3071	2171	3302	2884
2303	3327	3071	2398	3300	2884
2559	3327	3071	2632	3299	2880
2815	3327	3071	2858	3298	2876
3071	3327	3071	3082	3296	2874
3327	3327	3071	3308	3296	2874
3583	3327	3071	3513	3296	2870
3839	3327	3071	3716	3294	2867
4095	3327	3071	3930	3298	2867
0	3583	3071	378	3498	2862
256	3583	3071	600	3503	2867
512	3583	3071	826	3508	2870
768	3583	3071	1056	3511	2874
1024	3583	3071	1276	3516	2876
1280	3583	3071	1510	3520	2879
1536	3583	3071	1737	3527	2882
1792	3583	3071	1964	3530	2884
2048	3583	3071	2186	3532	2886
2303	3583	3071	2415	3530	2883
2559	3583	3071	2648	3526	2880
2815	3583	3071	2875	3526	2877
3071	3583	3071	3098	3527	2874
3327	3583	3071	3324	3527	2873
3583	3583	3071	3526	3524	2872
3839	3583	3071	3734	3528	2870
4095	3583	3071	3950	3532	2871
0	3839	3071	395	3739	2868
256	3839	3071	616	3744	2872
512	3839	3071	844	3748	2874
768	3839	3071	1073	3754	2878
1024	3839	3071	1295	3756	2880
1280	3839	3071	1530	3761	2884
1536	3839	3071	1753	3763	2884
1792	3839	3071	1980	3764	2885
2048	3839	3071	2201	3764	2885
2303	3839	3071	2433	3764	2884
2559	3839	3071	2668	3764	2882
2815	3839	3071	2892	3762	2879
3071	3839	3071	3114	3762	2876
3327	3839	3071	3340	3760	2875
3583	3839	3071	3542	3762	2873
3839	3839	3071	3755	3768	2876
4095	3839	3071	3970	3770	2876
0	4095	3071	413	3976	2874
256	4095	3071	636	3982	2878
512	4095	3071	864	3984	2880
768	4095	3071	1091	3988	2882
1024	4095	3071	1314	3993	2884
1280	4095	3071	1548	3998	2888
1536	4095	3071	1772	3998	2887
1792	4095	3071	1998	3998	2888
2048	4095	3071	2220	4001	2888
2303	4095	3071	2452	4000	2886
2559	4095	3071	2686	3999	2884
2815	4095	3071	2911	3999	2881
3071	4095	3071	3134	4000	2879
3327	4095	3071	3360	4002	2877
3583	4095	3071	3562	4002	2874
3839	4095	3071	3774	4005	2878
4095	4095	3071	3986	4006	2876
0	0	3327	166	16	3108
256	0	3327	391	17	3084
512	0	3327	613	18	3076
768	0	3327	840	18	3070
1024	0	3327	1068	18	3066
1280	0	3327	1286	19	3060
1536	0	3327	1520	20	3062
1792	0	3327	1743	20	3062
2048	0	3327	1966	21	3062
2303	0	3327	2193	22	3064
2559	0	3327	2426	22	3062
2815	0	3327	2660	23	3058
3071	0	3327	2886	24	3056
3327	0	3327	3108	24	3054
3583	0	3327	3344	25	3051
3839	0	3327	3552	26	3054
4095	0	3327	3770	26	3055
0	256	3327	179	268	3104
256	256	3327	399	268	3090
512	256	3327	619	268	3092
768	256	3327	842	268	3086
1024	256	3327	1066	268	3082
1280	256	3327	1282	269	3078
1536	256	3327	1516	270	3078
1792	256	3327	1736	270	3080
2048	256	3327	1958	270	3078
2303	256	3327	2177	271	3076
2559	256	3327	2408	271	3072
2815	256	3327	2636	271	3069
3071	256	3327	2860	271	3066
3327	256	3327	3084	272	3065
3583	256	3327	3305	272	3065
3839	256	3327	3513	272	3064
4095	256	3327	3718	274	3064
0	512	3327	195	514	3098
256	512	3327	418	514	3092
512	512	3327	640	516	3099
768	512	3327	866	514	3099
1024	512	3327	1088	514	3096
1280	512	3327	1308	515	3096
1536	512	3327	1542	514	3091
1792	512	3327	1766	516	3087
2048	512	3327	1986	516	3088
2303	512	3327	2204	515	3086
2559	512	3327	2434	516	3082
2815	512	3327	2664	515	3078
3071	512	3327	2889	516	3076
3327	512	3327	3113	515	3073
3583	512	3327	3336	516	3072
3839	512	3327	3542	516	3072
4095	512	3327	3748	518	3070
0	768	3327	211	763	3090
256	768	3327	433	764	3092
512	768	3327	658	768	3101
768	768	3327	886	768	3105
1024	768	3327	1110	770	3107
1280	768	3327	1334	771	3102
1536	768	3327	1564	768	3096
1792	768	3327	1786	768	3096
2048	768	3327	2008	769	3099
2303	768	3327	2229	770	3096
2559	768	3327	2462	769	3090
2815	768	3327	2691	768	3086
3071	768	3327	2912	768	3082
3327	768	3327	3134	768	3080
3583	768	3327	3356	768	3077
3839	768	3327	3564	768	3077
4095	768	3327	3767	770	3076
0	1024	3327	226	1016	3086
256	1024	3327	448	1020	3091
512	1024	3327	676	1024	3099
768	1024	3327	906	1027	3106
1024	1024	3327	1130	1028	3109
1280	1024	3327	1352	1027	3109
1536	1024	3327	1582	1025	3106
1792	1024	3327	1808	1027	3104
2048	1024	3327	2029	1027	3107
2303	1024	3327	2252	1028	3106
2559	1024	3327	2487	1028	3098
2815	1024	3327	2714	1026	3094
3071	1024	3327	2938	1026	3090
3327	1024	3327	3160	1026	3086
3583	1024	3327	3377	1026	3082
3839	1024	3327	3582	1026	3080
4095	1024	3327	3787	1026	3077
0	1280	3327	243	1261	3086
256	1280	3327	464	1266	3095
512	1280	3327	690	1272	3101
768	1280	3327	921	1276	3104
1024	1280	3327	1146	1279	3108
1280	1280	3327	1372	1279	3112
1536	1280	3327	1604	1277	3113
1792	1280	3327	1828	1278	3112
2048	1280	3327	2049	1280	3113
2303	1280	3327	2272	1280	3112
2559	1280	3327	2508	1278	3106
2815	1280	3327	2734	1276	3102
3071	1280	3327	2959	1276	3098
3327	1280	3327	3181	1276	3093
3583	1280	3327	3394	1274	3090
3839	1280	3327	3598	1275	3088
4095	1280	3327	3805	1275	3088
0	1536	3327	262	1518	3086
256	1536	3327	482	1524	3096
512	1536	3327	709	1528	3104
768	1536	3327	938	1529	3106
1024	1536	3327	1164	1533	3108
1280	1536	3327	1392	1538	3114
1536	1536	3327	1623	1540	3116
1792	1536	3327	1848	1540	3120
2048	1536	3327	2070	1542	3118
2303	1536	3327	2292	1541	3116
2559	1536	3327	2530	1538	3112
2815	1536	3327	2758	1538	3107
3071	1536	3327	2979	1536	3100
3327	1536	3327	3202	1534	3096
3583	1536	3327	3418	1534	3095
3839	1536	3327	3624	1534	3094
4095	1536	3327	3828	1536	3093
0	1792	3327	278	1768	3091
256	1792	3327	499	1777	3104
512	1792	3327	724	1779	3104
768	1792	3327	956	1783	3110
1024	1792	3327	1181	1787	3113
1280	1792	3327	1410	1790	3116
1536	1792	3327	1641	1791	3118
1792	1792	3327	1869	1795	3122
2048	1792	3327	2092	1796	3120
2303	1792	3327	2312	1796	3119
2559	1792	3327	2552	1794	3116
2815	1792	3327	2773	1792	3112
3071	1792	3327	2996	1790	3108
3327	1792	3327	3220	1787	3106
3583	1792	3327	3437	1787	3102
3839	1792	3327	3642	1787	3099
4095	1792	3327	3848	1786	3098
0	2048	3327	294	2010	3092
256	2048	3327	516	2020	3105
512	2048	3327	742	2024	3108
768	2048	3327	974	2028	3113
1024	2048	3327	1198	2032	3117
1280	2048	3327	1428	2036	3119
1536	2048	3327	1660	2040	3122
1792	2048	3327	1890	2044	3128
2048	2048	3327	2112	2044	3129
2303	2048	3327	2336	2045	3122
2559	2048	3327	2570	2039	3118
2815	2048	3327	2798	2040	3114
3071	2048	3327	3022	2038	3110
3327	2048	3327	3246	2039	3108
3583	2048	3327	3458	2038	3107
3839	2048	3327	3660	2036	3102
4095	2048	3327	3870	2036	3100
0	2303	3327	310	2268	3096
256	2303	3327	530	2276	3104
512	2303	3327	758	2282	3106
768	2303	3327	990	2288	3112
1024	2303	3327	1214	2292	3118
1280	2303	3327	1446	2295	3122
1536	2303	3327	1678	2298	3126
1792	2303	3327	1906	2302	3128
2048	2303	3327	2130	2304	3128
2303	2303	3327	2352	2303	3126
2559	2303	3327	2588	2297	3120
2815	2303	3327	2812	2295	3114
3071	2303	3327	3036	2292	3112
3327	2303	3327	3263	2294	3110
3583	2303	3327	3476	2292	3108
3839	2303	3327	3678	2290	3104
4095	2303	3327	3886	2290	3103
0	2559	3327	326	2531	3097
256	2559	3327	548	2536	3104
512	2559	3327	775	2541	3106
768	2559	3327	1008	2550	3110
1024	2559	3327	1230	2552	3116
1280	2559	3327	1462	2554	3119
1536	2559	3327	1692	2558	3124
1792	2559	3327	1920	2560	3126
2048	2559	3327	2142	2562	3128
2303	2559	3327	2368	2562	3128
2559	2559	3327	2608	2561	3125
2815	2559	3327	2834	2559	3118
3071	2559	3327	3059	2560	3115
3327	2559	3327	3282	2556	3114
3583	2559	3327	3490	2553	3108
3839	2559	3327	3692	2554	3107
4095	2559	3327	3903	2555	3106
0	2815	3327	343	2774	3096
256	2815	3327	564	2781	3102
512	2815	3327	792	2784	3106
768	2815	3327	1024	2790	3108
1024	2815	3327	1242	2787	3109
1280	2815	3327	1476	2793	3116
1536	2815	3327	1706	2799	3120
1792	2815	3327	1932	2802	3122
2048	2815	3327	2153	2800	3120
2303	2815	3327	2382	2802	3120
2559	2815	3327	2627	2808	3126
2815	2815	3327	2855	2808	3125
3071	2815	3327	3078	2806	3122
3327	2815	3327	3298	2802	3116
3583	2815	3327	3502	2800	3110
3839	2815	3327	3708	2798	3108
4095	2815	3327	3923	2800	3108
0	3071	3327	360	3028	3096
256	3071	3327	581	3036	3104
512	3071	3327	808	3042	3106
768	3071	3327	1040	3044	3108
1024	3071	3327	1263	3054	3116
1280	3071	3327	1495	3054	3118
1536	3071	3327	1723	3060	3119
1792	3071	3327	1949	3061	3122
2048	3071	3327	2172	3064	3122
2303	3071	3327	2402	3065	3121
2559	3071	3327	2640	3064	3122
2815	3071	3327	2864	3060	3122
3071	3071	3327	3090	3062	3121
3327	3071	3327	3314	3058	3116
3583	3071	3327	3518	3054	3112
3839	3071	3327	3725	3055	3109
4095	3071	3327	3939	3058	3108
0	3327	3327	376	3278	3098
256	3327	3327	598	3286	3108
512	3327	3327	826	3292	3112
768	3327	3327	1058	3300	3113
1024	3327	3327	1280	3304	3119
1280	3327	3327	1514	3306	3122
1536	3327	3327	1740	3307	3122
1792	3327	3327	1968	3314	3126
2048	3327	3327	2192	3317	3126
2303	3327	3327	2422	3315	3126
2559	3327	3327	2656	3313	3124
2815	3327	3327	2880	3311	3121
3071	3327	3327	3106	3310	3119
3327	3327	3327	3334	3308	3116
3583	3327	3327	3542	3312	3116
3839	3327	3327	3745	3313	3112
4095	3327	3327	3957	3313	3114
0	3583	3327	392	3514	3105
256	3583	3327	616	3520	3112
512	3583	3327	844	3524	3114
768	3583	3327	1074	3528	3117
1024	3583	3327	1296	3535	3122
1280	3583	3327	1532	3537	3124
1536	3583	3327	1756	3538	3123
1792	3583	3327	1984	3543	3127
2048	3583	3327	2208	3545	3128
2303	3583	3327	2440	3542	3126
2559	3583	3327	2671	3542	3124
2815	3583	3327	2898	3542	3122
3071	3583	3327	3120	3539	3120
3327	3583	3327	3350	3540	3118
3583	3583	3327	3556	3544	3116
3839	3583	3327	3762	3542	3118
4095	3583	3327	3978	3546	3116
0	3839	3327	410	3754	3110
256	3839	3327	633	3762	3117
512	3839	3327	863	3769	3121
768	3839	3327	1092	3771	3123
1024	3839	3327	1314	3770	3122
1280	3839	3327	1547	3774	3126
1536	3839	3327	1773	3774	3128
1792	3839	3327	2000	3776	3128
2048	3839	3327	2224	3780	3130
2303	3839	3327	2455	3778	3128
2559	3839	3327	2688	3777	3125
2815	3839	3327	2914	3775	3122
3071	3839	3327	3138	3776	3120
3327	3839	3327	3363	3778	3118
3583	3839	3327	3572	3778	3120
3839	3839	3327	3782	3781	3118
4095	3839	3327	3990	3780	3118
0	4095	3327	428	3996	3120
256	4095	3327	652	4002	3123
512	4095	3327	880	4002	3123
768	4095	3327	1108	4005	3125
1024	4095	3327	1333	4008	3126
1280	4095	3327	1566	4010	3128
1536	4095	3327	1792	4013	3132
1792	4095	3327	2019	4014	3132
2048	4095	3327	2240	4015	3131
2303	4095	3327	2474	4014	3130
2559	4095	3327	2708	4016	3128
2815	4095	3327	2934	4016	3124
3071	4095	3327	3157	4016	3122
3327	4095	3327	3384	4015	3122
3583	4095	3327	3590	4016	3120
3839	4095	3327	3796	4018	3120
4095	4095	3327	4011	4020	3120
0	0	3583	180	18	3348
256	0	3583	406	18	3320
512	0	3583	630	19	3316
768	0	3583	858	20	3312
1024	0	3583	1088	20	3308
1280	0	3583	1305	21	3306
1536	0	3583	1542	21	3304
1792	0	3583	1770	22	3308
2048	0	3583	1995	22	3306
2303	0	3583	2219	23	3306
2559	0	3583	2456	24	3306
2815	0	3583	2690	24	3302
3071	0	3583	2915	25	3298
3327	0	3583	3137	26	3296
3583	0	3583	3372	26	3299
3839	0	3583	3578	26	3300
4095	0	3583	3796	28	3306
0	256	3583	192	271	3346
256	256	3583	413	270	3334
512	256	3583	634	271	3336
768	256	3583	859	270	3330
1024	256	3583	1084	272	3328
1280	256	3583	1302	272	3326
1536	256	3583	1530	272	3324
1792	256	3583	1759	272	3322
2048	256	3583	1976	273	3322
2303	256	3583	2199	273	3325
2559	256	3583	2432	274	3322
2815	256	3583	2660	274	3319
3071	256	3583	2884	274	3316
3327	256	3583	3110	274	3314
3583	256	3583	3334	276	3313
3839	256	3583	3539	276	3313
4095	256	3583	3753	278	3315
0	512	3583	208	516	3337
256	512	3583	432	517	3332
512	512	3583	655	519	3339
768	512	3583	882	518	3340
1024	512	3583	1106	517	3340
1280	512	3583	1329	518	3338
1536	512	3583	1560	518	3334
1792	512	3583	1784	518	3336
2048	512	3583	2004	518	3336
2303	512	3583	2226	519	3336
2559	512	3583	2458	518	3331
2815	512	3583	2689	519	3326
3071	512	3583	2916	520	3326
3327	512	3583	3141	520	3324
3583	512	3583	3362	520	3321
3839	512	3583	3566	522	3321
4095	512	3583	3774	522	3326
0	768	3583	224	766	3334
256	768	3583	447	769	3338
512	768	3583	672	772	3346
768	768	3583	902	772	3350
1024	768	3583	1127	773	3350
1280	768	3583	1351	772	3344
1536	768	3583	1582	773	3344
1792	768	3583	1805	772	3346
2048	768	3583	2028	774	3343
2303	768	3583	2250	774	3345
2559	768	3583	2484	774	3339
2815	768	3583	2712	772	3336
3071	768	3583	2939	773	3332
3327	768	3583	3163	774	3328
3583	768	3583	3382	774	3326
3839	768	3583	3588	774	3324
4095	768	3583	3800	776	3326
0	1024	3583	240	1020	3332
256	1024	3583	464	1026	3338
512	1024	3583	691	1030	3346
768	1024	3583	922	1032	3348
1024	1024	3583	1146	1032	3351
1280	1024	3583	1371	1032	3354
1536	1024	3583	1601	1032	3352
1792	1024	3583	1828	1032	3355
2048	1024	3583	2051	1034	3354
2303	1024	3583	2270	1035	3354
2559	1024	3583	2508	1033	3348
2815	1024	3583	2736	1032	3339
3071	1024	3583	2960	1032	3333
3327	1024	3583	3184	1032	3332
3583	1024	3583	3402	1032	3334
3839	1024	3583	3606	1034	3332
4095	1024	3583	3818	1034	3334
0	1280	3583	258	1268	3328
256	1280	3583	480	1274	3340
512	1280	3583	708	1278	3344
768	1280	3583	938	1280	3348
1024	1280	3583	1164	1282	3353
1280	1280	3583	1392	1284	3358
1536	1280	3583	1622	1286	3362
1792	1280	3583	1850	1288	3361
2048	1280	3583	2071	1286	3360
2303	1280	3583	2295	1288	3360
2559	1280	3583	2532	1286	3350
2815	1280	3583	2755	1282	3346
3071	1280	3583	2977	1282	3344
3327	1280	3583	3204	1282	3342
3583	1280	3583	3422	1282	3340
3839	1280	3583	3627	1283	3338
4095	1280	3583	3838	1286	3340
0	1536	3583	274	1522	3331
256	1536	3583	496	1534	3343
512	1536	3583	723	1536	3346
768	1536	3583	955	1539	3350
1024	1536	3583	1180	1542	3359
1280	1536	3583	1410	1546	3362
1536	1536	3583	1644	1549	3368
1792	1536	3583	1868	1550	3371
2048	1536	3583	2091	1548	3366
2303	1536	3583	2316	1550	3364
2559	1536	3583	2552	1546	3358
2815	1536	3583	2778	1544	3353
3071	1536	3583	3004	1544	3347
3327	1536	3583	3228	1543	3346
3583	1536	3583	3444	1542	3344
3839	1536	3583	3650	1542	3344
4095	1536	3583	3860	1544	3346
0	1792	3583	291	1778	3335
256	1792	3583	512	1784	3344
512	1792	3583	740	1786	3350
768	1792	3583	972	1790	3356
1024	1792	3583	1198	1796	3362
1280	1792	3583	1429	1800	3365
1536	1792	3583	1663	1803	3370
1792	1792	3583	1890	1806	3371
2048	1792	3583	2109	1804	3376
2303	1792	3583	2333	1802	3368
2559	1792	3583	2570	1798	3366
2815	1792	3583	2796	1796	3359
3071	1792	3583	3018	1794	3356
3327	1792	3583	3247	1798	3356
3583	1792	3583	3460	1796	3354
3839	1792	3583	3666	1796	3353
4095	1792	3583	3880	1798	3353
0	2048	3583	308	2019	3336
256	2048	3583	530	2025	3345
512	2048	3583	758	2032	3354
768	2048	3583	992	2038	3358
1024	2048	3583	1216	2042	3364
1280	2048	3583	1448	2045	3368
1536	2048	3583	1678	2048	3371
1792	2048	3583	1908	2053	3376
2048	2048	3583	2134	2056	3378
2303	2048	3583	2356	2054	3372
2559	2048	3583	2594	2052	3368
2815	2048	3583	2819	2051	3362
3071	2048	3583	3044	2048	3360
3327	2048	3583	3270	2047	3356
3583	2048	3583	3484	2046	3355
3839	2048	3583	3689	2046	3354
4095	2048	3583	3900	2048	3352
0	2303	3583	324	2280	3341
256	2303	3583	546	2288	3353
512	2303	3583	775	2290	3358
768	2303	3583	1006	2297	3362
1024	2303	3583	1232	2301	3365
1280	2303	3583	1464	2304	3368
1536	2303	3583	1696	2306	3373
1792	2303	3583	1922	2308	3375
2048	2303	3583	2146	2310	3376
2303	2303	3583	2372	2307	3374
2559	2303	3583	2612	2306	3371
2815	2303	3583	2835	2302	3363
3071	2303	3583	3058	2302	3360
3327	2303	3583	3283	2302	3358
3583	2303	3583	3496	2300	3357
3839	2303	3583	3704	2302	3356
4095	2303	3583	3916	2304	3356
0	2559	3583	340	2538	3344
256	2559	3583	563	2546	3353
512	2559	3583	792	2550	3354
768	2559	3583	1024	2557	3358
1024	2559	3583	1246	2560	3364
1280	2559	3583	1482	2565	3367
1536	2559	3583	1710	2565	3368
1792	2559	3583	1936	2567	3371
2048	2559	3583	2161	2571	3374
2303	2559	3583	2391	2572	3375
2559	2559	3583	2630	2572	3372
2815	2559	3583	2856	2569	3366
3071	2559	3583	3077	2570	3363
3327	2559	3583	3304	2566	3360
3583	2559	3583	3518	2568	3359
3839	2559	3583	3725	2568	3356
4095	2559	3583	3934	2570	3355
0	2815	3583	356	2788	3345
256	2815	3583	579	2793	3352
512	2815	3583	808	2796	3356
768	2815	3583	1040	2801	3361
1024	2815	3583	1262	2806	3361
1280	2815	3583	1498	2811	3365
1536	2815	3583	1726	2812	3370
1792	2815	3583	1952	2813	3370
2048	2815	3583	2174	2813	3368
2303	2815	3583	2404	2810	3368
2559	2815	3583	2643	2813	3369
2815	2815	3583	2870	2814	3366
3071	2815	3583	3090	2809	3362
3327	2815	3583	3321	2812	3362
3583	2815	3583	3533	2813	3358
3839	2815	3583	3734	2812	3356
4095	2815	3583	3942	2810	3354
0	3071	3583	373	3041	3344
256	3071	3583	596	3049	3353
512	3071	3583	826	3054	3357
768	3071	3583	1057	3058	3359
1024	3071	3583	1278	3063	3360
1280	3071	3583	1515	3068	3366
1536	3071	3583	1740	3066	3366
1792	3071	3583	1968	3070	3369
2048	3071	3583	2192	3073	3372
2303	3071	3583	2423	3074	3370
2559	3071	3583	2658	3073	3368
2815	3071	3583	2885	3069	3366
3071	3071	3583	3110	3070	3363
3327	3071	3583	3340	3070	3362
3583	3071	3583	3548	3068	3360
3839	3071	3583	3753	3069	3359
4095	3071	3583	3964	3069	3356
0	3327	3583	390	3296	3350
256	3327	3583	614	3305	3356
512	3327	3583	844	3310	3360
768	3327	3583	1074	3311	3364
1024	3327	3583	1297	3315	3366
1280	3327	3583	1532	3317	3368
1536	3327	3583	1758	3322	3371
1792	3327	3583	1988	3324	3374
2048	3327	3583	2211	3328	3375
2303	3327	3583	2446	3332	3376
2559	3327	3583	2682	3329	3373
2815	3327	3583	2902	3320	3366
3071	3327	3583	3126	3319	3364
3327	3327	3583	3360	3324	3366
3583	3327	3583	3564	3324	3362
3839	3327	3583	3764	3321	3356
4095	3327	3583	3977	3323	3356
0	3583	3583	408	3528	3355
256	3583	3583	631	3535	3362
512	3583	3583	862	3540	3364
768	3583	3583	1091	3544	3367
1024	3583	3583	1315	3546	3370
1280	3583	3583	1550	3548	3370
1536	3583	3583	1775	3552	3373
1792	3583	3583	2004	3554	3376
2048	3583	3583	2228	3555	3378
2303	3583	3583	2460	3555	3374
2559	3583	3583	2695	3554	3372
2815	3583	3583	2920	3553	3366
3071	3583	3583	3143	3552	3365
3327	3583	3583	3373	3556	3366
3583	3583	3583	3576	3554	3360
3839	3583	3583	3782	3554	3358
4095	3583	3583	3996	3552	3358
0	3839	3583	424	3772	3360
256	3839	3583	649	3778	3368
512	3839	3583	880	3783	3371
768	3839	3583	1108	3785	3371
1024	3839	3583	1332	3784	3372
1280	3839	3583	1569	3789	3375
1536	3839	3583	1792	3788	3374
1792	3839	3583	2020	3790	3378
2048	3839	3583	2246	3794	3378
2303	3839	3583	2478	3792	3374
2559	3839	3583	2711	3790	3370
2815	3839	3583	2936	3790	3368
3071	3839	3583	3160	3790	3367
3327	3839	3583	3386	3792	3364
3583	3839	3583	3592	3791	3362
3839	3839	3583	3798	3792	3363
4095	3839	3583	4017	3793	3360
0	4095	3583	442	4010	3369
256	4095	3583	668	4015	3372
512	4095	3583	898	4016	3372
768	4095	3583	1126	4018	3373
1024	4095	3583	1352	4022	3376
1280	4095	3583	1585	4024	3378
1536	4095	3583	1812	4030	3380
1792	4095	3583	2040	4030	3380
2048	4095	3583	2263	4032	3380
2303	4095	3583	2497	4034	3377
2559	4095	3583	2729	4030	3372
2815	4095	3583	2955	4028	3370
3071	4095	3583	3181	4032	3369
3327	4095	3583	3406	4034	3368
3583	4095	3583	3612	4031	3367
3839	4095	3583	3824	4034	3366
4095	4095	3583	4036	4038	3367
0	0	3839	194	19	3632
256	0	3839	420	20	3623
512	0	3839	647	20	3613
768	0	3839	876	21	3611
1024	0	3839	1103	22	3606
1280	0	3839	1326	22	3609
1536	0	3839	1563	22	3611
1792	0	3839	1790	23	3608
2048	0	3839	2019	24	3614
2303	0	3839	2244	24	3613
2559	0	3839	2478	25	3612
2815	0	3839	2711	26	3610
3071	0	3839	2938	26	3609
3327	0	3839	3160	27	3611
3583	0	3839	3393	28	3619
3839	0	3839	3610	29	3622
4095	0	3839	3831	29	3633
0	256	3839	205	274	3568
256	256	3839	426	272	3561
512	256	3839	650	273	3557
768	256	3839	877	273	3550
1024	256	3839	1100	274	3546
1280	256	3839	1321	274	3545
1536	256	3839	1554	274	3542
1792	256	3839	1776	274	3542
2048	256	3839	2001	275	3546
2303	256	3839	2220	276	3544
2559	256	3839	2454	276	3540
2815	256	3839	2686	277	3538
3071	256	3839	2910	277	3534
3327	256	3839	3134	278	3530
3583	256	3839	3356	278	3540
3839	256	3839	3573	280	3548
4095	256	3839	3785	280	3550
0	512	3839	221	520	3569
256	512	3839	445	520	3583
512	512	3839	672	521	3576
768	512	3839	898	521	3574
1024	512	3839	1122	521	3566
1280	512	3839	1346	521	3564
1536	512	3839	1578	521	3562
1792	512	3839	1802	522	3565
2048	512	3839	2026	522	3565
2303	512	3839	2250	523	3560
2559	512	3839	2484	523	3558
2815	512	3839	2714	524	3550
3071	512	3839	2939	524	3550
3327	512	3839	3164	524	3546
3583	512	3839	3386	525	3550
3839	512	3839	3598	526	3556
4095	512	3839	3808	528	3556
0	768	3839	238	771	3566
256	768	3839	462	774	3580
512	768	3839	690	776	3587
768	768	3839	920	778	3584
1024	768	3839	1142	777	3576
1280	768	3839	1366	777	3576
1536	768	3839	1599	776	3578
1792	768	3839	1828	778	3579
2048	768	3839	2050	778	3579
2303	768	3839	2270	780	3574
2559	768	3839	2510	779	3567
2815	768	3839	2738	778	3559
3071	768	3839	2960	777	3553
3327	768	3839	3182	776	3552
3583	768	3839	3402	777	3559
3839	768	3839	3617	780	3560
4095	768	3839	3826	780	3566
0	1024	3839	255	1025	3566
256	1024	3839	478	1032	3582
512	1024	3839	707	1036	3587
768	1024	3839	938	1038	3592
1024	1024	3839	1163	1038	3586
1280	1024	3839	1389	1038	3586
1536	1024	3839	1622	1038	3584
1792	1024	3839	1852	1040	3584
2048	1024	3839	2072	1040	3582
2303	1024	3839	2292	1039	3583
2559	1024	3839	2529	1037	3570
2815	1024	3839	2755	1036	3567
3071	1024	3839	2981	1036	3563
3327	1024	3839	3206	1036	3558
3583	1024	3839	3426	1038	3570
3839	1024	3839	3640	1040	3566
4095	1024	3839	3848	1041	3572
0	1280	3839	271	1273	3578
256	1280	3839	494	1282	3576
512	1280	3839	722	1282	3582
768	1280	3839	954	1286	3590
1024	1280	3839	1180	1290	3593
1280	1280	3839	1409	1291	3592
1536	1280	3839	1642	1291	3594
1792	1280	3839	1869	1292	3588
2048	1280	3839	2092	1292	3586
2303	1280	3839	2313	1292	3576
2559	1280	3839	2548	1288	3578
2815	1280	3839	2774	1286	3574
3071	1280	3839	3000	1288	3570
3327	1280	3839	3227	1290	3565
3583	1280	3839	3447	1291	3572
3839	1280	3839	3660	1293	3574
4095	1280	3839	3868	1294	3576
0	1536	3839	288	1532	3579
256	1536	3839	510	1540	3577
512	1536	3839	738	1542	3588
768	1536	3839	971	1546	3595
1024	1536	3839	1198	1550	3597
1280	1536	3839	1429	1554	3599
1536	1536	3839	1662	1555	3602
1792	1536	3839	1890	1556	3597
2048	1536	3839	2115	1558	3591
2303	1536	3839	2331	1553	3586
2559	1536	3839	2572	1554	3586
2815	1536	3839	2797	1552	3576
3071	1536	3839	3022	1549	3576
3327	1536	3839	3248	1548	3572
3583	1536	3839	3468	1550	3578
3839	1536	3839	3679	1554	3574
4095	1536	3839	3889	1555	3580
0	1792	3839	304	1786	3570
256	1792	3839	527	1793	3582
512	1792	3839	756	1798	3588
768	1792	3839	991	1802	3590
1024	1792	3839	1215	1805	3592
1280	1792	3839	1446	1806	3594
1536	1792	3839	1682	1810	3600
1792	1792	3839	1911	1814	3604
2048	1792	3839	2132	1812	3605
2303	1792	3839	2358	1812	3606
2559	1792	3839	2596	1810	3602
2815	1792	3839	2821	1806	3594
3071	1792	3839	3041	1806	3583
3327	1792	3839	3270	1804	3584
3583	1792	3839	3490	1806	3586
3839	1792	3839	3698	1806	3587
4095	1792	3839	3906	1806	3586
0	2048	3839	322	2034	3574
256	2048	3839	544	2038	3584
512	2048	3839	774	2042	3589
768	2048	3839	1006	2044	3592
1024	2048	3839	1232	2050	3595
1280	2048	3839	1468	2056	3597
1536	2048	3839	1700	2058	3602
1792	2048	3839	1927	2059	3606
2048	2048	3839	2152	2061	3607
2303	2048	3839	2380	2063	3608
2559	2048	3839	2619	2062	3602
2815	2048	3839	2845	2059	3593
3071	2048	3839	3062	2052	3586
3327	2048	3839	3291	2056	3588
3583	2048	3839	3510	2058	3589
3839	2048	3839	3718	2058	3590
4095	2048	3839	3928	2059	3589
0	2303	3839	338	2292	3574
256	2303	3839	562	2300	3584
512	2303	3839	792	2300	3590
768	2303	3839	1026	2303	3597
1024	2303	3839	1249	2310	3598
1280	2303	3839	1485	2314	3604
1536	2303	3839	1716	2317	3604
1792	2303	3839	1943	2316	3604
2048	2303	3839	2166	2317	3604
2303	2303	3839	2395	2317	3603
2559	2303	3839	2634	2317	3600
2815	2303	3839	2859	2316	3594
3071	2303	3839	3079	2312	3588
3327	2303	3839	3310	2312	3590
3583	2303	3839	3526	2314	3592
3839	2303	3839	3732	2314	3593
4095	2303	3839	3943	2315	3588
0	2559	3839	354	2548	3572
256	2559	3839	578	2558	3583
512	2559	3839	809	2564	3586
768	2559	3839	1042	2567	3594
1024	2559	3839	1264	2572	3598
1280	2559	3839	1498	2574	3598
1536	2559	3839	1730	2576	3598
1792	2559	3839	1958	2577	3601
2048	2559	3839	2182	2579	3604
2303	2559	3839	2412	2580	3601
2559	2559	3839	2647	2580	3596
2815	2559	3839	2872	2576	3589
3071	2559	3839	3097	2574	3586
3327	2559	3839	3325	2572	3586
3583	2559	3839	3540	2578	3594
3839	2559	3839	3746	2576	3592
4095	2559	3839	3956	2575	3589
0	2815	3839	370	2796	3572
256	2815	3839	595	2804	3580
512	2815	3839	826	2810	3588
768	2815	3839	1058	2812	3595
1024	2815	3839	1281	2817	3598
1280	2815	3839	1514	2820	3594
1536	2815	3839	1746	2821	3597
1792	2815	3839	1972	2822	3598
2048	2815	3839	2196	2825	3599
2303	2815	3839	2426	2826	3598
2559	2815	3839	2664	2824	3595
2815	2815	3839	2894	2824	3593
3071	2815	3839	3118	2824	3594
3327	2815	3839	3345	2826	3596
3583	2815	3839	3553	2822	3592
3839	2815	3839	3755	2819	3587
4095	2815	3839	3968	2821	3586
0	3071	3839	387	3057	3575
256	3071	3839	612	3064	3584
512	3071	3839	842	3068	3587
768	3071	3839	1075	3074	3594
1024	3071	3839	1296	3074	3593
1280	3071	3839	1532	3076	3596
1536	3071	3839	1760	3083	3598
1792	3071	3839	1988	3084	3600
2048	3071	3839	2212	3086	3602
2303	3071	3839	2444	3085	3598
2559	3071	3839	2680	3081	3594
2815	3071	3839	2908	3082	3594
3071	3071	3839	3132	3086	3600
3327	3071	3839	3364	3081	3596
3583	3071	3839	3570	3079	3591
3839	3071	3839	3774	3082	3590
4095	3071	3839	3986	3081	3590
0	3327	3839	406	3314	3584
256	3327	3839	632	3322	3592
512	3327	3839	862	3326	3596
768	3327	3839	1093	3330	3598
1024	3327	3839	1316	3330	3597
1280	3327	3839	1552	3329	3598
1536	3327	3839	1780	3336	3600
1792	3327	3839	2010	3342	3606
2048	3327	3839	2237	3346	3610
2303	3327	3839	2472	3346	3608
2559	3327	3839	2700	3337	3602
2815	3327	3839	2922	3332	3597
3071	3327	3839	3152	3336	3602
3327	3327	3839	3385	3340	3600
3583	3327	3839	3588	3340	3596
3839	3327	3839	3793	3336	3598
4095	3327	3839	4007	3336	3595
0	3583	3839	422	3548	3590
256	3583	3839	648	3555	3596
512	3583	3839	880	3560	3600
768	3583	3839	1110	3560	3602
1024	3583	3839	1334	3562	3600
1280	3583	3839	1570	3566	3604
1536	3583	3839	1800	3571	3608
1792	3583	3839	2027	3572	3608
2048	3583	3839	2251	3572	3608
2303	3583	3839	2482	3571	3606
2559	3583	3839	2716	3568	3604
2815	3583	3839	2944	3568	3601
3071	3583	3839	3170	3570	3600
3327	3583	3839	3396	3570	3599
3583	3583	3839	3603	3567	3602
3839	3583	3839	3813	3569	3598
4095	3583	3839	4024	3570	3598
0	3839	3839	440	3796	3600
256	3839	3839	667	3800	3602
512	3839	3839	898	3797	3601
768	3839	3839	1126	3798	3602
1024	3839	3839	1353	3802	3604
1280	3839	3839	1588	3804	3608
1536	3839	3839	1814	3806	3612
1792	3839	3839	2042	3808	3609
2048	3839	3839	2268	3810	3611
2303	3839	3839	2500	3807	3607
2559	3839	3839	2736	3806	3605
2815	3839	3839	2961	3807	3603
3071	3839	3839	3184	3805	3602
3327	3839	3839	3412	3804	3602
3583	3839	3839	3620	3806	3600
3839	3839	3839	3828	3810	3602
4095	3839	3839	4044	3808	3600
0	4095	3839	458	4034	3604
256	4095	3839	686	4039	3608
512	4095	3839	917	4037	3608
768	4095	3839	1144	4035	3608
1024	4095	3839	1371	4038	3609
1280	4095	3839	1606	4044	3612
1536	4095	3839	1834	4048	3614
1792	4095	3839	2062	4050	3614
2048	4095	3839	2284	4047	3611
2303	4095	3839	2522	4047	3609
2559	4095	3839	2752	4046	3605
2815	4095	3839	2979	4050	3608
3071	4095	3839	3208	4054	3612
3327	4095	3839	3436	4054	3611
3583	4095	3839	3644	4059	3611
3839	4095	3839	3858	4061	3612
4095	4095	3839	4074	4066	3612
0	0	4095	208	20	3847
256	0	4095	436	21	3835
512	0	4095	663	22	3824
768	0	4095	894	22	3818
1024	0	4095	1122	23	3816
1280	0	4095	1346	24	3815
1536	0	4095	1583	24	3820
1792	0	4095	1814	25	3820
2048	0	4095	2041	26	3824
2303	0	4095	2268	26	3826
2559	0	4095	2504	26	3823
2815	0	4095	2736	27	3816
3071	0	4095	2962	28	3814
3327	0	4095	3190	28	3820
3583	0	4095	3426	29	3827
3839	0	4095	3638	30	3837
4095	0	4095	3854	30	3838
0	256	4095	219	274	3782
256	256	4095	442	275	3776
512	256	4095	665	276	3771
768	256	4095	892	276	3764
1024	256	4095	1116	276	3762
1280	256	4095	1339	277	3763
1536	256	4095	1572	276	3760
1792	256	4095	1798	278	3764
2048	256	4095	2020	278	3764
2303	256	4095	2243	280	3762
2559	256	4095	2477	279	3760
2815	256	4095	2708	280	3756
3071	256	4095	2931	279	3750
3327	256	4095	3156	280	3759
3583	256	4095	3386	281	3768
3839	256	4095	3598	283	3769
4095	256	4095	3803	282	3769
0	512	4095	235	522	3782
256	512	4095	459	524	3795
512	512	4095	686	524	3791
768	512	4095	916	525	3789
1024	512	4095	1139	524	3782
1280	512	4095	1364	525	3782
1536	512	4095	1598	524	3782
1792	512	4095	1824	526	3782
2048	512	4095	2048	526	3782
2303	512	4095	2268	528	3780
2559	512	4095	2506	526	3778
2815	512	4095	2736	527	3774
3071	512	4095	2960	527	3768
3327	512	4095	3186	528	3772
3583	512	4095	3410	528	3776
3839	512	4095	3620	530	3778
4095	512	4095	3827	530	3779
0	768	4095	251	774	3780
256	768	4095	476	779	3792
512	768	4095	706	782	3802
768	768	4095	934	782	3796
1024	768	4095	1158	780	3797
1280	768	4095	1386	781	3794
1536	768	4095	1618	782	3794
1792	768	4095	1846	782	3790
2048	768	4095	2071	784	3788
2303	768	4095	2289	784	3788
2559	768	4095	2531	784	3788
2815	768	4095	2760	782	3782
3071	768	4095	2979	780	3768
3327	768	4095	3204	780	3776
3583	768	4095	3429	784	3782
3839	768	4095	3641	784	3783
4095	768	4095	3851	786	3788
0	1024	4095	269	1030	3793
256	1024	4095	494	1038	3798
512	1024	4095	722	1038	3800
768	1024	4095	954	1041	3808
1024	1024	4095	1179	1042	3806
1280	1024	4095	1408	1042	3803
1536	1024	4095	1642	1044	3802
1792	1024	4095	1868	1044	3801
2048	1024	4095	2092	1045	3802
2303	1024	4095	2314	1046	3802
2559	1024	4095	2551	1044	3790
2815	1024	4095	2779	1044	3786
3071	1024	4095	3002	1042	3778
3327	1024	4095	3230	1042	3787
3583	1024	4095	3456	1046	3794
3839	1024	4095	3668	1048	3797
4095	1024	4095	3876	1050	3796
0	1280	4095	285	1280	3792
256	1280	4095	508	1286	3792
512	1280	4095	736	1286	3796
768	1280	4095	970	1291	3808
1024	1280	4095	1198	1296	3817
1280	1280	4095	1430	1298	3812
1536	1280	4095	1662	1299	3808
1792	1280	4095	1888	1298	3812
2048	1280	4095	2112	1298	3802
2303	1280	4095	2332	1298	3797
2559	1280	4095	2572	1296	3796
2815	1280	4095	2798	1294	3790
3071	1280	4095	3022	1294	3785
3327	1280	4095	3252	1296	3790
3583	1280	4095	3474	1300	3797
3839	1280	4095	3683	1300	3802
4095	1280	4095	3894	1301	3802
0	1536	4095	302	1541	3792
256	1536	4095	525	1546	3806
512	1536	4095	755	1552	3808
768	1536	4095	990	1555	3811
1024	1536	4095	1217	1560	3817
1280	1536	4095	1452	1564	3824
1536	1536	4095	1682	1562	3817
1792	1536	4095	1908	1560	3813
2048	1536	4095	2130	1560	3812
2303	1536	4095	2352	1559	3808
2559	1536	4095	2592	1556	3796
2815	1536	4095	2816	1554	3796
3071	1536	4095	3048	1556	3800
3327	1536	4095	3277	1558	3800
3583	1536	4095	3497	1560	3805
3839	1536	4095	3707	1561	3805
4095	1536	4095	3916	1562	3806
0	1792	4095	318	1794	3800
256	1792	4095	543	1802	3807
512	1792	4095	774	1808	3810
768	1792	4095	1007	1810	3812
1024	1792	4095	1232	1813	3816
1280	1792	4095	1468	1816	3822
1536	1792	4095	1700	1816	3824
1792	1792	4095	1926	1816	3824
2048	1792	4095	2149	1818	3820
2303	1792	4095	2373	1817	3811
2559	1792	4095	2613	1816	3806
2815	1792	4095	2838	1811	3808
3071	1792	4095	3064	1810	3803
3327	1792	4095	3296	1812	3808
3583	1792	4095	3516	1815	3812
3839	1792	4095	3723	1816	3816
4095	1792	4095	3932	1816	3812
0	2048	4095	336	2040	3786
256	2048	4095	560	2050	3807
512	2048	4095	792	2055	3812
768	2048	4095	1026	2057	3814
1024	2048	4095	1250	2061	3818
1280	2048	4095	1484	2062	3818
1536	2048	4095	1717	2064	3825
1792	2048	4095	1947	2068	3828
2048	2048	4095	2172	2070	3824
2303	2048	4095	2399	2068	3822
2559	2048	4095	2638	2067	3812
2815	2048	4095	2863	2066	3816
3071	2048	4095	3087	2066	3817
3327	2048	4095	3320	2067	3817
3583	2048	4095	3534	2068	3818
3839	2048	4095	3745	2070	3820
4095	2048	4095	3957	2070	3815
0	2303	4095	352	2302	3798
256	2303	4095	578	2310	3812
512	2303	4095	808	2314	3814
768	2303	4095	1044	2316	3821
1024	2303	4095	1268	2322	3822
1280	2303	4095	1502	2321	3827
1536	2303	4095	1732	2323	3828
1792	2303	4095	1962	2326	3829
2048	2303	4095	2188	2328	3832
2303	2303	4095	2417	2326	3828
2559	2303	4095	2653	2322	3824
2815	2303	4095	2882	2322	3816
3071	2303	4095	3107	2324	3817
3327	2303	4095	3335	2326	3818
3583	2303	4095	3548	2324	3812
3839	2303	4095	3754	2323	3816
4095	2303	4095	3966	2324	3818
0	2559	4095	368	2564	3798
256	2559	4095	594	2569	3813
512	2559	4095	826	2574	3816
768	2559	4095	1059	2578	3823
1024	2559	4095	1283	2582	3821
1280	2559	4095	1519	2584	3824
1536	2559	4095	1748	2586	3827
1792	2559	4095	1976	2588	3828
2048	2559	4095	2202	2590	3832
2303	2559	4095	2434	2589	3832
2559	2559	4095	2670	2588	3822
2815	2559	4095	2898	2586	3818
3071	2559	4095	3122	2586	3820
3327	2559	4095	3353	2586	3820
3583	2559	4095	3564	2586	3818
3839	2559	4095	3769	2589	3816
4095	2559	4095	3980	2586	3820
0	2815	4095	386	2810	3800
256	2815	4095	612	2818	3812
512	2815	4095	843	2822	3820
768	2815	4095	1075	2827	3818
1024	2815	4095	1298	2825	3821
1280	2815	4095	1536	2828	3822
1536	2815	4095	1765	2832	3828
1792	2815	4095	1992	2836	3822
2048	2815	4095	2217	2834	3830
2303	2815	4095	2448	2833	3830
2559	2815	4095	2688	2834	3827
2815	2815	4095	2918	2836	3827
3071	2815	4095	3140	2834	3822
3327	2815	4095	3370	2833	3820
3583	2815	4095	3578	2832	3820
3839	2815	4095	3786	2835	3820
4095	2815	4095	3996	2836	3820
0	3071	4095	402	3071	3802
256	3071	4095	629	3079	3816
512	3071	4095	860	3082	3816
768	3071	4095	1092	3087	3819
1024	3071	4095	1314	3088	3822
1280	3071	4095	1554	3092	3824
1536	3071	4095	1780	3092	3826
1792	3071	4095	2008	3096	3829
2048	3071	4095	2233	3096	3832
2303	3071	4095	2467	3095	3827
2559	3071	4095	2704	3095	3828
2815	3071	4095	2934	3096	3835
3071	3071	4095	3158	3095	3826
3327	3071	4095	3385	3091	3822
3583	3071	4095	3590	3092	3825
3839	3071	4095	3802	3097	3824
4095	3071	4095	4016	3096	3824
0	3327	4095	420	3324	3797
256	3327	4095	645	3328	3810
512	3327	4095	878	3334	3812
768	3327	4095	1110	3340	3820
1024	3327	4095	1336	3342	3822
1280	3327	4095	1572	3343	3828
1536	3327	4095	1800	3348	3831
1792	3327	4095	2030	3354	3827
2048	3327	4095	2252	3351	3834
2303	3327	4095	2488	3350	3828
2559	3327	4095	2726	3352	3828
2815	3327	4095	2952	3350	3830
3071	3327	4095	3174	3348	3826
3327	3327	4095	3404	3348	3822
3583	3327	4095	3614	3354	3822
3839	3327	4095	3819	3354	3823
4095	3327	4095	4038	3354	3822
0	3583	4095	438	3568	3811
256	3583	4095	666	3573	3823
512	3583	4095	899	3574	3823
768	3583	4095	1128	3573	3824
1024	3583	4095	1354	3576	3822
1280	3583	4095	1596	3590	3834
1536	3583	4095	1819	3583	3832
1792	3583	4095	2046	3585	3832
2048	3583	4095	2268	3580	3836
2303	3583	4095	2509	3586	3832
2559	3583	4095	2742	3583	3832
2815	3583	4095	2964	3580	3830
3071	3583	4095	3191	3584	3827
3327	3583	4095	3422	3586	3831
3583	3583	4095	3628	3587	3828
3839	3583	4095	3837	3586	3829
4095	3583	4095	4058	3592	3826
0	3839	4095	456	3812	3823
256	3839	4095	684	3813	3828
512	3839	4095	917	3815	3828
768	3839	4095	1146	3817	3830
1024	3839	4095	1374	3818	3834
1280	3839	4095	1610	3823	3840
1536	3839	4095	1836	3826	3838
1792	3839	4095	2066	3828	3840
2048	3839	4095	2290	3825	3842
2303	3839	4095	2527	3828	3834
2559	3839	4095	2760	3824	3838
2815	3839	4095	2985	3822	3836
3071	3839	4095	3212	3826	3830
3327	3839	4095	3438	3826	3830
3583	3839	4095	3644	3825	3828
3839	3839	4095	3861	3828	3831
4095	3839	4095	4076	3832	3832
0	4095	4095	474	4052	3834
256	4095	4095	702	4053	3838
512	4095	4095	936	4054	3838
768	4095	4095	1164	4054	3839
1024	4095	4095	1392	4056	3840
1280	4095	4095	1626	4059	3840
1536	4095	4095	1852	4058	3840
1792	4095	4095	2080	4062	3841
2048	4095	4095	2310	4068	3848
2303	4095	4095	2542	4060	3840
2559	4095	4095	2775	4060	3835
2815	4095	4095	3000	4062	3832
3071	4095	4095	3228	4062	3832
3327	4095	4095	3453	4062	3832
3583	4095	4095	3660	4066	3832
3839	4095	4095	3874	4070	3834
4095	4095	4095	4095	4076	3834
