0	0	0	0	0	0
256	0	0	48	0	3
512	0	0	93	0	4
768	0	0	137	0	8
1024	0	0	179	0	9
1280	0	0	222	0	12
1536	0	0	264	0	15
1792	0	0	306	0	18
2048	0	0	347	0	20
2304	0	0	392	0	23
2560	0	0	449	0	26
2816	0	0	518	0	31
3072	0	0	600	0	35
3328	0	0	699	0	42
3584	0	0	817	0	49
3840	0	0	959	0	58
4095	0	0	1023	0	62
0	256	0	0	44	0
256	256	0	44	44	0
512	256	0	93	39	0
768	256	0	137	31	4
1024	256	0	182	9	7
1280	256	0	223	0	10
1536	256	0	265	0	13
1792	256	0	307	0	16
2048	256	0	349	0	19
2304	256	0	394	0	23
2560	256	0	450	0	26
2816	256	0	518	0	29
3072	256	0	600	0	35
3328	256	0	700	0	42
3584	256	0	818	0	49
3840	256	0	959	0	58
4095	256	0	1023	0	61
0	512	0	0	85	0
256	512	0	21	87	0
512	512	0	87	85	0
768	512	0	134	82	0
1024	512	0	180	77	0
1280	512	0	223	71	0
1536	512	0	266	62	8
1792	512	0	308	48	13
2048	512	0	351	17	15
2304	512	0	396	0	20
2560	512	0	453	0	23
2816	512	0	520	0	28
3072	512	0	603	0	34
3328	512	0	701	0	40
3584	512	0	819	0	48
3840	512	0	961	0	57
4095	512	0	1023	0	61
0	768	0	0	127	0
256	768	0	0	127	0
512	768	0	73	126	0
768	768	0	128	125	0
1024	768	0	175	122	0
1280	768	0	220	119	0
1536	768	0	264	114	0
1792	768	0	307	109	0
2048	768	0	349	102	3
2304	768	0	396	90	12
2560	768	0	454	71	19
2816	768	0	523	0	24
3072	768	0	606	0	31
3328	768	0	704	0	38
3584	768	0	821	0	45
3840	768	0	962	0	55
4095	768	0	1023	0	60
0	1024	0	0	166	0
256	1024	0	0	166	0
512	1024	0	43	167	0
768	1024	0	115	165	0
1024	1024	0	167	164	0
1280	1024	0	215	161	0
1536	1024	0	260	158	0
1792	1024	0	304	156	0
2048	1024	0	347	150	0
2304	1024	0	394	144	0
2560	1024	0	452	134	0
2816	1024	0	522	118	17
3072	1024	0	607	89	25
3328	1024	0	707	0	34
3584	1024	0	824	0	42
3840	1024	0	964	0	53
4095	1024	0	1023	0	57
0	1280	0	0	206	0
256	1280	0	0	206	0
512	1280	0	0	206	0
768	1280	0	96	206	0
1024	1280	0	156	204	0
1280	1280	0	207	203	0
1536	1280	0	254	200	0
1792	1280	0	299	197	0
2048	1280	0	343	194	0
2304	1280	0	391	190	0
2560	1280	0	450	183	0
2816	1280	0	520	173	0
3072	1280	0	605	155	15
3328	1280	0	706	126	27
3584	1280	0	827	55	39
3840	1280	0	967	0	49
4095	1280	0	1023	0	55
0	1536	0	0	245	0
256	1536	0	0	245	0
512	1536	0	0	245	0
768	1536	0	62	246	0
1024	1536	0	140	244	0
1280	1536	0	196	243	0
1536	1536	0	246	240	0
1792	1536	0	293	239	0
2048	1536	0	338	236	0
2304	1536	0	387	233	0
2560	1536	0	446	228	0
2816	1536	0	517	220	0
3072	1536	0	602	207	0
3328	1536	0	705	189	15
3584	1536	0	826	156	31
3840	1536	0	969	79	44
4095	1536	0	1023	0	52
0	1792	0	0	282	0
256	1792	0	0	283	0
512	1792	0	0	283	0
768	1792	0	0	283	0
1024	1792	0	119	283	0
1280	1792	0	183	283	0
1536	1792	0	237	280	0
1792	1792	0	285	279	0
2048	1792	0	332	277	0
2304	1792	0	382	273	0
2560	1792	0	442	270	0
2816	1792	0	514	263	0
3072	1792	0	600	254	0
3328	1792	0	703	240	0
3584	1792	0	824	216	20
3840	1792	0	968	175	37
4095	1792	0	1023	67	48
0	2048	0	0	321	0
256	2048	0	0	321	0
512	2048	0	0	322	0
768	2048	0	0	322	0
1024	2048	0	82	322	0
1280	2048	0	165	321	0
1536	2048	0	224	320	0
1792	2048	0	275	318	0
2048	2048	0	323	317	0
2304	2048	0	375	314	0
2560	2048	0	437	311	0
2816	2048	0	509	306	0
3072	2048	0	597	298	0
3328	2048	0	700	286	0
3584	2048	0	822	268	0
3840	2048	0	966	239	27
4095	2048	0	1023	166	41
0	2304	0	0	364	0
256	2304	0	0	364	0
512	2304	0	0	364	0
768	2304	0	0	365	0
1024	2304	0	0	365	0
1280	2304	0	136	364	0
1536	2304	0	205	363	0
1792	2304	0	262	362	0
2048	2304	0	313	361	0
2304	2304	0	366	358	0
2560	2304	0	430	356	0
2816	2304	0	505	351	0
3072	2304	0	592	345	0
3328	2304	0	696	336	0
3584	2304	0	820	321	0
3840	2304	0	964	298	0
4095	2304	0	1023	234	33
0	2560	0	0	416	0
256	2560	0	0	416	0
512	2560	0	0	416	0
768	2560	0	0	417	0
1024	2560	0	0	417	0
1280	2560	0	72	417	0
1536	2560	0	174	416	0
1792	2560	0	241	415	0
2048	2560	0	296	414	0
2304	2560	0	353	412	0
2560	2560	0	418	410	0
2816	2560	0	495	406	0
3072	2560	0	586	401	0
3328	2560	0	691	394	0
3584	2560	0	815	382	0
3840	2560	0	961	363	0
4095	2560	0	1023	302	3
0	2816	0	0	479	0
256	2816	0	0	479	0
512	2816	0	0	479	0
768	2816	0	0	479	0
1024	2816	0	0	480	0
1280	2816	0	0	480	0
1536	2816	0	111	481	0
1792	2816	0	203	479	0
2048	2816	0	269	478	0
2304	2816	0	332	477	0
2560	2816	0	402	475	0
2816	2816	0	483	472	0
3072	2816	0	576	468	0
3328	2816	0	683	461	0
3584	2816	0	809	452	0
3840	2816	0	957	438	0
4095	2816	0	1023	377	0
0	3072	0	0	555	0
256	3072	0	0	555	0
512	3072	0	0	555	0
768	3072	0	0	555	0
1024	3072	0	0	556	0
1280	3072	0	0	556	0
1536	3072	0	0	557	0
1792	3072	0	127	557	0
2048	3072	0	222	556	0
2304	3072	0	298	555	0
2560	3072	0	376	554	0
2816	3072	0	463	551	0
3072	3072	0	560	547	0
3328	3072	0	671	543	0
3584	3072	0	800	535	0
3840	3072	0	949	524	0
4095	3072	0	1023	461	0
0	3328	0	0	647	0
256	3328	0	0	647	0
512	3328	0	0	647	0
768	3328	0	0	648	0
1024	3328	0	0	648	0
1280	3328	0	0	648	0
1536	3328	0	0	649	0
1792	3328	0	0	649	0
2048	3328	0	114	649	0
2304	3328	0	236	649	0
2560	3328	0	334	647	0
2816	3328	0	432	645	0
3072	3328	0	536	643	0
3328	3328	0	653	638	0
3584	3328	0	785	632	0
3840	3328	0	938	623	0
4095	3328	0	1023	562	0
0	3584	0	0	757	0
256	3584	0	0	757	0
512	3584	0	0	757	0
768	3584	0	0	757	0
1024	3584	0	0	757	0
1280	3584	0	0	758	0
1536	3584	0	0	758	0
1792	3584	0	0	759	0
2048	3584	0	0	759	0
2304	3584	0	56	760	0
2560	3584	0	256	759	0
2816	3584	0	378	757	0
3072	3584	0	497	755	0
3328	3584	0	624	752	0
3584	3584	0	763	747	0
3840	3584	0	921	739	0
4095	3584	0	1023	686	0
0	3840	0	0	887	0
256	3840	0	0	887	0
512	3840	0	0	888	0
768	3840	0	0	888	0
1024	3840	0	0	888	0
1280	3840	0	0	888	0
1536	3840	0	0	888	0
1792	3840	0	0	888	0
2048	3840	0	0	889	0
2304	3840	0	0	889	0
2560	3840	0	0	890	0
2816	3840	0	280	889	0
3072	3840	0	434	887	0
3328	3840	0	577	885	0
3584	3840	0	729	880	0
3840	3840	0	895	875	0
4095	3840	0	1023	836	0
0	4095	0	0	1023	0
256	4095	0	0	1023	0
512	4095	0	0	1023	0
768	4095	0	0	1023	0
1024	4095	0	0	1023	0
1280	4095	0	0	1023	0
1536	4095	0	0	1023	0
1792	4095	0	0	1023	0
2048	4095	0	0	1023	0
2304	4095	0	0	1023	0
2560	4095	0	0	1023	0
2816	4095	0	0	1023	0
3072	4095	0	305	1023	0
3328	4095	0	491	1023	0
3584	4095	0	663	1023	0
3840	4095	0	845	1023	0
4095	4095	0	1023	1019	0
0	0	256	0	0	39
256	0	256	47	0	42
512	0	256	92	0	43
768	0	256	137	0	45
1024	0	256	179	0	46
1280	0	256	222	0	47
1536	0	256	264	0	46
1792	0	256	306	0	48
2048	0	256	347	0	50
2304	0	256	392	0	50
2560	0	256	449	0	52
2816	0	256	518	0	55
3072	0	256	600	0	57
3328	0	256	699	0	61
3584	0	256	817	0	66
3840	0	256	959	0	72
4095	0	256	1023	0	74
0	256	256	0	43	43
256	256	256	44	44	44
512	256	256	93	39	43
768	256	256	137	31	44
1024	256	256	182	7	45
1280	256	256	223	0	47
1536	256	256	265	0	46
1792	256	256	307	0	48
2048	256	256	348	0	50
2304	256	256	394	0	50
2560	256	256	450	0	52
2816	256	256	518	0	55
3072	256	256	600	0	57
3328	256	256	700	0	61
3584	256	256	818	0	66
3840	256	256	959	0	72
4095	256	256	1023	0	74
0	512	256	0	85	43
256	512	256	17	87	42
512	512	256	86	84	43
768	512	256	134	82	44
1024	512	256	180	77	45
1280	512	256	223	71	46
1536	512	256	266	62	46
1792	512	256	308	48	48
2048	512	256	351	17	48
2304	512	256	396	0	49
2560	512	256	453	0	51
2816	512	256	520	0	53
3072	512	256	602	0	57
3328	512	256	701	0	60
3584	512	256	819	0	65
3840	512	256	961	0	72
4095	512	256	1023	0	72
0	768	256	0	127	40
256	768	256	0	127	42
512	768	256	71	127	42
768	768	256	128	125	43
1024	768	256	175	122	43
1280	768	256	220	119	44
1536	768	256	264	114	44
1792	768	256	307	109	45
2048	768	256	349	100	47
2304	768	256	396	90	47
2560	768	256	454	71	49
2816	768	256	523	0	52
3072	768	256	606	0	55
3328	768	256	704	0	58
3584	768	256	821	0	64
3840	768	256	961	0	71
4095	768	256	1023	0	71
0	1024	256	0	166	38
256	1024	256	0	166	38
512	1024	256	41	167	39
768	1024	256	115	165	39
1024	1024	256	167	164	40
1280	1024	256	215	161	41
1536	1024	256	260	158	42
1792	1024	256	303	156	42
2048	1024	256	347	150	43
2304	1024	256	394	144	45
2560	1024	256	452	134	47
2816	1024	256	521	118	50
3072	1024	256	607	89	52
3328	1024	256	707	0	57
3584	1024	256	824	0	62
3840	1024	256	964	0	68
4095	1024	256	1023	0	70
0	1280	256	0	206	34
256	1280	256	0	206	34
512	1280	256	0	206	34
768	1280	256	96	206	36
1024	1280	256	156	204	35
1280	1280	256	207	203	36
1536	1280	256	254	200	37
1792	1280	256	299	197	38
2048	1280	256	343	194	39
2304	1280	256	391	190	41
2560	1280	256	450	183	43
2816	1280	256	520	173	46
3072	1280	256	605	155	49
3328	1280	256	706	126	54
3584	1280	256	827	55	60
3840	1280	256	967	0	67
4095	1280	256	1023	0	68
0	1536	256	0	245	27
256	1536	256	0	245	27
512	1536	256	0	245	27
768	1536	256	61	246	28
1024	1536	256	140	244	28
1280	1536	256	196	243	29
1536	1536	256	246	240	30
1792	1536	256	293	239	31
2048	1536	256	338	236	34
2304	1536	256	387	233	35
2560	1536	256	446	228	37
2816	1536	256	517	220	40
3072	1536	256	602	207	45
3328	1536	256	705	189	50
3584	1536	256	826	156	56
3840	1536	256	969	79	63
4095	1536	256	1023	0	65
0	1792	256	0	283	12
256	1792	256	0	283	12
512	1792	256	0	283	13
768	1792	256	0	283	14
1024	1792	256	119	283	16
1280	1792	256	183	283	18
1536	1792	256	237	280	20
1792	1792	256	285	279	22
2048	1792	256	332	277	24
2304	1792	256	382	273	26
2560	1792	256	442	270	30
2816	1792	256	514	263	33
3072	1792	256	600	254	39
3328	1792	256	702	240	44
3584	1792	256	824	216	52
3840	1792	256	968	175	60
4095	1792	256	1023	67	63
0	2048	256	0	321	0
256	2048	256	0	321	0
512	2048	256	0	322	0
768	2048	256	0	322	0
1024	2048	256	82	322	0
1280	2048	256	165	321	0
1536	2048	256	224	320	0
1792	2048	256	275	318	0
2048	2048	256	323	317	0
2304	2048	256	375	315	0
2560	2048	256	437	311	15
2816	2048	256	509	306	21
3072	2048	256	597	298	28
3328	2048	256	700	286	36
3584	2048	256	822	268	45
3840	2048	256	966	239	54
4095	2048	256	1023	166	59
0	2304	256	0	364	0
256	2304	256	0	364	0
512	2304	256	0	364	0
768	2304	256	0	365	0
1024	2304	256	0	365	0
1280	2304	256	136	364	0
1536	2304	256	205	363	0
1792	2304	256	262	362	0
2048	2304	256	313	361	0
2304	2304	256	366	358	0
2560	2304	256	430	356	0
2816	2304	256	505	351	0
3072	2304	256	592	345	0
3328	2304	256	696	336	21
3584	2304	256	820	321	35
3840	2304	256	964	298	47
4095	2304	256	1023	234	53
0	2560	256	0	416	0
256	2560	256	0	416	0
512	2560	256	0	416	0
768	2560	256	0	417	0
1024	2560	256	0	417	0
1280	2560	256	70	417	0
1536	2560	256	174	416	0
1792	2560	256	239	415	0
2048	2560	256	296	414	0
2304	2560	256	353	412	0
2560	2560	256	418	410	0
2816	2560	256	495	406	0
3072	2560	256	586	401	0
3328	2560	256	691	394	0
3584	2560	256	815	381	0
3840	2560	256	961	363	31
4095	2560	256	1023	302	44
0	2816	256	0	479	0
256	2816	256	0	479	0
512	2816	256	0	479	0
768	2816	256	0	479	0
1024	2816	256	0	480	0
1280	2816	256	0	480	0
1536	2816	256	111	481	0
1792	2816	256	203	479	0
2048	2816	256	269	478	0
2304	2816	256	332	477	0
2560	2816	256	402	475	0
2816	2816	256	483	472	0
3072	2816	256	576	468	0
3328	2816	256	683	461	0
3584	2816	256	809	452	0
3840	2816	256	957	438	0
4095	2816	256	1023	377	24
0	3072	256	0	555	0
256	3072	256	0	555	0
512	3072	256	0	555	0
768	3072	256	0	555	0
1024	3072	256	0	556	0
1280	3072	256	0	556	0
1536	3072	256	0	557	0
1792	3072	256	126	557	0
2048	3072	256	221	556	0
2304	3072	256	298	555	0
2560	3072	256	376	554	0
2816	3072	256	463	551	0
3072	3072	256	560	547	0
3328	3072	256	671	543	0
3584	3072	256	800	535	0
3840	3072	256	949	524	0
4095	3072	256	1023	461	0
0	3328	256	0	647	0
256	3328	256	0	647	0
512	3328	256	0	647	0
768	3328	256	0	648	0
1024	3328	256	0	648	0
1280	3328	256	0	648	0
1536	3328	256	0	649	0
1792	3328	256	0	649	0
2048	3328	256	114	649	0
2304	3328	256	236	649	0
2560	3328	256	334	647	0
2816	3328	256	432	645	0
3072	3328	256	536	643	0
3328	3328	256	653	638	0
3584	3328	256	785	632	0
3840	3328	256	938	623	0
4095	3328	256	1023	562	0
0	3584	256	0	757	0
256	3584	256	0	757	0
512	3584	256	0	757	0
768	3584	256	0	757	0
1024	3584	256	0	757	0
1280	3584	256	0	758	0
1536	3584	256	0	758	0
1792	3584	256	0	759	0
2048	3584	256	0	759	0
2304	3584	256	55	760	0
2560	3584	256	256	759	0
2816	3584	256	378	757	0
3072	3584	256	497	755	0
3328	3584	256	624	752	0
3584	3584	256	763	747	0
3840	3584	256	921	739	0
4095	3584	256	1023	686	0
0	3840	256	0	887	0
256	3840	256	0	887	0
512	3840	256	0	888	0
768	3840	256	0	888	0
1024	3840	256	0	888	0
1280	3840	256	0	888	0
1536	3840	256	0	888	0
1792	3840	256	0	888	0
2048	3840	256	0	889	0
2304	3840	256	0	889	0
2560	3840	256	0	890	0
2816	3840	256	280	889	0
3072	3840	256	434	887	0
3328	3840	256	577	885	0
3584	3840	256	729	880	0
3840	3840	256	895	875	0
4095	3840	256	1023	836	0
0	4095	256	0	1023	0
256	4095	256	0	1023	0
512	4095	256	0	1023	0
768	4095	256	0	1023	0
1024	4095	256	0	1023	0
1280	4095	256	0	1023	0
1536	4095	256	0	1023	0
1792	4095	256	0	1023	0
2048	4095	256	0	1023	0
2304	4095	256	0	1023	0
2560	4095	256	0	1023	0
2816	4095	256	0	1023	0
3072	4095	256	305	1023	0
3328	4095	256	491	1023	0
3584	4095	256	663	1023	0
3840	4095	256	845	1023	0
4095	4095	256	1023	1019	0
0	0	512	0	0	78
256	0	512	45	0	80
512	0	512	91	0	82
768	0	512	135	0	83
1024	0	512	178	0	84
1280	0	512	221	0	85
1536	0	512	263	0	86
1792	0	512	305	0	86
2048	0	512	347	0	88
2304	0	512	392	0	89
2560	0	512	449	0	90
2816	0	512	517	0	91
3072	0	512	600	0	93
3328	0	512	699	0	96
3584	0	512	818	0	100
3840	0	512	958	0	103
4095	0	512	1023	0	100
0	256	512	0	44	81
256	256	512	39	43	82
512	256	512	91	39	83
768	256	512	136	31	84
1024	256	512	181	0	85
1280	256	512	222	0	86
1536	256	512	265	0	86
1792	256	512	306	0	88
2048	256	512	348	0	88
2304	256	512	393	0	89
2560	256	512	450	0	90
2816	256	512	519	0	91
3072	256	512	601	0	93
3328	256	512	700	0	96
3584	256	512	818	0	99
3840	256	512	959	0	103
4095	256	512	1023	0	100
0	512	512	0	86	82
256	512	512	0	86	84
512	512	512	84	84	84
768	512	512	134	81	85
1024	512	512	179	77	85
1280	512	512	222	71	86
1536	512	512	266	62	86
1792	512	512	309	48	87
2048	512	512	350	14	88
2304	512	512	396	0	90
2560	512	512	452	0	90
2816	512	512	520	0	91
3072	512	512	602	0	93
3328	512	512	701	0	96
3584	512	512	819	0	99
3840	512	512	960	0	103
4095	512	512	1023	0	100
0	768	512	0	126	84
256	768	512	0	126	84
512	768	512	69	127	85
768	768	512	126	124	85
1024	768	512	175	121	85
1280	768	512	219	119	86
1536	768	512	263	114	87
1792	768	512	307	108	87
2048	768	512	349	100	88
2304	768	512	395	90	89
2560	768	512	454	71	89
2816	768	512	523	0	91
3072	768	512	605	0	93
3328	768	512	704	0	95
3584	768	512	821	0	99
3840	768	512	961	0	103
4095	768	512	1023	0	98
0	1024	512	0	166	84
256	1024	512	0	166	84
512	1024	512	36	167	83
768	1024	512	113	165	84
1024	1024	512	167	164	84
1280	1024	512	214	161	84
1536	1024	512	260	158	86
1792	1024	512	303	155	86
2048	1024	512	347	150	87
2304	1024	512	394	144	87
2560	1024	512	452	133	89
2816	1024	512	522	117	90
3072	1024	512	606	87	93
3328	1024	512	707	0	95
3584	1024	512	824	0	97
3840	1024	512	964	0	102
4095	1024	512	1023	0	98
0	1280	512	0	205	81
256	1280	512	0	205	82
512	1280	512	0	205	82
768	1280	512	94	206	83
1024	1280	512	156	205	83
1280	1280	512	207	202	83
1536	1280	512	253	200	83
1792	1280	512	298	197	85
2048	1280	512	343	194	85
2304	1280	512	390	189	87
2560	1280	512	449	183	88
2816	1280	512	519	173	89
3072	1280	512	605	155	90
3328	1280	512	706	126	93
3584	1280	512	827	54	97
3840	1280	512	967	0	101
4095	1280	512	1023	0	97
0	1536	512	0	244	80
256	1536	512	0	244	80
512	1536	512	0	244	80
768	1536	512	59	245	80
1024	1536	512	140	244	81
1280	1536	512	196	243	82
1536	1536	512	246	240	83
1792	1536	512	292	239	83
2048	1536	512	338	236	83
2304	1536	512	386	233	84
2560	1536	512	446	228	85
2816	1536	512	517	220	87
3072	1536	512	602	207	89
3328	1536	512	704	189	92
3584	1536	512	826	155	95
3840	1536	512	969	79	99
4095	1536	512	1023	0	95
0	1792	512	0	283	78
256	1792	512	0	283	78
512	1792	512	0	283	78
768	1792	512	0	283	79
1024	1792	512	117	283	79
1280	1792	512	182	282	79
1536	1792	512	235	280	80
1792	1792	512	285	279	81
2048	1792	512	332	276	82
2304	1792	512	381	273	82
2560	1792	512	442	269	82
2816	1792	512	513	263	85
3072	1792	512	600	254	87
3328	1792	512	702	240	88
3584	1792	512	824	216	92
3840	1792	512	968	175	98
4095	1792	512	1023	66	93
0	2048	512	0	321	74
256	2048	512	0	321	75
512	2048	512	0	322	75
768	2048	512	0	322	75
1024	2048	512	79	322	76
1280	2048	512	163	321	76
1536	2048	512	222	320	77
1792	2048	512	275	318	78
2048	2048	512	323	316	78
2304	2048	512	375	315	79
2560	2048	512	437	311	79
2816	2048	512	509	306	81
3072	2048	512	597	298	83
3328	2048	512	700	286	86
3584	2048	512	822	268	90
3840	2048	512	966	238	95
4095	2048	512	1023	166	91
0	2304	512	0	363	70
256	2304	512	0	363	70
512	2304	512	0	363	70
768	2304	512	0	365	70
1024	2304	512	0	365	72
1280	2304	512	134	364	71
1536	2304	512	205	363	72
1792	2304	512	261	362	73
2048	2304	512	312	361	74
2304	2304	512	366	358	75
2560	2304	512	429	355	75
2816	2304	512	505	351	77
3072	2304	512	592	345	79
3328	2304	512	696	336	81
3584	2304	512	820	321	86
3840	2304	512	964	298	90
4095	2304	512	1023	234	88
0	2560	512	0	416	63
256	2560	512	0	416	63
512	2560	512	0	416	63
768	2560	512	0	417	64
1024	2560	512	0	417	64
1280	2560	512	68	417	65
1536	2560	512	173	416	65
1792	2560	512	239	415	66
2048	2560	512	296	414	67
2304	2560	512	353	412	68
2560	2560	512	418	410	68
2816	2560	512	495	406	70
3072	2560	512	586	401	73
3328	2560	512	691	394	75
3584	2560	512	815	381	80
3840	2560	512	961	363	85
4095	2560	512	1023	302	84
0	2816	512	0	479	50
256	2816	512	0	479	50
512	2816	512	0	479	50
768	2816	512	0	479	50
1024	2816	512	0	480	52
1280	2816	512	0	480	52
1536	2816	512	109	481	53
1792	2816	512	202	479	54
2048	2816	512	269	478	54
2304	2816	512	332	477	56
2560	2816	512	402	475	57
2816	2816	512	482	472	59
3072	2816	512	576	468	62
3328	2816	512	683	461	66
3584	2816	512	809	452	70
3840	2816	512	957	438	77
4095	2816	512	1023	377	76
0	3072	512	0	555	15
256	3072	512	0	555	15
512	3072	512	0	555	16
768	3072	512	0	555	17
1024	3072	512	0	556	18
1280	3072	512	0	556	19
1536	3072	512	0	557	22
1792	3072	512	125	557	23
2048	3072	512	221	556	25
2304	3072	512	298	555	28
2560	3072	512	376	554	31
2816	3072	512	463	551	35
3072	3072	512	560	547	39
3328	3072	512	671	543	45
3584	3072	512	800	535	52
3840	3072	512	949	524	61
4095	3072	512	1023	461	64
0	3328	512	0	647	0
256	3328	512	0	647	0
512	3328	512	0	647	0
768	3328	512	0	648	0
1024	3328	512	0	648	0
1280	3328	512	0	648	0
1536	3328	512	0	649	0
1792	3328	512	0	649	0
2048	3328	512	113	649	0
2304	3328	512	235	649	0
2560	3328	512	333	647	0
2816	3328	512	430	645	0
3072	3328	512	535	643	0
3328	3328	512	653	638	0
3584	3328	512	785	632	0
3840	3328	512	937	623	17
4095	3328	512	1023	562	39
0	3584	512	0	757	0
256	3584	512	0	757	0
512	3584	512	0	757	0
768	3584	512	0	757	0
1024	3584	512	0	757	0
1280	3584	512	0	758	0
1536	3584	512	0	758	0
1792	3584	512	0	759	0
2048	3584	512	0	759	0
2304	3584	512	51	760	0
2560	3584	512	254	759	0
2816	3584	512	378	757	0
3072	3584	512	497	755	0
3328	3584	512	624	752	0
3584	3584	512	763	747	0
3840	3584	512	921	739	0
4095	3584	512	1023	686	0
0	3840	512	0	887	0
256	3840	512	0	887	0
512	3840	512	0	888	0
768	3840	512	0	888	0
1024	3840	512	0	888	0
1280	3840	512	0	888	0
1536	3840	512	0	888	0
1792	3840	512	0	888	0
2048	3840	512	0	889	0
2304	3840	512	0	889	0
2560	3840	512	0	890	0
2816	3840	512	279	889	0
3072	3840	512	434	887	0
3328	3840	512	577	885	0
3584	3840	512	729	880	0
3840	3840	512	895	875	0
4095	3840	512	1023	836	0
0	4095	512	0	1023	0
256	4095	512	0	1023	0
512	4095	512	0	1023	0
768	4095	512	0	1023	0
1024	4095	512	0	1023	0
1280	4095	512	0	1023	0
1536	4095	512	0	1023	0
1792	4095	512	0	1023	0
2048	4095	512	0	1023	0
2304	4095	512	0	1023	0
2560	4095	512	0	1023	0
2816	4095	512	0	1023	0
3072	4095	512	304	1023	0
3328	4095	512	491	1023	0
3584	4095	512	663	1023	0
3840	4095	512	845	1023	0
4095	4095	512	1023	1019	0
0	0	768	0	0	114
256	0	768	38	0	118
512	0	768	88	0	119
768	0	768	134	0	120
1024	0	768	178	0	122
1280	0	768	220	0	124
1536	0	768	262	0	124
1792	0	768	304	0	126
2048	0	768	346	0	127
2304	0	768	391	0	127
2560	0	768	448	0	128
2816	0	768	517	0	129
3072	0	768	600	0	131
3328	0	768	699	0	134
3584	0	768	818	0	136
3840	0	768	958	0	139
4095	0	768	1023	0	131
0	256	768	0	42	119
256	256	768	31	42	120
512	256	768	88	38	122
768	256	768	134	28	123
1024	256	768	180	0	124
1280	256	768	223	0	125
1536	256	768	264	0	125
1792	256	768	306	0	126
2048	256	768	347	0	127
2304	256	768	393	0	127
2560	256	768	449	0	128
2816	256	768	518	0	130
3072	256	768	601	0	131
3328	256	768	699	0	134
3584	256	768	818	0	136
3840	256	768	959	0	139
4095	256	768	1023	0	131
0	512	768	0	85	121
256	512	768	0	85	123
512	512	768	81	83	122
768	512	768	131	81	124
1024	512	768	177	76	125
1280	512	768	221	70	126
1536	512	768	265	60	127
1792	512	768	308	46	126
2048	512	768	350	9	128
2304	512	768	395	0	129
2560	512	768	452	0	129
2816	512	768	519	0	130
3072	512	768	602	0	131
3328	512	768	700	0	134
3584	512	768	819	0	136
3840	512	768	960	0	139
4095	512	768	1023	0	131
0	768	768	0	125	122
256	768	768	0	125	124
512	768	768	66	126	124
768	768	768	124	124	124
1024	768	768	173	121	124
1280	768	768	219	118	125
1536	768	768	262	114	126
1792	768	768	306	108	127
2048	768	768	348	100	127
2304	768	768	395	89	129
2560	768	768	453	69	130
2816	768	768	523	0	130
3072	768	768	605	0	132
3328	768	768	704	0	134
3584	768	768	821	0	136
3840	768	768	961	0	139
4095	768	768	1023	0	130
0	1024	768	0	166	122
256	1024	768	0	166	122
512	1024	768	26	166	124
768	1024	768	111	166	124
1024	1024	768	165	164	125
1280	1024	768	212	161	125
1536	1024	768	258	158	126
1792	1024	768	303	155	126
2048	1024	768	346	149	127
2304	1024	768	393	144	128
2560	1024	768	451	133	129
2816	1024	768	522	117	130
3072	1024	768	606	87	131
3328	1024	768	707	0	134
3584	1024	768	824	0	136
3840	1024	768	964	0	139
4095	1024	768	1023	0	130
0	1280	768	0	205	123
256	1280	768	0	205	123
512	1280	768	0	206	124
768	1280	768	91	205	123
1024	1280	768	154	204	124
1280	1280	768	205	202	125
1536	1280	768	253	199	125
1792	1280	768	298	198	126
2048	1280	768	341	194	126
2304	1280	768	390	189	127
2560	1280	768	449	183	128
2816	1280	768	519	172	129
3072	1280	768	605	155	131
3328	1280	768	706	126	133
3584	1280	768	826	52	136
3840	1280	768	967	0	138
4095	1280	768	1023	0	129
0	1536	768	0	244	122
256	1536	768	0	244	122
512	1536	768	0	244	122
768	1536	768	53	245	123
1024	1536	768	139	243	124
1280	1536	768	194	242	124
1536	1536	768	244	241	124
1792	1536	768	292	239	124
2048	1536	768	336	236	126
2304	1536	768	386	233	125
2560	1536	768	445	227	127
2816	1536	768	517	220	128
3072	1536	768	602	207	130
3328	1536	768	704	189	131
3584	1536	768	825	155	134
3840	1536	768	969	78	138
4095	1536	768	1023	0	128
0	1792	768	0	283	121
256	1792	768	0	283	121
512	1792	768	0	283	122
768	1792	768	0	284	122
1024	1792	768	114	283	123
1280	1792	768	180	282	123
1536	1792	768	235	280	124
1792	1792	768	284	279	124
2048	1792	768	330	276	124
2304	1792	768	381	274	124
2560	1792	768	442	269	125
2816	1792	768	513	263	127
3072	1792	768	599	254	128
3328	1792	768	702	240	130
3584	1792	768	824	216	133
3840	1792	768	968	175	136
4095	1792	768	1023	66	126
0	2048	768	0	320	120
256	2048	768	0	321	120
512	2048	768	0	321	120
768	2048	768	0	321	121
1024	2048	768	76	322	121
1280	2048	768	162	320	122
1536	2048	768	222	320	122
1792	2048	768	274	319	123
2048	2048	768	323	316	123
2304	2048	768	375	314	123
2560	2048	768	436	311	124
2816	2048	768	509	306	125
3072	2048	768	597	298	126
3328	2048	768	700	286	129
3584	2048	768	822	268	131
3840	2048	768	966	238	135
4095	2048	768	1023	166	126
0	2304	768	0	363	117
256	2304	768	0	363	117
512	2304	768	0	363	117
768	2304	768	0	364	119
1024	2304	768	0	364	119
1280	2304	768	133	364	120
1536	2304	768	203	362	119
1792	2304	768	261	362	120
2048	2304	768	312	360	120
2304	2304	768	366	358	121
2560	2304	768	429	355	122
2816	2304	768	504	351	123
3072	2304	768	592	345	125
3328	2304	768	696	336	126
3584	2304	768	819	321	129
3840	2304	768	964	297	133
4095	2304	768	1023	234	123
0	2560	768	0	415	114
256	2560	768	0	415	115
512	2560	768	0	415	115
768	2560	768	0	416	115
1024	2560	768	0	416	115
1280	2560	768	64	417	116
1536	2560	768	171	416	116
1792	2560	768	238	415	116
2048	2560	768	294	414	117
2304	2560	768	352	412	118
2560	2560	768	418	409	118
2816	2560	768	495	406	119
3072	2560	768	585	401	121
3328	2560	768	691	394	123
3584	2560	768	815	381	125
3840	2560	768	961	363	129
4095	2560	768	1023	302	120
0	2816	768	0	479	108
256	2816	768	0	479	110
512	2816	768	0	479	110
768	2816	768	0	479	110
1024	2816	768	0	480	110
1280	2816	768	0	480	111
1536	2816	768	107	481	111
1792	2816	768	201	480	112
2048	2816	768	267	478	111
2304	2816	768	330	477	112
2560	2816	768	401	475	114
2816	2816	768	482	472	114
3072	2816	768	576	468	115
3328	2816	768	683	461	117
3584	2816	768	809	452	121
3840	2816	768	956	438	124
4095	2816	768	1023	377	116
0	3072	768	0	555	101
256	3072	768	0	555	101
512	3072	768	0	555	101
768	3072	768	0	556	101
1024	3072	768	0	556	101
1280	3072	768	0	556	102
1536	3072	768	0	557	102
1792	3072	768	122	558	103
2048	3072	768	220	556	103
2304	3072	768	296	555	104
2560	3072	768	375	554	104
2816	3072	768	462	551	106
3072	3072	768	560	548	107
3328	3072	768	671	543	110
3584	3072	768	799	535	112
3840	3072	768	948	524	116
4095	3072	768	1023	461	110
0	3328	768	0	647	87
256	3328	768	0	647	87
512	3328	768	0	647	87
768	3328	768	0	648	87
1024	3328	768	0	648	87
1280	3328	768	0	648	88
1536	3328	768	0	649	88
1792	3328	768	0	650	89
2048	3328	768	111	649	89
2304	3328	768	235	649	90
2560	3328	768	333	647	90
2816	3328	768	430	645	92
3072	3328	768	535	643	94
3328	3328	768	653	638	95
3584	3328	768	785	632	99
3840	3328	768	937	623	104
4095	3328	768	1023	562	101
0	3584	768	0	757	57
256	3584	768	0	757	57
512	3584	768	0	757	57
768	3584	768	0	757	58
1024	3584	768	0	757	58
1280	3584	768	0	758	58
1536	3584	768	0	758	60
1792	3584	768	0	759	61
2048	3584	768	0	759	61
2304	3584	768	44	760	62
2560	3584	768	254	759	64
2816	3584	768	377	757	65
3072	3584	768	497	755	68
3328	3584	768	623	752	71
3584	3584	768	763	747	75
3840	3584	768	921	738	81
4095	3584	768	1023	686	84
0	3840	768	0	887	0
256	3840	768	0	888	0
512	3840	768	0	888	0
768	3840	768	0	888	0
1024	3840	768	0	888	0
1280	3840	768	0	888	0
1536	3840	768	0	888	0
1792	3840	768	0	888	0
2048	3840	768	0	889	0
2304	3840	768	0	889	0
2560	3840	768	0	890	0
2816	3840	768	278	890	0
3072	3840	768	432	887	0
3328	3840	768	577	885	0
3584	3840	768	728	880	0
3840	3840	768	895	875	0
4095	3840	768	1023	836	37
0	4095	768	0	1023	0
256	4095	768	0	1023	0
512	4095	768	0	1023	0
768	4095	768	0	1023	0
1024	4095	768	0	1023	0
1280	4095	768	0	1023	0
1536	4095	768	0	1023	0
1792	4095	768	0	1023	0
2048	4095	768	0	1023	0
2304	4095	768	0	1023	0
2560	4095	768	0	1023	0
2816	4095	768	0	1023	0
3072	4095	768	304	1023	0
3328	4095	768	491	1023	0
3584	4095	768	662	1023	0
3840	4095	768	844	1023	0
4095	4095	768	1023	1019	0
0	0	1024	0	0	150
256	0	1024	25	0	154
512	0	1024	86	0	155
768	0	1024	132	0	158
1024	0	1024	177	0	159
1280	0	1024	220	0	160
1536	0	1024	262	0	161
1792	0	1024	303	0	162
2048	0	1024	345	0	163
2304	0	1024	392	0	164
2560	0	1024	448	0	165
2816	0	1024	516	0	167
3072	0	1024	599	0	169
3328	0	1024	699	0	170
3584	0	1024	818	0	173
3840	0	1024	958	0	177
4095	0	1024	1023	0	164
0	256	1024	0	41	155
256	256	1024	12	41	156
512	256	1024	84	35	158
768	256	1024	132	26	160
1024	256	1024	178	0	162
1280	256	1024	221	0	162
1536	256	1024	264	0	162
1792	256	1024	304	0	163
2048	256	1024	346	0	163
2304	256	1024	392	0	164
2560	256	1024	449	0	166
2816	256	1024	517	0	168
3072	256	1024	600	0	169
3328	256	1024	699	0	170
3584	256	1024	818	0	174
3840	256	1024	959	0	177
4095	256	1024	1023	0	164
0	512	1024	0	84	158
256	512	1024	0	84	158
512	512	1024	77	84	161
768	512	1024	130	80	162
1024	512	1024	176	76	162
1280	512	1024	220	68	164
1536	512	1024	264	60	164
1792	512	1024	307	44	165
2048	512	1024	349	0	166
2304	512	1024	395	0	166
2560	512	1024	451	0	166
2816	512	1024	520	0	168
3072	512	1024	601	0	170
3328	512	1024	701	0	171
3584	512	1024	819	0	174
3840	512	1024	960	0	177
4095	512	1024	1023	0	164
0	768	1024	0	126	159
256	768	1024	0	126	160
512	768	1024	60	125	161
768	768	1024	121	123	162
1024	768	1024	172	120	163
1280	768	1024	218	118	163
1536	768	1024	262	113	164
1792	768	1024	305	108	165
2048	768	1024	347	100	166
2304	768	1024	394	89	167
2560	768	1024	453	69	168
2816	768	1024	522	0	169
3072	768	1024	605	0	170
3328	768	1024	703	0	171
3584	768	1024	821	0	174
3840	768	1024	962	0	177
4095	768	1024	1023	0	163
0	1024	1024	0	166	161
256	1024	1024	0	166	161
512	1024	1024	0	166	162
768	1024	1024	109	165	162
1024	1024	1024	163	163	163
1280	1024	1024	212	160	164
1536	1024	1024	257	158	164
1792	1024	1024	302	153	165
2048	1024	1024	344	149	165
2304	1024	1024	393	143	167
2560	1024	1024	450	133	167
2816	1024	1024	521	117	168
3072	1024	1024	606	86	170
3328	1024	1024	706	0	172
3584	1024	1024	824	0	173
3840	1024	1024	964	0	176
4095	1024	1024	1023	0	163
0	1280	1024	0	204	161
256	1280	1024	0	206	161
512	1280	1024	0	206	162
768	1280	1024	88	205	163
1024	1280	1024	152	204	163
1280	1280	1024	203	202	164
1536	1280	1024	251	200	165
1792	1280	1024	297	198	165
2048	1280	1024	341	194	166
2304	1280	1024	389	189	166
2560	1280	1024	449	182	167
2816	1280	1024	519	172	169
3072	1280	1024	604	155	170
3328	1280	1024	705	126	171
3584	1280	1024	826	51	174
3840	1280	1024	967	0	176
4095	1280	1024	1023	0	163
0	1536	1024	0	244	162
256	1536	1024	0	244	162
512	1536	1024	0	245	162
768	1536	1024	44	245	163
1024	1536	1024	135	244	163
1280	1536	1024	193	242	163
1536	1536	1024	244	241	164
1792	1536	1024	291	238	164
2048	1536	1024	336	236	165
2304	1536	1024	386	232	166
2560	1536	1024	445	227	167
2816	1536	1024	517	219	168
3072	1536	1024	601	207	169
3328	1536	1024	704	187	171
3584	1536	1024	825	155	173
3840	1536	1024	968	78	176
4095	1536	1024	1023	0	162
0	1792	1024	0	282	161
256	1792	1024	0	282	161
512	1792	1024	0	282	162
768	1792	1024	0	284	162
1024	1792	1024	111	283	163
1280	1792	1024	178	282	163
1536	1792	1024	233	280	163
1792	1792	1024	283	279	164
2048	1792	1024	330	276	164
2304	1792	1024	380	274	165
2560	1792	1024	441	269	165
2816	1792	1024	513	263	167
3072	1792	1024	599	254	168
3328	1792	1024	702	240	170
3584	1792	1024	823	216	172
3840	1792	1024	967	175	175
4095	1792	1024	1023	65	160
0	2048	1024	0	321	160
256	2048	1024	0	321	160
512	2048	1024	0	321	161
768	2048	1024	0	321	161
1024	2048	1024	71	322	162
1280	2048	1024	160	320	163
1536	2048	1024	221	319	163
1792	2048	1024	273	318	163
2048	2048	1024	321	316	163
2304	2048	1024	373	314	164
2560	2048	1024	435	311	165
2816	2048	1024	509	306	165
3072	2048	1024	596	298	167
3328	2048	1024	699	286	169
3584	2048	1024	821	268	170
3840	2048	1024	966	238	174
4095	2048	1024	1023	166	160
0	2304	1024	0	363	159
256	2304	1024	0	363	159
512	2304	1024	0	364	159
768	2304	1024	0	364	160
1024	2304	1024	0	364	160
1280	2304	1024	130	364	161
1536	2304	1024	202	363	162
1792	2304	1024	259	361	162
2048	2304	1024	310	360	162
2304	2304	1024	365	358	162
2560	2304	1024	428	355	163
2816	2304	1024	503	351	164
3072	2304	1024	591	345	166
3328	2304	1024	696	335	168
3584	2304	1024	818	320	170
3840	2304	1024	964	297	172
4095	2304	1024	1023	233	159
0	2560	1024	0	415	158
256	2560	1024	0	415	158
512	2560	1024	0	416	158
768	2560	1024	0	416	158
1024	2560	1024	0	416	159
1280	2560	1024	56	417	159
1536	2560	1024	170	415	160
1792	2560	1024	236	415	160
2048	2560	1024	293	414	161
2304	2560	1024	351	412	161
2560	2560	1024	418	409	161
2816	2560	1024	495	406	162
3072	2560	1024	585	400	163
3328	2560	1024	691	393	165
3584	2560	1024	815	381	167
3840	2560	1024	961	363	169
4095	2560	1024	1023	302	157
0	2816	1024	0	479	155
256	2816	1024	0	479	155
512	2816	1024	0	479	155
768	2816	1024	0	479	155
1024	2816	1024	0	480	155
1280	2816	1024	0	480	156
1536	2816	1024	103	480	156
1792	2816	1024	199	480	157
2048	2816	1024	266	478	157
2304	2816	1024	330	477	158
2560	2816	1024	401	475	158
2816	2816	1024	482	472	159
3072	2816	1024	574	468	160
3328	2816	1024	683	461	162
3584	2816	1024	809	452	164
3840	2816	1024	956	437	166
4095	2816	1024	1023	377	154
0	3072	1024	0	555	149
256	3072	1024	0	555	149
512	3072	1024	0	555	149
768	3072	1024	0	556	149
1024	3072	1024	0	556	151
1280	3072	1024	0	556	151
1536	3072	1024	0	557	152
1792	3072	1024	120	557	151
2048	3072	1024	219	556	152
2304	3072	1024	295	555	153
2560	3072	1024	375	553	153
2816	3072	1024	462	551	153
3072	3072	1024	559	548	154
3328	3072	1024	671	543	156
3584	3072	1024	799	535	158
3840	3072	1024	948	524	161
4095	3072	1024	1023	461	151
0	3328	1024	0	647	142
256	3328	1024	0	647	142
512	3328	1024	0	648	141
768	3328	1024	0	648	141
1024	3328	1024	0	648	143
1280	3328	1024	0	649	143
1536	3328	1024	0	649	143
1792	3328	1024	0	650	144
2048	3328	1024	106	649	144
2304	3328	1024	233	649	144
2560	3328	1024	332	647	145
2816	3328	1024	429	645	145
3072	3328	1024	535	643	147
3328	3328	1024	651	638	149
3584	3328	1024	785	632	150
3840	3328	1024	937	623	153
4095	3328	1024	1023	562	145
0	3584	1024	0	757	128
256	3584	1024	0	757	128
512	3584	1024	0	757	129
768	3584	1024	0	757	129
1024	3584	1024	0	757	129
1280	3584	1024	0	758	129
1536	3584	1024	0	758	130
1792	3584	1024	0	759	130
2048	3584	1024	0	759	130
2304	3584	1024	30	760	131
2560	3584	1024	252	759	132
2816	3584	1024	377	757	133
3072	3584	1024	496	755	134
3328	3584	1024	623	751	136
3584	3584	1024	763	746	137
3840	3584	1024	921	738	141
4095	3584	1024	1023	686	137
0	3840	1024	0	888	106
256	3840	1024	0	888	106
512	3840	1024	0	888	106
768	3840	1024	0	888	106
1024	3840	1024	0	888	107
1280	3840	1024	0	888	107
1536	3840	1024	0	888	107
1792	3840	1024	0	888	108
2048	3840	1024	0	889	108
2304	3840	1024	0	890	109
2560	3840	1024	0	890	110
2816	3840	1024	277	890	111
3072	3840	1024	432	887	112
3328	3840	1024	576	885	114
3584	3840	1024	728	880	117
3840	3840	1024	894	875	121
4095	3840	1024	1023	836	121
0	4095	1024	0	1023	52
256	4095	1024	0	1023	52
512	4095	1024	0	1023	53
768	4095	1024	0	1023	53
1024	4095	1024	0	1023	53
1280	4095	1024	0	1023	54
1536	4095	1024	0	1023	54
1792	4095	1024	0	1023	55
2048	4095	1024	0	1023	56
2304	4095	1024	0	1023	57
2560	4095	1024	0	1023	58
2816	4095	1024	0	1023	60
3072	4095	1024	303	1023	63
3328	4095	1024	490	1023	67
3584	4095	1024	662	1023	72
3840	4095	1024	844	1023	78
4095	4095	1024	1023	1019	86
0	0	1280	0	0	186
256	0	1280	0	0	190
512	0	1280	81	0	192
768	0	1280	129	0	194
1024	0	1280	174	0	196
1280	0	1280	218	0	196
1536	0	1280	261	0	197
1792	0	1280	303	0	199
2048	0	1280	344	0	200
2304	0	1280	391	0	201
2560	0	1280	448	0	202
2816	0	1280	516	0	204
3072	0	1280	598	0	206
3328	0	1280	698	0	208
3584	0	1280	817	0	210
3840	0	1280	958	0	213
4095	0	1280	1023	0	197
0	256	1280	0	39	190
256	256	1280	0	37	192
512	256	1280	80	34	194
768	256	1280	130	22	196
1024	256	1280	176	0	197
1280	256	1280	219	0	198
1536	256	1280	262	0	199
1792	256	1280	304	0	200
2048	256	1280	345	0	201
2304	256	1280	392	0	201
2560	256	1280	448	0	202
2816	256	1280	517	0	204
3072	256	1280	600	0	206
3328	256	1280	698	0	208
3584	256	1280	817	0	210
3840	256	1280	958	0	213
4095	256	1280	1023	0	197
0	512	1280	0	84	194
256	512	1280	0	84	195
512	512	1280	70	83	196
768	512	1280	126	79	198
1024	512	1280	174	75	199
1280	512	1280	219	68	200
1536	512	1280	263	58	201
1792	512	1280	306	42	202
2048	512	1280	348	0	204
2304	512	1280	394	0	204
2560	512	1280	450	0	203
2816	512	1280	519	0	205
3072	512	1280	602	0	206
3328	512	1280	701	0	208
3584	512	1280	819	0	210
3840	512	1280	959	0	213
4095	512	1280	1023	0	197
0	768	1280	0	125	196
256	768	1280	0	125	196
512	768	1280	51	124	199
768	768	1280	117	124	199
1024	768	1280	169	121	200
1280	768	1280	215	117	201
1536	768	1280	260	113	201
1792	768	1280	304	106	203
2048	768	1280	346	99	203
2304	768	1280	394	87	205
2560	768	1280	452	67	205
2816	768	1280	521	0	206
3072	768	1280	604	0	207
3328	768	1280	703	0	209
3584	768	1280	821	0	211
3840	768	1280	961	0	214
4095	768	1280	1023	0	197
0	1024	1280	0	165	197
256	1024	1280	0	165	199
512	1024	1280	0	166	200
768	1024	1280	104	165	200
1024	1024	1280	161	162	200
1280	1024	1280	210	160	202
1536	1024	1280	256	157	201
1792	1024	1280	300	153	203
2048	1024	1280	343	149	203
2304	1024	1280	392	143	204
2560	1024	1280	450	133	205
2816	1024	1280	521	116	207
3072	1024	1280	605	86	207
3328	1024	1280	706	0	210
3584	1024	1280	823	0	211
3840	1024	1280	963	0	214
4095	1024	1280	1023	0	196
0	1280	1280	0	205	199
256	1280	1280	0	205	199
512	1280	1280	0	205	200
768	1280	1280	81	205	201
1024	1280	1280	149	203	202
1280	1280	1280	201	201	201
1536	1280	1280	250	200	203
1792	1280	1280	295	197	203
2048	1280	1280	340	193	203
2304	1280	1280	389	189	204
2560	1280	1280	448	182	204
2816	1280	1280	518	171	207
3072	1280	1280	604	155	208
3328	1280	1280	705	125	210
3584	1280	1280	826	50	212
3840	1280	1280	966	0	213
4095	1280	1280	1023	0	196
0	1536	1280	0	243	199
256	1536	1280	0	244	200
512	1536	1280	0	244	200
768	1536	1280	30	244	201
1024	1536	1280	132	244	201
1280	1536	1280	191	242	202
1536	1536	1280	242	240	203
1792	1536	1280	289	238	202
2048	1536	1280	335	235	203
2304	1536	1280	384	232	204
2560	1536	1280	444	227	205
2816	1536	1280	516	218	206
3072	1536	1280	601	207	207
3328	1536	1280	703	187	209
3584	1536	1280	825	155	211
3840	1536	1280	968	77	214
4095	1536	1280	1023	0	195
0	1792	1280	0	282	199
256	1792	1280	0	282	199
512	1792	1280	0	283	200
768	1792	1280	0	283	202
1024	1792	1280	107	283	202
1280	1792	1280	177	281	202
1536	1792	1280	231	281	202
1792	1792	1280	281	278	203
2048	1792	1280	328	276	204
2304	1792	1280	379	274	204
2560	1792	1280	439	269	204
2816	1792	1280	512	263	206
3072	1792	1280	599	253	207
3328	1792	1280	701	240	208
3584	1792	1280	823	216	211
3840	1792	1280	967	175	213
4095	1792	1280	1023	64	195
0	2048	1280	0	321	198
256	2048	1280	0	321	200
512	2048	1280	0	321	200
768	2048	1280	0	322	201
1024	2048	1280	62	321	201
1280	2048	1280	157	321	201
1536	2048	1280	219	319	203
1792	2048	1280	272	318	202
2048	2048	1280	321	316	202
2304	2048	1280	373	314	203
2560	2048	1280	434	310	205
2816	2048	1280	508	305	205
3072	2048	1280	596	297	207
3328	2048	1280	699	286	207
3584	2048	1280	821	268	209
3840	2048	1280	965	238	213
4095	2048	1280	1023	165	195
0	2304	1280	0	362	199
256	2304	1280	0	364	199
512	2304	1280	0	364	199
768	2304	1280	0	364	199
1024	2304	1280	0	365	200
1280	2304	1280	126	364	201
1536	2304	1280	199	363	202
1792	2304	1280	257	361	202
2048	2304	1280	310	360	202
2304	2304	1280	364	358	203
2560	2304	1280	427	355	203
2816	2304	1280	502	350	205
3072	2304	1280	591	345	205
3328	2304	1280	695	335	207
3584	2304	1280	818	320	208
3840	2304	1280	964	297	211
4095	2304	1280	1023	233	194
0	2560	1280	0	415	198
256	2560	1280	0	415	198
512	2560	1280	0	416	198
768	2560	1280	0	416	198
1024	2560	1280	0	416	199
1280	2560	1280	46	417	201
1536	2560	1280	167	416	200
1792	2560	1280	235	414	200
2048	2560	1280	293	414	200
2304	2560	1280	350	412	202
2560	2560	1280	417	409	201
2816	2560	1280	493	406	203
3072	2560	1280	584	400	204
3328	2560	1280	689	393	205
3584	2560	1280	814	380	207
3840	2560	1280	961	363	210
4095	2560	1280	1023	302	193
0	2816	1280	0	479	196
256	2816	1280	0	479	196
512	2816	1280	0	479	196
768	2816	1280	0	480	196
1024	2816	1280	0	480	198
1280	2816	1280	0	481	197
1536	2816	1280	98	480	199
1792	2816	1280	197	480	199
2048	2816	1280	264	478	198
2304	2816	1280	329	477	200
2560	2816	1280	400	475	200
2816	2816	1280	480	472	200
3072	2816	1280	574	468	202
3328	2816	1280	682	461	202
3584	2816	1280	808	452	205
3840	2816	1280	956	437	207
4095	2816	1280	1023	377	190
0	3072	1280	0	555	193
256	3072	1280	0	555	193
512	3072	1280	0	556	193
768	3072	1280	0	556	193
1024	3072	1280	0	556	194
1280	3072	1280	0	557	194
1536	3072	1280	0	557	195
1792	3072	1280	116	557	195
2048	3072	1280	216	556	196
2304	3072	1280	294	555	196
2560	3072	1280	374	553	196
2816	3072	1280	460	551	197
3072	3072	1280	558	548	198
3328	3072	1280	669	543	199
3584	3072	1280	798	535	201
3840	3072	1280	948	524	204
4095	3072	1280	1023	461	189
0	3328	1280	0	647	187
256	3328	1280	0	647	187
512	3328	1280	0	647	188
768	3328	1280	0	647	188
1024	3328	1280	0	647	188
1280	3328	1280	0	648	188
1536	3328	1280	0	648	189
1792	3328	1280	0	649	189
2048	3328	1280	102	649	190
2304	3328	1280	232	648	191
2560	3328	1280	330	647	191
2816	3328	1280	429	645	191
3072	3328	1280	534	642	192
3328	3328	1280	651	638	194
3584	3328	1280	784	632	195
3840	3328	1280	937	622	198
4095	3328	1280	1023	562	186
0	3584	1280	0	757	179
256	3584	1280	0	757	179
512	3584	1280	0	757	179
768	3584	1280	0	757	180
1024	3584	1280	0	758	180
1280	3584	1280	0	758	180
1536	3584	1280	0	758	180
1792	3584	1280	0	759	181
2048	3584	1280	0	759	181
2304	3584	1280	0	759	182
2560	3584	1280	251	758	183
2816	3584	1280	376	757	183
3072	3584	1280	495	755	184
3328	3584	1280	622	751	185
3584	3584	1280	762	746	187
3840	3584	1280	920	739	190
4095	3584	1280	1023	686	181
0	3840	1280	0	887	165
256	3840	1280	0	887	165
512	3840	1280	0	887	165
768	3840	1280	0	887	165
1024	3840	1280	0	887	165
1280	3840	1280	0	888	166
1536	3840	1280	0	888	166
1792	3840	1280	0	888	166
2048	3840	1280	0	889	167
2304	3840	1280	0	890	167
2560	3840	1280	0	890	168
2816	3840	1280	276	890	169
3072	3840	1280	431	887	171
3328	3840	1280	576	885	172
3584	3840	1280	727	881	173
3840	3840	1280	894	875	175
4095	3840	1280	1023	836	173
0	4095	1280	0	1023	140
256	4095	1280	0	1023	140
512	4095	1280	0	1023	140
768	4095	1280	0	1023	140
1024	4095	1280	0	1023	140
1280	4095	1280	0	1023	140
1536	4095	1280	0	1023	141
1792	4095	1280	0	1023	141
2048	4095	1280	0	1023	140
2304	4095	1280	0	1023	141
2560	4095	1280	0	1023	142
2816	4095	1280	0	1023	143
3072	4095	1280	301	1023	144
3328	4095	1280	489	1023	146
3584	4095	1280	662	1023	148
3840	4095	1280	844	1023	152
4095	4095	1280	1023	1019	156
0	0	1536	0	0	221
256	0	1536	0	0	224
512	0	1536	73	0	228
768	0	1536	125	0	228
1024	0	1536	172	0	231
1280	0	1536	216	0	233
1536	0	1536	259	0	233
1792	0	1536	302	0	234
2048	0	1536	344	0	235
2304	0	1536	389	0	238
2560	0	1536	447	0	239
2816	0	1536	516	0	240
3072	0	1536	599	0	242
3328	0	1536	698	0	244
3584	0	1536	816	0	247
3840	0	1536	958	0	250
4095	0	1536	1023	0	230
0	256	1536	0	36	225
256	256	1536	0	36	228
512	256	1536	73	30	231
768	256	1536	126	16	232
1024	256	1536	173	0	232
1280	256	1536	217	0	234
1536	256	1536	260	0	235
1792	256	1536	303	0	235
2048	256	1536	344	0	237
2304	256	1536	391	0	238
2560	256	1536	447	0	239
2816	256	1536	516	0	241
3072	256	1536	599	0	242
3328	256	1536	699	0	244
3584	256	1536	816	0	247
3840	256	1536	958	0	250
4095	256	1536	1023	0	230
0	512	1536	0	82	229
256	512	1536	0	82	231
512	512	1536	62	82	233
768	512	1536	121	78	234
1024	512	1536	171	73	235
1280	512	1536	217	66	237
1536	512	1536	261	56	237
1792	512	1536	305	39	239
2048	512	1536	346	0	239
2304	512	1536	393	0	240
2560	512	1536	449	0	240
2816	512	1536	518	0	242
3072	512	1536	601	0	243
3328	512	1536	700	0	245
3584	512	1536	818	0	247
3840	512	1536	959	0	250
4095	512	1536	1023	0	230
0	768	1536	0	123	232
256	768	1536	0	125	233
512	768	1536	37	125	234
768	768	1536	113	123	236
1024	768	1536	166	120	236
1280	768	1536	214	116	238
1536	768	1536	258	111	238
1792	768	1536	302	106	239
2048	768	1536	345	98	240
2304	768	1536	393	87	241
2560	768	1536	451	66	242
2816	768	1536	521	0	243
3072	768	1536	603	0	244
3328	768	1536	702	0	246
3584	768	1536	820	0	248
3840	768	1536	961	0	250
4095	768	1536	1023	0	230
0	1024	1536	0	165	234
256	1024	1536	0	165	234
512	1024	1536	0	165	236
768	1024	1536	99	164	237
1024	1024	1536	157	163	237
1280	1024	1536	207	161	238
1536	1024	1536	254	157	239
1792	1024	1536	299	152	239
2048	1024	1536	342	148	241
2304	1024	1536	391	141	241
2560	1024	1536	449	131	243
2816	1024	1536	520	116	243
3072	1024	1536	604	84	246
3328	1024	1536	705	0	247
3584	1024	1536	822	0	248
3840	1024	1536	963	0	251
4095	1024	1536	1023	0	230
0	1280	1536	0	204	235
256	1280	1536	0	204	236
512	1280	1536	0	204	236
768	1280	1536	75	205	238
1024	1280	1536	145	203	239
1280	1280	1536	199	202	239
1536	1280	1536	248	199	239
1792	1280	1536	294	197	240
2048	1280	1536	339	193	241
2304	1280	1536	388	188	242
2560	1280	1536	446	182	243
2816	1280	1536	517	171	244
3072	1280	1536	603	153	245
3328	1280	1536	704	125	247
3584	1280	1536	825	47	249
3840	1280	1536	966	0	252
4095	1280	1536	1023	0	229
0	1536	1536	0	243	236
256	1536	1536	0	243	236
512	1536	1536	0	243	238
768	1536	1536	0	245	239
1024	1536	1536	127	243	239
1280	1536	1536	189	242	239
1536	1536	1536	240	240	240
1792	1536	1536	287	238	240
2048	1536	1536	333	235	240
2304	1536	1536	383	232	241
2560	1536	1536	444	227	243
2816	1536	1536	515	218	244
3072	1536	1536	600	207	245
3328	1536	1536	703	187	247
3584	1536	1536	824	153	250
3840	1536	1536	969	74	251
4095	1536	1536	1023	0	230
0	1792	1536	0	282	237
256	1792	1536	0	282	237
512	1792	1536	0	282	237
768	1792	1536	0	282	238
1024	1792	1536	101	283	239
1280	1792	1536	174	281	240
1536	1792	1536	230	280	241
1792	1792	1536	280	278	240
2048	1792	1536	327	276	241
2304	1792	1536	378	273	242
2560	1792	1536	439	268	243
2816	1792	1536	512	262	244
3072	1792	1536	598	253	245
3328	1792	1536	701	238	247
3584	1792	1536	823	216	249
3840	1792	1536	967	174	251
4095	1792	1536	1023	62	229
0	2048	1536	0	320	237
256	2048	1536	0	320	237
512	2048	1536	0	320	238
768	2048	1536	0	321	238
1024	2048	1536	51	321	239
1280	2048	1536	154	320	239
1536	2048	1536	216	319	241
1792	2048	1536	270	318	240
2048	2048	1536	319	315	241
2304	2048	1536	371	314	242
2560	2048	1536	434	310	243
2816	2048	1536	508	305	243
3072	2048	1536	594	297	245
3328	2048	1536	698	286	246
3584	2048	1536	821	267	248
3840	2048	1536	965	237	250
4095	2048	1536	1023	165	229
0	2304	1536	0	363	237
256	2304	1536	0	363	237
512	2304	1536	0	363	238
768	2304	1536	0	363	238
1024	2304	1536	0	364	239
1280	2304	1536	122	363	240
1536	2304	1536	197	363	240
1792	2304	1536	256	362	240
2048	2304	1536	308	360	241
2304	2304	1536	362	358	242
2560	2304	1536	427	355	242
2816	2304	1536	502	350	243
3072	2304	1536	591	344	244
3328	2304	1536	695	335	245
3584	2304	1536	817	320	247
3840	2304	1536	963	296	250
4095	2304	1536	1023	233	228
0	2560	1536	0	415	237
256	2560	1536	0	415	237
512	2560	1536	0	415	237
768	2560	1536	0	415	237
1024	2560	1536	0	416	238
1280	2560	1536	25	416	239
1536	2560	1536	163	416	240
1792	2560	1536	233	414	240
2048	2560	1536	290	413	240
2304	2560	1536	348	412	241
2560	2560	1536	416	410	242
2816	2560	1536	493	405	242
3072	2560	1536	584	400	243
3328	2560	1536	689	393	244
3584	2560	1536	814	380	246
3840	2560	1536	960	363	248
4095	2560	1536	1023	302	227
0	2816	1536	0	478	235
256	2816	1536	0	478	235
512	2816	1536	0	479	235
768	2816	1536	0	479	236
1024	2816	1536	0	479	236
1280	2816	1536	0	480	238
1536	2816	1536	92	480	239
1792	2816	1536	194	479	239
2048	2816	1536	263	479	239
2304	2816	1536	328	476	239
2560	2816	1536	399	474	239
2816	2816	1536	480	472	241
3072	2816	1536	574	467	242
3328	2816	1536	681	461	243
3584	2816	1536	808	451	244
3840	2816	1536	955	437	246
4095	2816	1536	1023	377	226
0	3072	1536	0	555	233
256	3072	1536	0	556	233
512	3072	1536	0	556	234
768	3072	1536	0	556	234
1024	3072	1536	0	556	234
1280	3072	1536	0	557	235
1536	3072	1536	0	557	235
1792	3072	1536	110	557	236
2048	3072	1536	214	556	237
2304	3072	1536	292	555	237
2560	3072	1536	372	553	237
2816	3072	1536	460	550	238
3072	3072	1536	557	548	239
3328	3072	1536	669	542	240
3584	3072	1536	798	534	242
3840	3072	1536	948	523	243
4095	3072	1536	1023	461	225
0	3328	1536	0	647	230
256	3328	1536	0	647	230
512	3328	1536	0	647	230
768	3328	1536	0	647	230
1024	3328	1536	0	647	230
1280	3328	1536	0	648	231
1536	3328	1536	0	648	231
1792	3328	1536	0	649	232
2048	3328	1536	96	649	232
2304	3328	1536	229	648	233
2560	3328	1536	329	647	233
2816	3328	1536	428	645	234
3072	3328	1536	533	642	235
3328	3328	1536	651	638	236
3584	3328	1536	783	632	238
3840	3328	1536	937	622	239
4095	3328	1536	1023	562	224
0	3584	1536	0	757	224
256	3584	1536	0	757	224
512	3584	1536	0	757	224
768	3584	1536	0	757	224
1024	3584	1536	0	757	225
1280	3584	1536	0	757	225
1536	3584	1536	0	757	225
1792	3584	1536	0	758	226
2048	3584	1536	0	759	226
2304	3584	1536	0	759	227
2560	3584	1536	249	758	227
2816	3584	1536	375	756	228
3072	3584	1536	495	754	229
3328	3584	1536	621	751	229
3584	3584	1536	761	746	231
3840	3584	1536	919	739	233
4095	3584	1536	1023	686	222
0	3840	1536	0	887	214
256	3840	1536	0	887	214
512	3840	1536	0	887	214
768	3840	1536	0	887	214
1024	3840	1536	0	887	214
1280	3840	1536	0	888	215
1536	3840	1536	0	888	215
1792	3840	1536	0	889	215
2048	3840	1536	0	889	216
2304	3840	1536	0	890	216
2560	3840	1536	0	891	217
2816	3840	1536	274	890	218
3072	3840	1536	430	887	219
3328	3840	1536	575	884	220
3584	3840	1536	726	881	221
3840	3840	1536	893	875	223
4095	3840	1536	1023	836	218
0	4095	1536	0	1023	195
256	4095	1536	0	1023	195
512	4095	1536	0	1023	195
768	4095	1536	0	1023	195
1024	4095	1536	0	1023	195
1280	4095	1536	0	1023	195
1536	4095	1536	0	1023	196
1792	4095	1536	0	1023	196
2048	4095	1536	0	1023	195
2304	4095	1536	0	1023	196
2560	4095	1536	0	1023	197
2816	4095	1536	0	1023	197
3072	4095	1536	300	1023	199
3328	4095	1536	489	1023	200
3584	4095	1536	661	1023	202
3840	4095	1536	843	1023	205
4095	4095	1536	1023	1019	208
0	0	1792	0	0	256
256	0	1792	0	0	259
512	0	1792	64	0	262
768	0	1792	121	0	265
1024	0	1792	170	0	266
1280	0	1792	214	0	267
1536	0	1792	257	0	268
1792	0	1792	300	0	270
2048	0	1792	342	0	272
2304	0	1792	388	0	273
2560	0	1792	445	0	274
2816	0	1792	515	0	277
3072	0	1792	598	0	278
3328	0	1792	697	0	280
3584	0	1792	816	0	283
3840	0	1792	957	0	286
4095	0	1792	1023	0	264
0	256	1792	0	33	260
256	256	1792	0	31	262
512	256	1792	62	26	266
768	256	1792	121	0	268
1024	256	1792	169	0	269
1280	256	1792	215	0	270
1536	256	1792	258	0	271
1792	256	1792	301	0	271
2048	256	1792	343	0	272
2304	256	1792	389	0	274
2560	256	1792	447	0	274
2816	256	1792	515	0	277
3072	256	1792	598	0	278
3328	256	1792	698	0	281
3584	256	1792	817	0	283
3840	256	1792	957	0	286
4095	256	1792	1023	0	263
0	512	1792	0	81	264
256	512	1792	0	81	266
512	512	1792	49	80	269
768	512	1792	117	77	269
1024	512	1792	167	72	271
1280	512	1792	214	65	272
1536	512	1792	259	54	274
1792	512	1792	303	36	275
2048	512	1792	346	0	276
2304	512	1792	392	0	276
2560	512	1792	448	0	277
2816	512	1792	517	0	278
3072	512	1792	600	0	279
3328	512	1792	699	0	281
3584	512	1792	818	0	283
3840	512	1792	958	0	287
4095	512	1792	1023	0	263
0	768	1792	0	124	267
256	768	1792	0	124	267
512	768	1792	0	123	270
768	768	1792	107	122	271
1024	768	1792	162	120	273
1280	768	1792	211	116	273
1536	768	1792	256	110	275
1792	768	1792	300	105	276
2048	768	1792	344	97	276
2304	768	1792	392	85	278
2560	768	1792	450	63	278
2816	768	1792	520	0	280
3072	768	1792	602	0	282
3328	768	1792	701	0	282
3584	768	1792	820	0	284
3840	768	1792	960	0	287
4095	768	1792	1023	0	263
0	1024	1792	0	164	269
256	1024	1792	0	164	270
512	1024	1792	0	164	272
768	1024	1792	92	164	273
1024	1024	1792	154	162	274
1280	1024	1792	204	160	275
1536	1024	1792	253	156	275
1792	1024	1792	298	152	275
2048	1024	1792	341	148	277
2304	1024	1792	390	141	278
2560	1024	1792	448	131	279
2816	1024	1792	519	114	280
3072	1024	1792	603	83	282
3328	1024	1792	704	0	284
3584	1024	1792	822	0	285
3840	1024	1792	962	0	288
4095	1024	1792	1023	0	263
0	1280	1792	0	204	271
256	1280	1792	0	204	271
512	1280	1792	0	204	273
768	1280	1792	64	204	274
1024	1280	1792	142	203	274
1280	1280	1792	197	201	276
1536	1280	1792	246	199	277
1792	1280	1792	292	196	276
2048	1280	1792	337	192	278
2304	1280	1792	386	188	278
2560	1280	1792	445	182	280
2816	1280	1792	516	171	281
3072	1280	1792	602	153	283
3328	1280	1792	703	123	284
3584	1280	1792	825	44	286
3840	1280	1792	965	0	289
4095	1280	1792	1023	0	263
0	1536	1792	0	243	272
256	1536	1792	0	243	272
512	1536	1792	0	244	273
768	1536	1792	0	244	275
1024	1536	1792	123	242	276
1280	1536	1792	185	242	276
1536	1536	1792	238	239	277
1792	1536	1792	287	237	278
2048	1536	1792	332	234	278
2304	1536	1792	382	231	278
2560	1536	1792	442	226	279
2816	1536	1792	515	218	281
3072	1536	1792	599	206	282
3328	1536	1792	702	187	284
3584	1536	1792	823	153	286
3840	1536	1792	968	73	289
4095	1536	1792	1023	0	263
0	1792	1792	0	282	273
256	1792	1792	0	282	273
512	1792	1792	0	282	275
768	1792	1792	0	283	276
1024	1792	1792	95	282	276
1280	1792	1792	170	281	277
1536	1792	1792	226	279	277
1792	1792	1792	277	277	277
2048	1792	1792	325	276	279
2304	1792	1792	376	273	278
2560	1792	1792	438	268	280
2816	1792	1792	511	262	281
3072	1792	1792	597	253	283
3328	1792	1792	700	238	283
3584	1792	1792	822	214	285
3840	1792	1792	966	173	289
4095	1792	1792	1023	61	263
0	2048	1792	0	319	274
256	2048	1792	0	321	274
512	2048	1792	0	320	275
768	2048	1792	0	320	276
1024	2048	1792	32	321	277
1280	2048	1792	150	320	277
1536	2048	1792	213	319	277
1792	2048	1792	267	317	278
2048	2048	1792	317	316	278
2304	2048	1792	370	313	278
2560	2048	1792	432	310	279
2816	2048	1792	506	305	280
3072	2048	1792	594	297	282
3328	2048	1792	698	285	283
3584	2048	1792	820	267	285
3840	2048	1792	964	237	288
4095	2048	1792	1023	165	262
0	2304	1792	0	362	274
256	2304	1792	0	362	274
512	2304	1792	0	362	275
768	2304	1792	0	364	275
1024	2304	1792	0	364	276
1280	2304	1792	116	364	277
1536	2304	1792	193	362	278
1792	2304	1792	253	361	278
2048	2304	1792	306	359	279
2304	2304	1792	360	358	279
2560	2304	1792	425	354	279
2816	2304	1792	500	351	281
3072	2304	1792	589	344	281
3328	2304	1792	694	335	283
3584	2304	1792	817	320	285
3840	2304	1792	963	296	287
4095	2304	1792	1023	233	262
0	2560	1792	0	415	274
256	2560	1792	0	415	274
512	2560	1792	0	415	274
768	2560	1792	0	416	276
1024	2560	1792	0	416	277
1280	2560	1792	0	416	277
1536	2560	1792	159	415	277
1792	2560	1792	231	415	278
2048	2560	1792	288	413	278
2304	2560	1792	347	412	279
2560	2560	1792	414	409	279
2816	2560	1792	493	405	280
3072	2560	1792	582	401	281
3328	2560	1792	689	393	282
3584	2560	1792	814	380	284
3840	2560	1792	960	363	286
4095	2560	1792	1023	302	261
0	2816	1792	0	479	274
256	2816	1792	0	479	274
512	2816	1792	0	479	274
768	2816	1792	0	479	275
1024	2816	1792	0	479	275
1280	2816	1792	0	480	276
1536	2816	1792	83	480	277
1792	2816	1792	191	479	278
2048	2816	1792	260	478	278
2304	2816	1792	326	477	278
2560	2816	1792	398	474	278
2816	2816	1792	479	471	280
3072	2816	1792	572	467	280
3328	2816	1792	681	461	281
3584	2816	1792	807	451	283
3840	2816	1792	954	437	285
4095	2816	1792	1023	377	261
0	3072	1792	0	555	273
256	3072	1792	0	555	273
512	3072	1792	0	555	273
768	3072	1792	0	555	273
1024	3072	1792	0	556	274
1280	3072	1792	0	556	274
1536	3072	1792	0	557	275
1792	3072	1792	104	557	276
2048	3072	1792	211	556	276
2304	3072	1792	290	555	276
2560	3072	1792	371	553	276
2816	3072	1792	458	551	277
3072	3072	1792	557	547	278
3328	3072	1792	669	542	279
3584	3072	1792	798	534	281
3840	3072	1792	947	523	282
4095	3072	1792	1023	461	260
0	3328	1792	0	647	270
256	3328	1792	0	647	270
512	3328	1792	0	647	270
768	3328	1792	0	647	271
1024	3328	1792	0	648	271
1280	3328	1792	0	648	271
1536	3328	1792	0	648	272
1792	3328	1792	0	649	273
2048	3328	1792	87	649	273
2304	3328	1792	227	648	273
2560	3328	1792	327	647	273
2816	3328	1792	426	645	274
3072	3328	1792	532	642	275
3328	3328	1792	650	638	277
3584	3328	1792	783	632	278
3840	3328	1792	936	622	279
4095	3328	1792	1023	562	261
0	3584	1792	0	756	265
256	3584	1792	0	756	265
512	3584	1792	0	756	266
768	3584	1792	0	757	266
1024	3584	1792	0	757	266
1280	3584	1792	0	757	266
1536	3584	1792	0	758	267
1792	3584	1792	0	758	267
2048	3584	1792	0	759	268
2304	3584	1792	0	759	269
2560	3584	1792	246	758	270
2816	3584	1792	372	757	270
3072	3584	1792	494	754	271
3328	3584	1792	621	751	271
3584	3584	1792	761	746	273
3840	3584	1792	919	739	275
4095	3584	1792	1023	686	261
0	3840	1792	0	887	258
256	3840	1792	0	887	258
512	3840	1792	0	887	258
768	3840	1792	0	887	258
1024	3840	1792	0	888	259
1280	3840	1792	0	888	259
1536	3840	1792	0	888	259
1792	3840	1792	0	889	260
2048	3840	1792	0	889	260
2304	3840	1792	0	890	261
2560	3840	1792	0	890	261
2816	3840	1792	271	889	263
3072	3840	1792	429	887	263
3328	3840	1792	574	884	263
3584	3840	1792	726	881	265
3840	3840	1792	892	874	266
4095	3840	1792	1023	836	260
0	4095	1792	0	1023	242
256	4095	1792	0	1023	242
512	4095	1792	0	1023	242
768	4095	1792	0	1023	243
1024	4095	1792	0	1023	243
1280	4095	1792	0	1023	243
1536	4095	1792	0	1023	243
1792	4095	1792	0	1023	244
2048	4095	1792	0	1023	243
2304	4095	1792	0	1023	243
2560	4095	1792	0	1023	244
2816	4095	1792	0	1023	245
3072	4095	1792	298	1023	245
3328	4095	1792	488	1023	247
3584	4095	1792	660	1023	249
3840	4095	1792	843	1023	252
4095	4095	1792	1023	1019	255
0	0	2048	0	0	292
256	0	2048	0	0	293
512	0	2048	52	0	297
768	0	2048	115	0	300
1024	0	2048	166	0	301
1280	0	2048	212	0	302
1536	0	2048	255	0	304
1792	0	2048	298	0	306
2048	0	2048	340	0	307
2304	0	2048	388	0	308
2560	0	2048	444	0	309
2816	0	2048	513	0	312
3072	0	2048	597	0	314
3328	0	2048	697	0	316
3584	0	2048	815	0	319
3840	0	2048	957	0	321
4095	0	2048	1023	0	296
0	256	2048	0	29	295
256	256	2048	0	27	298
512	256	2048	48	18	301
768	256	2048	115	0	303
1024	256	2048	165	0	304
1280	256	2048	211	0	305
1536	256	2048	256	0	306
1792	256	2048	299	0	307
2048	256	2048	342	0	308
2304	256	2048	388	0	309
2560	256	2048	445	0	311
2816	256	2048	514	0	312
3072	256	2048	598	0	314
3328	256	2048	697	0	317
3584	256	2048	816	0	319
3840	256	2048	957	0	321
4095	256	2048	1023	0	296
0	512	2048	0	79	299
256	512	2048	0	79	300
512	512	2048	26	79	303
768	512	2048	110	74	305
1024	512	2048	164	70	306
1280	512	2048	212	63	307
1536	512	2048	256	51	310
1792	512	2048	301	31	310
2048	512	2048	344	0	311
2304	512	2048	390	0	312
2560	512	2048	447	0	313
2816	512	2048	516	0	313
3072	512	2048	599	0	315
3328	512	2048	698	0	317
3584	512	2048	817	0	319
3840	512	2048	958	0	322
4095	512	2048	1023	0	296
0	768	2048	0	122	302
256	768	2048	0	122	303
512	768	2048	0	122	306
768	768	2048	101	121	306
1024	768	2048	159	119	308
1280	768	2048	208	115	308
1536	768	2048	253	110	311
1792	768	2048	299	103	311
2048	768	2048	342	95	312
2304	768	2048	391	83	313
2560	768	2048	448	61	315
2816	768	2048	519	0	317
3072	768	2048	601	0	317
3328	768	2048	700	0	319
3584	768	2048	819	0	320
3840	768	2048	960	0	322
4095	768	2048	1023	0	296
0	1024	2048	0	163	305
256	1024	2048	0	164	304
512	1024	2048	0	164	307
768	1024	2048	83	163	309
1024	1024	2048	149	161	310
1280	1024	2048	202	159	310
1536	1024	2048	250	155	312
1792	1024	2048	295	151	311
2048	1024	2048	340	147	312
2304	1024	2048	387	141	314
2560	1024	2048	446	131	316
2816	1024	2048	518	114	316
3072	1024	2048	602	81	318
3328	1024	2048	703	0	320
3584	1024	2048	822	0	322
3840	1024	2048	963	0	323
4095	1024	2048	1023	0	295
0	1280	2048	0	203	306
256	1280	2048	0	203	306
512	1280	2048	0	203	308
768	1280	2048	48	204	310
1024	1280	2048	136	202	310
1280	1280	2048	193	200	312
1536	1280	2048	243	198	312
1792	1280	2048	290	195	313
2048	1280	2048	336	192	313
2304	1280	2048	384	187	314
2560	1280	2048	444	180	315
2816	1280	2048	516	169	317
3072	1280	2048	601	153	319
3328	1280	2048	704	122	320
3584	1280	2048	825	40	323
3840	1280	2048	964	0	324
4095	1280	2048	1023	0	296
0	1536	2048	0	243	307
256	1536	2048	0	243	309
512	1536	2048	0	243	310
768	1536	2048	0	243	311
1024	1536	2048	116	243	313
1280	1536	2048	182	241	313
1536	1536	2048	234	239	313
1792	1536	2048	284	237	314
2048	1536	2048	330	234	315
2304	1536	2048	380	231	315
2560	1536	2048	441	226	316
2816	1536	2048	512	218	318
3072	1536	2048	599	206	318
3328	1536	2048	701	185	320
3584	1536	2048	823	152	323
3840	1536	2048	967	70	326
4095	1536	2048	1023	0	296
0	1792	2048	0	281	309
256	1792	2048	0	281	309
512	1792	2048	0	282	310
768	1792	2048	0	282	312
1024	1792	2048	85	281	313
1280	1792	2048	166	281	313
1536	1792	2048	224	279	314
1792	1792	2048	275	278	314
2048	1792	2048	323	275	315
2304	1792	2048	375	272	316
2560	1792	2048	436	269	317
2816	1792	2048	509	262	317
3072	1792	2048	597	253	318
3328	1792	2048	699	238	321
3584	1792	2048	821	214	323
3840	1792	2048	965	172	325
4095	1792	2048	1023	59	296
0	2048	2048	0	320	310
256	2048	2048	0	320	310
512	2048	2048	0	320	311
768	2048	2048	0	320	311
1024	2048	2048	0	321	314
1280	2048	2048	144	319	314
1536	2048	2048	210	319	315
1792	2048	2048	265	317	315
2048	2048	2048	315	315	315
2304	2048	2048	369	313	315
2560	2048	2048	431	309	317
2816	2048	2048	505	304	317
3072	2048	2048	593	296	319
3328	2048	2048	697	285	320
3584	2048	2048	819	266	323
3840	2048	2048	964	236	324
4095	2048	2048	1023	164	296
0	2304	2048	0	362	311
256	2304	2048	0	362	311
512	2304	2048	0	363	312
768	2304	2048	0	363	312
1024	2304	2048	0	363	313
1280	2304	2048	108	363	314
1536	2304	2048	190	362	315
1792	2304	2048	251	361	314
2048	2304	2048	303	360	315
2304	2304	2048	360	357	315
2560	2304	2048	423	355	316
2816	2304	2048	500	350	317
3072	2304	2048	588	344	319
3328	2304	2048	693	335	320
3584	2304	2048	816	320	322
3840	2304	2048	962	296	324
4095	2304	2048	1023	232	296
0	2560	2048	0	414	312
256	2560	2048	0	414	312
512	2560	2048	0	414	312
768	2560	2048	0	415	313
1024	2560	2048	0	415	313
1280	2560	2048	0	416	314
1536	2560	2048	155	415	315
1792	2560	2048	228	414	315
2048	2560	2048	287	412	315
2304	2560	2048	345	411	316
2560	2560	2048	413	409	317
2816	2560	2048	491	405	317
3072	2560	2048	582	400	318
3328	2560	2048	688	392	320
3584	2560	2048	812	380	322
3840	2560	2048	959	361	324
4095	2560	2048	1023	301	296
0	2816	2048	0	478	311
256	2816	2048	0	478	311
512	2816	2048	0	478	311
768	2816	2048	0	478	313
1024	2816	2048	0	479	312
1280	2816	2048	0	479	314
1536	2816	2048	71	480	315
1792	2816	2048	187	478	315
2048	2816	2048	258	478	315
2304	2816	2048	323	477	316
2560	2816	2048	396	475	316
2816	2816	2048	478	472	317
3072	2816	2048	572	467	317
3328	2816	2048	680	461	319
3584	2816	2048	806	451	321
3840	2816	2048	954	437	322
4095	2816	2048	1023	377	296
0	3072	2048	0	555	310
256	3072	2048	0	555	311
512	3072	2048	0	555	311
768	3072	2048	0	555	311
1024	3072	2048	0	556	312
1280	3072	2048	0	556	312
1536	3072	2048	0	557	313
1792	3072	2048	96	556	314
2048	3072	2048	207	556	315
2304	3072	2048	288	555	315
2560	3072	2048	369	553	315
2816	3072	2048	457	551	316
3072	3072	2048	555	547	316
3328	3072	2048	667	542	317
3584	3072	2048	796	534	320
3840	3072	2048	947	523	322
4095	3072	2048	1023	461	295
0	3328	2048	0	647	309
256	3328	2048	0	647	309
512	3328	2048	0	647	309
768	3328	2048	0	647	309
1024	3328	2048	0	647	310
1280	3328	2048	0	647	310
1536	3328	2048	0	648	311
1792	3328	2048	0	648	311
2048	3328	2048	77	649	312
2304	3328	2048	223	648	313
2560	3328	2048	325	647	313
2816	3328	2048	425	645	313
3072	3328	2048	531	642	315
3328	3328	2048	649	638	315
3584	3328	2048	783	631	317
3840	3328	2048	936	622	319
4095	3328	2048	1023	562	297
0	3584	2048	0	756	306
256	3584	2048	0	756	306
512	3584	2048	0	757	305
768	3584	2048	0	757	307
1024	3584	2048	0	757	307
1280	3584	2048	0	757	307
1536	3584	2048	0	758	308
1792	3584	2048	0	758	308
2048	3584	2048	0	759	309
2304	3584	2048	0	760	310
2560	3584	2048	243	759	310
2816	3584	2048	371	757	310
3072	3584	2048	492	754	310
3328	3584	2048	620	751	312
3584	3584	2048	760	746	313
3840	3584	2048	919	739	314
4095	3584	2048	1023	686	299
0	3840	2048	0	887	300
256	3840	2048	0	887	300
512	3840	2048	0	887	300
768	3840	2048	0	887	300
1024	3840	2048	0	888	300
1280	3840	2048	0	888	301
1536	3840	2048	0	888	301
1792	3840	2048	0	888	301
2048	3840	2048	0	888	302
2304	3840	2048	0	889	303
2560	3840	2048	0	890	303
2816	3840	2048	269	889	305
3072	3840	2048	427	888	304
3328	3840	2048	573	885	306
3584	3840	2048	725	881	307
3840	3840	2048	892	874	308
4095	3840	2048	1023	836	300
0	4095	2048	0	1023	286
256	4095	2048	0	1023	286
512	4095	2048	0	1023	286
768	4095	2048	0	1023	286
1024	4095	2048	0	1023	287
1280	4095	2048	0	1023	286
1536	4095	2048	0	1023	286
1792	4095	2048	0	1023	286
2048	4095	2048	0	1023	287
2304	4095	2048	0	1023	287
2560	4095	2048	0	1023	288
2816	4095	2048	0	1023	289
3072	4095	2048	295	1023	289
3328	4095	2048	486	1023	290
3584	4095	2048	660	1023	293
3840	4095	2048	843	1023	296
4095	4095	2048	1023	1019	299
0	0	2304	0	0	330
256	0	2304	0	0	331
512	0	2304	24	0	337
768	0	2304	108	0	338
1024	0	2304	161	0	339
1280	0	2304	207	0	342
1536	0	2304	252	0	342
1792	0	2304	295	0	345
2048	0	2304	338	0	346
2304	0	2304	386	0	348
2560	0	2304	443	0	349
2816	0	2304	513	0	351
3072	0	2304	595	0	353
3328	0	2304	696	0	355
3584	0	2304	815	0	358
3840	0	2304	956	0	362
4095	0	2304	1023	0	333
0	256	2304	0	21	334
256	256	2304	0	17	335
512	256	2304	0	0	340
768	256	2304	107	0	341
1024	256	2304	161	0	342
1280	256	2304	209	0	343
1536	256	2304	254	0	345
1792	256	2304	297	0	346
2048	256	2304	339	0	347
2304	256	2304	387	0	349
2560	256	2304	443	0	349
2816	256	2304	513	0	351
3072	256	2304	596	0	354
3328	256	2304	696	0	356
3584	256	2304	815	0	358
3840	256	2304	957	0	362
4095	256	2304	1023	0	333
0	512	2304	0	78	337
256	512	2304	0	78	338
512	512	2304	0	76	343
768	512	2304	102	73	345
1024	512	2304	159	67	345
1280	512	2304	208	59	347
1536	512	2304	254	47	348
1792	512	2304	298	23	350
2048	512	2304	342	0	351
2304	512	2304	388	0	351
2560	512	2304	446	0	352
2816	512	2304	515	0	354
3072	512	2304	597	0	356
3328	512	2304	698	0	357
3584	512	2304	816	0	359
3840	512	2304	958	0	362
4095	512	2304	1023	0	332
0	768	2304	0	122	340
256	768	2304	0	122	341
512	768	2304	0	122	344
768	768	2304	90	119	346
1024	768	2304	152	117	347
1280	768	2304	203	112	348
1536	768	2304	250	107	350
1792	768	2304	295	102	351
2048	768	2304	340	93	352
2304	768	2304	388	81	353
2560	768	2304	447	58	355
2816	768	2304	517	0	356
3072	768	2304	601	0	356
3328	768	2304	700	0	358
3584	768	2304	818	0	360
3840	768	2304	959	0	363
4095	768	2304	1023	0	333
0	1024	2304	0	162	344
256	1024	2304	0	162	344
512	1024	2304	0	162	347
768	1024	2304	70	162	348
1024	1024	2304	143	160	349
1280	1024	2304	197	158	349
1536	1024	2304	246	154	350
1792	1024	2304	292	150	353
2048	1024	2304	337	145	353
2304	1024	2304	386	139	354
2560	1024	2304	445	129	355
2816	1024	2304	516	112	357
3072	1024	2304	601	78	359
3328	1024	2304	702	0	361
3584	1024	2304	821	0	361
3840	1024	2304	962	0	364
4095	1024	2304	1023	0	332
0	1280	2304	0	202	346
256	1280	2304	0	203	346
512	1280	2304	0	203	347
768	1280	2304	0	203	350
1024	1280	2304	128	201	350
1280	1280	2304	189	199	351
1536	1280	2304	239	197	352
1792	1280	2304	287	195	353
2048	1280	2304	333	191	353
2304	1280	2304	383	187	355
2560	1280	2304	443	179	356
2816	1280	2304	514	169	358
3072	1280	2304	600	151	359
3328	1280	2304	703	120	361
3584	1280	2304	824	33	363
3840	1280	2304	965	0	365
4095	1280	2304	1023	0	332
0	1536	2304	0	242	348
256	1536	2304	0	242	348
512	1536	2304	0	242	349
768	1536	2304	0	243	350
1024	1536	2304	107	242	352
1280	1536	2304	177	240	352
1536	1536	2304	231	239	353
1792	1536	2304	280	237	354
2048	1536	2304	328	234	354
2304	1536	2304	379	230	355
2560	1536	2304	439	225	357
2816	1536	2304	511	217	358
3072	1536	2304	598	204	359
3328	1536	2304	700	185	362
3584	1536	2304	822	150	364
3840	1536	2304	967	68	366
4095	1536	2304	1023	0	332
0	1792	2304	0	281	349
256	1792	2304	0	281	349
512	1792	2304	0	281	350
768	1792	2304	0	281	351
1024	1792	2304	72	282	353
1280	1792	2304	160	280	354
1536	1792	2304	219	279	354
1792	1792	2304	273	277	354
2048	1792	2304	321	275	355
2304	1792	2304	373	272	356
2560	1792	2304	435	268	356
2816	1792	2304	508	261	358
3072	1792	2304	596	252	359
3328	1792	2304	698	237	362
3584	1792	2304	820	214	363
3840	1792	2304	966	172	367
4095	1792	2304	1023	56	333
0	2048	2304	0	319	350
256	2048	2304	0	319	350
512	2048	2304	0	320	351
768	2048	2304	0	320	353
1024	2048	2304	0	320	354
1280	2048	2304	138	320	354
1536	2048	2304	205	318	355
1792	2048	2304	262	317	355
2048	2048	2304	312	315	356
2304	2048	2304	366	312	357
2560	2048	2304	429	308	357
2816	2048	2304	503	304	358
3072	2048	2304	592	296	360
3328	2048	2304	695	285	362
3584	2048	2304	819	266	364
3840	2048	2304	963	236	365
4095	2048	2304	1023	163	333
0	2304	2304	0	362	351
256	2304	2304	0	362	351
512	2304	2304	0	362	351
768	2304	2304	0	362	353
1024	2304	2304	0	363	354
1280	2304	2304	99	363	356
1536	2304	2304	184	362	355
1792	2304	2304	247	360	356
2048	2304	2304	301	359	356
2304	2304	2304	357	357	357
2560	2304	2304	421	354	358
2816	2304	2304	498	350	359
3072	2304	2304	587	343	360
3328	2304	2304	692	333	361
3584	2304	2304	816	318	364
3840	2304	2304	961	296	366
4095	2304	2304	1023	232	333
0	2560	2304	0	415	352
256	2560	2304	0	415	352
512	2560	2304	0	415	352
768	2560	2304	0	415	354
1024	2560	2304	0	416	355
1280	2560	2304	0	416	356
1536	2560	2304	148	415	356
1792	2560	2304	224	414	356
2048	2560	2304	284	413	357
2304	2560	2304	343	411	357
2560	2560	2304	411	408	358
2816	2560	2304	489	405	359
3072	2560	2304	581	400	359
3328	2560	2304	686	392	361
3584	2560	2304	811	380	363
3840	2560	2304	959	361	365
4095	2560	2304	1023	301	334
0	2816	2304	0	478	352
256	2816	2304	0	478	352
512	2816	2304	0	478	353
768	2816	2304	0	479	353
1024	2816	2304	0	479	355
1280	2816	2304	0	480	356
1536	2816	2304	53	479	357
1792	2816	2304	182	479	357
2048	2816	2304	255	477	357
2304	2816	2304	320	476	357
2560	2816	2304	393	474	358
2816	2816	2304	476	472	358
3072	2816	2304	570	466	359
3328	2816	2304	678	461	361
3584	2816	2304	806	451	362
3840	2816	2304	953	437	365
4095	2816	2304	1023	376	333
0	3072	2304	0	554	352
256	3072	2304	0	554	352
512	3072	2304	0	554	353
768	3072	2304	0	555	353
1024	3072	2304	0	555	353
1280	3072	2304	0	556	354
1536	3072	2304	0	556	355
1792	3072	2304	82	557	356
2048	3072	2304	202	555	357
2304	3072	2304	284	554	356
2560	3072	2304	367	553	357
2816	3072	2304	455	550	358
3072	3072	2304	554	547	359
3328	3072	2304	667	541	360
3584	3072	2304	796	534	362
3840	3072	2304	946	523	363
4095	3072	2304	1023	461	334
0	3328	2304	0	646	351
256	3328	2304	0	646	351
512	3328	2304	0	646	352
768	3328	2304	0	647	352
1024	3328	2304	0	647	352
1280	3328	2304	0	647	353
1536	3328	2304	0	648	353
1792	3328	2304	0	648	354
2048	3328	2304	59	649	355
2304	3328	2304	218	648	355
2560	3328	2304	323	647	356
2816	3328	2304	422	645	357
3072	3328	2304	529	641	358
3328	3328	2304	648	638	358
3584	3328	2304	781	631	359
3840	3328	2304	935	622	362
4095	3328	2304	1023	562	336
0	3584	2304	0	756	349
256	3584	2304	0	756	349
512	3584	2304	0	756	349
768	3584	2304	0	756	349
1024	3584	2304	0	756	350
1280	3584	2304	0	757	350
1536	3584	2304	0	757	351
1792	3584	2304	0	758	351
2048	3584	2304	0	758	352
2304	3584	2304	0	759	353
2560	3584	2304	239	758	353
2816	3584	2304	369	756	354
3072	3584	2304	491	754	355
3328	3584	2304	618	750	355
3584	3584	2304	759	745	356
3840	3584	2304	917	738	358
4095	3584	2304	1023	686	340
0	3840	2304	0	886	345
256	3840	2304	0	886	345
512	3840	2304	0	886	345
768	3840	2304	0	887	345
1024	3840	2304	0	887	345
1280	3840	2304	0	887	345
1536	3840	2304	0	888	346
1792	3840	2304	0	888	346
2048	3840	2304	0	889	347
2304	3840	2304	0	889	347
2560	3840	2304	0	890	348
2816	3840	2304	265	889	350
3072	3840	2304	425	887	350
3328	3840	2304	571	885	351
3584	3840	2304	724	880	352
3840	3840	2304	891	874	353
4095	3840	2304	1023	836	343
0	4095	2304	0	1023	331
256	4095	2304	0	1023	333
512	4095	2304	0	1023	333
768	4095	2304	0	1023	333
1024	4095	2304	0	1023	332
1280	4095	2304	0	1023	332
1536	4095	2304	0	1023	332
1792	4095	2304	0	1023	333
2048	4095	2304	0	1023	333
2304	4095	2304	0	1023	334
2560	4095	2304	0	1023	335
2816	4095	2304	0	1023	335
3072	4095	2304	293	1023	336
3328	4095	2304	485	1023	337
3584	4095	2304	659	1023	339
3840	4095	2304	842	1023	342
4095	4095	2304	1023	1019	345
0	0	2560	0	0	377
256	0	2560	0	0	378
512	0	2560	0	0	382
768	0	2560	95	0	385
1024	0	2560	153	0	387
1280	0	2560	202	0	389
1536	0	2560	249	0	391
1792	0	2560	292	0	393
2048	0	2560	335	0	393
2304	0	2560	383	0	396
2560	0	2560	441	0	397
2816	0	2560	511	0	399
3072	0	2560	595	0	401
3328	0	2560	694	0	404
3584	0	2560	814	0	407
3840	0	2560	956	0	410
4095	0	2560	1023	0	378
0	256	2560	0	0	381
256	256	2560	0	0	382
512	256	2560	0	0	386
768	256	2560	95	0	389
1024	256	2560	153	0	389
1280	256	2560	202	0	392
1536	256	2560	249	0	392
1792	256	2560	294	0	394
2048	256	2560	336	0	395
2304	256	2560	384	0	396
2560	256	2560	441	0	398
2816	256	2560	511	0	401
3072	256	2560	595	0	403
3328	256	2560	695	0	404
3584	256	2560	815	0	407
3840	256	2560	956	0	410
4095	256	2560	1023	0	378
0	512	2560	0	74	385
256	512	2560	0	74	385
512	512	2560	0	73	389
768	512	2560	87	70	392
1024	512	2560	151	64	394
1280	512	2560	202	55	395
1536	512	2560	249	42	396
1792	512	2560	295	0	398
2048	512	2560	338	0	398
2304	512	2560	385	0	400
2560	512	2560	443	0	401
2816	512	2560	513	0	402
3072	512	2560	597	0	404
3328	512	2560	696	0	405
3584	512	2560	816	0	408
3840	512	2560	957	0	411
4095	512	2560	1023	0	377
0	768	2560	0	120	388
256	768	2560	0	120	388
512	768	2560	0	120	391
768	768	2560	73	118	394
1024	768	2560	144	114	395
1280	768	2560	198	111	397
1536	768	2560	246	106	398
1792	768	2560	293	100	399
2048	768	2560	336	91	401
2304	768	2560	385	78	402
2560	768	2560	444	54	404
2816	768	2560	515	0	405
3072	768	2560	599	0	406
3328	768	2560	698	0	408
3584	768	2560	818	0	409
3840	768	2560	959	0	412
4095	768	2560	1023	0	378
0	1024	2560	0	162	390
256	1024	2560	0	162	392
512	1024	2560	0	162	393
768	1024	2560	42	161	397
1024	1024	2560	134	158	398
1280	1024	2560	191	156	399
1536	1024	2560	242	153	399
1792	1024	2560	289	149	400
2048	1024	2560	334	144	401
2304	1024	2560	384	138	402
2560	1024	2560	443	127	404
2816	1024	2560	515	109	406
3072	1024	2560	600	76	408
3328	1024	2560	701	0	410
3584	1024	2560	820	0	412
3840	1024	2560	960	0	413
4095	1024	2560	1023	0	378
0	1280	2560	0	201	394
256	1280	2560	0	201	394
512	1280	2560	0	201	395
768	1280	2560	0	201	398
1024	1280	2560	117	201	399
1280	1280	2560	182	199	400
1536	1280	2560	235	196	400
1792	1280	2560	284	194	401
2048	1280	2560	330	190	402
2304	1280	2560	380	186	404
2560	1280	2560	440	179	405
2816	1280	2560	512	168	406
3072	1280	2560	599	150	408
3328	1280	2560	701	119	411
3584	1280	2560	822	22	414
3840	1280	2560	963	0	414
4095	1280	2560	1023	0	378
0	1536	2560	0	241	396
256	1536	2560	0	241	396
512	1536	2560	0	241	397
768	1536	2560	0	241	400
1024	1536	2560	93	242	401
1280	1536	2560	169	240	401
1536	1536	2560	225	238	402
1792	1536	2560	276	236	403
2048	1536	2560	325	233	404
2304	1536	2560	376	229	405
2560	1536	2560	437	224	406
2816	1536	2560	510	216	407
3072	1536	2560	596	204	409
3328	1536	2560	699	184	411
3584	1536	2560	821	149	413
3840	1536	2560	966	63	416
4095	1536	2560	1023	0	378
0	1792	2560	0	280	398
256	1792	2560	0	280	398
512	1792	2560	0	281	399
768	1792	2560	0	281	400
1024	1792	2560	45	280	402
1280	1792	2560	152	280	403
1536	1792	2560	214	278	404
1792	1792	2560	268	276	404
2048	1792	2560	317	274	404
2304	1792	2560	369	271	406
2560	1792	2560	432	267	406
2816	1792	2560	505	261	407
3072	1792	2560	593	252	409
3328	1792	2560	697	236	411
3584	1792	2560	819	212	414
3840	1792	2560	965	171	416
4095	1792	2560	1023	52	379
0	2048	2560	0	319	399
256	2048	2560	0	319	399
512	2048	2560	0	319	399
768	2048	2560	0	319	402
1024	2048	2560	0	320	403
1280	2048	2560	127	319	404
1536	2048	2560	199	318	405
1792	2048	2560	257	316	405
2048	2048	2560	308	314	406
2304	2048	2560	363	312	406
2560	2048	2560	427	309	407
2816	2048	2560	502	303	408
3072	2048	2560	590	295	410
3328	2048	2560	694	283	411
3584	2048	2560	817	265	413
3840	2048	2560	962	234	416
4095	2048	2560	1023	162	378
0	2304	2560	0	361	401
256	2304	2560	0	361	401
512	2304	2560	0	362	401
768	2304	2560	0	362	402
1024	2304	2560	0	362	403
1280	2304	2560	82	363	405
1536	2304	2560	177	361	406
1792	2304	2560	242	360	405
2048	2304	2560	297	358	407
2304	2304	2560	353	357	406
2560	2304	2560	419	354	408
2816	2304	2560	495	349	409
3072	2304	2560	585	343	410
3328	2304	2560	691	333	411
3584	2304	2560	814	318	414
3840	2304	2560	961	294	416
4095	2304	2560	1023	232	379
0	2560	2560	0	414	402
256	2560	2560	0	414	402
512	2560	2560	0	414	402
768	2560	2560	0	415	403
1024	2560	2560	0	415	404
1280	2560	2560	0	415	405
1536	2560	2560	139	415	406
1792	2560	2560	218	414	406
2048	2560	2560	279	412	407
2304	2560	2560	340	411	407
2560	2560	2560	408	408	408
2816	2560	2560	487	405	408
3072	2560	2560	579	399	410
3328	2560	2560	685	392	412
3584	2560	2560	810	379	413
3840	2560	2560	957	361	415
4095	2560	2560	1023	301	379
0	2816	2560	0	478	403
256	2816	2560	0	478	403
512	2816	2560	0	478	403
768	2816	2560	0	478	404
1024	2816	2560	0	479	404
1280	2816	2560	0	479	405
1536	2816	2560	0	479	407
1792	2816	2560	174	478	407
2048	2816	2560	249	478	407
2304	2816	2560	317	475	408
2560	2816	2560	390	474	409
2816	2816	2560	473	471	409
3072	2816	2560	568	467	410
3328	2816	2560	678	460	412
3584	2816	2560	805	450	413
3840	2816	2560	952	436	416
4095	2816	2560	1023	376	380
0	3072	2560	0	554	403
256	3072	2560	0	554	403
512	3072	2560	0	554	403
768	3072	2560	0	554	403
1024	3072	2560	0	554	405
1280	3072	2560	0	555	406
1536	3072	2560	0	555	407
1792	3072	2560	59	556	408
2048	3072	2560	196	556	408
2304	3072	2560	281	554	408
2560	3072	2560	364	552	408
2816	3072	2560	453	550	409
3072	3072	2560	552	546	410
3328	3072	2560	665	541	411
3584	3072	2560	795	533	413
3840	3072	2560	945	522	415
4095	3072	2560	1023	461	381
0	3328	2560	0	646	403
256	3328	2560	0	646	403
512	3328	2560	0	646	403
768	3328	2560	0	646	403
1024	3328	2560	0	646	404
1280	3328	2560	0	647	404
1536	3328	2560	0	647	405
1792	3328	2560	0	648	406
2048	3328	2560	0	648	407
2304	3328	2560	212	648	407
2560	3328	2560	319	646	408
2816	3328	2560	420	644	408
3072	3328	2560	528	642	409
3328	3328	2560	646	637	410
3584	3328	2560	781	631	412
3840	3328	2560	934	622	413
4095	3328	2560	1023	562	384
0	3584	2560	0	756	402
256	3584	2560	0	756	402
512	3584	2560	0	756	402
768	3584	2560	0	756	403
1024	3584	2560	0	757	403
1280	3584	2560	0	757	403
1536	3584	2560	0	757	404
1792	3584	2560	0	758	405
2048	3584	2560	0	758	405
2304	3584	2560	0	759	406
2560	3584	2560	234	758	407
2816	3584	2560	365	756	406
3072	3584	2560	488	754	408
3328	3584	2560	617	750	408
3584	3584	2560	758	745	410
3840	3584	2560	917	738	411
4095	3584	2560	1023	686	390
0	3840	2560	0	887	399
256	3840	2560	0	887	399
512	3840	2560	0	887	399
768	3840	2560	0	887	399
1024	3840	2560	0	887	399
1280	3840	2560	0	888	400
1536	3840	2560	0	888	400
1792	3840	2560	0	888	400
2048	3840	2560	0	888	401
2304	3840	2560	0	888	402
2560	3840	2560	0	889	403
2816	3840	2560	260	888	403
3072	3840	2560	422	887	404
3328	3840	2560	570	884	405
3584	3840	2560	722	880	406
3840	3840	2560	890	875	407
4095	3840	2560	1023	837	396
0	4095	2560	0	1023	387
256	4095	2560	0	1023	387
512	4095	2560	0	1023	387
768	4095	2560	0	1023	386
1024	4095	2560	0	1023	387
1280	4095	2560	0	1023	387
1536	4095	2560	0	1023	387
1792	4095	2560	0	1023	388
2048	4095	2560	0	1023	388
2304	4095	2560	0	1023	388
2560	4095	2560	0	1023	389
2816	4095	2560	0	1023	390
3072	4095	2560	288	1023	390
3328	4095	2560	483	1023	393
3584	4095	2560	657	1023	395
3840	4095	2560	841	1023	398
4095	4095	2560	1023	1019	400
0	0	2816	0	0	434
256	0	2816	0	0	436
512	0	2816	0	0	440
768	0	2816	73	0	444
1024	0	2816	142	0	445
1280	0	2816	195	0	447
1536	0	2816	242	0	449
1792	0	2816	288	0	450
2048	0	2816	331	0	452
2304	0	2816	379	0	453
2560	0	2816	438	0	456
2816	0	2816	508	0	459
3072	0	2816	592	0	461
3328	0	2816	693	0	463
3584	0	2816	813	0	466
3840	0	2816	954	0	469
4095	0	2816	1023	0	432
0	256	2816	0	0	438
256	256	2816	0	0	440
512	256	2816	0	0	442
768	256	2816	71	0	447
1024	256	2816	142	0	447
1280	256	2816	195	0	450
1536	256	2816	242	0	450
1792	256	2816	288	0	452
2048	256	2816	333	0	453
2304	256	2816	381	0	454
2560	256	2816	439	0	456
2816	256	2816	509	0	458
3072	256	2816	593	0	460
3328	256	2816	693	0	463
3584	256	2816	813	0	467
3840	256	2816	954	0	470
4095	256	2816	1023	0	432
0	512	2816	0	71	442
256	512	2816	0	71	443
512	512	2816	0	67	446
768	512	2816	59	64	451
1024	512	2816	139	58	452
1280	512	2816	194	48	453
1536	512	2816	243	29	455
1792	512	2816	289	0	457
2048	512	2816	334	0	457
2304	512	2816	382	0	458
2560	512	2816	440	0	460
2816	512	2816	510	0	461
3072	512	2816	594	0	463
3328	512	2816	694	0	464
3584	512	2816	814	0	468
3840	512	2816	955	0	470
4095	512	2816	1023	0	431
0	768	2816	0	117	446
256	768	2816	0	117	446
512	768	2816	0	117	448
768	768	2816	30	115	453
1024	768	2816	131	113	454
1280	768	2816	189	108	455
1536	768	2816	240	104	456
1792	768	2816	287	96	458
2048	768	2816	332	87	460
2304	768	2816	382	73	461
2560	768	2816	441	45	462
2816	768	2816	512	0	464
3072	768	2816	596	0	465
3328	768	2816	696	0	467
3584	768	2816	816	0	469
3840	768	2816	957	0	471
4095	768	2816	1023	0	432
0	1024	2816	0	159	448
256	1024	2816	0	159	449
512	1024	2816	0	159	452
768	1024	2816	0	159	455
1024	1024	2816	119	158	456
1280	1024	2816	182	155	457
1536	1024	2816	235	151	459
1792	1024	2816	283	147	460
2048	1024	2816	329	142	461
2304	1024	2816	379	135	461
2560	1024	2816	439	125	464
2816	1024	2816	512	106	466
3072	1024	2816	598	70	467
3328	1024	2816	699	0	470
3584	1024	2816	818	0	471
3840	1024	2816	959	0	473
4095	1024	2816	1023	0	432
0	1280	2816	0	200	451
256	1280	2816	0	200	452
512	1280	2816	0	200	453
768	1280	2816	0	200	456
1024	1280	2816	100	199	459
1280	1280	2816	171	198	459
1536	1280	2816	227	196	460
1792	1280	2816	277	192	461
2048	1280	2816	325	189	461
2304	1280	2816	376	183	464
2560	1280	2816	437	176	464
2816	1280	2816	509	166	466
3072	1280	2816	596	148	468
3328	1280	2816	699	116	471
3584	1280	2816	820	0	473
3840	1280	2816	962	0	475
4095	1280	2816	1023	0	433
0	1536	2816	0	240	454
256	1536	2816	0	240	454
512	1536	2816	0	240	455
768	1536	2816	0	240	458
1024	1536	2816	67	240	460
1280	1536	2816	157	238	461
1536	1536	2816	218	236	461
1792	1536	2816	270	234	463
2048	1536	2816	319	232	464
2304	1536	2816	371	228	464
2560	1536	2816	433	223	465
2816	1536	2816	506	214	467
3072	1536	2816	594	202	469
3328	1536	2816	697	182	471
3584	1536	2816	820	147	474
3840	1536	2816	964	57	477
4095	1536	2816	1023	0	433
0	1792	2816	0	279	456
256	1792	2816	0	279	456
512	1792	2816	0	279	457
768	1792	2816	0	280	459
1024	1792	2816	0	280	462
1280	1792	2816	139	278	463
1536	1792	2816	206	277	464
1792	1792	2816	262	276	464
2048	1792	2816	313	273	464
2304	1792	2816	366	270	466
2560	1792	2816	428	266	466
2816	1792	2816	503	260	468
3072	1792	2816	591	250	470
3328	1792	2816	695	235	472
3584	1792	2816	818	211	474
3840	1792	2816	963	168	477
4095	1792	2816	1023	44	433
0	2048	2816	0	318	458
256	2048	2816	0	318	458
512	2048	2816	0	318	459
768	2048	2816	0	318	461
1024	2048	2816	0	318	462
1280	2048	2816	110	318	463
1536	2048	2816	190	317	465
1792	2048	2816	250	316	464
2048	2048	2816	303	314	465
2304	2048	2816	359	311	467
2560	2048	2816	423	308	467
2816	2048	2816	499	302	468
3072	2048	2816	588	295	470
3328	2048	2816	692	282	472
3584	2048	2816	816	264	474
3840	2048	2816	962	233	477
4095	2048	2816	1023	161	434
0	2304	2816	0	360	460
256	2304	2816	0	360	460
512	2304	2816	0	360	461
768	2304	2816	0	362	461
1024	2304	2816	0	361	463
1280	2304	2816	46	361	465
1536	2304	2816	167	361	465
1792	2304	2816	235	359	466
2048	2304	2816	292	358	466
2304	2304	2816	349	356	467
2560	2304	2816	415	353	468
2816	2304	2816	493	348	469
3072	2304	2816	583	342	470
3328	2304	2816	688	332	473
3584	2304	2816	813	317	474
3840	2304	2816	959	294	477
4095	2304	2816	1023	231	434
0	2560	2816	0	413	461
256	2560	2816	0	413	461
512	2560	2816	0	413	462
768	2560	2816	0	413	463
1024	2560	2816	0	414	464
1280	2560	2816	0	414	466
1536	2560	2816	123	414	467
1792	2560	2816	210	413	466
2048	2560	2816	272	412	468
2304	2560	2816	334	410	468
2560	2560	2816	404	408	468
2816	2560	2816	483	404	470
3072	2560	2816	576	399	471
3328	2560	2816	683	391	473
3584	2560	2816	809	378	474
3840	2560	2816	955	360	477
4095	2560	2816	1023	300	436
0	2816	2816	0	477	463
256	2816	2816	0	477	463
512	2816	2816	0	478	463
768	2816	2816	0	477	464
1024	2816	2816	0	477	465
1280	2816	2816	0	478	466
1536	2816	2816	0	478	467
1792	2816	2816	163	478	468
2048	2816	2816	241	477	468
2304	2816	2816	312	476	469
2560	2816	2816	387	474	469
2816	2816	2816	470	470	470
3072	2816	2816	566	466	471
3328	2816	2816	675	460	473
3584	2816	2816	802	450	475
3840	2816	2816	951	436	477
4095	2816	2816	1023	376	437
0	3072	2816	0	553	464
256	3072	2816	0	553	464
512	3072	2816	0	553	464
768	3072	2816	0	554	465
1024	3072	2816	0	554	465
1280	3072	2816	0	554	466
1536	3072	2816	0	555	467
1792	3072	2816	0	555	469
2048	3072	2816	186	555	470
2304	3072	2816	274	554	469
2560	3072	2816	358	552	470
2816	3072	2816	449	550	471
3072	3072	2816	550	546	471
3328	3072	2816	663	541	473
3584	3072	2816	793	534	474
3840	3072	2816	944	522	477
4095	3072	2816	1023	461	438
0	3328	2816	0	645	464
256	3328	2816	0	645	464
512	3328	2816	0	645	465
768	3328	2816	0	646	465
1024	3328	2816	0	646	466
1280	3328	2816	0	646	466
1536	3328	2816	0	647	467
1792	3328	2816	0	647	468
2048	3328	2816	0	648	469
2304	3328	2816	204	648	469
2560	3328	2816	313	646	470
2816	3328	2816	416	644	471
3072	3328	2816	525	641	471
3328	3328	2816	643	637	473
3584	3328	2816	779	631	474
3840	3328	2816	932	622	475
4095	3328	2816	1023	562	442
0	3584	2816	0	755	464
256	3584	2816	0	755	464
512	3584	2816	0	756	465
768	3584	2816	0	756	465
1024	3584	2816	0	756	465
1280	3584	2816	0	756	466
1536	3584	2816	0	757	466
1792	3584	2816	0	757	467
2048	3584	2816	0	758	468
2304	3584	2816	0	759	469
2560	3584	2816	226	757	470
2816	3584	2816	360	756	470
3072	3584	2816	485	754	470
3328	3584	2816	614	750	471
3584	3584	2816	755	745	472
3840	3584	2816	915	738	474
4095	3584	2816	1023	686	450
0	3840	2816	0	886	462
256	3840	2816	0	886	462
512	3840	2816	0	886	462
768	3840	2816	0	886	464
1024	3840	2816	0	887	463
1280	3840	2816	0	887	463
1536	3840	2816	0	887	464
1792	3840	2816	0	888	464
2048	3840	2816	0	888	465
2304	3840	2816	0	889	466
2560	3840	2816	0	890	467
2816	3840	2816	253	889	467
3072	3840	2816	419	886	469
3328	3840	2816	566	884	470
3584	3840	2816	721	879	470
3840	3840	2816	889	874	472
4095	3840	2816	1023	837	458
0	4095	2816	0	1023	451
256	4095	2816	0	1023	451
512	4095	2816	0	1023	451
768	4095	2816	0	1023	451
1024	4095	2816	0	1023	451
1280	4095	2816	0	1023	452
1536	4095	2816	0	1023	452
1792	4095	2816	0	1023	452
2048	4095	2816	0	1023	453
2304	4095	2816	0	1023	454
2560	4095	2816	0	1023	453
2816	4095	2816	0	1023	455
3072	4095	2816	282	1023	455
3328	4095	2816	480	1023	457
3584	4095	2816	655	1023	459
3840	4095	2816	838	1023	463
4095	4095	2816	1023	1020	466
0	0	3072	0	0	504
256	0	3072	0	0	505
512	0	3072	0	0	509
768	0	3072	0	0	514
1024	0	3072	123	0	515
1280	0	3072	183	0	516
1536	0	3072	233	0	518
1792	0	3072	281	0	520
2048	0	3072	325	0	523
2304	0	3072	375	0	524
2560	0	3072	433	0	525
2816	0	3072	505	0	528
3072	0	3072	589	0	531
3328	0	3072	690	0	534
3584	0	3072	810	0	537
3840	0	3072	953	0	541
4095	0	3072	1023	0	498
0	256	3072	0	0	506
256	256	3072	0	0	508
512	256	3072	0	0	511
768	256	3072	0	0	516
1024	256	3072	122	0	518
1280	256	3072	182	0	519
1536	256	3072	233	0	521
1792	256	3072	280	0	522
2048	256	3072	326	0	524
2304	256	3072	375	0	525
2560	256	3072	434	0	526
2816	256	3072	505	0	529
3072	256	3072	589	0	531
3328	256	3072	691	0	534
3584	256	3072	811	0	538
3840	256	3072	953	0	542
4095	256	3072	1023	0	498
0	512	3072	0	64	511
256	512	3072	0	62	513
512	512	3072	0	61	516
768	512	3072	0	56	521
1024	512	3072	117	48	523
1280	512	3072	181	35	525
1536	512	3072	234	0	526
1792	512	3072	281	0	526
2048	512	3072	326	0	528
2304	512	3072	376	0	528
2560	512	3072	435	0	530
2816	512	3072	506	0	532
3072	512	3072	590	0	534
3328	512	3072	692	0	536
3584	512	3072	812	0	539
3840	512	3072	954	0	542
4095	512	3072	1023	0	498
0	768	3072	0	113	514
256	768	3072	0	113	516
512	768	3072	0	113	518
768	768	3072	0	111	522
1024	768	3072	107	109	525
1280	768	3072	175	103	527
1536	768	3072	229	98	528
1792	768	3072	278	90	529
2048	768	3072	326	81	530
2304	768	3072	377	65	532
2560	768	3072	436	28	533
2816	768	3072	508	0	535
3072	768	3072	593	0	536
3328	768	3072	694	0	538
3584	768	3072	813	0	540
3840	768	3072	955	0	544
4095	768	3072	1023	0	498
0	1024	3072	0	156	518
256	1024	3072	0	156	518
512	1024	3072	0	156	521
768	1024	3072	0	156	525
1024	1024	3072	92	154	527
1280	1024	3072	167	152	528
1536	1024	3072	225	148	529
1792	1024	3072	275	145	530
2048	1024	3072	323	139	531
2304	1024	3072	373	131	534
2560	1024	3072	434	121	534
2816	1024	3072	507	101	537
3072	1024	3072	595	62	540
3328	1024	3072	696	0	542
3584	1024	3072	816	0	542
3840	1024	3072	957	0	545
4095	1024	3072	1023	0	498
0	1280	3072	0	199	521
256	1280	3072	0	199	522
512	1280	3072	0	199	523
768	1280	3072	0	198	526
1024	1280	3072	62	198	529
1280	1280	3072	155	195	530
1536	1280	3072	216	193	530
1792	1280	3072	269	190	532
2048	1280	3072	318	187	534
2304	1280	3072	370	182	534
2560	1280	3072	431	174	536
2816	1280	3072	506	162	538
3072	1280	3072	592	144	540
3328	1280	3072	696	112	543
3584	1280	3072	819	0	545
3840	1280	3072	959	0	547
4095	1280	3072	1023	0	500
0	1536	3072	0	239	523
256	1536	3072	0	239	524
512	1536	3072	0	239	526
768	1536	3072	0	239	528
1024	1536	3072	0	239	531
1280	1536	3072	139	237	532
1536	1536	3072	206	235	532
1792	1536	3072	261	232	534
2048	1536	3072	312	230	534
2304	1536	3072	366	226	535
2560	1536	3072	428	221	538
2816	1536	3072	502	213	539
3072	1536	3072	590	200	541
3328	1536	3072	694	180	543
3584	1536	3072	818	143	546
3840	1536	3072	963	45	550
4095	1536	3072	1023	0	499
0	1792	3072	0	277	526
256	1792	3072	0	277	527
512	1792	3072	0	277	528
768	1792	3072	0	278	529
1024	1792	3072	0	278	532
1280	1792	3072	117	277	534
1536	1792	3072	192	276	535
1792	1792	3072	252	274	535
2048	1792	3072	305	272	535
2304	1792	3072	360	269	537
2560	1792	3072	423	265	538
2816	1792	3072	498	258	540
3072	1792	3072	587	248	542
3328	1792	3072	692	233	544
3584	1792	3072	815	209	547
3840	1792	3072	961	165	550
4095	1792	3072	1023	30	500
0	2048	3072	0	317	529
256	2048	3072	0	317	529
512	2048	3072	0	317	530
768	2048	3072	0	317	531
1024	2048	3072	0	317	534
1280	2048	3072	78	317	535
1536	2048	3072	175	316	537
1792	2048	3072	241	314	536
2048	2048	3072	296	312	538
2304	2048	3072	353	309	538
2560	2048	3072	418	306	539
2816	2048	3072	494	301	540
3072	2048	3072	584	293	542
3328	2048	3072	689	281	544
3584	2048	3072	814	262	547
3840	2048	3072	960	231	550
4095	2048	3072	1023	159	501
0	2304	3072	0	359	531
256	2304	3072	0	359	531
512	2304	3072	0	359	532
768	2304	3072	0	360	533
1024	2304	3072	0	360	534
1280	2304	3072	0	360	537
1536	2304	3072	149	360	537
1792	2304	3072	224	358	538
2048	2304	3072	283	356	539
2304	2304	3072	343	354	540
2560	2304	3072	410	352	540
2816	2304	3072	488	347	541
3072	2304	3072	579	341	543
3328	2304	3072	686	331	544
3584	2304	3072	811	316	547
3840	2304	3072	957	292	550
4095	2304	3072	1023	229	502
0	2560	3072	0	412	533
256	2560	3072	0	412	533
512	2560	3072	0	412	534
768	2560	3072	0	412	534
1024	2560	3072	0	413	536
1280	2560	3072	0	413	537
1536	2560	3072	97	413	539
1792	2560	3072	196	412	540
2048	2560	3072	264	411	540
2304	2560	3072	328	409	540
2560	2560	3072	399	406	541
2816	2560	3072	479	403	542
3072	2560	3072	572	397	544
3328	2560	3072	680	390	545
3584	2560	3072	806	378	548
3840	2560	3072	954	359	550
4095	2560	3072	1023	300	503
0	2816	3072	0	476	534
256	2816	3072	0	476	535
512	2816	3072	0	476	535
768	2816	3072	0	477	536
1024	2816	3072	0	477	538
1280	2816	3072	0	477	539
1536	2816	3072	0	478	540
1792	2816	3072	145	477	541
2048	2816	3072	231	476	542
2304	2816	3072	303	474	542
2560	2816	3072	381	473	542
2816	2816	3072	465	470	544
3072	2816	3072	562	465	545
3328	2816	3072	673	459	546
3584	2816	3072	800	449	549
3840	2816	3072	949	435	550
4095	2816	3072	1023	376	504
0	3072	3072	0	553	536
256	3072	3072	0	553	537
512	3072	3072	0	553	537
768	3072	3072	0	554	537
1024	3072	3072	0	554	538
1280	3072	3072	0	554	539
1536	3072	3072	0	555	540
1792	3072	3072	0	555	543
2048	3072	3072	171	555	543
2304	3072	3072	264	553	543
2560	3072	3072	352	551	544
2816	3072	3072	444	549	544
3072	3072	3072	545	545	545
3328	3072	3072	660	540	546
3584	3072	3072	790	533	549
3840	3072	3072	941	521	550
4095	3072	3072	1023	461	506
0	3328	3072	0	645	538
256	3328	3072	0	645	538
512	3328	3072	0	645	538
768	3328	3072	0	645	538
1024	3328	3072	0	646	539
1280	3328	3072	0	646	540
1536	3328	3072	0	646	542
1792	3328	3072	0	647	543
2048	3328	3072	0	648	544
2304	3328	3072	190	647	544
2560	3328	3072	305	645	545
2816	3328	3072	411	643	545
3072	3328	3072	521	640	546
3328	3328	3072	640	637	547
3584	3328	3072	775	630	549
3840	3328	3072	930	621	551
4095	3328	3072	1023	562	512
0	3584	3072	0	755	539
256	3584	3072	0	755	539
512	3584	3072	0	755	539
768	3584	3072	0	755	539
1024	3584	3072	0	756	540
1280	3584	3072	0	756	540
1536	3584	3072	0	756	541
1792	3584	3072	0	757	542
2048	3584	3072	0	757	543
2304	3584	3072	0	758	544
2560	3584	3072	213	757	545
2816	3584	3072	353	755	545
3072	3584	3072	480	754	546
3328	3584	3072	610	750	547
3584	3584	3072	752	745	548
3840	3584	3072	913	737	550
4095	3584	3072	1023	687	522
0	3840	3072	0	886	538
256	3840	3072	0	886	538
512	3840	3072	0	886	538
768	3840	3072	0	886	538
1024	3840	3072	0	886	539
1280	3840	3072	0	886	539
1536	3840	3072	0	887	540
1792	3840	3072	0	887	540
2048	3840	3072	0	888	541
2304	3840	3072	0	888	542
2560	3840	3072	0	889	543
2816	3840	3072	242	888	544
3072	3840	3072	413	887	545
3328	3840	3072	563	884	546
3584	3840	3072	717	880	547
3840	3840	3072	886	873	548
4095	3840	3072	1023	837	532
0	4095	3072	0	1023	528
256	4095	3072	0	1023	528
512	4095	3072	0	1023	528
768	4095	3072	0	1023	528
1024	4095	3072	0	1023	527
1280	4095	3072	0	1023	528
1536	4095	3072	0	1023	528
1792	4095	3072	0	1023	529
2048	4095	3072	0	1023	529
2304	4095	3072	0	1023	529
2560	4095	3072	0	1023	530
2816	4095	3072	0	1023	530
3072	4095	3072	272	1023	532
3328	4095	3072	474	1023	534
3584	4095	3072	652	1023	537
3840	4095	3072	837	1023	540
4095	4095	3072	1023	1020	544
0	0	3328	0	0	587
256	0	3328	0	0	588
512	0	3328	0	0	590
768	0	3328	0	0	595
1024	0	3328	87	0	599
1280	0	3328	164	0	601
1536	0	3328	219	0	603
1792	0	3328	269	0	605
2048	0	3328	317	0	606
2304	0	3328	368	0	607
2560	0	3328	428	0	609
2816	0	3328	500	0	613
3072	0	3328	585	0	616
3328	0	3328	687	0	618
3584	0	3328	807	0	623
3840	0	3328	949	0	627
4095	0	3328	1023	0	577
0	256	3328	0	0	589
256	256	3328	0	0	590
512	256	3328	0	0	593
768	256	3328	0	0	598
1024	256	3328	86	0	602
1280	256	3328	162	0	603
1536	256	3328	219	0	604
1792	256	3328	269	0	606
2048	256	3328	316	0	607
2304	256	3328	367	0	609
2560	256	3328	428	0	611
2816	256	3328	500	0	614
3072	256	3328	586	0	616
3328	256	3328	687	0	619
3584	256	3328	807	0	623
3840	256	3328	950	0	626
4095	256	3328	1023	0	577
0	512	3328	0	51	595
256	512	3328	0	50	596
512	512	3328	0	47	599
768	512	3328	0	41	603
1024	512	3328	77	27	608
1280	512	3328	160	0	608
1536	512	3328	218	0	609
1792	512	3328	270	0	611
2048	512	3328	317	0	611
2304	512	3328	368	0	612
2560	512	3328	429	0	614
2816	512	3328	501	0	616
3072	512	3328	587	0	618
3328	512	3328	688	0	620
3584	512	3328	808	0	624
3840	512	3328	951	0	628
4095	512	3328	1023	0	577
0	768	3328	0	108	598
256	768	3328	0	108	598
512	768	3328	0	107	601
768	768	3328	0	105	605
1024	768	3328	59	102	609
1280	768	3328	154	97	611
1536	768	3328	215	91	612
1792	768	3328	268	83	613
2048	768	3328	316	71	616
2304	768	3328	369	53	617
2560	768	3328	429	0	619
2816	768	3328	503	0	619
3072	768	3328	588	0	622
3328	768	3328	690	0	624
3584	768	3328	810	0	626
3840	768	3328	952	0	629
4095	768	3328	1023	0	577
0	1024	3328	0	153	601
256	1024	3328	0	153	602
512	1024	3328	0	153	603
768	1024	3328	0	153	607
1024	1024	3328	0	151	611
1280	1024	3328	144	148	613
1536	1024	3328	208	144	614
1792	1024	3328	263	140	616
2048	1024	3328	313	134	616
2304	1024	3328	366	127	618
2560	1024	3328	428	114	620
2816	1024	3328	503	95	623
3072	1024	3328	589	47	626
3328	1024	3328	692	0	627
3584	1024	3328	812	0	628
3840	1024	3328	954	0	631
4095	1024	3328	1023	0	578
0	1280	3328	0	195	605
256	1280	3328	0	195	605
512	1280	3328	0	195	606
768	1280	3328	0	195	610
1024	1280	3328	0	195	614
1280	1280	3328	129	192	615
1536	1280	3328	199	191	615
1792	1280	3328	257	186	617
2048	1280	3328	307	183	618
2304	1280	3328	361	178	620
2560	1280	3328	424	171	622
2816	1280	3328	500	158	623
3072	1280	3328	588	140	626
3328	1280	3328	692	105	629
3584	1280	3328	815	0	631
3840	1280	3328	957	0	634
4095	1280	3328	1023	0	578
0	1536	3328	0	237	607
256	1536	3328	0	237	608
512	1536	3328	0	237	609
768	1536	3328	0	236	612
1024	1536	3328	0	236	614
1280	1536	3328	108	234	617
1536	1536	3328	189	233	618
1792	1536	3328	249	231	619
2048	1536	3328	301	228	619
2304	1536	3328	357	224	621
2560	1536	3328	421	219	623
2816	1536	3328	497	210	625
3072	1536	3328	585	197	627
3328	1536	3328	691	176	629
3584	1536	3328	814	139	633
3840	1536	3328	960	11	637
4095	1536	3328	1023	0	579
0	1792	3328	0	275	611
256	1792	3328	0	275	611
512	1792	3328	0	275	612
768	1792	3328	0	276	614
1024	1792	3328	0	276	616
1280	1792	3328	71	276	620
1536	1792	3328	173	274	620
1792	1792	3328	238	273	620
2048	1792	3328	293	269	621
2304	1792	3328	350	267	623
2560	1792	3328	416	263	624
2816	1792	3328	493	255	625
3072	1792	3328	583	246	627
3328	1792	3328	688	231	630
3584	1792	3328	812	206	633
3840	1792	3328	958	161	637
4095	1792	3328	1023	0	580
0	2048	3328	0	315	612
256	2048	3328	0	315	614
512	2048	3328	0	315	614
768	2048	3328	0	315	616
1024	2048	3328	0	315	619
1280	2048	3328	0	316	621
1536	2048	3328	153	314	622
1792	2048	3328	226	313	623
2048	2048	3328	285	311	623
2304	2048	3328	342	308	623
2560	2048	3328	410	304	625
2816	2048	3328	489	299	626
3072	2048	3328	579	291	629
3328	2048	3328	686	279	630
3584	2048	3328	810	259	633
3840	2048	3328	957	228	636
4095	2048	3328	1023	156	581
0	2304	3328	0	358	615
256	2304	3328	0	358	616
512	2304	3328	0	359	616
768	2304	3328	0	359	618
1024	2304	3328	0	359	619
1280	2304	3328	0	359	622
1536	2304	3328	120	358	623
1792	2304	3328	207	357	624
2048	2304	3328	270	355	625
2304	2304	3328	333	353	626
2560	2304	3328	402	350	627
2816	2304	3328	482	346	627
3072	2304	3328	574	339	630
3328	2304	3328	682	329	631
3584	2304	3328	807	314	634
3840	2304	3328	955	290	638
4095	2304	3328	1023	228	582
0	2560	3328	0	411	618
256	2560	3328	0	411	618
512	2560	3328	0	411	619
768	2560	3328	0	411	621
1024	2560	3328	0	412	621
1280	2560	3328	0	412	624
1536	2560	3328	0	412	625
1792	2560	3328	176	411	626
2048	2560	3328	249	409	626
2304	2560	3328	317	407	627
2560	2560	3328	391	406	628
2816	2560	3328	473	402	629
3072	2560	3328	567	397	631
3328	2560	3328	676	388	633
3584	2560	3328	802	376	635
3840	2560	3328	951	358	637
4095	2560	3328	1023	299	583
0	2816	3328	0	475	620
256	2816	3328	0	475	620
512	2816	3328	0	476	621
768	2816	3328	0	475	622
1024	2816	3328	0	475	624
1280	2816	3328	0	475	625
1536	2816	3328	0	476	627
1792	2816	3328	113	476	629
2048	2816	3328	215	475	629
2304	2816	3328	292	473	629
2560	2816	3328	372	472	630
2816	2816	3328	459	468	631
3072	2816	3328	556	464	632
3328	2816	3328	668	457	634
3584	2816	3328	796	447	635
3840	2816	3328	946	433	639
4095	2816	3328	1023	375	585
0	3072	3328	0	552	624
256	3072	3328	0	552	624
512	3072	3328	0	552	624
768	3072	3328	0	553	625
1024	3072	3328	0	553	625
1280	3072	3328	0	553	627
1536	3072	3328	0	554	628
1792	3072	3328	0	554	629
2048	3072	3328	146	554	630
2304	3072	3328	250	552	631
2560	3072	3328	342	551	631
2816	3072	3328	437	548	632
3072	3072	3328	540	545	634
3328	3072	3328	656	539	635
3584	3072	3328	786	532	636
3840	3072	3328	938	520	639
4095	3072	3328	1023	462	589
0	3328	3328	0	644	626
256	3328	3328	0	644	626
512	3328	3328	0	644	626
768	3328	3328	0	644	626
1024	3328	3328	0	645	627
1280	3328	3328	0	645	628
1536	3328	3328	0	645	629
1792	3328	3328	0	646	630
2048	3328	3328	0	646	631
2304	3328	3328	167	646	632
2560	3328	3328	293	645	633
2816	3328	3328	403	643	634
3072	3328	3328	514	640	634
3328	3328	3328	635	635	635
3584	3328	3328	772	629	637
3840	3328	3328	927	620	639
4095	3328	3328	1023	562	595
0	3584	3328	0	754	627
256	3584	3328	0	754	627
512	3584	3328	0	754	627
768	3584	3328	0	754	627
1024	3584	3328	0	755	628
1280	3584	3328	0	755	629
1536	3584	3328	0	755	629
1792	3584	3328	0	756	630
2048	3584	3328	0	756	631
2304	3584	3328	0	757	633
2560	3584	3328	194	757	634
2816	3584	3328	344	755	634
3072	3584	3328	473	752	635
3328	3584	3328	606	749	636
3584	3584	3328	749	744	637
3840	3584	3328	910	737	639
4095	3584	3328	1023	687	607
0	3840	3328	0	885	628
256	3840	3328	0	885	628
512	3840	3328	0	886	628
768	3840	3328	0	886	628
1024	3840	3328	0	886	629
1280	3840	3328	0	886	629
1536	3840	3328	0	886	630
1792	3840	3328	0	886	631
2048	3840	3328	0	887	631
2304	3840	3328	0	887	633
2560	3840	3328	0	888	634
2816	3840	3328	225	888	635
3072	3840	3328	404	885	636
3328	3840	3328	557	883	636
3584	3840	3328	713	879	637
3840	3840	3328	883	873	638
4095	3840	3328	1023	837	621
0	4095	3328	0	1023	617
256	4095	3328	0	1023	617
512	4095	3328	0	1023	617
768	4095	3328	0	1023	618
1024	4095	3328	0	1023	618
1280	4095	3328	0	1023	617
1536	4095	3328	0	1023	618
1792	4095	3328	0	1023	618
2048	4095	3328	0	1023	619
2304	4095	3328	0	1023	620
2560	4095	3328	0	1023	620
2816	4095	3328	0	1023	622
3072	4095	3328	259	1023	622
3328	4095	3328	468	1023	625
3584	4095	3328	647	1023	627
3840	4095	3328	834	1023	632
4095	4095	3328	1023	1020	636
0	0	3584	0	0	686
256	0	3584	0	0	687
512	0	3584	0	0	689
768	0	3584	0	0	694
1024	0	3584	0	0	699
1280	0	3584	128	0	702
1536	0	3584	197	0	703
1792	0	3584	253	0	705
2048	0	3584	303	0	706
2304	0	3584	355	0	708
2560	0	3584	418	0	710
2816	0	3584	492	0	713
3072	0	3584	578	0	716
3328	0	3584	681	0	720
3584	0	3584	803	0	724
3840	0	3584	946	0	727
4095	0	3584	1023	0	672
0	256	3584	0	0	688
256	256	3584	0	0	689
512	256	3584	0	0	692
768	256	3584	0	0	695
1024	256	3584	0	0	701
1280	256	3584	127	0	703
1536	256	3584	196	0	704
1792	256	3584	253	0	706
2048	256	3584	303	0	707
2304	256	3584	356	0	709
2560	256	3584	418	0	712
2816	256	3584	492	0	714
3072	256	3584	579	0	717
3328	256	3584	682	0	720
3584	256	3584	803	0	724
3840	256	3584	947	0	728
4095	256	3584	1023	0	673
0	512	3584	0	22	695
256	512	3584	0	17	695
512	512	3584	0	0	697
768	512	3584	0	0	701
1024	512	3584	0	0	706
1280	512	3584	122	0	709
1536	512	3584	194	0	709
1792	512	3584	251	0	711
2048	512	3584	302	0	711
2304	512	3584	356	0	712
2560	512	3584	419	0	714
2816	512	3584	493	0	716
3072	512	3584	579	0	719
3328	512	3584	683	0	722
3584	512	3584	804	0	725
3840	512	3584	948	0	729
4095	512	3584	1023	0	672
0	768	3584	0	99	698
256	768	3584	0	99	698
512	768	3584	0	98	700
768	768	3584	0	96	704
1024	768	3584	0	92	709
1280	768	3584	113	87	712
1536	768	3584	190	79	714
1792	768	3584	250	69	714
2048	768	3584	301	54	717
2304	768	3584	356	19	718
2560	768	3584	420	0	720
2816	768	3584	494	0	721
3072	768	3584	581	0	722
3328	768	3584	684	0	724
3584	768	3584	806	0	727
3840	768	3584	949	0	730
4095	768	3584	1023	0	673
0	1024	3584	0	147	701
256	1024	3584	0	147	701
512	1024	3584	0	147	703
768	1024	3584	0	146	706
1024	1024	3584	0	144	711
1280	1024	3584	97	142	714
1536	1024	3584	183	138	716
1792	1024	3584	244	133	717
2048	1024	3584	298	128	718
2304	1024	3584	353	120	719
2560	1024	3584	418	106	721
2816	1024	3584	494	83	725
3072	1024	3584	583	0	727
3328	1024	3584	686	0	729
3584	1024	3584	808	0	730
3840	1024	3584	951	0	732
4095	1024	3584	1023	0	673
0	1280	3584	0	192	704
256	1280	3584	0	192	704
512	1280	3584	0	191	707
768	1280	3584	0	190	709
1024	1280	3584	0	190	713
1280	1280	3584	71	189	716
1536	1280	3584	172	186	718
1792	1280	3584	237	182	719
2048	1280	3584	293	179	720
2304	1280	3584	349	173	721
2560	1280	3584	415	166	723
2816	1280	3584	491	153	725
3072	1280	3584	581	133	727
3328	1280	3584	686	94	731
3584	1280	3584	810	0	734
3840	1280	3584	952	0	736
4095	1280	3584	1023	0	673
0	1536	3584	0	232	708
256	1536	3584	0	232	708
512	1536	3584	0	232	709
768	1536	3584	0	232	711
1024	1536	3584	0	232	715
1280	1536	3584	0	232	719
1536	1536	3584	157	229	720
1792	1536	3584	228	228	720
2048	1536	3584	285	225	722
2304	1536	3584	343	220	723
2560	1536	3584	410	215	725
2816	1536	3584	488	205	726
3072	1536	3584	579	193	729
3328	1536	3584	685	170	732
3584	1536	3584	810	131	736
3840	1536	3584	955	0	739
4095	1536	3584	1023	0	675
0	1792	3584	0	273	710
256	1792	3584	0	273	710
512	1792	3584	0	273	712
768	1792	3584	0	273	714
1024	1792	3584	0	273	716
1280	1792	3584	0	273	720
1536	1792	3584	139	271	722
1792	1792	3584	216	269	723
2048	1792	3584	277	267	723
2304	1792	3584	337	264	724
2560	1792	3584	405	259	726
2816	1792	3584	484	253	728
3072	1792	3584	576	243	730
3328	1792	3584	683	227	733
3584	1792	3584	808	201	736
3840	1792	3584	954	155	740
4095	1792	3584	1023	0	676
0	2048	3584	0	312	714
256	2048	3584	0	312	714
512	2048	3584	0	312	715
768	2048	3584	0	313	716
1024	2048	3584	0	313	718
1280	2048	3584	0	313	722
1536	2048	3584	109	312	724
1792	2048	3584	201	311	724
2048	2048	3584	266	308	726
2304	2048	3584	329	306	726
2560	2048	3584	399	302	727
2816	2048	3584	480	297	729
3072	2048	3584	572	289	731
3328	2048	3584	679	276	733
3584	2048	3584	806	257	736
3840	2048	3584	953	225	740
4095	2048	3584	1023	150	676
0	2304	3584	0	356	716
256	2304	3584	0	356	716
512	2304	3584	0	356	717
768	2304	3584	0	356	718
1024	2304	3584	0	356	721
1280	2304	3584	0	356	723
1536	2304	3584	45	357	725
1792	2304	3584	180	355	726
2048	2304	3584	251	353	727
2304	2304	3584	318	351	728
2560	2304	3584	390	349	729
2816	2304	3584	473	344	730
3072	2304	3584	567	337	733
3328	2304	3584	676	326	735
3584	2304	3584	802	312	737
3840	2304	3584	950	287	741
4095	2304	3584	1023	224	678
0	2560	3584	0	409	718
256	2560	3584	0	409	719
512	2560	3584	0	409	719
768	2560	3584	0	409	721
1024	2560	3584	0	409	723
1280	2560	3584	0	409	725
1536	2560	3584	0	410	727
1792	2560	3584	141	409	728
2048	2560	3584	228	408	729
2304	2560	3584	301	406	731
2560	2560	3584	378	404	730
2816	2560	3584	463	399	733
3072	2560	3584	559	395	734
3328	2560	3584	670	387	736
3584	2560	3584	798	374	738
3840	2560	3584	947	355	742
4095	2560	3584	1023	297	680
0	2816	3584	0	473	722
256	2816	3584	0	473	722
512	2816	3584	0	473	722
768	2816	3584	0	473	724
1024	2816	3584	0	474	724
1280	2816	3584	0	474	727
1536	2816	3584	0	474	729
1792	2816	3584	0	475	731
2048	2816	3584	188	474	731
2304	2816	3584	275	472	732
2560	2816	3584	359	470	733
2816	2816	3584	449	467	735
3072	2816	3584	548	462	736
3328	2816	3584	662	456	737
3584	2816	3584	791	446	739
3840	2816	3584	942	432	742
4095	2816	3584	1023	374	683
0	3072	3584	0	551	725
256	3072	3584	0	551	726
512	3072	3584	0	551	726
768	3072	3584	0	551	727
1024	3072	3584	0	551	728
1280	3072	3584	0	552	729
1536	3072	3584	0	552	730
1792	3072	3584	0	552	733
2048	3072	3584	96	552	734
2304	3072	3584	229	551	734
2560	3072	3584	328	549	736
2816	3072	3584	426	547	736
3072	3072	3584	531	543	737
3328	3072	3584	649	538	738
3584	3072	3584	782	530	741
3840	3072	3584	935	519	743
4095	3072	3584	1023	461	687
0	3328	3584	0	643	728
256	3328	3584	0	643	729
512	3328	3584	0	644	729
768	3328	3584	0	644	729
1024	3328	3584	0	644	730
1280	3328	3584	0	644	731
1536	3328	3584	0	645	732
1792	3328	3584	0	645	734
2048	3328	3584	0	645	735
2304	3328	3584	128	645	737
2560	3328	3584	275	644	738
2816	3328	3584	390	642	738
3072	3328	3584	505	639	739
3328	3328	3584	629	635	740
3584	3328	3584	766	629	742
3840	3328	3584	923	619	744
4095	3328	3584	1023	563	694
0	3584	3584	0	753	731
256	3584	3584	0	753	731
512	3584	3584	0	753	732
768	3584	3584	0	754	732
1024	3584	3584	0	754	733
1280	3584	3584	0	754	733
1536	3584	3584	0	755	734
1792	3584	3584	0	755	735
2048	3584	3584	0	755	736
2304	3584	3584	0	756	738
2560	3584	3584	162	756	739
2816	3584	3584	328	754	740
3072	3584	3584	463	752	741
3328	3584	3584	598	749	742
3584	3584	3584	743	743	743
3840	3584	3584	906	735	745
4095	3584	3584	1023	687	709
0	3840	3584	0	885	734
256	3840	3584	0	885	734
512	3840	3584	0	885	734
768	3840	3584	0	885	734
1024	3840	3584	0	885	735
1280	3840	3584	0	885	735
1536	3840	3584	0	886	735
1792	3840	3584	0	886	737
2048	3840	3584	0	886	737
2304	3840	3584	0	886	738
2560	3840	3584	0	887	739
2816	3840	3584	199	887	742
3072	3840	3584	391	885	742
3328	3840	3584	548	882	742
3584	3840	3584	708	878	743
3840	3840	3584	878	872	746
4095	3840	3584	1023	838	725
0	4095	3584	0	1023	723
256	4095	3584	0	1023	723
512	4095	3584	0	1023	723
768	4095	3584	0	1023	723
1024	4095	3584	0	1023	723
1280	4095	3584	0	1023	723
1536	4095	3584	0	1023	723
1792	4095	3584	0	1023	724
2048	4095	3584	0	1023	725
2304	4095	3584	0	1023	726
2560	4095	3584	0	1023	726
2816	4095	3584	0	1023	727
3072	4095	3584	239	1023	729
3328	4095	3584	457	1023	731
3584	4095	3584	641	1023	735
3840	4095	3584	829	1023	739
4095	4095	3584	1023	1021	744
0	0	3840	0	0	805
256	0	3840	0	0	805
512	0	3840	0	0	807
768	0	3840	0	0	811
1024	0	3840	0	0	815
1280	0	3840	0	0	821
1536	0	3840	158	0	822
1792	0	3840	225	0	824
2048	0	3840	282	0	825
2304	0	3840	338	0	828
2560	0	3840	405	0	829
2816	0	3840	481	0	832
3072	0	3840	569	0	836
3328	0	3840	673	0	839
3584	0	3840	796	0	844
3840	0	3840	941	0	848
4095	0	3840	1023	0	786
0	256	3840	0	0	806
256	256	3840	0	0	807
512	256	3840	0	0	809
768	256	3840	0	0	813
1024	256	3840	0	0	817
1280	256	3840	0	0	823
1536	256	3840	157	0	823
1792	256	3840	225	0	826
2048	256	3840	282	0	827
2304	256	3840	338	0	829
2560	256	3840	405	0	830
2816	256	3840	481	0	833
3072	256	3840	570	0	836
3328	256	3840	674	0	840
3584	256	3840	797	0	843
3840	256	3840	942	0	848
4095	256	3840	1023	0	786
0	512	3840	0	0	812
256	512	3840	0	0	813
512	512	3840	0	0	814
768	512	3840	0	0	817
1024	512	3840	0	0	822
1280	512	3840	0	0	827
1536	512	3840	152	0	828
1792	512	3840	224	0	829
2048	512	3840	280	0	831
2304	512	3840	337	0	832
2560	512	3840	404	0	834
2816	512	3840	481	0	836
3072	512	3840	570	0	838
3328	512	3840	675	0	841
3584	512	3840	797	0	846
3840	512	3840	942	0	849
4095	512	3840	1023	0	786
0	768	3840	0	85	815
256	768	3840	0	85	817
512	768	3840	0	83	818
768	768	3840	0	79	822
1024	768	3840	0	75	827
1280	768	3840	0	68	832
1536	768	3840	146	58	834
1792	768	3840	220	41	835
2048	768	3840	278	0	837
2304	768	3840	337	0	838
2560	768	3840	404	0	838
2816	768	3840	481	0	841
3072	768	3840	571	0	842
3328	768	3840	676	0	844
3584	768	3840	799	0	848
3840	768	3840	944	0	851
4095	768	3840	1023	0	787
0	1024	3840	0	140	819
256	1024	3840	0	139	819
512	1024	3840	0	139	822
768	1024	3840	0	137	824
1024	1024	3840	0	136	828
1280	1024	3840	0	133	833
1536	1024	3840	135	128	836
1792	1024	3840	214	123	837
2048	1024	3840	275	116	839
2304	1024	3840	335	107	840
2560	1024	3840	403	91	842
2816	1024	3840	482	61	845
3072	1024	3840	573	0	847
3328	1024	3840	677	0	849
3584	1024	3840	801	0	851
3840	1024	3840	946	0	854
4095	1024	3840	1023	0	788
0	1280	3840	0	186	822
256	1280	3840	0	186	823
512	1280	3840	0	184	824
768	1280	3840	0	184	826
1024	1280	3840	0	183	830
1280	1280	3840	0	181	835
1536	1280	3840	119	179	838
1792	1280	3840	205	176	839
2048	1280	3840	269	172	840
2304	1280	3840	330	166	842
2560	1280	3840	400	158	843
2816	1280	3840	479	144	846
3072	1280	3840	571	122	849
3328	1280	3840	678	77	853
3584	1280	3840	803	0	855
3840	1280	3840	947	0	857
4095	1280	3840	1023	0	788
0	1536	3840	0	228	825
256	1536	3840	0	228	825
512	1536	3840	0	228	828
768	1536	3840	0	227	830
1024	1536	3840	0	227	833
1280	1536	3840	0	225	836
1536	1536	3840	94	225	840
1792	1536	3840	193	222	841
2048	1536	3840	260	218	842
2304	1536	3840	324	215	843
2560	1536	3840	395	209	845
2816	1536	3840	476	200	847
3072	1536	3840	569	186	850
3328	1536	3840	676	163	853
3584	1536	3840	802	120	858
3840	1536	3840	949	0	860
4095	1536	3840	1023	0	789
0	1792	3840	0	270	828
256	1792	3840	0	269	829
512	1792	3840	0	269	831
768	1792	3840	0	269	832
1024	1792	3840	0	268	835
1280	1792	3840	0	268	839
1536	1792	3840	46	268	842
1792	1792	3840	179	265	843
2048	1792	3840	251	262	844
2304	1792	3840	317	259	846
2560	1792	3840	390	256	847
2816	1792	3840	471	248	849
3072	1792	3840	565	238	851
3328	1792	3840	674	221	854
3584	1792	3840	801	195	858
3840	1792	3840	949	146	862
4095	1792	3840	1023	0	790
0	2048	3840	0	309	832
256	2048	3840	0	309	832
512	2048	3840	0	309	833
768	2048	3840	0	309	834
1024	2048	3840	0	309	837
1280	2048	3840	0	309	840
1536	2048	3840	0	309	844
1792	2048	3840	160	306	846
2048	2048	3840	238	305	847
2304	2048	3840	308	302	847
2560	2048	3840	383	298	849
2816	2048	3840	466	292	851
3072	2048	3840	561	285	853
3328	2048	3840	671	271	856
3584	2048	3840	798	252	858
3840	2048	3840	947	219	862
4095	2048	3840	1023	143	791
0	2304	3840	0	353	834
256	2304	3840	0	353	835
512	2304	3840	0	353	836
768	2304	3840	0	353	838
1024	2304	3840	0	353	840
1280	2304	3840	0	353	842
1536	2304	3840	0	353	846
1792	2304	3840	128	352	848
2048	2304	3840	221	351	848
2304	2304	3840	296	349	849
2560	2304	3840	374	345	851
2816	2304	3840	459	341	852
3072	2304	3840	556	334	854
3328	2304	3840	667	323	857
3584	2304	3840	795	307	860
3840	2304	3840	945	283	863
4095	2304	3840	1023	220	793
0	2560	3840	0	407	838
256	2560	3840	0	407	839
512	2560	3840	0	407	839
768	2560	3840	0	407	840
1024	2560	3840	0	407	842
1280	2560	3840	0	407	845
1536	2560	3840	0	407	847
1792	2560	3840	50	407	850
2048	2560	3840	193	405	851
2304	2560	3840	277	404	852
2560	2560	3840	360	401	853
2816	2560	3840	450	397	854
3072	2560	3840	548	392	856
3328	2560	3840	661	384	858
3584	2560	3840	791	372	861
3840	2560	3840	941	353	865
4095	2560	3840	1023	295	796
0	2816	3840	0	471	842
256	2816	3840	0	471	843
512	2816	3840	0	471	843
768	2816	3840	0	471	844
1024	2816	3840	0	471	845
1280	2816	3840	0	472	847
1536	2816	3840	0	472	850
1792	2816	3840	0	472	852
2048	2816	3840	139	471	854
2304	2816	3840	246	471	854
2560	2816	3840	340	468	855
2816	2816	3840	434	465	856
3072	2816	3840	537	461	857
3328	2816	3840	652	454	860
3584	2816	3840	784	444	862
3840	2816	3840	936	429	865
4095	2816	3840	1023	373	800
0	3072	3840	0	549	846
256	3072	3840	0	549	847
512	3072	3840	0	549	847
768	3072	3840	0	549	848
1024	3072	3840	0	549	849
1280	3072	3840	0	549	850
1536	3072	3840	0	550	852
1792	3072	3840	0	550	854
2048	3072	3840	0	550	857
2304	3072	3840	192	550	858
2560	3072	3840	306	547	858
2816	3072	3840	410	545	859
3072	3072	3840	519	541	860
3328	3072	3840	639	537	862
3584	3072	3840	774	529	864
3840	3072	3840	928	517	867
4095	3072	3840	1023	462	805
0	3328	3840	0	641	850
256	3328	3840	0	641	851
512	3328	3840	0	641	851
768	3328	3840	0	642	851
1024	3328	3840	0	642	852
1280	3328	3840	0	642	853
1536	3328	3840	0	642	855
1792	3328	3840	0	643	856
2048	3328	3840	0	643	858
2304	3328	3840	0	644	860
2560	3328	3840	246	642	861
2816	3328	3840	372	640	861
3072	3328	3840	492	637	863
3328	3328	3840	619	633	865
3584	3328	3840	759	626	866
3840	3328	3840	917	618	869
4095	3328	3840	1023	563	812
0	3584	3840	0	752	854
256	3584	3840	0	752	854
512	3584	3840	0	752	854
768	3584	3840	0	752	855
1024	3584	3840	0	753	855
1280	3584	3840	0	753	856
1536	3584	3840	0	753	857
1792	3584	3840	0	754	859
2048	3584	3840	0	754	860
2304	3584	3840	0	755	862
2560	3584	3840	94	754	864
2816	3584	3840	306	753	864
3072	3584	3840	449	750	865
3328	3584	3840	587	747	866
3584	3584	3840	735	742	868
3840	3584	3840	899	735	870
4095	3584	3840	1023	687	829
0	3840	3840	0	883	857
256	3840	3840	0	883	857
512	3840	3840	0	883	857
768	3840	3840	0	883	857
1024	3840	3840	0	884	858
1280	3840	3840	0	884	859
1536	3840	3840	0	884	859
1792	3840	3840	0	885	860
2048	3840	3840	0	885	861
2304	3840	3840	0	886	863
2560	3840	3840	0	886	865
2816	3840	3840	153	886	867
3072	3840	3840	373	885	868
3328	3840	3840	536	881	869
3584	3840	3840	699	877	870
3840	3840	3840	871	871	871
4095	3840	3840	1023	838	849
0	4095	3840	0	1023	847
256	4095	3840	0	1023	847
512	4095	3840	0	1023	847
768	4095	3840	0	1023	847
1024	4095	3840	0	1023	847
1280	4095	3840	0	1023	847
1536	4095	3840	0	1023	848
1792	4095	3840	0	1023	849
2048	4095	3840	0	1023	850
2304	4095	3840	0	1023	850
2560	4095	3840	0	1023	851
2816	4095	3840	0	1023	852
3072	4095	3840	204	1023	853
3328	4095	3840	444	1023	857
3584	4095	3840	632	1023	861
3840	4095	3840	822	1023	865
4095	4095	3840	1023	1021	872
0	0	4095	0	0	945
256	0	4095	0	0	945
512	0	4095	0	0	947
768	0	4095	0	0	950
1024	0	4095	0	0	953
1280	0	4095	0	0	959
1536	0	4095	51	0	964
1792	0	4095	176	0	965
2048	0	4095	246	0	967
2304	0	4095	312	0	968
2560	0	4095	382	0	971
2816	0	4095	464	0	973
3072	0	4095	556	0	976
3328	0	4095	663	0	981
3584	0	4095	787	0	985
3840	0	4095	934	0	990
4095	0	4095	1023	0	922
0	256	4095	0	0	946
256	256	4095	0	0	947
512	256	4095	0	0	948
768	256	4095	0	0	951
1024	256	4095	0	0	954
1280	256	4095	0	0	960
1536	256	4095	46	0	965
1792	256	4095	176	0	966
2048	256	4095	246	0	968
2304	256	4095	311	0	969
2560	256	4095	382	0	972
2816	256	4095	464	0	974
3072	256	4095	556	0	977
3328	256	4095	663	0	981
3584	256	4095	788	0	986
3840	256	4095	934	0	991
4095	256	4095	1023	0	922
0	512	4095	0	0	950
256	512	4095	0	0	951
512	512	4095	0	0	952
768	512	4095	0	0	956
1024	512	4095	0	0	959
1280	512	4095	0	0	964
1536	512	4095	16	0	969
1792	512	4095	172	0	970
2048	512	4095	245	0	972
2304	512	4095	311	0	972
2560	512	4095	382	0	974
2816	512	4095	463	0	977
3072	512	4095	557	0	979
3328	512	4095	664	0	983
3584	512	4095	788	0	987
3840	512	4095	935	0	992
4095	512	4095	1023	0	923
0	768	4095	0	58	956
256	768	4095	0	56	956
512	768	4095	0	52	959
768	768	4095	0	47	961
1024	768	4095	0	36	965
1280	768	4095	0	0	971
1536	768	4095	0	0	975
1792	768	4095	168	0	977
2048	768	4095	242	0	977
2304	768	4095	309	0	978
2560	768	4095	382	0	980
2816	768	4095	464	0	981
3072	768	4095	557	0	983
3328	768	4095	665	0	986
3584	768	4095	789	0	990
3840	768	4095	936	0	994
4095	768	4095	1023	0	923
0	1024	4095	0	126	958
256	1024	4095	0	126	960
512	1024	4095	0	125	961
768	1024	4095	0	124	963
1024	1024	4095	0	121	967
1280	1024	4095	0	117	972
1536	1024	4095	0	113	977
1792	1024	4095	157	106	980
2048	1024	4095	236	99	981
2304	1024	4095	306	86	982
2560	1024	4095	381	65	985
2816	1024	4095	464	0	986
3072	1024	4095	557	0	989
3328	1024	4095	665	0	990
3584	1024	4095	791	0	993
3840	1024	4095	937	0	997
4095	1024	4095	1023	0	923
0	1280	4095	0	176	961
256	1280	4095	0	176	962
512	1280	4095	0	176	964
768	1280	4095	0	175	966
1024	1280	4095	0	174	970
1280	1280	4095	0	171	974
1536	1280	4095	0	170	979
1792	1280	4095	144	165	981
2048	1280	4095	229	161	983
2304	1280	4095	300	155	984
2560	1280	4095	377	145	986
2816	1280	4095	461	130	989
3072	1280	4095	556	104	991
3328	1280	4095	667	34	995
3584	1280	4095	793	0	997
3840	1280	4095	939	0	1000
4095	1280	4095	1023	0	924
0	1536	4095	0	221	965
256	1536	4095	0	221	965
512	1536	4095	0	221	967
768	1536	4095	0	220	969
1024	1536	4095	0	220	972
1280	1536	4095	0	218	976
1536	1536	4095	0	217	981
1792	1536	4095	126	214	983
2048	1536	4095	219	211	985
2304	1536	4095	293	206	986
2560	1536	4095	372	201	988
2816	1536	4095	457	191	990
3072	1536	4095	553	176	993
3328	1536	4095	664	151	996
3584	1536	4095	793	101	1000
3840	1536	4095	941	0	1004
4095	1536	4095	1023	0	926
0	1792	4095	0	263	969
256	1792	4095	0	263	969
512	1792	4095	0	263	970
768	1792	4095	0	263	972
1024	1792	4095	0	262	975
1280	1792	4095	0	262	978
1536	1792	4095	0	260	983
1792	1792	4095	97	259	986
2048	1792	4095	207	256	987
2304	1792	4095	285	253	988
2560	1792	4095	366	249	989
2816	1792	4095	453	241	992
3072	1792	4095	550	230	995
3328	1792	4095	662	213	998
3584	1792	4095	791	185	1002
3840	1792	4095	941	131	1006
4095	1792	4095	1023	0	927
0	2048	4095	0	304	971
256	2048	4095	0	304	972
512	2048	4095	0	304	974
768	2048	4095	0	304	975
1024	2048	4095	0	304	977
1280	2048	4095	0	303	981
1536	2048	4095	0	303	984
1792	2048	4095	38	302	988
2048	2048	4095	190	300	989
2304	2048	4095	274	297	990
2560	2048	4095	358	294	992
2816	2048	4095	447	287	994
3072	2048	4095	547	279	996
3328	2048	4095	658	265	999
3584	2048	4095	788	245	1003
3840	2048	4095	939	211	1007
4095	2048	4095	1023	132	928
0	2304	4095	0	349	976
256	2304	4095	0	349	976
512	2304	4095	0	348	977
768	2304	4095	0	348	978
1024	2304	4095	0	348	980
1280	2304	4095	0	348	982
1536	2304	4095	0	348	986
1792	2304	4095	0	348	989
2048	2304	4095	167	346	991
2304	2304	4095	260	344	992
2560	2304	4095	348	341	994
2816	2304	4095	440	336	995
3072	2304	4095	541	329	997
3328	2304	4095	655	319	1000
3584	2304	4095	786	302	1003
3840	2304	4095	936	277	1007
4095	2304	4095	1023	215	932
0	2560	4095	0	403	979
256	2560	4095	0	403	980
512	2560	4095	0	403	980
768	2560	4095	0	403	981
1024	2560	4095	0	403	983
1280	2560	4095	0	403	985
1536	2560	4095	0	403	989
1792	2560	4095	0	403	992
2048	2560	4095	121	402	994
2304	2560	4095	237	401	995
2560	2560	4095	333	397	996
2816	2560	4095	429	394	997
3072	2560	4095	533	388	1000
3328	2560	4095	649	379	1002
3584	2560	4095	780	367	1005
3840	2560	4095	933	347	1009
4095	2560	4095	1023	292	934
0	2816	4095	0	468	984
256	2816	4095	0	468	984
512	2816	4095	0	468	985
768	2816	4095	0	468	986
1024	2816	4095	0	469	987
1280	2816	4095	0	469	989
1536	2816	4095	0	469	991
1792	2816	4095	0	469	994
2048	2816	4095	0	468	997
2304	2816	4095	199	467	999
2560	2816	4095	309	465	999
2816	2816	4095	412	462	1000
3072	2816	4095	520	458	1002
3328	2816	4095	639	450	1004
3584	2816	4095	774	441	1007
3840	2816	4095	928	425	1010
4095	2816	4095	1023	372	939
0	3072	4095	0	546	988
256	3072	4095	0	546	988
512	3072	4095	0	546	989
768	3072	4095	0	546	989
1024	3072	4095	0	546	992
1280	3072	4095	0	547	992
1536	3072	4095	0	547	995
1792	3072	4095	0	547	997
2048	3072	4095	0	547	999
2304	3072	4095	118	547	1001
2560	3072	4095	271	545	1002
2816	3072	4095	386	542	1004
3072	3072	4095	502	539	1004
3328	3072	4095	625	533	1006
3584	3072	4095	764	525	1009
3840	3072	4095	920	514	1011
4095	3072	4095	1023	461	944
0	3328	4095	0	640	993
256	3328	4095	0	640	993
512	3328	4095	0	640	993
768	3328	4095	0	640	994
1024	3328	4095	0	640	995
1280	3328	4095	0	640	996
1536	3328	4095	0	641	998
1792	3328	4095	0	641	999
2048	3328	4095	0	640	1002
2304	3328	4095	0	641	1005
2560	3328	4095	198	640	1006
2816	3328	4095	345	638	1007
3072	3328	4095	473	636	1008
3328	3328	4095	604	631	1009
3584	3328	4095	748	624	1012
3840	3328	4095	908	615	1014
4095	3328	4095	1023	564	955
0	3584	4095	0	750	998
256	3584	4095	0	750	998
512	3584	4095	0	750	999
768	3584	4095	0	751	999
1024	3584	4095	0	751	1000
1280	3584	4095	0	751	1001
1536	3584	4095	0	751	1002
1792	3584	4095	0	752	1003
2048	3584	4095	0	752	1005
2304	3584	4095	0	752	1007
2560	3584	4095	0	752	1009
2816	3584	4095	270	751	1010
3072	3584	4095	427	749	1011
3328	3584	4095	572	745	1012
3584	3584	4095	723	740	1014
3840	3584	4095	889	733	1016
4095	3584	4095	1023	688	972
0	3840	4095	0	881	1003
256	3840	4095	0	881	1003
512	3840	4095	0	881	1003
768	3840	4095	0	882	1003
1024	3840	4095	0	882	1004
1280	3840	4095	0	882	1005
1536	3840	4095	0	882	1006
1792	3840	4095	0	883	1006
2048	3840	4095	0	883	1007
2304	3840	4095	0	884	1008
2560	3840	4095	0	884	1010
2816	3840	4095	0	885	1013
3072	3840	4095	345	883	1015
3328	3840	4095	519	880	1015
3584	3840	4095	686	875	1017
3840	3840	4095	861	870	1018
4095	3840	4095	1023	839	995
0	4095	4095	0	1023	993
256	4095	4095	0	1023	994
512	4095	4095	0	1023	994
768	4095	4095	0	1023	993
1024	4095	4095	0	1023	993
1280	4095	4095	0	1023	994
1536	4095	4095	0	1023	995
1792	4095	4095	0	1023	995
2048	4095	4095	0	1023	995
2304	4095	4095	0	1023	997
2560	4095	4095	0	1023	997
2816	4095	4095	0	1023	999
3072	4095	4095	137	1023	1001
3328	4095	4095	422	1023	1004
3584	4095	4095	618	1023	1008
3840	4095	4095	813	1023	1014
4095	4095	4095	1023	1023	1023
