0	0	0	0	0	0
256	0	0	30	0	2
512	0	0	63	0	3
768	0	0	98	0	6
1024	0	0	133	0	7
1280	0	0	169	0	9
1536	0	0	205	0	12
1792	0	0	242	0	14
2048	0	0	279	0	16
2304	0	0	320	0	18
2560	0	0	373	0	22
2816	0	0	437	0	26
3072	0	0	516	0	30
3328	0	0	613	0	37
3584	0	0	731	0	44
3840	0	0	874	0	53
4095	0	0	1023	0	62
0	256	0	0	29	0
256	256	0	30	30	0
512	256	0	65	27	0
768	256	0	99	22	3
1024	256	0	135	7	5
1280	256	0	170	0	8
1536	256	0	206	0	10
1792	256	0	243	0	13
2048	256	0	280	0	15
2304	256	0	321	0	18
2560	256	0	374	0	22
2816	256	0	437	0	25
3072	256	0	516	0	30
3328	256	0	614	0	37
3584	256	0	732	0	44
3840	256	0	874	0	53
4095	256	0	1023	0	61
0	512	0	0	61	0
256	512	0	15	63	0
512	512	0	63	62	0
768	512	0	100	61	0
1024	512	0	136	58	0
1280	512	0	172	55	0
1536	512	0	208	49	6
1792	512	0	245	38	10
2048	512	0	282	14	12
2304	512	0	323	0	16
2560	512	0	376	0	19
2816	512	0	439	0	24
3072	512	0	518	0	29
3328	512	0	615	0	35
3584	512	0	733	0	43
3840	512	0	876	0	52
4095	512	0	1023	0	61
0	768	0	0	95	0
256	768	0	0	95	0
512	768	0	55	95	0
768	768	0	98	95	0
1024	768	0	136	94	0
1280	768	0	172	93	0
1536	768	0	209	91	0
1792	768	0	247	87	0
2048	768	0	283	83	2
2304	768	0	325	74	10
2560	768	0	378	59	16
2816	768	0	442	0	20
3072	768	0	522	0	27
3328	768	0	618	0	33
3584	768	0	735	0	40
3840	768	0	877	0	50
4095	768	0	1023	0	60
0	1024	0	0	129	0
256	1024	0	0	129	0
512	1024	0	33	131	0
768	1024	0	90	130	0
1024	1024	0	133	130	0
1280	1024	0	172	129	0
1536	1024	0	210	128	0
1792	1024	0	247	127	0
2048	1024	0	285	123	0
2304	1024	0	327	119	0
2560	1024	0	379	112	0
2816	1024	0	443	100	14
3072	1024	0	524	76	22
3328	1024	0	621	0	30
3584	1024	0	738	0	38
3840	1024	0	880	0	48
4095	1024	0	1023	0	57
0	1280	0	0	165	0
256	1280	0	0	165	0
512	1280	0	0	165	0
768	1280	0	77	165	0
1024	1280	0	126	165	0
1280	1280	0	168	165	0
1536	1280	0	208	164	0
1792	1280	0	246	163	0
2048	1280	0	285	161	0
2304	1280	0	327	159	0
2560	1280	0	381	155	0
2816	1280	0	445	148	0
3072	1280	0	525	135	13
3328	1280	0	622	111	24
3584	1280	0	740	49	35
3840	1280	0	883	0	45
4095	1280	0	1023	0	55
0	1536	0	0	200	0
256	1536	0	0	200	0
512	1536	0	0	200	0
768	1536	0	51	201	0
1024	1536	0	115	201	0
1280	1536	0	162	201	0
1536	1536	0	205	200	0
1792	1536	0	245	200	0
2048	1536	0	284	199	0
2304	1536	0	327	197	0
2560	1536	0	381	194	0
2816	1536	0	446	190	0
3072	1536	0	526	181	0
3328	1536	0	624	167	14
3584	1536	0	742	140	28
3840	1536	0	885	72	40
4095	1536	0	1023	0	52
0	1792	0	0	235	0
256	1792	0	0	236	0
512	1792	0	0	236	0
768	1792	0	0	236	0
1024	1792	0	99	237	0
1280	1792	0	154	237	0
1536	1792	0	199	236	0
1792	1792	0	241	236	0
2048	1792	0	282	235	0
2304	1792	0	326	234	0
2560	1792	0	381	232	0
2816	1792	0	446	229	0
3072	1792	0	527	223	0
3328	1792	0	625	214	0
3584	1792	0	744	195	18
3840	1792	0	887	160	34
4095	1792	0	1023	67	48
0	2048	0	0	272	0
256	2048	0	0	272	0
512	2048	0	0	273	0
768	2048	0	0	273	0
1024	2048	0	70	274	0
1280	2048	0	140	273	0
1536	2048	0	191	273	0
1792	2048	0	236	272	0
2048	2048	0	278	272	0
2304	2048	0	324	271	0
2560	2048	0	380	270	0
2816	2048	0	446	268	0
3072	2048	0	528	263	0
3328	2048	0	626	256	0
3584	2048	0	745	243	0
3840	2048	0	889	220	25
4095	2048	0	1023	166	41
0	2304	0	0	313	0
256	2304	0	0	313	0
512	2304	0	0	313	0
768	2304	0	0	314	0
1024	2304	0	0	314	0
1280	2304	0	117	314	0
1536	2304	0	177	314	0
1792	2304	0	227	314	0
2048	2304	0	272	314	0
2304	2304	0	320	313	0
2560	2304	0	377	312	0
2816	2304	0	446	310	0
3072	2304	0	528	308	0
3328	2304	0	627	302	0
3584	2304	0	747	292	0
3840	2304	0	890	275	0
4095	2304	0	1023	234	33
0	2560	0	0	364	0
256	2560	0	0	364	0
512	2560	0	0	364	0
768	2560	0	0	365	0
1024	2560	0	0	365	0
1280	2560	0	63	365	0
1536	2560	0	153	365	0
1792	2560	0	212	365	0
2048	2560	0	261	365	0
2304	2560	0	312	364	0
2560	2560	0	372	364	0
2816	2560	0	442	363	0
3072	2560	0	527	360	0
3328	2560	0	627	357	0
3584	2560	0	747	350	0
3840	2560	0	892	337	0
4095	2560	0	1023	302	3
0	2816	0	0	427	0
256	2816	0	0	427	0
512	2816	0	0	427	0
768	2816	0	0	427	0
1024	2816	0	0	428	0
1280	2816	0	0	428	0
1536	2816	0	99	429	0
1792	2816	0	181	428	0
2048	2816	0	240	428	0
2304	2816	0	298	428	0
2560	2816	0	362	428	0
2816	2816	0	437	427	0
3072	2816	0	524	426	0
3328	2816	0	626	423	0
3584	2816	0	748	418	0
3840	2816	0	894	409	0
4095	2816	0	1023	377	0
0	3072	0	0	504	0
256	3072	0	0	504	0
512	3072	0	0	504	0
768	3072	0	0	504	0
1024	3072	0	0	505	0
1280	3072	0	0	505	0
1536	3072	0	0	506	0
1792	3072	0	116	506	0
2048	3072	0	202	506	0
2304	3072	0	271	506	0
2560	3072	0	344	506	0
2816	3072	0	424	505	0
3072	3072	0	516	504	0
3328	3072	0	622	503	0
3584	3072	0	747	499	0
3840	3072	0	894	494	0
4095	3072	0	1023	461	0
0	3328	0	0	598	0
256	3328	0	0	598	0
512	3328	0	0	598	0
768	3328	0	0	599	0
1024	3328	0	0	599	0
1280	3328	0	0	599	0
1536	3328	0	0	600	0
1792	3328	0	0	600	0
2048	3328	0	106	601	0
2304	3328	0	219	601	0
2560	3328	0	310	601	0
2816	3328	0	402	601	0
3072	3328	0	501	600	0
3328	3328	0	613	599	0
3584	3328	0	741	597	0
3840	3328	0	893	593	0
4095	3328	0	1023	562	0
0	3584	0	0	714	0
256	3584	0	0	714	0
512	3584	0	0	714	0
768	3584	0	0	714	0
1024	3584	0	0	714	0
1280	3584	0	0	715	0
1536	3584	0	0	715	0
1792	3584	0	0	716	0
2048	3584	0	0	716	0
2304	3584	0	53	717	0
2560	3584	0	241	717	0
2816	3584	0	358	716	0
3072	3584	0	472	716	0
3328	3584	0	594	716	0
3584	3584	0	730	715	0
3840	3584	0	887	711	0
4095	3584	0	1023	686	0
0	3840	0	0	853	0
256	3840	0	0	853	0
512	3840	0	0	854	0
768	3840	0	0	854	0
1024	3840	0	0	854	0
1280	3840	0	0	854	0
1536	3840	0	0	855	0
1792	3840	0	0	855	0
2048	3840	0	0	856	0
2304	3840	0	0	856	0
2560	3840	0	0	856	0
2816	3840	0	270	856	0
3072	3840	0	419	857	0
3328	3840	0	559	856	0
3584	3840	0	708	855	0
3840	3840	0	874	854	0
4095	3840	0	1023	836	0
0	4095	0	0	1021	0
256	4095	0	0	1021	0
512	4095	0	0	1021	0
768	4095	0	0	1022	0
1024	4095	0	0	1022	0
1280	4095	0	0	1022	0
1536	4095	0	0	1022	0
1792	4095	0	0	1023	0
2048	4095	0	0	1023	0
2304	4095	0	0	1023	0
2560	4095	0	0	1023	0
2816	4095	0	0	1023	0
3072	4095	0	305	1023	0
3328	4095	0	491	1023	0
3584	4095	0	663	1023	0
3840	4095	0	845	1023	0
4095	4095	0	1023	1019	0
0	0	256	0	0	22
256	0	256	30	0	27
512	0	256	63	0	29
768	0	256	98	0	32
1024	0	256	132	0	34
1280	0	256	168	0	36
1536	0	256	205	0	36
1792	0	256	242	0	38
2048	0	256	279	0	40
2304	0	256	320	0	40
2560	0	256	373	0	43
2816	0	256	437	0	46
3072	0	256	516	0	49
3328	0	256	613	0	54
3584	0	256	731	0	59
3840	0	256	874	0	66
4095	0	256	1023	0	74
0	256	256	0	29	29
256	256	256	30	30	30
512	256	256	65	27	30
768	256	256	99	22	32
1024	256	256	135	5	34
1280	256	256	170	0	36
1536	256	256	206	0	36
1792	256	256	243	0	38
2048	256	256	280	0	40
2304	256	256	321	0	40
2560	256	256	374	0	43
2816	256	256	437	0	46
3072	256	256	516	0	49
3328	256	256	614	0	54
3584	256	256	732	0	59
3840	256	256	874	0	66
4095	256	256	1023	0	74
0	512	256	0	61	31
256	512	256	12	62	31
512	512	256	63	62	32
768	512	256	100	61	32
1024	512	256	136	58	34
1280	512	256	172	55	35
1536	512	256	208	49	36
1792	512	256	244	38	38
2048	512	256	282	14	39
2304	512	256	323	0	40
2560	512	256	376	0	42
2816	512	256	439	0	45
3072	512	256	518	0	49
3328	512	256	615	0	52
3584	512	256	733	0	58
3840	512	256	876	0	66
4095	512	256	1023	0	72
0	768	256	0	95	30
256	768	256	0	95	32
512	768	256	54	96	32
768	768	256	98	95	33
1024	768	256	136	94	34
1280	768	256	172	93	34
1536	768	256	209	91	35
1792	768	256	247	87	36
2048	768	256	283	81	38
2304	768	256	325	74	39
2560	768	256	378	59	41
2816	768	256	442	0	44
3072	768	256	521	0	48
3328	768	256	618	0	51
3584	768	256	735	0	57
3840	768	256	877	0	65
4095	768	256	1023	0	71
0	1024	256	0	129	29
256	1024	256	0	129	29
512	1024	256	32	131	31
768	1024	256	90	130	31
1024	1024	256	133	130	32
1280	1024	256	171	129	33
1536	1024	256	210	128	33
1792	1024	256	247	127	34
2048	1024	256	285	123	35
2304	1024	256	327	119	37
2560	1024	256	379	112	39
2816	1024	256	443	100	42
3072	1024	256	524	76	45
3328	1024	256	621	0	50
3584	1024	256	738	0	56
3840	1024	256	880	0	62
4095	1024	256	1023	0	70
0	1280	256	0	165	27
256	1280	256	0	165	27
512	1280	256	0	165	27
768	1280	256	77	165	29
1024	1280	256	126	165	28
1280	1280	256	168	165	30
1536	1280	256	208	164	31
1792	1280	256	246	163	32
2048	1280	256	285	161	32
2304	1280	256	327	159	35
2560	1280	256	381	155	37
2816	1280	256	445	148	40
3072	1280	256	525	135	43
3328	1280	256	622	111	48
3584	1280	256	740	49	54
3840	1280	256	883	0	61
4095	1280	256	1023	0	68
0	1536	256	0	200	22
256	1536	256	0	200	22
512	1536	256	0	200	22
768	1536	256	50	201	23
1024	1536	256	115	201	23
1280	1536	256	162	201	24
1536	1536	256	205	200	25
1792	1536	256	245	200	26
2048	1536	256	284	199	29
2304	1536	256	327	197	30
2560	1536	256	381	194	32
2816	1536	256	446	190	35
3072	1536	256	526	181	39
3328	1536	256	624	167	44
3584	1536	256	742	140	50
3840	1536	256	885	72	58
4095	1536	256	1023	0	65
0	1792	256	0	236	10
256	1792	256	0	236	10
512	1792	256	0	236	11
768	1792	256	0	236	12
1024	1792	256	99	237	13
1280	1792	256	154	237	15
1536	1792	256	199	236	17
1792	1792	256	241	236	19
2048	1792	256	282	235	20
2304	1792	256	326	234	22
2560	1792	256	381	232	26
2816	1792	256	446	229	29
3072	1792	256	527	223	34
3328	1792	256	625	214	39
3584	1792	256	744	195	47
3840	1792	256	887	160	55
4095	1792	256	1023	67	63
0	2048	256	0	272	0
256	2048	256	0	272	0
512	2048	256	0	273	0
768	2048	256	0	273	0
1024	2048	256	70	274	0
1280	2048	256	140	273	0
1536	2048	256	191	273	0
1792	2048	256	236	272	0
2048	2048	256	278	272	0
2304	2048	256	324	272	0
2560	2048	256	380	270	13
2816	2048	256	446	268	18
3072	2048	256	528	263	25
3328	2048	256	626	256	32
3584	2048	256	745	243	41
3840	2048	256	889	220	50
4095	2048	256	1023	166	59
0	2304	256	0	313	0
256	2304	256	0	313	0
512	2304	256	0	313	0
768	2304	256	0	314	0
1024	2304	256	0	314	0
1280	2304	256	117	314	0
1536	2304	256	177	314	0
1792	2304	256	227	314	0
2048	2304	256	272	314	0
2304	2304	256	320	313	0
2560	2304	256	377	312	0
2816	2304	256	446	310	0
3072	2304	256	528	308	0
3328	2304	256	627	302	19
3584	2304	256	747	292	32
3840	2304	256	890	275	43
4095	2304	256	1023	234	53
0	2560	256	0	364	0
256	2560	256	0	364	0
512	2560	256	0	364	0
768	2560	256	0	365	0
1024	2560	256	0	365	0
1280	2560	256	62	365	0
1536	2560	256	153	365	0
1792	2560	256	210	365	0
2048	2560	256	261	365	0
2304	2560	256	312	364	0
2560	2560	256	372	364	0
2816	2560	256	442	363	0
3072	2560	256	527	360	0
3328	2560	256	627	357	0
3584	2560	256	747	349	0
3840	2560	256	892	337	29
4095	2560	256	1023	302	44
0	2816	256	0	427	0
256	2816	256	0	427	0
512	2816	256	0	427	0
768	2816	256	0	427	0
1024	2816	256	0	428	0
1280	2816	256	0	428	0
1536	2816	256	99	429	0
1792	2816	256	181	428	0
2048	2816	256	240	428	0
2304	2816	256	298	428	0
2560	2816	256	362	428	0
2816	2816	256	437	427	0
3072	2816	256	524	426	0
3328	2816	256	626	423	0
3584	2816	256	748	418	0
3840	2816	256	894	409	0
4095	2816	256	1023	377	24
0	3072	256	0	504	0
256	3072	256	0	504	0
512	3072	256	0	504	0
768	3072	256	0	504	0
1024	3072	256	0	505	0
1280	3072	256	0	505	0
1536	3072	256	0	506	0
1792	3072	256	115	506	0
2048	3072	256	201	506	0
2304	3072	256	271	506	0
2560	3072	256	344	506	0
2816	3072	256	424	505	0
3072	3072	256	516	504	0
3328	3072	256	622	503	0
3584	3072	256	747	499	0
3840	3072	256	894	494	0
4095	3072	256	1023	461	0
0	3328	256	0	598	0
256	3328	256	0	598	0
512	3328	256	0	598	0
768	3328	256	0	599	0
1024	3328	256	0	599	0
1280	3328	256	0	599	0
1536	3328	256	0	600	0
1792	3328	256	0	600	0
2048	3328	256	106	601	0
2304	3328	256	219	601	0
2560	3328	256	310	601	0
2816	3328	256	402	601	0
3072	3328	256	501	600	0
3328	3328	256	613	599	0
3584	3328	256	741	597	0
3840	3328	256	893	593	0
4095	3328	256	1023	562	0
0	3584	256	0	714	0
256	3584	256	0	714	0
512	3584	256	0	714	0
768	3584	256	0	714	0
1024	3584	256	0	714	0
1280	3584	256	0	715	0
1536	3584	256	0	715	0
1792	3584	256	0	716	0
2048	3584	256	0	716	0
2304	3584	256	52	717	0
2560	3584	256	241	717	0
2816	3584	256	358	716	0
3072	3584	256	472	716	0
3328	3584	256	594	716	0
3584	3584	256	730	715	0
3840	3584	256	887	711	0
4095	3584	256	1023	686	0
0	3840	256	0	853	0
256	3840	256	0	853	0
512	3840	256	0	854	0
768	3840	256	0	854	0
1024	3840	256	0	854	0
1280	3840	256	0	854	0
1536	3840	256	0	855	0
1792	3840	256	0	855	0
2048	3840	256	0	856	0
2304	3840	256	0	856	0
2560	3840	256	0	856	0
2816	3840	256	270	856	0
3072	3840	256	419	857	0
3328	3840	256	559	856	0
3584	3840	256	708	855	0
3840	3840	256	874	854	0
4095	3840	256	1023	836	0
0	4095	256	0	1021	0
256	4095	256	0	1021	0
512	4095	256	0	1021	0
768	4095	256	0	1022	0
1024	4095	256	0	1022	0
1280	4095	256	0	1022	0
1536	4095	256	0	1022	0
1792	4095	256	0	1023	0
2048	4095	256	0	1023	0
2304	4095	256	0	1023	0
2560	4095	256	0	1023	0
2816	4095	256	0	1023	0
3072	4095	256	305	1023	0
3328	4095	256	491	1023	0
3584	4095	256	663	1023	0
3840	4095	256	845	1023	0
4095	4095	256	1023	1019	0
0	0	512	0	0	49
256	0	512	29	0	52
512	0	512	62	0	57
768	0	512	97	0	60
1024	0	512	132	0	62
1280	0	512	168	0	64
1536	0	512	205	0	67
1792	0	512	241	0	68
2048	0	512	279	0	71
2304	0	512	320	0	72
2560	0	512	372	0	75
2816	0	512	437	0	77
3072	0	512	516	0	80
3328	0	512	613	0	84
3584	0	512	731	0	89
3840	0	512	874	0	94
4095	0	512	1023	0	100
0	256	512	0	30	55
256	256	512	26	29	56
512	256	512	64	27	58
768	256	512	98	22	61
1024	256	512	135	0	63
1280	256	512	169	0	66
1536	256	512	206	0	67
1792	256	512	243	0	69
2048	256	512	280	0	71
2304	256	512	321	0	72
2560	256	512	373	0	75
2816	256	512	438	0	77
3072	256	512	517	0	80
3328	256	512	614	0	84
3584	256	512	731	0	88
3840	256	512	875	0	94
4095	256	512	1023	0	100
0	512	512	0	62	59
256	512	512	0	62	61
512	512	512	62	62	62
768	512	512	99	60	63
1024	512	512	136	58	65
1280	512	512	171	55	66
1536	512	512	208	49	68
1792	512	512	245	38	69
2048	512	512	282	11	71
2304	512	512	323	0	73
2560	512	512	376	0	75
2816	512	512	439	0	77
3072	512	512	518	0	80
3328	512	512	615	0	84
3584	512	512	732	0	88
3840	512	512	876	0	94
4095	512	512	1023	0	100
0	768	512	0	95	64
256	768	512	0	95	64
512	768	512	53	96	65
768	768	512	97	95	65
1024	768	512	135	94	66
1280	768	512	172	93	68
1536	768	512	209	91	69
1792	768	512	246	87	70
2048	768	512	283	81	71
2304	768	512	325	74	73
2560	768	512	378	59	74
2816	768	512	442	0	77
3072	768	512	521	0	80
3328	768	512	618	0	83
3584	768	512	735	0	88
3840	768	512	877	0	94
4095	768	512	1023	0	98
0	1024	512	0	129	65
256	1024	512	0	129	65
512	1024	512	28	130	65
768	1024	512	89	130	66
1024	1024	512	132	130	67
1280	1024	512	171	129	68
1536	1024	512	209	128	69
1792	1024	512	247	126	70
2048	1024	512	285	123	72
2304	1024	512	327	119	72
2560	1024	512	379	112	75
2816	1024	512	444	100	76
3072	1024	512	524	75	80
3328	1024	512	621	0	83
3584	1024	512	738	0	87
3840	1024	512	880	0	93
4095	1024	512	1023	0	98
0	1280	512	0	165	65
256	1280	512	0	165	66
512	1280	512	0	165	66
768	1280	512	76	165	67
1024	1280	512	126	166	67
1280	1280	512	168	165	68
1536	1280	512	208	164	68
1792	1280	512	246	162	70
2048	1280	512	285	161	71
2304	1280	512	327	159	73
2560	1280	512	380	155	74
2816	1280	512	445	148	76
3072	1280	512	525	135	78
3328	1280	512	622	111	82
3584	1280	512	740	48	87
3840	1280	512	883	0	92
4095	1280	512	1023	0	97
0	1536	512	0	200	66
256	1536	512	0	200	66
512	1536	512	0	200	66
768	1536	512	49	201	66
1024	1536	512	115	200	67
1280	1536	512	162	201	68
1536	1536	512	205	200	69
1792	1536	512	244	200	69
2048	1536	512	284	199	70
2304	1536	512	327	197	71
2560	1536	512	381	194	73
2816	1536	512	446	190	75
3072	1536	512	526	181	78
3328	1536	512	624	167	81
3584	1536	512	742	139	86
3840	1536	512	885	72	91
4095	1536	512	1023	0	95
0	1792	512	0	236	65
256	1792	512	0	236	65
512	1792	512	0	236	65
768	1792	512	0	236	66
1024	1792	512	98	237	66
1280	1792	512	152	237	67
1536	1792	512	198	236	68
1792	1792	512	241	236	69
2048	1792	512	282	235	69
2304	1792	512	326	234	70
2560	1792	512	381	232	71
2816	1792	512	446	229	74
3072	1792	512	527	223	76
3328	1792	512	625	214	79
3584	1792	512	744	195	83
3840	1792	512	887	160	89
4095	1792	512	1023	66	93
0	2048	512	0	272	63
256	2048	512	0	272	64
512	2048	512	0	273	64
768	2048	512	0	273	64
1024	2048	512	67	273	65
1280	2048	512	139	273	65
1536	2048	512	190	273	66
1792	2048	512	236	272	67
2048	2048	512	278	272	67
2304	2048	512	324	272	68
2560	2048	512	380	270	69
2816	2048	512	446	268	71
3072	2048	512	528	263	73
3328	2048	512	626	256	77
3584	2048	512	745	243	82
3840	2048	512	889	219	87
4095	2048	512	1023	166	91
0	2304	512	0	313	60
256	2304	512	0	313	60
512	2304	512	0	313	60
768	2304	512	0	314	60
1024	2304	512	0	314	62
1280	2304	512	116	314	61
1536	2304	512	177	313	62
1792	2304	512	226	314	63
2048	2304	512	271	314	64
2304	2304	512	319	313	65
2560	2304	512	377	312	66
2816	2304	512	446	310	68
3072	2304	512	527	307	71
3328	2304	512	627	302	73
3584	2304	512	747	292	78
3840	2304	512	890	275	83
4095	2304	512	1023	234	88
0	2560	512	0	364	55
256	2560	512	0	364	55
512	2560	512	0	364	55
768	2560	512	0	365	56
1024	2560	512	0	365	56
1280	2560	512	59	365	57
1536	2560	512	152	365	57
1792	2560	512	210	365	58
2048	2560	512	261	365	59
2304	2560	512	312	364	60
2560	2560	512	372	364	61
2816	2560	512	442	363	63
3072	2560	512	527	360	66
3328	2560	512	627	357	68
3584	2560	512	747	349	73
3840	2560	512	892	337	79
4095	2560	512	1023	302	84
0	2816	512	0	427	45
256	2816	512	0	427	45
512	2816	512	0	427	45
768	2816	512	0	427	45
1024	2816	512	0	428	46
1280	2816	512	0	428	46
1536	2816	512	98	429	47
1792	2816	512	180	428	48
2048	2816	512	240	428	48
2304	2816	512	298	428	50
2560	2816	512	362	428	51
2816	2816	512	436	427	53
3072	2816	512	524	426	56
3328	2816	512	626	423	60
3584	2816	512	748	418	65
3840	2816	512	894	409	72
4095	2816	512	1023	377	76
0	3072	512	0	504	13
256	3072	512	0	504	13
512	3072	512	0	504	14
768	3072	512	0	504	15
1024	3072	512	0	505	17
1280	3072	512	0	505	18
1536	3072	512	0	506	20
1792	3072	512	113	506	21
2048	3072	512	201	506	23
2304	3072	512	271	506	25
2560	3072	512	344	506	28
2816	3072	512	424	505	32
3072	3072	512	516	504	36
3328	3072	512	622	503	42
3584	3072	512	747	499	48
3840	3072	512	894	494	57
4095	3072	512	1023	461	64
0	3328	512	0	598	0
256	3328	512	0	598	0
512	3328	512	0	598	0
768	3328	512	0	599	0
1024	3328	512	0	599	0
1280	3328	512	0	599	0
1536	3328	512	0	600	0
1792	3328	512	0	600	0
2048	3328	512	105	601	0
2304	3328	512	218	601	0
2560	3328	512	309	601	0
2816	3328	512	401	601	0
3072	3328	512	500	600	0
3328	3328	512	613	599	0
3584	3328	512	741	597	0
3840	3328	512	892	593	16
4095	3328	512	1023	562	39
0	3584	512	0	714	0
256	3584	512	0	714	0
512	3584	512	0	714	0
768	3584	512	0	714	0
1024	3584	512	0	714	0
1280	3584	512	0	715	0
1536	3584	512	0	715	0
1792	3584	512	0	716	0
2048	3584	512	0	716	0
2304	3584	512	48	717	0
2560	3584	512	240	717	0
2816	3584	512	358	716	0
3072	3584	512	472	716	0
3328	3584	512	594	716	0
3584	3584	512	730	715	0
3840	3584	512	887	711	0
4095	3584	512	1023	686	0
0	3840	512	0	853	0
256	3840	512	0	853	0
512	3840	512	0	854	0
768	3840	512	0	854	0
1024	3840	512	0	854	0
1280	3840	512	0	854	0
1536	3840	512	0	855	0
1792	3840	512	0	855	0
2048	3840	512	0	856	0
2304	3840	512	0	856	0
2560	3840	512	0	856	0
2816	3840	512	269	856	0
3072	3840	512	419	857	0
3328	3840	512	559	856	0
3584	3840	512	708	855	0
3840	3840	512	874	854	0
4095	3840	512	1023	836	0
0	4095	512	0	1021	0
256	4095	512	0	1021	0
512	4095	512	0	1021	0
768	4095	512	0	1022	0
1024	4095	512	0	1022	0
1280	4095	512	0	1022	0
1536	4095	512	0	1022	0
1792	4095	512	0	1023	0
2048	4095	512	0	1023	0
2304	4095	512	0	1023	0
2560	4095	512	0	1023	0
2816	4095	512	0	1023	0
3072	4095	512	304	1023	0
3328	4095	512	491	1023	0
3584	4095	512	663	1023	0
3840	4095	512	845	1023	0
4095	4095	512	1023	1019	0
0	0	768	0	0	76
256	0	768	25	0	79
512	0	768	62	0	83
768	0	768	97	0	87
1024	0	768	133	0	91
1280	0	768	168	0	94
1536	0	768	204	0	96
1792	0	768	241	0	100
2048	0	768	278	0	102
2304	0	768	320	0	104
2560	0	768	372	0	106
2816	0	768	437	0	109
3072	0	768	516	0	113
3328	0	768	613	0	117
3584	0	768	731	0	122
3840	0	768	874	0	127
4095	0	768	1023	0	131
0	256	768	0	29	81
256	256	768	22	29	83
512	256	768	62	27	86
768	256	768	98	21	89
1024	256	768	134	0	92
1280	256	768	170	0	96
1536	256	768	205	0	98
1792	256	768	242	0	100
2048	256	768	280	0	102
2304	256	768	321	0	104
2560	256	768	373	0	106
2816	256	768	438	0	110
3072	256	768	517	0	113
3328	256	768	613	0	117
3584	256	768	731	0	122
3840	256	768	875	0	127
4095	256	768	1023	0	131
0	512	768	0	62	88
256	512	768	0	62	89
512	512	768	60	61	90
768	512	768	98	60	92
1024	512	768	134	58	95
1280	512	768	171	54	97
1536	512	768	208	47	99
1792	512	768	245	36	101
2048	512	768	282	7	103
2304	512	768	323	0	105
2560	512	768	375	0	107
2816	512	768	439	0	110
3072	512	768	518	0	113
3328	512	768	614	0	117
3584	512	768	732	0	122
3840	512	768	876	0	127
4095	512	768	1023	0	131
0	768	768	0	95	92
256	768	768	0	95	94
512	768	768	50	96	95
768	768	768	95	95	95
1024	768	768	134	94	97
1280	768	768	172	93	98
1536	768	768	209	91	101
1792	768	768	246	87	102
2048	768	768	283	81	103
2304	768	768	325	73	106
2560	768	768	378	58	108
2816	768	768	442	0	110
3072	768	768	521	0	114
3328	768	768	618	0	117
3584	768	768	734	0	122
3840	768	768	877	0	127
4095	768	768	1023	0	130
0	1024	768	0	130	96
256	1024	768	0	130	96
512	1024	768	20	130	97
768	1024	768	88	131	98
1024	1024	768	131	130	100
1280	1024	768	170	129	100
1536	1024	768	208	128	102
1792	1024	768	247	126	103
2048	1024	768	285	123	105
2304	1024	768	326	119	106
2560	1024	768	379	112	108
2816	1024	768	444	100	110
3072	1024	768	523	75	113
3328	1024	768	621	0	117
3584	1024	768	737	0	122
3840	1024	768	880	0	127
4095	1024	768	1023	0	130
0	1280	768	0	164	98
256	1280	768	0	164	98
512	1280	768	0	166	100
768	1280	768	73	165	99
1024	1280	768	125	166	100
1280	1280	768	167	165	102
1536	1280	768	207	163	102
1792	1280	768	246	163	104
2048	1280	768	284	161	105
2304	1280	768	327	159	106
2560	1280	768	380	155	109
2816	1280	768	445	147	111
3072	1280	768	525	135	114
3328	1280	768	622	111	117
3584	1280	768	740	47	122
3840	1280	768	883	0	126
4095	1280	768	1023	0	129
0	1536	768	0	200	100
256	1536	768	0	200	100
512	1536	768	0	200	100
768	1536	768	44	201	101
1024	1536	768	114	200	102
1280	1536	768	161	201	103
1536	1536	768	203	201	103
1792	1536	768	244	200	104
2048	1536	768	283	199	106
2304	1536	768	327	197	106
2560	1536	768	380	194	109
2816	1536	768	446	190	110
3072	1536	768	526	181	113
3328	1536	768	623	167	116
3584	1536	768	742	139	120
3840	1536	768	885	71	126
4095	1536	768	1023	0	128
0	1792	768	0	236	101
256	1792	768	0	236	101
512	1792	768	0	236	102
768	1792	768	0	237	102
1024	1792	768	96	237	103
1280	1792	768	151	237	104
1536	1792	768	198	236	104
1792	1792	768	241	236	105
2048	1792	768	281	235	106
2304	1792	768	326	235	106
2560	1792	768	381	232	108
2816	1792	768	446	229	110
3072	1792	768	527	223	113
3328	1792	768	625	214	116
3584	1792	768	743	195	120
3840	1792	768	887	160	124
4095	1792	768	1023	66	126
0	2048	768	0	271	101
256	2048	768	0	272	101
512	2048	768	0	272	101
768	2048	768	0	272	103
1024	2048	768	65	273	103
1280	2048	768	138	273	103
1536	2048	768	190	273	104
1792	2048	768	235	273	105
2048	2048	768	278	272	106
2304	2048	768	324	272	106
2560	2048	768	379	270	108
2816	2048	768	446	268	110
3072	2048	768	528	263	112
3328	2048	768	626	256	115
3584	2048	768	745	243	119
3840	2048	768	888	219	124
4095	2048	768	1023	166	126
0	2304	768	0	313	101
256	2304	768	0	313	101
512	2304	768	0	313	101
768	2304	768	0	314	102
1024	2304	768	0	314	102
1280	2304	768	115	314	103
1536	2304	768	176	313	103
1792	2304	768	226	314	104
2048	2304	768	271	314	105
2304	2304	768	319	313	105
2560	2304	768	377	312	107
2816	2304	768	446	310	109
3072	2304	768	527	307	111
3328	2304	768	626	302	113
3584	2304	768	746	292	117
3840	2304	768	890	274	122
4095	2304	768	1023	234	123
0	2560	768	0	363	99
256	2560	768	0	363	101
512	2560	768	0	363	101
768	2560	768	0	364	101
1024	2560	768	0	364	101
1280	2560	768	56	365	102
1536	2560	768	150	365	101
1792	2560	768	209	365	102
2048	2560	768	260	365	103
2304	2560	768	311	364	104
2560	2560	768	372	364	105
2816	2560	768	442	363	106
3072	2560	768	526	360	109
3328	2560	768	627	357	111
3584	2560	768	747	349	115
3840	2560	768	892	337	120
4095	2560	768	1023	302	120
0	2816	768	0	427	97
256	2816	768	0	427	98
512	2816	768	0	427	98
768	2816	768	0	427	98
1024	2816	768	0	428	98
1280	2816	768	0	428	99
1536	2816	768	95	428	99
1792	2816	768	179	429	100
2048	2816	768	239	428	99
2304	2816	768	297	428	100
2560	2816	768	361	428	102
2816	2816	768	436	427	103
3072	2816	768	523	426	104
3328	2816	768	626	423	107
3584	2816	768	748	418	111
3840	2816	768	894	409	116
4095	2816	768	1023	377	116
0	3072	768	0	504	91
256	3072	768	0	504	91
512	3072	768	0	504	91
768	3072	768	0	505	91
1024	3072	768	0	505	91
1280	3072	768	0	505	93
1536	3072	768	0	506	93
1792	3072	768	111	506	94
2048	3072	768	200	506	93
2304	3072	768	270	506	94
2560	3072	768	343	506	95
2816	3072	768	423	505	97
3072	3072	768	516	505	99
3328	3072	768	622	503	101
3584	3072	768	746	499	105
3840	3072	768	894	494	109
4095	3072	768	1023	461	110
0	3328	768	0	598	80
256	3328	768	0	598	80
512	3328	768	0	598	80
768	3328	768	0	599	80
1024	3328	768	0	599	80
1280	3328	768	0	599	81
1536	3328	768	0	600	81
1792	3328	768	0	601	82
2048	3328	768	103	601	82
2304	3328	768	218	601	83
2560	3328	768	309	601	84
2816	3328	768	401	600	86
3072	3328	768	500	600	88
3328	3328	768	613	599	89
3584	3328	768	741	597	93
3840	3328	768	892	593	99
4095	3328	768	1023	562	101
0	3584	768	0	714	54
256	3584	768	0	714	54
512	3584	768	0	714	54
768	3584	768	0	714	55
1024	3584	768	0	714	55
1280	3584	768	0	715	55
1536	3584	768	0	715	56
1792	3584	768	0	716	57
2048	3584	768	0	716	57
2304	3584	768	41	717	58
2560	3584	768	240	717	60
2816	3584	768	357	716	61
3072	3584	768	472	716	64
3328	3584	768	593	716	67
3584	3584	768	730	715	72
3840	3584	768	887	711	78
4095	3584	768	1023	686	84
0	3840	768	0	853	0
256	3840	768	0	854	0
512	3840	768	0	854	0
768	3840	768	0	854	0
1024	3840	768	0	854	0
1280	3840	768	0	854	0
1536	3840	768	0	855	0
1792	3840	768	0	855	0
2048	3840	768	0	856	0
2304	3840	768	0	856	0
2560	3840	768	0	856	0
2816	3840	768	268	857	0
3072	3840	768	417	857	0
3328	3840	768	559	856	0
3584	3840	768	707	855	0
3840	3840	768	874	854	0
4095	3840	768	1023	836	37
0	4095	768	0	1021	0
256	4095	768	0	1021	0
512	4095	768	0	1021	0
768	4095	768	0	1022	0
1024	4095	768	0	1022	0
1280	4095	768	0	1022	0
1536	4095	768	0	1023	0
1792	4095	768	0	1023	0
2048	4095	768	0	1023	0
2304	4095	768	0	1023	0
2560	4095	768	0	1023	0
2816	4095	768	0	1023	0
3072	4095	768	304	1023	0
3328	4095	768	491	1023	0
3584	4095	768	662	1023	0
3840	4095	768	844	1023	0
4095	4095	768	1023	1019	0
0	0	1024	0	0	102
256	0	1024	17	0	106
512	0	1024	61	0	110
768	0	1024	96	0	115
1024	0	1024	132	0	119
1280	0	1024	168	0	123
1536	0	1024	205	0	126
1792	0	1024	241	0	129
2048	0	1024	278	0	132
2304	0	1024	320	0	135
2560	0	1024	372	0	137
2816	0	1024	436	0	141
3072	0	1024	516	0	145
3328	0	1024	613	0	149
3584	0	1024	731	0	154
3840	0	1024	874	0	161
4095	0	1024	1023	0	164
0	256	1024	0	29	108
256	256	1024	9	29	110
512	256	1024	60	25	113
768	256	1024	97	19	117
1024	256	1024	133	0	121
1280	256	1024	170	0	124
1536	256	1024	206	0	127
1792	256	1024	242	0	130
2048	256	1024	279	0	132
2304	256	1024	320	0	135
2560	256	1024	373	0	138
2816	256	1024	438	0	142
3072	256	1024	517	0	145
3328	256	1024	613	0	149
3584	256	1024	731	0	155
3840	256	1024	875	0	161
4095	256	1024	1023	0	164
0	512	1024	0	61	116
256	512	1024	0	61	116
512	512	1024	57	62	119
768	512	1024	97	60	121
1024	512	1024	134	58	123
1280	512	1024	171	53	127
1536	512	1024	207	47	129
1792	512	1024	245	35	132
2048	512	1024	281	0	134
2304	512	1024	324	0	136
2560	512	1024	375	0	138
2816	512	1024	440	0	142
3072	512	1024	518	0	146
3328	512	1024	615	0	150
3584	512	1024	732	0	155
3840	512	1024	876	0	161
4095	512	1024	1023	0	164
0	768	1024	0	96	121
256	768	1024	0	96	122
512	768	1024	46	96	123
768	768	1024	93	95	125
1024	768	1024	134	94	127
1280	768	1024	171	93	128
1536	768	1024	208	90	131
1792	768	1024	246	87	133
2048	768	1024	283	81	135
2304	768	1024	324	73	137
2560	768	1024	378	58	140
2816	768	1024	442	0	143
3072	768	1024	521	0	146
3328	768	1024	617	0	150
3584	768	1024	734	0	155
3840	768	1024	878	0	161
4095	768	1024	1023	0	163
0	1024	1024	0	130	126
256	1024	1024	0	130	126
512	1024	1024	0	130	127
768	1024	1024	86	130	128
1024	1024	1024	130	130	130
1280	1024	1024	170	129	131
1536	1024	1024	208	127	132
1792	1024	1024	246	125	135
2048	1024	1024	283	123	136
2304	1024	1024	326	119	138
2560	1024	1024	378	112	140
2816	1024	1024	444	100	143
3072	1024	1024	523	74	147
3328	1024	1024	620	0	151
3584	1024	1024	737	0	155
3840	1024	1024	880	0	161
4095	1024	1024	1023	0	163
0	1280	1024	0	164	129
256	1280	1024	0	165	129
512	1280	1024	0	165	131
768	1280	1024	71	165	132
1024	1280	1024	123	165	132
1280	1280	1024	166	164	134
1536	1280	1024	206	164	135
1792	1280	1024	246	163	137
2048	1280	1024	284	161	138
2304	1280	1024	327	159	139
2560	1280	1024	380	155	142
2816	1280	1024	445	147	145
3072	1280	1024	525	135	147
3328	1280	1024	622	111	151
3584	1280	1024	740	46	156
3840	1280	1024	883	0	161
4095	1280	1024	1023	0	163
0	1536	1024	0	200	133
256	1536	1024	0	200	133
512	1536	1024	0	201	133
768	1536	1024	37	201	134
1024	1536	1024	112	201	135
1280	1536	1024	159	200	135
1536	1536	1024	203	201	137
1792	1536	1024	244	200	137
2048	1536	1024	283	198	139
2304	1536	1024	327	197	140
2560	1536	1024	380	194	143
2816	1536	1024	446	189	145
3072	1536	1024	525	181	148
3328	1536	1024	623	166	151
3584	1536	1024	742	139	156
3840	1536	1024	885	71	161
4095	1536	1024	1023	0	162
0	1792	1024	0	236	134
256	1792	1024	0	236	134
512	1792	1024	0	236	135
768	1792	1024	0	237	135
1024	1792	1024	93	237	136
1280	1792	1024	150	237	137
1536	1792	1024	197	236	138
1792	1792	1024	240	236	139
2048	1792	1024	281	235	140
2304	1792	1024	326	235	141
2560	1792	1024	380	232	143
2816	1792	1024	446	229	145
3072	1792	1024	527	223	148
3328	1792	1024	625	213	152
3584	1792	1024	743	195	155
3840	1792	1024	887	160	160
4095	1792	1024	1023	65	160
0	2048	1024	0	272	136
256	2048	1024	0	272	136
512	2048	1024	0	272	137
768	2048	1024	0	272	137
1024	2048	1024	60	273	138
1280	2048	1024	136	273	139
1536	2048	1024	188	273	139
1792	2048	1024	234	273	140
2048	2048	1024	277	272	141
2304	2048	1024	323	272	142
2560	2048	1024	378	270	144
2816	2048	1024	446	268	145
3072	2048	1024	528	263	148
3328	2048	1024	626	256	151
3584	2048	1024	745	243	154
3840	2048	1024	888	219	160
4095	2048	1024	1023	166	160
0	2304	1024	0	312	137
256	2304	1024	0	312	137
512	2304	1024	0	313	137
768	2304	1024	0	313	138
1024	2304	1024	0	313	138
1280	2304	1024	112	314	139
1536	2304	1024	175	314	140
1792	2304	1024	225	313	141
2048	2304	1024	270	314	141
2304	2304	1024	319	312	142
2560	2304	1024	376	312	143
2816	2304	1024	445	310	145
3072	2304	1024	527	307	148
3328	2304	1024	626	302	151
3584	2304	1024	745	292	155
3840	2304	1024	890	274	159
4095	2304	1024	1023	233	159
0	2560	1024	0	363	138
256	2560	1024	0	363	138
512	2560	1024	0	364	138
768	2560	1024	0	364	138
1024	2560	1024	0	364	139
1280	2560	1024	49	365	139
1536	2560	1024	149	365	140
1792	2560	1024	208	365	141
2048	2560	1024	258	365	142
2304	2560	1024	311	365	142
2560	2560	1024	371	364	143
2816	2560	1024	442	363	144
3072	2560	1024	526	360	147
3328	2560	1024	627	357	150
3584	2560	1024	747	349	153
3840	2560	1024	892	337	157
4095	2560	1024	1023	302	157
0	2816	1024	0	427	138
256	2816	1024	0	427	138
512	2816	1024	0	427	138
768	2816	1024	0	427	138
1024	2816	1024	0	428	138
1280	2816	1024	0	428	139
1536	2816	1024	92	428	139
1792	2816	1024	178	429	140
2048	2816	1024	238	428	141
2304	2816	1024	296	428	142
2560	2816	1024	361	428	142
2816	2816	1024	436	427	144
3072	2816	1024	522	426	145
3328	2816	1024	625	422	148
3584	2816	1024	748	418	151
3840	2816	1024	894	409	155
4095	2816	1024	1023	377	154
0	3072	1024	0	504	136
256	3072	1024	0	504	136
512	3072	1024	0	504	136
768	3072	1024	0	505	136
1024	3072	1024	0	505	137
1280	3072	1024	0	505	137
1536	3072	1024	0	506	138
1792	3072	1024	109	506	138
2048	3072	1024	199	506	139
2304	3072	1024	269	506	139
2560	3072	1024	343	506	140
2816	3072	1024	423	505	141
3072	3072	1024	515	505	142
3328	3072	1024	622	503	145
3584	3072	1024	746	499	148
3840	3072	1024	894	493	152
4095	3072	1024	1023	461	151
0	3328	1024	0	598	131
256	3328	1024	0	598	131
512	3328	1024	0	599	131
768	3328	1024	0	599	131
1024	3328	1024	0	599	132
1280	3328	1024	0	600	132
1536	3328	1024	0	600	132
1792	3328	1024	0	601	133
2048	3328	1024	98	601	133
2304	3328	1024	216	601	134
2560	3328	1024	308	601	135
2816	3328	1024	400	600	135
3072	3328	1024	500	600	137
3328	3328	1024	611	599	140
3584	3328	1024	741	597	142
3840	3328	1024	892	593	146
4095	3328	1024	1023	562	145
0	3584	1024	0	714	121
256	3584	1024	0	714	121
512	3584	1024	0	714	122
768	3584	1024	0	714	122
1024	3584	1024	0	714	122
1280	3584	1024	0	715	122
1536	3584	1024	0	715	123
1792	3584	1024	0	716	123
2048	3584	1024	0	716	123
2304	3584	1024	29	717	124
2560	3584	1024	238	717	125
2816	3584	1024	357	716	126
3072	3584	1024	471	716	127
3328	3584	1024	593	716	129
3584	3584	1024	730	715	132
3840	3584	1024	887	711	136
4095	3584	1024	1023	686	137
0	3840	1024	0	854	102
256	3840	1024	0	854	102
512	3840	1024	0	854	102
768	3840	1024	0	854	102
1024	3840	1024	0	854	103
1280	3840	1024	0	854	103
1536	3840	1024	0	855	103
1792	3840	1024	0	855	104
2048	3840	1024	0	855	104
2304	3840	1024	0	856	105
2560	3840	1024	0	856	106
2816	3840	1024	267	857	107
3072	3840	1024	417	857	108
3328	3840	1024	558	856	111
3584	3840	1024	707	855	113
3840	3840	1024	873	854	118
4095	3840	1024	1023	836	121
0	4095	1024	0	1021	52
256	4095	1024	0	1021	52
512	4095	1024	0	1022	53
768	4095	1024	0	1022	53
1024	4095	1024	0	1022	53
1280	4095	1024	0	1022	54
1536	4095	1024	0	1023	54
1792	4095	1024	0	1023	55
2048	4095	1024	0	1023	56
2304	4095	1024	0	1023	57
2560	4095	1024	0	1023	58
2816	4095	1024	0	1023	60
3072	4095	1024	303	1023	63
3328	4095	1024	490	1023	67
3584	4095	1024	662	1023	72
3840	4095	1024	844	1023	78
4095	4095	1024	1023	1019	86
0	0	1280	0	0	131
256	0	1280	0	0	133
512	0	1280	58	0	138
768	0	1280	95	0	143
1024	0	1280	131	0	147
1280	0	1280	168	0	151
1536	0	1280	204	0	155
1792	0	1280	241	0	158
2048	0	1280	278	0	161
2304	0	1280	320	0	165
2560	0	1280	373	0	168
2816	0	1280	436	0	173
3072	0	1280	515	0	178
3328	0	1280	613	0	182
3584	0	1280	731	0	188
3840	0	1280	874	0	194
4095	0	1280	1023	0	197
0	256	1280	0	28	136
256	256	1280	0	27	137
512	256	1280	58	25	141
768	256	1280	96	16	145
1024	256	1280	133	0	148
1280	256	1280	169	0	152
1536	256	1280	205	0	156
1792	256	1280	242	0	159
2048	256	1280	279	0	162
2304	256	1280	321	0	165
2560	256	1280	373	0	168
2816	256	1280	437	0	173
3072	256	1280	517	0	178
3328	256	1280	613	0	182
3584	256	1280	731	0	188
3840	256	1280	875	0	194
4095	256	1280	1023	0	197
0	512	1280	0	62	143
256	512	1280	0	62	145
512	512	1280	52	62	146
768	512	1280	95	60	150
1024	512	1280	133	57	153
1280	512	1280	170	53	156
1536	512	1280	207	46	159
1792	512	1280	244	34	162
2048	512	1280	281	0	165
2304	512	1280	323	0	167
2560	512	1280	375	0	169
2816	512	1280	439	0	174
3072	512	1280	519	0	178
3328	512	1280	615	0	182
3584	512	1280	733	0	188
3840	512	1280	876	0	194
4095	512	1280	1023	0	197
0	768	1280	0	95	150
256	768	1280	0	95	150
512	768	1280	39	95	153
768	768	1280	91	96	154
1024	768	1280	132	95	156
1280	768	1280	170	92	158
1536	768	1280	208	90	160
1792	768	1280	245	86	164
2048	768	1280	282	81	166
2304	768	1280	325	72	169
2560	768	1280	377	56	171
2816	768	1280	441	0	175
3072	768	1280	521	0	179
3328	768	1280	617	0	183
3584	768	1280	735	0	189
3840	768	1280	878	0	195
4095	768	1280	1023	0	197
0	1024	1280	0	130	155
256	1024	1280	0	130	156
512	1024	1280	0	131	157
768	1024	1280	82	130	158
1024	1024	1280	128	129	159
1280	1024	1280	168	128	162
1536	1024	1280	207	127	163
1792	1024	1280	245	125	165
2048	1024	1280	283	123	168
2304	1024	1280	326	119	170
2560	1024	1280	378	112	172
2816	1024	1280	444	99	176
3072	1024	1280	523	74	179
3328	1024	1280	620	0	184
3584	1024	1280	737	0	189
3840	1024	1280	879	0	195
4095	1024	1280	1023	0	196
0	1280	1280	0	165	160
256	1280	1280	0	165	160
512	1280	1280	0	165	161
768	1280	1280	66	166	162
1024	1280	1280	121	165	164
1280	1280	1280	164	164	164
1536	1280	1280	206	164	167
1792	1280	1280	244	163	168
2048	1280	1280	283	161	169
2304	1280	1280	326	158	172
2560	1280	1280	380	154	173
2816	1280	1280	444	147	177
3072	1280	1280	525	135	181
3328	1280	1280	621	110	185
3584	1280	1280	740	45	190
3840	1280	1280	882	0	195
4095	1280	1280	1023	0	196
0	1536	1280	0	200	163
256	1536	1280	0	201	164
512	1536	1280	0	201	164
768	1536	1280	24	201	165
1024	1536	1280	109	201	166
1280	1536	1280	158	200	168
1536	1536	1280	202	200	169
1792	1536	1280	242	199	170
2048	1536	1280	282	198	171
2304	1536	1280	325	197	173
2560	1536	1280	380	194	175
2816	1536	1280	446	189	178
3072	1536	1280	525	181	181
3328	1536	1280	623	166	185
3584	1536	1280	742	139	190
3840	1536	1280	885	70	196
4095	1536	1280	1023	0	195
0	1792	1280	0	236	166
256	1792	1280	0	236	166
512	1792	1280	0	237	167
768	1792	1280	0	237	169
1024	1792	1280	89	237	169
1280	1792	1280	149	237	170
1536	1792	1280	195	237	171
1792	1792	1280	238	236	172
2048	1792	1280	279	235	174
2304	1792	1280	324	235	175
2560	1792	1280	379	232	176
2816	1792	1280	446	229	179
3072	1792	1280	526	223	182
3328	1792	1280	624	213	185
3584	1792	1280	743	195	190
3840	1792	1280	887	160	195
4095	1792	1280	1023	64	195
0	2048	1280	0	272	168
256	2048	1280	0	272	170
512	2048	1280	0	272	170
768	2048	1280	0	273	171
1024	2048	1280	53	273	171
1280	2048	1280	134	273	171
1536	2048	1280	187	273	173
1792	2048	1280	233	273	174
2048	2048	1280	276	272	174
2304	2048	1280	322	272	176
2560	2048	1280	378	270	178
2816	2048	1280	446	268	180
3072	2048	1280	528	263	183
3328	2048	1280	626	256	185
3584	2048	1280	744	243	190
3840	2048	1280	888	218	196
4095	2048	1280	1023	165	195
0	2304	1280	0	312	172
256	2304	1280	0	313	172
512	2304	1280	0	313	172
768	2304	1280	0	313	172
1024	2304	1280	0	314	173
1280	2304	1280	109	314	174
1536	2304	1280	172	314	174
1792	2304	1280	223	313	175
2048	2304	1280	270	313	176
2304	2304	1280	318	313	177
2560	2304	1280	376	312	179
2816	2304	1280	444	310	181
3072	2304	1280	527	307	183
3328	2304	1280	626	302	187
3584	2304	1280	745	292	190
3840	2304	1280	890	274	195
4095	2304	1280	1023	233	194
0	2560	1280	0	363	174
256	2560	1280	0	363	174
512	2560	1280	0	364	174
768	2560	1280	0	364	174
1024	2560	1280	0	364	175
1280	2560	1280	40	365	176
1536	2560	1280	147	366	175
1792	2560	1280	207	365	176
2048	2560	1280	258	365	177
2304	2560	1280	310	365	178
2560	2560	1280	370	363	179
2816	2560	1280	441	363	181
3072	2560	1280	526	360	183
3328	2560	1280	626	357	186
3584	2560	1280	747	349	190
3840	2560	1280	892	337	195
4095	2560	1280	1023	302	193
0	2816	1280	0	426	175
256	2816	1280	0	426	175
512	2816	1280	0	426	175
768	2816	1280	0	427	175
1024	2816	1280	0	427	176
1280	2816	1280	0	428	176
1536	2816	1280	87	428	177
1792	2816	1280	176	429	178
2048	2816	1280	237	428	178
2304	2816	1280	295	428	179
2560	2816	1280	360	428	180
2816	2816	1280	435	427	181
3072	2816	1280	522	425	184
3328	2816	1280	625	422	186
3584	2816	1280	747	417	189
3840	2816	1280	893	409	194
4095	2816	1280	1023	377	190
0	3072	1280	0	504	175
256	3072	1280	0	504	175
512	3072	1280	0	505	175
768	3072	1280	0	505	175
1024	3072	1280	0	505	176
1280	3072	1280	0	506	176
1536	3072	1280	0	506	177
1792	3072	1280	106	506	177
2048	3072	1280	197	506	178
2304	3072	1280	268	506	179
2560	3072	1280	341	506	179
2816	3072	1280	422	505	181
3072	3072	1280	514	505	182
3328	3072	1280	620	503	185
3584	3072	1280	745	499	187
3840	3072	1280	893	493	192
4095	3072	1280	1023	461	189
0	3328	1280	0	598	173
256	3328	1280	0	599	173
512	3328	1280	0	599	174
768	3328	1280	0	599	174
1024	3328	1280	0	599	174
1280	3328	1280	0	600	174
1536	3328	1280	0	600	175
1792	3328	1280	0	601	175
2048	3328	1280	94	601	176
2304	3328	1280	215	601	177
2560	3328	1280	307	601	178
2816	3328	1280	400	600	178
3072	3328	1280	499	600	180
3328	3328	1280	611	599	182
3584	3328	1280	741	597	184
3840	3328	1280	892	592	188
4095	3328	1280	1023	562	186
0	3584	1280	0	714	169
256	3584	1280	0	714	169
512	3584	1280	0	714	169
768	3584	1280	0	714	170
1024	3584	1280	0	715	170
1280	3584	1280	0	715	170
1536	3584	1280	0	715	170
1792	3584	1280	0	716	171
2048	3584	1280	0	716	171
2304	3584	1280	0	717	172
2560	3584	1280	237	717	173
2816	3584	1280	356	716	173
3072	3584	1280	470	716	175
3328	3584	1280	593	716	176
3584	3584	1280	729	714	179
3840	3584	1280	886	712	183
4095	3584	1280	1023	686	181
0	3840	1280	0	854	159
256	3840	1280	0	854	159
512	3840	1280	0	854	159
768	3840	1280	0	854	159
1024	3840	1280	0	854	159
1280	3840	1280	0	854	160
1536	3840	1280	0	854	160
1792	3840	1280	0	854	160
2048	3840	1280	0	855	161
2304	3840	1280	0	856	161
2560	3840	1280	0	856	162
2816	3840	1280	266	857	163
3072	3840	1280	416	857	165
3328	3840	1280	558	856	166
3584	3840	1280	707	856	168
3840	3840	1280	873	854	171
4095	3840	1280	1023	836	173
0	4095	1280	0	1021	140
256	4095	1280	0	1022	140
512	4095	1280	0	1022	140
768	4095	1280	0	1022	140
1024	4095	1280	0	1022	140
1280	4095	1280	0	1022	140
1536	4095	1280	0	1023	141
1792	4095	1280	0	1023	141
2048	4095	1280	0	1023	140
2304	4095	1280	0	1023	141
2560	4095	1280	0	1023	142
2816	4095	1280	0	1023	143
3072	4095	1280	301	1023	144
3328	4095	1280	489	1023	146
3584	4095	1280	662	1023	148
3840	4095	1280	844	1023	152
4095	4095	1280	1023	1019	156
0	0	1536	0	0	159
256	0	1536	0	0	161
512	0	1536	54	0	166
768	0	1536	93	0	170
1024	0	1536	131	0	175
1280	0	1536	167	0	180
1536	0	1536	204	0	183
1792	0	1536	241	0	187
2048	0	1536	278	0	190
2304	0	1536	319	0	195
2560	0	1536	372	0	199
2816	0	1536	437	0	203
3072	0	1536	516	0	209
3328	0	1536	613	0	214
3584	0	1536	731	0	221
3840	0	1536	874	0	228
4095	0	1536	1023	0	230
0	256	1536	0	26	163
256	256	1536	0	26	165
512	256	1536	53	22	169
768	256	1536	94	12	173
1024	256	1536	132	0	176
1280	256	1536	168	0	181
1536	256	1536	205	0	184
1792	256	1536	242	0	188
2048	256	1536	278	0	192
2304	256	1536	321	0	195
2560	256	1536	372	0	199
2816	256	1536	437	0	204
3072	256	1536	516	0	209
3328	256	1536	614	0	214
3584	256	1536	731	0	221
3840	256	1536	874	0	228
4095	256	1536	1023	0	230
0	512	1536	0	62	171
256	512	1536	0	62	173
512	512	1536	47	61	175
768	512	1536	92	59	178
1024	512	1536	131	56	181
1280	512	1536	169	51	185
1536	512	1536	206	44	187
1792	512	1536	244	31	191
2048	512	1536	280	0	194
2304	512	1536	323	0	197
2560	512	1536	374	0	200
2816	512	1536	439	0	205
3072	512	1536	518	0	210
3328	512	1536	615	0	215
3584	512	1536	733	0	221
3840	512	1536	875	0	228
4095	512	1536	1023	0	230
0	768	1536	0	95	178
256	768	1536	0	96	179
512	768	1536	29	96	180
768	768	1536	88	95	183
1024	768	1536	130	94	185
1280	768	1536	169	92	188
1536	768	1536	206	89	190
1792	768	1536	244	85	193
2048	768	1536	282	80	196
2304	768	1536	325	71	199
2560	768	1536	377	55	202
2816	768	1536	442	0	206
3072	768	1536	520	0	211
3328	768	1536	617	0	216
3584	768	1536	735	0	222
3840	768	1536	877	0	228
4095	768	1536	1023	0	230
0	1024	1536	0	130	185
256	1024	1536	0	130	185
512	1024	1536	0	130	186
768	1024	1536	78	130	188
1024	1024	1536	125	130	189
1280	1024	1536	167	129	191
1536	1024	1536	206	127	194
1792	1024	1536	245	125	196
2048	1024	1536	282	122	199
2304	1024	1536	326	118	201
2560	1024	1536	378	110	204
2816	1024	1536	443	99	208
3072	1024	1536	523	73	213
3328	1024	1536	620	0	217
3584	1024	1536	737	0	222
3840	1024	1536	879	0	229
4095	1024	1536	1023	0	230
0	1280	1536	0	165	189
256	1280	1536	0	165	191
512	1280	1536	0	165	191
768	1280	1536	61	166	193
1024	1280	1536	118	165	194
1280	1280	1536	163	165	196
1536	1280	1536	204	164	197
1792	1280	1536	244	163	199
2048	1280	1536	283	161	201
2304	1280	1536	326	158	203
2560	1280	1536	378	154	206
2816	1280	1536	444	147	210
3072	1280	1536	524	133	213
3328	1280	1536	621	110	218
3584	1280	1536	740	42	223
3840	1280	1536	882	0	230
4095	1280	1536	1023	0	229
0	1536	1536	0	200	194
256	1536	1536	0	200	194
512	1536	1536	0	200	196
768	1536	1536	0	202	197
1024	1536	1536	105	201	197
1280	1536	1536	157	201	199
1536	1536	1536	200	200	200
1792	1536	1536	241	199	202
2048	1536	1536	281	198	203
2304	1536	1536	325	197	205
2560	1536	1536	380	194	208
2816	1536	1536	445	189	211
3072	1536	1536	525	181	214
3328	1536	1536	623	166	219
3584	1536	1536	741	138	225
3840	1536	1536	886	68	230
4095	1536	1536	1023	0	230
0	1792	1536	0	236	198
256	1792	1536	0	236	198
512	1792	1536	0	236	198
768	1792	1536	0	236	199
1024	1792	1536	85	237	200
1280	1792	1536	146	236	202
1536	1792	1536	194	237	204
1792	1792	1536	238	236	204
2048	1792	1536	279	236	205
2304	1792	1536	324	234	208
2560	1792	1536	379	232	210
2816	1792	1536	446	229	212
3072	1792	1536	526	223	216
3328	1792	1536	624	212	220
3584	1792	1536	743	195	225
3840	1792	1536	886	159	230
4095	1792	1536	1023	62	229
0	2048	1536	0	272	201
256	2048	1536	0	272	201
512	2048	1536	0	272	202
768	2048	1536	0	273	202
1024	2048	1536	44	273	203
1280	2048	1536	131	273	204
1536	2048	1536	185	272	206
1792	2048	1536	232	273	206
2048	2048	1536	275	272	208
2304	2048	1536	321	271	209
2560	2048	1536	378	270	211
2816	2048	1536	446	268	213
3072	2048	1536	526	263	217
3328	2048	1536	625	256	220
3584	2048	1536	744	243	225
3840	2048	1536	888	218	230
4095	2048	1536	1023	165	229
0	2304	1536	0	313	204
256	2304	1536	0	313	204
512	2304	1536	0	313	205
768	2304	1536	0	313	205
1024	2304	1536	0	314	206
1280	2304	1536	105	314	207
1536	2304	1536	171	314	208
1792	2304	1536	222	314	208
2048	2304	1536	269	313	210
2304	2304	1536	317	313	211
2560	2304	1536	375	312	213
2816	2304	1536	444	310	215
3072	2304	1536	527	307	217
3328	2304	1536	626	302	221
3584	2304	1536	745	292	225
3840	2304	1536	890	274	231
4095	2304	1536	1023	233	228
0	2560	1536	0	364	208
256	2560	1536	0	364	208
512	2560	1536	0	364	208
768	2560	1536	0	364	208
1024	2560	1536	0	365	209
1280	2560	1536	22	365	210
1536	2560	1536	143	365	211
1792	2560	1536	206	365	211
2048	2560	1536	256	365	212
2304	2560	1536	308	365	213
2560	2560	1536	370	364	215
2816	2560	1536	441	362	216
3072	2560	1536	526	360	219
3328	2560	1536	626	357	221
3584	2560	1536	747	349	226
3840	2560	1536	892	337	230
4095	2560	1536	1023	302	227
0	2816	1536	0	426	210
256	2816	1536	0	426	210
512	2816	1536	0	427	210
768	2816	1536	0	427	211
1024	2816	1536	0	427	211
1280	2816	1536	0	428	212
1536	2816	1536	82	428	213
1792	2816	1536	173	428	214
2048	2816	1536	236	429	214
2304	2816	1536	294	428	215
2560	2816	1536	360	427	215
2816	2816	1536	434	427	218
3072	2816	1536	522	425	220
3328	2816	1536	624	422	223
3584	2816	1536	747	417	226
3840	2816	1536	892	409	230
4095	2816	1536	1023	377	226
0	3072	1536	0	503	212
256	3072	1536	0	504	211
512	3072	1536	0	504	213
768	3072	1536	0	504	213
1024	3072	1536	0	504	213
1280	3072	1536	0	505	214
1536	3072	1536	0	505	214
1792	3072	1536	100	506	215
2048	3072	1536	194	506	215
2304	3072	1536	267	506	216
2560	3072	1536	340	505	217
2816	3072	1536	422	505	218
3072	3072	1536	513	505	220
3328	3072	1536	620	503	222
3584	3072	1536	745	499	226
3840	3072	1536	893	493	229
4095	3072	1536	1023	461	225
0	3328	1536	0	599	213
256	3328	1536	0	599	213
512	3328	1536	0	599	213
768	3328	1536	0	599	213
1024	3328	1536	0	599	213
1280	3328	1536	0	600	214
1536	3328	1536	0	600	214
1792	3328	1536	0	601	215
2048	3328	1536	89	601	215
2304	3328	1536	212	601	216
2560	3328	1536	306	601	216
2816	3328	1536	398	600	218
3072	3328	1536	499	600	219
3328	3328	1536	611	599	221
3584	3328	1536	740	597	224
3840	3328	1536	892	592	228
4095	3328	1536	1023	562	224
0	3584	1536	0	714	211
256	3584	1536	0	714	211
512	3584	1536	0	714	211
768	3584	1536	0	714	211
1024	3584	1536	0	714	212
1280	3584	1536	0	714	212
1536	3584	1536	0	714	212
1792	3584	1536	0	715	213
2048	3584	1536	0	716	213
2304	3584	1536	0	716	214
2560	3584	1536	235	716	215
2816	3584	1536	355	716	215
3072	3584	1536	470	716	217
3328	3584	1536	592	716	218
3584	3584	1536	729	714	221
3840	3584	1536	885	712	224
4095	3584	1536	1023	686	222
0	3840	1536	0	853	206
256	3840	1536	0	853	206
512	3840	1536	0	853	206
768	3840	1536	0	853	206
1024	3840	1536	0	853	206
1280	3840	1536	0	854	207
1536	3840	1536	0	854	207
1792	3840	1536	0	855	207
2048	3840	1536	0	855	208
2304	3840	1536	0	856	208
2560	3840	1536	0	857	209
2816	3840	1536	264	857	210
3072	3840	1536	415	857	211
3328	3840	1536	557	856	213
3584	3840	1536	706	856	215
3840	3840	1536	872	854	218
4095	3840	1536	1023	836	218
0	4095	1536	0	1022	195
256	4095	1536	0	1022	195
512	4095	1536	0	1022	195
768	4095	1536	0	1022	195
1024	4095	1536	0	1022	195
1280	4095	1536	0	1022	195
1536	4095	1536	0	1023	196
1792	4095	1536	0	1023	196
2048	4095	1536	0	1023	195
2304	4095	1536	0	1023	196
2560	4095	1536	0	1023	197
2816	4095	1536	0	1023	197
3072	4095	1536	300	1023	199
3328	4095	1536	489	1023	200
3584	4095	1536	661	1023	202
3840	4095	1536	843	1023	205
4095	4095	1536	1023	1019	208
0	0	1792	0	0	187
256	0	1792	0	0	190
512	0	1792	47	0	194
768	0	1792	91	0	199
1024	0	1792	130	0	203
1280	0	1792	166	0	207
1536	0	1792	203	0	212
1792	0	1792	240	0	216
2048	0	1792	277	0	221
2304	0	1792	319	0	224
2560	0	1792	372	0	229
2816	0	1792	436	0	235
3072	0	1792	516	0	240
3328	0	1792	612	0	246
3584	0	1792	730	0	254
3840	0	1792	874	0	261
4095	0	1792	1023	0	264
0	256	1792	0	24	192
256	256	1792	0	23	193
512	256	1792	46	19	197
768	256	1792	91	0	201
1024	256	1792	130	0	205
1280	256	1792	167	0	210
1536	256	1792	204	0	214
1792	256	1792	241	0	217
2048	256	1792	279	0	221
2304	256	1792	320	0	225
2560	256	1792	373	0	229
2816	256	1792	436	0	235
3072	256	1792	516	0	240
3328	256	1792	613	0	247
3584	256	1792	731	0	253
3840	256	1792	874	0	261
4095	256	1792	1023	0	263
0	512	1792	0	61	199
256	512	1792	0	61	200
512	512	1792	37	61	204
768	512	1792	89	59	206
1024	512	1792	129	56	210
1280	512	1792	167	51	213
1536	512	1792	206	43	217
1792	512	1792	243	29	221
2048	512	1792	281	0	224
2304	512	1792	322	0	227
2560	512	1792	374	0	231
2816	512	1792	438	0	236
3072	512	1792	518	0	241
3328	512	1792	614	0	247
3584	512	1792	732	0	253
3840	512	1792	875	0	262
4095	512	1792	1023	0	263
0	768	1792	0	96	207
256	768	1792	0	96	207
512	768	1792	0	96	209
768	768	1792	83	95	212
1024	768	1792	127	94	215
1280	768	1792	167	92	217
1536	768	1792	206	89	221
1792	768	1792	243	85	223
2048	768	1792	281	79	226
2304	768	1792	324	70	230
2560	768	1792	376	53	233
2816	768	1792	442	0	238
3072	768	1792	520	0	243
3328	768	1792	616	0	248
3584	768	1792	734	0	254
3840	768	1792	877	0	262
4095	768	1792	1023	0	263
0	1024	1792	0	130	213
256	1024	1792	0	130	214
512	1024	1792	0	130	216
768	1024	1792	73	131	217
1024	1024	1792	124	130	220
1280	1024	1792	165	129	222
1536	1024	1792	205	127	224
1792	1024	1792	244	124	226
2048	1024	1792	282	122	229
2304	1024	1792	325	118	231
2560	1024	1792	377	110	235
2816	1024	1792	443	97	239
3072	1024	1792	522	72	244
3328	1024	1792	619	0	250
3584	1024	1792	736	0	256
3840	1024	1792	879	0	263
4095	1024	1792	1023	0	263
0	1280	1792	0	165	220
256	1280	1792	0	165	220
512	1280	1792	0	165	221
768	1280	1792	52	165	222
1024	1280	1792	115	166	223
1280	1280	1792	161	165	226
1536	1280	1792	203	164	228
1792	1280	1792	242	163	229
2048	1280	1792	281	160	232
2304	1280	1792	324	158	234
2560	1280	1792	378	154	238
2816	1280	1792	444	147	241
3072	1280	1792	524	133	246
3328	1280	1792	621	109	250
3584	1280	1792	740	39	256
3840	1280	1792	882	0	264
4095	1280	1792	1023	0	263
0	1536	1792	0	200	224
256	1536	1792	0	200	224
512	1536	1792	0	201	225
768	1536	1792	0	201	227
1024	1536	1792	101	201	228
1280	1536	1792	154	201	230
1536	1536	1792	199	200	231
1792	1536	1792	241	199	233
2048	1536	1792	281	198	235
2304	1536	1792	325	197	237
2560	1536	1792	378	194	239
2816	1536	1792	445	188	243
3072	1536	1792	525	181	247
3328	1536	1792	623	166	251
3584	1536	1792	741	138	258
3840	1536	1792	885	67	265
4095	1536	1792	1023	0	263
0	1792	1792	0	236	229
256	1792	1792	0	236	229
512	1792	1792	0	236	230
768	1792	1792	0	237	231
1024	1792	1792	80	237	232
1280	1792	1792	144	237	234
1536	1792	1792	192	236	234
1792	1792	1792	235	235	235
2048	1792	1792	278	235	238
2304	1792	1792	323	234	239
2560	1792	1792	379	232	242
2816	1792	1792	445	228	244
3072	1792	1792	526	223	249
3328	1792	1792	624	212	252
3584	1792	1792	743	194	258
3840	1792	1792	886	159	265
4095	1792	1792	1023	61	263
0	2048	1792	0	272	233
256	2048	1792	0	273	233
512	2048	1792	0	273	234
768	2048	1792	0	273	235
1024	2048	1792	27	274	236
1280	2048	1792	128	273	237
1536	2048	1792	182	273	237
1792	2048	1792	229	272	239
2048	2048	1792	274	272	240
2304	2048	1792	321	271	241
2560	2048	1792	376	270	243
2816	2048	1792	444	268	246
3072	2048	1792	526	263	249
3328	2048	1792	625	256	253
3584	2048	1792	744	242	259
3840	2048	1792	888	218	265
4095	2048	1792	1023	165	262
0	2304	1792	0	313	236
256	2304	1792	0	313	236
512	2304	1792	0	313	238
768	2304	1792	0	314	237
1024	2304	1792	0	314	239
1280	2304	1792	101	315	239
1536	2304	1792	167	314	241
1792	2304	1792	220	314	242
2048	2304	1792	267	313	243
2304	2304	1792	315	313	244
2560	2304	1792	374	312	246
2816	2304	1792	443	311	248
3072	2304	1792	526	307	251
3328	2304	1792	626	302	255
3584	2304	1792	745	292	260
3840	2304	1792	890	274	265
4095	2304	1792	1023	233	262
0	2560	1792	0	364	241
256	2560	1792	0	364	241
512	2560	1792	0	364	241
768	2560	1792	0	365	242
1024	2560	1792	0	365	243
1280	2560	1792	0	365	243
1536	2560	1792	140	365	243
1792	2560	1792	203	365	245
2048	2560	1792	255	365	246
2304	2560	1792	307	365	247
2560	2560	1792	369	364	248
2816	2560	1792	441	362	250
3072	2560	1792	524	361	253
3328	2560	1792	625	357	257
3584	2560	1792	747	349	260
3840	2560	1792	891	337	266
4095	2560	1792	1023	302	261
0	2816	1792	0	427	244
256	2816	1792	0	427	244
512	2816	1792	0	427	244
768	2816	1792	0	427	245
1024	2816	1792	0	427	245
1280	2816	1792	0	428	247
1536	2816	1792	74	429	248
1792	2816	1792	171	428	248
2048	2816	1792	233	429	249
2304	2816	1792	293	429	249
2560	2816	1792	358	427	251
2816	2816	1792	433	427	253
3072	2816	1792	521	425	255
3328	2816	1792	624	422	257
3584	2816	1792	746	417	262
3840	2816	1792	892	409	266
4095	2816	1792	1023	377	261
0	3072	1792	0	504	248
256	3072	1792	0	504	248
512	3072	1792	0	504	248
768	3072	1792	0	504	248
1024	3072	1792	0	505	249
1280	3072	1792	0	505	249
1536	3072	1792	0	506	250
1792	3072	1792	95	506	251
2048	3072	1792	192	506	252
2304	3072	1792	264	506	252
2560	3072	1792	339	505	253
2816	3072	1792	421	506	254
3072	3072	1792	513	504	256
3328	3072	1792	620	503	259
3584	3072	1792	745	499	262
3840	3072	1792	893	493	266
4095	3072	1792	1023	461	260
0	3328	1792	0	599	250
256	3328	1792	0	599	250
512	3328	1792	0	599	250
768	3328	1792	0	599	251
1024	3328	1792	0	600	251
1280	3328	1792	0	600	251
1536	3328	1792	0	600	252
1792	3328	1792	0	601	253
2048	3328	1792	81	601	253
2304	3328	1792	210	601	253
2560	3328	1792	304	601	254
2816	3328	1792	397	601	255
3072	3328	1792	497	600	257
3328	3328	1792	610	599	260
3584	3328	1792	740	597	262
3840	3328	1792	892	592	266
4095	3328	1792	1023	562	261
0	3584	1792	0	713	250
256	3584	1792	0	713	250
512	3584	1792	0	713	251
768	3584	1792	0	714	251
1024	3584	1792	0	714	251
1280	3584	1792	0	714	251
1536	3584	1792	0	715	252
1792	3584	1792	0	715	252
2048	3584	1792	0	716	253
2304	3584	1792	0	716	254
2560	3584	1792	233	716	255
2816	3584	1792	353	717	256
3072	3584	1792	469	716	257
3328	3584	1792	592	716	258
3584	3584	1792	729	714	261
3840	3584	1792	885	712	265
4095	3584	1792	1023	686	261
0	3840	1792	0	853	248
256	3840	1792	0	853	248
512	3840	1792	0	853	248
768	3840	1792	0	853	248
1024	3840	1792	0	854	249
1280	3840	1792	0	854	249
1536	3840	1792	0	854	249
1792	3840	1792	0	855	250
2048	3840	1792	0	855	250
2304	3840	1792	0	856	251
2560	3840	1792	0	857	251
2816	3840	1792	261	857	253
3072	3840	1792	414	856	254
3328	3840	1792	556	856	255
3584	3840	1792	706	856	257
3840	3840	1792	871	854	260
4095	3840	1792	1023	836	260
0	4095	1792	0	1022	241
256	4095	1792	0	1022	241
512	4095	1792	0	1022	241
768	4095	1792	0	1022	243
1024	4095	1792	0	1022	243
1280	4095	1792	0	1023	242
1536	4095	1792	0	1023	242
1792	4095	1792	0	1023	243
2048	4095	1792	0	1023	243
2304	4095	1792	0	1023	243
2560	4095	1792	0	1023	244
2816	4095	1792	0	1023	245
3072	4095	1792	298	1023	245
3328	4095	1792	488	1023	247
3584	4095	1792	660	1023	249
3840	4095	1792	843	1023	252
4095	4095	1792	1023	1019	255
0	0	2048	0	0	217
256	0	2048	0	0	218
512	0	2048	39	0	222
768	0	2048	87	0	227
1024	0	2048	127	0	231
1280	0	2048	165	0	236
1536	0	2048	202	0	241
1792	0	2048	239	0	245
2048	0	2048	277	0	250
2304	0	2048	319	0	254
2560	0	2048	371	0	259
2816	0	2048	436	0	265
3072	0	2048	515	0	271
3328	0	2048	613	0	277
3584	0	2048	730	0	286
3840	0	2048	874	0	293
4095	0	2048	1023	0	296
0	256	2048	0	21	220
256	256	2048	0	20	222
512	256	2048	36	13	226
768	256	2048	87	0	229
1024	256	2048	127	0	234
1280	256	2048	165	0	238
1536	256	2048	203	0	242
1792	256	2048	240	0	246
2048	256	2048	278	0	251
2304	256	2048	319	0	255
2560	256	2048	372	0	260
2816	256	2048	437	0	265
3072	256	2048	516	0	271
3328	256	2048	613	0	279
3584	256	2048	731	0	286
3840	256	2048	874	0	293
4095	256	2048	1023	0	296
0	512	2048	0	60	227
256	512	2048	0	60	229
512	512	2048	20	60	231
768	512	2048	85	57	234
1024	512	2048	127	54	238
1280	512	2048	167	50	242
1536	512	2048	204	40	246
1792	512	2048	242	25	250
2048	512	2048	280	0	253
2304	512	2048	321	0	257
2560	512	2048	374	0	262
2816	512	2048	438	0	266
3072	512	2048	517	0	272
3328	512	2048	614	0	279
3584	512	2048	732	0	286
3840	512	2048	875	0	295
4095	512	2048	1023	0	296
0	768	2048	0	95	235
256	768	2048	0	95	236
512	768	2048	0	95	239
768	768	2048	79	94	240
1024	768	2048	125	94	243
1280	768	2048	166	92	246
1536	768	2048	204	88	250
1792	768	2048	243	84	252
2048	768	2048	281	78	256
2304	768	2048	324	69	260
2560	768	2048	376	51	264
2816	768	2048	441	0	269
3072	768	2048	519	0	274
3328	768	2048	616	0	281
3584	768	2048	734	0	287
3840	768	2048	877	0	294
4095	768	2048	1023	0	296
0	1024	2048	0	129	243
256	1024	2048	0	131	242
512	1024	2048	0	131	245
768	1024	2048	66	130	247
1024	1024	2048	119	129	249
1280	1024	2048	163	129	251
1536	1024	2048	204	126	254
1792	1024	2048	242	124	256
2048	1024	2048	281	122	258
2304	1024	2048	323	117	262
2560	1024	2048	377	110	267
2816	1024	2048	442	97	270
3072	1024	2048	522	70	276
3328	1024	2048	619	0	282
3584	1024	2048	737	0	289
3840	1024	2048	880	0	295
4095	1024	2048	1023	0	295
0	1280	2048	0	165	249
256	1280	2048	0	165	249
512	1280	2048	0	165	250
768	1280	2048	39	166	252
1024	1280	2048	111	165	253
1280	1280	2048	158	164	256
1536	1280	2048	201	163	258
1792	1280	2048	241	162	260
2048	1280	2048	281	160	262
2304	1280	2048	324	158	265
2560	1280	2048	378	153	268
2816	1280	2048	443	145	272
3072	1280	2048	524	133	278
3328	1280	2048	622	108	283
3584	1280	2048	740	36	290
3840	1280	2048	882	0	296
4095	1280	2048	1023	0	296
0	1536	2048	0	201	254
256	1536	2048	0	201	255
512	1536	2048	0	201	256
768	1536	2048	0	201	258
1024	1536	2048	96	201	259
1280	1536	2048	151	201	261
1536	1536	2048	196	200	262
1792	1536	2048	239	200	264
2048	1536	2048	279	198	266
2304	1536	2048	323	196	268
2560	1536	2048	378	194	271
2816	1536	2048	444	188	275
3072	1536	2048	524	180	279
3328	1536	2048	622	165	284
3584	1536	2048	741	137	291
3840	1536	2048	885	64	298
4095	1536	2048	1023	0	296
0	1792	2048	0	236	260
256	1792	2048	0	236	260
512	1792	2048	0	237	261
768	1792	2048	0	237	262
1024	1792	2048	71	237	263
1280	1792	2048	140	237	264
1536	1792	2048	190	236	266
1792	1792	2048	234	236	267
2048	1792	2048	276	235	269
2304	1792	2048	322	234	271
2560	1792	2048	377	232	274
2816	1792	2048	444	228	276
3072	1792	2048	526	222	280
3328	1792	2048	624	212	286
3584	1792	2048	742	194	292
3840	1792	2048	886	158	299
4095	1792	2048	1023	59	296
0	2048	2048	0	272	264
256	2048	2048	0	272	264
512	2048	2048	0	272	265
768	2048	2048	0	272	265
1024	2048	2048	0	273	268
1280	2048	2048	123	273	268
1536	2048	2048	180	273	270
1792	2048	2048	228	272	271
2048	2048	2048	272	272	272
2304	2048	2048	319	271	273
2560	2048	2048	376	269	276
2816	2048	2048	444	267	279
3072	2048	2048	526	263	283
3328	2048	2048	625	255	287
3584	2048	2048	744	241	293
3840	2048	2048	887	217	299
4095	2048	2048	1023	164	296
0	2304	2048	0	313	269
256	2304	2048	0	313	269
512	2304	2048	0	314	270
768	2304	2048	0	314	270
1024	2304	2048	0	314	271
1280	2304	2048	94	314	272
1536	2304	2048	165	314	273
1792	2304	2048	218	314	274
2048	2304	2048	265	314	275
2304	2304	2048	315	313	276
2560	2304	2048	373	312	278
2816	2304	2048	442	310	281
3072	2304	2048	525	307	284
3328	2304	2048	624	302	288
3584	2304	2048	744	292	294
3840	2304	2048	889	274	300
4095	2304	2048	1023	232	296
0	2560	2048	0	364	273
256	2560	2048	0	364	273
512	2560	2048	0	364	273
768	2560	2048	0	365	275
1024	2560	2048	0	365	275
1280	2560	2048	0	366	276
1536	2560	2048	136	365	277
1792	2560	2048	201	365	278
2048	2560	2048	253	364	278
2304	2560	2048	306	364	280
2560	2560	2048	367	364	282
2816	2560	2048	439	362	284
3072	2560	2048	524	361	286
3328	2560	2048	625	357	291
3584	2560	2048	745	349	295
3840	2560	2048	891	336	301
4095	2560	2048	1023	301	296
0	2816	2048	0	427	278
256	2816	2048	0	427	278
512	2816	2048	0	427	278
768	2816	2048	0	427	279
1024	2816	2048	0	428	279
1280	2816	2048	0	428	280
1536	2816	2048	64	429	281
1792	2816	2048	168	428	282
2048	2816	2048	231	428	282
2304	2816	2048	290	428	284
2560	2816	2048	357	428	285
2816	2816	2048	433	427	287
3072	2816	2048	521	425	289
3328	2816	2048	624	423	292
3584	2816	2048	746	417	297
3840	2816	2048	892	409	302
4095	2816	2048	1023	377	296
0	3072	2048	0	504	282
256	3072	2048	0	504	283
512	3072	2048	0	504	283
768	3072	2048	0	504	283
1024	3072	2048	0	505	284
1280	3072	2048	0	505	284
1536	3072	2048	0	506	285
1792	3072	2048	87	506	286
2048	3072	2048	189	506	287
2304	3072	2048	263	506	287
2560	3072	2048	338	506	289
2816	3072	2048	419	506	290
3072	3072	2048	512	504	292
3328	3072	2048	619	503	294
3584	3072	2048	744	499	299
3840	3072	2048	893	493	303
4095	3072	2048	1023	461	295
0	3328	2048	0	598	286
256	3328	2048	0	598	286
512	3328	2048	0	598	286
768	3328	2048	0	598	286
1024	3328	2048	0	599	287
1280	3328	2048	0	599	287
1536	3328	2048	0	600	288
1792	3328	2048	0	600	288
2048	3328	2048	71	601	289
2304	3328	2048	207	602	290
2560	3328	2048	302	601	291
2816	3328	2048	396	601	292
3072	3328	2048	496	600	294
3328	3328	2048	610	599	296
3584	3328	2048	740	597	299
3840	3328	2048	891	592	303
4095	3328	2048	1023	562	297
0	3584	2048	0	713	288
256	3584	2048	0	713	288
512	3584	2048	0	714	288
768	3584	2048	0	714	289
1024	3584	2048	0	714	289
1280	3584	2048	0	714	289
1536	3584	2048	0	715	290
1792	3584	2048	0	715	290
2048	3584	2048	0	716	291
2304	3584	2048	0	717	292
2560	3584	2048	230	717	293
2816	3584	2048	352	717	293
3072	3584	2048	468	716	295
3328	3584	2048	591	716	297
3584	3584	2048	728	714	300
3840	3584	2048	885	712	303
4095	3584	2048	1023	686	299
0	3840	2048	0	853	289
256	3840	2048	0	853	289
512	3840	2048	0	853	289
768	3840	2048	0	853	289
1024	3840	2048	0	854	289
1280	3840	2048	0	854	290
1536	3840	2048	0	854	290
1792	3840	2048	0	855	290
2048	3840	2048	0	855	291
2304	3840	2048	0	856	292
2560	3840	2048	0	857	292
2816	3840	2048	259	857	294
3072	3840	2048	412	857	294
3328	3840	2048	554	857	296
3584	3840	2048	705	856	298
3840	3840	2048	871	854	301
4095	3840	2048	1023	836	300
0	4095	2048	0	1022	285
256	4095	2048	0	1022	285
512	4095	2048	0	1022	285
768	4095	2048	0	1022	285
1024	4095	2048	0	1022	286
1280	4095	2048	0	1023	286
1536	4095	2048	0	1023	286
1792	4095	2048	0	1023	286
2048	4095	2048	0	1023	287
2304	4095	2048	0	1023	287
2560	4095	2048	0	1023	288
2816	4095	2048	0	1023	289
3072	4095	2048	295	1023	289
3328	4095	2048	486	1023	290
3584	4095	2048	660	1023	293
3840	4095	2048	843	1023	296
4095	4095	2048	1023	1019	299
0	0	2304	0	0	249
256	0	2304	0	0	250
512	0	2304	18	0	255
768	0	2304	82	0	259
1024	0	2304	125	0	263
1280	0	2304	163	0	268
1536	0	2304	201	0	273
1792	0	2304	238	0	278
2048	0	2304	276	0	282
2304	0	2304	318	0	287
2560	0	2304	371	0	293
2816	0	2304	436	0	299
3072	0	2304	515	0	305
3328	0	2304	612	0	312
3584	0	2304	731	0	321
3840	0	2304	873	0	331
4095	0	2304	1023	0	333
0	256	2304	0	16	252
256	256	2304	0	13	254
512	256	2304	0	0	257
768	256	2304	82	0	261
1024	256	2304	125	0	265
1280	256	2304	164	0	270
1536	256	2304	202	0	275
1792	256	2304	239	0	279
2048	256	2304	277	0	283
2304	256	2304	320	0	288
2560	256	2304	371	0	293
2816	256	2304	436	0	299
3072	256	2304	516	0	306
3328	256	2304	612	0	314
3584	256	2304	731	0	321
3840	256	2304	874	0	330
4095	256	2304	1023	0	333
0	512	2304	0	60	259
256	512	2304	0	60	260
512	512	2304	0	58	264
768	512	2304	79	57	267
1024	512	2304	124	52	270
1280	512	2304	164	47	274
1536	512	2304	203	38	278
1792	512	2304	240	19	282
2048	512	2304	279	0	286
2304	512	2304	321	0	290
2560	512	2304	373	0	295
2816	512	2304	438	0	301
3072	512	2304	517	0	308
3328	512	2304	614	0	315
3584	512	2304	732	0	322
3840	512	2304	875	0	330
4095	512	2304	1023	0	332
0	768	2304	0	96	266
256	768	2304	0	96	268
512	768	2304	0	96	270
768	768	2304	71	94	273
1024	768	2304	121	93	276
1280	768	2304	162	90	279
1536	768	2304	202	87	282
1792	768	2304	241	83	286
2048	768	2304	280	77	289
2304	768	2304	322	67	293
2560	768	2304	375	49	298
2816	768	2304	440	0	303
3072	768	2304	520	0	308
3328	768	2304	617	0	316
3584	768	2304	734	0	323
3840	768	2304	876	0	332
4095	768	2304	1023	0	333
0	1024	2304	0	130	275
256	1024	2304	0	130	275
512	1024	2304	0	130	277
768	1024	2304	56	130	279
1024	1024	2304	115	129	282
1280	1024	2304	160	128	283
1536	1024	2304	201	126	286
1792	1024	2304	240	124	290
2048	1024	2304	280	121	293
2304	1024	2304	323	116	296
2560	1024	2304	376	109	300
2816	1024	2304	442	96	305
3072	1024	2304	521	68	311
3328	1024	2304	619	0	318
3584	1024	2304	737	0	324
3840	1024	2304	879	0	332
4095	1024	2304	1023	0	332
0	1280	2304	0	164	282
256	1280	2304	0	166	282
512	1280	2304	0	166	283
768	1280	2304	0	166	286
1024	1280	2304	105	165	287
1280	1280	2304	156	164	289
1536	1280	2304	198	163	291
1792	1280	2304	239	162	294
2048	1280	2304	279	160	296
2304	1280	2304	323	158	300
2560	1280	2304	377	153	303
2816	1280	2304	443	145	308
3072	1280	2304	523	132	313
3328	1280	2304	621	106	319
3584	1280	2304	740	30	326
3840	1280	2304	882	0	333
4095	1280	2304	1023	0	332
0	1536	2304	0	200	288
256	1536	2304	0	200	288
512	1536	2304	0	200	290
768	1536	2304	0	201	291
1024	1536	2304	89	201	292
1280	1536	2304	147	200	294
1536	1536	2304	193	200	296
1792	1536	2304	236	199	298
2048	1536	2304	277	198	300
2304	1536	2304	323	196	303
2560	1536	2304	377	193	306
2816	1536	2304	443	188	310
3072	1536	2304	524	179	315
3328	1536	2304	622	164	321
3584	1536	2304	740	135	327
3840	1536	2304	885	62	335
4095	1536	2304	1023	0	332
0	1792	2304	0	236	293
256	1792	2304	0	236	293
512	1792	2304	0	236	295
768	1792	2304	0	236	296
1024	1792	2304	61	237	298
1280	1792	2304	135	237	299
1536	1792	2304	186	237	301
1792	1792	2304	232	236	302
2048	1792	2304	275	235	304
2304	1792	2304	321	234	306
2560	1792	2304	377	232	308
2816	1792	2304	443	228	313
3072	1792	2304	525	222	316
3328	1792	2304	623	212	323
3584	1792	2304	742	194	328
3840	1792	2304	887	158	337
4095	1792	2304	1023	56	333
0	2048	2304	0	272	299
256	2048	2304	0	272	299
512	2048	2304	0	273	300
768	2048	2304	0	273	301
1024	2048	2304	0	273	302
1280	2048	2304	118	274	303
1536	2048	2304	176	273	304
1792	2048	2304	225	273	305
2048	2048	2304	270	272	308
2304	2048	2304	318	271	310
2560	2048	2304	375	269	312
2816	2048	2304	442	267	315
3072	2048	2304	525	263	319
3328	2048	2304	623	255	325
3584	2048	2304	743	241	330
3840	2048	2304	887	217	337
4095	2048	2304	1023	163	333
0	2304	2304	0	313	304
256	2304	2304	0	313	304
512	2304	2304	0	313	304
768	2304	2304	0	313	305
1024	2304	2304	0	314	306
1280	2304	2304	85	314	308
1536	2304	2304	160	314	309
1792	2304	2304	215	314	310
2048	2304	2304	263	314	311
2304	2304	2304	313	313	313
2560	2304	2304	371	312	316
2816	2304	2304	441	310	318
3072	2304	2304	525	307	321
3328	2304	2304	624	300	326
3584	2304	2304	744	290	332
3840	2304	2304	889	274	339
4095	2304	2304	1023	232	333
0	2560	2304	0	364	310
256	2560	2304	0	364	310
512	2560	2304	0	364	310
768	2560	2304	0	364	311
1024	2560	2304	0	365	312
1280	2560	2304	0	365	313
1536	2560	2304	131	366	313
1792	2560	2304	197	365	314
2048	2560	2304	251	365	315
2304	2560	2304	304	364	317
2560	2560	2304	366	364	319
2816	2560	2304	438	363	322
3072	2560	2304	524	361	324
3328	2560	2304	624	356	328
3584	2560	2304	745	349	333
3840	2560	2304	891	336	339
4095	2560	2304	1023	301	334
0	2816	2304	0	427	315
256	2816	2304	0	427	315
512	2816	2304	0	427	316
768	2816	2304	0	428	316
1024	2816	2304	0	428	317
1280	2816	2304	0	429	318
1536	2816	2304	47	429	319
1792	2816	2304	163	429	319
2048	2816	2304	229	428	320
2304	2816	2304	288	428	321
2560	2816	2304	355	428	323
2816	2816	2304	432	427	325
3072	2816	2304	519	425	327
3328	2816	2304	622	423	331
3584	2816	2304	746	417	335
3840	2816	2304	892	408	341
4095	2816	2304	1023	376	333
0	3072	2304	0	504	320
256	3072	2304	0	504	320
512	3072	2304	0	504	321
768	3072	2304	0	505	321
1024	3072	2304	0	505	321
1280	3072	2304	0	506	322
1536	3072	2304	0	506	323
1792	3072	2304	75	507	324
2048	3072	2304	184	506	325
2304	3072	2304	260	506	325
2560	3072	2304	335	506	327
2816	3072	2304	418	505	329
3072	3072	2304	511	504	331
3328	3072	2304	619	502	334
3584	3072	2304	744	499	338
3840	3072	2304	892	493	342
4095	3072	2304	1023	461	334
0	3328	2304	0	598	325
256	3328	2304	0	598	325
512	3328	2304	0	598	326
768	3328	2304	0	599	326
1024	3328	2304	0	599	326
1280	3328	2304	0	599	327
1536	3328	2304	0	600	327
1792	3328	2304	0	600	328
2048	3328	2304	55	601	329
2304	3328	2304	203	601	330
2560	3328	2304	300	601	331
2816	3328	2304	394	601	333
3072	3328	2304	495	600	335
3328	3328	2304	609	599	336
3584	3328	2304	738	597	340
3840	3328	2304	890	592	344
4095	3328	2304	1023	562	336
0	3584	2304	0	714	329
256	3584	2304	0	714	329
512	3584	2304	0	714	329
768	3584	2304	0	714	329
1024	3584	2304	0	714	331
1280	3584	2304	0	715	330
1536	3584	2304	0	715	332
1792	3584	2304	0	716	331
2048	3584	2304	0	716	333
2304	3584	2304	0	717	334
2560	3584	2304	226	717	334
2816	3584	2304	349	717	336
3072	3584	2304	466	716	337
3328	3584	2304	590	715	339
3584	3584	2304	727	714	341
3840	3584	2304	884	712	345
4095	3584	2304	1023	686	340
0	3840	2304	0	853	332
256	3840	2304	0	853	332
512	3840	2304	0	853	332
768	3840	2304	0	854	332
1024	3840	2304	0	854	332
1280	3840	2304	0	854	332
1536	3840	2304	0	855	333
1792	3840	2304	0	855	333
2048	3840	2304	0	856	334
2304	3840	2304	0	856	334
2560	3840	2304	0	857	335
2816	3840	2304	255	857	337
3072	3840	2304	411	857	339
3328	3840	2304	553	857	340
3584	3840	2304	704	856	343
3840	3840	2304	870	854	345
4095	3840	2304	1023	836	343
0	4095	2304	0	1022	331
256	4095	2304	0	1022	332
512	4095	2304	0	1022	332
768	4095	2304	0	1022	332
1024	4095	2304	0	1023	332
1280	4095	2304	0	1023	332
1536	4095	2304	0	1023	332
1792	4095	2304	0	1023	333
2048	4095	2304	0	1023	333
2304	4095	2304	0	1023	334
2560	4095	2304	0	1023	335
2816	4095	2304	0	1023	335
3072	4095	2304	293	1023	336
3328	4095	2304	485	1023	337
3584	4095	2304	659	1023	339
3840	4095	2304	842	1023	342
4095	4095	2304	1023	1019	345
0	0	2560	0	0	289
256	0	2560	0	0	290
512	0	2560	0	0	294
768	0	2560	74	0	298
1024	0	2560	120	0	303
1280	0	2560	160	0	308
1536	0	2560	200	0	313
1792	0	2560	237	0	318
2048	0	2560	275	0	322
2304	0	2560	317	0	328
2560	0	2560	370	0	333
2816	0	2560	435	0	340
3072	0	2560	515	0	348
3328	0	2560	612	0	356
3584	0	2560	730	0	366
3840	0	2560	874	0	375
4095	0	2560	1023	0	378
0	256	2560	0	0	293
256	256	2560	0	0	294
512	256	2560	0	0	297
768	256	2560	74	0	302
1024	256	2560	120	0	305
1280	256	2560	160	0	310
1536	256	2560	200	0	314
1792	256	2560	238	0	319
2048	256	2560	276	0	323
2304	256	2560	318	0	328
2560	256	2560	370	0	335
2816	256	2560	435	0	341
3072	256	2560	515	0	349
3328	256	2560	613	0	356
3584	256	2560	731	0	366
3840	256	2560	874	0	375
4095	256	2560	1023	0	378
0	512	2560	0	58	299
256	512	2560	0	58	299
512	512	2560	0	57	303
768	512	2560	68	55	307
1024	512	2560	119	51	311
1280	512	2560	161	44	314
1536	512	2560	200	34	319
1792	512	2560	239	0	323
2048	512	2560	277	0	327
2304	512	2560	319	0	332
2560	512	2560	372	0	337
2816	512	2560	437	0	342
3072	512	2560	517	0	350
3328	512	2560	614	0	357
3584	512	2560	732	0	367
3840	512	2560	875	0	376
4095	512	2560	1023	0	377
0	768	2560	0	95	307
256	768	2560	0	95	307
512	768	2560	0	95	309
768	768	2560	58	93	313
1024	768	2560	115	91	316
1280	768	2560	159	89	319
1536	768	2560	200	86	323
1792	768	2560	240	82	326
2048	768	2560	278	75	331
2304	768	2560	321	65	335
2560	768	2560	374	45	340
2816	768	2560	439	0	346
3072	768	2560	519	0	352
3328	768	2560	616	0	359
3584	768	2560	734	0	368
3840	768	2560	877	0	377
4095	768	2560	1023	0	378
0	1024	2560	0	130	314
256	1024	2560	0	130	315
512	1024	2560	0	130	317
768	1024	2560	33	130	320
1024	1024	2560	109	128	322
1280	1024	2560	156	128	325
1536	1024	2560	199	126	328
1792	1024	2560	238	123	330
2048	1024	2560	278	120	334
2304	1024	2560	322	116	337
2560	1024	2560	375	107	342
2816	1024	2560	441	93	348
3072	1024	2560	522	66	355
3328	1024	2560	619	0	362
3584	1024	2560	736	0	370
3840	1024	2560	879	0	378
4095	1024	2560	1023	0	378
0	1280	2560	0	165	322
256	1280	2560	0	165	322
512	1280	2560	0	165	324
768	1280	2560	0	165	326
1024	1280	2560	96	165	328
1280	1280	2560	150	165	330
1536	1280	2560	195	163	332
1792	1280	2560	237	162	335
2048	1280	2560	277	159	338
2304	1280	2560	321	157	342
2560	1280	2560	375	152	346
2816	1280	2560	442	145	350
3072	1280	2560	522	131	356
3328	1280	2560	620	105	364
3584	1280	2560	739	20	372
3840	1280	2560	882	0	379
4095	1280	2560	1023	0	378
0	1536	2560	0	201	329
256	1536	2560	0	201	329
512	1536	2560	0	201	331
768	1536	2560	0	201	333
1024	1536	2560	78	201	335
1280	1536	2560	141	201	336
1536	1536	2560	189	200	338
1792	1536	2560	233	199	340
2048	1536	2560	276	198	343
2304	1536	2560	321	196	346
2560	1536	2560	376	193	349
2816	1536	2560	442	188	354
3072	1536	2560	523	179	359
3328	1536	2560	621	163	366
3584	1536	2560	740	134	373
3840	1536	2560	884	58	381
4095	1536	2560	1023	0	378
0	1792	2560	0	236	335
256	1792	2560	0	236	335
512	1792	2560	0	237	336
768	1792	2560	0	237	338
1024	1792	2560	38	237	340
1280	1792	2560	129	237	341
1536	1792	2560	182	236	343
1792	1792	2560	228	236	345
2048	1792	2560	272	235	347
2304	1792	2560	318	233	349
2560	1792	2560	375	232	352
2816	1792	2560	442	228	356
3072	1792	2560	523	222	361
3328	1792	2560	623	211	367
3584	1792	2560	741	192	375
3840	1792	2560	886	157	382
4095	1792	2560	1023	52	379
0	2048	2560	0	272	341
256	2048	2560	0	272	341
512	2048	2560	0	272	341
768	2048	2560	0	272	344
1024	2048	2560	0	274	345
1280	2048	2560	109	273	347
1536	2048	2560	171	273	348
1792	2048	2560	221	273	349
2048	2048	2560	267	272	351
2304	2048	2560	315	271	353
2560	2048	2560	373	270	356
2816	2048	2560	442	267	359
3072	2048	2560	524	262	364
3328	2048	2560	623	254	369
3584	2048	2560	743	241	375
3840	2048	2560	887	216	383
4095	2048	2560	1023	162	378
0	2304	2560	0	313	347
256	2304	2560	0	313	347
512	2304	2560	0	314	347
768	2304	2560	0	314	348
1024	2304	2560	0	314	350
1280	2304	2560	71	315	352
1536	2304	2560	154	314	353
1792	2304	2560	211	314	353
2048	2304	2560	260	313	356
2304	2304	2560	310	313	357
2560	2304	2560	370	312	359
2816	2304	2560	440	310	363
3072	2304	2560	523	306	367
3328	2304	2560	624	300	371
3584	2304	2560	744	290	378
3840	2304	2560	889	272	385
4095	2304	2560	1023	232	379
0	2560	2560	0	364	354
256	2560	2560	0	364	354
512	2560	2560	0	364	354
768	2560	2560	0	365	355
1024	2560	2560	0	365	356
1280	2560	2560	0	365	357
1536	2560	2560	123	365	357
1792	2560	2560	192	366	359
2048	2560	2560	247	365	360
2304	2560	2560	302	365	361
2560	2560	2560	363	363	363
2816	2560	2560	436	363	366
3072	2560	2560	522	360	370
3328	2560	2560	623	356	375
3584	2560	2560	744	348	380
3840	2560	2560	890	336	386
4095	2560	2560	1023	301	379
0	2816	2560	0	427	360
256	2816	2560	0	427	360
512	2816	2560	0	427	360
768	2816	2560	0	427	361
1024	2816	2560	0	428	361
1280	2816	2560	0	428	362
1536	2816	2560	0	428	364
1792	2816	2560	156	429	365
2048	2816	2560	224	429	365
2304	2816	2560	286	428	367
2560	2816	2560	352	428	369
2816	2816	2560	429	427	371
3072	2816	2560	518	426	374
3328	2816	2560	622	423	378
3584	2816	2560	745	417	382
3840	2816	2560	891	408	389
4095	2816	2560	1023	376	380
0	3072	2560	0	504	367
256	3072	2560	0	504	367
512	3072	2560	0	504	367
768	3072	2560	0	504	367
1024	3072	2560	0	504	368
1280	3072	2560	0	505	369
1536	3072	2560	0	505	370
1792	3072	2560	54	506	371
2048	3072	2560	179	507	372
2304	3072	2560	256	506	372
2560	3072	2560	333	506	374
2816	3072	2560	416	505	376
3072	3072	2560	509	504	378
3328	3072	2560	617	502	381
3584	3072	2560	743	498	386
3840	3072	2560	891	493	391
4095	3072	2560	1023	461	381
0	3328	2560	0	599	373
256	3328	2560	0	599	373
512	3328	2560	0	599	373
768	3328	2560	0	599	373
1024	3328	2560	0	599	374
1280	3328	2560	0	600	374
1536	3328	2560	0	600	375
1792	3328	2560	0	601	376
2048	3328	2560	0	601	378
2304	3328	2560	197	601	378
2560	3328	2560	297	601	380
2816	3328	2560	391	601	381
3072	3328	2560	494	601	383
3328	3328	2560	607	599	385
3584	3328	2560	738	596	389
3840	3328	2560	890	593	394
4095	3328	2560	1023	562	384
0	3584	2560	0	714	379
256	3584	2560	0	714	379
512	3584	2560	0	714	379
768	3584	2560	0	714	380
1024	3584	2560	0	715	380
1280	3584	2560	0	715	380
1536	3584	2560	0	715	381
1792	3584	2560	0	716	382
2048	3584	2560	0	716	382
2304	3584	2560	0	717	383
2560	3584	2560	221	717	385
2816	3584	2560	346	716	385
3072	3584	2560	464	717	387
3328	3584	2560	588	715	389
3584	3584	2560	726	714	392
3840	3584	2560	884	712	396
4095	3584	2560	1023	686	390
0	3840	2560	0	854	384
256	3840	2560	0	854	384
512	3840	2560	0	854	384
768	3840	2560	0	854	384
1024	3840	2560	0	854	384
1280	3840	2560	0	855	385
1536	3840	2560	0	855	385
1792	3840	2560	0	855	385
2048	3840	2560	0	856	386
2304	3840	2560	0	856	387
2560	3840	2560	0	857	388
2816	3840	2560	251	857	389
3072	3840	2560	408	857	390
3328	3840	2560	552	857	392
3584	3840	2560	702	856	395
3840	3840	2560	870	855	398
4095	3840	2560	1023	837	396
0	4095	2560	0	1022	386
256	4095	2560	0	1022	386
512	4095	2560	0	1022	386
768	4095	2560	0	1022	386
1024	4095	2560	0	1022	387
1280	4095	2560	0	1022	387
1536	4095	2560	0	1022	387
1792	4095	2560	0	1023	388
2048	4095	2560	0	1023	388
2304	4095	2560	0	1023	388
2560	4095	2560	0	1023	389
2816	4095	2560	0	1023	390
3072	4095	2560	288	1023	390
3328	4095	2560	483	1023	393
3584	4095	2560	657	1023	395
3840	4095	2560	841	1023	398
4095	4095	2560	1023	1019	400
0	0	2816	0	0	339
256	0	2816	0	0	340
512	0	2816	0	0	344
768	0	2816	57	0	349
1024	0	2816	112	0	352
1280	0	2816	156	0	357
1536	0	2816	196	0	363
1792	0	2816	235	0	368
2048	0	2816	273	0	373
2304	0	2816	316	0	377
2560	0	2816	369	0	384
2816	0	2816	434	0	392
3072	0	2816	514	0	400
3328	0	2816	612	0	409
3584	0	2816	730	0	418
3840	0	2816	873	0	429
4095	0	2816	1023	0	432
0	256	2816	0	0	343
256	256	2816	0	0	344
512	256	2816	0	0	346
768	256	2816	56	0	351
1024	256	2816	112	0	355
1280	256	2816	156	0	360
1536	256	2816	196	0	364
1792	256	2816	235	0	369
2048	256	2816	274	0	374
2304	256	2816	317	0	378
2560	256	2816	370	0	384
2816	256	2816	435	0	392
3072	256	2816	515	0	400
3328	256	2816	612	0	409
3584	256	2816	730	0	420
3840	256	2816	873	0	431
4095	256	2816	1023	0	432
0	512	2816	0	56	349
256	512	2816	0	56	350
512	512	2816	0	53	352
768	512	2816	47	51	357
1024	512	2816	110	46	360
1280	512	2816	156	39	364
1536	512	2816	196	23	368
1792	512	2816	236	0	373
2048	512	2816	275	0	377
2304	512	2816	318	0	382
2560	512	2816	371	0	388
2816	512	2816	436	0	394
3072	512	2816	516	0	402
3328	512	2816	613	0	410
3584	512	2816	731	0	421
3840	512	2816	874	0	430
4095	512	2816	1023	0	431
0	768	2816	0	94	356
256	768	2816	0	94	356
512	768	2816	0	94	359
768	768	2816	24	92	362
1024	768	2816	106	91	365
1280	768	2816	153	88	369
1536	768	2816	196	85	372
1792	768	2816	236	79	377
2048	768	2816	275	72	381
2304	768	2816	319	61	385
2560	768	2816	373	38	391
2816	768	2816	438	0	397
3072	768	2816	518	0	404
3328	768	2816	615	0	412
3584	768	2816	733	0	422
3840	768	2816	876	0	431
4095	768	2816	1023	0	432
0	1024	2816	0	129	363
256	1024	2816	0	129	365
512	1024	2816	0	129	367
768	1024	2816	0	129	369
1024	1024	2816	97	129	372
1280	1024	2816	149	127	374
1536	1024	2816	194	125	378
1792	1024	2816	235	122	382
2048	1024	2816	275	118	385
2304	1024	2816	319	114	388
2560	1024	2816	373	106	394
2816	1024	2816	440	91	400
3072	1024	2816	521	61	407
3328	1024	2816	618	0	415
3584	1024	2816	735	0	424
3840	1024	2816	878	0	434
4095	1024	2816	1023	0	432
0	1280	2816	0	165	371
256	1280	2816	0	165	373
512	1280	2816	0	165	374
768	1280	2816	0	165	376
1024	1280	2816	82	165	379
1280	1280	2816	142	164	381
1536	1280	2816	189	163	384
1792	1280	2816	233	161	386
2048	1280	2816	274	159	389
2304	1280	2816	319	156	394
2560	1280	2816	374	151	397
2816	1280	2816	440	143	403
3072	1280	2816	521	129	409
3328	1280	2816	619	103	417
3584	1280	2816	738	0	426
3840	1280	2816	881	0	436
4095	1280	2816	1023	0	433
0	1536	2816	0	201	379
256	1536	2816	0	201	379
512	1536	2816	0	201	380
768	1536	2816	0	201	383
1024	1536	2816	56	201	385
1280	1536	2816	132	200	387
1536	1536	2816	184	199	389
1792	1536	2816	229	198	392
2048	1536	2816	271	197	395
2304	1536	2816	318	195	397
2560	1536	2816	373	193	401
2816	1536	2816	440	186	406
3072	1536	2816	522	177	412
3328	1536	2816	620	162	419
3584	1536	2816	740	133	428
3840	1536	2816	884	52	437
4095	1536	2816	1023	0	433
0	1792	2816	0	236	386
256	1792	2816	0	236	386
512	1792	2816	0	236	387
768	1792	2816	0	237	389
1024	1792	2816	0	237	392
1280	1792	2816	118	237	393
1536	1792	2816	176	236	395
1792	1792	2816	224	236	397
2048	1792	2816	269	235	399
2304	1792	2816	316	233	402
2560	1792	2816	372	231	405
2816	1792	2816	441	227	410
3072	1792	2816	523	221	415
3328	1792	2816	622	210	422
3584	1792	2816	741	191	429
3840	1792	2816	885	154	438
4095	1792	2816	1023	44	433
0	2048	2816	0	273	393
256	2048	2816	0	273	393
512	2048	2816	0	273	394
768	2048	2816	0	273	395
1024	2048	2816	0	273	396
1280	2048	2816	94	273	398
1536	2048	2816	164	273	400
1792	2048	2816	216	273	401
2048	2048	2816	263	272	404
2304	2048	2816	312	271	406
2560	2048	2816	370	270	409
2816	2048	2816	440	267	413
3072	2048	2816	523	262	418
3328	2048	2816	622	254	424
3584	2048	2816	742	240	431
3840	2048	2816	887	215	440
4095	2048	2816	1023	161	434
0	2304	2816	0	313	399
256	2304	2816	0	313	399
512	2304	2816	0	313	401
768	2304	2816	0	314	400
1024	2304	2816	0	314	403
1280	2304	2816	40	314	404
1536	2304	2816	146	314	405
1792	2304	2816	205	314	408
2048	2304	2816	256	314	409
2304	2304	2816	307	313	411
2560	2304	2816	367	311	413
2816	2304	2816	438	309	416
3072	2304	2816	522	306	421
3328	2304	2816	622	300	427
3584	2304	2816	743	290	433
3840	2304	2816	888	272	442
4095	2304	2816	1023	231	434
0	2560	2816	0	364	406
256	2560	2816	0	364	406
512	2560	2816	0	364	407
768	2560	2816	0	364	408
1024	2560	2816	0	365	409
1280	2560	2816	0	365	411
1536	2560	2816	109	366	412
1792	2560	2816	185	365	413
2048	2560	2816	241	365	415
2304	2560	2816	297	364	416
2560	2560	2816	361	364	418
2816	2560	2816	434	362	421
3072	2560	2816	520	360	425
3328	2560	2816	622	356	431
3584	2560	2816	744	348	436
3840	2560	2816	889	335	444
4095	2560	2816	1023	300	436
0	2816	2816	0	427	414
256	2816	2816	0	427	414
512	2816	2816	0	428	414
768	2816	2816	0	428	415
1024	2816	2816	0	428	416
1280	2816	2816	0	429	417
1536	2816	2816	0	429	419
1792	2816	2816	146	429	420
2048	2816	2816	217	428	421
2304	2816	2816	281	428	423
2560	2816	2816	350	428	424
2816	2816	2816	427	427	427
3072	2816	2816	516	425	430
3328	2816	2816	620	422	434
3584	2816	2816	744	417	440
3840	2816	2816	891	408	446
4095	2816	2816	1023	376	437
0	3072	2816	0	504	423
256	3072	2816	0	504	423
512	3072	2816	0	504	423
768	3072	2816	0	505	424
1024	3072	2816	0	505	424
1280	3072	2816	0	505	425
1536	3072	2816	0	506	426
1792	3072	2816	0	506	427
2048	3072	2816	170	506	428
2304	3072	2816	250	506	429
2560	3072	2816	328	506	431
2816	3072	2816	413	506	433
3072	3072	2816	508	505	435
3328	3072	2816	616	503	439
3584	3072	2816	742	499	444
3840	3072	2816	891	493	450
4095	3072	2816	1023	461	438
0	3328	2816	0	599	430
256	3328	2816	0	599	430
512	3328	2816	0	599	431
768	3328	2816	0	600	431
1024	3328	2816	0	599	432
1280	3328	2816	0	599	432
1536	3328	2816	0	600	433
1792	3328	2816	0	600	434
2048	3328	2816	0	601	435
2304	3328	2816	189	602	436
2560	3328	2816	291	601	437
2816	3328	2816	388	601	439
3072	3328	2816	491	600	441
3328	3328	2816	605	599	444
3584	3328	2816	737	597	448
3840	3328	2816	889	593	453
4095	3328	2816	1023	562	442
0	3584	2816	0	713	438
256	3584	2816	0	713	438
512	3584	2816	0	714	439
768	3584	2816	0	714	439
1024	3584	2816	0	714	439
1280	3584	2816	0	714	440
1536	3584	2816	0	715	440
1792	3584	2816	0	715	441
2048	3584	2816	0	716	442
2304	3584	2816	0	717	443
2560	3584	2816	213	716	445
2816	3584	2816	342	717	446
3072	3584	2816	461	716	447
3328	3584	2816	586	716	450
3584	3584	2816	724	715	453
3840	3584	2816	882	711	457
4095	3584	2816	1023	686	450
0	3840	2816	0	853	445
256	3840	2816	0	853	445
512	3840	2816	0	853	445
768	3840	2816	0	853	446
1024	3840	2816	0	854	446
1280	3840	2816	0	854	446
1536	3840	2816	0	854	447
1792	3840	2816	0	855	447
2048	3840	2816	0	855	448
2304	3840	2816	0	856	449
2560	3840	2816	0	857	450
2816	3840	2816	244	857	451
3072	3840	2816	405	857	453
3328	3840	2816	549	856	455
3584	3840	2816	701	855	458
3840	3840	2816	869	854	461
4095	3840	2816	1023	837	458
0	4095	2816	0	1022	451
256	4095	2816	0	1022	451
512	4095	2816	0	1022	451
768	4095	2816	0	1022	451
1024	4095	2816	0	1022	451
1280	4095	2816	0	1022	452
1536	4095	2816	0	1023	452
1792	4095	2816	0	1023	452
2048	4095	2816	0	1023	453
2304	4095	2816	0	1023	454
2560	4095	2816	0	1023	453
2816	4095	2816	0	1023	455
3072	4095	2816	282	1023	455
3328	4095	2816	480	1023	457
3584	4095	2816	655	1023	459
3840	4095	2816	838	1023	463
4095	4095	2816	1023	1020	466
0	0	3072	0	0	401
256	0	3072	0	0	402
512	0	3072	0	0	405
768	0	3072	0	0	410
1024	0	3072	98	0	414
1280	0	3072	148	0	418
1536	0	3072	190	0	423
1792	0	3072	231	0	428
2048	0	3072	270	0	434
2304	0	3072	314	0	439
2560	0	3072	367	0	445
2816	0	3072	433	0	453
3072	0	3072	513	0	463
3328	0	3072	610	0	472
3584	0	3072	729	0	483
3840	0	3072	873	0	495
4095	0	3072	1023	0	498
0	256	3072	0	0	403
256	256	3072	0	0	404
512	256	3072	0	0	408
768	256	3072	0	0	412
1024	256	3072	98	0	416
1280	256	3072	147	0	420
1536	256	3072	190	0	425
1792	256	3072	231	0	430
2048	256	3072	271	0	435
2304	256	3072	314	0	440
2560	256	3072	368	0	446
2816	256	3072	433	0	454
3072	256	3072	513	0	463
3328	256	3072	611	0	472
3584	256	3072	730	0	484
3840	256	3072	873	0	497
4095	256	3072	1023	0	498
0	512	3072	0	51	410
256	512	3072	0	50	411
512	512	3072	0	49	413
768	512	3072	0	45	418
1024	512	3072	94	38	421
1280	512	3072	147	28	425
1536	512	3072	191	0	430
1792	512	3072	232	0	433
2048	512	3072	271	0	438
2304	512	3072	315	0	443
2560	512	3072	369	0	449
2816	512	3072	434	0	457
3072	512	3072	514	0	465
3328	512	3072	612	0	475
3584	512	3072	731	0	485
3840	512	3072	874	0	496
4095	512	3072	1023	0	498
0	768	3072	0	91	416
256	768	3072	0	91	418
512	768	3072	0	91	420
768	768	3072	0	90	423
1024	768	3072	87	89	427
1280	768	3072	143	84	431
1536	768	3072	188	80	434
1792	768	3072	231	75	438
2048	768	3072	272	67	442
2304	768	3072	316	55	447
2560	768	3072	370	24	453
2816	768	3072	436	0	460
3072	768	3072	516	0	467
3328	768	3072	614	0	477
3584	768	3072	732	0	486
3840	768	3072	876	0	499
4095	768	3072	1023	0	498
0	1024	3072	0	128	425
256	1024	3072	0	128	425
512	1024	3072	0	128	427
768	1024	3072	0	128	430
1024	1024	3072	75	127	433
1280	1024	3072	138	126	436
1536	1024	3072	187	123	440
1792	1024	3072	230	121	443
2048	1024	3072	271	117	446
2304	1024	3072	316	111	452
2560	1024	3072	370	103	456
2816	1024	3072	437	87	463
3072	1024	3072	519	54	471
3328	1024	3072	616	0	480
3584	1024	3072	735	0	488
3840	1024	3072	878	0	499
4095	1024	3072	1023	0	498
0	1280	3072	0	165	432
256	1280	3072	0	165	433
512	1280	3072	0	165	435
768	1280	3072	0	165	437
1024	1280	3072	52	165	440
1280	1280	3072	129	163	442
1536	1280	3072	181	162	445
1792	1280	3072	227	160	449
2048	1280	3072	269	158	452
2304	1280	3072	316	155	455
2560	1280	3072	370	149	460
2816	1280	3072	438	141	466
3072	1280	3072	519	127	473
3328	1280	3072	618	99	482
3584	1280	3072	738	0	492
3840	1280	3072	880	0	502
4095	1280	3072	1023	0	500
0	1536	3072	0	201	440
256	1536	3072	0	201	441
512	1536	3072	0	201	442
768	1536	3072	0	201	444
1024	1536	3072	0	201	447
1280	1536	3072	117	200	449
1536	1536	3072	175	199	451
1792	1536	3072	222	198	454
2048	1536	3072	267	197	456
2304	1536	3072	314	194	460
2560	1536	3072	370	191	465
2816	1536	3072	438	186	470
3072	1536	3072	520	176	477
3328	1536	3072	619	160	484
3584	1536	3072	739	129	493
3840	1536	3072	884	41	504
4095	1536	3072	1023	0	499
0	1792	3072	0	236	448
256	1792	3072	0	236	449
512	1792	3072	0	236	450
768	1792	3072	0	237	451
1024	1792	3072	0	237	453
1280	1792	3072	100	237	456
1536	1792	3072	165	236	458
1792	1792	3072	217	235	460
2048	1792	3072	263	234	462
2304	1792	3072	312	233	465
2560	1792	3072	368	231	468
2816	1792	3072	437	227	474
3072	1792	3072	520	220	480
3328	1792	3072	620	209	487
3584	1792	3072	740	190	496
3840	1792	3072	884	152	506
4095	1792	3072	1023	30	500
0	2048	3072	0	273	455
256	2048	3072	0	273	455
512	2048	3072	0	273	456
768	2048	3072	0	273	457
1024	2048	3072	0	273	460
1280	2048	3072	67	274	462
1536	2048	3072	152	273	464
1792	2048	3072	209	272	465
2048	2048	3072	258	271	468
2304	2048	3072	308	270	470
2560	2048	3072	367	269	473
2816	2048	3072	437	266	478
3072	2048	3072	521	261	483
3328	2048	3072	620	253	490
3584	2048	3072	741	238	498
3840	2048	3072	886	213	508
4095	2048	3072	1023	159	501
0	2304	3072	0	313	462
256	2304	3072	0	313	462
512	2304	3072	0	313	464
768	2304	3072	0	314	465
1024	2304	3072	0	314	466
1280	2304	3072	0	314	468
1536	2304	3072	130	315	469
1792	2304	3072	196	314	471
2048	2304	3072	248	313	474
2304	2304	3072	302	312	475
2560	2304	3072	363	312	478
2816	2304	3072	435	309	482
3072	2304	3072	520	305	487
3328	2304	3072	621	299	493
3584	2304	3072	742	290	501
3840	2304	3072	887	271	509
4095	2304	3072	1023	229	502
0	2560	3072	0	364	471
256	2560	3072	0	364	471
512	2560	3072	0	364	472
768	2560	3072	0	364	472
1024	2560	3072	0	365	474
1280	2560	3072	0	365	475
1536	2560	3072	86	365	477
1792	2560	3072	174	365	478
2048	2560	3072	234	365	480
2304	2560	3072	292	365	481
2560	2560	3072	357	363	484
2816	2560	3072	431	362	487
3072	2560	3072	518	359	492
3328	2560	3072	620	355	497
3584	2560	3072	742	348	504
3840	2560	3072	888	334	512
4095	2560	3072	1023	300	503
0	2816	3072	0	427	479
256	2816	3072	0	427	480
512	2816	3072	0	427	480
768	2816	3072	0	428	481
1024	2816	3072	0	428	482
1280	2816	3072	0	428	484
1536	2816	3072	0	429	485
1792	2816	3072	130	428	486
2048	2816	3072	208	429	488
2304	2816	3072	274	428	489
2560	2816	3072	345	428	491
2816	2816	3072	423	427	494
3072	2816	3072	513	425	498
3328	2816	3072	619	422	502
3584	2816	3072	742	416	509
3840	2816	3072	889	408	515
4095	2816	3072	1023	376	504
0	3072	3072	0	504	489
256	3072	3072	0	504	490
512	3072	3072	0	504	490
768	3072	3072	0	505	490
1024	3072	3072	0	505	491
1280	3072	3072	0	505	492
1536	3072	3072	0	506	493
1792	3072	3072	0	506	495
2048	3072	3072	157	507	496
2304	3072	3072	241	506	497
2560	3072	3072	323	506	499
2816	3072	3072	409	505	501
3072	3072	3072	504	504	504
3328	3072	3072	613	502	508
3584	3072	3072	740	499	514
3840	3072	3072	889	492	520
4095	3072	3072	1023	461	506
0	3328	3072	0	599	500
256	3328	3072	0	599	500
512	3328	3072	0	599	500
768	3328	3072	0	599	500
1024	3328	3072	0	600	501
1280	3328	3072	0	600	502
1536	3328	3072	0	600	503
1792	3328	3072	0	601	504
2048	3328	3072	0	602	505
2304	3328	3072	176	601	506
2560	3328	3072	284	601	508
2816	3328	3072	383	601	509
3072	3328	3072	488	600	511
3328	3328	3072	602	599	515
3584	3328	3072	734	597	520
3840	3328	3072	887	592	525
4095	3328	3072	1023	562	512
0	3584	3072	0	714	510
256	3584	3072	0	714	510
512	3584	3072	0	714	510
768	3584	3072	0	714	510
1024	3584	3072	0	715	511
1280	3584	3072	0	715	511
1536	3584	3072	0	715	512
1792	3584	3072	0	716	513
2048	3584	3072	0	716	514
2304	3584	3072	0	717	515
2560	3584	3072	202	717	516
2816	3584	3072	335	717	518
3072	3584	3072	456	717	519
3328	3584	3072	582	715	522
3584	3584	3072	722	714	526
3840	3584	3072	881	711	531
4095	3584	3072	1023	687	522
0	3840	3072	0	854	519
256	3840	3072	0	854	519
512	3840	3072	0	854	519
768	3840	3072	0	854	519
1024	3840	3072	0	854	520
1280	3840	3072	0	854	520
1536	3840	3072	0	855	521
1792	3840	3072	0	855	521
2048	3840	3072	0	856	522
2304	3840	3072	0	856	523
2560	3840	3072	0	857	524
2816	3840	3072	233	857	525
3072	3840	3072	399	857	527
3328	3840	3072	546	857	529
3584	3840	3072	698	856	532
3840	3840	3072	866	854	536
4095	3840	3072	1023	837	532
0	4095	3072	0	1022	527
256	4095	3072	0	1022	527
512	4095	3072	0	1022	527
768	4095	3072	0	1022	527
1024	4095	3072	0	1023	527
1280	4095	3072	0	1023	528
1536	4095	3072	0	1023	528
1792	4095	3072	0	1023	529
2048	4095	3072	0	1023	529
2304	4095	3072	0	1023	529
2560	4095	3072	0	1023	530
2816	4095	3072	0	1023	530
3072	4095	3072	272	1023	532
3328	4095	3072	474	1023	534
3584	4095	3072	652	1023	537
3840	4095	3072	837	1023	540
4095	4095	3072	1023	1020	544
0	0	3328	0	0	476
256	0	3328	0	0	477
512	0	3328	0	0	479
768	0	3328	0	0	484
1024	0	3328	71	0	488
1280	0	3328	134	0	493
1536	0	3328	180	0	498
1792	0	3328	224	0	503
2048	0	3328	265	0	507
2304	0	3328	310	0	513
2560	0	3328	365	0	520
2816	0	3328	431	0	529
3072	0	3328	511	0	539
3328	0	3328	610	0	549
3584	0	3328	728	0	562
3840	0	3328	872	0	575
4095	0	3328	1023	0	577
0	256	3328	0	0	478
256	256	3328	0	0	479
512	256	3328	0	0	481
768	256	3328	0	0	486
1024	256	3328	70	0	491
1280	256	3328	133	0	495
1536	256	3328	180	0	499
1792	256	3328	224	0	504
2048	256	3328	265	0	509
2304	256	3328	310	0	514
2560	256	3328	365	0	521
2816	256	3328	431	0	530
3072	256	3328	512	0	539
3328	256	3328	610	0	550
3584	256	3328	728	0	562
3840	256	3328	873	0	575
4095	256	3328	1023	0	577
0	512	3328	0	42	484
256	512	3328	0	41	485
512	512	3328	0	38	487
768	512	3328	0	33	491
1024	512	3328	62	22	496
1280	512	3328	132	0	499
1536	512	3328	180	0	503
1792	512	3328	225	0	508
2048	512	3328	266	0	512
2304	512	3328	311	0	517
2560	512	3328	366	0	524
2816	512	3328	432	0	532
3072	512	3328	513	0	541
3328	512	3328	611	0	551
3584	512	3328	729	0	563
3840	512	3328	873	0	576
4095	512	3328	1023	0	577
0	768	3328	0	89	491
256	768	3328	0	89	491
512	768	3328	0	88	493
768	768	3328	0	86	497
1024	768	3328	49	84	501
1280	768	3328	127	80	505
1536	768	3328	178	76	508
1792	768	3328	224	69	512
2048	768	3328	265	59	518
2304	768	3328	312	45	522
2560	768	3328	367	0	528
2816	768	3328	434	0	535
3072	768	3328	514	0	544
3328	768	3328	613	0	554
3584	768	3328	731	0	565
3840	768	3328	874	0	577
4095	768	3328	1023	0	577
0	1024	3328	0	127	498
256	1024	3328	0	127	499
512	1024	3328	0	127	500
768	1024	3328	0	127	504
1024	1024	3328	0	125	507
1280	1024	3328	120	124	511
1536	1024	3328	174	121	514
1792	1024	3328	221	118	518
2048	1024	3328	265	113	521
2304	1024	3328	311	108	526
2560	1024	3328	367	98	532
2816	1024	3328	435	82	539
3072	1024	3328	516	41	548
3328	1024	3328	614	0	557
3584	1024	3328	733	0	567
3840	1024	3328	876	0	579
4095	1024	3328	1023	0	578
0	1280	3328	0	163	507
256	1280	3328	0	163	507
512	1280	3328	0	163	508
768	1280	3328	0	163	512
1024	1280	3328	0	163	515
1280	1280	3328	108	162	517
1536	1280	3328	168	161	520
1792	1280	3328	218	158	523
2048	1280	3328	262	156	527
2304	1280	3328	309	153	531
2560	1280	3328	366	147	537
2816	1280	3328	435	138	542
3072	1280	3328	517	123	550
3328	1280	3328	616	93	560
3584	1280	3328	736	0	570
3840	1280	3328	879	0	582
4095	1280	3328	1023	0	578
0	1536	3328	0	201	514
256	1536	3328	0	201	516
512	1536	3328	0	201	517
768	1536	3328	0	200	519
1024	1536	3328	0	200	521
1280	1536	3328	92	199	524
1536	1536	3328	161	198	527
1792	1536	3328	213	198	529
2048	1536	3328	258	196	532
2304	1536	3328	308	193	536
2560	1536	3328	366	190	541
2816	1536	3328	435	184	547
3072	1536	3328	517	174	554
3328	1536	3328	617	158	563
3584	1536	3328	737	126	573
3840	1536	3328	882	10	585
4095	1536	3328	1023	0	579
0	1792	3328	0	236	523
256	1792	3328	0	236	523
512	1792	3328	0	236	524
768	1792	3328	0	237	526
1024	1792	3328	0	237	528
1280	1792	3328	61	237	532
1536	1792	3328	149	236	534
1792	1792	3328	205	235	535
2048	1792	3328	254	233	538
2304	1792	3328	305	232	542
2560	1792	3328	364	230	545
2816	1792	3328	434	225	551
3072	1792	3328	518	218	557
3328	1792	3328	618	207	566
3584	1792	3328	738	187	575
3840	1792	3328	883	149	587
4095	1792	3328	1023	0	580
0	2048	3328	0	273	530
256	2048	3328	0	273	531
512	2048	3328	0	273	531
768	2048	3328	0	273	534
1024	2048	3328	0	273	536
1280	2048	3328	0	274	538
1536	2048	3328	132	273	540
1792	2048	3328	196	272	542
2048	2048	3328	248	271	544
2304	2048	3328	300	270	546
2560	2048	3328	361	268	551
2816	2048	3328	433	265	555
3072	2048	3328	517	260	562
3328	2048	3328	619	252	569
3584	2048	3328	739	237	578
3840	2048	3328	885	211	588
4095	2048	3328	1023	156	581
0	2304	3328	0	313	538
256	2304	3328	0	313	539
512	2304	3328	0	314	539
768	2304	3328	0	314	541
1024	2304	3328	0	314	542
1280	2304	3328	0	314	545
1536	2304	3328	105	314	546
1792	2304	3328	182	314	548
2048	2304	3328	238	313	550
2304	2304	3328	294	312	553
2560	2304	3328	357	311	556
2816	2304	3328	430	309	560
3072	2304	3328	516	305	566
3328	2304	3328	619	299	572
3584	2304	3328	740	288	582
3840	2304	3328	886	269	592
4095	2304	3328	1023	228	582
0	2560	3328	0	364	548
256	2560	3328	0	364	548
512	2560	3328	0	364	549
768	2560	3328	0	364	550
1024	2560	3328	0	365	551
1280	2560	3328	0	365	553
1536	2560	3328	0	365	555
1792	2560	3328	156	366	557
2048	2560	3328	222	365	558
2304	2560	3328	283	364	560
2560	2560	3328	350	364	563
2816	2560	3328	426	362	566
3072	2560	3328	514	360	572
3328	2560	3328	618	355	578
3584	2560	3328	740	347	586
3840	2560	3328	887	334	594
4095	2560	3328	1023	299	583
0	2816	3328	0	427	558
256	2816	3328	0	427	558
512	2816	3328	0	428	559
768	2816	3328	0	428	560
1024	2816	3328	0	428	561
1280	2816	3328	0	428	562
1536	2816	3328	0	429	564
1792	2816	3328	102	429	566
2048	2816	3328	194	429	567
2304	2816	3328	264	428	568
2560	2816	3328	337	428	571
2816	2816	3328	417	426	575
3072	2816	3328	509	425	578
3328	2816	3328	616	421	584
3584	2816	3328	740	416	590
3840	2816	3328	888	406	599
4095	2816	3328	1023	375	585
0	3072	3328	0	504	570
256	3072	3328	0	504	570
512	3072	3328	0	504	570
768	3072	3328	0	505	571
1024	3072	3328	0	505	571
1280	3072	3328	0	505	573
1536	3072	3328	0	506	574
1792	3072	3328	0	506	575
2048	3072	3328	133	507	577
2304	3072	3328	229	506	578
2560	3072	3328	314	506	580
2816	3072	3328	402	506	583
3072	3072	3328	500	504	587
3328	3072	3328	610	502	591
3584	3072	3328	737	498	596
3840	3072	3328	887	492	604
4095	3072	3328	1023	462	589
0	3328	3328	0	599	582
256	3328	3328	0	599	582
512	3328	3328	0	599	582
768	3328	3328	0	599	582
1024	3328	3328	0	600	583
1280	3328	3328	0	600	584
1536	3328	3328	0	600	585
1792	3328	3328	0	601	586
2048	3328	3328	0	601	587
2304	3328	3328	156	602	589
2560	3328	3328	273	601	591
2816	3328	3328	376	601	593
3072	3328	3328	482	600	595
3328	3328	3328	599	599	599
3584	3328	3328	731	596	604
3840	3328	3328	885	592	610
4095	3328	3328	1023	562	595
0	3584	3328	0	714	594
256	3584	3328	0	714	594
512	3584	3328	0	714	594
768	3584	3328	0	714	594
1024	3584	3328	0	715	595
1280	3584	3328	0	715	596
1536	3584	3328	0	715	596
1792	3584	3328	0	716	597
2048	3584	3328	0	716	598
2304	3584	3328	0	717	600
2560	3584	3328	184	717	601
2816	3584	3328	326	717	602
3072	3584	3328	451	716	605
3328	3584	3328	579	716	608
3584	3584	3328	719	714	612
3840	3584	3328	878	711	617
4095	3584	3328	1023	687	607
0	3840	3328	0	853	606
256	3840	3328	0	853	606
512	3840	3328	0	854	605
768	3840	3328	0	854	605
1024	3840	3328	0	854	606
1280	3840	3328	0	854	606
1536	3840	3328	0	855	607
1792	3840	3328	0	855	608
2048	3840	3328	0	856	608
2304	3840	3328	0	856	610
2560	3840	3328	0	857	611
2816	3840	3328	217	857	613
3072	3840	3328	391	857	615
3328	3840	3328	540	857	617
3584	3840	3328	694	856	620
3840	3840	3328	864	855	625
4095	3840	3328	1023	837	621
0	4095	3328	0	1022	616
256	4095	3328	0	1022	616
512	4095	3328	0	1022	616
768	4095	3328	0	1022	617
1024	4095	3328	0	1022	617
1280	4095	3328	0	1023	617
1536	4095	3328	0	1023	618
1792	4095	3328	0	1023	618
2048	4095	3328	0	1023	619
2304	4095	3328	0	1023	620
2560	4095	3328	0	1023	620
2816	4095	3328	0	1023	622
3072	4095	3328	259	1023	622
3328	4095	3328	468	1023	625
3584	4095	3328	647	1023	627
3840	4095	3328	834	1023	632
4095	4095	3328	1023	1020	636
0	0	3584	0	0	567
256	0	3584	0	0	568
512	0	3584	0	0	570
768	0	3584	0	0	575
1024	0	3584	0	0	579
1280	0	3584	107	0	584
1536	0	3584	165	0	588
1792	0	3584	213	0	593
2048	0	3584	256	0	598
2304	0	3584	303	0	603
2560	0	3584	359	0	611
2816	0	3584	427	0	619
3072	0	3584	508	0	629
3328	0	3584	607	0	642
3584	0	3584	727	0	655
3840	0	3584	870	0	669
4095	0	3584	1023	0	672
0	256	3584	0	0	569
256	256	3584	0	0	570
512	256	3584	0	0	573
768	256	3584	0	0	576
1024	256	3584	0	0	581
1280	256	3584	106	0	585
1536	256	3584	164	0	589
1792	256	3584	213	0	594
2048	256	3584	256	0	599
2304	256	3584	304	0	604
2560	256	3584	359	0	612
2816	256	3584	427	0	620
3072	256	3584	510	0	630
3328	256	3584	608	0	642
3584	256	3584	727	0	655
3840	256	3584	871	0	670
4095	256	3584	1023	0	673
0	512	3584	0	18	576
256	512	3584	0	14	576
512	512	3584	0	0	578
768	512	3584	0	0	581
1024	512	3584	0	0	586
1280	512	3584	102	0	591
1536	512	3584	162	0	594
1792	512	3584	211	0	599
2048	512	3584	256	0	602
2304	512	3584	304	0	607
2560	512	3584	360	0	614
2816	512	3584	428	0	623
3072	512	3584	509	0	632
3328	512	3584	609	0	644
3584	512	3584	728	0	656
3840	512	3584	872	0	671
4095	512	3584	1023	0	672
0	768	3584	0	83	582
256	768	3584	0	83	582
512	768	3584	0	82	584
768	768	3584	0	80	587
1024	768	3584	0	77	592
1280	768	3584	94	73	595
1536	768	3584	159	67	600
1792	768	3584	211	58	603
2048	768	3584	256	46	608
2304	768	3584	303	16	613
2560	768	3584	361	0	619
2816	768	3584	429	0	627
3072	768	3584	511	0	635
3328	768	3584	610	0	646
3584	768	3584	730	0	658
3840	768	3584	873	0	672
4095	768	3584	1023	0	673
0	1024	3584	0	124	589
256	1024	3584	0	124	589
512	1024	3584	0	124	591
768	1024	3584	0	123	594
1024	1024	3584	0	121	598
1280	1024	3584	82	120	602
1536	1024	3584	155	117	605
1792	1024	3584	207	113	609
2048	1024	3584	254	109	613
2304	1024	3584	303	103	617
2560	1024	3584	361	91	623
2816	1024	3584	430	72	631
3072	1024	3584	513	0	640
3328	1024	3584	612	0	650
3584	1024	3584	732	0	661
3840	1024	3584	875	0	674
4095	1024	3584	1023	0	673
0	1280	3584	0	163	597
256	1280	3584	0	163	597
512	1280	3584	0	162	599
768	1280	3584	0	162	601
1024	1280	3584	0	161	605
1280	1280	3584	60	160	608
1536	1280	3584	147	158	611
1792	1280	3584	202	156	615
2048	1280	3584	252	154	618
2304	1280	3584	301	149	622
2560	1280	3584	360	144	628
2816	1280	3584	430	134	634
3072	1280	3584	514	118	643
3328	1280	3584	613	84	653
3584	1280	3584	734	0	665
3840	1280	3584	877	0	677
4095	1280	3584	1023	0	673
0	1536	3584	0	199	605
256	1536	3584	0	199	605
512	1536	3584	0	199	607
768	1536	3584	0	199	609
1024	1536	3584	0	199	612
1280	1536	3584	0	198	615
1536	1536	3584	135	197	618
1792	1536	3584	196	196	621
2048	1536	3584	246	194	624
2304	1536	3584	298	191	628
2560	1536	3584	358	188	633
2816	1536	3584	430	181	639
3072	1536	3584	514	171	647
3328	1536	3584	614	153	657
3584	1536	3584	735	119	668
3840	1536	3584	880	0	680
4095	1536	3584	1023	0	675
0	1792	3584	0	236	614
256	1792	3584	0	236	614
512	1792	3584	0	236	615
768	1792	3584	0	236	617
1024	1792	3584	0	236	619
1280	1792	3584	0	236	622
1536	1792	3584	120	234	625
1792	1792	3584	188	234	628
2048	1792	3584	241	233	630
2304	1792	3584	295	231	633
2560	1792	3584	356	228	638
2816	1792	3584	428	224	644
3072	1792	3584	513	216	651
3328	1792	3584	615	204	660
3584	1792	3584	736	183	670
3840	1792	3584	881	143	683
4095	1792	3584	1023	0	676
0	2048	3584	0	272	622
256	2048	3584	0	272	622
512	2048	3584	0	272	623
768	2048	3584	0	273	624
1024	2048	3584	0	273	626
1280	2048	3584	0	273	629
1536	2048	3584	95	273	632
1792	2048	3584	176	272	634
2048	2048	3584	234	270	637
2304	2048	3584	290	269	639
2560	2048	3584	353	267	643
2816	2048	3584	427	264	648
3072	2048	3584	513	259	656
3328	2048	3584	615	250	663
3584	2048	3584	737	235	673
3840	2048	3584	883	208	685
4095	2048	3584	1023	150	676
0	2304	3584	0	313	630
256	2304	3584	0	313	630
512	2304	3584	0	313	631
768	2304	3584	0	313	633
1024	2304	3584	0	313	635
1280	2304	3584	0	313	637
1536	2304	3584	40	314	639
1792	2304	3584	159	314	641
2048	2304	3584	223	313	644
2304	2304	3584	283	312	647
2560	2304	3584	348	311	650
2816	2304	3584	424	308	654
3072	2304	3584	511	304	661
3328	2304	3584	615	297	669
3584	2304	3584	737	286	677
3840	2304	3584	883	267	688
4095	2304	3584	1023	224	678
0	2560	3584	0	365	640
256	2560	3584	0	365	641
512	2560	3584	0	365	641
768	2560	3584	0	365	642
1024	2560	3584	0	365	644
1280	2560	3584	0	365	646
1536	2560	3584	0	366	648
1792	2560	3584	126	365	650
2048	2560	3584	204	365	652
2304	2560	3584	270	364	655
2560	2560	3584	340	364	657
2816	2560	3584	418	361	662
3072	2560	3584	508	359	667
3328	2560	3584	614	354	674
3584	2560	3584	737	345	682
3840	2560	3584	884	332	693
4095	2560	3584	1023	297	680
0	2816	3584	0	427	652
256	2816	3584	0	427	652
512	2816	3584	0	427	652
768	2816	3584	0	427	653
1024	2816	3584	0	428	654
1280	2816	3584	0	428	656
1536	2816	3584	0	428	659
1792	2816	3584	0	429	661
2048	2816	3584	170	429	662
2304	2816	3584	249	428	664
2560	2816	3584	327	428	666
2816	2816	3584	410	426	670
3072	2816	3584	503	424	675
3328	2816	3584	611	421	680
3584	2816	3584	736	415	688
3840	2816	3584	885	405	697
4095	2816	3584	1023	374	683
0	3072	3584	0	505	664
256	3072	3584	0	505	665
512	3072	3584	0	505	665
768	3072	3584	0	505	667
1024	3072	3584	0	505	668
1280	3072	3584	0	506	669
1536	3072	3584	0	506	670
1792	3072	3584	0	506	672
2048	3072	3584	88	507	674
2304	3072	3584	210	506	675
2560	3072	3584	302	506	678
2816	3072	3584	394	506	680
3072	3072	3584	493	504	684
3328	3072	3584	605	502	688
3584	3072	3584	734	497	696
3840	3072	3584	885	491	703
4095	3072	3584	1023	461	687
0	3328	3584	0	599	678
256	3328	3584	0	599	679
512	3328	3584	0	600	679
768	3328	3584	0	600	679
1024	3328	3584	0	600	680
1280	3328	3584	0	600	681
1536	3328	3584	0	601	682
1792	3328	3584	0	601	684
2048	3328	3584	0	602	685
2304	3328	3584	119	602	687
2560	3328	3584	257	602	689
2816	3328	3584	365	601	691
3072	3328	3584	475	600	694
3328	3328	3584	593	599	698
3584	3328	3584	727	596	704
3840	3328	3584	882	591	711
4095	3328	3584	1023	563	694
0	3584	3584	0	714	693
256	3584	3584	0	714	693
512	3584	3584	0	714	694
768	3584	3584	0	715	694
1024	3584	3584	0	715	695
1280	3584	3584	0	715	695
1536	3584	3584	0	716	696
1792	3584	3584	0	716	697
2048	3584	3584	0	716	698
2304	3584	3584	0	717	700
2560	3584	3584	154	717	702
2816	3584	3584	312	717	704
3072	3584	3584	442	716	706
3328	3584	3584	572	716	710
3584	3584	3584	714	714	714
3840	3584	3584	875	711	720
4095	3584	3584	1023	687	709
0	3840	3584	0	854	708
256	3840	3584	0	854	708
512	3840	3584	0	854	708
768	3840	3584	0	854	708
1024	3840	3584	0	854	709
1280	3840	3584	0	854	709
1536	3840	3584	0	855	710
1792	3840	3584	0	855	711
2048	3840	3584	0	856	712
2304	3840	3584	0	856	713
2560	3840	3584	0	857	714
2816	3840	3584	192	858	717
3072	3840	3584	379	857	719
3328	3840	3584	532	857	721
3584	3840	3584	690	856	724
3840	3840	3584	860	854	730
4095	3840	3584	1023	838	725
0	4095	3584	0	1022	723
256	4095	3584	0	1022	723
512	4095	3584	0	1022	723
768	4095	3584	0	1022	723
1024	4095	3584	0	1022	723
1280	4095	3584	0	1023	723
1536	4095	3584	0	1023	723
1792	4095	3584	0	1023	724
2048	4095	3584	0	1023	725
2304	4095	3584	0	1023	726
2560	4095	3584	0	1023	726
2816	4095	3584	0	1023	727
3072	4095	3584	239	1023	729
3328	4095	3584	457	1023	731
3584	4095	3584	641	1023	735
3840	4095	3584	829	1023	739
4095	4095	3584	1023	1021	744
0	0	3840	0	0	679
256	0	3840	0	0	679
512	0	3840	0	0	681
768	0	3840	0	0	684
1024	0	3840	0	0	689
1280	0	3840	0	0	694
1536	0	3840	134	0	698
1792	0	3840	192	0	703
2048	0	3840	242	0	707
2304	0	3840	291	0	713
2560	0	3840	351	0	720
2816	0	3840	421	0	728
3072	0	3840	504	0	740
3328	0	3840	604	0	752
3584	0	3840	724	0	767
3840	0	3840	869	0	783
4095	0	3840	1023	0	786
0	256	3840	0	0	680
256	256	3840	0	0	681
512	256	3840	0	0	683
768	256	3840	0	0	687
1024	256	3840	0	0	691
1280	256	3840	0	0	696
1536	256	3840	133	0	699
1792	256	3840	192	0	704
2048	256	3840	241	0	709
2304	256	3840	291	0	715
2560	256	3840	351	0	721
2816	256	3840	421	0	729
3072	256	3840	505	0	740
3328	256	3840	605	0	753
3584	256	3840	725	0	767
3840	256	3840	870	0	783
4095	256	3840	1023	0	786
0	512	3840	0	0	686
256	512	3840	0	0	687
512	512	3840	0	0	688
768	512	3840	0	0	691
1024	512	3840	0	0	695
1280	512	3840	0	0	700
1536	512	3840	129	0	704
1792	512	3840	191	0	708
2048	512	3840	240	0	712
2304	512	3840	291	0	718
2560	512	3840	351	0	724
2816	512	3840	421	0	733
3072	512	3840	505	0	742
3328	512	3840	606	0	754
3584	512	3840	725	0	769
3840	512	3840	870	0	784
4095	512	3840	1023	0	786
0	768	3840	0	72	691
256	768	3840	0	72	692
512	768	3840	0	71	693
768	768	3840	0	67	697
1024	768	3840	0	64	701
1280	768	3840	0	58	706
1536	768	3840	125	49	710
1792	768	3840	188	35	714
2048	768	3840	239	0	718
2304	768	3840	291	0	723
2560	768	3840	351	0	728
2816	768	3840	422	0	737
3072	768	3840	506	0	746
3328	768	3840	607	0	757
3584	768	3840	727	0	771
3840	768	3840	872	0	786
4095	768	3840	1023	0	787
0	1024	3840	0	120	699
256	1024	3840	0	118	699
512	1024	3840	0	118	701
768	1024	3840	0	117	703
1024	1024	3840	0	116	707
1280	1024	3840	0	114	711
1536	1024	3840	116	110	715
1792	1024	3840	184	106	718
2048	1024	3840	237	100	723
2304	1024	3840	290	92	728
2560	1024	3840	351	79	734
2816	1024	3840	423	54	742
3072	1024	3840	508	0	750
3328	1024	3840	607	0	761
3584	1024	3840	729	0	774
3840	1024	3840	874	0	789
4095	1024	3840	1023	0	788
0	1280	3840	0	160	706
256	1280	3840	0	159	707
512	1280	3840	0	158	708
768	1280	3840	0	158	710
1024	1280	3840	0	157	713
1280	1280	3840	0	156	718
1536	1280	3840	102	154	721
1792	1280	3840	177	152	725
2048	1280	3840	233	149	728
2304	1280	3840	287	145	733
2560	1280	3840	350	138	738
2816	1280	3840	422	127	746
3072	1280	3840	507	108	755
3328	1280	3840	609	69	766
3584	1280	3840	731	0	778
3840	1280	3840	875	0	792
4095	1280	3840	1023	0	788
0	1536	3840	0	198	714
256	1536	3840	0	198	714
512	1536	3840	0	198	716
768	1536	3840	0	196	719
1024	1536	3840	0	196	721
1280	1536	3840	0	195	724
1536	1536	3840	82	195	728
1792	1536	3840	168	193	732
2048	1536	3840	227	190	734
2304	1536	3840	283	188	738
2560	1536	3840	348	184	743
2816	1536	3840	421	177	750
3072	1536	3840	508	166	759
3328	1536	3840	609	146	769
3584	1536	3840	732	110	782
3840	1536	3840	877	0	795
4095	1536	3840	1023	0	789
0	1792	3840	0	235	722
256	1792	3840	0	235	723
512	1792	3840	0	235	725
768	1792	3840	0	235	726
1024	1792	3840	0	234	729
1280	1792	3840	0	234	732
1536	1792	3840	40	234	735
1792	1792	3840	157	232	738
2048	1792	3840	220	230	741
2304	1792	3840	279	228	745
2560	1792	3840	345	226	749
2816	1792	3840	419	220	755
3072	1792	3840	506	213	763
3328	1792	3840	610	200	773
3584	1792	3840	732	178	785
3840	1792	3840	879	135	799
4095	1792	3840	1023	0	790
0	2048	3840	0	272	731
256	2048	3840	0	272	731
512	2048	3840	0	272	733
768	2048	3840	0	272	734
1024	2048	3840	0	272	736
1280	2048	3840	0	272	739
1536	2048	3840	0	272	742
1792	2048	3840	141	270	745
2048	2048	3840	211	269	748
2304	2048	3840	273	267	750
2560	2048	3840	341	265	755
2816	2048	3840	417	262	761
3072	2048	3840	505	256	768
3328	2048	3840	610	247	777
3584	2048	3840	732	231	788
3840	2048	3840	880	203	801
4095	2048	3840	1023	143	791
0	2304	3840	0	313	740
256	2304	3840	0	313	741
512	2304	3840	0	313	742
768	2304	3840	0	313	743
1024	2304	3840	0	313	745
1280	2304	3840	0	313	747
1536	2304	3840	0	313	750
1792	2304	3840	114	313	753
2048	2304	3840	197	312	755
2304	2304	3840	264	311	758
2560	2304	3840	335	309	762
2816	2304	3840	413	307	767
3072	2304	3840	503	303	774
3328	2304	3840	609	295	782
3584	2304	3840	733	283	792
3840	2304	3840	881	264	805
4095	2304	3840	1023	220	793
0	2560	3840	0	365	751
256	2560	3840	0	365	752
512	2560	3840	0	365	752
768	2560	3840	0	365	753
1024	2560	3840	0	365	755
1280	2560	3840	0	365	757
1536	2560	3840	0	365	759
1792	2560	3840	45	365	763
2048	2560	3840	174	364	765
2304	2560	3840	250	364	767
2560	2560	3840	325	362	770
2816	2560	3840	408	360	775
3072	2560	3840	500	357	781
3328	2560	3840	607	353	788
3584	2560	3840	733	344	798
3840	2560	3840	881	330	810
4095	2560	3840	1023	295	796
0	2816	3840	0	428	764
256	2816	3840	0	428	765
512	2816	3840	0	428	765
768	2816	3840	0	428	766
1024	2816	3840	0	428	767
1280	2816	3840	0	429	769
1536	2816	3840	0	429	771
1792	2816	3840	0	428	773
2048	2816	3840	127	428	776
2304	2816	3840	224	428	778
2560	2816	3840	310	427	780
2816	2816	3840	397	426	784
3072	2816	3840	494	424	789
3328	2816	3840	604	420	796
3584	2816	3840	731	414	804
3840	2816	3840	881	404	815
4095	2816	3840	1023	373	800
0	3072	3840	0	505	778
256	3072	3840	0	505	779
512	3072	3840	0	505	779
768	3072	3840	0	505	780
1024	3072	3840	0	505	781
1280	3072	3840	0	505	782
1536	3072	3840	0	506	784
1792	3072	3840	0	506	787
2048	3072	3840	0	506	789
2304	3072	3840	177	507	791
2560	3072	3840	283	506	792
2816	3072	3840	380	505	796
3072	3072	3840	483	503	800
3328	3072	3840	597	502	806
3584	3072	3840	728	497	813
3840	3072	3840	880	490	822
4095	3072	3840	1023	462	805
0	3328	3840	0	599	794
256	3328	3840	0	599	795
512	3328	3840	0	599	795
768	3328	3840	0	600	795
1024	3328	3840	0	600	796
1280	3328	3840	0	600	797
1536	3328	3840	0	600	799
1792	3328	3840	0	601	800
2048	3328	3840	0	601	802
2304	3328	3840	0	602	804
2560	3328	3840	231	601	806
2816	3328	3840	349	601	809
3072	3328	3840	463	600	812
3328	3328	3840	585	599	818
3584	3328	3840	722	595	824
3840	3328	3840	877	591	831
4095	3328	3840	1023	563	812
0	3584	3840	0	715	811
256	3584	3840	0	715	811
512	3584	3840	0	715	811
768	3584	3840	0	715	812
1024	3584	3840	0	716	812
1280	3584	3840	0	716	813
1536	3584	3840	0	716	814
1792	3584	3840	0	716	816
2048	3584	3840	0	716	817
2304	3584	3840	0	717	819
2560	3584	3840	89	717	821
2816	3584	3840	292	717	823
3072	3584	3840	428	716	826
3328	3584	3840	563	716	830
3584	3584	3840	708	714	836
3840	3584	3840	870	711	842
4095	3584	3840	1023	687	829
0	3840	3840	0	854	829
256	3840	3840	0	854	829
512	3840	3840	0	854	829
768	3840	3840	0	854	829
1024	3840	3840	0	855	830
1280	3840	3840	0	855	831
1536	3840	3840	0	855	831
1792	3840	3840	0	856	832
2048	3840	3840	0	856	833
2304	3840	3840	0	857	835
2560	3840	3840	0	857	837
2816	3840	3840	148	857	839
3072	3840	3840	362	858	841
3328	3840	3840	521	857	844
3584	3840	3840	682	856	849
3840	3840	3840	854	854	854
4095	3840	3840	1023	838	849
0	4095	3840	0	1022	847
256	4095	3840	0	1022	847
512	4095	3840	0	1022	847
768	4095	3840	0	1023	847
1024	4095	3840	0	1023	847
1280	4095	3840	0	1023	847
1536	4095	3840	0	1023	848
1792	4095	3840	0	1023	849
2048	4095	3840	0	1023	850
2304	4095	3840	0	1023	850
2560	4095	3840	0	1023	851
2816	4095	3840	0	1023	852
3072	4095	3840	204	1023	853
3328	4095	3840	444	1023	857
3584	4095	3840	632	1023	861
3840	4095	3840	822	1023	865
4095	4095	3840	1023	1021	872
0	0	4095	0	0	813
256	0	4095	0	0	813
512	0	4095	0	0	815
768	0	4095	0	0	818
1024	0	4095	0	0	822
1280	0	4095	0	0	827
1536	0	4095	44	0	832
1792	0	4095	152	0	836
2048	0	4095	214	0	841
2304	0	4095	273	0	845
2560	0	4095	336	0	853
2816	0	4095	410	0	861
3072	0	4095	496	0	871
3328	0	4095	598	0	885
3584	0	4095	720	0	900
3840	0	4095	866	0	918
4095	0	4095	1023	0	922
0	256	4095	0	0	814
256	256	4095	0	0	815
512	256	4095	0	0	816
768	256	4095	0	0	819
1024	256	4095	0	0	823
1280	256	4095	0	0	828
1536	256	4095	39	0	833
1792	256	4095	152	0	837
2048	256	4095	214	0	842
2304	256	4095	271	0	846
2560	256	4095	336	0	854
2816	256	4095	410	0	862
3072	256	4095	496	0	872
3328	256	4095	598	0	885
3584	256	4095	721	0	901
3840	256	4095	866	0	919
4095	256	4095	1023	0	922
0	512	4095	0	0	818
256	512	4095	0	0	819
512	512	4095	0	0	821
768	512	4095	0	0	824
1024	512	4095	0	0	827
1280	512	4095	0	0	832
1536	512	4095	14	0	837
1792	512	4095	149	0	840
2048	512	4095	213	0	845
2304	512	4095	271	0	849
2560	512	4095	336	0	856
2816	512	4095	410	0	864
3072	512	4095	497	0	874
3328	512	4095	599	0	887
3584	512	4095	721	0	902
3840	512	4095	867	0	920
4095	512	4095	1023	0	923
0	768	4095	0	50	825
256	768	4095	0	49	825
512	768	4095	0	45	827
768	768	4095	0	41	830
1024	768	4095	0	31	833
1280	768	4095	0	0	838
1536	768	4095	0	0	842
1792	768	4095	145	0	847
2048	768	4095	210	0	850
2304	768	4095	270	0	855
2560	768	4095	336	0	861
2816	768	4095	411	0	868
3072	768	4095	498	0	879
3328	768	4095	600	0	890
3584	768	4095	722	0	905
3840	768	4095	868	0	922
4095	768	4095	1023	0	923
0	1024	4095	0	110	831
256	1024	4095	0	110	832
512	1024	4095	0	108	833
768	1024	4095	0	107	835
1024	1024	4095	0	105	838
1280	1024	4095	0	101	843
1536	1024	4095	0	98	848
1792	1024	4095	137	92	852
2048	1024	4095	206	86	856
2304	1024	4095	268	75	860
2560	1024	4095	335	57	867
2816	1024	4095	411	0	874
3072	1024	4095	498	0	884
3328	1024	4095	601	0	894
3584	1024	4095	724	0	908
3840	1024	4095	870	0	925
4095	1024	4095	1023	0	923
0	1280	4095	0	154	838
256	1280	4095	0	154	839
512	1280	4095	0	154	840
768	1280	4095	0	153	842
1024	1280	4095	0	151	845
1280	1280	4095	0	149	850
1536	1280	4095	0	148	854
1792	1280	4095	126	144	857
2048	1280	4095	201	141	861
2304	1280	4095	264	136	865
2560	1280	4095	333	128	872
2816	1280	4095	410	116	879
3072	1280	4095	498	93	888
3328	1280	4095	603	31	899
3584	1280	4095	726	0	912
3840	1280	4095	872	0	928
4095	1280	4095	1023	0	924
0	1536	4095	0	194	846
256	1536	4095	0	194	846
512	1536	4095	0	194	847
768	1536	4095	0	193	850
1024	1536	4095	0	193	853
1280	1536	4095	0	192	856
1536	1536	4095	0	190	860
1792	1536	4095	110	188	864
2048	1536	4095	193	186	867
2304	1536	4095	259	182	871
2560	1536	4095	330	178	877
2816	1536	4095	408	170	883
3072	1536	4095	497	158	892
3328	1536	4095	602	137	903
3584	1536	4095	727	93	917
3840	1536	4095	874	0	932
4095	1536	4095	1023	0	926
0	1792	4095	0	232	855
256	1792	4095	0	232	855
512	1792	4095	0	232	856
768	1792	4095	0	232	858
1024	1792	4095	0	231	860
1280	1792	4095	0	231	863
1536	1792	4095	0	230	868
1792	1792	4095	86	229	871
2048	1792	4095	183	227	874
2304	1792	4095	253	225	878
2560	1792	4095	326	222	882
2816	1792	4095	406	216	889
3072	1792	4095	497	207	898
3328	1792	4095	602	193	908
3584	1792	4095	727	170	921
3840	1792	4095	875	122	936
4095	1792	4095	1023	0	927
0	2048	4095	0	270	863
256	2048	4095	0	270	864
512	2048	4095	0	270	865
768	2048	4095	0	270	866
1024	2048	4095	0	270	868
1280	2048	4095	0	269	871
1536	2048	4095	0	269	874
1792	2048	4095	34	269	878
2048	2048	4095	169	267	881
2304	2048	4095	245	265	884
2560	2048	4095	321	263	889
2816	2048	4095	403	259	895
3072	2048	4095	495	253	903
3328	2048	4095	601	242	912
3584	2048	4095	727	226	924
3840	2048	4095	875	196	939
4095	2048	4095	1023	132	928
0	2304	4095	0	312	873
256	2304	4095	0	312	873
512	2304	4095	0	312	874
768	2304	4095	0	312	875
1024	2304	4095	0	312	877
1280	2304	4095	0	312	879
1536	2304	4095	0	312	882
1792	2304	4095	0	312	886
2048	2304	4095	149	310	889
2304	2304	4095	234	309	892
2560	2304	4095	314	307	896
2816	2304	4095	399	305	901
3072	2304	4095	493	300	908
3328	2304	4095	601	292	917
3584	2304	4095	727	280	928
3840	2304	4095	876	259	942
4095	2304	4095	1023	215	932
0	2560	4095	0	364	884
256	2560	4095	0	364	885
512	2560	4095	0	364	885
768	2560	4095	0	364	886
1024	2560	4095	0	364	888
1280	2560	4095	0	364	890
1536	2560	4095	0	364	893
1792	2560	4095	0	364	896
2048	2560	4095	109	364	899
2304	2560	4095	215	363	902
2560	2560	4095	303	361	905
2816	2560	4095	391	360	910
3072	2560	4095	489	356	916
3328	2560	4095	598	350	925
3584	2560	4095	726	341	934
3840	2560	4095	876	326	948
4095	2560	4095	1023	292	934
0	2816	4095	0	427	898
256	2816	4095	0	427	898
512	2816	4095	0	427	899
768	2816	4095	0	427	900
1024	2816	4095	0	428	901
1280	2816	4095	0	428	903
1536	2816	4095	0	428	905
1792	2816	4095	0	428	908
2048	2816	4095	0	428	911
2304	2816	4095	183	427	914
2560	2816	4095	283	426	916
2816	2816	4095	379	425	920
3072	2816	4095	480	423	926
3328	2816	4095	594	419	933
3584	2816	4095	724	412	942
3840	2816	4095	877	401	954
4095	2816	4095	1023	372	939
0	3072	4095	0	505	914
256	3072	4095	0	505	914
512	3072	4095	0	505	915
768	3072	4095	0	505	915
1024	3072	4095	0	505	917
1280	3072	4095	0	506	918
1536	3072	4095	0	506	920
1792	3072	4095	0	506	922
2048	3072	4095	0	506	924
2304	3072	4095	109	507	927
2560	3072	4095	251	506	929
2816	3072	4095	359	504	933
3072	3072	4095	468	504	937
3328	3072	4095	586	500	944
3584	3072	4095	721	496	953
3840	3072	4095	875	489	962
4095	3072	4095	1023	461	944
0	3328	4095	0	600	932
256	3328	4095	0	600	932
512	3328	4095	0	600	932
768	3328	4095	0	600	933
1024	3328	4095	0	600	934
1280	3328	4095	0	600	935
1536	3328	4095	0	601	937
1792	3328	4095	0	601	938
2048	3328	4095	0	601	940
2304	3328	4095	0	602	943
2560	3328	4095	186	601	945
2816	3328	4095	325	601	948
3072	3328	4095	447	600	952
3328	3328	4095	573	598	957
3584	3328	4095	712	595	964
3840	3328	4095	871	590	972
4095	3328	4095	1023	564	955
0	3584	4095	0	715	951
256	3584	4095	0	715	951
512	3584	4095	0	715	952
768	3584	4095	0	716	952
1024	3584	4095	0	716	953
1280	3584	4095	0	716	954
1536	3584	4095	0	716	955
1792	3584	4095	0	716	956
2048	3584	4095	0	716	958
2304	3584	4095	0	717	960
2560	3584	4095	0	717	962
2816	3584	4095	258	717	965
3072	3584	4095	409	717	967
3328	3584	4095	549	716	972
3584	3584	4095	697	714	978
3840	3584	4095	862	711	985
4095	3584	4095	1023	688	972
0	3840	4095	0	854	972
256	3840	4095	0	854	972
512	3840	4095	0	854	972
768	3840	4095	0	855	972
1024	3840	4095	0	855	973
1280	3840	4095	0	855	974
1536	3840	4095	0	855	975
1792	3840	4095	0	856	976
2048	3840	4095	0	856	977
2304	3840	4095	0	857	978
2560	3840	4095	0	857	980
2816	3840	4095	0	858	983
3072	3840	4095	336	857	986
3328	3840	4095	505	857	989
3584	3840	4095	670	855	994
3840	3840	4095	846	854	999
4095	3840	4095	1023	839	995
0	4095	4095	0	1023	992
256	4095	4095	0	1023	993
512	4095	4095	0	1023	993
768	4095	4095	0	1023	993
1024	4095	4095	0	1023	993
1280	4095	4095	0	1023	994
1536	4095	4095	0	1023	995
1792	4095	4095	0	1023	995
2048	4095	4095	0	1023	995
2304	4095	4095	0	1023	997
2560	4095	4095	0	1023	997
2816	4095	4095	0	1023	999
3072	4095	4095	137	1023	1001
3328	4095	4095	422	1023	1004
3584	4095	4095	618	1023	1008
3840	4095	4095	813	1023	1014
4095	4095	4095	1023	1023	1023
