0	0	0	0	0	0
256	0	0	221	1	0
512	0	0	438	1	0
768	0	0	658	2	0
1024	0	0	878	2	0
1280	0	0	1096	3	0
1536	0	0	1315	3	0
1792	0	0	1541	3	0
2048	0	0	1762	3	0
2303	0	0	1982	4	0
2559	0	0	2209	4	0
2815	0	0	2437	5	0
3071	0	0	2659	5	0
3327	0	0	2879	6	0
3583	0	0	3109	6	0
3839	0	0	3335	7	0
4095	0	0	3540	7	0
0	256	0	16	244	2
256	256	0	227	237	2
512	256	0	431	233	2
768	256	0	635	230	2
1024	256	0	845	227	2
1280	256	0	1045	225	2
1536	256	0	1250	223	2
1792	256	0	1465	222	2
2048	256	0	1665	220	2
2303	256	0	1861	220	2
2559	256	0	2082	218	1
2815	256	0	2290	217	1
3071	256	0	2501	215	1
3327	256	0	2698	215	1
3583	256	0	2906	214	1
3839	256	0	3116	216	1
4095	256	0	3307	217	1
0	512	0	31	486	4
256	512	0	237	467	4
512	512	0	442	466	4
768	512	0	649	461	4
1024	512	0	859	454	4
1280	512	0	1061	449	4
1536	512	0	1267	444	4
1792	512	0	1478	440	4
2048	512	0	1680	437	4
2303	512	0	1881	436	4
2559	512	0	2095	436	4
2815	512	0	2308	433	3
3071	512	0	2515	428	3
3327	512	0	2715	427	3
3583	512	0	2931	427	3
3839	512	0	3137	429	3
4095	512	0	3326	431	3
0	768	0	46	727	6
256	768	0	247	697	6
512	768	0	450	697	6
768	768	0	664	694	6
1024	768	0	872	686	6
1280	768	0	1069	679	6
1536	768	0	1277	673	5
1792	768	0	1488	669	5
2048	768	0	1691	668	5
2303	768	0	1891	667	5
2559	768	0	2104	664	5
2815	768	0	2317	660	5
3071	768	0	2527	656	5
3327	768	0	2722	653	4
3583	768	0	2929	653	4
3839	768	0	3132	654	4
4095	768	0	3322	656	4
0	1024	0	60	968	8
256	1024	0	259	932	8
512	1024	0	460	931	8
768	1024	0	671	927	7
1024	1024	0	881	924	7
1280	1024	0	1078	916	7
1536	1024	0	1290	908	7
1792	1024	0	1500	904	7
2048	1024	0	1700	901	7
2303	1024	0	1899	902	7
2559	1024	0	2110	900	7
2815	1024	0	2324	889	7
3071	1024	0	2533	885	7
3327	1024	0	2728	881	7
3583	1024	0	2942	884	6
3839	1024	0	3146	887	6
4095	1024	0	3337	889	6
0	1280	0	74	1197	9
256	1280	0	269	1148	9
512	1280	0	469	1145	9
768	1280	0	679	1139	9
1024	1280	0	887	1134	9
1280	1280	0	1088	1135	9
1536	1280	0	1301	1128	9
1792	1280	0	1507	1120	9
2048	1280	0	1707	1117	9
2303	1280	0	1910	1116	9
2559	1280	0	2121	1111	9
2815	1280	0	2337	1103	8
3071	1280	0	2545	1099	8
3327	1280	0	2737	1093	8
3583	1280	0	2952	1097	8
3839	1280	0	3155	1100	8
4095	1280	0	3345	1103	7
0	1536	0	88	1441	12
256	1536	0	282	1388	11
512	1536	0	480	1384	11
768	1536	0	689	1377	11
1024	1536	0	898	1375	11
1280	1536	0	1093	1373	11
1536	1536	0	1312	1371	11
1792	1536	0	1523	1365	10
2048	1536	0	1724	1364	10
2303	1536	0	1928	1365	10
2559	1536	0	2142	1362	10
2815	1536	0	2357	1354	10
3071	1536	0	2557	1348	10
3327	1536	0	2750	1341	10
3583	1536	0	2974	1347	10
3839	1536	0	3171	1347	9
4095	1536	0	3358	1350	10
0	1792	0	101	1673	14
256	1792	0	295	1615	13
512	1792	0	493	1610	13
768	1792	0	703	1606	12
1024	1792	0	909	1601	12
1280	1792	0	1102	1600	12
1536	1792	0	1326	1598	12
1792	1792	0	1542	1601	12
2048	1792	0	1745	1603	12
2303	1792	0	1951	1600	12
2559	1792	0	2164	1594	12
2815	1792	0	2376	1586	11
3071	1792	0	2579	1581	11
3327	1792	0	2785	1580	11
3583	1792	0	2985	1578	11
3839	1792	0	3188	1587	11
4095	1792	0	3384	1591	11
0	2048	0	116	1896	15
256	2048	0	309	1835	15
512	2048	0	508	1832	15
768	2048	0	715	1827	14
1024	2048	0	920	1821	14
1280	2048	0	1116	1819	14
1536	2048	0	1339	1817	13
1792	2048	0	1558	1825	13
2048	2048	0	1765	1828	13
2303	2048	0	1970	1824	13
2559	2048	0	2185	1818	13
2815	2048	0	2399	1811	13
3071	2048	0	2602	1806	13
3327	2048	0	2804	1802	13
3583	2048	0	3007	1808	13
3839	2048	0	3221	1816	13
4095	2048	0	3410	1818	13
0	2303	0	131	2139	17
256	2303	0	321	2085	16
512	2303	0	519	2083	16
768	2303	0	725	2076	16
1024	2303	0	928	2073	16
1280	2303	0	1125	2067	15
1536	2303	0	1352	2069	15
1792	2303	0	1570	2071	15
2048	2303	0	1774	2075	15
2303	2303	0	1979	2072	15
2559	2303	0	2199	2071	15
2815	2303	0	2417	2068	15
3071	2303	0	2620	2061	14
3327	2303	0	2825	2056	14
3583	2303	0	3035	2061	14
3839	2303	0	3228	2063	14
4095	2303	0	3424	2072	14
0	2559	0	144	2361	18
256	2559	0	334	2310	18
512	2559	0	532	2308	17
768	2559	0	736	2300	17
1024	2559	0	937	2293	17
1280	2559	0	1136	2291	17
1536	2559	0	1364	2298	17
1792	2559	0	1575	2297	16
2048	2559	0	1779	2300	16
2303	2559	0	1991	2305	16
2559	2559	0	2213	2305	16
2815	2559	0	2428	2301	16
3071	2559	0	2631	2294	16
3327	2559	0	2832	2293	16
3583	2559	0	3047	2299	16
3839	2559	0	3238	2300	16
4095	2559	0	3428	2305	16
0	2815	0	156	2588	19
256	2815	0	344	2539	19
512	2815	0	542	2535	19
768	2815	0	747	2531	19
1024	2815	0	950	2527	19
1280	2815	0	1148	2524	19
1536	2815	0	1369	2527	19
1792	2815	0	1583	2527	19
2048	2815	0	1788	2530	18
2303	2815	0	2002	2535	18
2559	2815	0	2222	2529	18
2815	2815	0	2439	2525	17
3071	2815	0	2642	2519	17
3327	2815	0	2840	2514	17
3583	2815	0	3052	2527	17
3839	2815	0	3253	2528	17
4095	2815	0	3449	2541	17
0	3071	0	169	2803	21
256	3071	0	358	2768	20
512	3071	0	556	2765	20
768	3071	0	759	2758	20
1024	3071	0	960	2751	20
1280	3071	0	1160	2750	20
1536	3071	0	1378	2754	20
1792	3071	0	1597	2761	20
2048	3071	0	1796	2759	20
2303	3071	0	2009	2767	20
2559	3071	0	2229	2766	19
2815	3071	0	2446	2765	19
3071	3071	0	2654	2762	19
3327	3071	0	2856	2759	19
3583	3071	0	3060	2762	19
3839	3071	0	3266	2775	19
4095	3071	0	3452	2788	19
0	3327	0	184	3039	22
256	3327	0	374	3010	22
512	3327	0	571	3003	22
768	3327	0	776	2996	22
1024	3327	0	978	2990	21
1280	3327	0	1183	2990	21
1536	3327	0	1402	2992	21
1792	3327	0	1612	2994	21
2048	3327	0	1816	3009	21
2303	3327	0	2032	3008	21
2559	3327	0	2259	3010	21
2815	3327	0	2473	3010	20
3071	3327	0	2677	3002	20
3327	3327	0	2884	2999	20
3583	3327	0	3090	3006	20
3839	3327	0	3290	3020	20
4095	3327	0	3486	3034	20
0	3583	0	200	3239	24
256	3583	0	391	3230	24
512	3583	0	588	3216	23
768	3583	0	795	3208	23
1024	3583	0	997	3203	23
1280	3583	0	1204	3202	23
1536	3583	0	1422	3205	23
1792	3583	0	1632	3216	23
2048	3583	0	1843	3229	23
2303	3583	0	2054	3225	23
2559	3583	0	2284	3225	23
2815	3583	0	2495	3222	23
3071	3583	0	2705	3220	23
3327	3583	0	2911	3226	22
3583	3583	0	3116	3237	22
3839	3583	0	3320	3250	22
4095	3583	0	3518	3264	22
0	3839	0	214	3456	25
256	3839	0	408	3462	25
512	3839	0	606	3450	25
768	3839	0	814	3438	25
1024	3839	0	1016	3432	25
1280	3839	0	1225	3434	25
1536	3839	0	1443	3438	25
1792	3839	0	1656	3445	25
2048	3839	0	1866	3456	25
2303	3839	0	2081	3460	25
2559	3839	0	2308	3449	24
2815	3839	0	2527	3451	24
3071	3839	0	2729	3449	24
3327	3839	0	2936	3457	24
3583	3839	0	3149	3471	23
3839	3839	0	3356	3483	23
4095	3839	0	3562	3495	24
0	4095	0	231	3665	27
256	4095	0	426	3663	27
512	4095	0	627	3652	26
768	4095	0	835	3644	26
1024	4095	0	1037	3637	26
1280	4095	0	1249	3641	26
1536	4095	0	1470	3651	26
1792	4095	0	1685	3659	26
2048	4095	0	1891	3662	26
2303	4095	0	2108	3672	26
2559	4095	0	2337	3660	26
2815	4095	0	2555	3661	26
3071	4095	0	2756	3661	26
3327	4095	0	2968	3672	26
3583	4095	0	3182	3684	26
3839	4095	0	3391	3696	26
4095	4095	0	3597	3714	25
0	0	256	12	1	230
256	0	256	228	2	230
512	0	256	440	2	226
768	0	256	653	3	222
1024	0	256	868	3	218
1280	0	256	1078	4	217
1536	0	256	1292	4	215
1792	0	256	1513	4	213
2048	0	256	1725	4	213
2303	0	256	1939	5	210
2559	0	256	2154	5	210
2815	0	256	2370	6	208
3071	0	256	2593	6	206
3327	0	256	2803	7	204
3583	0	256	3020	7	205
3839	0	256	3239	7	206
4095	0	256	3437	8	208
0	256	256	28	242	240
256	256	256	248	249	232
512	256	256	457	243	232
768	256	256	668	239	226
1024	256	256	878	234	220
1280	256	256	1078	232	215
1536	256	256	1284	229	211
1792	256	256	1496	226	207
2048	256	256	1692	224	204
2303	256	256	1888	223	201
2559	256	256	2103	223	201
2815	256	256	2313	218	197
3071	256	256	2512	216	193
3327	256	256	2705	214	191
3583	256	256	2901	214	190
3839	256	256	3100	214	190
4095	256	256	3291	214	190
0	512	256	43	481	236
256	512	256	257	483	241
512	512	256	469	483	241
768	512	256	681	475	234
1024	512	256	891	469	227
1280	512	256	1090	462	222
1536	512	256	1299	457	217
1792	512	256	1511	451	213
2048	512	256	1709	445	206
2303	512	256	1902	440	203
2559	512	256	2111	438	199
2815	512	256	2323	433	199
3071	512	256	2524	429	195
3327	512	256	2719	425	192
3583	512	256	2916	424	191
3839	512	256	3113	424	191
4095	512	256	3305	425	190
0	768	256	58	722	234
256	768	256	268	719	236
512	768	256	476	717	235
768	768	256	693	713	234
1024	768	256	903	706	228
1280	768	256	1102	697	223
1536	768	256	1312	691	217
1792	768	256	1520	683	214
2048	768	256	1717	676	210
2303	768	256	1912	671	207
2559	768	256	2126	668	204
2815	768	256	2331	661	200
3071	768	256	2531	655	200
3327	768	256	2730	652	197
3583	768	256	2922	650	192
3839	768	256	3117	648	191
4095	768	256	3308	648	190
0	1024	256	73	962	233
256	1024	256	279	957	233
512	1024	256	484	956	230
768	1024	256	699	952	230
1024	1024	256	918	951	228
1280	1024	256	1114	938	223
1536	1024	256	1322	928	218
1792	1024	256	1529	921	213
2048	1024	256	1729	915	209
2303	1024	256	1927	907	206
2559	1024	256	2131	899	205
2815	1024	256	2338	893	201
3071	1024	256	2536	887	201
3327	1024	256	2737	880	197
3583	1024	256	2928	879	194
3839	1024	256	3118	875	193
4095	1024	256	3308	876	192
0	1280	256	87	1185	232
256	1280	256	288	1176	229
512	1280	256	492	1174	227
768	1280	256	708	1168	225
1024	1280	256	921	1161	225
1280	1280	256	1121	1160	224
1536	1280	256	1335	1147	218
1792	1280	256	1539	1137	214
2048	1280	256	1736	1132	209
2303	1280	256	1937	1126	208
2559	1280	256	2145	1118	204
2815	1280	256	2352	1105	201
3071	1280	256	2548	1096	197
3327	1280	256	2742	1093	197
3583	1280	256	2936	1088	195
3839	1280	256	3134	1088	194
4095	1280	256	3321	1089	193
0	1536	256	101	1428	232
256	1536	256	301	1414	227
512	1536	256	503	1415	224
768	1536	256	715	1407	222
1024	1536	256	925	1402	222
1280	1536	256	1125	1395	220
1536	1536	256	1349	1392	219
1792	1536	256	1554	1386	215
2048	1536	256	1749	1382	210
2303	1536	256	1947	1376	208
2559	1536	256	2155	1366	206
2815	1536	256	2368	1355	202
3071	1536	256	2569	1345	199
3327	1536	256	2756	1332	199
3583	1536	256	2967	1336	195
3839	1536	256	3149	1334	195
4095	1536	256	3332	1332	195
0	1792	256	114	1657	232
256	1792	256	311	1635	224
512	1792	256	513	1632	223
768	1792	256	723	1625	219
1024	1792	256	930	1624	219
1280	1792	256	1124	1616	219
1536	1792	256	1352	1618	217
1792	1792	256	1565	1617	215
2048	1792	256	1765	1614	212
2303	1792	256	1963	1606	209
2559	1792	256	2170	1594	207
2815	1792	256	2384	1586	203
3071	1792	256	2589	1580	199
3327	1792	256	2778	1568	196
3583	1792	256	2979	1567	196
3839	1792	256	3166	1564	196
4095	1792	256	3344	1566	195
0	2048	256	129	1880	233
256	2048	256	324	1852	222
512	2048	256	524	1845	221
768	2048	256	734	1839	217
1024	2048	256	942	1839	216
1280	2048	256	1137	1837	214
1536	2048	256	1358	1836	214
1792	2048	256	1574	1834	214
2048	2048	256	1777	1832	213
2303	2048	256	1983	1829	212
2559	2048	256	2195	1819	208
2815	2048	256	2402	1808	205
3071	2048	256	2600	1798	202
3327	2048	256	2788	1786	198
3583	2048	256	3005	1794	198
3839	2048	256	3189	1791	198
4095	2048	256	3375	1794	198
0	2303	256	142	2128	224
256	2303	256	334	2103	218
512	2303	256	535	2097	217
768	2303	256	744	2092	216
1024	2303	256	949	2084	213
1280	2303	256	1148	2088	213
1536	2303	256	1368	2086	214
1792	2303	256	1580	2078	213
2048	2303	256	1785	2079	214
2303	2303	256	1996	2080	213
2559	2303	256	2210	2071	210
2815	2303	256	2417	2060	206
3071	2303	256	2615	2051	203
3327	2303	256	2811	2039	201
3583	2303	256	3017	2040	201
3839	2303	256	3202	2036	201
4095	2303	256	3378	2040	201
0	2559	256	156	2343	222
256	2559	256	346	2322	216
512	2559	256	545	2319	215
768	2559	256	750	2313	213
1024	2559	256	953	2307	212
1280	2559	256	1154	2302	211
1536	2559	256	1374	2307	210
1792	2559	256	1583	2296	210
2048	2559	256	1788	2300	209
2303	2559	256	1998	2305	208
2559	2559	256	2218	2300	207
2815	2559	256	2428	2294	205
3071	2559	256	2626	2286	202
3327	2559	256	2824	2279	201
3583	2559	256	3023	2276	201
3839	2559	256	3215	2274	200
4095	2559	256	3390	2273	200
0	2815	256	168	2572	219
256	2815	256	356	2553	215
512	2815	256	554	2545	213
768	2815	256	759	2538	211
1024	2815	256	961	2532	211
1280	2815	256	1164	2526	210
1536	2815	256	1385	2529	209
1792	2815	256	1595	2527	210
2048	2815	256	1794	2524	209
2303	2815	256	2002	2528	208
2559	2815	256	2222	2523	205
2815	2815	256	2434	2513	204
3071	2815	256	2634	2504	203
3327	2815	256	2833	2501	202
3583	2815	256	3032	2496	203
3839	2815	256	3222	2495	202
4095	2815	256	3403	2500	202
0	3071	256	179	2789	218
256	3071	256	367	2771	213
512	3071	256	566	2767	212
768	3071	256	770	2760	210
1024	3071	256	970	2754	209
1280	3071	256	1172	2752	208
1536	3071	256	1388	2746	208
1792	3071	256	1597	2749	207
2048	3071	256	1798	2752	208
2303	3071	256	2010	2757	208
2559	3071	256	2231	2760	206
2815	3071	256	2437	2750	204
3071	3071	256	2641	2743	202
3327	3071	256	2843	2741	202
3583	3071	256	3038	2739	202
3839	3071	256	3234	2739	202
4095	3071	256	3418	2753	203
0	3327	256	193	3017	217
256	3327	256	381	3003	215
512	3327	256	579	3001	214
768	3327	256	783	2993	211
1024	3327	256	984	2981	210
1280	3327	256	1188	2975	209
1536	3327	256	1405	2977	209
1792	3327	256	1612	2984	209
2048	3327	256	1816	2987	209
2303	3327	256	2029	2994	209
2559	3327	256	2253	2990	208
2815	3327	256	2463	2980	207
3071	3327	256	2656	2971	205
3327	3327	256	2859	2970	205
3583	3327	256	3067	2974	205
3839	3327	256	3260	2977	205
4095	3327	256	3451	2989	204
0	3583	256	207	3214	218
256	3583	256	397	3212	217
512	3583	256	593	3203	214
768	3583	256	798	3190	212
1024	3583	256	1000	3187	212
1280	3583	256	1206	3188	211
1536	3583	256	1419	3191	210
1792	3583	256	1628	3197	211
2048	3583	256	1836	3203	212
2303	3583	256	2047	3203	211
2559	3583	256	2271	3196	209
2815	3583	256	2482	3188	209
3071	3583	256	2678	3182	207
3327	3583	256	2882	3183	206
3583	3583	256	3087	3189	207
3839	3583	256	3281	3193	207
4095	3583	256	3472	3201	207
0	3839	256	222	3434	218
256	3839	256	414	3439	217
512	3839	256	612	3425	215
768	3839	256	818	3412	214
1024	3839	256	1018	3407	213
1280	3839	256	1226	3404	213
1536	3839	256	1439	3408	213
1792	3839	256	1645	3418	213
2048	3839	256	1857	3422	214
2303	3839	256	2064	3421	213
2559	3839	256	2290	3408	211
2815	3839	256	2505	3402	210
3071	3839	256	2697	3398	210
3327	3839	256	2903	3399	209
3583	3839	256	3112	3404	209
3839	3839	256	3310	3410	210
4095	3839	256	3505	3423	211
0	4095	256	238	3630	219
256	4095	256	430	3629	220
512	4095	256	628	3618	218
768	4095	256	836	3606	217
1024	4095	256	1037	3608	216
1280	4095	256	1247	3612	215
1536	4095	256	1459	3615	215
1792	4095	256	1670	3618	215
2048	4095	256	1881	3625	215
2303	4095	256	2090	3623	216
2559	4095	256	2310	3617	214
2815	4095	256	2521	3606	212
3071	4095	256	2718	3600	211
3327	4095	256	2928	3605	212
3583	4095	256	3135	3617	212
3839	4095	256	3335	3628	214
4095	4095	256	3534	3639	214
0	0	512	23	3	450
256	0	512	238	3	451
512	0	512	452	4	448
768	0	512	668	4	439
1024	0	512	884	5	433
1280	0	512	1093	5	428
1536	0	512	1308	5	423
1792	0	512	1531	5	420
2048	0	512	1742	6	420
2303	0	512	1951	6	417
2559	0	512	2171	7	415
2815	0	512	2397	7	412
3071	0	512	2619	8	409
3327	0	512	2825	7	404
3583	0	512	3041	8	406
3839	0	512	3251	8	408
4095	0	512	3446	9	411
0	256	512	39	243	457
256	256	512	257	247	454
512	256	512	471	247	454
768	256	512	683	242	441
1024	256	512	894	239	432
1280	256	512	1098	235	424
1536	256	512	1305	233	417
1792	256	512	1514	229	410
2048	256	512	1716	228	403
2303	256	512	1914	225	400
2559	256	512	2129	225	394
2815	256	512	2336	222	392
3071	256	512	2539	220	387
3327	256	512	2733	217	379
3583	256	512	2935	217	378
3839	256	512	3130	217	378
4095	256	512	3314	217	377
0	512	512	55	486	454
256	512	512	271	490	459
512	512	512	493	496	456
768	512	512	707	488	455
1024	512	512	925	483	442
1280	512	512	1128	475	433
1536	512	512	1340	470	425
1792	512	512	1552	463	418
2048	512	512	1753	457	413
2303	512	512	1950	453	408
2559	512	512	2160	451	402
2815	512	512	2375	445	401
3071	512	512	2587	442	396
3327	512	512	2776	437	388
3583	512	512	2975	435	385
3839	512	512	3165	435	385
4095	512	512	3351	436	385
0	768	512	70	726	454
256	768	512	283	729	457
512	768	512	501	736	463
768	768	512	723	734	463
1024	768	512	937	725	451
1280	768	512	1139	715	441
1536	768	512	1353	708	433
1792	768	512	1562	700	426
2048	768	512	1763	694	419
2303	768	512	1965	689	414
2559	768	512	2174	684	409
2815	768	512	2382	677	402
3071	768	512	2592	674	395
3327	768	512	2782	669	388
3583	768	512	2985	666	386
3839	768	512	3172	665	383
4095	768	512	3353	662	382
0	1024	512	84	968	448
256	1024	512	294	969	447
512	1024	512	510	980	454
768	1024	512	728	975	451
1024	1024	512	952	972	450
1280	1024	512	1153	961	440
1536	1024	512	1364	952	432
1792	1024	512	1571	944	427
2048	1024	512	1773	937	418
2303	1024	512	1978	932	414
2559	1024	512	2189	924	409
2815	1024	512	2394	915	402
3071	1024	512	2607	912	397
3327	1024	512	2797	904	396
3583	1024	512	2995	903	389
3839	1024	512	3181	899	388
4095	1024	512	3365	895	385
0	1280	512	99	1194	445
256	1280	512	306	1189	440
512	1280	512	519	1198	446
768	1280	512	736	1192	443
1024	1280	512	958	1191	443
1280	1280	512	1158	1187	440
1536	1280	512	1378	1176	433
1792	1280	512	1587	1170	424
2048	1280	512	1784	1162	418
2303	1280	512	1983	1153	413
2559	1280	512	2194	1141	410
2815	1280	512	2408	1133	401
3071	1280	512	2610	1125	395
3327	1280	512	2802	1121	395
3583	1280	512	3007	1116	388
3839	1280	512	3188	1111	388
4095	1280	512	3375	1110	385
0	1536	512	113	1438	443
256	1536	512	317	1434	435
512	1536	512	528	1444	440
768	1536	512	743	1437	437
1024	1536	512	958	1432	436
1280	1536	512	1163	1427	435
1536	1536	512	1394	1426	431
1792	1536	512	1602	1419	424
2048	1536	512	1794	1412	417
2303	1536	512	1994	1405	413
2559	1536	512	2206	1393	408
2815	1536	512	2417	1378	400
3071	1536	512	2625	1373	394
3327	1536	512	2816	1363	390
3583	1536	512	3020	1361	389
3839	1536	512	3208	1358	387
4095	1536	512	3390	1356	383
0	1792	512	127	1667	440
256	1792	512	330	1659	430
512	1792	512	540	1669	436
768	1792	512	754	1665	434
1024	1792	512	966	1660	429
1280	1792	512	1171	1660	429
1536	1792	512	1402	1655	426
1792	1792	512	1616	1653	424
2048	1792	512	1814	1645	419
2303	1792	512	2015	1637	412
2559	1792	512	2227	1628	409
2815	1792	512	2439	1619	399
3071	1792	512	2641	1610	395
3327	1792	512	2834	1602	390
3583	1792	512	3039	1599	390
3839	1792	512	3224	1594	387
4095	1792	512	3411	1596	385
0	2048	512	142	1889	439
256	2048	512	342	1879	426
512	2048	512	552	1889	432
768	2048	512	768	1886	428
1024	2048	512	979	1880	425
1280	2048	512	1180	1878	423
1536	2048	512	1404	1876	422
1792	2048	512	1622	1870	422
2048	2048	512	1826	1869	420
2303	2048	512	2036	1867	414
2559	2048	512	2249	1855	408
2815	2048	512	2457	1843	403
3071	2048	512	2656	1833	395
3327	2048	512	2848	1824	390
3583	2048	512	3047	1819	388
3839	2048	512	3245	1821	388
4095	2048	512	3429	1823	387
0	2303	512	155	2140	442
256	2303	512	354	2136	421
512	2303	512	562	2140	429
768	2303	512	777	2135	426
1024	2303	512	986	2130	424
1280	2303	512	1186	2126	421
1536	2303	512	1413	2128	418
1792	2303	512	1626	2119	417
2048	2303	512	1833	2125	416
2303	2303	512	2044	2121	415
2559	2303	512	2260	2109	411
2815	2303	512	2470	2096	404
3071	2303	512	2670	2084	399
3327	2303	512	2868	2076	394
3583	2303	512	3065	2075	391
3839	2303	512	3252	2073	391
4095	2303	512	3436	2071	390
0	2559	512	168	2362	440
256	2559	512	365	2360	421
512	2559	512	572	2364	426
768	2559	512	782	2356	424
1024	2559	512	988	2349	422
1280	2559	512	1193	2346	418
1536	2559	512	1415	2341	417
1792	2559	512	1630	2342	417
2048	2559	512	1833	2348	413
2303	2559	512	2046	2345	414
2559	2559	512	2267	2339	410
2815	2559	512	2478	2329	402
3071	2559	512	2677	2319	397
3327	2559	512	2875	2311	394
3583	2559	512	3071	2314	392
3839	2559	512	3263	2306	390
4095	2559	512	3449	2312	390
0	2815	512	180	2588	439
256	2815	512	378	2593	416
512	2815	512	582	2593	421
768	2815	512	792	2585	419
1024	2815	512	997	2579	416
1280	2815	512	1203	2573	412
1536	2815	512	1426	2572	409
1792	2815	512	1636	2568	411
2048	2815	512	1837	2566	411
2303	2815	512	2048	2563	409
2559	2815	512	2276	2563	405
2815	2815	512	2492	2557	401
3071	2815	512	2695	2548	395
3327	2815	512	2889	2540	391
3583	2815	512	3082	2538	391
3839	2815	512	3281	2537	388
4095	2815	512	3464	2538	390
0	3071	512	193	2807	437
256	3071	512	390	2816	413
512	3071	512	592	2816	419
768	3071	512	802	2811	415
1024	3071	512	1007	2809	412
1280	3071	512	1211	2802	409
1536	3071	512	1431	2797	408
1792	3071	512	1645	2806	406
2048	3071	512	1847	2805	406
2303	3071	512	2058	2807	406
2559	3071	512	2282	2801	402
2815	3071	512	2497	2796	398
3071	3071	512	2698	2790	395
3327	3071	512	2894	2781	393
3583	3071	512	3093	2776	391
3839	3071	512	3286	2776	391
4095	3071	512	3474	2784	392
0	3327	512	207	3035	435
256	3327	512	404	3051	408
512	3327	512	607	3050	414
768	3327	512	815	3044	410
1024	3327	512	1019	3037	407
1280	3327	512	1228	3029	406
1536	3327	512	1446	3027	405
1792	3327	512	1654	3031	402
2048	3327	512	1857	3028	404
2303	3327	512	2075	3041	403
2559	3327	512	2298	3033	401
2815	3327	512	2510	3027	396
3071	3327	512	2710	3015	396
3327	3327	512	2910	3009	392
3583	3327	512	3112	3012	390
3839	3327	512	3308	3015	390
4095	3327	512	3497	3027	390
0	3583	512	221	3239	409
256	3583	512	418	3265	409
512	3583	512	620	3258	414
768	3583	512	831	3247	412
1024	3583	512	1032	3238	408
1280	3583	512	1243	3234	406
1536	3583	512	1461	3239	404
1792	3583	512	1671	3244	401
2048	3583	512	1881	3251	402
2303	3583	512	2087	3251	402
2559	3583	512	2316	3241	401
2815	3583	512	2525	3234	399
3071	3583	512	2725	3226	396
3327	3583	512	2930	3225	394
3583	3583	512	3137	3234	394
3839	3583	512	3336	3243	394
4095	3583	512	3530	3248	396
0	3839	512	235	3469	410
256	3839	512	433	3483	410
512	3839	512	635	3472	415
768	3839	512	846	3464	411
1024	3839	512	1049	3460	408
1280	3839	512	1262	3461	405
1536	3839	512	1480	3466	404
1792	3839	512	1691	3469	403
2048	3839	512	1900	3470	404
2303	3839	512	2111	3466	401
2559	3839	512	2340	3460	401
2815	3839	512	2545	3446	398
3071	3839	512	2742	3435	397
3327	3839	512	2950	3441	396
3583	3839	512	3163	3453	397
3839	3839	512	3365	3460	399
4095	3839	512	3553	3462	397
0	4095	512	253	3658	413
256	4095	512	452	3684	416
512	4095	512	656	3680	416
768	4095	512	866	3677	413
1024	4095	512	1068	3667	409
1280	4095	512	1285	3668	406
1536	4095	512	1501	3669	405
1792	4095	512	1712	3671	407
2048	4095	512	1923	3676	406
2303	4095	512	2130	3672	405
2559	4095	512	2359	3661	402
2815	4095	512	2567	3654	402
3071	4095	512	2765	3644	401
3327	4095	512	2976	3650	398
3583	4095	512	3187	3660	401
3839	4095	512	3386	3669	401
4095	4095	512	3580	3678	403
0	0	768	33	4	697
256	0	768	249	4	696
512	0	768	463	5	695
768	0	768	682	5	690
1024	0	768	901	6	680
1280	0	768	1110	6	675
1536	0	768	1329	6	667
1792	0	768	1551	6	663
2048	0	768	1761	7	659
2303	0	768	1976	7	656
2559	0	768	2195	8	652
2815	0	768	2417	8	649
3071	0	768	2646	8	645
3327	0	768	2849	9	639
3583	0	768	3065	9	642
3839	0	768	3275	10	643
4095	0	768	3477	10	646
0	256	768	50	243	702
256	256	768	266	245	700
512	256	768	481	246	702
768	256	768	700	244	694
1024	256	768	914	241	681
1280	256	768	1113	238	669
1536	256	768	1325	235	657
1792	256	768	1539	232	649
2048	256	768	1738	231	642
2303	256	768	1936	230	635
2559	256	768	2151	229	626
2815	256	768	2359	226	625
3071	256	768	2568	223	617
3327	256	768	2760	221	613
3583	256	768	2966	221	609
3839	256	768	3157	221	608
4095	256	768	3338	221	607
0	512	768	66	489	702
256	512	768	283	490	705
512	512	768	504	497	704
768	512	768	727	493	703
1024	512	768	944	486	692
1280	512	768	1147	482	683
1536	512	768	1365	475	671
1792	512	768	1577	470	663
2048	512	768	1775	464	654
2303	512	768	1976	461	647
2559	512	768	2196	457	637
2815	512	768	2401	451	633
3071	512	768	2615	447	632
3327	512	768	2809	445	624
3583	512	768	3011	443	621
3839	512	768	3201	443	619
4095	512	768	3387	443	616
0	768	768	82	733	703
256	768	768	297	735	704
512	768	768	519	743	713
768	768	768	750	749	710
1024	768	768	969	738	707
1280	768	768	1173	732	693
1536	768	768	1389	722	683
1792	768	768	1600	715	671
2048	768	768	1801	710	664
2303	768	768	2004	706	651
2559	768	768	2221	699	645
2815	768	768	2433	693	637
3071	768	768	2640	688	636
3327	768	768	2827	683	627
3583	768	768	3037	681	626
3839	768	768	3222	678	621
4095	768	768	3407	676	618
0	1024	768	96	975	700
256	1024	768	308	977	698
512	1024	768	527	987	709
768	1024	768	755	992	713
1024	1024	768	981	992	713
1280	1024	768	1184	983	699
1536	1024	768	1400	972	687
1792	1024	768	1610	962	677
2048	1024	768	1809	954	669
2303	1024	768	2014	949	660
2559	1024	768	2230	940	651
2815	1024	768	2441	931	645
3071	1024	768	2646	928	638
3327	1024	768	2836	920	637
3583	1024	768	3042	917	629
3839	1024	768	3230	914	621
4095	1024	768	3414	912	620
0	1280	768	109	1199	694
256	1280	768	318	1200	690
512	1280	768	536	1213	698
768	1280	768	762	1219	702
1024	1280	768	986	1216	697
1280	1280	768	1196	1212	697
1536	1280	768	1416	1202	685
1792	1280	768	1624	1191	675
2048	1280	768	1823	1181	666
2303	1280	768	2026	1174	659
2559	1280	768	2240	1167	651
2815	1280	768	2456	1157	642
3071	1280	768	2656	1145	637
3327	1280	768	2841	1135	629
3583	1280	768	3053	1134	629
3839	1280	768	3242	1132	627
4095	1280	768	3422	1132	622
0	1536	768	125	1445	690
256	1536	768	332	1444	679
512	1536	768	548	1459	691
768	1536	768	772	1464	694
1024	1536	768	991	1461	688
1280	1536	768	1199	1459	688
1536	1536	768	1429	1454	684
1792	1536	768	1638	1447	674
2048	1536	768	1837	1436	665
2303	1536	768	2044	1426	659
2559	1536	768	2256	1415	651
2815	1536	768	2465	1404	644
3071	1536	768	2671	1397	636
3327	1536	768	2864	1388	628
3583	1536	768	3070	1385	628
3839	1536	768	3252	1381	625
4095	1536	768	3433	1377	622
0	1792	768	140	1677	686
256	1792	768	344	1676	671
512	1792	768	559	1692	682
768	1792	768	782	1694	687
1024	1792	768	998	1688	683
1280	1792	768	1208	1688	677
1536	1792	768	1437	1685	677
1792	1792	768	1652	1685	675
2048	1792	768	1849	1674	667
2303	1792	768	2055	1663	660
2559	1792	768	2271	1655	652
2815	1792	768	2483	1645	645
3071	1792	768	2683	1635	637
3327	1792	768	2877	1628	628
3583	1792	768	3077	1621	628
3839	1792	768	3272	1619	628
4095	1792	768	3457	1619	624
0	2048	768	154	1903	686
256	2048	768	356	1900	667
512	2048	768	571	1915	678
768	2048	768	792	1919	682
1024	2048	768	1007	1912	676
1280	2048	768	1215	1905	672
1536	2048	768	1446	1903	672
1792	2048	768	1657	1901	670
2048	2048	768	1862	1899	667
2303	2048	768	2072	1891	660
2559	2048	768	2288	1882	654
2815	2048	768	2503	1874	647
3071	2048	768	2705	1864	639
3327	2048	768	2896	1851	631
3583	2048	768	3099	1851	629
3839	2048	768	3290	1846	628
4095	2048	768	3472	1846	628
0	2303	768	167	2156	684
256	2303	768	368	2155	663
512	2303	768	582	2169	672
768	2303	768	801	2169	676
1024	2303	768	1012	2164	672
1280	2303	768	1219	2159	669
1536	2303	768	1452	2154	667
1792	2303	768	1661	2149	667
2048	2303	768	1865	2152	664
2303	2303	768	2080	2148	662
2559	2303	768	2299	2138	656
2815	2303	768	2507	2122	649
3071	2303	768	2710	2111	639
3327	2303	768	2913	2105	634
3583	2303	768	3107	2100	631
3839	2303	768	3299	2096	629
4095	2303	768	3480	2095	629
0	2559	768	179	2374	684
256	2559	768	380	2377	659
512	2559	768	594	2389	667
768	2559	768	809	2387	670
1024	2559	768	1019	2384	667
1280	2559	768	1228	2384	663
1536	2559	768	1451	2376	662
1792	2559	768	1665	2373	661
2048	2559	768	1869	2379	661
2303	2559	768	2083	2376	658
2559	2559	768	2308	2370	654
2815	2559	768	2519	2361	648
3071	2559	768	2721	2351	638
3327	2559	768	2919	2342	634
3583	2559	768	3113	2342	631
3839	2559	768	3313	2338	630
4095	2559	768	3501	2341	630
0	2815	768	191	2600	681
256	2815	768	392	2608	653
512	2815	768	603	2623	662
768	2815	768	816	2624	665
1024	2815	768	1024	2618	660
1280	2815	768	1234	2610	658
1536	2815	768	1457	2606	657
1792	2815	768	1672	2605	654
2048	2815	768	1878	2608	654
2303	2815	768	2090	2602	653
2559	2815	768	2314	2599	651
2815	2815	768	2528	2590	645
3071	2815	768	2730	2580	638
3327	2815	768	2928	2571	632
3583	2815	768	3131	2568	629
3839	2815	768	3332	2571	628
4095	2815	768	3512	2569	630
0	3071	768	204	2817	678
256	3071	768	406	2841	647
512	3071	768	616	2854	658
768	3071	768	829	2850	660
1024	3071	768	1033	2841	657
1280	3071	768	1244	2836	653
1536	3071	768	1467	2840	652
1792	3071	768	1676	2842	651
2048	3071	768	1880	2835	647
2303	3071	768	2098	2844	647
2559	3071	768	2323	2832	647
2815	3071	768	2535	2831	643
3071	3071	768	2733	2821	635
3327	3071	768	2935	2813	632
3583	3071	768	3138	2808	629
3839	3071	768	3328	2807	630
4095	3071	768	3516	2811	632
0	3327	768	219	3055	646
256	3327	768	419	3074	647
512	3327	768	629	3085	655
768	3327	768	842	3079	657
1024	3327	768	1047	3072	653
1280	3327	768	1259	3066	650
1536	3327	768	1478	3066	647
1792	3327	768	1691	3073	646
2048	3327	768	1901	3079	645
2303	3327	768	2110	3074	645
2559	3327	768	2335	3068	644
2815	3327	768	2545	3054	638
3071	3327	768	2751	3045	636
3327	3327	768	2956	3043	631
3583	3327	768	3159	3045	629
3839	3327	768	3356	3050	627
4095	3327	768	3540	3052	628
0	3583	768	233	3262	645
256	3583	768	434	3282	646
512	3583	768	643	3288	654
768	3583	768	857	3286	657
1024	3583	768	1062	3281	653
1280	3583	768	1274	3282	649
1536	3583	768	1492	3283	648
1792	3583	768	1706	3284	648
2048	3583	768	1916	3286	648
2303	3583	768	2126	3283	645
2559	3583	768	2360	3282	645
2815	3583	768	2564	3268	641
3071	3583	768	2763	3258	634
3327	3583	768	2972	3259	634
3583	3583	768	3177	3266	635
3839	3583	768	3375	3272	633
4095	3583	768	3568	3276	633
0	3839	768	248	3483	648
256	3839	768	449	3510	655
512	3839	768	660	3526	655
768	3839	768	874	3519	656
1024	3839	768	1076	3512	652
1280	3839	768	1290	3505	649
1536	3839	768	1509	3503	648
1792	3839	768	1723	3507	650
2048	3839	768	1933	3504	648
2303	3839	768	2144	3497	646
2559	3839	768	2376	3494	643
2815	3839	768	2580	3479	643
3071	3839	768	2777	3467	636
3327	3839	768	2989	3472	634
3583	3839	768	3202	3481	636
3839	3839	768	3401	3489	639
4095	3839	768	3596	3497	638
0	4095	768	265	3685	651
256	4095	768	466	3716	656
512	4095	768	675	3728	655
768	4095	768	891	3717	656
1024	4095	768	1092	3705	654
1280	4095	768	1311	3706	651
1536	4095	768	1530	3706	651
1792	4095	768	1743	3708	651
2048	4095	768	1953	3709	651
2303	4095	768	2164	3704	648
2559	4095	768	2392	3693	645
2815	4095	768	2599	3683	645
3071	4095	768	2801	3679	642
3327	4095	768	3016	3681	635
3583	4095	768	3223	3692	638
3839	4095	768	3421	3703	642
4095	4095	768	3619	3709	644
0	0	1024	45	5	949
256	0	1024	260	6	946
512	0	1024	475	6	944
768	0	1024	695	7	939
1024	0	1024	917	7	932
1280	0	1024	1129	7	924
1536	0	1024	1351	7	917
1792	0	1024	1572	8	911
2048	0	1024	1782	8	909
2303	0	1024	1994	9	905
2559	0	1024	2219	9	900
2815	0	1024	2446	9	897
3071	0	1024	2675	9	890
3327	0	1024	2874	10	884
3583	0	1024	3096	10	887
3839	0	1024	3303	11	888
4095	0	1024	3501	11	889
0	256	1024	60	244	948
256	256	1024	275	246	943
512	256	1024	488	246	940
768	256	1024	708	246	940
1024	256	1024	931	244	934
1280	256	1024	1133	241	920
1536	256	1024	1345	238	908
1792	256	1024	1557	236	898
2048	256	1024	1757	234	889
2303	256	1024	1961	234	884
2559	256	1024	2181	231	874
2815	256	1024	2386	229	864
3071	256	1024	2595	226	863
3327	256	1024	2781	224	854
3583	256	1024	2990	223	853
3839	256	1024	3183	224	849
4095	256	1024	3367	223	848
0	512	1024	77	489	953
256	512	1024	293	490	954
512	512	1024	513	494	954
768	512	1024	735	494	956
1024	512	1024	960	490	948
1280	512	1024	1168	485	936
1536	512	1024	1384	479	924
1792	512	1024	1597	474	914
2048	512	1024	1797	468	905
2303	512	1024	2000	465	898
2559	512	1024	2218	461	886
2815	512	1024	2428	457	880
3071	512	1024	2640	452	878
3327	512	1024	2827	449	867
3583	512	1024	3036	448	864
3839	512	1024	3226	448	861
4095	512	1024	3409	448	859
0	768	1024	92	733	953
256	768	1024	307	736	947
512	768	1024	529	744	959
768	768	1024	760	750	958
1024	768	1024	989	745	956
1280	768	1024	1194	738	947
1536	768	1024	1411	728	935
1792	768	1024	1621	722	923
2048	768	1024	1824	717	911
2303	768	1024	2029	712	904
2559	768	1024	2244	706	894
2815	768	1024	2458	700	887
3071	768	1024	2668	696	876
3327	768	1024	2853	689	874
3583	768	1024	3070	690	873
3839	768	1024	3254	685	866
4095	768	1024	3439	684	864
0	1024	1024	108	982	950
256	1024	1024	322	985	944
512	1024	1024	542	995	957
768	1024	1024	775	1004	967
1024	1024	1024	1010	1007	962
1280	1024	1024	1214	998	958
1536	1024	1024	1435	987	943
1792	1024	1024	1644	979	933
2048	1024	1024	1846	972	923
2303	1024	1024	2053	965	912
2559	1024	1024	2268	957	904
2815	1024	1024	2482	948	893
3071	1024	1024	2693	942	881
3327	1024	1024	2877	934	879
3583	1024	1024	3088	932	877
3839	1024	1024	3276	929	869
4095	1024	1024	3459	929	868
0	1280	1024	121	1207	945
256	1280	1024	332	1207	939
512	1280	1024	552	1222	950
768	1280	1024	783	1232	960
1024	1280	1024	1014	1236	963
1280	1280	1024	1225	1233	961
1536	1280	1024	1450	1221	947
1792	1280	1024	1657	1211	937
2048	1280	1024	1857	1202	927
2303	1280	1024	2064	1192	916
2559	1280	1024	2279	1183	909
2815	1280	1024	2493	1176	898
3071	1280	1024	2705	1168	890
3327	1280	1024	2889	1156	880
3583	1280	1024	3101	1155	880
3839	1280	1024	3283	1148	878
4095	1280	1024	3467	1147	870
0	1536	1024	137	1457	939
256	1536	1024	345	1456	928
512	1536	1024	562	1471	942
768	1536	1024	790	1479	950
1024	1536	1024	1019	1483	951
1280	1536	1024	1232	1481	946
1536	1536	1024	1463	1475	945
1792	1536	1024	1670	1466	935
2048	1536	1024	1867	1456	925
2303	1536	1024	2079	1448	915
2559	1536	1024	2295	1438	907
2815	1536	1024	2505	1426	897
3071	1536	1024	2712	1418	891
3327	1536	1024	2901	1405	879
3583	1536	1024	3103	1405	877
3839	1536	1024	3296	1399	877
4095	1536	1024	3483	1397	872
0	1792	1024	152	1687	936
256	1792	1024	358	1688	920
512	1792	1024	575	1704	933
768	1792	1024	801	1712	942
1024	1792	1024	1025	1715	944
1280	1792	1024	1237	1713	940
1536	1792	1024	1467	1708	938
1792	1792	1024	1683	1702	934
2048	1792	1024	1877	1695	924
2303	1792	1024	2090	1686	914
2559	1792	1024	2309	1678	909
2815	1792	1024	2523	1668	897
3071	1792	1024	2726	1657	890
3327	1792	1024	2920	1647	879
3583	1792	1024	3114	1639	876
3839	1792	1024	3313	1638	876
4095	1792	1024	3497	1637	874
0	2048	1024	166	1916	933
256	2048	1024	371	1913	914
512	2048	1024	589	1929	928
768	2048	1024	815	1938	934
1024	2048	1024	1035	1940	936
1280	2048	1024	1246	1937	932
1536	2048	1024	1474	1929	928
1792	2048	1024	1686	1926	926
2048	2048	1024	1896	1922	922
2303	2048	1024	2108	1914	913
2559	2048	1024	2327	1907	909
2815	2048	1024	2539	1896	900
3071	2048	1024	2741	1885	891
3327	2048	1024	2939	1875	882
3583	2048	1024	3138	1873	877
3839	2048	1024	3328	1870	876
4095	2048	1024	3511	1866	876
0	2303	1024	179	2164	935
256	2303	1024	382	2167	910
512	2303	1024	598	2183	923
768	2303	1024	821	2190	928
1024	2303	1024	1038	2191	930
1280	2303	1024	1252	2186	926
1536	2303	1024	1484	2187	923
1792	2303	1024	1693	2177	922
2048	2303	1024	1900	2181	918
2303	2303	1024	2114	2171	915
2559	2303	1024	2334	2160	908
2815	2303	1024	2542	2149	901
3071	2303	1024	2747	2138	889
3327	2303	1024	2950	2129	884
3583	2303	1024	3143	2125	878
3839	2303	1024	3340	2120	874
4095	2303	1024	3530	2120	875
0	2559	1024	191	2385	932
256	2559	1024	395	2393	907
512	2559	1024	609	2408	917
768	2559	1024	831	2416	922
1024	2559	1024	1045	2419	924
1280	2559	1024	1256	2414	920
1536	2559	1024	1482	2407	919
1792	2559	1024	1699	2409	915
2048	2559	1024	1903	2408	915
2303	2559	1024	2117	2403	912
2559	2559	1024	2342	2394	906
2815	2559	1024	2557	2387	900
3071	2559	1024	2759	2375	887
3327	2559	1024	2956	2367	881
3583	2559	1024	3156	2366	876
3839	2559	1024	3354	2365	875
4095	2559	1024	3542	2364	876
0	2815	1024	203	2611	929
256	2815	1024	406	2628	899
512	2815	1024	619	2643	910
768	2815	1024	840	2648	915
1024	2815	1024	1052	2648	917
1280	2815	1024	1264	2644	913
1536	2815	1024	1487	2636	908
1792	2815	1024	1703	2635	907
2048	2815	1024	1908	2634	906
2303	2815	1024	2120	2634	905
2559	2815	1024	2349	2622	903
2815	2815	1024	2566	2614	898
3071	2815	1024	2764	2603	888
3327	2815	1024	2963	2595	878
3583	2815	1024	3166	2591	875
3839	2815	1024	3363	2592	873
4095	2815	1024	3551	2594	874
0	3071	1024	215	2832	924
256	3071	1024	418	2856	890
512	3071	1024	630	2867	905
768	3071	1024	849	2874	909
1024	3071	1024	1059	2874	909
1280	3071	1024	1272	2869	906
1536	3071	1024	1494	2866	903
1792	3071	1024	1707	2870	902
2048	3071	1024	1912	2866	899
2303	3071	1024	2130	2872	898
2559	3071	1024	2357	2857	895
2815	3071	1024	2570	2858	891
3071	3071	1024	2773	2848	884
3327	3071	1024	2978	2841	875
3583	3071	1024	3179	2839	872
3839	3071	1024	3372	2838	872
4095	3071	1024	3558	2840	875
0	3327	1024	232	3071	888
256	3327	1024	434	3095	889
512	3327	1024	648	3106	899
768	3327	1024	864	3109	903
1024	3327	1024	1072	3106	905
1280	3327	1024	1287	3106	900
1536	3327	1024	1506	3104	897
1792	3327	1024	1720	3103	897
2048	3327	1024	1934	3112	894
2303	3327	1024	2141	3107	891
2559	3327	1024	2373	3095	891
2815	3327	1024	2582	3082	884
3071	3327	1024	2789	3075	881
3327	3327	1024	2996	3073	876
3583	3327	1024	3197	3073	873
3839	3327	1024	3391	3076	871
4095	3327	1024	3581	3081	871
0	3583	1024	246	3281	889
256	3583	1024	448	3307	898
512	3583	1024	661	3313	898
768	3583	1024	881	3327	902
1024	3583	1024	1087	3322	904
1280	3583	1024	1303	3318	900
1536	3583	1024	1522	3316	897
1792	3583	1024	1735	3318	897
2048	3583	1024	1946	3320	897
2303	3583	1024	2159	3313	890
2559	3583	1024	2394	3311	890
2815	3583	1024	2599	3298	886
3071	3583	1024	2799	3288	878
3327	3583	1024	3006	3286	877
3583	3583	1024	3215	3291	880
3839	3583	1024	3411	3295	876
4095	3583	1024	3603	3299	876
0	3839	1024	261	3504	889
256	3839	1024	464	3527	899
512	3839	1024	677	3547	900
768	3839	1024	897	3557	902
1024	3839	1024	1101	3548	902
1280	3839	1024	1320	3541	901
1536	3839	1024	1539	3538	899
1792	3839	1024	1752	3537	898
2048	3839	1024	1963	3534	894
2303	3839	1024	2178	3529	891
2559	3839	1024	2408	3524	887
2815	3839	1024	2614	3509	887
3071	3839	1024	2812	3498	880
3327	3839	1024	3030	3503	876
3583	3839	1024	3236	3506	876
3839	3839	1024	3430	3514	880
4095	3839	1024	3625	3522	880
0	4095	1024	278	3710	892
256	4095	1024	482	3738	903
512	4095	1024	694	3745	905
768	4095	1024	915	3749	904
1024	4095	1024	1119	3745	904
1280	4095	1024	1340	3742	902
1536	4095	1024	1559	3742	901
1792	4095	1024	1772	3743	899
2048	4095	1024	1983	3744	898
2303	4095	1024	2197	3738	894
2559	4095	1024	2420	3721	888
2815	4095	1024	2632	3714	884
3071	4095	1024	2836	3712	884
3327	4095	1024	3053	3714	878
3583	4095	1024	3258	3721	882
3839	4095	1024	3453	3726	882
4095	4095	1024	3648	3736	885
0	0	1280	56	6	1178
256	0	1280	272	7	1174
512	0	1280	487	7	1167
768	0	1280	709	8	1165
1024	0	1280	934	8	1160
1280	0	1280	1147	8	1154
1536	0	1280	1370	8	1147
1792	0	1280	1592	9	1140
2048	0	1280	1805	9	1135
2303	0	1280	2018	10	1131
2559	0	1280	2245	10	1126
2815	0	1280	2470	10	1122
3071	0	1280	2699	11	1116
3327	0	1280	2901	11	1110
3583	0	1280	3123	12	1113
3839	0	1280	3328	12	1111
4095	0	1280	3528	13	1114
0	256	1280	71	245	1171
256	256	1280	285	246	1165
512	256	1280	497	246	1166
768	256	1280	718	246	1165
1024	256	1280	942	245	1160
1280	256	1280	1149	244	1154
1536	256	1280	1366	242	1140
1792	256	1280	1578	239	1128
2048	256	1280	1779	238	1119
2303	256	1280	1982	236	1112
2559	256	1280	2203	235	1101
2815	256	1280	2414	232	1090
3071	256	1280	2619	230	1087
3327	256	1280	2807	228	1078
3583	256	1280	3019	228	1076
3839	256	1280	3212	228	1071
4095	256	1280	3397	228	1071
0	512	1280	87	489	1171
256	512	1280	303	489	1178
512	512	1280	524	495	1183
768	512	1280	746	494	1181
1024	512	1280	973	493	1179
1280	512	1280	1184	489	1171
1536	512	1280	1404	484	1155
1792	512	1280	1616	478	1146
2048	512	1280	1816	474	1134
2303	512	1280	2022	470	1125
2559	512	1280	2243	467	1114
2815	512	1280	2457	461	1106
3071	512	1280	2663	459	1096
3327	512	1280	2852	454	1091
3583	512	1280	3063	454	1090
3839	512	1280	3254	453	1084
4095	512	1280	3439	453	1082
0	768	1280	103	736	1183
256	768	1280	318	736	1169
512	768	1280	540	745	1185
768	768	1280	770	749	1188
1024	768	1280	999	747	1187
1280	768	1280	1210	743	1177
1536	768	1280	1432	735	1166
1792	768	1280	1644	728	1157
2048	768	1280	1846	724	1142
2303	768	1280	2052	719	1134
2559	768	1280	2270	713	1122
2815	768	1280	2484	706	1114
3071	768	1280	2691	703	1102
3327	768	1280	2876	696	1098
3583	768	1280	3094	695	1099
3839	768	1280	3279	691	1092
4095	768	1280	3469	690	1089
0	1024	1280	119	988	1177
256	1024	1280	334	989	1166
512	1024	1280	555	1000	1183
768	1024	1280	787	1007	1194
1024	1024	1280	1024	1013	1191
1280	1024	1280	1237	1007	1189
1536	1024	1280	1459	998	1177
1792	1024	1280	1671	989	1164
2048	1024	1280	1873	983	1155
2303	1024	1280	2082	976	1140
2559	1024	1280	2299	967	1128
2815	1024	1280	2513	958	1120
3071	1024	1280	2720	953	1110
3327	1024	1280	2906	945	1105
3583	1024	1280	3118	942	1104
3839	1024	1280	3306	938	1096
4095	1024	1280	3494	938	1096
0	1280	1280	134	1217	1175
256	1280	1280	346	1218	1161
512	1280	1280	568	1233	1179
768	1280	1280	801	1242	1191
1024	1280	1280	1037	1248	1196
1280	1280	1280	1253	1251	1191
1536	1280	1280	1480	1239	1187
1792	1280	1280	1691	1228	1173
2048	1280	1280	1888	1218	1162
2303	1280	1280	2101	1209	1149
2559	1280	1280	2319	1201	1140
2815	1280	1280	2533	1191	1128
3071	1280	1280	2743	1184	1121
3327	1280	1280	2930	1172	1108
3583	1280	1280	3137	1169	1106
3839	1280	1280	3323	1167	1104
4095	1280	1280	3511	1163	1099
0	1536	1280	149	1467	1169
256	1536	1280	359	1468	1157
512	1536	1280	580	1482	1172
768	1536	1280	809	1489	1182
1024	1536	1280	1040	1498	1191
1280	1536	1280	1260	1501	1189
1536	1536	1280	1495	1498	1188
1792	1536	1280	1706	1487	1176
2048	1536	1280	1902	1477	1165
2303	1536	1280	2115	1468	1153
2559	1536	1280	2333	1458	1144
2815	1536	1280	2545	1446	1132
3071	1536	1280	2748	1435	1125
3327	1536	1280	2938	1427	1111
3583	1536	1280	3146	1422	1105
3839	1536	1280	3339	1417	1105
4095	1536	1280	3532	1418	1101
0	1792	1280	163	1698	1162
256	1792	1280	371	1701	1147
512	1792	1280	591	1716	1164
768	1792	1280	821	1724	1171
1024	1792	1280	1048	1732	1178
1280	1792	1280	1267	1733	1180
1536	1792	1280	1502	1730	1175
1792	1792	1280	1717	1728	1173
2048	1792	1280	1916	1717	1163
2303	1792	1280	2126	1710	1153
2559	1792	1280	2347	1701	1143
2815	1792	1280	2565	1692	1132
3071	1792	1280	2768	1680	1123
3327	1792	1280	2962	1669	1111
3583	1792	1280	3161	1663	1106
3839	1792	1280	3361	1663	1103
4095	1792	1280	3542	1658	1102
0	2048	1280	178	1925	1161
256	2048	1280	386	1927	1142
512	2048	1280	605	1942	1157
768	2048	1280	833	1953	1164
1024	2048	1280	1056	1958	1170
1280	2048	1280	1273	1958	1171
1536	2048	1280	1505	1952	1166
1792	2048	1280	1721	1947	1165
2048	2048	1280	1929	1945	1160
2303	2048	1280	2146	1938	1153
2559	2048	1280	2365	1929	1142
2815	2048	1280	2573	1918	1133
3071	2048	1280	2778	1908	1122
3327	2048	1280	2983	1900	1114
3583	2048	1280	3177	1893	1107
3839	2048	1280	3367	1892	1103
4095	2048	1280	3553	1886	1103
0	2303	1280	191	2178	1158
256	2303	1280	398	2187	1137
512	2303	1280	616	2198	1149
768	2303	1280	841	2207	1155
1024	2303	1280	1062	2213	1160
1280	2303	1280	1282	2216	1163
1536	2303	1280	1512	2211	1160
1792	2303	1280	1723	2205	1154
2048	2303	1280	1936	2204	1154
2303	2303	1280	2152	2199	1149
2559	2303	1280	2374	2187	1142
2815	2303	1280	2582	2173	1134
3071	2303	1280	2786	2162	1120
3327	2303	1280	2988	2155	1112
3583	2303	1280	3183	2148	1105
3839	2303	1280	3382	2142	1101
4095	2303	1280	3576	2144	1101
0	2559	1280	204	2402	1154
256	2559	1280	410	2411	1130
512	2559	1280	627	2423	1142
768	2559	1280	851	2433	1147
1024	2559	1280	1069	2441	1154
1280	2559	1280	1287	2443	1156
1536	2559	1280	1515	2438	1153
1792	2559	1280	1733	2441	1146
2048	2559	1280	1936	2434	1145
2303	2559	1280	2156	2433	1145
2559	2559	1280	2383	2423	1139
2815	2559	1280	2596	2412	1131
3071	2559	1280	2794	2400	1117
3327	2559	1280	2993	2393	1110
3583	2559	1280	3197	2389	1102
3839	2559	1280	3395	2389	1101
4095	2559	1280	3586	2389	1103
0	2815	1280	216	2622	1150
256	2815	1280	420	2648	1121
512	2815	1280	635	2663	1133
768	2815	1280	858	2671	1140
1024	2815	1280	1075	2675	1144
1280	2815	1280	1293	2672	1147
1536	2815	1280	1519	2667	1142
1792	2815	1280	1738	2669	1140
2048	2815	1280	1943	2667	1139
2303	2815	1280	2160	2664	1138
2559	2815	1280	2389	2649	1134
2815	2815	1280	2605	2642	1126
3071	2815	1280	2803	2631	1116
3327	2815	1280	3003	2622	1102
3583	2815	1280	3207	2617	1101
3839	2815	1280	3401	2618	1098
4095	2815	1280	3588	2621	1099
0	3071	1280	229	2853	1109
256	3071	1280	433	2877	1112
512	3071	1280	647	2888	1126
768	3071	1280	868	2900	1132
1024	3071	1280	1083	2904	1136
1280	3071	1280	1301	2903	1138
1536	3071	1280	1523	2899	1134
1792	3071	1280	1739	2900	1132
2048	3071	1280	1950	2902	1130
2303	3071	1280	2164	2907	1128
2559	3071	1280	2393	2896	1125
2815	3071	1280	2607	2890	1119
3071	3071	1280	2813	2878	1111
3327	3071	1280	3019	2870	1102
3583	3071	1280	3222	2869	1096
3839	3071	1280	3414	2868	1096
4095	3071	1280	3599	2868	1097
0	3327	1280	244	3091	1109
256	3327	1280	447	3112	1112
512	3327	1280	663	3123	1121
768	3327	1280	884	3132	1124
1024	3327	1280	1096	3136	1129
1280	3327	1280	1316	3139	1131
1536	3327	1280	1538	3139	1127
1792	3327	1280	1753	3138	1127
2048	3327	1280	1966	3144	1123
2303	3327	1280	2178	3139	1121
2559	3327	1280	2412	3128	1121
2815	3327	1280	2619	3111	1111
3071	3327	1280	2827	3105	1106
3327	3327	1280	3032	3103	1100
3583	3327	1280	3236	3103	1099
3839	3327	1280	3433	3105	1096
4095	3327	1280	3626	3112	1095
0	3583	1280	259	3304	1108
256	3583	1280	464	3325	1119
512	3583	1280	677	3330	1120
768	3583	1280	901	3347	1125
1024	3583	1280	1110	3357	1129
1280	3583	1280	1331	3353	1127
1536	3583	1280	1553	3351	1127
1792	3583	1280	1768	3354	1126
2048	3583	1280	1979	3354	1123
2303	3583	1280	2196	3344	1118
2559	3583	1280	2428	3341	1115
2815	3583	1280	2634	3327	1113
3071	3583	1280	2836	3318	1102
3327	3583	1280	3044	3314	1101
3583	3583	1280	3255	3320	1101
3839	3583	1280	3453	3324	1099
4095	3583	1280	3645	3328	1099
0	3839	1280	275	3530	1107
256	3839	1280	480	3557	1119
512	3839	1280	694	3570	1123
768	3839	1280	918	3577	1124
1024	3839	1280	1126	3580	1127
1280	3839	1280	1351	3580	1128
1536	3839	1280	1572	3577	1126
1792	3839	1280	1784	3572	1124
2048	3839	1280	1996	3568	1122
2303	3839	1280	2214	3562	1118
2559	3839	1280	2444	3556	1112
2815	3839	1280	2646	3543	1111
3071	3839	1280	2851	3532	1103
3327	3839	1280	3073	3537	1100
3583	3839	1280	3278	3540	1099
3839	3839	1280	3474	3544	1104
4095	3839	1280	3668	3551	1103
0	4095	1280	292	3744	1112
256	4095	1280	498	3762	1124
512	4095	1280	713	3773	1126
768	4095	1280	937	3777	1126
1024	4095	1280	1147	3786	1130
1280	4095	1280	1370	3780	1130
1536	4095	1280	1589	3778	1128
1792	4095	1280	1804	3779	1126
2048	4095	1280	2016	3779	1124
2303	4095	1280	2232	3772	1121
2559	4095	1280	2456	3755	1113
2815	4095	1280	2668	3748	1107
3071	4095	1280	2869	3741	1106
3327	4095	1280	3093	3747	1103
3583	4095	1280	3301	3754	1104
3839	4095	1280	3497	3759	1106
4095	4095	1280	3692	3770	1107
0	0	1536	68	8	1439
256	0	1536	285	8	1429
512	0	1536	502	9	1424
768	0	1536	725	9	1422
1024	0	1536	951	9	1416
1280	0	1536	1166	9	1410
1536	0	1536	1392	10	1404
1792	0	1536	1617	10	1399
2048	0	1536	1830	11	1391
2303	0	1536	2046	11	1386
2559	0	1536	2277	12	1380
2815	0	1536	2499	11	1374
3071	0	1536	2728	12	1370
3327	0	1536	2929	12	1361
3583	0	1536	3151	13	1361
3839	0	1536	3360	13	1360
4095	0	1536	3568	14	1364
0	256	1536	83	248	1426
256	256	1536	297	247	1418
512	256	1536	509	248	1422
768	256	1536	731	248	1415
1024	256	1536	953	247	1413
1280	256	1536	1163	246	1406
1536	256	1536	1388	246	1399
1792	256	1536	1603	243	1386
2048	256	1536	1804	242	1375
2303	256	1536	2008	240	1368
2559	256	1536	2230	239	1357
2815	256	1536	2445	236	1346
3071	256	1536	2647	234	1343
3327	256	1536	2843	232	1332
3583	256	1536	3046	232	1328
3839	256	1536	3242	231	1321
4095	256	1536	3432	232	1322
0	512	1536	98	491	1423
256	512	1536	314	489	1433
512	512	1536	535	496	1436
768	512	1536	759	494	1435
1024	512	1536	985	492	1433
1280	512	1536	1196	491	1427
1536	512	1536	1425	488	1418
1792	512	1536	1638	484	1404
2048	512	1536	1841	480	1392
2303	512	1536	2050	475	1383
2559	512	1536	2270	472	1371
2815	512	1536	2483	467	1362
3071	512	1536	2696	465	1350
3327	512	1536	2887	461	1345
3583	512	1536	3090	461	1342
3839	512	1536	3285	459	1336
4095	512	1536	3474	459	1333
0	768	1536	114	738	1442
256	768	1536	329	737	1423
512	768	1536	551	745	1445
768	768	1536	782	750	1443
1024	768	1536	1010	747	1441
1280	768	1536	1223	747	1439
1536	768	1536	1454	742	1430
1792	768	1536	1666	735	1415
2048	768	1536	1868	732	1402
2303	768	1536	2080	726	1393
2559	768	1536	2298	721	1381
2815	768	1536	2511	716	1371
3071	768	1536	2723	712	1358
3327	768	1536	2914	706	1352
3583	768	1536	3121	702	1349
3839	768	1536	3309	700	1344
4095	768	1536	3499	698	1342
0	1024	1536	131	991	1436
256	1024	1536	345	991	1423
512	1024	1536	567	1002	1439
768	1024	1536	800	1008	1449
1024	1024	1536	1035	1015	1447
1280	1024	1536	1249	1011	1445
1536	1024	1536	1483	1006	1437
1792	1024	1536	1692	997	1421
2048	1024	1536	1896	990	1411
2303	1024	1536	2109	984	1402
2559	1024	1536	2327	975	1390
2815	1024	1536	2540	968	1380
3071	1024	1536	2747	962	1368
3327	1024	1536	2941	955	1359
3583	1024	1536	3150	952	1356
3839	1024	1536	3339	949	1351
4095	1024	1536	3529	948	1350
0	1280	1536	146	1225	1434
256	1280	1536	358	1225	1417
512	1280	1536	581	1238	1437
768	1280	1536	815	1248	1447
1024	1280	1536	1049	1253	1457
1280	1280	1536	1271	1258	1453
1536	1280	1536	1505	1250	1450
1792	1280	1536	1715	1240	1437
2048	1280	1536	1918	1230	1422
2303	1280	1536	2131	1223	1411
2559	1280	1536	2350	1214	1400
2815	1280	1536	2566	1205	1389
3071	1280	1536	2772	1194	1377
3327	1280	1536	2966	1186	1364
3583	1280	1536	3170	1182	1357
3839	1280	1536	3365	1182	1357
4095	1280	1536	3552	1178	1355
0	1536	1536	162	1477	1430
256	1536	1536	374	1483	1415
512	1536	1536	596	1494	1433
768	1536	1536	829	1503	1443
1024	1536	1536	1061	1511	1453
1280	1536	1536	1284	1515	1457
1536	1536	1536	1526	1518	1450
1792	1536	1536	1737	1505	1444
2048	1536	1536	1939	1495	1429
2303	1536	1536	2150	1488	1418
2559	1536	1536	2369	1478	1406
2815	1536	1536	2583	1465	1396
3071	1536	1536	2787	1454	1383
3327	1536	1536	2986	1447	1372
3583	1536	1536	3187	1439	1364
3839	1536	1536	3379	1434	1362
4095	1536	1536	3578	1438	1359
0	1792	1536	176	1715	1425
256	1792	1536	387	1720	1411
512	1792	1536	608	1731	1427
768	1792	1536	838	1739	1435
1024	1792	1536	1066	1745	1443
1280	1792	1536	1291	1751	1448
1536	1792	1536	1534	1752	1447
1792	1792	1536	1747	1750	1445
2048	1792	1536	1954	1739	1431
2303	1792	1536	2164	1731	1421
2559	1792	1536	2385	1722	1409
2815	1792	1536	2601	1712	1398
3071	1792	1536	2806	1701	1385
3327	1792	1536	3008	1693	1376
3583	1792	1536	3210	1688	1369
3839	1792	1536	3404	1685	1363
4095	1792	1536	3590	1684	1362
0	2048	1536	190	1939	1424
256	2048	1536	401	1945	1402
512	2048	1536	622	1960	1419
768	2048	1536	851	1968	1425
1024	2048	1536	1077	1973	1431
1280	2048	1536	1301	1978	1437
1536	2048	1536	1536	1975	1436
1792	2048	1536	1757	1972	1433
2048	2048	1536	1965	1972	1432
2303	2048	1536	2183	1964	1423
2559	2048	1536	2399	1951	1411
2815	2048	1536	2609	1942	1398
3071	2048	1536	2815	1931	1383
3327	2048	1536	3019	1922	1375
3583	2048	1536	3219	1916	1368
3839	2048	1536	3410	1915	1364
4095	2048	1536	3601	1910	1362
0	2303	1536	204	2193	1422
256	2303	1536	414	2202	1397
512	2303	1536	633	2212	1412
768	2303	1536	861	2222	1418
1024	2303	1536	1084	2231	1424
1280	2303	1536	1307	2237	1429
1536	2303	1536	1540	2238	1428
1792	2303	1536	1757	2234	1425
2048	2303	1536	1970	2231	1425
2303	2303	1536	2193	2229	1422
2559	2303	1536	2412	2213	1411
2815	2303	1536	2623	2198	1398
3071	2303	1536	2825	2188	1384
3327	2303	1536	3026	2180	1372
3583	2303	1536	3228	2172	1367
3839	2303	1536	3424	2166	1363
4095	2303	1536	3618	2168	1364
0	2559	1536	217	2414	1416
256	2559	1536	425	2430	1390
512	2559	1536	644	2444	1402
768	2559	1536	869	2451	1410
1024	2559	1536	1089	2458	1417
1280	2559	1536	1314	2465	1420
1536	2559	1536	1546	2466	1420
1792	2559	1536	1763	2466	1416
2048	2559	1536	1969	2460	1416
2303	2559	1536	2194	2460	1415
2559	2559	1536	2420	2450	1406
2815	2559	1536	2633	2438	1395
3071	2559	1536	2832	2428	1380
3327	2559	1536	3034	2420	1371
3583	2559	1536	3243	2417	1366
3839	2559	1536	3443	2417	1364
4095	2559	1536	3631	2416	1365
0	2815	1536	228	2639	1376
256	2815	1536	436	2669	1381
512	2815	1536	656	2683	1394
768	2815	1536	878	2689	1399
1024	2815	1536	1095	2694	1404
1280	2815	1536	1320	2697	1411
1536	2815	1536	1551	2699	1411
1792	2815	1536	1769	2699	1405
2048	2815	1536	1976	2699	1405
2303	2815	1536	2198	2692	1404
2559	2815	1536	2426	2678	1399
2815	2815	1536	2639	2666	1388
3071	2815	1536	2840	2658	1379
3327	2815	1536	3044	2649	1365
3583	2815	1536	3251	2646	1364
3839	2815	1536	3446	2647	1362
4095	2815	1536	3630	2647	1362
0	3071	1536	242	2874	1370
256	3071	1536	449	2899	1373
512	3071	1536	666	2912	1385
768	3071	1536	888	2918	1392
1024	3071	1536	1103	2922	1395
1280	3071	1536	1328	2929	1399
1536	3071	1536	1556	2935	1401
1792	3071	1536	1773	2935	1396
2048	3071	1536	1986	2938	1396
2303	3071	1536	2200	2934	1392
2559	3071	1536	2430	2928	1389
2815	3071	1536	2640	2915	1382
3071	3071	1536	2850	2905	1375
3327	3071	1536	3060	2899	1365
3583	3071	1536	3264	2899	1361
3839	3071	1536	3457	2897	1360
4095	3071	1536	3645	2898	1360
0	3327	1536	257	3111	1366
256	3327	1536	463	3139	1378
512	3327	1536	680	3152	1379
768	3327	1536	906	3161	1384
1024	3327	1536	1119	3167	1390
1280	3327	1536	1345	3171	1394
1536	3327	1536	1571	3174	1396
1792	3327	1536	1788	3175	1392
2048	3327	1536	2000	3174	1388
2303	3327	1536	2216	3165	1386
2559	3327	1536	2450	3159	1379
2815	3327	1536	2656	3142	1375
3071	3327	1536	2865	3136	1369
3327	3327	1536	3070	3134	1364
3583	3327	1536	3277	3135	1363
3839	3327	1536	3478	3139	1361
4095	3327	1536	3670	3145	1359
0	3583	1536	272	3333	1367
256	3583	1536	479	3357	1380
512	3583	1536	693	3366	1380
768	3583	1536	921	3375	1385
1024	3583	1536	1134	3386	1388
1280	3583	1536	1359	3386	1392
1536	3583	1536	1585	3388	1395
1792	3583	1536	1800	3389	1391
2048	3583	1536	2011	3386	1388
2303	3583	1536	2233	3377	1384
2559	3583	1536	2464	3372	1379
2815	3583	1536	2674	3362	1378
3071	3583	1536	2877	3353	1367
3327	3583	1536	3090	3350	1365
3583	3583	1536	3303	3358	1365
3839	3583	1536	3502	3362	1365
4095	3583	1536	3693	3363	1365
0	3839	1536	289	3566	1368
256	3839	1536	496	3587	1381
512	3839	1536	712	3593	1384
768	3839	1536	939	3602	1385
1024	3839	1536	1150	3609	1389
1280	3839	1536	1380	3616	1391
1536	3839	1536	1603	3619	1393
1792	3839	1536	1816	3611	1391
2048	3839	1536	2029	3603	1388
2303	3839	1536	2251	3599	1385
2559	3839	1536	2480	3591	1377
2815	3839	1536	2683	3579	1371
3071	3839	1536	2891	3568	1369
3327	3839	1536	3116	3575	1366
3583	3839	1536	3323	3577	1367
3839	3839	1536	3522	3583	1370
4095	3839	1536	3715	3587	1372
0	4095	1536	306	3778	1375
256	4095	1536	514	3794	1385
512	4095	1536	732	3800	1388
768	4095	1536	958	3806	1393
1024	4095	1536	1170	3814	1392
1280	4095	1536	1400	3823	1394
1536	4095	1536	1620	3818	1396
1792	4095	1536	1836	3817	1395
2048	4095	1536	2051	3817	1391
2303	4095	1536	2269	3809	1389
2559	4095	1536	2494	3792	1380
2815	4095	1536	2705	3784	1373
3071	4095	1536	2909	3776	1372
3327	4095	1536	3133	3788	1369
3583	4095	1536	3341	3790	1370
3839	4095	1536	3539	3798	1374
4095	4095	1536	3735	3806	1375
0	0	1792	81	9	1703
256	0	1792	300	9	1688
512	0	1792	518	10	1682
768	0	1792	742	10	1680
1024	0	1792	972	10	1674
1280	0	1792	1189	10	1669
1536	0	1792	1417	11	1665
1792	0	1792	1643	11	1658
2048	0	1792	1860	12	1654
2303	0	1792	2079	12	1648
2559	0	1792	2314	13	1638
2815	0	1792	2537	13	1629
3071	0	1792	2766	13	1624
3327	0	1792	2962	14	1613
3583	0	1792	3189	14	1612
3839	0	1792	3400	15	1613
4095	0	1792	3614	15	1618
0	256	1792	95	252	1685
256	256	1792	309	250	1674
512	256	1792	522	250	1680
768	256	1792	745	249	1672
1024	256	1792	968	249	1668
1280	256	1792	1179	249	1661
1536	256	1792	1410	249	1657
1792	256	1792	1629	248	1648
2048	256	1792	1835	247	1638
2303	256	1792	2043	246	1628
2559	256	1792	2262	243	1615
2815	256	1792	2474	241	1602
3071	256	1792	2680	239	1591
3327	256	1792	2878	238	1584
3583	256	1792	3080	237	1580
3839	256	1792	3281	237	1576
4095	256	1792	3477	237	1576
0	512	1792	110	496	1680
256	512	1792	327	492	1688
512	512	1792	548	498	1691
768	512	1792	773	497	1691
1024	512	1792	1000	493	1684
1280	512	1792	1210	494	1681
1536	512	1792	1444	492	1677
1792	512	1792	1663	490	1668
2048	512	1792	1870	486	1655
2303	512	1792	2080	484	1644
2559	512	1792	2299	479	1630
2815	512	1792	2514	475	1618
3071	512	1792	2729	472	1605
3327	512	1792	2917	468	1598
3583	512	1792	3127	469	1593
3839	512	1792	3323	468	1590
4095	512	1792	3517	467	1589
0	768	1792	125	742	1679
256	768	1792	341	741	1685
512	768	1792	565	749	1698
768	768	1792	797	754	1697
1024	768	1792	1023	751	1696
1280	768	1792	1236	751	1693
1536	768	1792	1472	747	1690
1792	768	1792	1691	745	1677
2048	768	1792	1895	740	1666
2303	768	1792	2107	737	1653
2559	768	1792	2326	731	1640
2815	768	1792	2542	725	1628
3071	768	1792	2756	720	1614
3327	768	1792	2948	713	1605
3583	768	1792	3153	711	1601
3839	768	1792	3349	711	1597
4095	768	1792	3540	709	1597
0	1024	1792	142	997	1695
256	1024	1792	356	997	1676
512	1024	1792	580	1006	1694
768	1024	1792	813	1013	1706
1024	1024	1792	1046	1017	1702
1280	1024	1792	1260	1015	1698
1536	1024	1792	1499	1011	1695
1792	1024	1792	1714	1005	1687
2048	1024	1792	1921	999	1675
2303	1024	1792	2135	994	1662
2559	1024	1792	2355	987	1649
2815	1024	1792	2572	979	1635
3071	1024	1792	2780	971	1623
3327	1024	1792	2974	964	1612
3583	1024	1792	3180	961	1607
3839	1024	1792	3374	959	1605
4095	1024	1792	3571	960	1604
0	1280	1792	158	1232	1692
256	1280	1792	370	1233	1674
512	1280	1792	595	1244	1691
768	1280	1792	828	1252	1701
1024	1280	1792	1061	1257	1709
1280	1280	1792	1286	1262	1706
1536	1280	1792	1524	1256	1704
1792	1280	1792	1739	1249	1696
2048	1280	1792	1946	1243	1683
2303	1280	1792	2161	1236	1672
2559	1280	1792	2381	1225	1658
2815	1280	1792	2596	1214	1640
3071	1280	1792	2799	1205	1627
3327	1280	1792	2996	1199	1620
3583	1280	1792	3206	1195	1614
3839	1280	1792	3400	1193	1612
4095	1280	1792	3594	1193	1612
0	1536	1792	174	1488	1691
256	1536	1792	388	1494	1671
512	1536	1792	611	1504	1689
768	1536	1792	845	1511	1698
1024	1536	1792	1076	1518	1706
1280	1536	1792	1302	1524	1713
1536	1536	1792	1547	1528	1710
1792	1536	1792	1762	1520	1704
2048	1536	1792	1968	1512	1691
2303	1536	1792	2183	1505	1678
2559	1536	1792	2402	1493	1666
2815	1536	1792	2617	1482	1650
3071	1536	1792	2823	1473	1638
3327	1536	1792	3026	1463	1626
3583	1536	1792	3226	1457	1619
3839	1536	1792	3423	1456	1614
4095	1536	1792	3620	1455	1617
0	1792	1792	189	1729	1687
256	1792	1792	403	1735	1670
512	1792	1792	627	1745	1685
768	1792	1792	858	1753	1694
1024	1792	1792	1086	1758	1701
1280	1792	1792	1315	1766	1708
1536	1792	1792	1558	1771	1710
1792	1792	1792	1779	1771	1703
2048	1792	1792	1990	1763	1698
2303	1792	1792	2203	1752	1684
2559	1792	1792	2423	1743	1671
2815	1792	1792	2637	1732	1656
3071	1792	1792	2843	1721	1641
3327	1792	1792	3047	1713	1632
3583	1792	1792	3251	1709	1625
3839	1792	1792	3452	1707	1621
4095	1792	1792	3639	1706	1619
0	2048	1792	204	1956	1683
256	2048	1792	417	1964	1662
512	2048	1792	641	1977	1679
768	2048	1792	870	1983	1685
1024	2048	1792	1097	1991	1692
1280	2048	1792	1325	1996	1698
1536	2048	1792	1565	1998	1700
1792	2048	1792	1790	1998	1701
2048	2048	1792	2003	2001	1700
2303	2048	1792	2218	1988	1690
2559	2048	1792	2436	1974	1674
2815	2048	1792	2647	1964	1659
3071	2048	1792	2852	1953	1643
3327	2048	1792	3058	1943	1632
3583	2048	1792	3263	1942	1625
3839	2048	1792	3461	1941	1622
4095	2048	1792	3652	1937	1621
0	2303	1792	216	2207	1681
256	2303	1792	428	2222	1654
512	2303	1792	650	2237	1669
768	2303	1792	878	2246	1676
1024	2303	1792	1102	2253	1683
1280	2303	1792	1330	2257	1687
1536	2303	1792	1566	2261	1689
1792	2303	1792	1789	2260	1691
2048	2303	1792	2004	2259	1689
2303	2303	1792	2226	2252	1685
2559	2303	1792	2449	2237	1673
2815	2303	1792	2659	2222	1657
3071	2303	1792	2862	2213	1641
3327	2303	1792	3065	2205	1630
3583	2303	1792	3271	2199	1624
3839	2303	1792	3473	2193	1622
4095	2303	1792	3663	2194	1623
0	2559	1792	230	2434	1673
256	2559	1792	440	2456	1644
512	2559	1792	662	2469	1657
768	2559	1792	888	2475	1665
1024	2559	1792	1111	2482	1671
1280	2559	1792	1340	2488	1676
1536	2559	1792	1575	2494	1678
1792	2559	1792	1797	2495	1680
2048	2559	1792	2006	2488	1678
2303	2559	1792	2230	2487	1676
2559	2559	1792	2459	2477	1663
2815	2559	1792	2669	2463	1652
3071	2559	1792	2871	2456	1636
3327	2559	1792	3079	2449	1628
3583	2559	1792	3288	2445	1622
3839	2559	1792	3486	2442	1621
4095	2559	1792	3672	2441	1622
0	2815	1792	242	2671	1628
256	2815	1792	453	2693	1634
512	2815	1792	674	2703	1647
768	2815	1792	900	2709	1653
1024	2815	1792	1117	2714	1659
1280	2815	1792	1345	2721	1663
1536	2815	1792	1580	2729	1667
1792	2815	1792	1802	2730	1670
2048	2815	1792	2010	2726	1666
2303	2815	1792	2233	2719	1659
2559	2815	1792	2465	2706	1656
2815	2815	1792	2675	2694	1645
3071	2815	1792	2879	2686	1634
3327	2815	1792	3090	2679	1622
3583	2815	1792	3299	2677	1621
3839	2815	1792	3495	2676	1618
4095	2815	1792	3680	2673	1619
0	3071	1792	256	2906	1620
256	3071	1792	464	2925	1634
512	3071	1792	684	2936	1637
768	3071	1792	911	2942	1644
1024	3071	1792	1125	2952	1648
1280	3071	1792	1355	2960	1653
1536	3071	1792	1588	2969	1655
1792	3071	1792	1808	2970	1658
2048	3071	1792	2019	2968	1653
2303	3071	1792	2237	2967	1649
2559	3071	1792	2469	2955	1644
2815	3071	1792	2678	2944	1637
3071	3071	1792	2887	2935	1630
3327	3071	1792	3101	2932	1620
3583	3071	1792	3309	2931	1618
3839	3071	1792	3503	2932	1617
4095	3071	1792	3691	2931	1617
0	3327	1792	271	3145	1616
256	3327	1792	481	3171	1628
512	3327	1792	699	3179	1630
768	3327	1792	926	3185	1637
1024	3327	1792	1141	3193	1643
1280	3327	1792	1372	3204	1647
1536	3327	1792	1601	3209	1651
1792	3327	1792	1820	3210	1651
2048	3327	1792	2033	3205	1646
2303	3327	1792	2251	3195	1641
2559	3327	1792	2485	3185	1633
2815	3327	1792	2696	3173	1629
3071	3327	1792	2906	3168	1623
3327	3327	1792	3117	3168	1619
3583	3327	1792	3323	3167	1618
3839	3327	1792	3519	3169	1618
4095	3327	1792	3712	3173	1619
0	3583	1792	287	3366	1617
256	3583	1792	496	3387	1629
512	3583	1792	715	3399	1634
768	3583	1792	944	3403	1636
1024	3583	1792	1158	3410	1641
1280	3583	1792	1386	3417	1645
1536	3583	1792	1615	3422	1650
1792	3583	1792	1832	3423	1648
2048	3583	1792	2045	3418	1643
2303	3583	1792	2267	3409	1637
2559	3583	1792	2496	3399	1631
2815	3583	1792	2712	3395	1624
3071	3583	1792	2919	3386	1622
3327	3583	1792	3135	3386	1620
3583	3583	1792	3346	3390	1621
3839	3583	1792	3542	3392	1621
4095	3583	1792	3733	3391	1621
0	3839	1792	302	3597	1620
256	3839	1792	513	3617	1632
512	3839	1792	731	3625	1636
768	3839	1792	961	3632	1638
1024	3839	1792	1174	3636	1643
1280	3839	1792	1405	3643	1646
1536	3839	1792	1631	3647	1648
1792	3839	1792	1845	3644	1647
2048	3839	1792	2061	3636	1642
2303	3839	1792	2286	3630	1639
2559	3839	1792	2512	3619	1629
2815	3839	1792	2723	3609	1625
3071	3839	1792	2932	3605	1625
3327	3839	1792	3152	3603	1621
3583	3839	1792	3364	3608	1624
3839	3839	1792	3561	3612	1627
4095	3839	1792	3753	3617	1627
0	4095	1792	320	3807	1624
256	4095	1792	532	3826	1637
512	4095	1792	752	3827	1640
768	4095	1792	980	3837	1644
1024	4095	1792	1193	3842	1644
1280	4095	1792	1426	3849	1647
1536	4095	1792	1649	3850	1650
1792	4095	1792	1865	3848	1649
2048	4095	1792	2081	3848	1645
2303	4095	1792	2303	3841	1642
2559	4095	1792	2530	3825	1634
2815	4095	1792	2745	3818	1626
3071	4095	1792	2951	3810	1625
3327	4095	1792	3172	3818	1626
3583	4095	1792	3380	3821	1625
3839	4095	1792	3578	3832	1630
4095	4095	1792	3777	3839	1631
0	0	2048	93	10	1948
256	0	2048	314	11	1927
512	0	2048	534	11	1917
768	0	2048	760	12	1911
1024	0	2048	991	11	1909
1280	0	2048	1209	12	1904
1536	0	2048	1440	12	1901
1792	0	2048	1669	13	1898
2048	0	2048	1889	13	1896
2303	0	2048	2113	14	1891
2559	0	2048	2346	14	1880
2815	0	2048	2574	15	1867
3071	0	2048	2800	14	1855
3327	0	2048	2998	15	1847
3583	0	2048	3232	15	1850
3839	0	2048	3443	16	1851
4095	0	2048	3659	16	1855
0	256	2048	106	255	1925
256	256	2048	322	253	1909
512	256	2048	536	253	1915
768	256	2048	760	252	1908
1024	256	2048	983	252	1904
1280	256	2048	1196	253	1898
1536	256	2048	1429	251	1892
1792	256	2048	1651	252	1890
2048	256	2048	1862	251	1884
2303	256	2048	2073	250	1873
2559	256	2048	2292	248	1859
2815	256	2048	2508	247	1842
3071	256	2048	2716	244	1829
3327	256	2048	2911	242	1821
3583	256	2048	3121	242	1817
3839	256	2048	3325	242	1817
4095	256	2048	3525	242	1815
0	512	2048	122	500	1916
256	512	2048	340	496	1922
512	512	2048	563	502	1928
768	512	2048	789	500	1928
1024	512	2048	1015	496	1921
1280	512	2048	1225	497	1916
1536	512	2048	1462	495	1911
1792	512	2048	1687	494	1909
2048	512	2048	1897	492	1901
2303	512	2048	2110	491	1889
2559	512	2048	2330	487	1872
2815	512	2048	2545	482	1859
3071	512	2048	2755	478	1844
3327	512	2048	2949	475	1835
3583	512	2048	3163	476	1831
3839	512	2048	3363	475	1828
4095	512	2048	3560	476	1828
0	768	2048	138	747	1912
256	768	2048	354	745	1918
512	768	2048	579	753	1933
768	768	2048	811	757	1934
1024	768	2048	1036	755	1932
1280	768	2048	1251	754	1928
1536	768	2048	1489	751	1926
1792	768	2048	1716	751	1922
2048	768	2048	1924	748	1912
2303	768	2048	2135	745	1898
2559	768	2048	2355	739	1882
2815	768	2048	2573	733	1867
3071	768	2048	2782	728	1853
3327	768	2048	2977	722	1842
3583	768	2048	3188	721	1841
3839	768	2048	3390	719	1837
4095	768	2048	3586	721	1836
0	1024	2048	154	1003	1935
256	1024	2048	369	1002	1909
512	1024	2048	593	1010	1930
768	1024	2048	826	1017	1941
1024	1024	2048	1058	1020	1940
1280	1024	2048	1277	1020	1939
1536	1024	2048	1513	1015	1936
1792	1024	2048	1739	1013	1932
2048	1024	2048	1948	1011	1923
2303	1024	2048	2162	1006	1908
2559	1024	2048	2384	998	1892
2815	1024	2048	2600	989	1875
3071	1024	2048	2806	982	1861
3327	1024	2048	3005	974	1851
3583	1024	2048	3216	975	1847
3839	1024	2048	3415	972	1845
4095	1024	2048	3613	973	1844
0	1280	2048	169	1239	1931
256	1280	2048	383	1239	1908
512	1280	2048	608	1250	1926
768	1280	2048	843	1257	1936
1024	1280	2048	1075	1264	1944
1280	1280	2048	1302	1268	1943
1536	1280	2048	1538	1262	1938
1792	1280	2048	1761	1257	1935
2048	1280	2048	1973	1257	1928
2303	1280	2048	2193	1249	1915
2559	1280	2048	2411	1238	1898
2815	1280	2048	2624	1226	1882
3071	1280	2048	2830	1218	1866
3327	1280	2048	3033	1213	1859
3583	1280	2048	3246	1211	1853
3839	1280	2048	3440	1206	1852
4095	1280	2048	3637	1208	1850
0	1536	2048	186	1496	1930
256	1536	2048	401	1502	1905
512	1536	2048	626	1512	1925
768	1536	2048	859	1517	1934
1024	1536	2048	1088	1524	1941
1280	1536	2048	1317	1530	1949
1536	1536	2048	1564	1536	1947
1792	1536	2048	1784	1532	1946
2048	1536	2048	1994	1525	1936
2303	1536	2048	2213	1518	1926
2559	1536	2048	2435	1507	1910
2815	1536	2048	2649	1496	1890
3071	1536	2048	2854	1485	1877
3327	1536	2048	3057	1475	1862
3583	1536	2048	3266	1473	1858
3839	1536	2048	3468	1473	1855
4095	1536	2048	3656	1471	1857
0	1792	2048	201	1741	1928
256	1792	2048	418	1748	1907
512	1792	2048	646	1759	1923
768	1792	2048	877	1764	1933
1024	1792	2048	1105	1770	1939
1280	1792	2048	1334	1775	1946
1536	1792	2048	1577	1783	1950
1792	1792	2048	1807	1788	1950
2048	1792	2048	2018	1781	1946
2303	1792	2048	2235	1771	1932
2559	1792	2048	2455	1758	1916
2815	1792	2048	2668	1746	1897
3071	1792	2048	2874	1736	1881
3327	1792	2048	3081	1729	1871
3583	1792	2048	3290	1726	1866
3839	1792	2048	3492	1724	1861
4095	1792	2048	3685	1724	1859
0	2048	2048	216	1972	1925
256	2048	2048	432	1982	1905
512	2048	2048	658	1992	1922
768	2048	2048	889	1999	1929
1024	2048	2048	1117	2008	1936
1280	2048	2048	1348	2013	1941
1536	2048	2048	1590	2015	1945
1792	2048	2048	1819	2020	1950
2048	2048	2048	2035	2023	1945
2303	2048	2048	2253	2010	1939
2559	2048	2048	2473	1995	1922
2815	2048	2048	2682	1984	1902
3071	2048	2048	2890	1974	1886
3327	2048	2048	3101	1966	1874
3583	2048	2048	3310	1966	1869
3839	2048	2048	3509	1967	1865
4095	2048	2048	3701	1962	1864
0	2303	2048	229	2228	1919
256	2303	2048	444	2248	1898
512	2303	2048	669	2259	1912
768	2303	2048	899	2266	1919
1024	2303	2048	1124	2272	1927
1280	2303	2048	1355	2275	1932
1536	2303	2048	1594	2280	1936
1792	2303	2048	1820	2282	1941
2048	2303	2048	2037	2283	1940
2303	2303	2048	2261	2277	1934
2559	2303	2048	2486	2260	1921
2815	2303	2048	2696	2246	1903
3071	2303	2048	2900	2237	1885
3327	2303	2048	3108	2232	1874
3583	2303	2048	3318	2225	1867
3839	2303	2048	3522	2222	1866
4095	2303	2048	3716	2222	1866
0	2559	2048	242	2462	1879
256	2559	2048	455	2480	1886
512	2559	2048	680	2490	1901
768	2559	2048	910	2498	1908
1024	2559	2048	1133	2507	1915
1280	2559	2048	1365	2514	1919
1536	2559	2048	1602	2517	1925
1792	2559	2048	1824	2516	1927
2048	2559	2048	2039	2514	1927
2303	2559	2048	2264	2512	1916
2559	2559	2048	2496	2503	1909
2815	2559	2048	2705	2490	1896
3071	2559	2048	2912	2483	1880
3327	2559	2048	3122	2478	1870
3583	2559	2048	3331	2472	1864
3839	2559	2048	3529	2468	1864
4095	2559	2048	3718	2467	1865
0	2815	2048	257	2698	1868
256	2815	2048	469	2714	1877
512	2815	2048	693	2726	1888
768	2815	2048	921	2735	1895
1024	2815	2048	1141	2740	1903
1280	2815	2048	1373	2748	1908
1536	2815	2048	1608	2753	1911
1792	2815	2048	1829	2754	1912
2048	2815	2048	2045	2754	1912
2303	2815	2048	2269	2745	1904
2559	2815	2048	2502	2732	1900
2815	2815	2048	2715	2722	1887
3071	2815	2048	2922	2716	1876
3327	2815	2048	3135	2710	1865
3583	2815	2048	3344	2706	1863
3839	2815	2048	3541	2704	1859
4095	2815	2048	3730	2701	1861
0	3071	2048	270	2936	1858
256	3071	2048	482	2959	1878
512	3071	2048	703	2968	1880
768	3071	2048	933	2976	1885
1024	3071	2048	1153	2986	1889
1280	3071	2048	1382	2990	1896
1536	3071	2048	1615	2994	1898
1792	3071	2048	1838	2999	1901
2048	3071	2048	2052	2995	1899
2303	3071	2048	2273	2994	1891
2559	3071	2048	2506	2982	1880
2815	3071	2048	2718	2974	1877
3071	3071	2048	2928	2968	1870
3327	3071	2048	3144	2964	1862
3583	3071	2048	3355	2964	1860
3839	3071	2048	3549	2966	1861
4095	3071	2048	3735	2962	1859
0	3327	2048	286	3181	1855
256	3327	2048	498	3203	1874
512	3327	2048	719	3210	1877
768	3327	2048	948	3218	1879
1024	3327	2048	1167	3225	1882
1280	3327	2048	1398	3229	1887
1536	3327	2048	1628	3234	1892
1792	3327	2048	1850	3238	1894
2048	3327	2048	2066	3234	1889
2303	3327	2048	2285	3227	1882
2559	3327	2048	2518	3214	1872
2815	3327	2048	2737	3209	1869
3071	3327	2048	2949	3202	1864
3327	3327	2048	3165	3204	1862
3583	3327	2048	3368	3204	1860
3839	3327	2048	3560	3202	1861
4095	3327	2048	3755	3202	1861
0	3583	2048	301	3396	1858
256	3583	2048	514	3414	1872
512	3583	2048	736	3422	1875
768	3583	2048	965	3429	1877
1024	3583	2048	1180	3434	1880
1280	3583	2048	1415	3446	1884
1536	3583	2048	1642	3449	1888
1792	3583	2048	1860	3452	1890
2048	3583	2048	2078	3450	1885
2303	3583	2048	2302	3440	1877
2559	3583	2048	2532	3430	1869
2815	3583	2048	2751	3425	1865
3071	3583	2048	2964	3420	1864
3327	3583	2048	3178	3422	1863
3583	3583	2048	3385	3420	1864
3839	3583	2048	3581	3419	1863
4095	3583	2048	3772	3421	1862
0	3839	2048	317	3630	1860
256	3839	2048	530	3648	1871
512	3839	2048	752	3654	1875
768	3839	2048	982	3658	1880
1024	3839	2048	1197	3664	1882
1280	3839	2048	1432	3672	1882
1536	3839	2048	1656	3673	1887
1792	3839	2048	1875	3672	1886
2048	3839	2048	2094	3671	1883
2303	3839	2048	2320	3663	1879
2559	3839	2048	2548	3651	1870
2815	3839	2048	2764	3642	1865
3071	3839	2048	2973	3642	1865
3327	3839	2048	3192	3634	1864
3583	3839	2048	3404	3641	1866
3839	3839	2048	3598	3640	1866
4095	3839	2048	3792	3647	1865
0	4095	2048	335	3838	1863
256	4095	2048	549	3854	1875
512	4095	2048	771	3858	1876
768	4095	2048	1001	3866	1882
1024	4095	2048	1215	3872	1883
1280	4095	2048	1451	3876	1886
1536	4095	2048	1675	3884	1887
1792	4095	2048	1892	3882	1887
2048	4095	2048	2112	3881	1885
2303	4095	2048	2338	3875	1880
2559	4095	2048	2566	3864	1876
2815	4095	2048	2785	3855	1869
3071	4095	2048	2995	3849	1868
3327	4095	2048	3219	3854	1868
3583	4095	2048	3418	3857	1867
3839	4095	2048	3617	3866	1869
4095	4095	2048	3816	3870	1871
0	0	2303	105	11	2189
256	0	2303	329	12	2160
512	0	2303	551	12	2151
768	0	2303	779	13	2141
1024	0	2303	1010	12	2137
1280	0	2303	1227	13	2133
1536	0	2303	1463	13	2131
1792	0	2303	1694	14	2131
2048	0	2303	1917	14	2129
2303	0	2303	2141	15	2124
2559	0	2303	2372	15	2116
2815	0	2303	2602	16	2103
3071	0	2303	2824	16	2090
3327	0	2303	3032	16	2081
3583	0	2303	3269	17	2083
3839	0	2303	3482	17	2086
4095	0	2303	3696	18	2090
0	256	2303	118	257	2163
256	256	2303	333	255	2145
512	256	2303	549	255	2148
768	256	2303	773	255	2140
1024	256	2303	997	254	2133
1280	256	2303	1209	254	2129
1536	256	2303	1447	254	2125
1792	256	2303	1670	254	2124
2048	256	2303	1882	255	2121
2303	256	2303	2099	254	2114
2559	256	2303	2322	254	2101
2815	256	2303	2540	250	2084
3071	256	2303	2745	249	2071
3327	256	2303	2946	247	2060
3583	256	2303	3159	247	2058
3839	256	2303	3366	246	2056
4095	256	2303	3567	247	2057
0	512	2303	135	503	2153
256	512	2303	353	500	2152
512	512	2303	576	505	2159
768	512	2303	803	502	2159
1024	512	2303	1029	500	2152
1280	512	2303	1242	500	2147
1536	512	2303	1482	499	2145
1792	512	2303	1708	497	2144
2048	512	2303	1922	498	2138
2303	512	2303	2139	496	2129
2559	512	2303	2360	493	2115
2815	512	2303	2575	488	2100
3071	512	2303	2783	486	2084
3327	512	2303	2987	483	2075
3583	512	2303	3195	482	2071
3839	512	2303	3401	481	2068
4095	512	2303	3602	483	2068
0	768	2303	150	753	2145
256	768	2303	367	749	2148
512	768	2303	592	757	2162
768	768	2303	824	759	2166
1024	768	2303	1051	759	2167
1280	768	2303	1268	758	2161
1536	768	2303	1510	755	2158
1792	768	2303	1734	755	2156
2048	768	2303	1946	756	2150
2303	768	2303	2161	752	2140
2559	768	2303	2384	747	2125
2815	768	2303	2602	740	2107
3071	768	2303	2809	735	2091
3327	768	2303	3014	732	2082
3583	768	2303	3227	730	2079
3839	768	2303	3425	728	2077
4095	768	2303	3624	728	2076
0	1024	2303	166	1010	2142
256	1024	2303	382	1007	2149
512	1024	2303	607	1016	2159
768	1024	2303	842	1021	2170
1024	1024	2303	1074	1026	2172
1280	1024	2303	1294	1024	2173
1536	1024	2303	1534	1020	2169
1792	1024	2303	1760	1021	2167
2048	1024	2303	1971	1019	2161
2303	1024	2303	2190	1013	2151
2559	1024	2303	2413	1006	2133
2815	1024	2303	2628	998	2115
3071	1024	2303	2834	991	2100
3327	1024	2303	3043	986	2090
3583	1024	2303	3256	987	2087
3839	1024	2303	3459	984	2085
4095	1024	2303	3650	984	2083
0	1280	2303	181	1244	2163
256	1280	2303	397	1245	2138
512	1280	2303	623	1256	2157
768	1280	2303	858	1262	2168
1024	1280	2303	1091	1269	2179
1280	1280	2303	1319	1272	2178
1536	1280	2303	1556	1267	2174
1792	1280	2303	1782	1264	2172
2048	1280	2303	1996	1266	2170
2303	1280	2303	2217	1257	2159
2559	1280	2303	2437	1248	2141
2815	1280	2303	2650	1237	2123
3071	1280	2303	2860	1229	2106
3327	1280	2303	3070	1224	2099
3583	1280	2303	3281	1223	2094
3839	1280	2303	3480	1220	2090
4095	1280	2303	3675	1220	2088
0	1536	2303	197	1501	2161
256	1536	2303	414	1508	2138
512	1536	2303	642	1518	2155
768	1536	2303	875	1524	2166
1024	1536	2303	1104	1531	2174
1280	1536	2303	1334	1537	2182
1536	1536	2303	1580	1541	2181
1792	1536	2303	1801	1535	2179
2048	1536	2303	2017	1534	2176
2303	1536	2303	2239	1528	2166
2559	1536	2303	2461	1517	2150
2815	1536	2303	2675	1506	2126
3071	1536	2303	2881	1496	2111
3327	1536	2303	3088	1490	2106
3583	1536	2303	3301	1488	2101
3839	1536	2303	3504	1486	2097
4095	1536	2303	3693	1486	2098
0	1792	2303	213	1750	2158
256	1792	2303	432	1757	2141
512	1792	2303	661	1767	2156
768	1792	2303	894	1775	2166
1024	1792	2303	1123	1781	2173
1280	1792	2303	1353	1783	2181
1536	1792	2303	1595	1789	2184
1792	1792	2303	1823	1796	2185
2048	1792	2303	2037	1790	2182
2303	1792	2303	2260	1781	2173
2559	1792	2303	2481	1767	2156
2815	1792	2303	2693	1758	2136
3071	1792	2303	2904	1750	2121
3327	1792	2303	3118	1746	2110
3583	1792	2303	3327	1742	2106
3839	1792	2303	3526	1739	2100
4095	1792	2303	3723	1741	2099
0	2048	2303	229	1981	2158
256	2048	2303	446	1998	2140
512	2048	2303	675	2008	2156
768	2048	2303	908	2014	2164
1024	2048	2303	1136	2021	2173
1280	2048	2303	1369	2025	2179
1536	2048	2303	1610	2027	2184
1792	2048	2303	1838	2033	2187
2048	2048	2303	2056	2032	2185
2303	2048	2303	2281	2028	2180
2559	2048	2303	2504	2011	2164
2815	2048	2303	2716	2001	2142
3071	2048	2303	2925	1991	2127
3327	2048	2303	3137	1985	2116
3583	2048	2303	3348	1984	2111
3839	2048	2303	3550	1986	2107
4095	2048	2303	3743	1985	2107
0	2303	2303	243	2251	2128
256	2303	2303	461	2269	2139
512	2303	2303	688	2275	2153
768	2303	2303	921	2282	2160
1024	2303	2303	1146	2286	2167
1280	2303	2303	1380	2292	2173
1536	2303	2303	1620	2297	2179
1792	2303	2303	1847	2299	2183
2048	2303	2303	2064	2302	2183
2303	2303	2303	2293	2296	2173
2559	2303	2303	2518	2278	2164
2815	2303	2303	2732	2268	2146
3071	2303	2303	2941	2259	2129
3327	2303	2303	3152	2253	2119
3583	2303	2303	3362	2248	2112
3839	2303	2303	3564	2246	2109
4095	2303	2303	3759	2244	2108
0	2559	2303	257	2484	2121
256	2559	2303	472	2500	2130
512	2559	2303	699	2510	2145
768	2559	2303	933	2519	2152
1024	2559	2303	1155	2526	2158
1280	2559	2303	1388	2532	2162
1536	2559	2303	1624	2532	2165
1792	2559	2303	1847	2532	2167
2048	2559	2303	2068	2534	2170
2303	2559	2303	2293	2531	2161
2559	2559	2303	2528	2522	2155
2815	2559	2303	2741	2514	2140
3071	2559	2303	2954	2506	2125
3327	2559	2303	3163	2502	2115
3583	2559	2303	3371	2498	2110
3839	2559	2303	3570	2493	2107
4095	2559	2303	3760	2490	2105
0	2815	2303	270	2717	2109
256	2815	2303	484	2735	2128
512	2815	2303	711	2745	2131
768	2815	2303	941	2755	2137
1024	2815	2303	1163	2760	2144
1280	2815	2303	1397	2767	2149
1536	2815	2303	1630	2769	2152
1792	2815	2303	1851	2770	2151
2048	2815	2303	2073	2773	2154
2303	2815	2303	2297	2766	2146
2559	2815	2303	2532	2756	2136
2815	2815	2303	2750	2746	2130
3071	2815	2303	2963	2739	2119
3327	2815	2303	3175	2736	2111
3583	2815	2303	3381	2730	2107
3839	2815	2303	3576	2725	2103
4095	2815	2303	3767	2724	2102
0	3071	2303	284	2961	2098
256	3071	2303	499	2983	2118
512	3071	2303	720	2988	2119
768	3071	2303	954	2999	2125
1024	3071	2303	1175	3007	2128
1280	3071	2303	1405	3011	2135
1536	3071	2303	1637	3014	2139
1792	3071	2303	1861	3016	2139
2048	3071	2303	2080	3015	2140
2303	3071	2303	2306	3014	2133
2559	3071	2303	2541	3008	2124
2815	3071	2303	2756	3000	2121
3071	3071	2303	2970	2998	2112
3327	3071	2303	3184	2990	2107
3583	3071	2303	3392	2988	2103
3839	3071	2303	3587	2988	2100
4095	3071	2303	3776	2986	2097
0	3327	2303	300	3206	2095
256	3327	2303	515	3230	2113
512	3327	2303	740	3236	2117
768	3327	2303	970	3243	2118
1024	3327	2303	1189	3248	2122
1280	3327	2303	1421	3250	2126
1536	3327	2303	1652	3255	2131
1792	3327	2303	1874	3255	2132
2048	3327	2303	2094	3254	2132
2303	3327	2303	2319	3251	2125
2559	3327	2303	2552	3248	2117
2815	3327	2303	2773	3240	2112
3071	3327	2303	2987	3232	2109
3327	3327	2303	3208	3235	2107
3583	3327	2303	3409	3233	2102
3839	3327	2303	3599	3230	2099
4095	3327	2303	3793	3229	2098
0	3583	2303	316	3423	2098
256	3583	2303	531	3439	2113
512	3583	2303	754	3446	2116
768	3583	2303	987	3453	2119
1024	3583	2303	1202	3458	2121
1280	3583	2303	1439	3466	2123
1536	3583	2303	1665	3468	2126
1792	3583	2303	1885	3473	2129
2048	3583	2303	2107	3476	2128
2303	3583	2303	2334	3471	2122
2559	3583	2303	2565	3462	2115
2815	3583	2303	2784	3449	2109
3071	3583	2303	3000	3447	2107
3327	3583	2303	3219	3451	2106
3583	3583	2303	3419	3448	2104
3839	3583	2303	3614	3444	2100
4095	3583	2303	3809	3446	2099
0	3839	2303	332	3657	2100
256	3839	2303	548	3672	2112
512	3839	2303	771	3674	2114
768	3839	2303	1001	3681	2118
1024	3839	2303	1219	3687	2120
1280	3839	2303	1455	3694	2123
1536	3839	2303	1680	3695	2125
1792	3839	2303	1901	3700	2127
2048	3839	2303	2125	3701	2126
2303	3839	2303	2353	3692	2122
2559	3839	2303	2582	3681	2115
2815	3839	2303	2801	3671	2108
3071	3839	2303	3015	3671	2104
3327	3839	2303	3233	3668	2104
3583	3839	2303	3437	3666	2104
3839	3839	2303	3633	3669	2102
4095	3839	2303	3827	3671	2101
0	4095	2303	350	3866	2104
256	4095	2303	566	3879	2114
512	4095	2303	791	3884	2116
768	4095	2303	1020	3889	2120
1024	4095	2303	1237	3895	2124
1280	4095	2303	1474	3903	2125
1536	4095	2303	1697	3907	2127
1792	4095	2303	1917	3909	2129
2048	4095	2303	2142	3908	2128
2303	4095	2303	2371	3903	2123
2559	4095	2303	2599	3895	2118
2815	4095	2303	2820	3886	2111
3071	4095	2303	3032	3879	2107
3327	4095	2303	3254	3881	2106
3583	4095	2303	3453	3885	2105
3839	4095	2303	3651	3889	2106
4095	4095	2303	3847	3894	2106
0	0	2559	119	13	2437
256	0	2559	343	13	2404
512	0	2559	566	14	2395
768	0	2559	796	14	2383
1024	0	2559	1031	14	2375
1280	0	2559	1246	14	2374
1536	0	2559	1485	15	2373
1792	0	2559	1717	15	2371
2048	0	2559	1940	16	2368
2303	0	2559	2165	16	2365
2559	0	2559	2400	17	2357
2815	0	2559	2630	17	2344
3071	0	2559	2854	18	2332
3327	0	2559	3062	17	2323
3583	0	2559	3302	18	2325
3839	0	2559	3513	18	2325
4095	0	2559	3733	19	2331
0	256	2559	131	260	2410
256	256	2559	346	257	2392
512	256	2559	562	258	2396
768	256	2559	788	257	2385
1024	256	2559	1013	257	2378
1280	256	2559	1223	256	2373
1536	256	2559	1465	256	2371
1792	256	2559	1687	257	2368
2048	256	2559	1902	257	2364
2303	256	2559	2124	257	2358
2559	256	2559	2347	256	2347
2815	256	2559	2563	253	2333
3071	256	2559	2772	252	2318
3327	256	2559	2981	251	2305
3583	256	2559	3193	251	2307
3839	256	2559	3398	250	2305
4095	256	2559	3599	251	2308
0	512	2559	146	506	2399
256	512	2559	365	502	2396
512	512	2559	589	506	2404
768	512	2559	817	504	2404
1024	512	2559	1043	504	2396
1280	512	2559	1259	503	2390
1536	512	2559	1500	501	2389
1792	512	2559	1724	500	2386
2048	512	2559	1936	501	2380
2303	512	2559	2158	500	2374
2559	512	2559	2384	498	2364
2815	512	2559	2602	494	2349
3071	512	2559	2812	491	2331
3327	512	2559	3021	489	2322
3583	512	2559	3239	489	2322
3839	512	2559	3439	489	2318
4095	512	2559	3644	489	2318
0	768	2559	162	757	2389
256	768	2559	380	754	2391
512	768	2559	607	760	2406
768	768	2559	839	763	2411
1024	768	2559	1066	763	2413
1280	768	2559	1285	761	2407
1536	768	2559	1527	759	2401
1792	768	2559	1750	758	2398
2048	768	2559	1960	759	2392
2303	768	2559	2183	756	2387
2559	768	2559	2410	752	2375
2815	768	2559	2629	747	2358
3071	768	2559	2839	742	2342
3327	768	2559	3049	739	2334
3583	768	2559	3265	738	2329
3839	768	2559	3462	738	2324
4095	768	2559	3658	736	2322
0	1024	2559	178	1013	2384
256	1024	2559	396	1014	2389
512	1024	2559	622	1022	2402
768	1024	2559	858	1027	2414
1024	1024	2559	1090	1031	2417
1280	1024	2559	1311	1027	2417
1536	1024	2559	1551	1023	2414
1792	1024	2559	1775	1025	2411
2048	1024	2559	1985	1020	2403
2303	1024	2559	2210	1019	2397
2559	1024	2559	2438	1012	2382
2815	1024	2559	2657	1006	2366
3071	1024	2559	2868	1000	2351
3327	1024	2559	3076	996	2341
3583	1024	2559	3286	993	2335
3839	1024	2559	3489	993	2332
4095	1024	2559	3681	993	2331
0	1280	2559	192	1246	2407
256	1280	2559	410	1252	2383
512	1280	2559	638	1261	2401
768	1280	2559	873	1268	2414
1024	1280	2559	1105	1272	2422
1280	1280	2559	1334	1276	2422
1536	1280	2559	1572	1271	2422
1792	1280	2559	1799	1270	2417
2048	1280	2559	2010	1267	2414
2303	1280	2559	2232	1262	2404
2559	1280	2559	2459	1253	2389
2815	1280	2559	2677	1246	2372
3071	1280	2559	2889	1239	2357
3327	1280	2559	3100	1235	2348
3583	1280	2559	3310	1232	2345
3839	1280	2559	3510	1231	2340
4095	1280	2559	3707	1230	2339
0	1536	2559	209	1507	2404
256	1536	2559	427	1515	2385
512	1536	2559	656	1523	2400
768	1536	2559	890	1530	2410
1024	1536	2559	1120	1536	2419
1280	1536	2559	1351	1543	2426
1536	1536	2559	1594	1545	2425
1792	1536	2559	1817	1539	2422
2048	1536	2559	2032	1539	2420
2303	1536	2559	2260	1536	2409
2559	1536	2559	2484	1525	2391
2815	1536	2559	2702	1515	2380
3071	1536	2559	2911	1507	2364
3327	1536	2559	3121	1503	2355
3583	1536	2559	3332	1500	2350
3839	1536	2559	3537	1498	2347
4095	1536	2559	3728	1498	2346
0	1792	2559	224	1755	2400
256	1792	2559	443	1763	2386
512	1792	2559	672	1772	2401
768	1792	2559	907	1781	2410
1024	1792	2559	1136	1788	2419
1280	1792	2559	1370	1792	2427
1536	1792	2559	1611	1795	2428
1792	1792	2559	1833	1799	2426
2048	1792	2559	2052	1794	2422
2303	1792	2559	2279	1786	2416
2559	1792	2559	2506	1779	2403
2815	1792	2559	2721	1772	2388
3071	1792	2559	2933	1764	2371
3327	1792	2559	3148	1759	2358
3583	1792	2559	3358	1755	2355
3839	1792	2559	3559	1753	2351
4095	1792	2559	3749	1750	2351
0	2048	2559	242	1983	2373
256	2048	2559	459	2005	2385
512	2048	2559	689	2015	2401
768	2048	2559	924	2021	2410
1024	2048	2559	1151	2027	2418
1280	2048	2559	1385	2032	2425
1536	2048	2559	1625	2034	2428
1792	2048	2559	1852	2036	2428
2048	2048	2559	2072	2036	2428
2303	2048	2559	2299	2035	2424
2559	2048	2559	2529	2023	2410
2815	2048	2559	2745	2014	2392
3071	2048	2559	2957	2004	2379
3327	2048	2559	3168	1998	2365
3583	2048	2559	3378	1998	2361
3839	2048	2559	3582	2000	2358
4095	2048	2559	3775	2002	2356
0	2303	2559	257	2263	2376
256	2303	2559	475	2278	2387
512	2303	2559	705	2287	2400
768	2303	2559	938	2294	2409
1024	2303	2559	1164	2299	2416
1280	2303	2559	1399	2305	2421
1536	2303	2559	1639	2306	2424
1792	2303	2559	1865	2307	2426
2048	2303	2559	2083	2310	2429
2303	2303	2559	2314	2304	2421
2559	2303	2559	2546	2294	2413
2815	2303	2559	2762	2284	2396
3071	2303	2559	2978	2275	2381
3327	2303	2559	3189	2267	2371
3583	2303	2559	3397	2265	2365
3839	2303	2559	3596	2262	2361
4095	2303	2559	3788	2259	2360
0	2559	2559	271	2500	2371
256	2559	2559	488	2518	2391
512	2559	2559	718	2526	2396
768	2559	2559	952	2535	2402
1024	2559	2559	1175	2539	2408
1280	2559	2559	1407	2543	2411
1536	2559	2559	1644	2547	2413
1792	2559	2559	1871	2548	2415
2048	2559	2559	2092	2550	2418
2303	2559	2559	2321	2547	2412
2559	2559	2559	2557	2542	2403
2815	2559	2559	2775	2535	2393
3071	2559	2559	2991	2525	2380
3327	2559	2559	3203	2521	2372
3583	2559	2559	3408	2518	2366
3839	2559	2559	3603	2512	2361
4095	2559	2559	3795	2508	2357
0	2815	2559	284	2736	2360
256	2815	2559	501	2754	2380
512	2815	2559	728	2761	2383
768	2815	2559	962	2769	2389
1024	2815	2559	1182	2773	2393
1280	2815	2559	1418	2778	2397
1536	2815	2559	1650	2782	2399
1792	2815	2559	1873	2784	2401
2048	2815	2559	2095	2785	2401
2303	2815	2559	2323	2783	2397
2559	2815	2559	2564	2779	2391
2815	2815	2559	2785	2768	2386
3071	2815	2559	2999	2759	2376
3327	2815	2559	3211	2755	2368
3583	2815	2559	3413	2749	2363
3839	2815	2559	3606	2743	2356
4095	2815	2559	3799	2742	2352
0	3071	2559	298	2982	2347
256	3071	2559	514	2996	2363
512	3071	2559	737	3001	2369
768	3071	2559	973	3013	2374
1024	3071	2559	1192	3019	2378
1280	3071	2559	1426	3024	2381
1536	3071	2559	1656	3028	2384
1792	3071	2559	1881	3029	2388
2048	3071	2559	2104	3031	2387
2303	3071	2559	2335	3032	2385
2559	3071	2559	2571	3029	2380
2815	3071	2559	2791	3023	2374
3071	3071	2559	3005	3019	2369
3327	3071	2559	3217	3013	2363
3583	3071	2559	3420	3007	2357
3839	3071	2559	3616	3004	2350
4095	3071	2559	3807	3000	2346
0	3327	2559	314	3225	2344
256	3327	2559	531	3245	2358
512	3327	2559	756	3249	2364
768	3327	2559	988	3255	2366
1024	3327	2559	1206	3259	2371
1280	3327	2559	1441	3265	2375
1536	3327	2559	1672	3268	2378
1792	3327	2559	1894	3268	2380
2048	3327	2559	2117	3270	2382
2303	3327	2559	2348	3270	2379
2559	3327	2559	2584	3271	2375
2815	3327	2559	2803	3264	2370
3071	3327	2559	3019	3257	2367
3327	3327	2559	3239	3256	2361
3583	3327	2559	3440	3250	2354
3839	3327	2559	3632	3250	2349
4095	3327	2559	3822	3248	2345
0	3583	2559	331	3442	2346
256	3583	2559	548	3459	2360
512	3583	2559	772	3465	2365
768	3583	2559	1005	3471	2367
1024	3583	2559	1221	3478	2371
1280	3583	2559	1459	3482	2374
1536	3583	2559	1685	3484	2376
1792	3583	2559	1908	3490	2378
2048	3583	2559	2133	3495	2380
2303	3583	2559	2363	3493	2376
2559	3583	2559	2594	3486	2372
2815	3583	2559	2812	3474	2366
3071	3583	2559	3028	3471	2360
3327	3583	2559	3251	3470	2357
3583	3583	2559	3453	3472	2354
3839	3583	2559	3644	3468	2350
4095	3583	2559	3844	3468	2350
0	3839	2559	347	3676	2349
256	3839	2559	564	3689	2361
512	3839	2559	789	3691	2364
768	3839	2559	1019	3700	2366
1024	3839	2559	1237	3703	2372
1280	3839	2559	1476	3709	2374
1536	3839	2559	1702	3713	2377
1792	3839	2559	1928	3723	2379
2048	3839	2559	2152	3722	2380
2303	3839	2559	2381	3715	2377
2559	3839	2559	2613	3705	2371
2815	3839	2559	2831	3695	2363
3071	3839	2559	3048	3691	2356
3327	3839	2559	3267	3695	2356
3583	3839	2559	3466	3688	2354
3839	3839	2559	3662	3692	2352
4095	3839	2559	3859	3692	2352
0	4095	2559	364	3888	2355
256	4095	2559	583	3900	2365
512	4095	2559	808	3903	2367
768	4095	2559	1037	3909	2369
1024	4095	2559	1256	3911	2373
1280	4095	2559	1496	3925	2375
1536	4095	2559	1720	3926	2379
1792	4095	2559	1942	3930	2382
2048	4095	2559	2167	3928	2384
2303	4095	2559	2399	3924	2379
2559	4095	2559	2631	3918	2373
2815	4095	2559	2849	3910	2364
3071	4095	2559	3061	3901	2356
3327	4095	2559	3281	3905	2356
3583	4095	2559	3489	3907	2356
3839	4095	2559	3680	3909	2357
4095	4095	2559	3879	3916	2356
0	0	2815	132	14	2690
256	0	2815	357	14	2652
512	0	2815	582	15	2643
768	0	2815	813	15	2634
1024	0	2815	1045	15	2627
1280	0	2815	1265	15	2625
1536	0	2815	1509	16	2621
1792	0	2815	1739	16	2620
2048	0	2815	1957	17	2616
2303	0	2815	2186	17	2613
2559	0	2815	2423	18	2607
2815	0	2815	2658	19	2598
3071	0	2815	2886	19	2583
3327	0	2815	3093	19	2576
3583	0	2815	3335	19	2574
3839	0	2815	3547	20	2577
4095	0	2815	3765	20	2580
0	256	2815	142	262	2662
256	256	2815	358	258	2645
512	256	2815	577	260	2653
768	256	2815	803	259	2642
1024	256	2815	1026	258	2634
1280	256	2815	1239	258	2627
1536	256	2815	1476	258	2623
1792	256	2815	1701	259	2621
2048	256	2815	1916	259	2617
2303	256	2815	2137	259	2610
2559	256	2815	2365	259	2602
2815	256	2815	2590	258	2591
3071	256	2815	2805	255	2577
3327	256	2815	3016	255	2567
3583	256	2815	3222	254	2568
3839	256	2815	3430	254	2563
4095	256	2815	3632	254	2563
0	512	2815	158	507	2651
256	512	2815	378	505	2647
512	512	2815	603	508	2657
768	512	2815	833	507	2659
1024	512	2815	1058	506	2654
1280	512	2815	1272	504	2646
1536	512	2815	1511	503	2642
1792	512	2815	1736	503	2637
2048	512	2815	1948	503	2633
2303	512	2815	2170	503	2625
2559	512	2815	2401	501	2617
2815	512	2815	2627	499	2605
3071	512	2815	2841	495	2590
3327	512	2815	3053	494	2580
3583	512	2815	3272	494	2578
3839	512	2815	3475	494	2575
4095	512	2815	3670	493	2572
0	768	2815	173	759	2640
256	768	2815	392	759	2642
512	768	2815	620	765	2660
768	768	2815	853	768	2667
1024	768	2815	1079	767	2668
1280	768	2815	1299	766	2660
1536	768	2815	1538	760	2652
1792	768	2815	1760	762	2650
2048	768	2815	1972	760	2646
2303	768	2815	2198	759	2637
2559	768	2815	2430	756	2629
2815	768	2815	2654	753	2617
3071	768	2815	2866	748	2601
3327	768	2815	3076	746	2591
3583	768	2815	3294	744	2586
3839	768	2815	3495	743	2579
4095	768	2815	3688	742	2579
0	1024	2815	189	1014	2635
256	1024	2815	408	1018	2640
512	1024	2815	636	1025	2656
768	1024	2815	872	1030	2667
1024	1024	2815	1102	1032	2671
1280	1024	2815	1325	1031	2672
1536	1024	2815	1561	1024	2666
1792	1024	2815	1787	1025	2665
2048	1024	2815	1998	1021	2656
2303	1024	2815	2221	1020	2649
2559	1024	2815	2455	1016	2641
2815	1024	2815	2681	1012	2625
3071	1024	2815	2895	1007	2608
3327	1024	2815	3103	1003	2599
3583	1024	2815	3315	1002	2592
3839	1024	2815	3519	1000	2588
4095	1024	2815	3710	1000	2588
0	1280	2815	204	1249	2656
256	1280	2815	421	1254	2642
512	1280	2815	652	1264	2657
768	1280	2815	887	1272	2665
1024	1280	2815	1119	1276	2672
1280	1280	2815	1348	1278	2675
1536	1280	2815	1583	1271	2675
1792	1280	2815	1810	1272	2671
2048	1280	2815	2023	1268	2667
2303	1280	2815	2246	1265	2660
2559	1280	2815	2477	1258	2647
2815	1280	2815	2701	1252	2630
3071	1280	2815	2918	1248	2615
3327	1280	2815	3133	1245	2606
3583	1280	2815	3342	1243	2603
3839	1280	2815	3541	1242	2599
4095	1280	2815	3734	1240	2595
0	1536	2815	220	1511	2653
256	1536	2815	439	1521	2639
512	1536	2815	671	1528	2655
768	1536	2815	904	1534	2664
1024	1536	2815	1132	1539	2672
1280	1536	2815	1364	1546	2679
1536	1536	2815	1605	1548	2677
1792	1536	2815	1832	1544	2675
2048	1536	2815	2045	1540	2668
2303	1536	2815	2275	1538	2663
2559	1536	2815	2505	1534	2653
2815	1536	2815	2731	1527	2638
3071	1536	2815	2941	1518	2622
3327	1536	2815	3152	1512	2614
3583	1536	2815	3366	1512	2609
3839	1536	2815	3568	1510	2603
4095	1536	2815	3756	1510	2602
0	1792	2815	236	1757	2650
256	1792	2815	454	1771	2640
512	1792	2815	684	1776	2653
768	1792	2815	918	1783	2662
1024	1792	2815	1145	1788	2670
1280	1792	2815	1381	1794	2678
1536	1792	2815	1623	1799	2681
1792	1792	2815	1848	1802	2680
2048	1792	2815	2065	1796	2672
2303	1792	2815	2292	1792	2667
2559	1792	2815	2531	1791	2658
2815	1792	2815	2749	1781	2646
3071	1792	2815	2959	1773	2626
3327	1792	2815	3174	1770	2617
3583	1792	2815	3387	1768	2614
3839	1792	2815	3583	1763	2610
4095	1792	2815	3773	1761	2609
0	2048	2815	253	1993	2627
256	2048	2815	470	2006	2640
512	2048	2815	701	2018	2654
768	2048	2815	936	2024	2663
1024	2048	2815	1164	2031	2670
1280	2048	2815	1398	2036	2676
1536	2048	2815	1637	2038	2679
1792	2048	2815	1864	2038	2680
2048	2048	2815	2086	2040	2682
2303	2048	2815	2314	2037	2675
2559	2048	2815	2551	2033	2664
2815	2048	2815	2771	2030	2651
3071	2048	2815	2986	2020	2636
3327	2048	2815	3200	2014	2623
3583	2048	2815	3407	2012	2617
3839	2048	2815	3608	2012	2613
4095	2048	2815	3803	2010	2611
0	2303	2815	269	2267	2628
256	2303	2815	486	2281	2644
512	2303	2815	718	2290	2650
768	2303	2815	951	2297	2660
1024	2303	2815	1176	2305	2669
1280	2303	2815	1415	2310	2674
1536	2303	2815	1652	2311	2676
1792	2303	2815	1877	2309	2676
2048	2303	2815	2101	2312	2683
2303	2303	2815	2334	2312	2676
2559	2303	2815	2572	2306	2667
2815	2303	2815	2786	2292	2651
3071	2303	2815	3005	2286	2639
3327	2303	2815	3218	2279	2628
3583	2303	2815	3424	2276	2622
3839	2303	2815	3621	2271	2616
4095	2303	2815	3810	2268	2616
0	2559	2815	284	2513	2626
256	2559	2815	503	2529	2641
512	2559	2815	733	2537	2645
768	2559	2815	968	2544	2654
1024	2559	2815	1190	2546	2662
1280	2559	2815	1425	2553	2666
1536	2559	2815	1662	2559	2668
1792	2559	2815	1890	2560	2668
2048	2559	2815	2113	2561	2673
2303	2559	2815	2346	2562	2668
2559	2559	2815	2584	2560	2659
2815	2559	2815	2806	2550	2650
3071	2559	2815	3021	2542	2638
3327	2559	2815	3232	2535	2629
3583	2559	2815	3438	2530	2622
3839	2559	2815	3634	2526	2619
4095	2559	2815	3827	2525	2617
0	2815	2815	298	2750	2615
256	2815	2815	516	2766	2633
512	2815	2815	745	2775	2639
768	2815	2815	980	2782	2644
1024	2815	2815	1199	2784	2647
1280	2815	2815	1438	2790	2650
1536	2815	2815	1671	2792	2654
1792	2815	2815	1894	2796	2657
2048	2815	2815	2119	2800	2658
2303	2815	2815	2351	2796	2655
2559	2815	2815	2596	2796	2651
2815	2815	2815	2816	2787	2641
3071	2815	2815	3032	2777	2634
3327	2815	2815	3242	2770	2626
3583	2815	2815	3444	2766	2619
3839	2815	2815	3637	2763	2613
4095	2815	2815	3832	2760	2612
0	3071	2815	312	2999	2602
256	3071	2815	530	3011	2618
512	3071	2815	754	3019	2624
768	3071	2815	989	3021	2629
1024	3071	2815	1210	3032	2633
1280	3071	2815	1445	3032	2635
1536	3071	2815	1677	3040	2639
1792	3071	2815	1902	3046	2644
2048	3071	2815	2129	3050	2644
2303	3071	2815	2360	3052	2643
2559	3071	2815	2599	3050	2639
2815	3071	2815	2821	3045	2633
3071	3071	2815	3038	3037	2629
3327	3071	2815	3249	3034	2620
3583	3071	2815	3452	3028	2614
3839	3071	2815	3643	3022	2608
4095	3071	2815	3836	3016	2603
0	3327	2815	328	3241	2600
256	3327	2815	546	3254	2615
512	3327	2815	772	3259	2619
768	3327	2815	1004	3267	2625
1024	3327	2815	1224	3271	2625
1280	3327	2815	1462	3277	2631
1536	3327	2815	1693	3283	2634
1792	3327	2815	1919	3290	2638
2048	3327	2815	2143	3291	2639
2303	3327	2815	2374	3290	2638
2559	3327	2815	2610	3288	2634
2815	3327	2815	2833	3284	2629
3071	3327	2815	3047	3279	2621
3327	3327	2815	3265	3273	2617
3583	3327	2815	3466	3268	2611
3839	3327	2815	3659	3266	2606
4095	3327	2815	3852	3266	2601
0	3583	2815	343	3460	2600
256	3583	2815	562	3474	2613
512	3583	2815	788	3480	2618
768	3583	2815	1020	3486	2621
1024	3583	2815	1238	3496	2624
1280	3583	2815	1479	3500	2629
1536	3583	2815	1706	3503	2633
1792	3583	2815	1932	3512	2635
2048	3583	2815	2158	3515	2637
2303	3583	2815	2391	3512	2635
2559	3583	2815	2623	3505	2630
2815	3583	2815	2843	3501	2625
3071	3583	2815	3059	3496	2618
3327	3583	2815	3277	3490	2614
3583	3583	2815	3485	3489	2611
3839	3583	2815	3676	3492	2608
4095	3583	2815	3877	3494	2607
0	3839	2815	361	3696	2604
256	3839	2815	581	3708	2615
512	3839	2815	807	3710	2618
768	3839	2815	1037	3718	2622
1024	3839	2815	1257	3721	2626
1280	3839	2815	1497	3731	2629
1536	3839	2815	1722	3731	2633
1792	3839	2815	1952	3741	2636
2048	3839	2815	2177	3737	2637
2303	3839	2815	2408	3734	2637
2559	3839	2815	2642	3729	2631
2815	3839	2815	2860	3719	2622
3071	3839	2815	3073	3713	2616
3327	3839	2815	3298	3714	2613
3583	3839	2815	3494	3715	2610
3839	3839	2815	3692	3714	2610
4095	3839	2815	3895	3720	2610
0	4095	2815	379	3910	2611
256	4095	2815	599	3921	2621
512	4095	2815	826	3925	2623
768	4095	2815	1055	3930	2626
1024	4095	2815	1275	3931	2629
1280	4095	2815	1519	3945	2634
1536	4095	2815	1742	3949	2636
1792	4095	2815	1969	3949	2640
2048	4095	2815	2194	3947	2641
2303	4095	2815	2426	3946	2637
2559	4095	2815	2657	3940	2632
2815	4095	2815	2876	3931	2622
3071	4095	2815	3090	3926	2614
3327	4095	2815	3311	3934	2611
3583	4095	2815	3515	3930	2613
3839	4095	2815	3710	3934	2612
4095	4095	2815	3915	3944	2616
0	0	3071	146	15	2928
256	0	3071	371	16	2885
512	0	3071	597	16	2878
768	0	3071	829	17	2866
1024	0	3071	1060	16	2859
1280	0	3071	1284	17	2858
1536	0	3071	1529	17	2855
1792	0	3071	1756	18	2849
2048	0	3071	1979	18	2847
2303	0	3071	2211	19	2846
2559	0	3071	2450	19	2841
2815	0	3071	2683	20	2835
3071	0	3071	2911	20	2827
3327	0	3071	3127	21	2820
3583	0	3071	3373	20	2818
3839	0	3071	3582	21	2816
4095	0	3071	3796	21	2820
0	256	3071	155	264	2903
256	256	3071	371	261	2882
512	256	3071	590	262	2891
768	256	3071	817	262	2882
1024	256	3071	1040	260	2875
1280	256	3071	1256	261	2866
1536	256	3071	1494	260	2864
1792	256	3071	1715	261	2859
2048	256	3071	1933	261	2856
2303	256	3071	2154	262	2851
2559	256	3071	2385	260	2847
2815	256	3071	2613	260	2840
3071	256	3071	2830	258	2827
3327	256	3071	3048	258	2819
3583	256	3071	3261	257	2817
3839	256	3071	3467	259	2812
4095	256	3071	3665	258	2816
0	512	3071	170	511	2889
256	512	3071	392	509	2882
512	512	3071	617	510	2897
768	512	3071	846	509	2898
1024	512	3071	1070	508	2889
1280	512	3071	1288	507	2882
1536	512	3071	1532	505	2876
1792	512	3071	1754	507	2872
2048	512	3071	1965	506	2872
2303	512	3071	2189	506	2866
2559	512	3071	2423	504	2859
2815	512	3071	2653	504	2850
3071	512	3071	2873	501	2840
3327	512	3071	3088	500	2832
3583	512	3071	3298	501	2826
3839	512	3071	3504	499	2820
4095	512	3071	3701	500	2821
0	768	3071	185	762	2875
256	768	3071	406	762	2878
512	768	3071	635	769	2896
768	768	3071	867	772	2902
1024	768	3071	1091	769	2903
1280	768	3071	1312	768	2895
1536	768	3071	1553	763	2890
1792	768	3071	1778	765	2887
2048	768	3071	1990	764	2886
2303	768	3071	2217	763	2879
2559	768	3071	2452	762	2871
2815	768	3071	2679	759	2861
3071	768	3071	2897	756	2849
3327	768	3071	3110	752	2841
3583	768	3071	3323	752	2837
3839	768	3071	3523	751	2833
4095	768	3071	3716	750	2831
0	1024	3071	200	1015	2869
256	1024	3071	420	1020	2877
512	1024	3071	650	1028	2890
768	1024	3071	885	1033	2900
1024	1024	3071	1113	1034	2906
1280	1024	3071	1337	1033	2909
1536	1024	3071	1578	1027	2903
1792	1024	3071	1803	1028	2901
2048	1024	3071	2014	1025	2899
2303	1024	3071	2244	1024	2892
2559	1024	3071	2478	1022	2881
2815	1024	3071	2709	1020	2871
3071	1024	3071	2925	1016	2862
3327	1024	3071	3135	1011	2852
3583	1024	3071	3347	1010	2843
3839	1024	3071	3553	1010	2841
4095	1024	3071	3742	1012	2840
0	1280	3071	216	1250	2867
256	1280	3071	434	1257	2880
512	1280	3071	664	1268	2891
768	1280	3071	899	1274	2900
1024	1280	3071	1129	1281	2910
1280	1280	3071	1360	1280	2914
1536	1280	3071	1598	1274	2913
1792	1280	3071	1823	1273	2909
2048	1280	3071	2038	1271	2904
2303	1280	3071	2264	1267	2900
2559	1280	3071	2499	1264	2891
2815	1280	3071	2724	1259	2880
3071	1280	3071	2946	1257	2867
3327	1280	3071	3161	1253	2855
3583	1280	3071	3370	1251	2851
3839	1280	3071	3572	1250	2850
4095	1280	3071	3764	1250	2848
0	1536	3071	233	1514	2885
256	1536	3071	454	1525	2877
512	1536	3071	685	1533	2892
768	1536	3071	921	1538	2901
1024	1536	3071	1148	1545	2913
1280	1536	3071	1380	1550	2917
1536	1536	3071	1620	1551	2915
1792	1536	3071	1848	1546	2915
2048	1536	3071	2062	1545	2909
2303	1536	3071	2290	1542	2909
2559	1536	3071	2527	1538	2897
2815	1536	3071	2752	1533	2887
3071	1536	3071	2969	1528	2874
3327	1536	3071	3182	1524	2866
3583	1536	3071	3393	1523	2860
3839	1536	3071	3595	1519	2854
4095	1536	3071	3787	1519	2851
0	1792	3071	248	1765	2863
256	1792	3071	469	1780	2880
512	1792	3071	700	1786	2891
768	1792	3071	936	1792	2900
1024	1792	3071	1162	1796	2908
1280	1792	3071	1397	1798	2915
1536	1792	3071	1638	1802	2918
1792	1792	3071	1864	1805	2918
2048	1792	3071	2084	1802	2912
2303	1792	3071	2314	1803	2911
2559	1792	3071	2551	1798	2899
2815	1792	3071	2773	1792	2889
3071	1792	3071	2989	1785	2882
3327	1792	3071	3207	1781	2871
3583	1792	3071	3416	1780	2863
3839	1792	3071	3611	1776	2858
4095	1792	3071	3800	1771	2855
0	2048	3071	265	2003	2866
256	2048	3071	484	2018	2880
512	2048	3071	714	2026	2892
768	2048	3071	949	2028	2901
1024	2048	3071	1177	2035	2910
1280	2048	3071	1414	2040	2914
1536	2048	3071	1652	2043	2915
1792	2048	3071	1882	2045	2921
2048	2048	3071	2105	2048	2924
2303	2048	3071	2337	2048	2918
2559	2048	3071	2574	2042	2907
2815	2048	3071	2797	2040	2898
3071	2048	3071	3015	2033	2886
3327	2048	3071	3228	2028	2875
3583	2048	3071	3435	2024	2868
3839	2048	3071	3635	2022	2860
4095	2048	3071	3825	2018	2858
0	2303	3071	280	2272	2866
256	2303	3071	499	2285	2881
512	2303	3071	729	2295	2887
768	2303	3071	966	2301	2896
1024	2303	3071	1189	2305	2906
1280	2303	3071	1428	2310	2913
1536	2303	3071	1667	2315	2915
1792	2303	3071	1896	2318	2919
2048	2303	3071	2122	2322	2923
2303	2303	3071	2351	2320	2915
2559	2303	3071	2588	2311	2905
2815	2303	3071	2811	2307	2895
3071	2303	3071	3031	2299	2888
3327	2303	3071	3246	2294	2879
3583	2303	3071	3452	2290	2873
3839	2303	3071	3644	2285	2866
4095	2303	3071	3835	2279	2860
0	2559	3071	296	2519	2862
256	2559	3071	517	2536	2880
512	2559	3071	746	2544	2883
768	2559	3071	982	2549	2889
1024	2559	3071	1203	2552	2895
1280	2559	3071	1442	2558	2903
1536	2559	3071	1680	2563	2907
1792	2559	3071	1908	2568	2910
2048	2559	3071	2134	2570	2914
2303	2559	3071	2364	2569	2910
2559	2559	3071	2605	2564	2905
2815	2559	3071	2828	2561	2896
3071	2559	3071	3044	2556	2884
3327	2559	3071	3256	2550	2877
3583	2559	3071	3459	2538	2869
3839	2559	3071	3656	2537	2865
4095	2559	3071	3853	2537	2861
0	2815	3071	311	2758	2855
256	2815	3071	532	2778	2870
512	2815	3071	760	2785	2877
768	2815	3071	998	2795	2879
1024	2815	3071	1215	2792	2888
1280	2815	3071	1456	2800	2894
1536	2815	3071	1691	2805	2899
1792	2815	3071	1918	2811	2903
2048	2815	3071	2146	2814	2906
2303	2815	3071	2377	2812	2901
2559	2815	3071	2619	2807	2899
2815	2815	3071	2840	2800	2890
3071	2815	3071	3059	2792	2881
3327	2815	3071	3272	2789	2873
3583	2815	3071	3474	2782	2865
3839	2815	3071	3665	2777	2858
4095	2815	3071	3863	2777	2858
0	3071	3071	326	3012	2848
256	3071	3071	546	3029	2862
512	3071	3071	773	3032	2869
768	3071	3071	1007	3037	2872
1024	3071	3071	1230	3048	2882
1280	3071	3071	1469	3052	2883
1536	3071	3071	1702	3060	2891
1792	3071	3071	1929	3067	2894
2048	3071	3071	2155	3070	2896
2303	3071	3071	2388	3073	2894
2559	3071	3071	2626	3071	2889
2815	3071	3071	2849	3062	2882
3071	3071	3071	3069	3056	2874
3327	3071	3071	3282	3048	2867
3583	3071	3071	3487	3043	2859
3839	3071	3071	3675	3041	2853
4095	3071	3071	3875	3039	2853
0	3327	3071	342	3257	2847
256	3327	3071	562	3274	2862
512	3327	3071	791	3279	2868
768	3327	3071	1024	3285	2873
1024	3327	3071	1244	3288	2873
1280	3327	3071	1483	3297	2879
1536	3327	3071	1718	3307	2886
1792	3327	3071	1945	3312	2892
2048	3327	3071	2170	3313	2892
2303	3327	3071	2402	3313	2891
2559	3327	3071	2636	3310	2885
2815	3327	3071	2860	3303	2876
3071	3327	3071	3079	3295	2869
3327	3327	3071	3297	3292	2867
3583	3327	3071	3500	3292	2859
3839	3327	3071	3686	3284	2852
4095	3327	3071	3889	3289	2850
0	3583	3071	358	3482	2847
256	3583	3071	578	3494	2860
512	3583	3071	806	3502	2865
768	3583	3071	1039	3506	2872
1024	3583	3071	1259	3512	2875
1280	3583	3071	1501	3517	2879
1536	3583	3071	1731	3528	2883
1792	3583	3071	1958	3532	2887
2048	3583	3071	2185	3535	2889
2303	3583	3071	2415	3530	2886
2559	3583	3071	2647	3521	2879
2815	3583	3071	2872	3519	2872
3071	3583	3071	3091	3517	2864
3327	3583	3071	3309	3516	2861
3583	3583	3071	3509	3508	2858
3839	3583	3071	3705	3511	2854
4095	3583	3071	3910	3518	2852
0	3839	3071	375	3720	2855
256	3839	3071	596	3730	2865
512	3839	3071	824	3733	2867
768	3839	3071	1056	3741	2873
1024	3839	3071	1278	3741	2876
1280	3839	3071	1521	3749	2883
1536	3839	3071	1745	3754	2885
1792	3839	3071	1974	3758	2887
2048	3839	3071	2199	3755	2887
2303	3839	3071	2434	3753	2885
2559	3839	3071	2667	3749	2879
2815	3839	3071	2888	3741	2871
3071	3839	3071	3103	3740	2863
3327	3839	3071	3322	3733	2860
3583	3839	3071	3523	3735	2856
3839	3839	3071	3727	3743	2859
4095	3839	3071	3931	3745	2859
0	4095	3071	394	3933	2862
256	4095	3071	616	3945	2873
512	4095	3071	846	3950	2875
768	4095	3071	1075	3952	2878
1024	4095	3071	1298	3959	2880
1280	4095	3071	1540	3968	2887
1536	4095	3071	1767	3969	2888
1792	4095	3071	1993	3969	2890
2048	4095	3071	2220	3971	2889
2303	4095	3071	2451	3964	2884
2559	4095	3071	2682	3959	2878
2815	4095	3071	2904	3956	2871
3071	4095	3071	3120	3954	2865
3327	4095	3071	3341	3955	2860
3583	4095	3071	3541	3954	2855
3839	4095	3071	3747	3960	2861
4095	4095	3071	3952	3969	2860
0	0	3327	158	16	3170
256	0	3327	386	17	3122
512	0	3327	612	17	3108
768	0	3327	844	18	3098
1024	0	3327	1079	17	3088
1280	0	3327	1300	18	3079
1536	0	3327	1548	18	3082
1792	0	3327	1775	19	3081
2048	0	3327	1999	19	3078
2303	0	3327	2236	20	3079
2559	0	3327	2478	21	3076
2815	0	3327	2714	21	3069
3071	0	3327	2938	22	3062
3327	0	3327	3156	22	3055
3583	0	3327	3396	23	3050
3839	0	3327	3611	23	3053
4095	0	3327	3832	24	3054
0	256	3327	167	266	3148
256	256	3327	383	264	3127
512	256	3327	603	263	3134
768	256	3327	828	263	3124
1024	256	3327	1052	263	3114
1280	256	3327	1269	263	3105
1536	256	3327	1511	264	3102
1792	256	3327	1732	262	3105
2048	256	3327	1949	263	3102
2303	256	3327	2172	263	3099
2559	256	3327	2408	263	3092
2815	256	3327	2638	262	3083
3071	256	3327	2857	262	3074
3327	256	3327	3077	261	3070
3583	256	3327	3288	262	3068
3839	256	3327	3500	261	3062
4095	256	3327	3692	263	3062
0	512	3327	182	512	3132
256	512	3327	405	513	3126
512	512	3327	630	516	3141
768	512	3327	859	513	3141
1024	512	3327	1082	512	3130
1280	512	3327	1301	511	3122
1536	512	3327	1545	509	3119
1792	512	3327	1770	510	3116
2048	512	3327	1988	510	3118
2303	512	3327	2212	509	3112
2559	512	3327	2444	509	3102
2815	512	3327	2671	507	3094
3071	512	3327	2893	506	3087
3327	512	3327	3113	504	3080
3583	512	3327	3329	504	3077
3839	512	3327	3537	504	3071
4095	512	3327	3731	505	3069
0	768	3327	197	765	3116
256	768	3327	419	767	3120
512	768	3327	649	774	3137
768	768	3327	880	774	3144
1024	768	3327	1104	772	3144
1280	768	3327	1326	770	3136
1536	768	3327	1569	767	3133
1792	768	3327	1795	768	3130
2048	768	3327	2014	769	3132
2303	768	3327	2241	768	3125
2559	768	3327	2474	766	3110
2815	768	3327	2701	762	3101
3071	768	3327	2919	761	3094
3327	768	3327	3135	759	3086
3583	768	3327	3350	758	3080
3839	768	3327	3558	758	3079
4095	768	3327	3749	760	3082
0	1024	3327	212	1020	3102
256	1024	3327	433	1023	3114
512	1024	3327	664	1030	3128
768	1024	3327	899	1034	3139
1024	1024	3327	1125	1036	3147
1280	1024	3327	1351	1033	3151
1536	1024	3327	1593	1031	3145
1792	1024	3327	1818	1031	3138
2048	1024	3327	2033	1029	3142
2303	1024	3327	2266	1031	3139
2559	1024	3327	2502	1028	3123
2815	1024	3327	2728	1025	3115
3071	1024	3327	2948	1022	3107
3327	1024	3327	3162	1020	3098
3583	1024	3327	3373	1020	3092
3839	1024	3327	3579	1018	3086
4095	1024	3327	3777	1019	3078
0	1280	3327	227	1252	3101
256	1280	3327	447	1262	3117
512	1280	3327	676	1270	3129
768	1280	3327	912	1275	3139
1024	1280	3327	1142	1282	3148
1280	1280	3327	1375	1282	3154
1536	1280	3327	1615	1277	3154
1792	1280	3327	1838	1276	3148
2048	1280	3327	2058	1277	3150
2303	1280	3327	2289	1276	3148
2559	1280	3327	2524	1271	3132
2815	1280	3327	2750	1267	3124
3071	1280	3327	2974	1266	3116
3327	1280	3327	3191	1265	3108
3583	1280	3327	3399	1262	3102
3839	1280	3327	3598	1262	3097
4095	1280	3327	3790	1259	3093
0	1536	3327	245	1517	3096
256	1536	3327	467	1528	3116
512	1536	3327	698	1535	3132
768	1536	3327	934	1540	3141
1024	1536	3327	1164	1547	3146
1280	1536	3327	1397	1552	3151
1536	1536	3327	1635	1555	3155
1792	1536	3327	1861	1551	3161
2048	1536	3327	2082	1555	3157
2303	1536	3327	2311	1550	3151
2559	1536	3327	2549	1544	3143
2815	1536	3327	2774	1542	3134
3071	1536	3327	2993	1536	3120
3327	1536	3327	3212	1534	3112
3583	1536	3327	3425	1532	3108
3839	1536	3327	3626	1531	3102
4095	1536	3327	3815	1531	3100
0	1792	3327	261	1765	3100
256	1792	3327	483	1784	3125
512	1792	3327	713	1791	3132
768	1792	3327	950	1796	3141
1024	1792	3327	1177	1801	3147
1280	1792	3327	1413	1806	3153
1536	1792	3327	1654	1809	3159
1792	1792	3327	1886	1814	3163
2048	1792	3327	2108	1814	3158
2303	1792	3327	2333	1811	3155
2559	1792	3327	2574	1807	3150
2815	1792	3327	2794	1804	3140
3071	1792	3327	3014	1799	3130
3327	1792	3327	3234	1794	3125
3583	1792	3327	3447	1790	3116
3839	1792	3327	3645	1786	3108
4095	1792	3327	3833	1780	3103
0	2048	3327	278	2009	3103
256	2048	3327	500	2026	3127
512	2048	3327	731	2033	3136
768	2048	3327	967	2038	3145
1024	2048	3327	1194	2043	3150
1280	2048	3327	1431	2050	3154
1536	2048	3327	1673	2056	3159
1792	2048	3327	1906	2061	3169
2048	2048	3327	2131	2062	3171
2303	2048	3327	2360	2062	3158
2559	2048	3327	2596	2053	3152
2815	2048	3327	2822	2052	3143
3071	2048	3327	3043	2046	3134
3327	2048	3327	3260	2046	3128
3583	2048	3327	3468	2042	3120
3839	2048	3327	3661	2035	3109
4095	2048	3327	3856	2031	3104
0	2303	3327	293	2278	3104
256	2303	3327	515	2296	3125
512	2303	3327	746	2305	3128
768	2303	3327	984	2314	3138
1024	2303	3327	1208	2316	3147
1280	2303	3327	1447	2320	3153
1536	2303	3327	1686	2323	3157
1792	2303	3327	1918	2330	3161
2048	2303	3327	2145	2335	3164
2303	2303	3327	2370	2331	3158
2559	2303	3327	2611	2324	3152
2815	2303	3327	2831	2318	3139
3071	2303	3327	3052	2311	3131
3327	2303	3327	3272	2307	3124
3583	2303	3327	3484	2303	3119
3839	2303	3327	3676	2298	3112
4095	2303	3327	3870	2296	3107
0	2559	3327	309	2533	3100
256	2559	3327	530	2549	3120
512	2559	3327	760	2553	3122
768	2559	3327	999	2563	3125
1024	2559	3327	1222	2566	3136
1280	2559	3327	1461	2570	3141
1536	2559	3327	1698	2573	3148
1792	2559	3327	1927	2577	3154
2048	2559	3327	2153	2582	3158
2303	2559	3327	2386	2585	3158
2559	2559	3327	2628	2577	3152
2815	2559	3327	2849	2570	3137
3071	2559	3327	3073	2568	3130
3327	2559	3327	3287	2562	3126
3583	2559	3327	3491	2554	3115
3839	2559	3327	3682	2553	3111
4095	2559	3327	3879	2552	3107
0	2815	3327	325	2775	3094
256	2815	3327	546	2792	3111
512	2815	3327	776	2793	3117
768	2815	3327	1014	2803	3121
1024	2815	3327	1235	2806	3127
1280	2815	3327	1478	2813	3138
1536	2815	3327	1712	2820	3144
1792	2815	3327	1942	2826	3148
2048	2815	3327	2168	2827	3148
2303	2815	3327	2399	2824	3146
2559	2815	3327	2640	2816	3144
2815	2815	3327	2865	2815	3139
3071	2815	3327	3082	2805	3130
3327	2815	3327	3298	2807	3123
3583	2815	3327	3498	2800	3114
3839	2815	3327	3694	2795	3108
4095	2815	3327	3900	2798	3107
0	3071	3327	341	3032	3091
256	3071	3327	562	3047	3108
512	3071	3327	791	3055	3113
768	3071	3327	1028	3060	3116
1024	3071	3327	1254	3076	3129
1280	3071	3327	1493	3075	3134
1536	3071	3327	1724	3082	3135
1792	3071	3327	1954	3088	3142
2048	3071	3327	2181	3092	3144
2303	3071	3327	2414	3092	3141
2559	3071	3327	2654	3087	3138
2815	3071	3327	2875	3077	3134
3071	3071	3327	3098	3076	3130
3327	3071	3327	3315	3068	3120
3583	3071	3327	3512	3058	3111
3839	3071	3327	3710	3057	3105
4095	3071	3327	3913	3062	3103
0	3327	3327	357	3280	3092
256	3327	3327	580	3295	3112
512	3327	3327	810	3304	3118
768	3327	3327	1045	3314	3119
1024	3327	3327	1268	3318	3129
1280	3327	3327	1510	3320	3133
1536	3327	3327	1741	3326	3137
1792	3327	3327	1971	3338	3143
2048	3327	3327	2198	3339	3143
2303	3327	3327	2430	3332	3139
2559	3327	3327	2665	3328	3137
2815	3327	3327	2887	3324	3130
3071	3327	3327	3108	3316	3123
3327	3327	3327	3327	3310	3117
3583	3327	3327	3537	3314	3113
3839	3327	3327	3728	3316	3105
4095	3327	3327	3927	3314	3107
0	3583	3327	373	3508	3098
256	3583	3327	597	3520	3113
512	3583	3327	827	3524	3117
768	3583	3327	1060	3531	3121
1024	3583	3327	1283	3540	3126
1280	3583	3327	1529	3544	3133
1536	3583	3327	1757	3550	3134
1792	3583	3327	1984	3556	3141
2048	3583	3327	2212	3555	3142
2303	3583	3327	2445	3548	3134
2559	3583	3327	2675	3545	3130
2815	3583	3327	2898	3541	3125
3071	3583	3327	3116	3533	3117
3327	3583	3327	3342	3535	3113
3583	3583	3327	3552	3545	3111
3839	3583	3327	3745	3536	3113
4095	3583	3327	3950	3538	3107
0	3839	3327	391	3746	3106
256	3839	3327	614	3757	3118
512	3839	3327	846	3765	3124
768	3839	3327	1079	3768	3128
1024	3839	3327	1300	3766	3125
1280	3839	3327	1544	3776	3135
1536	3839	3327	1773	3775	3140
1792	3839	3327	2000	3778	3140
2048	3839	3327	2227	3777	3140
2303	3839	3327	2458	3773	3136
2559	3839	3327	2690	3768	3128
2815	3839	3327	2914	3762	3122
3071	3839	3327	3134	3761	3115
3327	3839	3327	3353	3763	3110
3583	3839	3327	3568	3765	3117
3839	3839	3327	3765	3767	3111
4095	3839	3327	3963	3769	3111
0	4095	3327	409	3963	3118
256	4095	3327	633	3974	3125
512	4095	3327	865	3979	3126
768	4095	3327	1095	3984	3131
1024	4095	3327	1324	3988	3133
1280	4095	3327	1565	3990	3138
1536	4095	3327	1791	3994	3145
1792	4095	3327	2019	3995	3143
2048	4095	3327	2244	3992	3140
2303	4095	3327	2476	3985	3134
2559	4095	3327	2711	3984	3128
2815	4095	3327	2934	3984	3121
3071	4095	3327	3152	3984	3117
3327	4095	3327	3378	3981	3118
3583	4095	3327	3589	3988	3115
3839	4095	3327	3780	3989	3115
4095	4095	3327	3985	3988	3112
0	0	3583	172	18	3405
256	0	3583	402	18	3356
512	0	3583	630	19	3348
768	0	3583	866	19	3339
1024	0	3583	1102	19	3331
1280	0	3583	1324	20	3328
1536	0	3583	1574	20	3323
1792	0	3583	1809	20	3329
2048	0	3583	2037	21	3328
2303	0	3583	2270	21	3329
2559	0	3583	2513	22	3325
2815	0	3583	2752	22	3316
3071	0	3583	2977	23	3306
3327	0	3583	3196	23	3299
3583	0	3583	3438	24	3304
3839	0	3583	3654	24	3301
4095	0	3583	3870	25	3310
0	256	3583	179	270	3393
256	256	3583	398	267	3375
512	256	3583	619	268	3379
768	256	3583	846	266	3368
1024	256	3583	1073	267	3363
1280	256	3583	1292	267	3355
1536	256	3583	1526	266	3353
1792	256	3583	1760	267	3354
2048	256	3583	1976	267	3354
2303	256	3583	2206	267	3356
2559	256	3583	2440	267	3350
2815	256	3583	2665	266	3341
3071	256	3583	2885	266	3332
3327	256	3583	3108	265	3325
3583	256	3583	3328	266	3323
3839	256	3583	3531	266	3319
4095	256	3583	3736	268	3324
0	512	3583	195	517	3375
256	512	3583	419	517	3367
512	512	3583	645	520	3381
768	512	3583	874	517	3383
1024	512	3583	1100	515	3378
1280	512	3583	1325	514	3371
1536	512	3583	1565	515	3369
1792	512	3583	1793	514	3373
2048	512	3583	2011	514	3372
2303	512	3583	2238	514	3373
2559	512	3583	2472	512	3361
2815	512	3583	2701	511	3349
3071	512	3583	2926	511	3344
3327	512	3583	3147	512	3339
3583	512	3583	3363	511	3331
3839	512	3583	3565	512	3329
4095	512	3583	3766	513	3338
0	768	3583	210	770	3361
256	768	3583	433	774	3368
512	768	3583	663	780	3384
768	768	3583	897	779	3393
1024	768	3583	1123	776	3394
1280	768	3583	1350	774	3386
1536	768	3583	1589	775	3385
1792	768	3583	1815	773	3388
2048	768	3583	2037	775	3379
2303	768	3583	2266	775	3382
2559	768	3583	2501	772	3367
2815	768	3583	2726	769	3360
3071	768	3583	2949	767	3352
3327	768	3583	3169	768	3345
3583	768	3583	3384	768	3344
3839	768	3583	3587	766	3336
4095	768	3583	3795	769	3339
0	1024	3583	226	1022	3353
256	1024	3583	449	1031	3364
512	1024	3583	680	1038	3377
768	1024	3583	917	1041	3387
1024	1024	3583	1145	1041	3396
1280	1024	3583	1375	1040	3399
1536	1024	3583	1613	1040	3394
1792	1024	3583	1840	1038	3396
2048	1024	3583	2062	1040	3394
2303	1024	3583	2288	1041	3391
2559	1024	3583	2524	1036	3380
2815	1024	3583	2752	1033	3366
3071	1024	3583	2974	1030	3354
3327	1024	3583	3196	1030	3352
3583	1024	3583	3411	1030	3353
3839	1024	3583	3609	1030	3349
4095	1024	3583	3816	1031	3348
0	1280	3583	241	1262	3344
256	1280	3583	464	1271	3366
512	1280	3583	696	1276	3378
768	1280	3583	934	1282	3388
1024	1280	3583	1165	1286	3395
1280	1280	3583	1397	1289	3403
1536	1280	3583	1635	1288	3410
1792	1280	3583	1864	1288	3403
2048	1280	3583	2083	1286	3401
2303	1280	3583	2315	1287	3399
2559	1280	3583	2552	1281	3386
2815	1280	3583	2776	1278	3378
3071	1280	3583	2995	1276	3369
3327	1280	3583	3218	1276	3365
3583	1280	3583	3433	1274	3358
3839	1280	3583	3633	1273	3352
4095	1280	3583	3830	1276	3355
0	1536	3583	257	1523	3347
256	1536	3583	481	1543	3370
512	1536	3583	713	1549	3380
768	1536	3583	951	1555	3389
1024	1536	3583	1179	1558	3400
1280	1536	3583	1418	1564	3407
1536	1536	3583	1659	1567	3413
1792	1536	3583	1883	1565	3418
2048	1536	3583	2105	1561	3410
2303	1536	3583	2338	1563	3411
2559	1536	3583	2581	1559	3396
2815	1536	3583	2804	1555	3386
3071	1536	3583	3026	1549	3372
3327	1536	3583	3245	1547	3368
3583	1536	3583	3457	1544	3364
3839	1536	3583	3658	1543	3359
4095	1536	3583	3858	1544	3360
0	1792	3583	275	1782	3350
256	1792	3583	498	1798	3373
512	1792	3583	728	1798	3381
768	1792	3583	965	1804	3391
1024	1792	3583	1197	1814	3403
1280	1792	3583	1436	1822	3409
1536	1792	3583	1679	1825	3417
1792	1792	3583	1908	1827	3417
2048	1792	3583	2127	1825	3423
2303	1792	3583	2359	1823	3412
2559	1792	3583	2598	1815	3403
2815	1792	3583	2819	1809	3388
3071	1792	3583	3039	1803	3383
3327	1792	3583	3263	1806	3382
3583	1792	3583	3473	1803	3377
3839	1792	3583	3672	1799	3373
4095	1792	3583	3875	1798	3371
0	2048	3583	292	2021	3351
256	2048	3583	515	2037	3375
512	2048	3583	748	2046	3389
768	2048	3583	987	2054	3393
1024	2048	3583	1214	2058	3403
1280	2048	3583	1454	2062	3410
1536	2048	3583	1693	2066	3414
1792	2048	3583	1927	2074	3421
2048	2048	3583	2157	2079	3424
2303	2048	3583	2382	2077	3415
2559	2048	3583	2620	2069	3404
2815	2048	3583	2841	2064	3389
3071	2048	3583	3068	2057	3386
3327	2048	3583	3289	2056	3379
3583	2048	3583	3500	2053	3376
3839	2048	3583	3698	2050	3371
4095	2048	3583	3897	2052	3366
0	2303	3583	307	2298	3356
256	2303	3583	531	2313	3383
512	2303	3583	764	2318	3391
768	2303	3583	1001	2327	3395
1024	2303	3583	1228	2330	3398
1280	2303	3583	1470	2333	3404
1536	2303	3583	1708	2335	3412
1792	2303	3583	1939	2342	3417
2048	2303	3583	2166	2347	3419
2303	2303	3583	2398	2339	3415
2559	2303	3583	2639	2335	3408
2815	2303	3583	2857	2325	3389
3071	2303	3583	3078	2321	3384
3327	2303	3583	3297	2323	3381
3583	2303	3583	3510	2318	3378
3839	2303	3583	3710	2316	3373
4095	2303	3583	3911	2319	3369
0	2559	3583	322	2546	3355
256	2559	3583	546	2560	3376
512	2559	3583	779	2568	3379
768	2559	3583	1016	2577	3383
1024	2559	3583	1242	2581	3392
1280	2559	3583	1487	2589	3398
1536	2559	3583	1721	2590	3401
1792	2559	3583	1950	2594	3408
2048	2559	3583	2180	2600	3415
2303	2559	3583	2416	2599	3414
2559	2559	3583	2657	2596	3405
2815	2559	3583	2879	2589	3394
3071	2559	3583	3096	2587	3385
3327	2559	3583	3314	2578	3376
3583	2559	3583	3530	2577	3373
3839	2559	3583	3729	2577	3367
4095	2559	3583	3922	2575	3362
0	2815	3583	338	2797	3352
256	2815	3583	562	2808	3369
512	2815	3583	794	2812	3375
768	2815	3583	1032	2820	3385
1024	2815	3583	1255	2824	3383
1280	2815	3583	1501	2832	3390
1536	2815	3583	1735	2833	3400
1792	2815	3583	1964	2839	3401
2048	2815	3583	2190	2839	3399
2303	2815	3583	2423	2833	3399
2559	2815	3583	2665	2834	3397
2815	2815	3583	2889	2833	3390
3071	2815	3583	3105	2820	3380
3327	2815	3583	3329	2822	3376
3583	2815	3583	3547	2824	3368
3839	2815	3583	3735	2822	3363
4095	2815	3583	3931	2818	3360
0	3071	3583	355	3058	3348
256	3071	3583	580	3073	3367
512	3071	3583	812	3077	3374
768	3071	3583	1048	3083	3375
1024	3071	3583	1269	3092	3377
1280	3071	3583	1517	3095	3387
1536	3071	3583	1748	3098	3390
1792	3071	3583	1979	3104	3398
2048	3071	3583	2207	3108	3401
2303	3071	3583	2441	3107	3397
2559	3071	3583	2676	3102	3391
2815	3071	3583	2900	3091	3383
3071	3071	3583	3122	3090	3376
3327	3071	3583	3345	3086	3373
3583	3071	3583	3555	3082	3367
3839	3071	3583	3749	3080	3364
4095	3071	3583	3948	3079	3358
0	3327	3583	372	3311	3356
256	3327	3583	597	3325	3368
512	3327	3583	830	3333	3375
768	3327	3583	1066	3335	3382
1024	3327	3583	1290	3340	3385
1280	3327	3583	1537	3347	3393
1536	3327	3583	1767	3356	3397
1792	3327	3583	1997	3357	3403
2048	3327	3583	2223	3358	3401
2303	3327	3583	2458	3354	3395
2559	3327	3583	2696	3348	3388
2815	3327	3583	2918	3341	3382
3071	3327	3583	3135	3334	3373
3327	3327	3583	3368	3341	3376
3583	3327	3583	3569	3334	3367
3839	3327	3583	3762	3338	3360
4095	3327	3583	3962	3339	3357
0	3583	3583	390	3537	3362
256	3583	3583	614	3547	3372
512	3583	3583	847	3554	3376
768	3583	3583	1082	3562	3383
1024	3583	3583	1309	3565	3389
1280	3583	3583	1556	3573	3393
1536	3583	3583	1781	3577	3396
1792	3583	3583	2010	3574	3399
2048	3583	3583	2237	3572	3400
2303	3583	3583	2472	3570	3391
2559	3583	3583	2709	3569	3382
2815	3583	3583	2931	3563	3374
3071	3583	3583	3146	3555	3369
3327	3583	3583	3377	3563	3371
3583	3583	3583	3585	3568	3363
3839	3583	3583	3779	3567	3360
4095	3583	3583	3980	3558	3358
0	3839	3583	406	3780	3368
256	3839	3583	633	3787	3381
512	3839	3583	868	3793	3386
768	3839	3583	1100	3797	3387
1024	3839	3583	1326	3800	3391
1280	3839	3583	1574	3803	3395
1536	3839	3583	1797	3799	3393
1792	3839	3583	2025	3800	3400
2048	3839	3583	2254	3800	3396
2303	3839	3583	2489	3797	3385
2559	3839	3583	2721	3792	3376
2815	3839	3583	2942	3788	3373
3071	3839	3583	3165	3787	3371
3327	3839	3583	3392	3796	3367
3583	3839	3583	3599	3796	3364
3839	3839	3583	3791	3793	3366
4095	3839	3583	4002	3792	3359
0	4095	3583	425	3998	3381
256	4095	3583	653	4005	3387
512	4095	3583	886	4008	3388
768	4095	3583	1118	4012	3391
1024	4095	3583	1346	4014	3395
1280	4095	3583	1587	4015	3399
1536	4095	3583	1815	4024	3402
1792	4095	3583	2044	4020	3398
2048	4095	3583	2272	4019	3396
2303	4095	3583	2505	4017	3387
2559	4095	3583	2736	4007	3377
2815	4095	3583	2960	4005	3373
3071	4095	3583	3184	4011	3370
3327	4095	3583	3409	4015	3368
3583	4095	3583	3615	4009	3366
3839	4095	3583	3818	4014	3364
4095	4095	3583	4013	4014	3363
0	0	3839	187	19	3740
256	0	3839	418	19	3727
512	0	3839	651	20	3707
768	0	3839	887	20	3701
1024	0	3839	1122	21	3689
1280	0	3839	1352	21	3693
1536	0	3839	1601	21	3697
1792	0	3839	1835	21	3697
2048	0	3839	2070	22	3708
2303	0	3839	2305	23	3705
2559	0	3839	2543	23	3699
2815	0	3839	2779	24	3692
3071	0	3839	3008	24	3688
3327	0	3839	3231	25	3692
3583	0	3839	3469	25	3705
3839	0	3839	3695	26	3706
4095	0	3839	3920	26	3725
0	256	3839	192	273	3608
256	256	3839	412	270	3597
512	256	3839	637	271	3586
768	256	3839	867	270	3572
1024	256	3839	1091	270	3567
1280	256	3839	1312	270	3563
1536	256	3839	1555	270	3561
1792	256	3839	1782	270	3560
2048	256	3839	2008	270	3564
2303	256	3839	2231	271	3559
2559	256	3839	2465	270	3548
2815	256	3839	2694	270	3542
3071	256	3839	2916	269	3531
3327	256	3839	3136	269	3522
3583	256	3839	3352	269	3540
3839	256	3839	3579	272	3555
4095	256	3839	3782	272	3555
0	512	3839	207	521	3608
256	512	3839	433	522	3634
512	512	3839	664	522	3618
768	512	3839	894	522	3613
1024	512	3839	1120	521	3600
1280	512	3839	1347	521	3597
1536	512	3839	1588	520	3592
1792	512	3839	1816	520	3596
2048	512	3839	2037	519	3594
2303	512	3839	2269	521	3583
2559	512	3839	2504	519	3577
2815	512	3839	2732	518	3560
3071	512	3839	2954	516	3556
3327	512	3839	3174	517	3550
3583	512	3839	3393	517	3563
3839	512	3839	3612	518	3571
4095	512	3839	3812	521	3569
0	768	3839	224	778	3597
256	768	3839	449	781	3619
512	768	3839	683	784	3630
768	768	3839	917	785	3627
1024	768	3839	1143	784	3617
1280	768	3839	1371	783	3614
1536	768	3839	1610	780	3615
1792	768	3839	1844	782	3611
2048	768	3839	2063	781	3611
2303	768	3839	2291	782	3602
2559	768	3839	2532	779	3586
2815	768	3839	2759	777	3575
3071	768	3839	2977	774	3563
3327	768	3839	3195	773	3560
3583	768	3839	3417	774	3573
3839	768	3839	3635	778	3572
4095	768	3839	3833	777	3579
0	1024	3839	240	1032	3587
256	1024	3839	464	1041	3619
512	1024	3839	698	1046	3633
768	1024	3839	937	1051	3645
1024	1024	3839	1166	1051	3632
1280	1024	3839	1395	1049	3629
1536	1024	3839	1636	1047	3623
1792	1024	3839	1869	1049	3620
2048	1024	3839	2085	1048	3615
2303	1024	3839	2310	1044	3615
2559	1024	3839	2548	1039	3594
2815	1024	3839	2777	1039	3589
3071	1024	3839	3003	1038	3578
3327	1024	3839	3221	1037	3566
3583	1024	3839	3441	1037	3587
3839	1024	3839	3660	1041	3578
4095	1024	3839	3853	1041	3586
0	1280	3839	254	1268	3610
256	1280	3839	479	1284	3610
512	1280	3839	714	1290	3622
768	1280	3839	953	1295	3635
1024	1280	3839	1182	1297	3638
1280	1280	3839	1417	1297	3633
1536	1280	3839	1657	1296	3637
1792	1280	3839	1888	1296	3625
2048	1280	3839	2109	1294	3620
2303	1280	3839	2335	1293	3606
2559	1280	3839	2573	1287	3606
2815	1280	3839	2798	1284	3596
3071	1280	3839	3022	1283	3585
3327	1280	3839	3241	1284	3574
3583	1280	3839	3463	1286	3586
3839	1280	3839	3678	1288	3585
4095	1280	3839	3870	1287	3587
0	1536	3839	272	1539	3610
256	1536	3839	496	1555	3610
512	1536	3839	728	1557	3623
768	1536	3839	967	1562	3634
1024	1536	3839	1197	1567	3638
1280	1536	3839	1437	1574	3642
1536	1536	3839	1680	1575	3646
1792	1536	3839	1911	1576	3636
2048	1536	3839	2138	1578	3628
2303	1536	3839	2358	1570	3616
2559	1536	3839	2598	1569	3616
2815	1536	3839	2822	1563	3597
3071	1536	3839	3045	1556	3593
3327	1536	3839	3263	1552	3584
3583	1536	3839	3484	1555	3596
3839	1536	3839	3694	1558	3588
4095	1536	3839	3890	1558	3595
0	1792	3839	288	1795	3586
256	1792	3839	512	1811	3612
512	1792	3839	747	1816	3621
768	1792	3839	987	1823	3624
1024	1792	3839	1215	1826	3626
1280	1792	3839	1454	1828	3630
1536	1792	3839	1700	1835	3642
1792	1792	3839	1934	1840	3653
2048	1792	3839	2157	1839	3652
2303	1792	3839	2389	1837	3641
2559	1792	3839	2630	1831	3630
2815	1792	3839	2852	1823	3613
3071	1792	3839	3065	1818	3602
3327	1792	3839	3290	1814	3605
3583	1792	3839	3516	1816	3606
3839	1792	3839	3718	1814	3605
4095	1792	3839	3911	1812	3603
0	2048	3839	306	2041	3589
256	2048	3839	530	2052	3613
512	2048	3839	764	2059	3622
768	2048	3839	1002	2065	3624
1024	2048	3839	1231	2070	3628
1280	2048	3839	1478	2077	3632
1536	2048	3839	1721	2084	3645
1792	2048	3839	1954	2088	3656
2048	2048	3839	2179	2088	3653
2303	2048	3839	2405	2081	3642
2559	2048	3839	2644	2075	3627
2815	2048	3839	2867	2069	3618
3071	2048	3839	3087	2063	3603
3327	2048	3839	3313	2069	3605
3583	2048	3839	3534	2070	3605
3839	2048	3839	3736	2068	3604
4095	2048	3839	3932	2068	3604
0	2303	3839	322	2315	3589
256	2303	3839	548	2331	3605
512	2303	3839	781	2332	3615
768	2303	3839	1019	2332	3624
1024	2303	3839	1247	2341	3627
1280	2303	3839	1493	2346	3637
1536	2303	3839	1735	2354	3642
1792	2303	3839	1965	2355	3646
2048	2303	3839	2192	2355	3646
2303	2303	3839	2425	2354	3639
2559	2303	3839	2664	2348	3629
2815	2303	3839	2886	2346	3619
3071	2303	3839	3101	2337	3604
3327	2303	3839	3331	2337	3607
3583	2303	3839	3548	2336	3607
3839	2303	3839	3745	2334	3606
4095	2303	3839	3943	2334	3598
0	2559	3839	337	2564	3583
256	2559	3839	563	2579	3601
512	2559	3839	798	2587	3605
768	2559	3839	1035	2587	3616
1024	2559	3839	1262	2597	3626
1280	2559	3839	1507	2605	3630
1536	2559	3839	1747	2609	3632
1792	2559	3839	1976	2608	3636
2048	2559	3839	2204	2610	3638
2303	2559	3839	2439	2611	3632
2559	2559	3839	2674	2607	3620
2815	2559	3839	2894	2598	3606
3071	2559	3839	3119	2591	3598
3327	2559	3839	3344	2591	3601
3583	2559	3839	3557	2594	3609
3839	2559	3839	3752	2588	3604
4095	2559	3839	3955	2588	3600
0	2815	3839	353	2811	3579
256	2815	3839	579	2824	3591
512	2815	3839	814	2833	3606
768	2815	3839	1051	2834	3616
1024	2815	3839	1275	2838	3620
1280	2815	3839	1521	2847	3615
1536	2815	3839	1759	2851	3624
1792	2815	3839	1987	2850	3625
2048	2815	3839	2215	2855	3626
2303	2815	3839	2450	2856	3624
2559	2815	3839	2688	2849	3615
2815	2815	3839	2916	2843	3607
3071	2815	3839	3138	2841	3607
3327	2815	3839	3359	2844	3612
3583	2815	3839	3571	2838	3605
3839	2815	3839	3766	2836	3598
4095	2815	3839	3966	2839	3594
0	3071	3839	369	3081	3579
256	3071	3839	595	3094	3595
512	3071	3839	829	3097	3599
768	3071	3839	1068	3106	3609
1024	3071	3839	1292	3110	3612
1280	3071	3839	1539	3113	3616
1536	3071	3839	1771	3123	3619
1792	3071	3839	2000	3122	3622
2048	3071	3839	2228	3123	3623
2303	3071	3839	2464	3120	3617
2559	3071	3839	2701	3111	3608
2815	3071	3839	2924	3108	3605
3071	3071	3839	3146	3110	3613
3327	3071	3839	3376	3103	3606
3583	3071	3839	3587	3102	3600
3839	3071	3839	3779	3105	3596
4095	3071	3839	3975	3099	3596
0	3327	3839	389	3337	3590
256	3327	3839	616	3350	3604
512	3327	3839	850	3353	3607
768	3327	3839	1086	3360	3613
1024	3327	3839	1312	3366	3614
1280	3327	3839	1558	3361	3617
1536	3327	3839	1790	3368	3617
1792	3327	3839	2021	3379	3628
2048	3327	3839	2249	3375	3624
2303	3327	3839	2483	3365	3615
2559	3327	3839	2717	3361	3612
2815	3327	3839	2942	3362	3613
3071	3327	3839	3166	3358	3611
3327	3327	3839	3398	3363	3608
3583	3327	3839	3602	3364	3602
3839	3327	3839	3795	3355	3606
4095	3327	3839	3998	3353	3601
0	3583	3839	405	3566	3597
256	3583	3839	633	3577	3607
512	3583	3839	869	3583	3612
768	3583	3839	1105	3587	3619
1024	3583	3839	1333	3592	3618
1280	3583	3839	1577	3597	3623
1536	3583	3839	1811	3600	3626
1792	3583	3839	2038	3600	3626
2048	3583	3839	2266	3596	3624
2303	3583	3839	2496	3591	3617
2559	3583	3839	2731	3585	3611
2815	3583	3839	2960	3584	3609
3071	3583	3839	3182	3588	3606
3327	3583	3839	3408	3591	3606
3583	3583	3839	3617	3583	3612
3839	3583	3839	3820	3587	3603
4095	3583	3839	4015	3585	3602
0	3839	3839	423	3814	3611
256	3839	3839	653	3819	3614
512	3839	3839	889	3818	3614
768	3839	3839	1122	3822	3619
1024	3839	3839	1353	3825	3623
1280	3839	3839	1597	3826	3626
1536	3839	3839	1822	3824	3632
1792	3839	3839	2052	3825	3626
2048	3839	3839	2282	3824	3626
2303	3839	3839	2512	3812	3614
2559	3839	3839	2750	3812	3611
2815	3839	3839	2977	3818	3610
3071	3839	3839	3197	3816	3609
3327	3839	3839	3424	3812	3611
3583	3839	3839	3636	3816	3605
3839	3839	3839	3829	3818	3605
4095	3839	3839	4030	3810	3599
0	4095	3839	442	4032	3614
256	4095	3839	672	4041	3623
512	4095	3839	909	4040	3626
768	4095	3839	1138	4036	3627
1024	4095	3839	1369	4037	3626
1280	4095	3839	1612	4046	3630
1536	4095	3839	1844	4049	3633
1792	4095	3839	2072	4049	3632
2048	4095	3839	2298	4040	3624
2303	4095	3839	2536	4038	3619
2559	4095	3839	2770	4039	3612
2815	4095	3839	2989	4039	3612
3071	4095	3839	3213	4035	3614
3327	4095	3839	3440	4035	3611
3583	4095	3839	3646	4040	3609
3839	4095	3839	3851	4039	3608
4095	4095	3839	4054	4047	3608
0	0	4095	202	20	3984
256	0	4095	434	21	3957
512	0	4095	670	21	3941
768	0	4095	910	22	3928
1024	0	4095	1146	22	3920
1280	0	4095	1377	23	3916
1536	0	4095	1627	23	3925
1792	0	4095	1868	24	3924
2048	0	4095	2098	24	3930
2303	0	4095	2337	25	3930
2559	0	4095	2576	25	3921
2815	0	4095	2814	25	3916
3071	0	4095	3043	25	3907
3327	0	4095	3272	26	3920
3583	0	4095	3521	26	3934
3839	0	4095	3742	27	3952
4095	0	4095	3958	27	3953
0	256	4095	207	276	3838
256	256	4095	428	275	3818
512	256	4095	654	275	3806
768	256	4095	884	274	3794
1024	256	4095	1112	273	3788
1280	256	4095	1337	274	3793
1536	256	4095	1581	273	3788
1792	256	4095	1813	274	3793
2048	256	4095	2032	274	3792
2303	256	4095	2260	275	3783
2559	256	4095	2496	274	3778
2815	256	4095	2726	274	3768
3071	256	4095	2946	272	3752
3327	256	4095	3167	273	3766
3583	256	4095	3397	274	3781
3839	256	4095	3618	276	3790
4095	256	4095	3818	276	3790
0	512	4095	221	526	3826
256	512	4095	448	528	3849
512	512	4095	680	528	3835
768	512	4095	913	527	3831
1024	512	4095	1138	525	3820
1280	512	4095	1368	525	3822
1536	512	4095	1612	524	3819
1792	512	4095	1841	524	3816
2048	512	4095	2065	525	3816
2303	512	4095	2291	526	3810
2559	512	4095	2529	523	3803
2815	512	4095	2759	523	3796
3071	512	4095	2981	522	3779
3327	512	4095	3205	522	3787
3583	512	4095	3429	523	3797
3839	512	4095	3645	525	3804
4095	512	4095	3845	526	3803
0	768	4095	236	782	3814
256	768	4095	463	789	3834
512	768	4095	700	793	3849
768	768	4095	934	792	3846
1024	768	4095	1160	789	3843
1280	768	4095	1392	788	3838
1536	768	4095	1635	788	3833
1792	768	4095	1864	787	3824
2048	768	4095	2090	790	3821
2303	768	4095	2313	789	3821
2559	768	4095	2556	786	3815
2815	768	4095	2782	782	3797
3071	768	4095	3000	779	3781
3327	768	4095	3225	780	3796
3583	768	4095	3453	784	3806
3839	768	4095	3668	784	3805
4095	768	4095	3867	786	3812
0	1024	4095	253	1037	3833
256	1024	4095	479	1048	3835
512	1024	4095	715	1052	3849
768	1024	4095	956	1057	3866
1024	1024	4095	1184	1057	3858
1280	1024	4095	1419	1056	3848
1536	1024	4095	1660	1056	3842
1792	1024	4095	1886	1054	3839
2048	1024	4095	2111	1054	3839
2303	1024	4095	2340	1054	3838
2559	1024	4095	2580	1050	3819
2815	1024	4095	2806	1049	3810
3071	1024	4095	3027	1046	3796
3327	1024	4095	3255	1046	3811
3583	1024	4095	3484	1050	3817
3839	1024	4095	3695	1053	3822
4095	1024	4095	3890	1054	3823
0	1280	4095	269	1281	3828
256	1280	4095	495	1294	3830
512	1280	4095	728	1295	3842
768	1280	4095	969	1300	3859
1024	1280	4095	1202	1305	3871
1280	1280	4095	1443	1308	3861
1536	1280	4095	1684	1308	3852
1792	1280	4095	1909	1304	3857
2048	1280	4095	2133	1304	3845
2303	1280	4095	2366	1305	3836
2559	1280	4095	2608	1301	3835
2815	1280	4095	2828	1295	3816
3071	1280	4095	3047	1294	3805
3327	1280	4095	3275	1294	3810
3583	1280	4095	3499	1298	3822
3839	1280	4095	3707	1299	3829
4095	1280	4095	3907	1299	3829
0	1536	4095	286	1551	3827
256	1536	4095	511	1564	3847
512	1536	4095	748	1573	3847
768	1536	4095	990	1579	3853
1024	1536	4095	1222	1585	3864
1280	1536	4095	1465	1587	3877
1536	1536	4095	1707	1588	3867
1792	1536	4095	1935	1585	3863
2048	1536	4095	2157	1583	3855
2303	1536	4095	2384	1578	3849
2559	1536	4095	2629	1574	3822
2815	1536	4095	2848	1566	3821
3071	1536	4095	3077	1567	3827
3327	1536	4095	3305	1568	3825
3583	1536	4095	3527	1570	3831
3839	1536	4095	3733	1570	3829
4095	1536	4095	3929	1570	3830
0	1792	4095	303	1812	3837
256	1792	4095	529	1824	3848
512	1792	4095	765	1830	3848
768	1792	4095	1005	1836	3853
1024	1792	4095	1236	1841	3860
1280	1792	4095	1482	1845	3871
1536	1792	4095	1726	1849	3877
1792	1792	4095	1956	1849	3873
2048	1792	4095	2179	1848	3863
2303	1792	4095	2406	1845	3845
2559	1792	4095	2647	1839	3833
2815	1792	4095	2870	1828	3832
3071	1792	4095	3096	1826	3824
3327	1792	4095	3326	1827	3833
3583	1792	4095	3548	1828	3836
3839	1792	4095	3749	1829	3842
4095	1792	4095	3946	1828	3835
0	2048	4095	320	2059	3806
256	2048	4095	548	2074	3841
512	2048	4095	785	2081	3850
768	2048	4095	1025	2082	3851
1024	2048	4095	1252	2085	3855
1280	2048	4095	1500	2091	3862
1536	2048	4095	1742	2095	3876
1792	2048	4095	1976	2099	3879
2048	2048	4095	2205	2102	3870
2303	2048	4095	2436	2096	3860
2559	2048	4095	2675	2091	3840
2815	2048	4095	2894	2085	3845
3071	2048	4095	3119	2087	3845
3327	2048	4095	3351	2087	3844
3583	2048	4095	3565	2086	3843
3839	2048	4095	3771	2088	3849
4095	2048	4095	3974	2086	3843
0	2303	4095	337	2334	3821
256	2303	4095	565	2346	3843
512	2303	4095	800	2352	3846
768	2303	4095	1042	2352	3856
1024	2303	4095	1272	2362	3856
1280	2303	4095	1516	2360	3869
1536	2303	4095	1753	2366	3874
1792	2303	4095	1988	2371	3877
2048	2303	4095	2220	2371	3881
2303	2303	4095	2452	2366	3871
2559	2303	4095	2688	2356	3861
2815	2303	4095	2915	2355	3843
3071	2303	4095	3138	2354	3843
3327	2303	4095	3359	2355	3845
3583	2303	4095	3574	2349	3836
3839	2303	4095	3777	2350	3842
4095	2303	4095	3982	2352	3843
0	2559	4095	352	2588	3815
256	2559	4095	580	2596	3842
512	2559	4095	817	2603	3845
768	2559	4095	1056	2606	3857
1024	2559	4095	1285	2614	3857
1280	2559	4095	1532	2617	3861
1536	2559	4095	1765	2620	3867
1792	2559	4095	1998	2625	3870
2048	2559	4095	2229	2624	3876
2303	2559	4095	2464	2621	3874
2559	2559	4095	2703	2617	3853
2815	2559	4095	2928	2613	3845
3071	2559	4095	3148	2608	3845
3327	2559	4095	3376	2609	3845
3583	2559	4095	3598	2612	3846
3839	2559	4095	3789	2612	3838
4095	2559	4095	3989	2605	3845
0	2815	4095	369	2834	3813
256	2815	4095	597	2844	3834
512	2815	4095	832	2849	3845
768	2815	4095	1070	2857	3841
1024	2815	4095	1299	2859	3853
1280	2815	4095	1547	2861	3853
1536	2815	4095	1781	2865	3865
1792	2815	4095	2012	2874	3853
2048	2815	4095	2242	2871	3868
2303	2815	4095	2476	2864	3864
2559	2815	4095	2716	2861	3855
2815	2815	4095	2948	2863	3853
3071	2815	4095	3165	2857	3840
3327	2815	4095	3393	2857	3841
3583	2815	4095	3604	2855	3841
3839	2815	4095	3801	2856	3840
4095	2815	4095	4000	2858	3838
0	3071	4095	386	3102	3811
256	3071	4095	613	3113	3835
512	3071	4095	848	3113	3832
768	3071	4095	1086	3123	3836
1024	3071	4095	1313	3131	3849
1280	3071	4095	1564	3134	3849
1536	3071	4095	1793	3131	3852
1792	3071	4095	2023	3139	3859
2048	3071	4095	2253	3137	3862
2303	3071	4095	2490	3131	3851
2559	3071	4095	2729	3128	3849
2815	3071	4095	2958	3127	3860
3071	3071	4095	3178	3122	3842
3327	3071	4095	3406	3121	3843
3583	3071	4095	3609	3120	3843
3839	3071	4095	3812	3125	3840
4095	3071	4095	4016	3123	3840
0	3327	4095	403	3358	3801
256	3327	4095	631	3368	3829
512	3327	4095	868	3373	3825
768	3327	4095	1105	3376	3837
1024	3327	4095	1335	3380	3841
1280	3327	4095	1582	3381	3853
1536	3327	4095	1812	3385	3853
1792	3327	4095	2045	3392	3844
2048	3327	4095	2267	3385	3857
2303	3327	4095	2508	3382	3844
2559	3327	4095	2749	3382	3842
2815	3327	4095	2975	3381	3847
3071	3327	4095	3196	3378	3843
3327	3327	4095	3424	3378	3833
3583	3327	4095	3635	3386	3832
3839	3327	4095	3826	3381	3832
4095	3327	4095	4038	3379	3829
0	3583	4095	422	3595	3811
256	3583	4095	652	3600	3831
512	3583	4095	890	3603	3834
768	3583	4095	1126	3611	3845
1024	3583	4095	1356	3616	3842
1280	3583	4095	1606	3621	3846
1536	3583	4095	1831	3617	3852
1792	3583	4095	2059	3621	3852
2048	3583	4095	2285	3609	3859
2303	3583	4095	2533	3616	3848
2559	3583	4095	2770	3614	3853
2815	3583	4095	2988	3608	3850
3071	3583	4095	3209	3610	3840
3327	3583	4095	3440	3614	3846
3583	3583	4095	3647	3612	3837
3839	3583	4095	3842	3603	3837
4095	3583	4095	4057	3615	3830
0	3839	4095	440	3833	3831
256	3839	4095	672	3838	3842
512	3839	4095	911	3847	3846
768	3839	4095	1144	3851	3850
1024	3839	4095	1377	3847	3856
1280	3839	4095	1621	3852	3863
1536	3839	4095	1847	3856	3859
1792	3839	4095	2080	3854	3859
2048	3839	4095	2309	3847	3862
2303	3839	4095	2548	3849	3845
2559	3839	4095	2784	3844	3855
2815	3839	4095	3008	3843	3853
3071	3839	4095	3232	3847	3841
3327	3839	4095	3457	3844	3839
3583	3839	4095	3662	3841	3836
3839	3839	4095	3872	3843	3838
4095	3839	4095	4076	3851	3838
0	4095	4095	458	4059	3854
256	4095	4095	692	4066	3860
512	4095	4095	932	4070	3864
768	4095	4095	1164	4069	3867
1024	4095	4095	1397	4068	3868
1280	4095	4095	1639	4070	3865
1536	4095	4095	1864	4069	3864
1792	4095	4095	2093	4066	3859
2048	4095	4095	2333	4076	3872
2303	4095	4095	2567	4065	3862
2559	4095	4095	2802	4068	3852
2815	4095	4095	3023	4068	3845
3071	4095	4095	3248	4063	3843
3327	4095	4095	3472	4060	3841
3583	4095	4095	3676	4064	3839
3839	4095	4095	3883	4070	3843
4095	4095	4095	4095	4077	3840
