0	0	0	0	0	0
256	0	0	248	0	0
512	0	0	491	0	0
768	0	0	740	0	0
1024	0	0	988	0	0
1280	0	0	1228	0	0
1536	0	0	1485	0	0
1792	0	0	1734	0	0
2048	0	0	1982	0	0
2303	0	0	2237	0	0
2559	0	0	2494	0	0
2815	0	0	2742	0	0
3071	0	0	2991	0	0
3327	0	0	3262	0	0
3583	0	0	3488	0	0
3839	0	0	3736	0	0
4095	0	0	3973	0	0
0	256	0	0	246	0
256	256	0	237	237	0
512	256	0	465	232	0
768	256	0	696	228	0
1024	256	0	934	224	0
1280	256	0	1148	222	0
1536	256	0	1398	220	0
1792	256	0	1623	218	0
2048	256	0	1844	216	0
2303	256	0	2091	215	0
2559	256	0	2323	213	0
2815	256	0	2562	211	0
3071	256	0	2774	209	0
3327	256	0	3028	210	0
3583	256	0	3236	211	0
3839	256	0	3470	211	0
4095	256	0	3669	213	0
0	512	0	0	491	0
256	512	0	231	467	0
512	512	0	461	466	0
768	512	0	694	459	0
1024	512	0	932	451	0
1280	512	0	1152	445	0
1536	512	0	1394	439	0
1792	512	0	1621	435	0
2048	512	0	1847	434	0
2303	512	0	2087	433	0
2559	512	0	2326	428	0
2815	512	0	2558	423	0
3071	512	0	2779	422	0
3327	512	0	3037	422	0
3583	512	0	3241	426	0
3839	512	0	3466	427	0
4095	512	0	3675	429	0
0	768	0	0	739	0
256	768	0	225	698	0
512	768	0	453	698	0
768	768	0	694	694	0
1024	768	0	926	683	0
1280	768	0	1144	676	0
1536	768	0	1387	669	0
1792	768	0	1617	666	0
2048	768	0	1841	666	0
2303	768	0	2078	662	0
2559	768	0	2318	657	0
2815	768	0	2554	652	0
3071	768	0	2768	648	0
3327	768	0	3011	648	0
3583	768	0	3228	650	0
3839	768	0	3438	652	0
4095	768	0	3658	655	0
0	1024	0	0	986	0
256	1024	0	223	933	0
512	1024	0	447	933	0
768	1024	0	684	927	0
1024	1024	0	920	924	0
1280	1024	0	1138	912	0
1536	1024	0	1386	906	0
1792	1024	0	1612	899	0
2048	1024	0	1833	901	0
2303	1024	0	2068	900	0
2559	1024	0	2309	888	0
2815	1024	0	2544	883	0
3071	1024	0	2761	878	0
3327	1024	0	3011	883	0
3583	1024	0	3230	886	0
3839	1024	0	3439	886	0
4095	1024	0	3649	892	0
0	1280	0	0	1227	0
256	1280	0	218	1151	0
512	1280	0	441	1148	0
768	1280	0	676	1141	0
1024	1280	0	910	1134	0
1280	1280	0	1135	1137	0
1536	1280	0	1378	1125	0
1792	1280	0	1603	1117	0
2048	1280	0	1828	1117	0
2303	1280	0	2064	1112	0
2559	1280	0	2306	1103	0
2815	1280	0	2541	1098	0
3071	1280	0	2756	1090	0
3327	1280	0	3003	1097	0
3583	1280	0	3224	1100	0
3839	1280	0	3434	1101	0
4095	1280	0	3645	1104	0
0	1536	0	0	1482	0
256	1536	0	217	1394	0
512	1536	0	436	1388	0
768	1536	0	670	1380	0
1024	1536	0	905	1377	0
1280	1536	0	1123	1375	0
1536	1536	0	1375	1372	0
1792	1536	0	1607	1363	0
2048	1536	0	1828	1366	0
2303	1536	0	2069	1365	0
2559	1536	0	2313	1356	0
2815	1536	0	2538	1349	0
3071	1536	0	2755	1341	0
3327	1536	0	3010	1347	0
3583	1536	0	3224	1346	0
3839	1536	0	3432	1352	0
4095	1536	0	3653	1360	0
0	1792	0	0	1730	0
256	1792	0	216	1622	0
512	1792	0	433	1614	0
768	1792	0	669	1611	0
1024	1792	0	900	1604	0
1280	1792	0	1119	1603	0
1536	1792	0	1375	1598	0
1792	1792	0	1612	1606	0
2048	1792	0	1836	1605	0
2303	1792	0	2076	1598	0
2559	1792	0	2316	1589	0
2815	1792	0	2544	1581	0
3071	1792	0	2776	1581	0
3327	1792	0	2999	1578	0
3583	1792	0	3231	1591	0
3839	1792	0	3449	1592	0
4095	1792	0	3672	1601	0
0	2048	0	0	1977	0
256	2048	0	215	1841	0
512	2048	0	433	1838	0
768	2048	0	666	1833	0
1024	2048	0	895	1824	0
1280	2048	0	1117	1822	0
1536	2048	0	1368	1819	0
1792	2048	0	1615	1831	0
2048	2048	0	1841	1831	0
2303	2048	0	2075	1823	0
2559	2048	0	2324	1816	0
2815	2048	0	2552	1808	0
3071	2048	0	2780	1804	0
3327	2048	0	3006	1810	0
3583	2048	0	3250	1819	0
3839	2048	0	3457	1819	0
4095	2048	0	3675	1825	0
0	2303	0	0	2237	0
256	2303	0	214	2091	0
512	2303	0	429	2094	0
768	2303	0	660	2083	0
1024	2303	0	889	2081	0
1280	2303	0	1110	2072	0
1536	2303	0	1365	2074	0
1792	2303	0	1610	2076	0
2048	2303	0	1833	2081	0
2303	2303	0	2068	2074	0
2559	2303	0	2327	2077	0
2815	2303	0	2555	2067	0
3071	2303	0	2784	2059	0
3327	2303	0	3021	2064	0
3583	2303	0	3238	2067	0
3839	2303	0	3462	2078	0
4095	2303	0	3681	2091	0
0	2559	0	0	2487	0
256	2559	0	212	2314	0
512	2559	0	427	2318	0
768	2559	0	657	2309	0
1024	2559	0	885	2298	0
1280	2559	0	1105	2295	0
1536	2559	0	1360	2302	0
1792	2559	0	1597	2302	0
2048	2559	0	1825	2305	0
2303	2559	0	2068	2310	0
2559	2559	0	2322	2308	0
2815	2559	0	2553	2299	0
3071	2559	0	2773	2295	0
3327	2559	0	3020	2303	0
3583	2559	0	3234	2303	0
3839	2559	0	3449	2310	0
4095	2559	0	3678	2323	0
0	2815	0	0	2734	0
256	2815	0	210	2550	0
512	2815	0	422	2544	0
768	2815	0	652	2539	0
1024	2815	0	883	2534	0
1280	2815	0	1101	2529	0
1536	2815	0	1348	2533	0
1792	2815	0	1590	2531	0
2048	2815	0	1820	2536	0
2303	2815	0	2063	2540	0
2559	2815	0	2312	2527	0
2815	2815	0	2553	2529	0
3071	2815	0	2766	2512	0
3327	2815	0	3008	2531	0
3583	2815	0	3235	2532	0
3839	2815	0	3458	2547	0
4095	2815	0	3681	2556	0
0	3071	0	1	2982	0
256	3071	0	209	2772	0
512	3071	0	423	2777	0
768	3071	0	649	2771	0
1024	3071	0	879	2759	0
1280	3071	0	1097	2754	0
1536	3071	0	1342	2760	0
1792	3071	0	1590	2769	0
2048	3071	0	1813	2765	0
2303	3071	0	2054	2775	0
2559	3071	0	2302	2770	0
2815	3071	0	2545	2771	0
3071	3071	0	2772	2765	0
3327	3071	0	2999	2765	0
3583	3071	0	3235	2780	0
3839	3071	0	3445	2795	0
4095	3071	0	3678	2815	0
0	3327	0	1	3245	0
256	3327	0	210	3024	0
512	3327	0	425	3020	0
768	3327	0	649	3008	0
1024	3327	0	883	3002	0
1280	3327	0	1104	3000	0
1536	3327	0	1353	3002	0
1792	3327	0	1589	3000	0
2048	3327	0	1819	3021	0
2303	3327	0	2061	3016	0
2559	3327	0	2320	3020	0
2815	3327	0	2552	3018	0
3071	3327	0	2784	3005	0
3327	3327	0	3017	3010	0
3583	3327	0	3244	3025	0
3839	3327	0	3463	3041	0
4095	3327	0	3700	3066	0
0	3583	0	1	3478	0
256	3583	0	211	3236	0
512	3583	0	426	3242	0
768	3583	0	651	3219	0
1024	3583	0	887	3215	0
1280	3583	0	1107	3210	0
1536	3583	0	1355	3210	0
1792	3583	0	1593	3223	0
2048	3583	0	1831	3238	0
2303	3583	0	2067	3233	0
2559	3583	0	2329	3233	0
2815	3583	0	2560	3228	0
3071	3583	0	2800	3229	0
3327	3583	0	3026	3241	0
3583	3583	0	3261	3257	0
3839	3583	0	3482	3273	0
4095	3583	0	3720	3284	0
0	3839	0	1	3725	0
256	3839	0	212	3471	0
512	3839	0	430	3478	0
768	3839	0	654	3463	0
1024	3839	0	891	3449	0
1280	3839	0	1113	3446	0
1536	3839	0	1360	3452	0
1792	3839	0	1605	3455	0
2048	3839	0	1837	3468	0
2303	3839	0	2081	3473	0
2559	3839	0	2336	3462	0
2815	3839	0	2582	3466	0
3071	3839	0	2801	3461	0
3327	3839	0	3045	3478	0
3583	3839	0	3281	3493	0
3839	3839	0	3515	3505	0
4095	3839	0	3744	3522	0
0	4095	0	2	3964	0
256	4095	0	215	3681	0
512	4095	0	434	3676	0
768	4095	0	662	3664	0
1024	4095	0	897	3656	0
1280	4095	0	1120	3646	0
1536	4095	0	1371	3659	0
1792	4095	0	1619	3675	0
2048	4095	0	1848	3672	0
2303	4095	0	2091	3688	0
2559	4095	0	2350	3672	0
2815	4095	0	2595	3675	0
3071	4095	0	2818	3676	0
3327	4095	0	3063	3695	0
3583	4095	0	3303	3704	0
3839	4095	0	3535	3722	0
4095	4095	0	3766	3743	0
0	0	256	0	0	223
256	0	256	244	0	214
512	0	256	482	0	210
768	0	256	722	0	207
1024	0	256	965	0	204
1280	0	256	1196	0	202
1536	0	256	1450	0	201
1792	0	256	1688	0	199
2048	0	256	1930	0	199
2303	0	256	2173	0	197
2559	0	256	2417	0	195
2815	0	256	2669	0	194
3071	0	256	2899	0	192
3327	0	256	3159	0	193
3583	0	256	3385	0	194
3839	0	256	3610	0	196
4095	0	256	3829	0	197
0	256	256	0	241	222
256	256	256	246	247	215
512	256	256	481	240	211
768	256	256	717	235	207
1024	256	256	954	230	204
1280	256	256	1171	227	202
1536	256	256	1417	223	200
1792	256	256	1639	221	198
2048	256	256	1859	219	198
2303	256	256	2100	217	196
2559	256	256	2335	212	194
2815	256	256	2557	210	192
3071	256	256	2772	207	190
3327	256	256	3000	207	191
3583	256	256	3219	207	192
3839	256	256	3423	206	194
4095	256	256	3629	207	194
0	512	256	0	482	216
256	512	256	239	482	220
512	512	256	477	481	215
768	512	256	714	471	209
1024	512	256	951	463	204
1280	512	256	1169	456	199
1536	512	256	1416	450	195
1792	512	256	1642	442	191
2048	512	256	1857	437	188
2303	512	256	2092	434	185
2559	512	256	2330	428	183
2815	512	256	2555	422	179
3071	512	256	2772	418	177
3327	512	256	3000	418	176
3583	512	256	3216	418	176
3839	512	256	3429	420	176
4095	512	256	3630	419	175
0	768	256	0	725	213
256	768	256	235	719	215
512	768	256	468	715	213
768	768	256	711	711	208
1024	768	256	945	701	203
1280	768	256	1167	692	198
1536	768	256	1409	684	195
1792	768	256	1636	675	191
2048	768	256	1851	669	188
2303	768	256	2090	665	186
2559	768	256	2322	657	182
2815	768	256	2547	650	179
3071	768	256	2770	647	176
3327	768	256	2986	644	176
3583	768	256	3207	643	176
3839	768	256	3414	643	175
4095	768	256	3619	641	176
0	1024	256	0	967	210
256	1024	256	231	956	210
512	1024	256	459	955	208
768	1024	256	700	950	206
1024	1024	256	945	948	201
1280	1024	256	1162	932	196
1536	1024	256	1403	922	193
1792	1024	256	1629	914	188
2048	1024	256	1851	907	186
2303	1024	256	2079	897	185
2559	1024	256	2313	891	181
2815	1024	256	2536	883	178
3071	1024	256	2761	876	175
3327	1024	256	2978	876	175
3583	1024	256	3191	871	174
3839	1024	256	3404	874	174
4095	1024	256	3610	874	175
0	1280	256	0	1197	207
256	1280	256	225	1175	205
512	1280	256	451	1173	203
768	1280	256	693	1166	201
1024	1280	256	931	1158	200
1280	1280	256	1156	1158	195
1536	1280	256	1400	1140	192
1792	1280	256	1622	1132	187
2048	1280	256	1842	1127	186
2303	1280	256	2076	1119	183
2559	1280	256	2312	1105	180
2815	1280	256	2533	1094	177
3071	1280	256	2751	1090	174
3327	1280	256	2973	1085	173
3583	1280	256	3195	1087	173
3839	1280	256	3398	1087	173
4095	1280	256	3617	1091	174
0	1536	256	0	1449	206
256	1536	256	224	1414	200
512	1536	256	446	1416	199
768	1536	256	684	1408	197
1024	1536	256	920	1401	195
1280	1536	256	1145	1395	195
1536	1536	256	1399	1391	191
1792	1536	256	1623	1383	186
2048	1536	256	1839	1380	185
2303	1536	256	2070	1370	183
2559	1536	256	2312	1357	179
2815	1536	256	2540	1346	176
3071	1536	256	2751	1330	173
3327	1536	256	2990	1336	173
3583	1536	256	3190	1332	173
3839	1536	256	3398	1331	173
4095	1536	256	3608	1335	174
0	1792	256	0	1690	204
256	1792	256	220	1639	196
512	1792	256	441	1635	196
768	1792	256	677	1627	193
1024	1792	256	911	1624	192
1280	1792	256	1129	1616	191
1536	1792	256	1387	1618	189
1792	1792	256	1623	1618	186
2048	1792	256	1843	1612	184
2303	1792	256	2069	1599	183
2559	1792	256	2313	1586	179
2815	1792	256	2546	1582	175
3071	1792	256	2760	1569	173
3327	1792	256	2985	1567	173
3583	1792	256	3197	1565	172
3839	1792	256	3396	1568	173
4095	1792	256	3617	1567	173
0	2048	256	1	1925	203
256	2048	256	219	1859	193
512	2048	256	438	1851	192
768	2048	256	672	1841	189
1024	2048	256	908	1840	188
1280	2048	256	1127	1838	187
1536	2048	256	1376	1836	186
1792	2048	256	1618	1834	186
2048	2048	256	1843	1833	185
2303	2048	256	2079	1827	182
2559	2048	256	2318	1811	179
2815	2048	256	2545	1803	176
3071	2048	256	2754	1786	173
3327	2048	256	2995	1796	173
3583	2048	256	3208	1792	173
3839	2048	256	3416	1796	173
4095	2048	256	3628	1796	174
0	2303	256	0	2181	203
256	2303	256	217	2113	190
512	2303	256	433	2104	190
768	2303	256	668	2099	188
1024	2303	256	900	2088	187
1280	2303	256	1122	2090	186
1536	2303	256	1370	2089	185
1792	2303	256	1608	2080	185
2048	2303	256	1836	2083	185
2303	2303	256	2074	2082	183
2559	2303	256	2318	2067	178
2815	2303	256	2544	2059	176
3071	2303	256	2762	2043	174
3327	2303	256	2995	2044	174
3583	2303	256	3204	2039	174
3839	2303	256	3405	2046	175
4095	2303	256	3631	2049	174
0	2559	256	1	2421	201
256	2559	256	215	2324	188
512	2559	256	429	2327	188
768	2559	256	658	2319	187
1024	2559	256	889	2312	184
1280	2559	256	1109	2303	184
1536	2559	256	1359	2310	183
1792	2559	256	1594	2298	182
2048	2559	256	1823	2304	182
2303	2559	256	2062	2308	182
2559	2559	256	2314	2300	179
2815	2559	256	2538	2292	176
3071	2559	256	2759	2283	174
3327	2559	256	2987	2280	174
3583	2559	256	3202	2278	174
3839	2559	256	3402	2278	174
4095	2559	256	3622	2288	175
0	2815	256	1	2662	200
256	2815	256	211	2558	186
512	2815	256	425	2556	185
768	2815	256	652	2543	183
1024	2815	256	883	2540	181
1280	2815	256	1102	2528	180
1536	2815	256	1354	2533	180
1792	2815	256	1590	2530	179
2048	2815	256	1814	2527	179
2303	2815	256	2050	2532	179
2559	2815	256	2300	2522	177
2815	2815	256	2532	2509	174
3071	2815	256	2752	2503	173
3327	2815	256	2981	2501	173
3583	2815	256	3196	2498	172
3839	2815	256	3403	2505	172
4095	2815	256	3624	2511	173
0	3071	256	2	2902	198
256	3071	256	209	2778	183
512	3071	256	422	2775	182
768	3071	256	648	2770	180
1024	3071	256	879	2758	179
1280	3071	256	1095	2758	178
1536	3071	256	1341	2750	177
1792	3071	256	1577	2753	178
2048	3071	256	1802	2756	177
2303	3071	256	2042	2762	177
2559	3071	256	2292	2765	174
2815	3071	256	2517	2749	174
3071	3071	256	2752	2746	172
3327	3071	256	2970	2743	173
3583	3071	256	3194	2743	172
3839	3071	256	3402	2759	172
4095	3071	256	3623	2760	172
0	3327	256	2	3163	197
256	3327	256	209	3016	181
512	3327	256	422	3010	180
768	3327	256	645	3007	178
1024	3327	256	878	2994	176
1280	3327	256	1096	2981	175
1536	3327	256	1345	2983	175
1792	3327	256	1578	2989	175
2048	3327	256	1808	2994	175
2303	3327	256	2047	3000	175
2559	3327	256	2300	2994	173
2815	3327	256	2531	2983	172
3071	3327	256	2744	2972	171
3327	3327	256	2988	2979	172
3583	3327	256	3205	2981	171
3839	3327	256	3422	2996	172
4095	3327	256	3634	2998	172
0	3583	256	2	3384	198
256	3583	256	209	3220	180
512	3583	256	422	3219	180
768	3583	256	645	3204	178
1024	3583	256	878	3191	176
1280	3583	256	1100	3195	175
1536	3583	256	1342	3194	175
1792	3583	256	1578	3202	175
2048	3583	256	1812	3209	175
2303	3583	256	2048	3207	175
2559	3583	256	2301	3201	173
2815	3583	256	2535	3192	173
3071	3583	256	2754	3187	172
3327	3583	256	2991	3195	173
3583	3583	256	3213	3201	172
3839	3583	256	3426	3206	172
4095	3583	256	3646	3222	173
0	3839	256	2	3622	200
256	3839	256	209	3446	180
512	3839	256	425	3452	180
768	3839	256	648	3433	177
1024	3839	256	883	3419	176
1280	3839	256	1102	3415	176
1536	3839	256	1348	3412	174
1792	3839	256	1579	3425	175
2048	3839	256	1817	3431	176
2303	3839	256	2050	3431	175
2559	3839	256	2304	3416	174
2815	3839	256	2545	3412	173
3071	3839	256	2755	3406	172
3327	3839	256	3000	3413	172
3583	3839	256	3225	3417	173
3839	3839	256	3448	3432	173
4095	3839	256	3669	3444	174
0	4095	256	3	3847	202
256	4095	256	212	3641	180
512	4095	256	426	3637	179
768	4095	256	650	3624	177
1024	4095	256	884	3611	176
1280	4095	256	1108	3617	176
1536	4095	256	1351	3623	176
1792	4095	256	1588	3624	175
2048	4095	256	1826	3634	177
2303	4095	256	2060	3633	176
2559	4095	256	2308	3626	174
2815	4095	256	2546	3615	173
3071	4095	256	2766	3609	173
3327	4095	256	3009	3620	172
3583	4095	256	3236	3636	173
3839	4095	256	3460	3647	175
4095	4095	256	3686	3661	176
0	0	512	0	0	442
256	0	512	242	0	419
512	0	512	482	0	416
768	0	512	724	0	408
1024	0	512	968	0	403
1280	0	512	1196	0	399
1536	0	512	1453	0	395
1792	0	512	1691	0	393
2048	0	512	1927	0	394
2303	0	512	2173	0	390
2559	0	512	2426	0	387
2815	0	512	2676	0	385
3071	0	512	2901	0	381
3327	0	512	3158	0	384
3583	0	512	3372	0	386
3839	0	512	3608	0	389
4095	0	512	3835	0	391
0	256	512	0	240	437
256	256	512	245	246	421
512	256	512	485	243	418
768	256	512	722	238	408
1024	256	512	960	233	402
1280	256	512	1184	230	397
1536	256	512	1424	225	392
1792	256	512	1651	223	389
2048	256	512	1872	220	388
2303	256	512	2113	219	385
2559	256	512	2345	215	381
2815	256	512	2572	212	378
3071	256	512	2787	209	373
3327	256	512	3019	209	375
3583	256	512	3227	208	377
3839	256	512	3432	208	379
4095	256	512	3635	207	380
0	512	512	0	484	420
256	512	512	242	488	424
512	512	512	489	493	422
768	512	512	729	483	410
1024	512	512	973	476	401
1280	512	512	1196	467	393
1536	512	512	1442	461	387
1792	512	512	1671	453	380
2048	512	512	1888	447	374
2303	512	512	2124	444	371
2559	512	512	2364	438	364
2815	512	512	2600	433	360
3071	512	512	2809	427	353
3327	512	512	3037	426	352
3583	512	512	3243	427	352
3839	512	512	3459	426	351
4095	512	512	3665	426	351
0	768	512	0	725	417
256	768	512	237	726	419
512	768	512	480	732	424
768	768	512	729	730	415
1024	768	512	968	718	406
1280	768	512	1192	707	397
1536	768	512	1438	699	392
1792	768	512	1664	689	384
2048	768	512	1886	684	380
2303	768	512	2123	678	375
2559	768	512	2356	670	369
2815	768	512	2589	665	364
3071	768	512	2803	658	357
3327	768	512	3032	657	356
3583	768	512	3235	654	355
3839	768	512	3443	651	355
4095	768	512	3654	652	354
0	1024	512	0	970	410
256	1024	512	233	966	408
512	1024	512	473	977	414
768	1024	512	717	971	411
1024	1024	512	968	967	403
1280	1024	512	1189	953	396
1536	1024	512	1431	943	390
1792	1024	512	1658	934	382
2048	1024	512	1883	926	378
2303	1024	512	2120	918	374
2559	1024	512	2350	907	367
2815	1024	512	2586	903	362
3071	1024	512	2801	894	355
3327	1024	512	3023	893	355
3583	1024	512	3229	886	352
3839	1024	512	3439	887	352
4095	1024	512	3644	889	352
0	1280	512	0	1200	406
256	1280	512	230	1185	400
512	1280	512	464	1195	405
768	1280	512	708	1189	402
1024	1280	512	955	1185	400
1280	1280	512	1179	1180	394
1536	1280	512	1430	1166	386
1792	1280	512	1656	1160	380
2048	1280	512	1874	1150	376
2303	1280	512	2107	1138	372
2559	1280	512	2349	1127	365
2815	1280	512	2576	1117	359
3071	1280	512	2791	1112	353
3327	1280	512	3020	1107	352
3583	1280	512	3223	1100	350
3839	1280	512	3435	1103	349
4095	1280	512	3646	1104	349
0	1536	512	1	1452	403
256	1536	512	226	1425	393
512	1536	512	459	1443	398
768	1536	512	700	1434	395
1024	1536	512	940	1427	394
1280	1536	512	1169	1421	390
1536	1536	512	1431	1420	384
1792	1536	512	1656	1409	379
2048	1536	512	1867	1403	374
2303	1536	512	2103	1394	370
2559	1536	512	2342	1374	362
2815	1536	512	2578	1368	357
3071	1536	512	2791	1354	353
3327	1536	512	3021	1353	350
3583	1536	512	3227	1349	348
3839	1536	512	3433	1347	347
4095	1536	512	3650	1351	348
0	1792	512	1	1689	399
256	1792	512	224	1652	387
512	1792	512	454	1665	392
768	1792	512	694	1660	390
1024	1792	512	932	1656	386
1280	1792	512	1160	1653	384
1536	1792	512	1420	1649	382
1792	1792	512	1658	1647	378
2048	1792	512	1874	1636	373
2303	1792	512	2105	1626	369
2559	1792	512	2348	1614	361
2815	1792	512	2580	1606	357
3071	1792	512	2794	1593	352
3327	1792	512	3023	1591	349
3583	1792	512	3230	1584	347
3839	1792	512	3439	1588	348
4095	1792	512	3655	1589	349
0	2048	512	1	1929	398
256	2048	512	223	1869	381
512	2048	512	449	1886	387
768	2048	512	691	1881	384
1024	2048	512	930	1874	381
1280	2048	512	1153	1871	379
1536	2048	512	1404	1869	378
1792	2048	512	1648	1862	377
2048	2048	512	1873	1863	373
2303	2048	512	2114	1857	368
2559	2048	512	2351	1839	362
2815	2048	512	2580	1829	356
3071	2048	512	2792	1815	351
3327	2048	512	3019	1813	349
3583	2048	512	3239	1813	348
3839	2048	512	3445	1815	349
4095	2048	512	3667	1821	350
0	2303	512	1	2183	398
256	2303	512	221	2128	376
512	2303	512	444	2141	383
768	2303	512	684	2133	380
1024	2303	512	923	2127	378
1280	2303	512	1143	2122	375
1536	2303	512	1396	2124	373
1792	2303	512	1635	2113	372
2048	2303	512	1867	2120	372
2303	2303	512	2105	2113	369
2559	2303	512	2350	2096	362
2815	2303	512	2576	2082	357
3071	2303	512	2798	2070	352
3327	2303	512	3022	2068	350
3583	2303	512	3231	2064	349
3839	2303	512	3436	2063	350
4095	2303	512	3657	2070	350
0	2559	512	2	2424	396
256	2559	512	217	2344	373
512	2559	512	440	2364	378
768	2559	512	674	2355	376
1024	2559	512	909	2346	374
1280	2559	512	1132	2340	370
1536	2559	512	1382	2336	369
1792	2559	512	1622	2334	367
2048	2559	512	1851	2340	368
2303	2559	512	2090	2338	365
2559	2559	512	2343	2329	359
2815	2559	512	2567	2318	354
3071	2559	512	2790	2304	351
3327	2559	512	3011	2307	349
3583	2559	512	3228	2298	347
3839	2559	512	3435	2303	348
4095	2559	512	3654	2306	348
0	2815	512	2	2670	394
256	2815	512	214	2574	367
512	2815	512	436	2595	373
768	2815	512	667	2581	370
1024	2815	512	903	2577	367
1280	2815	512	1124	2566	364
1536	2815	512	1377	2566	362
1792	2815	512	1614	2562	362
2048	2815	512	1839	2558	362
2303	2815	512	2076	2556	359
2559	2815	512	2335	2555	356
2815	2815	512	2567	2543	351
3071	2815	512	2791	2533	347
3327	2815	512	3006	2528	347
3583	2815	512	3230	2526	345
3839	2815	512	3434	2527	347
4095	2815	512	3656	2533	346
0	3071	512	2	2905	391
256	3071	512	212	2797	363
512	3071	512	433	2815	368
768	3071	512	661	2807	365
1024	3071	512	899	2802	362
1280	3071	512	1117	2799	360
1536	3071	512	1364	2786	359
1792	3071	512	1606	2797	357
2048	3071	512	1832	2796	358
2303	3071	512	2070	2799	355
2559	3071	512	2322	2792	351
2815	3071	512	2557	2785	350
3071	3071	512	2777	2777	347
3327	3071	512	3002	2769	345
3583	3071	512	3221	2767	345
3839	3071	512	3431	2776	346
4095	3071	512	3653	2783	346
0	3327	512	2	3169	390
256	3327	512	212	3032	359
512	3327	512	431	3049	364
768	3327	512	660	3044	361
1024	3327	512	895	3035	358
1280	3327	512	1117	3023	356
1536	3327	512	1366	3018	355
1792	3327	512	1601	3024	353
2048	3327	512	1828	3020	354
2303	3327	512	2072	3034	353
2559	3327	512	2323	3023	349
2815	3327	512	2556	3017	348
3071	3327	512	2775	2999	345
3327	3327	512	3007	3004	344
3583	3327	512	3230	3003	344
3839	3327	512	3442	3018	345
4095	3327	512	3660	3018	346
0	3583	512	3	3388	393
256	3583	512	212	3237	358
512	3583	512	432	3260	362
768	3583	512	658	3246	360
1024	3583	512	896	3233	357
1280	3583	512	1115	3225	355
1536	3583	512	1365	3229	354
1792	3583	512	1600	3235	351
2048	3583	512	1837	3242	352
2303	3583	512	2068	3242	352
2559	3583	512	2324	3230	349
2815	3583	512	2557	3223	347
3071	3583	512	2777	3212	345
3327	3583	512	3015	3220	346
3583	3583	512	3240	3230	346
3839	3583	512	3459	3236	347
4095	3583	512	3670	3238	347
0	3839	512	3	3632	395
256	3839	512	212	3468	358
512	3839	512	432	3480	362
768	3839	512	659	3465	359
1024	3839	512	896	3455	356
1280	3839	512	1119	3452	353
1536	3839	512	1368	3454	352
1792	3839	512	1604	3461	352
2048	3839	512	1840	3463	353
2303	3839	512	2073	3459	351
2559	3839	512	2330	3449	348
2815	3839	512	2561	3436	348
3071	3839	512	2778	3425	345
3327	3839	512	3018	3438	347
3583	3839	512	3257	3447	348
3839	3839	512	3466	3450	348
4095	3839	512	3688	3461	349
0	4095	512	4	3860	398
256	4095	512	213	3652	358
512	4095	512	435	3676	362
768	4095	512	662	3670	359
1024	4095	512	899	3664	356
1280	4095	512	1122	3655	353
1536	4095	512	1374	3662	353
1792	4095	512	1606	3657	353
2048	4095	512	1847	3668	354
2303	4095	512	2077	3664	353
2559	4095	512	2331	3653	349
2815	4095	512	2567	3643	349
3071	4095	512	2787	3634	346
3327	4095	512	3029	3644	348
3583	4095	512	3262	3657	349
3839	4095	512	3476	3664	350
4095	4095	512	3705	3680	352
0	0	768	0	0	683
256	0	768	242	0	645
512	0	768	483	0	643
768	0	768	728	0	637
1024	0	768	974	0	629
1280	0	768	1204	0	624
1536	0	768	1464	0	618
1792	0	768	1698	0	615
2048	0	768	1938	0	613
2303	0	768	2184	0	611
2559	0	768	2437	0	607
2815	0	768	2693	0	604
3071	0	768	2913	0	598
3327	0	768	3170	0	602
3583	0	768	3386	0	604
3839	0	768	3629	0	608
4095	0	768	3853	0	611
0	256	768	0	240	669
256	256	768	243	243	647
512	256	768	484	243	644
768	256	768	728	240	637
1024	256	768	967	235	627
1280	256	768	1187	231	619
1536	256	768	1436	227	611
1792	256	768	1663	224	607
2048	256	768	1881	223	603
2303	256	768	2124	221	599
2559	256	768	2356	217	593
2815	256	768	2589	214	589
3071	256	768	2801	211	583
3327	256	768	3041	211	585
3583	256	768	3239	211	586
3839	256	768	3448	210	588
4095	256	768	3658	210	590
0	512	768	0	486	646
256	512	768	242	487	649
512	512	768	491	495	650
768	512	768	739	489	641
1024	512	768	982	481	628
1280	512	768	1208	474	617
1536	512	768	1459	466	606
1792	512	768	1686	460	598
2048	512	768	1904	454	591
2303	512	768	2149	451	585
2559	512	768	2383	443	576
2815	512	768	2623	439	571
3071	512	768	2836	434	565
3327	512	768	3066	433	562
3583	512	768	3270	433	561
3839	512	768	3484	432	560
4095	512	768	3689	432	560
0	768	768	0	730	644
256	768	768	240	730	644
512	768	768	487	740	654
768	768	768	744	744	650
1024	768	768	988	731	636
1280	768	768	1215	722	626
1536	768	768	1463	711	615
1792	768	768	1692	703	607
2048	768	768	1914	699	599
2303	768	768	2155	692	592
2559	768	768	2393	683	584
2815	768	768	2627	679	579
3071	768	768	2836	671	571
3327	768	768	3075	670	569
3583	768	768	3271	665	567
3839	768	768	3487	664	565
4095	768	768	3689	664	564
0	1024	768	0	975	637
256	1024	768	236	971	634
512	1024	768	478	984	644
768	1024	768	732	987	647
1024	1024	768	985	985	637
1280	1024	768	1210	973	626
1536	1024	768	1457	962	617
1792	1024	768	1686	950	608
2048	1024	768	1907	944	600
2303	1024	768	2150	936	593
2559	1024	768	2386	922	585
2815	1024	768	2620	920	579
3071	1024	768	2833	909	571
3327	1024	768	3064	907	570
3583	1024	768	3269	902	566
3839	1024	768	3478	901	564
4095	1024	768	3686	902	564
0	1280	768	0	1205	631
256	1280	768	231	1191	623
512	1280	768	470	1209	632
768	1280	768	722	1212	635
1024	1280	768	973	1209	631
1280	1280	768	1206	1203	622
1536	1280	768	1456	1191	613
1792	1280	768	1685	1180	604
2048	1280	768	1905	1169	598
2303	1280	768	2139	1161	590
2559	1280	768	2385	1149	582
2815	1280	768	2614	1138	576
3071	1280	768	2823	1127	569
3327	1280	768	3060	1126	567
3583	1280	768	3265	1120	562
3839	1280	768	3471	1122	562
4095	1280	768	3681	1119	562
0	1536	768	1	1459	626
256	1536	768	229	1433	611
512	1536	768	465	1455	623
768	1536	768	714	1458	625
1024	1536	768	960	1454	621
1280	1536	768	1193	1450	617
1536	1536	768	1454	1446	610
1792	1536	768	1684	1436	602
2048	1536	768	1901	1424	596
2303	1536	768	2141	1414	588
2559	1536	768	2376	1396	580
2815	1536	768	2613	1390	574
3071	1536	768	2828	1378	566
3327	1536	768	3059	1375	565
3583	1536	768	3263	1370	560
3839	1536	768	3468	1365	560
4095	1536	768	3692	1371	561
0	1792	768	1	1699	622
256	1792	768	227	1662	603
512	1792	768	460	1686	614
768	1792	768	709	1689	617
1024	1792	768	952	1682	612
1280	1792	768	1185	1681	608
1536	1792	768	1443	1677	607
1792	1792	768	1684	1676	601
2048	1792	768	1900	1660	594
2303	1792	768	2138	1652	587
2559	1792	768	2381	1641	580
2815	1792	768	2612	1629	574
3071	1792	768	2828	1620	565
3327	1792	768	3054	1612	564
3583	1792	768	3269	1609	561
3839	1792	768	3477	1609	560
4095	1792	768	3693	1611	562
0	2048	768	1	1939	621
256	2048	768	225	1885	596
512	2048	768	455	1909	607
768	2048	768	704	1916	610
1024	2048	768	947	1907	605
1280	2048	768	1176	1899	601
1536	2048	768	1433	1896	600
1792	2048	768	1673	1892	598
2048	2048	768	1901	1891	593
2303	2048	768	2140	1881	587
2559	2048	768	2383	1868	580
2815	2048	768	2617	1859	573
3071	2048	768	2830	1842	565
3327	2048	768	3056	1840	563
3583	2048	768	3273	1836	562
3839	2048	768	3478	1836	561
4095	2048	768	3703	1844	563
0	2303	768	1	2199	619
256	2303	768	222	2142	591
512	2303	768	451	2164	600
768	2303	768	697	2167	603
1024	2303	768	939	2160	600
1280	2303	768	1162	2154	596
1536	2303	768	1423	2150	594
1792	2303	768	1660	2143	592
2048	2303	768	1890	2148	591
2303	2303	768	2133	2141	587
2559	2303	768	2379	2124	580
2815	2303	768	2603	2106	571
3071	2303	768	2834	2099	566
3327	2303	768	3053	2093	563
3583	2303	768	3267	2088	561
3839	2303	768	3471	2085	561
4095	2303	768	3695	2096	564
0	2559	768	2	2438	617
256	2559	768	219	2359	584
512	2559	768	447	2385	594
768	2559	768	690	2386	596
1024	2559	768	928	2376	592
1280	2559	768	1155	2378	589
1536	2559	768	1406	2368	587
1792	2559	768	1648	2366	586
2048	2559	768	1877	2372	585
2303	2559	768	2118	2367	582
2559	2559	768	2373	2359	576
2815	2559	768	2599	2348	568
3071	2559	768	2825	2333	564
3327	2559	768	3041	2334	561
3583	2559	768	3266	2328	559
3839	2559	768	3477	2331	560
4095	2559	768	3692	2332	560
0	2815	768	2	2689	613
256	2815	768	216	2588	577
512	2815	768	442	2616	587
768	2815	768	681	2620	589
1024	2815	768	920	2615	585
1280	2815	768	1145	2604	582
1536	2815	768	1398	2599	580
1792	2815	768	1638	2596	579
2048	2815	768	1869	2597	577
2303	2815	768	2106	2591	575
2559	2815	768	2363	2588	571
2815	2815	768	2596	2577	565
3071	2815	768	2819	2564	560
3327	2815	768	3041	2557	557
3583	2815	768	3271	2559	557
3839	2815	768	3473	2557	559
4095	2815	768	3690	2559	557
0	3071	768	2	2924	610
256	3071	768	214	2811	571
512	3071	768	440	2846	581
768	3071	768	676	2848	582
1024	3071	768	916	2839	579
1280	3071	768	1136	2831	575
1536	3071	768	1390	2828	574
1792	3071	768	1628	2836	572
2048	3071	768	1856	2828	571
2303	3071	768	2099	2837	570
2559	3071	768	2352	2821	566
2815	3071	768	2588	2822	562
3071	3071	768	2804	2806	558
3327	3071	768	3038	2800	555
3583	3071	768	3253	2796	555
3839	3071	768	3463	2801	557
4095	3071	768	3685	2809	556
0	3327	768	2	3184	609
256	3327	768	215	3055	568
512	3327	768	438	3077	577
768	3327	768	674	3081	578
1024	3327	768	912	3070	575
1280	3327	768	1137	3062	571
1536	3327	768	1386	3055	569
1792	3327	768	1625	3062	567
2048	3327	768	1859	3067	568
2303	3327	768	2097	3066	567
2559	3327	768	2349	3058	562
2815	3327	768	2582	3043	559
3071	3327	768	2810	3033	556
3327	3327	768	3039	3033	555
3583	3327	768	3268	3038	554
3839	3327	768	3473	3043	554
4095	3327	768	3691	3047	556
0	3583	768	3	3407	613
256	3583	768	214	3258	566
512	3583	768	438	3283	575
768	3583	768	671	3282	576
1024	3583	768	912	3275	573
1280	3583	768	1135	3268	569
1536	3583	768	1384	3272	567
1792	3583	768	1624	3272	567
2048	3583	768	1861	3278	567
2303	3583	768	2094	3274	565
2559	3583	768	2355	3270	562
2815	3583	768	2584	3256	557
3071	3583	768	2806	3245	555
3327	3583	768	3045	3251	557
3583	3583	768	3271	3262	557
3839	3583	768	3490	3265	557
4095	3583	768	3704	3272	557
0	3839	768	3	3653	616
256	3839	768	214	3483	566
512	3839	768	438	3508	574
768	3839	768	672	3517	574
1024	3839	768	913	3505	571
1280	3839	768	1135	3501	567
1536	3839	768	1386	3493	566
1792	3839	768	1627	3500	567
2048	3839	768	1863	3499	567
2303	3839	768	2097	3490	564
2559	3839	768	2356	3485	562
2815	3839	768	2585	3468	558
3071	3839	768	2805	3455	554
3327	3839	768	3047	3467	556
3583	3839	768	3287	3478	559
3839	3839	768	3497	3482	559
4095	3839	768	3723	3494	560
0	4095	768	4	3874	621
256	4095	768	216	3675	567
512	4095	768	441	3710	573
768	4095	768	673	3717	573
1024	4095	768	915	3707	571
1280	4095	768	1137	3693	567
1536	4095	768	1393	3700	567
1792	4095	768	1629	3696	567
2048	4095	768	1869	3703	568
2303	4095	768	2098	3699	565
2559	4095	768	2357	3686	562
2815	4095	768	2590	3675	559
3071	4095	768	2815	3670	555
3327	4095	768	3058	3674	557
3583	4095	768	3287	3689	559
3839	4095	768	3506	3696	561
4095	4095	768	3731	3706	563
0	0	1024	0	0	933
256	0	1024	242	0	879
512	0	1024	483	0	878
768	0	1024	730	0	873
1024	0	1024	979	0	865
1280	0	1024	1213	0	858
1536	0	1024	1473	0	853
1792	0	1024	1707	0	849
2048	0	1024	1947	0	848
2303	0	1024	2196	0	845
2559	0	1024	2449	0	840
2815	0	1024	2710	0	837
3071	0	1024	2927	0	831
3327	0	1024	3189	0	837
3583	0	1024	3402	0	838
3839	0	1024	3646	0	842
4095	0	1024	3869	0	846
0	256	1024	0	239	906
256	256	1024	242	241	880
512	256	1024	481	242	876
768	256	1024	728	240	870
1024	256	1024	976	237	862
1280	256	1024	1194	233	851
1536	256	1024	1445	230	842
1792	256	1024	1672	227	835
2048	256	1024	1892	225	831
2303	256	1024	2138	223	827
2559	256	1024	2370	219	819
2815	256	1024	2605	216	813
3071	256	1024	2812	213	807
3327	256	1024	3055	213	809
3583	256	1024	3255	213	808
3839	256	1024	3465	211	809
4095	256	1024	3677	212	811
0	512	1024	0	487	881
256	512	1024	241	485	878
512	512	1024	488	492	881
768	512	1024	738	489	876
1024	512	1024	987	483	866
1280	512	1024	1216	477	853
1536	512	1024	1468	469	840
1792	512	1024	1696	463	831
2048	512	1024	1914	458	823
2303	512	1024	2162	454	816
2559	512	1024	2396	447	806
2815	512	1024	2635	442	799
3071	512	1024	2846	438	791
3327	512	1024	3083	437	789
3583	512	1024	3286	437	786
3839	512	1024	3496	435	785
4095	512	1024	3708	435	785
0	768	1024	0	733	878
256	768	1024	240	731	873
512	768	1024	486	741	886
768	768	1024	747	747	888
1024	768	1024	1000	739	878
1280	768	1024	1228	730	864
1536	768	1024	1476	719	852
1792	768	1024	1707	712	843
2048	768	1024	1930	707	833
2303	768	1024	2172	700	825
2559	768	1024	2412	692	815
2815	768	1024	2648	686	809
3071	768	1024	2856	678	799
3327	768	1024	3101	679	797
3583	768	1024	3297	672	793
3839	768	1024	3515	672	791
4095	768	1024	3717	672	792
0	1024	1024	0	981	872
256	1024	1024	238	977	865
512	1024	1024	480	989	878
768	1024	1024	741	998	888
1024	1024	1024	1001	1000	883
1280	1024	1024	1229	988	867
1536	1024	1024	1480	977	857
1792	1024	1024	1710	966	847
2048	1024	1024	1932	958	836
2303	1024	1024	2175	950	828
2559	1024	1024	2414	937	818
2815	1024	1024	2651	931	812
3071	1024	1024	2861	922	802
3327	1024	1024	3097	919	801
3583	1024	1024	3303	915	794
3839	1024	1024	3510	914	793
4095	1024	1024	3722	913	794
0	1280	1024	0	1212	866
256	1280	1024	232	1196	854
512	1280	1024	474	1216	867
768	1280	1024	731	1227	876
1024	1280	1024	989	1228	876
1280	1280	1024	1226	1224	866
1536	1280	1024	1478	1210	855
1792	1280	1024	1708	1198	845
2048	1280	1024	1929	1187	836
2303	1280	1024	2169	1177	827
2559	1280	1024	2410	1167	817
2815	1280	1024	2649	1157	811
3071	1280	1024	2855	1143	801
3327	1280	1024	3093	1142	800
3583	1280	1024	3298	1136	793
3839	1280	1024	3503	1136	793
4095	1280	1024	3717	1135	794
0	1536	1024	1	1468	860
256	1536	1024	231	1442	841
512	1536	1024	468	1464	856
768	1536	1024	722	1473	864
1024	1536	1024	979	1476	864
1280	1536	1024	1215	1473	859
1536	1536	1024	1474	1466	852
1792	1536	1024	1704	1456	842
2048	1536	1024	1926	1442	833
2303	1536	1024	2171	1434	825
2559	1536	1024	2406	1418	815
2815	1536	1024	2643	1409	810
3071	1536	1024	2856	1396	798
3327	1536	1024	3085	1393	796
3583	1536	1024	3296	1388	792
3839	1536	1024	3504	1383	792
4095	1536	1024	3725	1388	793
0	1792	1024	1	1707	856
256	1792	1024	229	1672	831
512	1792	1024	463	1697	846
768	1792	1024	716	1706	854
1024	1792	1024	968	1706	854
1280	1792	1024	1203	1704	849
1536	1792	1024	1461	1699	847
1792	1792	1024	1703	1695	839
2048	1792	1024	1919	1683	830
2303	1792	1024	2164	1673	824
2559	1792	1024	2409	1663	815
2815	1792	1024	2641	1649	808
3071	1792	1024	2858	1640	797
3327	1792	1024	3078	1629	794
3583	1792	1024	3300	1628	793
3839	1792	1024	3506	1625	791
4095	1792	1024	3724	1628	792
0	2048	1024	1	1949	855
256	2048	1024	227	1900	825
512	2048	1024	459	1919	839
768	2048	1024	713	1933	845
1024	2048	1024	962	1932	845
1280	2048	1024	1194	1927	841
1536	2048	1024	1453	1919	838
1792	2048	1024	1690	1917	834
2048	2048	1024	1925	1912	829
2303	2048	1024	2163	1902	823
2559	2048	1024	2411	1893	816
2815	2048	1024	2643	1881	806
3071	2048	1024	2861	1865	798
3327	2048	1024	3088	1863	794
3583	2048	1024	3301	1858	792
3839	2048	1024	3506	1854	790
4095	2048	1024	3733	1862	793
0	2303	1024	1	2211	854
256	2303	1024	224	2153	819
512	2303	1024	454	2176	831
768	2303	1024	704	2187	837
1024	2303	1024	951	2186	837
1280	2303	1024	1180	2179	833
1536	2303	1024	1445	2177	831
1792	2303	1024	1680	2168	828
2048	2303	1024	1911	2171	826
2303	2303	1024	2155	2162	820
2559	2303	1024	2402	2146	814
2815	2303	1024	2626	2132	803
3071	2303	1024	2861	2121	797
3327	2303	1024	3078	2115	792
3583	2303	1024	3298	2109	790
3839	2303	1024	3507	2108	790
4095	2303	1024	3725	2116	792
0	2559	1024	1	2451	851
256	2559	1024	221	2372	811
512	2559	1024	451	2398	823
768	2559	1024	698	2408	829
1024	2559	1024	944	2408	829
1280	2559	1024	1172	2409	825
1536	2559	1024	1426	2397	823
1792	2559	1024	1669	2397	820
2048	2559	1024	1899	2398	818
2303	2559	1024	2141	2392	815
2559	2559	1024	2396	2383	810
2815	2559	1024	2629	2374	801
3071	2559	1024	2851	2358	793
3327	2559	1024	3071	2356	789
3583	2559	1024	3298	2354	787
3839	2559	1024	3509	2354	788
4095	2559	1024	3719	2351	788
0	2815	1024	2	2702	846
256	2815	1024	218	2601	801
512	2815	1024	446	2631	815
768	2815	1024	690	2644	821
1024	2815	1024	934	2643	820
1280	2815	1024	1163	2637	816
1536	2815	1024	1415	2627	814
1792	2815	1024	1659	2625	812
2048	2815	1024	1891	2626	809
2303	2815	1024	2129	2623	809
2559	2815	1024	2385	2611	804
2815	2815	1024	2622	2602	797
3071	2815	1024	2839	2588	788
3327	2815	1024	3070	2580	785
3583	2815	1024	3297	2582	784
3839	2815	1024	3503	2582	787
4095	2815	1024	3719	2581	784
0	3071	1024	2	2941	842
256	3071	1024	216	2828	795
512	3071	1024	444	2860	808
768	3071	1024	684	2870	812
1024	3071	1024	928	2868	812
1280	3071	1024	1154	2861	808
1536	3071	1024	1408	2858	805
1792	3071	1024	1647	2864	805
2048	3071	1024	1876	2855	802
2303	3071	1024	2121	2864	801
2559	3071	1024	2375	2846	796
2815	3071	1024	2610	2849	791
3071	3071	1024	2833	2831	784
3327	3071	1024	3067	2829	782
3583	3071	1024	3285	2825	781
3839	3071	1024	3492	2827	783
4095	3071	1024	3715	2833	781
0	3327	1024	2	3197	843
256	3327	1024	217	3071	793
512	3327	1024	443	3095	803
768	3327	1024	683	3107	807
1024	3327	1024	925	3101	808
1280	3327	1024	1153	3096	803
1536	3327	1024	1403	3094	800
1792	3327	1024	1643	3091	800
2048	3327	1024	1884	3105	799
2303	3327	1024	2116	3096	796
2559	3327	1024	2373	3086	792
2815	3327	1024	2606	3067	786
3071	3327	1024	2838	3062	782
3327	3327	1024	3070	3061	784
3583	3327	1024	3295	3065	780
3839	3327	1024	3503	3067	780
4095	3327	1024	3720	3073	781
0	3583	1024	3	3423	847
256	3583	1024	216	3275	791
512	3583	1024	441	3301	801
768	3583	1024	680	3307	805
1024	3583	1024	926	3316	805
1280	3583	1024	1152	3307	801
1536	3583	1024	1402	3308	799
1792	3583	1024	1643	3305	799
2048	3583	1024	1879	3310	798
2303	3583	1024	2116	3302	794
2559	3583	1024	2380	3301	792
2815	3583	1024	2608	3285	784
3071	3583	1024	2831	3274	781
3327	3583	1024	3068	3276	783
3583	3583	1024	3298	3285	783
3839	3583	1024	3511	3285	783
4095	3583	1024	3733	3298	784
0	3839	1024	3	3671	852
256	3839	1024	216	3497	790
512	3839	1024	442	3525	801
768	3839	1024	680	3549	803
1024	3839	1024	925	3548	802
1280	3839	1024	1150	3538	800
1536	3839	1024	1402	3527	799
1792	3839	1024	1644	3530	798
2048	3839	1024	1880	3528	797
2303	3839	1024	2116	3519	794
2559	3839	1024	2378	3514	790
2815	3839	1024	2607	3497	785
3071	3839	1024	2829	3484	779
3327	3839	1024	3076	3493	781
3583	3839	1024	3305	3498	784
3839	3839	1024	3520	3510	785
4095	3839	1024	3745	3515	787
0	4095	1024	4	3889	856
256	4095	1024	218	3698	791
512	4095	1024	444	3733	801
768	4095	1024	680	3743	802
1024	4095	1024	927	3738	803
1280	4095	1024	1152	3730	800
1536	4095	1024	1407	3731	798
1792	4095	1024	1648	3730	798
2048	4095	1024	1886	3733	798
2303	4095	1024	2118	3731	794
2559	4095	1024	2374	3712	789
2815	4095	1024	2611	3702	785
3071	4095	1024	2839	3700	780
3327	4095	1024	3084	3702	783
3583	4095	1024	3309	3714	785
3839	4095	1024	3529	3720	787
4095	4095	1024	3750	3731	789
0	0	1280	0	0	1172
256	0	1280	243	0	1102
512	0	1280	484	0	1101
768	0	1280	732	0	1094
1024	0	1280	985	0	1088
1280	0	1280	1220	0	1080
1536	0	1280	1481	0	1076
1792	0	1280	1719	0	1072
2048	0	1280	1954	0	1072
2303	0	1280	2209	0	1069
2559	0	1280	2465	0	1064
2815	0	1280	2724	0	1060
3071	0	1280	2944	0	1055
3327	0	1280	3208	0	1062
3583	0	1280	3416	0	1062
3839	0	1280	3660	0	1066
4095	0	1280	3888	0	1073
0	256	1280	0	240	1127
256	256	1280	241	240	1096
512	256	1280	479	241	1092
768	256	1280	725	240	1085
1024	256	1280	979	238	1081
1280	256	1280	1204	235	1072
1536	256	1280	1452	232	1062
1792	256	1280	1680	229	1053
2048	256	1280	1902	227	1047
2303	256	1280	2152	225	1043
2559	256	1280	2386	222	1033
2815	256	1280	2618	218	1025
3071	256	1280	2825	215	1017
3327	256	1280	3070	215	1020
3583	256	1280	3273	215	1016
3839	256	1280	3487	214	1018
4095	256	1280	3695	214	1021
0	512	1280	0	487	1103
256	512	1280	240	483	1091
512	512	1280	487	490	1099
768	512	1280	736	488	1095
1024	512	1280	991	485	1089
1280	512	1280	1225	480	1079
1536	512	1280	1475	473	1065
1792	512	1280	1706	466	1055
2048	512	1280	1925	461	1045
2303	512	1280	2172	457	1039
2559	512	1280	2412	451	1026
2815	512	1280	2647	446	1018
3071	512	1280	2856	442	1007
3327	512	1280	3098	441	1006
3583	512	1280	3301	440	1001
3839	512	1280	3510	438	1001
4095	512	1280	3728	438	1002
0	768	1280	0	733	1099
256	768	1280	239	729	1086
512	768	1280	484	739	1102
768	768	1280	743	745	1109
1024	768	1280	1002	741	1103
1280	768	1280	1235	734	1090
1536	768	1280	1483	724	1077
1792	768	1280	1717	717	1067
2048	768	1280	1940	711	1054
2303	768	1280	2182	704	1047
2559	768	1280	2423	696	1035
2815	768	1280	2660	692	1029
3071	768	1280	2868	683	1015
3327	768	1280	3116	683	1015
3583	768	1280	3313	677	1009
3839	768	1280	3530	677	1007
4095	768	1280	3743	677	1011
0	1024	1280	0	987	1094
256	1024	1280	239	981	1080
512	1024	1280	482	993	1096
768	1024	1280	742	1002	1109
1024	1024	1280	1009	1008	1111
1280	1024	1280	1245	999	1098
1536	1024	1280	1495	987	1085
1792	1024	1280	1728	978	1075
2048	1024	1280	1952	969	1062
2303	1024	1280	2196	961	1054
2559	1024	1280	2436	949	1041
2815	1024	1280	2676	942	1034
3071	1024	1280	2884	933	1022
3327	1024	1280	3122	930	1021
3583	1024	1280	3329	925	1012
3839	1024	1280	3537	925	1012
4095	1024	1280	3751	924	1013
0	1280	1280	0	1222	1089
256	1280	1280	235	1203	1072
512	1280	1280	477	1222	1088
768	1280	1280	736	1234	1100
1024	1280	1280	1002	1241	1107
1280	1280	1280	1242	1241	1100
1536	1280	1280	1497	1226	1088
1792	1280	1280	1729	1215	1077
2048	1280	1280	1948	1203	1064
2303	1280	1280	2197	1191	1056
2559	1280	1280	2433	1182	1044
2815	1280	1280	2680	1174	1038
3071	1280	1280	2887	1160	1024
3327	1280	1280	3122	1156	1021
3583	1280	1280	3326	1150	1014
3839	1280	1280	3537	1148	1014
4095	1280	1280	3756	1151	1015
0	1536	1280	0	1478	1082
256	1536	1280	233	1453	1061
512	1536	1280	472	1473	1077
768	1536	1280	726	1481	1087
1024	1536	1280	990	1490	1094
1280	1536	1280	1232	1491	1092
1536	1536	1280	1494	1485	1085
1792	1536	1280	1725	1473	1074
2048	1536	1280	1945	1461	1062
2303	1536	1280	2195	1454	1056
2559	1536	1280	2433	1436	1042
2815	1536	1280	2670	1426	1036
3071	1536	1280	2880	1412	1022
3327	1536	1280	3110	1409	1018
3583	1536	1280	3329	1402	1015
3839	1536	1280	3542	1402	1014
4095	1536	1280	3756	1403	1013
0	1792	1280	1	1716	1078
256	1792	1280	230	1683	1051
512	1792	1280	466	1705	1068
768	1792	1280	721	1716	1076
1024	1792	1280	980	1724	1083
1280	1792	1280	1219	1725	1081
1536	1792	1280	1481	1719	1077
1792	1792	1280	1723	1712	1070
2048	1792	1280	1942	1702	1059
2303	1792	1280	2187	1693	1053
2559	1792	1280	2435	1683	1042
2815	1792	1280	2671	1671	1034
3071	1792	1280	2888	1656	1022
3327	1792	1280	3108	1647	1016
3583	1792	1280	3332	1646	1015
3839	1792	1280	3536	1642	1011
4095	1792	1280	3755	1644	1011
0	2048	1280	1	1960	1078
256	2048	1280	229	1911	1044
512	2048	1280	463	1928	1060
768	2048	1280	718	1943	1066
1024	2048	1280	974	1950	1072
1280	2048	1280	1209	1950	1071
1536	2048	1280	1469	1941	1067
1792	2048	1280	1709	1936	1062
2048	2048	1280	1946	1932	1058
2303	2048	1280	2189	1923	1050
2559	2048	1280	2435	1913	1043
2815	2048	1280	2662	1899	1031
3071	2048	1280	2892	1888	1022
3327	2048	1280	3115	1881	1015
3583	2048	1280	3328	1879	1011
3839	2048	1280	3534	1871	1009
4095	2048	1280	3764	1880	1013
0	2303	1280	1	2222	1076
256	2303	1280	226	2164	1038
512	2303	1280	458	2188	1052
768	2303	1280	709	2197	1058
1024	2303	1280	962	2206	1063
1280	2303	1280	1199	2202	1062
1536	2303	1280	1462	2204	1061
1792	2303	1280	1698	2193	1054
2048	2303	1280	1934	2194	1052
2303	2303	1280	2177	2184	1046
2559	2303	1280	2427	2169	1040
2815	2303	1280	2652	2156	1026
3071	2303	1280	2885	2142	1019
3327	2303	1280	3102	2137	1011
3583	2303	1280	3327	2129	1009
3839	2303	1280	3543	2130	1010
4095	2303	1280	3754	2135	1011
0	2559	1280	1	2466	1074
256	2559	1280	223	2388	1028
512	2559	1280	455	2410	1042
768	2559	1280	702	2424	1049
1024	2559	1280	955	2433	1054
1280	2559	1280	1186	2435	1053
1536	2559	1280	1445	2424	1049
1792	2559	1280	1691	2428	1046
2048	2559	1280	1920	2422	1044
2303	2559	1280	2165	2417	1041
2559	2559	1280	2420	2406	1035
2815	2559	1280	2656	2395	1024
3071	2559	1280	2871	2381	1012
3327	2559	1280	3102	2377	1009
3583	2559	1280	3326	2375	1005
3839	2559	1280	3539	2375	1007
4095	2559	1280	3745	2369	1006
0	2815	1280	2	2714	1069
256	2815	1280	220	2615	1017
512	2815	1280	450	2648	1033
768	2815	1280	694	2660	1040
1024	2815	1280	946	2664	1043
1280	2815	1280	1179	2666	1043
1536	2815	1280	1432	2654	1039
1792	2815	1280	1679	2654	1037
2048	2815	1280	1909	2652	1035
2303	2815	1280	2151	2650	1032
2559	2815	1280	2410	2632	1027
2815	2815	1280	2649	2625	1019
3071	2815	1280	2863	2610	1006
3327	2815	1280	3095	2602	1003
3583	2815	1280	3318	2601	1000
3839	2815	1280	3528	2605	1004
4095	2815	1280	3748	2603	1002
0	3071	1280	2	2953	1066
256	3071	1280	218	2847	1011
512	3071	1280	446	2872	1025
768	3071	1280	687	2883	1029
1024	3071	1280	938	2894	1034
1280	3071	1280	1171	2893	1033
1536	3071	1280	1421	2884	1028
1792	3071	1280	1666	2888	1028
2048	3071	1280	1899	2886	1025
2303	3071	1280	2141	2891	1024
2559	3071	1280	2397	2875	1016
2815	3071	1280	2634	2875	1011
3071	3071	1280	2863	2857	1002
3327	3071	1280	3095	2855	999
3583	3071	1280	3318	2854	998
3839	3071	1280	3523	2852	998
4095	3071	1280	3743	2856	997
0	3327	1280	2	3215	1069
256	3327	1280	219	3085	1009
512	3327	1280	446	3110	1019
768	3327	1280	688	3122	1024
1024	3327	1280	936	3127	1029
1280	3327	1280	1168	3126	1027
1536	3327	1280	1420	3130	1024
1792	3327	1280	1661	3120	1023
2048	3327	1280	1903	3132	1022
2303	3327	1280	2135	3127	1017
2559	3327	1280	2399	3112	1013
2815	3327	1280	2630	3094	1004
3071	3327	1280	2863	3089	1001
3327	3327	1280	3094	3088	1001
3583	3327	1280	3318	3087	997
3839	3327	1280	3533	3094	997
4095	3327	1280	3751	3099	998
0	3583	1280	2	3439	1074
256	3583	1280	218	3292	1005
512	3583	1280	445	3321	1017
768	3583	1280	685	3326	1021
1024	3583	1280	937	3347	1025
1280	3583	1280	1165	3343	1024
1536	3583	1280	1419	3336	1022
1792	3583	1280	1662	3336	1021
2048	3583	1280	1897	3342	1019
2303	3583	1280	2136	3330	1014
2559	3583	1280	2400	3327	1011
2815	3583	1280	2630	3312	1002
3071	3583	1280	2855	3300	998
3327	3583	1280	3090	3299	998
3583	3583	1280	3327	3308	999
3839	3583	1280	3535	3307	999
4095	3583	1280	3763	3319	1001
0	3839	1280	2	3691	1078
256	3839	1280	219	3517	1005
512	3839	1280	446	3545	1018
768	3839	1280	685	3565	1020
1024	3839	1280	935	3576	1024
1280	3839	1280	1166	3567	1024
1536	3839	1280	1421	3565	1022
1792	3839	1280	1663	3559	1020
2048	3839	1280	1898	3556	1018
2303	3839	1280	2137	3549	1015
2559	3839	1280	2399	3543	1008
2815	3839	1280	2628	3526	1003
3071	3839	1280	2854	3514	996
3327	3839	1280	3107	3523	998
3583	3839	1280	3327	3521	1000
3839	3839	1280	3544	3535	1001
4095	3839	1280	3765	3534	1004
0	4095	1280	3	3913	1084
256	4095	1280	220	3724	1007
512	4095	1280	449	3752	1019
768	4095	1280	687	3761	1022
1024	4095	1280	937	3766	1023
1280	4095	1280	1170	3769	1024
1536	4095	1280	1423	3762	1020
1792	4095	1280	1665	3762	1020
2048	4095	1280	1903	3764	1019
2303	4095	1280	2140	3764	1016
2559	4095	1280	2393	3738	1008
2815	4095	1280	2633	3732	1002
3071	4095	1280	2861	3727	996
3327	4095	1280	3110	3732	1001
3583	4095	1280	3337	3739	1001
3839	4095	1280	3553	3743	1004
4095	4095	1280	3774	3761	1006
0	0	1536	1	0	1409
256	0	1536	244	0	1323
512	0	1536	486	0	1324
768	0	1536	736	0	1314
1024	0	1536	991	0	1310
1280	0	1536	1227	0	1304
1536	0	1536	1488	0	1299
1792	0	1536	1731	0	1297
2048	0	1536	1968	0	1292
2303	0	1536	2225	0	1290
2559	0	1536	2476	0	1285
2815	0	1536	2735	0	1283
3071	0	1536	2961	0	1277
3327	0	1536	3220	0	1283
3583	0	1536	3437	0	1282
3839	0	1536	3682	0	1290
4095	0	1536	3908	0	1297
0	256	1536	0	241	1342
256	256	1536	241	239	1309
512	256	1536	477	240	1307
768	256	1536	725	240	1300
1024	256	1536	976	238	1294
1280	256	1536	1209	237	1291
1536	256	1536	1464	234	1280
1792	256	1536	1694	231	1269
2048	256	1536	1913	229	1260
2303	256	1536	2162	228	1255
2559	256	1536	2404	224	1243
2815	256	1536	2631	220	1234
3071	256	1536	2847	218	1226
3327	256	1536	3088	218	1225
3583	256	1536	3292	218	1220
3839	256	1536	3509	217	1224
4095	256	1536	3723	217	1227
0	512	1536	0	488	1326
256	512	1536	240	481	1303
512	512	1536	487	490	1319
768	512	1536	738	487	1316
1024	512	1536	992	485	1309
1280	512	1536	1229	483	1304
1536	512	1536	1485	476	1288
1792	512	1536	1715	471	1279
2048	512	1536	1936	465	1265
2303	512	1536	2187	461	1258
2559	512	1536	2428	454	1244
2815	512	1536	2662	452	1236
3071	512	1536	2877	446	1224
3327	512	1536	3112	445	1222
3583	512	1536	3324	444	1215
3839	512	1536	3533	443	1215
4095	512	1536	3746	442	1217
0	768	1536	0	736	1319
256	768	1536	239	729	1300
512	768	1536	484	738	1318
768	768	1536	744	744	1328
1024	768	1536	999	740	1320
1280	768	1536	1239	739	1314
1536	768	1536	1496	729	1299
1792	768	1536	1728	722	1289
2048	768	1536	1951	718	1274
2303	768	1536	2199	711	1267
2559	768	1536	2439	702	1253
2815	768	1536	2674	699	1245
3071	768	1536	2886	690	1231
3327	768	1536	3127	687	1230
3583	768	1536	3331	682	1224
3839	768	1536	3550	682	1220
4095	768	1536	3768	684	1226
0	1024	1536	0	992	1316
256	1024	1536	238	980	1291
512	1024	1536	482	995	1314
768	1024	1536	741	1002	1325
1024	1024	1536	1009	1009	1329
1280	1024	1536	1251	1005	1325
1536	1024	1536	1504	994	1309
1792	1024	1536	1739	983	1297
2048	1024	1536	1964	977	1284
2303	1024	1536	2211	968	1275
2559	1024	1536	2453	955	1261
2815	1024	1536	2688	951	1253
3071	1024	1536	2900	941	1238
3327	1024	1536	3136	937	1236
3583	1024	1536	3346	932	1229
3839	1024	1536	3561	932	1228
4095	1024	1536	3775	932	1228
0	1280	1536	0	1231	1311
256	1280	1536	236	1212	1288
512	1280	1536	478	1229	1307
768	1280	1536	739	1241	1319
1024	1280	1536	1007	1247	1330
1280	1280	1536	1254	1252	1331
1536	1280	1536	1511	1240	1318
1792	1280	1536	1747	1227	1304
2048	1280	1536	1967	1215	1290
2303	1280	1536	2219	1208	1281
2559	1280	1536	2460	1194	1269
2815	1280	1536	2700	1185	1260
3071	1280	1536	2912	1172	1245
3327	1280	1536	3142	1167	1238
3583	1280	1536	3357	1167	1233
3839	1280	1536	3567	1161	1232
4095	1280	1536	3791	1165	1233
0	1536	1536	1	1487	1303
256	1536	1536	235	1463	1279
512	1536	1536	476	1483	1299
768	1536	1536	733	1489	1307
1024	1536	1536	996	1500	1317
1280	1536	1536	1244	1506	1323
1536	1536	1536	1512	1505	1317
1792	1536	1536	1750	1491	1304
2048	1536	1536	1970	1479	1292
2303	1536	1536	2216	1470	1281
2559	1536	1536	2461	1455	1271
2815	1536	1536	2693	1441	1260
3071	1536	1536	2908	1431	1246
3327	1536	1536	3142	1423	1239
3583	1536	1536	3357	1417	1234
3839	1536	1536	3578	1420	1233
4095	1536	1536	3788	1419	1232
0	1792	1536	1	1730	1301
256	1792	1536	233	1695	1271
512	1792	1536	470	1718	1290
768	1792	1536	728	1726	1296
1024	1792	1536	988	1735	1304
1280	1792	1536	1234	1740	1309
1536	1792	1536	1504	1739	1306
1792	1792	1536	1744	1737	1299
2048	1792	1536	1973	1722	1292
2303	1792	1536	2209	1714	1278
2559	1792	1536	2463	1703	1269
2815	1792	1536	2700	1691	1256
3071	1792	1536	2916	1675	1247
3327	1792	1536	3145	1671	1240
3583	1792	1536	3368	1668	1235
3839	1792	1536	3572	1663	1231
4095	1792	1536	3789	1662	1232
0	2048	1536	1	1969	1299
256	2048	1536	231	1921	1263
512	2048	1536	467	1942	1279
768	2048	1536	722	1955	1285
1024	2048	1536	980	1963	1292
1280	2048	1536	1222	1966	1298
1536	2048	1536	1487	1962	1296
1792	2048	1536	1734	1955	1291
2048	2048	1536	1966	1955	1288
2303	2048	1536	2215	1944	1278
2559	2048	1536	2457	1931	1270
2815	2048	1536	2685	1921	1254
3071	2048	1536	2921	1909	1243
3327	2048	1536	3143	1900	1236
3583	2048	1536	3357	1898	1230
3839	2048	1536	3568	1891	1229
4095	2048	1536	3798	1900	1234
0	2303	1536	1	2240	1296
256	2303	1536	229	2180	1255
512	2303	1536	464	2202	1270
768	2303	1536	715	2210	1275
1024	2303	1536	971	2220	1283
1280	2303	1536	1214	2229	1288
1536	2303	1536	1477	2225	1286
1792	2303	1536	1716	2218	1279
2048	2303	1536	1957	2214	1280
2303	2303	1536	2204	2211	1274
2559	2303	1536	2453	2193	1265
2815	2303	1536	2682	2176	1249
3071	2303	1536	2910	2168	1241
3327	2303	1536	3132	2158	1231
3583	2303	1536	3356	2149	1229
3839	2303	1536	3575	2151	1231
4095	2303	1536	3787	2156	1231
0	2559	1536	1	2483	1295
256	2559	1536	226	2406	1243
512	2559	1536	460	2424	1258
768	2559	1536	708	2436	1265
1024	2559	1536	963	2444	1272
1280	2559	1536	1202	2455	1278
1536	2559	1536	1464	2451	1276
1792	2559	1536	1712	2454	1271
2048	2559	1536	1940	2444	1270
2303	2559	1536	2191	2444	1267
2559	2559	1536	2447	2433	1256
2815	2559	1536	2680	2417	1246
3071	2559	1536	2896	2407	1231
3327	2559	1536	3130	2399	1229
3583	2559	1536	3358	2398	1225
3839	2559	1536	3572	2398	1226
4095	2559	1536	3778	2391	1225
0	2815	1536	1	2731	1292
256	2815	1536	222	2630	1231
512	2815	1536	453	2664	1249
768	2815	1536	700	2678	1257
1024	2815	1536	952	2684	1260
1280	2815	1536	1191	2687	1266
1536	2815	1536	1450	2681	1264
1792	2815	1536	1701	2684	1260
2048	2815	1536	1930	2683	1260
2303	2815	1536	2178	2675	1257
2559	2815	1536	2436	2659	1248
2815	2815	1536	2673	2649	1240
3071	2815	1536	2891	2637	1226
3327	2815	1536	3124	2627	1221
3583	2815	1536	3350	2627	1220
3839	2815	1536	3554	2629	1221
4095	2815	1536	3779	2625	1220
0	3071	1536	1	2968	1288
256	3071	1536	221	2865	1226
512	3071	1536	451	2892	1240
768	3071	1536	693	2904	1243
1024	3071	1536	945	2914	1249
1280	3071	1536	1184	2918	1255
1536	3071	1536	1439	2918	1253
1792	3071	1536	1685	2915	1251
2048	3071	1536	1923	2919	1247
2303	3071	1536	2163	2922	1247
2559	3071	1536	2421	2911	1237
2815	3071	1536	2658	2900	1230
3071	3071	1536	2891	2884	1222
3327	3071	1536	3124	2881	1219
3583	3071	1536	3349	2881	1217
3839	3071	1536	3554	2878	1216
4095	3071	1536	3772	2878	1216
0	3327	1536	2	3236	1294
256	3327	1536	221	3102	1222
512	3327	1536	450	3127	1236
768	3327	1536	693	3140	1241
1024	3327	1536	946	3150	1246
1280	3327	1536	1182	3155	1248
1536	3327	1536	1440	3158	1249
1792	3327	1536	1684	3155	1247
2048	3327	1536	1923	3160	1244
2303	3327	1536	2159	3154	1239
2559	3327	1536	2423	3142	1236
2815	3327	1536	2654	3121	1223
3071	3327	1536	2890	3117	1220
3327	3327	1536	3116	3115	1219
3583	3327	1536	3349	3115	1217
3839	3327	1536	3567	3123	1215
4095	3327	1536	3783	3127	1219
0	3583	1536	2	3463	1299
256	3583	1536	220	3316	1217
512	3583	1536	450	3340	1232
768	3583	1536	689	3345	1237
1024	3583	1536	943	3363	1242
1280	3583	1536	1179	3376	1244
1536	3583	1536	1435	3366	1245
1792	3583	1536	1683	3371	1243
2048	3583	1536	1917	3372	1240
2303	3583	1536	2158	3360	1236
2559	3583	1536	2422	3355	1231
2815	3583	1536	2654	3340	1221
3071	3583	1536	2882	3330	1216
3327	3583	1536	3119	3327	1215
3583	3583	1536	3359	3339	1219
3839	3583	1536	3568	3337	1219
4095	3583	1536	3793	3346	1219
0	3839	1536	2	3712	1305
256	3839	1536	221	3542	1220
512	3839	1536	450	3575	1233
768	3839	1536	692	3585	1236
1024	3839	1536	944	3592	1242
1280	3839	1536	1180	3598	1244
1536	3839	1536	1441	3602	1244
1792	3839	1536	1683	3596	1242
2048	3839	1536	1918	3587	1239
2303	3839	1536	2160	3581	1237
2559	3839	1536	2422	3574	1229
2815	3839	1536	2649	3559	1222
3071	3839	1536	2883	3546	1216
3327	3839	1536	3136	3556	1216
3583	3839	1536	3360	3555	1221
3839	3839	1536	3579	3562	1220
4095	3839	1536	3797	3566	1223
0	4095	1536	2	3935	1312
256	4095	1536	222	3758	1224
512	4095	1536	452	3776	1235
768	4095	1536	694	3788	1240
1024	4095	1536	947	3792	1241
1280	4095	1536	1185	3804	1245
1536	4095	1536	1441	3799	1243
1792	4095	1536	1684	3796	1243
2048	4095	1536	1925	3798	1242
2303	4095	1536	2162	3796	1238
2559	4095	1536	2417	3772	1229
2815	4095	1536	2657	3765	1221
3071	4095	1536	2884	3754	1216
3327	4095	1536	3138	3765	1220
3583	4095	1536	3367	3771	1220
3839	4095	1536	3585	3776	1224
4095	4095	1536	3807	3793	1225
0	0	1792	1	0	1682
256	0	1792	246	0	1587
512	0	1792	490	0	1584
768	0	1792	740	0	1580
1024	0	1792	996	0	1572
1280	0	1792	1237	0	1566
1536	0	1792	1501	0	1563
1792	0	1792	1748	0	1561
2048	0	1792	1983	0	1557
2303	0	1792	2249	0	1553
2559	0	1792	2497	0	1545
2815	0	1792	2757	0	1542
3071	0	1792	2978	0	1533
3327	0	1792	3239	0	1537
3583	0	1792	3468	0	1544
3839	0	1792	3717	0	1553
4095	0	1792	3939	0	1559
0	256	1792	0	244	1597
256	256	1792	242	241	1562
512	256	1792	478	241	1558
768	256	1792	728	240	1554
1024	256	1792	976	239	1543
1280	256	1792	1212	238	1535
1536	256	1792	1477	236	1533
1792	256	1792	1710	235	1520
2048	256	1792	1930	232	1509
2303	256	1792	2179	231	1504
2559	256	1792	2423	226	1491
2815	256	1792	2651	224	1482
3071	256	1792	2875	222	1471
3327	256	1792	3095	220	1465
3583	256	1792	3322	221	1460
3839	256	1792	3534	220	1464
4095	256	1792	3758	220	1468
0	512	1792	0	491	1586
256	512	1792	240	480	1553
512	512	1792	486	490	1576
768	512	1792	738	487	1568
1024	512	1792	992	483	1561
1280	512	1792	1228	482	1554
1536	512	1792	1493	481	1551
1792	512	1792	1728	476	1536
2048	512	1792	1957	470	1525
2303	512	1792	2204	465	1515
2559	512	1792	2441	460	1502
2815	512	1792	2688	457	1492
3071	512	1792	2903	452	1477
3327	512	1792	3128	453	1473
3583	512	1792	3348	450	1468
3839	512	1792	3560	449	1468
4095	512	1792	3779	451	1472
0	768	1792	0	740	1580
256	768	1792	239	728	1554
512	768	1792	484	738	1572
768	768	1792	745	745	1582
1024	768	1792	1002	741	1574
1280	768	1792	1240	740	1567
1536	768	1792	1506	736	1565
1792	768	1792	1737	729	1544
2048	768	1792	1967	725	1534
2303	768	1792	2214	716	1523
2559	768	1792	2452	712	1510
2815	768	1792	2700	706	1500
3071	768	1792	2918	698	1486
3327	768	1792	3142	693	1479
3583	768	1792	3356	693	1474
3839	768	1792	3567	688	1473
4095	768	1792	3796	692	1477
0	1024	1792	0	998	1576
256	1024	1792	238	982	1545
512	1024	1792	482	995	1567
768	1024	1792	743	1002	1577
1024	1024	1792	1009	1010	1587
1280	1024	1792	1247	1005	1579
1536	1024	1792	1518	1002	1572
1792	1024	1792	1746	990	1552
2048	1024	1792	1979	983	1543
2303	1024	1792	2226	974	1532
2559	1024	1792	2467	967	1520
2815	1024	1792	2706	957	1505
3071	1024	1792	2926	949	1495
3327	1024	1792	3159	947	1483
3583	1024	1792	3371	942	1482
3839	1024	1792	3586	941	1481
4095	1024	1792	3803	942	1484
0	1280	1792	0	1237	1569
256	1280	1792	237	1218	1539
512	1280	1792	478	1232	1560
768	1280	1792	740	1242	1571
1024	1280	1792	1003	1247	1583
1280	1280	1792	1254	1253	1589
1536	1280	1792	1522	1246	1581
1792	1280	1792	1755	1236	1560
2048	1280	1792	1988	1226	1550
2303	1280	1792	2230	1216	1536
2559	1280	1792	2479	1207	1528
2815	1280	1792	2714	1193	1511
3071	1280	1792	2932	1182	1500
3327	1280	1792	3164	1178	1491
3583	1280	1792	3386	1177	1486
3839	1280	1792	3594	1173	1483
4095	1280	1792	3812	1173	1485
0	1536	1792	0	1495	1567
256	1536	1792	238	1474	1538
512	1536	1792	478	1493	1557
768	1536	1792	739	1500	1569
1024	1536	1792	1006	1511	1577
1280	1536	1792	1253	1514	1584
1536	1536	1792	1527	1520	1585
1792	1536	1792	1764	1505	1564
2048	1536	1792	1995	1496	1555
2303	1536	1792	2234	1488	1540
2559	1536	1792	2485	1474	1532
2815	1536	1792	2716	1457	1514
3071	1536	1792	2947	1449	1507
3327	1536	1792	3169	1439	1498
3583	1536	1792	3387	1433	1490
3839	1536	1792	3610	1436	1490
4095	1536	1792	3822	1439	1489
0	1792	1792	0	1748	1566
256	1792	1792	235	1714	1524
512	1792	1792	475	1732	1545
768	1792	1792	732	1739	1552
1024	1792	1792	992	1746	1559
1280	1792	1792	1240	1754	1566
1536	1792	1792	1519	1757	1569
1792	1792	1792	1760	1753	1565
2048	1792	1792	1995	1742	1556
2303	1792	1792	2235	1731	1542
2559	1792	1792	2486	1721	1530
2815	1792	1792	2719	1706	1512
3071	1792	1792	2950	1698	1505
3327	1792	1792	3179	1692	1496
3583	1792	1792	3397	1685	1491
3839	1792	1792	3610	1687	1489
4095	1792	1792	3824	1681	1490
0	2048	1792	0	1987	1569
256	2048	1792	233	1937	1516
512	2048	1792	474	1958	1536
768	2048	1792	729	1971	1543
1024	2048	1792	989	1974	1550
1280	2048	1792	1237	1983	1557
1536	2048	1792	1507	1982	1558
1792	2048	1792	1756	1980	1557
2048	2048	1792	1992	1982	1553
2303	2048	1792	2236	1970	1544
2559	2048	1792	2480	1951	1530
2815	2048	1792	2714	1942	1513
3071	2048	1792	2940	1926	1497
3327	2048	1792	3172	1921	1492
3583	2048	1792	3390	1920	1488
3839	2048	1792	3607	1914	1489
4095	2048	1792	3830	1920	1494
0	2303	1792	0	2256	1563
256	2303	1792	231	2195	1508
512	2303	1792	468	2213	1525
768	2303	1792	721	2223	1532
1024	2303	1792	980	2233	1541
1280	2303	1792	1221	2242	1544
1536	2303	1792	1491	2250	1545
1792	2303	1792	1740	2245	1545
2048	2303	1792	1977	2242	1544
2303	2303	1792	2232	2238	1538
2559	2303	1792	2476	2214	1522
2815	2303	1792	2712	2199	1508
3071	2303	1792	2931	2188	1496
3327	2303	1792	3166	2179	1490
3583	2303	1792	3387	2171	1486
3839	2303	1792	3605	2171	1489
4095	2303	1792	3819	2177	1489
0	2559	1792	0	2500	1557
256	2559	1792	229	2419	1496
512	2559	1792	463	2444	1513
768	2559	1792	712	2457	1519
1024	2559	1792	967	2460	1526
1280	2559	1792	1211	2470	1532
1536	2559	1792	1480	2474	1535
1792	2559	1792	1729	2477	1531
2048	2559	1792	1960	2468	1530
2303	2559	1792	2213	2467	1526
2559	2559	1792	2469	2455	1511
2815	2559	1792	2705	2441	1504
3071	2559	1792	2924	2432	1487
3327	2559	1792	3160	2424	1487
3583	2559	1792	3396	2425	1484
3839	2559	1792	3605	2423	1484
4095	2559	1792	3812	2415	1484
0	2815	1792	0	2751	1551
256	2815	1792	225	2652	1487
512	2815	1792	460	2682	1502
768	2815	1792	709	2694	1509
1024	2815	1792	960	2696	1512
1280	2815	1792	1199	2700	1516
1536	2815	1792	1469	2710	1522
1792	2815	1792	1719	2708	1517
2048	2815	1792	1950	2709	1518
2303	2815	1792	2200	2700	1513
2559	2815	1792	2458	2685	1505
2815	2815	1792	2693	2670	1498
3071	2815	1792	2918	2662	1483
3327	2815	1792	3154	2654	1478
3583	2815	1792	3387	2655	1479
3839	2815	1792	3588	2653	1479
4095	2815	1792	3808	2646	1477
0	3071	1792	0	2993	1546
256	3071	1792	223	2884	1476
512	3071	1792	456	2911	1489
768	3071	1792	702	2923	1496
1024	3071	1792	954	2927	1503
1280	3071	1792	1190	2930	1505
1536	3071	1792	1460	2949	1513
1792	3071	1792	1708	2949	1508
2048	3071	1792	1946	2951	1505
2303	3071	1792	2185	2945	1502
2559	3071	1792	2445	2938	1493
2815	3071	1792	2678	2920	1484
3071	3071	1792	2917	2911	1478
3327	3071	1792	3153	2908	1476
3583	3071	1792	3378	2907	1474
3839	3071	1792	3587	2906	1474
4095	3071	1792	3811	2911	1478
0	3327	1792	0	3262	1553
256	3327	1792	222	3118	1473
512	3327	1792	455	3155	1488
768	3327	1792	699	3168	1493
1024	3327	1792	955	3178	1495
1280	3327	1792	1193	3183	1502
1536	3327	1792	1457	3189	1511
1792	3327	1792	1706	3191	1504
2048	3327	1792	1943	3189	1501
2303	3327	1792	2184	3176	1497
2559	3327	1792	2447	3170	1493
2815	3327	1792	2681	3152	1481
3071	3327	1792	2916	3145	1477
3327	3327	1792	3147	3145	1477
3583	3327	1792	3382	3146	1475
3839	3327	1792	3599	3152	1474
4095	3327	1792	3812	3159	1478
0	3583	1792	0	3490	1561
256	3583	1792	223	3342	1469
512	3583	1792	455	3372	1486
768	3583	1792	696	3385	1488
1024	3583	1792	953	3389	1496
1280	3583	1792	1193	3400	1498
1536	3583	1792	1452	3399	1503
1792	3583	1792	1704	3404	1502
2048	3583	1792	1936	3402	1497
2303	3583	1792	2182	3391	1496
2559	3583	1792	2444	3383	1486
2815	3583	1792	2683	3375	1481
3071	3583	1792	2912	3364	1475
3327	3583	1792	3155	3363	1476
3583	3583	1792	3393	3373	1477
3839	3583	1792	3607	3373	1482
4095	3583	1792	3822	3372	1478
0	3839	1792	0	3736	1570
256	3839	1792	223	3577	1475
512	3839	1792	455	3602	1488
768	3839	1792	697	3605	1490
1024	3839	1792	953	3617	1496
1280	3839	1792	1191	3624	1497
1536	3839	1792	1457	3634	1503
1792	3839	1792	1702	3637	1501
2048	3839	1792	1936	3618	1496
2303	3839	1792	2183	3614	1497
2559	3839	1792	2445	3605	1487
2815	3839	1792	2676	3592	1480
3071	3839	1792	2910	3580	1475
3327	3839	1792	3165	3588	1476
3583	3839	1792	3393	3590	1481
3839	3839	1792	3616	3598	1483
4095	3839	1792	3823	3599	1482
0	4095	1792	1	3953	1576
256	4095	1792	225	3784	1477
512	4095	1792	456	3810	1489
768	4095	1792	700	3812	1491
1024	4095	1792	956	3818	1498
1280	4095	1792	1194	3826	1497
1536	4095	1792	1458	3841	1502
1792	4095	1792	1701	3828	1501
2048	4095	1792	1946	3832	1503
2303	4095	1792	2184	3831	1497
2559	4095	1792	2442	3807	1489
2815	4095	1792	2682	3796	1478
3071	4095	1792	2912	3789	1475
3327	4095	1792	3163	3802	1477
3583	4095	1792	3394	3801	1478
3839	4095	1792	3613	3814	1484
4095	4095	1792	3835	3820	1483
0	0	2048	1	0	1931
256	0	2048	250	0	1819
512	0	2048	494	0	1816
768	0	2048	747	0	1806
1024	0	2048	1008	0	1804
1280	0	2048	1251	0	1801
1536	0	2048	1511	0	1798
1792	0	2048	1764	0	1791
2048	0	2048	2003	0	1794
2303	0	2048	2275	0	1795
2559	0	2048	2526	0	1781
2815	0	2048	2785	0	1773
3071	0	2048	3001	0	1762
3327	0	2048	3272	0	1771
3583	0	2048	3497	0	1776
3839	0	2048	3754	0	1788
4095	0	2048	3970	0	1792
0	256	2048	0	247	1926
256	256	2048	243	243	1817
512	256	2048	481	243	1814
768	256	2048	731	241	1804
1024	256	2048	981	241	1802
1280	256	2048	1220	240	1800
1536	256	2048	1483	238	1796
1792	256	2048	1728	238	1789
2048	256	2048	1956	236	1792
2303	256	2048	2201	233	1792
2559	256	2048	2437	232	1777
2815	256	2048	2674	228	1770
3071	256	2048	2894	226	1759
3327	256	2048	3128	225	1767
3583	256	2048	3351	224	1771
3839	256	2048	3575	224	1783
4095	256	2048	3782	223	1787
0	512	2048	0	498	1821
256	512	2048	242	483	1783
512	512	2048	489	493	1777
768	512	2048	743	490	1771
1024	512	2048	997	485	1766
1280	512	2048	1232	485	1759
1536	512	2048	1500	483	1754
1792	512	2048	1747	480	1747
2048	512	2048	1971	476	1739
2303	512	2048	2220	474	1723
2559	512	2048	2462	467	1707
2815	512	2048	2704	462	1693
3071	512	2048	2914	457	1679
3327	512	2048	3163	459	1677
3583	512	2048	3377	457	1677
3839	512	2048	3598	455	1676
4095	512	2048	3817	457	1681
0	768	2048	0	749	1819
256	768	2048	240	730	1776
512	768	2048	486	742	1805
768	768	2048	749	748	1795
1024	768	2048	1002	745	1785
1280	768	2048	1243	743	1781
1536	768	2048	1508	739	1773
1792	768	2048	1760	738	1772
2048	768	2048	1982	731	1758
2303	768	2048	2229	729	1744
2559	768	2048	2474	717	1726
2815	768	2048	2718	713	1713
3071	768	2048	2929	703	1697
3327	768	2048	3168	702	1692
3583	768	2048	3392	701	1692
3839	768	2048	3607	702	1694
4095	768	2048	3819	698	1694
0	1024	2048	0	1008	1808
256	1024	2048	239	987	1770
512	1024	2048	484	1000	1794
768	1024	2048	744	1007	1810
1024	1024	2048	1009	1011	1798
1280	1024	2048	1251	1009	1789
1536	1024	2048	1515	1003	1788
1792	1024	2048	1763	998	1780
2048	1024	2048	1991	992	1768
2303	1024	2048	2240	989	1752
2559	1024	2048	2488	975	1736
2815	1024	2048	2730	968	1722
3071	1024	2048	2940	956	1707
3327	1024	2048	3172	952	1701
3583	1024	2048	3394	951	1696
3839	1024	2048	3621	953	1699
4095	1024	2048	3832	952	1700
0	1280	2048	0	1248	1808
256	1280	2048	238	1223	1769
512	1280	2048	480	1237	1789
768	1280	2048	742	1246	1799
1024	1280	2048	1006	1251	1807
1280	1280	2048	1258	1258	1799
1536	1280	2048	1523	1251	1796
1792	1280	2048	1771	1244	1788
2048	1280	2048	2001	1239	1775
2303	1280	2048	2252	1231	1760
2559	1280	2048	2497	1211	1745
2815	1280	2048	2731	1203	1731
3071	1280	2048	2947	1195	1715
3327	1280	2048	3187	1190	1710
3583	1280	2048	3405	1185	1703
3839	1280	2048	3629	1187	1702
4095	1280	2048	3843	1186	1703
0	1536	2048	0	1512	1806
256	1536	2048	239	1480	1762
512	1536	2048	481	1501	1786
768	1536	2048	740	1506	1792
1024	1536	2048	1002	1511	1800
1280	1536	2048	1252	1519	1808
1536	1536	2048	1532	1525	1805
1792	1536	2048	1777	1519	1797
2048	1536	2048	2007	1509	1779
2303	1536	2048	2255	1500	1770
2559	1536	2048	2503	1484	1747
2815	1536	2048	2739	1475	1738
3071	1536	2048	2965	1461	1720
3327	1536	2048	3194	1453	1714
3583	1536	2048	3419	1454	1709
3839	1536	2048	3636	1448	1712
4095	1536	2048	3848	1447	1708
0	1792	2048	0	1761	1806
256	1792	2048	238	1725	1761
512	1792	2048	480	1741	1779
768	1792	2048	742	1753	1790
1024	1792	2048	1001	1756	1797
1280	1792	2048	1252	1764	1806
1536	1792	2048	1528	1772	1808
1792	1792	2048	1781	1774	1801
2048	1792	2048	2021	1765	1784
2303	1792	2048	2260	1752	1773
2559	1792	2048	2511	1740	1752
2815	1792	2048	2746	1726	1738
3071	1792	2048	2970	1713	1726
3327	1792	2048	3201	1706	1719
3583	1792	2048	3437	1708	1716
3839	1792	2048	3645	1701	1716
4095	1792	2048	3863	1703	1711
0	2048	2048	0	2010	1799
256	2048	2048	238	1954	1754
512	2048	2048	477	1973	1776
768	2048	2048	734	1981	1782
1024	2048	2048	994	1989	1791
1280	2048	2048	1243	1998	1798
1536	2048	2048	1518	2001	1802
1792	2048	2048	1776	2003	1804
2048	2048	2048	2017	2006	1796
2303	2048	2048	2258	1988	1776
2559	2048	2048	2505	1972	1764
2815	2048	2048	2737	1961	1745
3071	2048	2048	2969	1947	1729
3327	2048	2048	3202	1942	1723
3583	2048	2048	3430	1944	1721
3839	2048	2048	3644	1937	1716
4095	2048	2048	3862	1940	1720
0	2303	2048	0	2280	1806
256	2303	2048	233	2206	1747
512	2303	2048	472	2237	1765
768	2303	2048	725	2251	1772
1024	2303	2048	984	2258	1780
1280	2303	2048	1231	2262	1783
1536	2303	2048	1503	2263	1786
1792	2303	2048	1758	2265	1793
2048	2303	2048	2001	2265	1790
2303	2303	2048	2247	2252	1773
2559	2303	2048	2502	2238	1759
2815	2303	2048	2733	2220	1740
3071	2303	2048	2961	2212	1728
3327	2303	2048	3191	2204	1718
3583	2303	2048	3428	2197	1716
3839	2303	2048	3640	2195	1716
4095	2303	2048	3862	2205	1719
0	2559	2048	0	2521	1803
256	2559	2048	230	2444	1727
512	2559	2048	468	2469	1747
768	2559	2048	720	2478	1755
1024	2559	2048	977	2485	1762
1280	2559	2048	1225	2492	1770
1536	2559	2048	1495	2500	1771
1792	2559	2048	1753	2505	1775
2048	2559	2048	1985	2495	1776
2303	2559	2048	2236	2493	1760
2559	2559	2048	2495	2481	1753
2815	2559	2048	2726	2464	1733
3071	2559	2048	2954	2458	1723
3327	2559	2048	3197	2450	1713
3583	2559	2048	3421	2444	1715
3839	2559	2048	3629	2440	1715
4095	2559	2048	3854	2444	1719
0	2815	2048	0	2771	1790
256	2815	2048	227	2682	1717
512	2815	2048	464	2701	1737
768	2815	2048	713	2710	1744
1024	2815	2048	971	2718	1750
1280	2815	2048	1211	2722	1755
1536	2815	2048	1479	2734	1757
1792	2815	2048	1742	2741	1768
2048	2815	2048	1971	2733	1761
2303	2815	2048	2222	2726	1754
2559	2815	2048	2483	2710	1740
2815	2815	2048	2720	2697	1729
3071	2815	2048	2948	2690	1713
3327	2815	2048	3192	2683	1715
3583	2815	2048	3422	2682	1705
3839	2815	2048	3628	2676	1709
4095	2815	2048	3846	2674	1714
0	3071	2048	0	3016	1783
256	3071	2048	226	2917	1704
512	3071	2048	460	2935	1722
768	3071	2048	707	2946	1728
1024	3071	2048	964	2956	1735
1280	3071	2048	1204	2969	1744
1536	3071	2048	1473	2972	1742
1792	3071	2048	1731	2984	1753
2048	3071	2048	1965	2973	1744
2303	3071	2048	2209	2978	1740
2559	3071	2048	2469	2960	1731
2815	3071	2048	2707	2950	1724
3071	3071	2048	2939	2940	1709
3327	3071	2048	3185	2938	1705
3583	3071	2048	3416	2939	1706
3839	3071	2048	3620	2940	1704
4095	3071	2048	3840	2933	1704
0	3327	2048	0	3295	1778
256	3327	2048	226	3156	1695
512	3327	2048	462	3185	1711
768	3327	2048	706	3188	1719
1024	3327	2048	962	3194	1726
1280	3327	2048	1204	3205	1730
1536	3327	2048	1471	3217	1733
1792	3327	2048	1724	3220	1739
2048	3327	2048	1964	3217	1734
2303	3327	2048	2202	3206	1731
2559	3327	2048	2468	3190	1716
2815	3327	2048	2707	3180	1710
3071	3327	2048	2945	3175	1703
3327	3327	2048	3186	3175	1701
3583	3327	2048	3410	3172	1702
3839	3327	2048	3622	3173	1704
4095	3327	2048	3847	3180	1702
0	3583	2048	0	3515	1790
256	3583	2048	226	3372	1694
512	3583	2048	460	3393	1706
768	3583	2048	708	3409	1713
1024	3583	2048	964	3412	1723
1280	3583	2048	1203	3417	1725
1536	3583	2048	1467	3431	1732
1792	3583	2048	1721	3434	1734
2048	3583	2048	1957	3431	1728
2303	3583	2048	2204	3421	1719
2559	3583	2048	2461	3404	1716
2815	3583	2048	2706	3402	1705
3071	3583	2048	2943	3392	1701
3327	3583	2048	3185	3393	1702
3583	3583	2048	3420	3398	1700
3839	3583	2048	3630	3394	1701
4095	3583	2048	3847	3394	1706
0	3839	2048	0	3767	1795
256	3839	2048	225	3600	1695
512	3839	2048	460	3627	1707
768	3839	2048	705	3640	1713
1024	3839	2048	965	3644	1721
1280	3839	2048	1203	3647	1724
1536	3839	2048	1467	3651	1727
1792	3839	2048	1718	3657	1728
2048	3839	2048	1956	3649	1722
2303	3839	2048	2203	3643	1720
2559	3839	2048	2462	3628	1706
2815	3839	2048	2702	3615	1704
3071	3839	2048	2938	3615	1701
3327	3839	2048	3181	3605	1702
3583	3839	2048	3421	3617	1707
3839	3839	2048	3633	3614	1706
4095	3839	2048	3854	3629	1706
0	4095	2048	0	3992	1803
256	4095	2048	226	3803	1691
512	4095	2048	463	3837	1713
768	4095	2048	707	3834	1714
1024	4095	2048	966	3847	1718
1280	4095	2048	1206	3851	1725
1536	4095	2048	1468	3855	1728
1792	4095	2048	1719	3862	1726
2048	4095	2048	1957	3853	1722
2303	4095	2048	2202	3859	1720
2559	4095	2048	2462	3836	1713
2815	4095	2048	2710	3828	1702
3071	4095	2048	2939	3817	1704
3327	4095	2048	3189	3824	1700
3583	4095	2048	3420	3827	1708
3839	4095	2048	3640	3844	1707
4095	4095	2048	3869	3846	1705
0	0	2303	1	0	2180
256	0	2303	252	0	2047
512	0	2303	499	0	2043
768	0	2303	754	0	2030
1024	0	2303	1013	0	2024
1280	0	2303	1257	0	2023
1536	0	2303	1525	0	2020
1792	0	2303	1778	0	2022
2048	0	2303	2027	0	2023
2303	0	2303	2284	0	2020
2559	0	2303	2545	0	2013
2815	0	2303	2799	0	1998
3071	0	2303	3028	0	1995
3327	0	2303	3299	0	2004
3583	0	2303	3532	0	2012
3839	0	2303	3776	0	2017
4095	0	2303	3998	0	2027
0	256	2303	0	249	2157
256	256	2303	244	243	2038
512	256	2303	482	243	2034
768	256	2303	733	242	2022
1024	256	2303	984	241	2015
1280	256	2303	1223	241	2013
1536	256	2303	1488	239	2010
1792	256	2303	1735	240	2012
2048	256	2303	1966	239	2012
2303	256	2303	2212	238	2007
2559	256	2303	2464	235	1999
2815	256	2303	2697	232	1983
3071	256	2303	2916	229	1977
3327	256	2303	3154	229	1985
3583	256	2303	3385	228	1992
3839	256	2303	3609	228	1996
4095	256	2303	3822	227	2005
0	512	2303	0	501	2051
256	512	2303	242	484	1997
512	512	2303	491	494	1994
768	512	2303	745	491	1986
1024	512	2303	1000	487	1980
1280	512	2303	1237	486	1973
1536	512	2303	1504	484	1969
1792	512	2303	1756	483	1968
2048	512	2303	1991	482	1963
2303	512	2303	2238	479	1951
2559	512	2303	2482	472	1937
2815	512	2303	2717	468	1917
3071	512	2303	2941	464	1901
3327	512	2303	3174	462	1899
3583	512	2303	3404	461	1901
3839	512	2303	3624	463	1899
4095	512	2303	3844	461	1905
0	768	2303	0	754	2048
256	768	2303	241	732	1989
512	768	2303	488	745	2016
768	768	2303	749	748	2011
1024	768	2303	1005	747	2003
1280	768	2303	1246	745	1996
1536	768	2303	1515	741	1988
1792	768	2303	1767	741	1990
2048	768	2303	1999	739	1985
2303	768	2303	2243	732	1972
2559	768	2303	2493	725	1952
2815	768	2303	2729	718	1939
3071	768	2303	2951	713	1924
3327	768	2303	3188	708	1916
3583	768	2303	3414	706	1913
3839	768	2303	3637	708	1913
4095	768	2303	3853	707	1920
0	1024	2303	0	1017	2037
256	1024	2303	240	990	1983
512	1024	2303	485	1000	2008
768	1024	2303	745	1008	2018
1024	1024	2303	1010	1013	2017
1280	1024	2303	1254	1012	2008
1536	1024	2303	1521	1006	2006
1792	1024	2303	1777	1006	2002
2048	1024	2303	2009	1003	1994
2303	1024	2303	2255	994	1977
2559	1024	2303	2505	984	1960
2815	1024	2303	2735	975	1944
3071	1024	2303	2963	966	1930
3327	1024	2303	3204	968	1922
3583	1024	2303	3431	963	1919
3839	1024	2303	3648	962	1918
4095	1024	2303	3864	963	1921
0	1280	2303	0	1257	2032
256	1280	2303	239	1228	1979
512	1280	2303	482	1240	2001
768	1280	2303	744	1250	2014
1024	1280	2303	1010	1256	2023
1280	1280	2303	1263	1263	2019
1536	1280	2303	1527	1254	2013
1792	1280	2303	1781	1250	2012
2048	1280	2303	2020	1252	2004
2303	1280	2303	2270	1239	1988
2559	1280	2303	2511	1226	1969
2815	1280	2303	2747	1213	1949
3071	1280	2303	2976	1207	1933
3327	1280	2303	3219	1204	1931
3583	1280	2303	3439	1199	1929
3839	1280	2303	3658	1199	1927
4095	1280	2303	3872	1198	1926
0	1536	2303	0	1524	2031
256	1536	2303	239	1483	1974
512	1536	2303	483	1506	1996
768	1536	2303	744	1510	2009
1024	1536	2303	1006	1517	2018
1280	1536	2303	1256	1523	2027
1536	1536	2303	1536	1530	2021
1792	1536	2303	1784	1526	2017
2048	1536	2303	2024	1518	2013
2303	1536	2303	2271	1510	1997
2559	1536	2303	2521	1495	1977
2815	1536	2303	2758	1484	1958
3071	1536	2303	2979	1468	1939
3327	1536	2303	3222	1467	1936
3583	1536	2303	3449	1465	1930
3839	1536	2303	3660	1464	1929
4095	1536	2303	3877	1461	1930
0	1792	2303	0	1773	2028
256	1792	2303	239	1735	1972
512	1792	2303	484	1752	1993
768	1792	2303	744	1759	2008
1024	1792	2303	1008	1766	2013
1280	1792	2303	1255	1769	2020
1536	1792	2303	1530	1776	2024
1792	1792	2303	1793	1786	2025
2048	1792	2303	2028	1776	2016
2303	1792	2303	2275	1765	2003
2559	1792	2303	2522	1747	1980
2815	1792	2303	2757	1734	1961
3071	1792	2303	2990	1726	1949
3327	1792	2303	3231	1723	1943
3583	1792	2303	3453	1716	1936
3839	1792	2303	3677	1719	1932
4095	1792	2303	3888	1722	1934
0	2048	2303	0	2028	2030
256	2048	2303	238	1969	1971
512	2048	2303	481	1988	1995
768	2048	2303	740	1995	2002
1024	2048	2303	1003	2004	2011
1280	2048	2303	1254	2013	2015
1536	2048	2303	1529	2011	2022
1792	2048	2303	1788	2020	2028
2048	2048	2303	2032	2021	2020
2303	2048	2303	2280	2009	2007
2559	2048	2303	2527	1989	1983
2815	2048	2303	2761	1980	1966
3071	2048	2303	2995	1966	1952
3327	2048	2303	3238	1965	1948
3583	2048	2303	3462	1965	1941
3839	2048	2303	3681	1960	1941
4095	2048	2303	3897	1961	1940
0	2303	2303	0	2300	2032
256	2303	2303	235	2235	1964
512	2303	2303	478	2258	1988
768	2303	2303	733	2263	1994
1024	2303	2303	994	2271	2003
1280	2303	2303	1243	2273	2010
1536	2303	2303	1519	2282	2015
1792	2303	2303	1775	2283	2020
2048	2303	2303	2018	2285	2020
2303	2303	2303	2274	2279	2009
2559	2303	2303	2524	2257	1989
2815	2303	2303	2758	2241	1968
3071	2303	2303	2988	2234	1953
3327	2303	2303	3227	2228	1945
3583	2303	2303	3460	2220	1941
3839	2303	2303	3680	2221	1942
4095	2303	2303	3896	2221	1943
0	2559	2303	0	2542	2030
256	2559	2303	233	2468	1954
512	2559	2303	473	2485	1977
768	2559	2303	727	2496	1982
1024	2559	2303	989	2506	1990
1280	2559	2303	1233	2515	1995
1536	2559	2303	1510	2521	2004
1792	2559	2303	1759	2515	2005
2048	2559	2303	2004	2516	2007
2303	2559	2303	2256	2513	1996
2559	2559	2303	2518	2503	1979
2815	2559	2303	2751	2487	1960
3071	2559	2303	2987	2483	1947
3327	2559	2303	3221	2475	1939
3583	2559	2303	3457	2470	1939
3839	2559	2303	3667	2467	1938
4095	2559	2303	3880	2468	1938
0	2815	2303	0	2792	2023
256	2815	2303	231	2701	1941
512	2815	2303	469	2717	1958
768	2815	2303	722	2733	1966
1024	2815	2303	979	2742	1976
1280	2815	2303	1225	2746	1984
1536	2815	2303	1499	2757	1987
1792	2815	2303	1749	2749	1983
2048	2815	2303	1993	2761	1991
2303	2815	2303	2243	2747	1980
2559	2815	2303	2505	2733	1966
2815	2815	2303	2745	2722	1953
3071	2815	2303	2980	2717	1938
3327	2815	2303	3221	2707	1933
3583	2815	2303	3451	2704	1931
3839	2815	2303	3661	2702	1935
4095	2815	2303	3878	2700	1933
0	3071	2303	0	3047	2014
256	3071	2303	229	2938	1925
512	3071	2303	466	2968	1950
768	3071	2303	715	2978	1956
1024	3071	2303	975	2983	1958
1280	3071	2303	1221	2997	1967
1536	3071	2303	1484	2992	1970
1792	3071	2303	1743	3002	1971
2048	3071	2303	1985	2999	1974
2303	3071	2303	2229	2998	1964
2559	3071	2303	2493	2986	1953
2815	3071	2303	2732	2976	1941
3071	3071	2303	2972	2972	1933
3327	3071	2303	3214	2964	1927
3583	3071	2303	3449	2968	1928
3839	3071	2303	3650	2966	1927
4095	3071	2303	3871	2958	1927
0	3327	2303	0	3315	2014
256	3327	2303	228	3185	1915
512	3327	2303	466	3210	1942
768	3327	2303	715	3219	1944
1024	3327	2303	972	3228	1947
1280	3327	2303	1218	3234	1951
1536	3327	2303	1482	3231	1958
1792	3327	2303	1739	3243	1961
2048	3327	2303	1983	3241	1960
2303	3327	2303	2225	3235	1952
2559	3327	2303	2488	3220	1939
2815	3327	2303	2737	3214	1932
3071	3327	2303	2975	3206	1928
3327	3327	2303	3221	3209	1924
3583	3327	2303	3441	3209	1928
3839	3327	2303	3654	3201	1927
4095	3327	2303	3880	3208	1923
0	3583	2303	0	3545	2025
256	3583	2303	228	3397	1917
512	3583	2303	465	3419	1937
768	3583	2303	713	3426	1939
1024	3583	2303	972	3435	1942
1280	3583	2303	1213	3440	1944
1536	3583	2303	1484	3455	1951
1792	3583	2303	1731	3451	1957
2048	3583	2303	1976	3461	1952
2303	3583	2303	2225	3450	1943
2559	3583	2303	2486	3438	1935
2815	3583	2303	2733	3429	1930
3071	3583	2303	2974	3426	1925
3327	3583	2303	3215	3428	1929
3583	3583	2303	3443	3420	1928
3839	3583	2303	3661	3422	1924
4095	3583	2303	3874	3426	1925
0	3839	2303	0	3801	2035
256	3839	2303	229	3634	1917
512	3839	2303	465	3656	1931
768	3839	2303	714	3662	1934
1024	3839	2303	972	3664	1940
1280	3839	2303	1215	3673	1939
1536	3839	2303	1481	3684	1948
1792	3839	2303	1729	3678	1948
2048	3839	2303	1975	3679	1945
2303	3839	2303	2225	3676	1943
2559	3839	2303	2486	3661	1931
2815	3839	2303	2732	3649	1927
3071	3839	2303	2965	3647	1926
3327	3839	2303	3214	3639	1929
3583	3839	2303	3450	3646	1926
3839	3839	2303	3662	3642	1924
4095	3839	2303	3884	3656	1926
0	4095	2303	0	4029	2040
256	4095	2303	230	3837	1916
512	4095	2303	468	3861	1930
768	4095	2303	715	3865	1931
1024	4095	2303	975	3872	1939
1280	4095	2303	1217	3878	1942
1536	4095	2303	1482	3883	1944
1792	4095	2303	1730	3895	1944
2048	4095	2303	1977	3889	1945
2303	4095	2303	2226	3886	1939
2559	4095	2303	2484	3877	1938
2815	4095	2303	2736	3864	1928
3071	4095	2303	2972	3856	1928
3327	4095	2303	3224	3862	1926
3583	4095	2303	3443	3863	1926
3839	4095	2303	3668	3873	1929
4095	4095	2303	3889	3873	1927
0	0	2559	1	0	2419
256	0	2559	255	0	2283
512	0	2559	503	0	2275
768	0	2559	759	0	2263
1024	0	2559	1022	0	2254
1280	0	2559	1263	0	2250
1536	0	2559	1535	0	2248
1792	0	2559	1791	0	2252
2048	0	2559	2041	0	2253
2303	0	2559	2301	0	2247
2559	0	2559	2561	0	2237
2815	0	2559	2814	0	2230
3071	0	2559	3048	0	2224
3327	0	2559	3320	0	2232
3583	0	2559	3551	0	2238
3839	0	2559	3804	0	2249
4095	0	2559	4027	0	2260
0	256	2559	0	251	2377
256	256	2559	246	245	2264
512	256	2559	483	245	2256
768	256	2559	735	244	2243
1024	256	2559	988	243	2234
1280	256	2559	1225	242	2230
1536	256	2559	1497	241	2229
1792	256	2559	1740	242	2230
2048	256	2559	1981	241	2230
2303	256	2559	2232	241	2224
2559	256	2559	2478	237	2212
2815	256	2559	2709	234	2201
3071	256	2559	2938	232	2193
3327	256	2559	3180	231	2199
3583	256	2559	3410	231	2202
3839	256	2559	3633	230	2212
4095	256	2559	3850	230	2219
0	512	2559	0	505	2279
256	512	2559	244	487	2217
512	512	2559	492	495	2220
768	512	2559	747	492	2208
1024	512	2559	1002	489	2198
1280	512	2559	1243	489	2194
1536	512	2559	1515	486	2192
1792	512	2559	1764	485	2188
2048	512	2559	1999	485	2185
2303	512	2559	2255	482	2179
2559	512	2559	2498	477	2161
2815	512	2559	2734	472	2144
3071	512	2559	2964	470	2128
3327	512	2559	3202	468	2128
3583	512	2559	3430	466	2125
3839	512	2559	3661	468	2130
4095	512	2559	3870	466	2131
0	768	2559	0	760	2275
256	768	2559	242	737	2211
512	768	2559	489	746	2236
768	768	2559	751	750	2232
1024	768	2559	1008	749	2223
1280	768	2559	1250	747	2214
1536	768	2559	1523	744	2212
1792	768	2559	1773	744	2212
2048	768	2559	2007	744	2204
2303	768	2559	2259	738	2197
2559	768	2559	2509	731	2181
2815	768	2559	2745	724	2164
3071	768	2559	2976	719	2145
3327	768	2559	3217	717	2143
3583	768	2559	3438	715	2141
3839	768	2559	3661	713	2143
4095	768	2559	3880	714	2144
0	1024	2559	0	1023	2266
256	1024	2559	242	995	2201
512	1024	2559	487	1007	2227
768	1024	2559	748	1012	2236
1024	1024	2559	1017	1019	2236
1280	1024	2559	1258	1015	2226
1536	1024	2559	1530	1010	2224
1792	1024	2559	1782	1011	2222
2048	1024	2559	2017	1006	2214
2303	1024	2559	2271	1001	2207
2559	1024	2559	2522	991	2190
2815	1024	2559	2757	983	2170
3071	1024	2559	2989	976	2155
3327	1024	2559	3226	974	2152
3583	1024	2559	3455	972	2146
3839	1024	2559	3670	972	2146
4095	1024	2559	3889	971	2148
0	1280	2559	0	1266	2260
256	1280	2559	240	1229	2195
512	1280	2559	485	1247	2221
768	1280	2559	747	1254	2231
1024	1280	2559	1012	1259	2244
1280	1280	2559	1265	1265	2240
1536	1280	2559	1534	1259	2234
1792	1280	2559	1789	1256	2232
2048	1280	2559	2027	1255	2224
2303	1280	2559	2277	1244	2216
2559	1280	2559	2526	1233	2195
2815	1280	2559	2763	1222	2177
3071	1280	2559	2997	1215	2162
3327	1280	2559	3236	1211	2158
3583	1280	2559	3460	1208	2153
3839	1280	2559	3682	1209	2150
4095	1280	2559	3895	1208	2153
0	1536	2559	0	1532	2258
256	1536	2559	241	1490	2193
512	1536	2559	486	1509	2214
768	1536	2559	747	1514	2225
1024	1536	2559	1012	1523	2237
1280	1536	2559	1261	1529	2244
1536	1536	2559	1541	1535	2242
1792	1536	2559	1790	1526	2239
2048	1536	2559	2032	1526	2234
2303	1536	2559	2285	1519	2221
2559	1536	2559	2533	1502	2201
2815	1536	2559	2770	1490	2186
3071	1536	2559	3001	1483	2167
3327	1536	2559	3240	1479	2163
3583	1536	2559	3472	1475	2159
3839	1536	2559	3687	1475	2156
4095	1536	2559	3901	1476	2157
0	1792	2559	0	1786	2256
256	1792	2559	240	1743	2190
512	1792	2559	486	1756	2213
768	1792	2559	747	1765	2224
1024	1792	2559	1012	1777	2233
1280	1792	2559	1263	1779	2242
1536	1792	2559	1539	1782	2245
1792	1792	2559	1793	1788	2243
2048	1792	2559	2035	1782	2238
2303	1792	2559	2289	1771	2227
2559	1792	2559	2536	1757	2205
2815	1792	2559	2773	1749	2190
3071	1792	2559	3014	1740	2174
3327	1792	2559	3252	1736	2168
3583	1792	2559	3479	1731	2163
3839	1792	2559	3698	1731	2161
4095	1792	2559	3910	1730	2162
0	2048	2559	0	2038	2261
256	2048	2559	240	1974	2187
512	2048	2559	484	2000	2212
768	2048	2559	744	2008	2222
1024	2048	2559	1008	2012	2231
1280	2048	2559	1259	2021	2239
1536	2048	2559	1535	2021	2243
1792	2048	2559	1793	2027	2244
2048	2048	2559	2038	2025	2242
2303	2048	2559	2291	2022	2232
2559	2048	2559	2544	2002	2210
2815	2048	2559	2779	1990	2194
3071	2048	2559	3017	1980	2178
3327	2048	2559	3253	1974	2173
3583	2048	2559	3489	1978	2169
3839	2048	2559	3705	1979	2168
4095	2048	2559	3914	1975	2167
0	2303	2559	0	2315	2262
256	2303	2559	238	2253	2186
512	2303	2559	483	2270	2208
768	2303	2559	741	2277	2217
1024	2303	2559	1004	2284	2225
1280	2303	2559	1252	2287	2233
1536	2303	2559	1528	2295	2236
1792	2303	2559	1789	2294	2241
2048	2303	2559	2029	2300	2242
2303	2303	2559	2287	2291	2234
2559	2303	2559	2541	2272	2215
2815	2303	2559	2782	2264	2194
3071	2303	2559	3020	2251	2182
3327	2303	2559	3257	2244	2175
3583	2303	2559	3488	2242	2172
3839	2303	2559	3706	2238	2170
4095	2303	2559	3921	2235	2169
0	2559	2559	0	2564	2256
256	2559	2559	236	2483	2180
512	2559	2559	478	2502	2202
768	2559	2559	734	2512	2211
1024	2559	2559	998	2522	2217
1280	2559	2559	1243	2527	2221
1536	2559	2559	1516	2530	2225
1792	2559	2559	1772	2529	2228
2048	2559	2559	2018	2533	2232
2303	2559	2559	2270	2528	2223
2559	2559	2559	2534	2518	2209
2815	2559	2559	2774	2510	2192
3071	2559	2559	3015	2500	2179
3327	2559	2559	3251	2499	2173
3583	2559	2559	3479	2491	2169
3839	2559	2559	3692	2485	2165
4095	2559	2559	3909	2484	2167
0	2815	2559	0	2816	2251
256	2815	2559	233	2714	2164
512	2815	2559	474	2737	2187
768	2815	2559	727	2746	2195
1024	2815	2559	989	2756	2199
1280	2815	2559	1234	2759	2206
1536	2815	2559	1506	2767	2209
1792	2815	2559	1758	2767	2209
2048	2815	2559	2006	2769	2214
2303	2815	2559	2256	2766	2207
2559	2815	2559	2522	2755	2198
2815	2815	2559	2768	2742	2183
3071	2815	2559	3007	2734	2172
3327	2815	2559	3247	2733	2167
3583	2815	2559	3471	2719	2162
3839	2815	2559	3683	2718	2158
4095	2815	2559	3901	2716	2157
0	3071	2559	0	3067	2247
256	3071	2559	231	2959	2150
512	3071	2559	471	2983	2171
768	3071	2559	720	2986	2177
1024	3071	2559	984	3002	2182
1280	3071	2559	1228	3007	2190
1536	3071	2559	1494	3014	2194
1792	3071	2559	1753	3014	2195
2048	3071	2559	1995	3012	2196
2303	3071	2559	2248	3014	2190
2559	3071	2559	2514	3008	2183
2815	3071	2559	2758	2998	2172
3071	3071	2559	2997	2996	2166
3327	3071	2559	3238	2985	2161
3583	3071	2559	3467	2982	2156
3839	3071	2559	3680	2984	2151
4095	3071	2559	3895	2974	2150
0	3327	2559	0	3339	2246
256	3327	2559	231	3200	2141
512	3327	2559	470	3233	2159
768	3327	2559	722	3238	2165
1024	3327	2559	981	3243	2173
1280	3327	2559	1225	3247	2176
1536	3327	2559	1491	3253	2180
1792	3327	2559	1748	3255	2183
2048	3327	2559	1992	3250	2186
2303	3327	2559	2243	3251	2181
2559	3327	2559	2509	3250	2173
2815	3327	2559	2755	3240	2166
3071	3327	2559	2997	3229	2160
3327	3327	2559	3247	3234	2157
3583	3327	2559	3468	3228	2149
3839	3327	2559	3677	3227	2147
4095	3327	2559	3898	3221	2147
0	3583	2559	0	3570	2255
256	3583	2559	231	3419	2141
512	3583	2559	470	3440	2159
768	3583	2559	719	3448	2165
1024	3583	2559	981	3456	2168
1280	3583	2559	1223	3459	2172
1536	3583	2559	1491	3466	2175
1792	3583	2559	1741	3467	2179
2048	3583	2559	1990	3475	2180
2303	3583	2559	2239	3474	2175
2559	3583	2559	2504	3465	2168
2815	3583	2559	2749	3448	2162
3071	3583	2559	2993	3445	2157
3327	3583	2559	3241	3450	2156
3583	3583	2559	3462	3445	2148
3839	3583	2559	3678	3439	2147
4095	3583	2559	3902	3445	2147
0	3839	2559	0	3821	2262
256	3839	2559	231	3649	2141
512	3839	2559	471	3678	2158
768	3839	2559	718	3674	2160
1024	3839	2559	978	3686	2163
1280	3839	2559	1223	3689	2169
1536	3839	2559	1490	3696	2171
1792	3839	2559	1741	3697	2174
2048	3839	2559	1990	3708	2176
2303	3839	2559	2242	3699	2172
2559	3839	2559	2505	3686	2165
2815	3839	2559	2751	3672	2157
3071	3839	2559	2995	3672	2151
3327	3839	2559	3237	3669	2150
3583	3839	2559	3464	3662	2148
3839	3839	2559	3684	3671	2147
4095	3839	2559	3901	3665	2147
0	4095	2559	0	4049	2272
256	4095	2559	232	3859	2143
512	4095	2559	472	3881	2157
768	4095	2559	721	3885	2159
1024	4095	2559	981	3891	2162
1280	4095	2559	1224	3896	2167
1536	4095	2559	1491	3906	2170
1792	4095	2559	1741	3907	2173
2048	4095	2559	1987	3911	2175
2303	4095	2559	2243	3907	2171
2559	4095	2559	2505	3900	2165
2815	4095	2559	2756	3890	2156
3071	4095	2559	2992	3878	2151
3327	4095	2559	3240	3879	2150
3583	4095	2559	3468	3884	2148
3839	4095	2559	3688	3887	2149
4095	4095	2559	3909	3894	2149
0	0	2815	1	0	2680
256	0	2815	257	0	2525
512	0	2815	506	0	2519
768	0	2815	765	0	2508
1024	0	2815	1028	0	2498
1280	0	2815	1271	0	2494
1536	0	2815	1546	0	2491
1792	0	2815	1802	0	2495
2048	0	2815	2045	0	2492
2303	0	2815	2314	0	2492
2559	0	2815	2576	0	2482
2815	0	2815	2834	0	2477
3071	0	2815	3066	0	2468
3327	0	2815	3339	0	2479
3583	0	2815	3573	0	2485
3839	0	2815	3827	0	2498
4095	0	2815	4052	0	2506
0	256	2815	0	253	2612
256	256	2815	246	245	2494
512	256	2815	484	245	2487
768	256	2815	738	245	2475
1024	256	2815	991	243	2465
1280	256	2815	1228	243	2462
1536	256	2815	1498	242	2459
1792	256	2815	1746	242	2460
2048	256	2815	1986	241	2457
2303	256	2815	2240	242	2455
2559	256	2815	2490	239	2442
2815	256	2815	2727	236	2432
3071	256	2815	2962	235	2421
3327	256	2815	3197	234	2426
3583	256	2815	3429	232	2429
3839	256	2815	3654	233	2438
4095	256	2815	3867	232	2442
0	512	2815	0	507	2521
256	512	2815	245	487	2449
512	512	2815	493	496	2458
768	512	2815	750	493	2446
1024	512	2815	1006	491	2436
1280	512	2815	1246	489	2430
1536	512	2815	1515	487	2428
1792	512	2815	1766	486	2425
2048	512	2815	2000	486	2420
2303	512	2815	2259	484	2414
2559	512	2815	2511	480	2400
2815	512	2815	2750	476	2382
3071	512	2815	2983	473	2366
3327	512	2815	3230	473	2366
3583	512	2815	3456	471	2364
3839	512	2815	3682	472	2367
4095	512	2815	3895	471	2367
0	768	2815	0	762	2516
256	768	2815	243	740	2442
512	768	2815	490	748	2471
768	768	2815	754	752	2467
1024	768	2815	1011	752	2460
1280	768	2815	1254	750	2451
1536	768	2815	1524	745	2447
1792	768	2815	1774	745	2445
2048	768	2815	2009	744	2438
2303	768	2815	2266	741	2430
2559	768	2815	2522	736	2418
2815	768	2815	2761	728	2401
3071	768	2815	2992	724	2381
3327	768	2815	3239	722	2384
3583	768	2815	3461	721	2379
3839	768	2815	3682	719	2378
4095	768	2815	3899	719	2380
0	1024	2815	0	1027	2507
256	1024	2815	242	997	2433
512	1024	2815	488	1011	2460
768	1024	2815	751	1015	2471
1024	1024	2815	1019	1021	2474
1280	1024	2815	1262	1018	2465
1536	1024	2815	1530	1011	2459
1792	1024	2815	1783	1012	2455
2048	1024	2815	2018	1006	2448
2303	1024	2815	2273	1004	2441
2559	1024	2815	2532	996	2428
2815	1024	2815	2774	989	2410
3071	1024	2815	3006	982	2391
3327	1024	2815	3244	981	2390
3583	1024	2815	3472	978	2384
3839	1024	2815	3689	978	2382
4095	1024	2815	3906	979	2384
0	1280	2815	0	1271	2502
256	1280	2815	240	1232	2428
512	1280	2815	486	1248	2453
768	1280	2815	750	1256	2467
1024	1280	2815	1015	1261	2479
1280	1280	2815	1268	1267	2476
1536	1280	2815	1535	1260	2469
1792	1280	2815	1791	1259	2467
2048	1280	2815	2028	1255	2458
2303	1280	2815	2279	1249	2451
2559	1280	2815	2537	1237	2436
2815	1280	2815	2779	1229	2417
3071	1280	2815	3016	1224	2400
3327	1280	2815	3255	1219	2395
3583	1280	2815	3479	1218	2388
3839	1280	2815	3699	1216	2387
4095	1280	2815	3912	1215	2388
0	1536	2815	0	1538	2500
256	1536	2815	241	1496	2426
512	1536	2815	487	1513	2448
768	1536	2815	749	1518	2462
1024	1536	2815	1013	1524	2471
1280	1536	2815	1263	1532	2479
1536	1536	2815	1541	1537	2477
1792	1536	2815	1794	1530	2475
2048	1536	2815	2034	1528	2466
2303	1536	2815	2292	1524	2458
2559	1536	2815	2543	1511	2441
2815	1536	2815	2789	1501	2421
3071	1536	2815	3019	1491	2406
3327	1536	2815	3261	1489	2402
3583	1536	2815	3493	1486	2396
3839	1536	2815	3705	1485	2393
4095	1536	2815	3925	1485	2393
0	1792	2815	0	1797	2502
256	1792	2815	240	1745	2424
512	1792	2815	486	1760	2447
768	1792	2815	746	1767	2458
1024	1792	2815	1011	1776	2466
1280	1792	2815	1263	1782	2476
1536	1792	2815	1541	1785	2479
1792	1792	2815	1794	1790	2477
2048	1792	2815	2038	1784	2472
2303	1792	2815	2292	1775	2461
2559	1792	2815	2552	1770	2445
2815	1792	2815	2789	1758	2428
3071	1792	2815	3026	1750	2410
3327	1792	2815	3271	1747	2408
3583	1792	2815	3499	1741	2402
3839	1792	2815	3712	1738	2398
4095	1792	2815	3928	1739	2399
0	2048	2815	0	2048	2507
256	2048	2815	241	1979	2422
512	2048	2815	484	2000	2444
768	2048	2815	745	2011	2455
1024	2048	2815	1010	2016	2464
1280	2048	2815	1261	2024	2472
1536	2048	2815	1537	2026	2478
1792	2048	2815	1795	2027	2476
2048	2048	2815	2041	2028	2476
2303	2048	2815	2295	2024	2466
2559	2048	2815	2556	2013	2451
2815	2048	2815	2796	2005	2433
3071	2048	2815	3035	1993	2415
3327	2048	2815	3273	1988	2411
3583	2048	2815	3506	1990	2406
3839	2048	2815	3725	1991	2404
4095	2048	2815	3936	1985	2404
0	2303	2815	0	2326	2508
256	2303	2815	240	2258	2421
512	2303	2815	484	2274	2441
768	2303	2815	744	2284	2452
1024	2303	2815	1006	2291	2461
1280	2303	2815	1255	2297	2467
1536	2303	2815	1534	2302	2472
1792	2303	2815	1791	2297	2471
2048	2303	2815	2034	2302	2478
2303	2303	2815	2294	2297	2470
2559	2303	2815	2557	2286	2454
2815	2303	2815	2797	2273	2433
3071	2303	2815	3041	2263	2420
3327	2303	2815	3276	2254	2414
3583	2303	2815	3508	2254	2409
3839	2303	2815	3720	2248	2408
4095	2303	2815	3939	2246	2408
0	2559	2815	0	2581	2504
256	2559	2815	238	2497	2415
512	2559	2815	482	2516	2436
768	2559	2815	740	2525	2445
1024	2559	2815	1004	2533	2453
1280	2559	2815	1250	2535	2459
1536	2559	2815	1520	2542	2461
1792	2559	2815	1783	2544	2461
2048	2559	2815	2027	2544	2467
2303	2559	2815	2285	2544	2461
2559	2559	2815	2551	2539	2449
2815	2559	2815	2797	2528	2431
3071	2559	2815	3039	2516	2420
3327	2559	2815	3275	2513	2413
3583	2559	2815	3504	2507	2407
3839	2559	2815	3714	2500	2405
4095	2559	2815	3935	2499	2405
0	2815	2815	0	2833	2498
256	2815	2815	235	2731	2402
512	2815	2815	478	2752	2423
768	2815	2815	733	2759	2432
1024	2815	2815	996	2767	2438
1280	2815	2815	1241	2770	2442
1536	2815	2815	1513	2777	2443
1792	2815	2815	1767	2776	2447
2048	2815	2815	2014	2781	2448
2303	2815	2815	2267	2777	2444
2559	2815	2815	2542	2774	2438
2815	2815	2815	2790	2763	2425
3071	2815	2815	3030	2751	2415
3327	2815	2815	3267	2746	2410
3583	2815	2815	3489	2738	2402
3839	2815	2815	3703	2734	2398
4095	2815	2815	3924	2732	2396
0	3071	2815	0	3084	2493
256	3071	2815	233	2978	2384
512	3071	2815	475	2994	2405
768	3071	2815	724	3000	2412
1024	3071	2815	989	3010	2420
1280	3071	2815	1235	3018	2422
1536	3071	2815	1501	3020	2425
1792	3071	2815	1757	3025	2430
2048	3071	2815	2006	3026	2430
2303	3071	2815	2261	3029	2428
2559	3071	2815	2532	3026	2424
2815	3071	2815	2779	3020	2417
3071	3071	2815	3020	3013	2409
3327	3071	2815	3257	3007	2403
3583	3071	2815	3483	3000	2395
3839	3071	2815	3698	2995	2389
4095	3071	2815	3913	2987	2386
0	3327	2815	0	3358	2494
256	3327	2815	233	3216	2376
512	3327	2815	474	3242	2394
768	3327	2815	726	3245	2400
1024	3327	2815	986	3253	2407
1280	3327	2815	1232	3257	2410
1536	3327	2815	1499	3263	2415
1792	3327	2815	1755	3264	2417
2048	3327	2815	2004	3269	2421
2303	3327	2815	2256	3266	2419
2559	3327	2815	2526	3267	2415
2815	3327	2815	2774	3261	2411
3071	3327	2815	3015	3253	2403
3327	3327	2815	3262	3249	2397
3583	3327	2815	3485	3241	2389
3839	3327	2815	3699	3245	2385
4095	3327	2815	3912	3237	2379
0	3583	2815	0	3584	2502
256	3583	2815	233	3432	2375
512	3583	2815	474	3456	2393
768	3583	2815	724	3461	2399
1024	3583	2815	986	3468	2401
1280	3583	2815	1229	3477	2406
1536	3583	2815	1499	3481	2412
1792	3583	2815	1749	3481	2412
2048	3583	2815	2001	3493	2417
2303	3583	2815	2255	3493	2414
2559	3583	2815	2522	3485	2410
2815	3583	2815	2766	3473	2405
3071	3583	2815	3008	3467	2398
3327	3583	2815	3257	3463	2392
3583	3583	2815	3487	3467	2387
3839	3583	2815	3697	3462	2386
4095	3583	2815	3927	3464	2383
0	3839	2815	0	3838	2510
256	3839	2815	233	3666	2376
512	3839	2815	475	3692	2392
768	3839	2815	724	3690	2396
1024	3839	2815	985	3700	2398
1280	3839	2815	1229	3703	2404
1536	3839	2815	1497	3711	2407
1792	3839	2815	1749	3711	2410
2048	3839	2815	2005	3727	2415
2303	3839	2815	2254	3714	2412
2559	3839	2815	2523	3708	2408
2815	3839	2815	2769	3695	2400
3071	3839	2815	3011	3687	2392
3327	3839	2815	3259	3691	2388
3583	3839	2815	3482	3686	2388
3839	3839	2815	3703	3688	2386
4095	3839	2815	3924	3689	2387
0	4095	2815	0	4063	2521
256	4095	2815	234	3876	2379
512	4095	2815	477	3902	2394
768	4095	2815	726	3901	2396
1024	4095	2815	986	3911	2398
1280	4095	2815	1229	3909	2403
1536	4095	2815	1500	3924	2406
1792	4095	2815	1751	3927	2411
2048	4095	2815	2001	3929	2415
2303	4095	2815	2254	3924	2413
2559	4095	2815	2523	3921	2408
2815	4095	2815	2773	3911	2398
3071	4095	2815	3008	3898	2388
3327	4095	2815	3257	3903	2388
3583	4095	2815	3491	3905	2388
3839	4095	2815	3703	3905	2386
4095	4095	2815	3931	3916	2390
0	0	3071	1	0	2941
256	0	3071	259	0	2765
512	0	3071	508	0	2758
768	0	3071	769	0	2748
1024	0	3071	1030	0	2736
1280	0	3071	1280	0	2734
1536	0	3071	1555	0	2731
1792	0	3071	1810	0	2729
2048	0	3071	2053	0	2731
2303	0	3071	2324	0	2733
2559	0	3071	2589	0	2725
2815	0	3071	2851	0	2718
3071	0	3071	3085	0	2711
3327	0	3071	3362	0	2722
3583	0	3071	3597	0	2732
3839	0	3071	3844	0	2741
4095	0	3071	4071	0	2750
0	256	3071	0	255	2842
256	256	3071	247	245	2717
512	256	3071	486	246	2710
768	256	3071	741	246	2700
1024	256	3071	993	244	2689
1280	256	3071	1233	244	2687
1536	256	3071	1498	243	2683
1792	256	3071	1748	243	2680
2048	256	3071	1989	242	2678
2303	256	3071	2243	243	2677
2559	256	3071	2502	240	2669
2815	256	3071	2745	238	2657
3071	256	3071	2984	236	2646
3327	256	3071	3217	236	2649
3583	256	3071	3450	235	2653
3839	256	3071	3676	235	2659
4095	256	3071	3887	235	2662
0	512	3071	0	509	2763
256	512	3071	246	488	2675
512	512	3071	495	497	2692
768	512	3071	753	493	2680
1024	512	3071	1009	492	2671
1280	512	3071	1247	490	2664
1536	512	3071	1517	488	2660
1792	512	3071	1768	488	2656
2048	512	3071	2003	487	2652
2303	512	3071	2260	486	2645
2559	512	3071	2524	484	2638
2815	512	3071	2767	480	2622
3071	512	3071	3005	477	2607
3327	512	3071	3249	476	2607
3583	512	3071	3478	475	2602
3839	512	3071	3698	475	2605
4095	512	3071	3916	475	2607
0	768	3071	0	767	2756
256	768	3071	243	741	2667
512	768	3071	491	750	2699
768	768	3071	756	756	2699
1024	768	3071	1014	754	2693
1280	768	3071	1256	753	2683
1536	768	3071	1525	746	2678
1792	768	3071	1775	747	2673
2048	768	3071	2011	745	2669
2303	768	3071	2270	742	2659
2559	768	3071	2534	740	2653
2815	768	3071	2777	734	2638
3071	768	3071	3010	729	2621
3327	768	3071	3257	727	2621
3583	768	3071	3481	726	2614
3839	768	3071	3699	724	2614
4095	768	3071	3918	726	2618
0	1024	3071	0	1032	2747
256	1024	3071	242	996	2658
512	1024	3071	489	1012	2689
768	1024	3071	753	1017	2702
1024	1024	3071	1019	1021	2706
1280	1024	3071	1263	1020	2697
1536	1024	3071	1531	1011	2689
1792	1024	3071	1785	1012	2685
2048	1024	3071	2021	1007	2681
2303	1024	3071	2276	1005	2671
2559	1024	3071	2541	1000	2662
2815	1024	3071	2791	996	2648
3071	1024	3071	3021	988	2630
3327	1024	3071	3262	987	2627
3583	1024	3071	3493	984	2620
3839	1024	3071	3707	985	2618
4095	1024	3071	3925	986	2621
0	1280	3071	0	1277	2743
256	1280	3071	241	1234	2655
512	1280	3071	486	1248	2682
768	1280	3071	750	1259	2696
1024	1280	3071	1016	1264	2706
1280	1280	3071	1268	1270	2708
1536	1280	3071	1535	1260	2699
1792	1280	3071	1791	1259	2697
2048	1280	3071	2030	1255	2690
2303	1280	3071	2282	1250	2682
2559	1280	3071	2545	1242	2672
2815	1280	3071	2791	1235	2655
3071	1280	3071	3035	1232	2640
3327	1280	3071	3274	1227	2632
3583	1280	3071	3500	1226	2626
3839	1280	3071	3716	1223	2625
4095	1280	3071	3928	1223	2625
0	1536	3071	0	1548	2741
256	1536	3071	241	1499	2655
512	1536	3071	488	1516	2679
768	1536	3071	751	1522	2692
1024	1536	3071	1014	1527	2700
1280	1536	3071	1265	1534	2711
1536	1536	3071	1540	1538	2707
1792	1536	3071	1798	1532	2706
2048	1536	3071	2036	1528	2698
2303	1536	3071	2294	1525	2690
2559	1536	3071	2554	1518	2679
2815	1536	3071	2805	1511	2659
3071	1536	3071	3037	1499	2645
3327	1536	3071	3280	1499	2639
3583	1536	3071	3512	1495	2634
3839	1536	3071	3723	1494	2632
4095	1536	3071	3945	1494	2630
0	1792	3071	0	1805	2742
256	1792	3071	240	1750	2654
512	1792	3071	487	1767	2678
768	1792	3071	747	1771	2687
1024	1792	3071	1011	1778	2696
1280	1792	3071	1261	1783	2706
1536	1792	3071	1542	1787	2710
1792	1792	3071	1797	1792	2710
2048	1792	3071	2040	1785	2701
2303	1792	3071	2296	1782	2694
2559	1792	3071	2564	1779	2682
2815	1792	3071	2805	1766	2667
3071	1792	3071	3040	1758	2649
3327	1792	3071	3289	1757	2646
3583	1792	3071	3514	1752	2639
3839	1792	3071	3724	1747	2636
4095	1792	3071	3946	1747	2635
0	2048	3071	0	2056	2746
256	2048	3071	241	1987	2654
512	2048	3071	486	2002	2675
768	2048	3071	745	2013	2684
1024	2048	3071	1010	2018	2695
1280	2048	3071	1262	2026	2702
1536	2048	3071	1538	2028	2707
1792	2048	3071	1796	2028	2706
2048	2048	3071	2044	2030	2708
2303	2048	3071	2300	2028	2702
2559	2048	3071	2566	2022	2687
2815	2048	3071	2812	2018	2673
3071	2048	3071	3053	2005	2655
3327	2048	3071	3291	2000	2649
3583	2048	3071	3521	2000	2642
3839	2048	3071	3740	1998	2640
4095	2048	3071	3952	1990	2639
0	2303	3071	0	2336	2751
256	2303	3071	240	2260	2652
512	2303	3071	485	2276	2669
768	2303	3071	744	2285	2680
1024	2303	3071	1007	2292	2690
1280	2303	3071	1256	2298	2698
1536	2303	3071	1536	2304	2702
1792	2303	3071	1791	2300	2700
2048	2303	3071	2040	2303	2710
2303	2303	3071	2300	2303	2703
2559	2303	3071	2568	2295	2688
2815	2303	3071	2809	2281	2672
3071	2303	3071	3056	2274	2658
3327	2303	3071	3292	2265	2651
3583	2303	3071	3523	2264	2644
3839	2303	3071	3730	2255	2643
4095	2303	3071	3954	2255	2642
0	2559	3071	0	2592	2748
256	2559	3071	239	2504	2646
512	2559	3071	484	2524	2664
768	2559	3071	742	2533	2672
1024	2559	3071	1006	2539	2682
1280	2559	3071	1252	2540	2689
1536	2559	3071	1525	2549	2693
1792	2559	3071	1788	2552	2691
2048	2559	3071	2036	2553	2699
2303	2559	3071	2294	2553	2694
2559	2559	3071	2564	2551	2684
2815	2559	3071	2813	2541	2669
3071	2559	3071	3054	2532	2658
3327	2559	3071	3289	2524	2651
3583	2559	3071	3519	2515	2643
3839	2559	3071	3733	2515	2643
4095	2559	3071	3953	2510	2638
0	2815	3071	0	2843	2739
256	2815	3071	237	2740	2634
512	2815	3071	481	2761	2653
768	2815	3071	737	2770	2661
1024	2815	3071	1001	2778	2670
1280	2815	3071	1245	2777	2673
1536	2815	3071	1520	2787	2676
1792	2815	3071	1775	2784	2680
2048	2815	3071	2026	2795	2684
2303	2815	3071	2281	2789	2679
2559	2815	3071	2560	2789	2676
2815	2815	3071	2806	2778	2665
3071	2815	3071	3050	2767	2653
3327	2815	3071	3285	2759	2645
3583	2815	3071	3510	2755	2638
3839	2815	3071	3721	2749	2635
4095	2815	3071	3947	2749	2632
0	3071	3071	0	3098	2733
256	3071	3071	235	2990	2618
512	3071	3071	478	3008	2638
768	3071	3071	729	3014	2645
1024	3071	3071	993	3017	2652
1280	3071	3071	1241	3028	2656
1536	3071	3071	1508	3027	2658
1792	3071	3071	1766	3039	2666
2048	3071	3071	2018	3042	2667
2303	3071	3071	2274	3046	2666
2559	3071	3071	2545	3045	2662
2815	3071	3071	2796	3038	2655
3071	3071	3071	3040	3029	2646
3327	3071	3071	3276	3023	2638
3583	3071	3071	3505	3018	2631
3839	3071	3071	3712	3009	2625
4095	3071	3071	3938	3004	2624
0	3327	3071	0	3368	2737
256	3327	3071	235	3230	2612
512	3327	3071	478	3252	2631
768	3327	3071	730	3255	2635
1024	3327	3071	991	3263	2642
1280	3327	3071	1238	3267	2645
1536	3327	3071	1507	3274	2650
1792	3327	3071	1766	3282	2657
2048	3327	3071	2017	3287	2658
2303	3327	3071	2269	3285	2658
2559	3327	3071	2539	3284	2654
2815	3327	3071	2791	3278	2648
3071	3327	3071	3033	3271	2639
3327	3327	3071	3278	3264	2633
3583	3327	3071	3501	3260	2626
3839	3327	3071	3715	3254	2621
4095	3327	3071	3936	3260	2617
0	3583	3071	0	3597	2746
256	3583	3071	234	3449	2610
512	3583	3071	477	3469	2626
768	3583	3071	727	3476	2632
1024	3583	3071	991	3482	2637
1280	3583	3071	1235	3492	2639
1536	3583	3071	1507	3495	2647
1792	3583	3071	1759	3501	2651
2048	3583	3071	2013	3509	2653
2303	3583	3071	2269	3511	2654
2559	3583	3071	2536	3499	2648
2815	3583	3071	2784	3495	2642
3071	3583	3071	3028	3490	2634
3327	3583	3071	3272	3483	2629
3583	3583	3071	3503	3480	2625
3839	3583	3071	3717	3484	2621
4095	3583	3071	3948	3486	2620
0	3839	3071	0	3857	2756
256	3839	3071	235	3684	2611
512	3839	3071	478	3708	2627
768	3839	3071	729	3707	2630
1024	3839	3071	991	3716	2634
1280	3839	3071	1236	3718	2639
1536	3839	3071	1506	3728	2646
1792	3839	3071	1757	3728	2647
2048	3839	3071	2017	3739	2651
2303	3839	3071	2265	3728	2651
2559	3839	3071	2538	3729	2648
2815	3839	3071	2786	3716	2638
3071	3839	3071	3023	3707	2630
3327	3839	3071	3277	3706	2627
3583	3839	3071	3497	3707	2622
3839	3839	3071	3721	3708	2623
4095	3839	3071	3951	3714	2625
0	4095	3071	0	4082	2766
256	4095	3071	236	3898	2614
512	4095	3071	480	3919	2632
768	4095	3071	731	3923	2633
1024	4095	3071	992	3928	2636
1280	4095	3071	1235	3928	2639
1536	4095	3071	1510	3942	2646
1792	4095	3071	1761	3947	2647
2048	4095	3071	2015	3945	2653
2303	4095	3071	2267	3944	2651
2559	4095	3071	2535	3940	2646
2815	4095	3071	2787	3930	2637
3071	4095	3071	3024	3919	2627
3327	4095	3071	3275	3929	2624
3583	4095	3071	3502	3924	2621
3839	4095	3071	3724	3928	2624
4095	4095	3071	3956	3940	2628
0	0	3327	1	0	3191
256	0	3327	261	0	3000
512	0	3327	512	0	2989
768	0	3327	773	0	2980
1024	0	3327	1035	0	2966
1280	0	3327	1287	0	2965
1536	0	3327	1562	0	2962
1792	0	3327	1816	0	2957
2048	0	3327	2065	0	2967
2303	0	3327	2337	0	2967
2559	0	3327	2603	0	2962
2815	0	3327	2864	0	2954
3071	0	3327	3104	0	2949
3327	0	3327	3383	0	2959
3583	0	3327	3618	0	2972
3839	0	3327	3863	0	2977
4095	0	3327	4089	0	2988
0	256	3327	0	256	3060
256	256	3327	248	246	2933
512	256	3327	488	248	2923
768	256	3327	742	246	2913
1024	256	3327	994	245	2902
1280	256	3327	1235	245	2898
1536	256	3327	1504	244	2896
1792	256	3327	1750	244	2890
2048	256	3327	1994	244	2891
2303	256	3327	2247	243	2890
2559	256	3327	2512	241	2884
2815	256	3327	2756	239	2876
3071	256	3327	3002	238	2866
3327	256	3327	3240	238	2867
3583	256	3327	3474	238	2868
3839	256	3327	3695	238	2873
4095	256	3327	3910	238	2877
0	512	3327	0	513	3001
256	512	3327	246	491	2896
512	512	3327	496	498	2917
768	512	3327	754	495	2906
1024	512	3327	1010	493	2897
1280	512	3327	1249	491	2888
1536	512	3327	1524	489	2885
1792	512	3327	1773	490	2880
2048	512	3327	2010	489	2877
2303	512	3327	2266	487	2872
2559	512	3327	2534	486	2868
2815	512	3327	2782	484	2855
3071	512	3327	3027	481	2844
3327	512	3327	3263	481	2842
3583	512	3327	3496	478	2836
3839	512	3327	3717	479	2840
4095	512	3327	3935	479	2841
0	768	3327	0	773	2993
256	768	3327	244	743	2887
512	768	3327	494	753	2919
768	768	3327	758	759	2924
1024	768	3327	1015	755	2915
1280	768	3327	1255	754	2905
1536	768	3327	1529	748	2899
1792	768	3327	1781	749	2895
2048	768	3327	2019	748	2895
2303	768	3327	2278	745	2886
2559	768	3327	2544	743	2879
2815	768	3327	2792	739	2869
3071	768	3327	3031	734	2857
3327	768	3327	3274	732	2852
3583	768	3327	3500	732	2845
3839	768	3327	3716	730	2846
4095	768	3327	3940	732	2849
0	1024	3327	0	1038	2983
256	1024	3327	243	997	2877
512	1024	3327	491	1013	2911
768	1024	3327	754	1018	2922
1024	1024	3327	1020	1022	2927
1280	1024	3327	1262	1021	2917
1536	1024	3327	1536	1012	2911
1792	1024	3327	1789	1014	2906
2048	1024	3327	2027	1009	2907
2303	1024	3327	2287	1009	2897
2559	1024	3327	2551	1004	2888
2815	1024	3327	2806	1003	2876
3071	1024	3327	3040	995	2865
3327	1024	3327	3280	993	2860
3583	1024	3327	3514	992	2854
3839	1024	3327	3727	993	2853
4095	1024	3327	3946	991	2854
0	1280	3327	0	1285	2978
256	1280	3327	241	1234	2872
512	1280	3327	488	1251	2903
768	1280	3327	749	1259	2913
1024	1280	3327	1015	1265	2924
1280	1280	3327	1267	1271	2929
1536	1280	3327	1539	1260	2922
1792	1280	3327	1792	1259	2918
2048	1280	3327	2035	1256	2917
2303	1280	3327	2289	1252	2910
2559	1280	3327	2555	1247	2897
2815	1280	3327	2803	1242	2887
3071	1280	3327	3052	1239	2876
3327	1280	3327	3289	1235	2865
3583	1280	3327	3518	1233	2861
3839	1280	3327	3734	1232	2858
4095	1280	3327	3949	1232	2856
0	1536	3327	0	1559	2976
256	1536	3327	242	1502	2874
512	1536	3327	490	1517	2901
768	1536	3327	752	1523	2910
1024	1536	3327	1018	1529	2921
1280	1536	3327	1269	1536	2932
1536	1536	3327	1542	1540	2930
1792	1536	3327	1802	1533	2926
2048	1536	3327	2041	1532	2921
2303	1536	3327	2298	1527	2917
2559	1536	3327	2565	1522	2906
2815	1536	3327	2814	1516	2895
3071	1536	3327	3055	1509	2879
3327	1536	3327	3295	1508	2870
3583	1536	3327	3528	1503	2868
3839	1536	3327	3741	1501	2866
4095	1536	3327	3964	1503	2864
0	1792	3327	0	1812	2972
256	1792	3327	241	1755	2875
512	1792	3327	490	1772	2901
768	1792	3327	750	1777	2907
1024	1792	3327	1016	1784	2918
1280	1792	3327	1264	1786	2927
1536	1792	3327	1544	1789	2930
1792	1792	3327	1801	1795	2932
2048	1792	3327	2047	1791	2925
2303	1792	3327	2304	1790	2923
2559	1792	3327	2571	1784	2911
2815	1792	3327	2818	1777	2900
3071	1792	3327	3060	1769	2885
3327	1792	3327	3306	1766	2879
3583	1792	3327	3533	1763	2872
3839	1792	3327	3739	1756	2868
4095	1792	3327	3966	1753	2867
0	2048	3327	0	2063	2980
256	2048	3327	242	1994	2875
512	2048	3327	488	2011	2898
768	2048	3327	747	2018	2906
1024	2048	3327	1012	2020	2917
1280	2048	3327	1264	2028	2925
1536	2048	3327	1539	2032	2925
1792	2048	3327	1802	2035	2930
2048	2048	3327	2051	2037	2936
2303	2048	3327	2310	2038	2929
2559	2048	3327	2576	2030	2915
2815	2048	3327	2827	2027	2906
3071	2048	3327	3071	2018	2891
3327	2048	3327	3307	2012	2883
3583	2048	3327	3539	2009	2874
3839	2048	3327	3751	2004	2870
4095	2048	3327	3970	1999	2869
0	2303	3327	0	2347	2984
256	2303	3327	240	2263	2873
512	2303	3327	486	2278	2891
768	2303	3327	745	2288	2899
1024	2303	3327	1011	2296	2910
1280	2303	3327	1258	2297	2920
1536	2303	3327	1536	2304	2923
1792	2303	3327	1797	2306	2926
2048	2303	3327	2051	2313	2934
2303	2303	3327	2306	2310	2926
2559	2303	3327	2573	2300	2915
2815	2303	3327	2823	2294	2903
3071	2303	3327	3069	2285	2892
3327	2303	3327	3310	2278	2885
3583	2303	3327	3539	2276	2878
3839	2303	3327	3743	2264	2871
4095	2303	3327	3973	2267	2869
0	2559	3327	0	2600	2979
256	2559	3327	240	2509	2864
512	2559	3327	486	2530	2885
768	2559	3327	743	2538	2890
1024	2559	3327	1008	2543	2900
1280	2559	3327	1255	2545	2907
1536	2559	3327	1530	2552	2914
1792	2559	3327	1792	2556	2916
2048	2559	3327	2044	2561	2922
2303	2559	3327	2299	2561	2919
2559	2559	3327	2572	2554	2914
2815	2559	3327	2823	2549	2900
3071	2559	3327	3066	2544	2888
3327	2559	3327	3303	2535	2882
3583	2559	3327	3527	2522	2872
3839	2559	3327	3747	2527	2871
4095	2559	3327	3969	2520	2865
0	2815	3327	0	2854	2970
256	2815	3327	238	2745	2855
512	2815	3327	484	2771	2874
768	2815	3327	740	2777	2881
1024	2815	3327	1006	2787	2886
1280	2815	3327	1250	2784	2895
1536	2815	3327	1526	2794	2903
1792	2815	3327	1784	2798	2906
2048	2815	3327	2040	2805	2914
2303	2815	3327	2293	2803	2908
2559	2815	3327	2570	2798	2906
2815	2815	3327	2818	2789	2897
3071	2815	3327	3064	2781	2883
3327	2815	3327	3303	2776	2876
3583	2815	3327	3526	2767	2867
3839	2815	3327	3738	2763	2863
4095	2815	3327	3971	2766	2863
0	3071	3327	0	3110	2965
256	3071	3327	237	2999	2845
512	3071	3327	482	3023	2863
768	3071	3327	735	3027	2871
1024	3071	3327	999	3030	2874
1280	3071	3327	1249	3044	2888
1536	3071	3327	1519	3046	2889
1792	3071	3327	1778	3057	2897
2048	3071	3327	2031	3060	2900
2303	3071	3327	2287	3064	2899
2559	3071	3327	2560	3064	2894
2815	3071	3327	2810	3053	2887
3071	3071	3327	3058	3046	2879
3327	3071	3327	3297	3036	2869
3583	3071	3327	3525	3030	2859
3839	3071	3327	3733	3027	2854
4095	3071	3327	3968	3027	2859
0	3327	3327	0	3380	2971
256	3327	3327	237	3243	2840
512	3327	3327	481	3268	2860
768	3327	3327	736	3274	2867
1024	3327	3327	999	3280	2873
1280	3327	3327	1246	3283	2878
1536	3327	3327	1516	3292	2880
1792	3327	3327	1779	3303	2893
2048	3327	3327	2029	3307	2894
2303	3327	3327	2284	3305	2894
2559	3327	3327	2553	3304	2889
2815	3327	3327	2805	3295	2880
3071	3327	3327	3051	3286	2871
3327	3327	3327	3296	3281	2866
3583	3327	3327	3524	3282	2858
3839	3327	3327	3731	3270	2851
4095	3327	3327	3966	3282	2855
0	3583	3327	0	3615	2983
256	3583	3327	237	3471	2837
512	3583	3327	481	3486	2857
768	3583	3327	733	3496	2861
1024	3583	3327	998	3500	2870
1280	3583	3327	1244	3507	2873
1536	3583	3327	1515	3511	2879
1792	3583	3327	1773	3525	2886
2048	3583	3327	2027	3526	2887
2303	3583	3327	2281	3530	2889
2559	3583	3327	2546	3513	2881
2815	3583	3327	2801	3512	2874
3071	3583	3327	3047	3507	2864
3327	3583	3327	3292	3506	2861
3583	3583	3327	3518	3498	2856
3839	3583	3327	3738	3501	2852
4095	3583	3327	3971	3509	2853
0	3839	3327	0	3877	2992
256	3839	3327	237	3705	2842
512	3839	3327	483	3727	2862
768	3839	3327	734	3726	2862
1024	3839	3327	998	3738	2869
1280	3839	3327	1244	3735	2872
1536	3839	3327	1517	3744	2881
1792	3839	3327	1769	3749	2883
2048	3839	3327	2027	3752	2884
2303	3839	3327	2277	3745	2885
2559	3839	3327	2548	3746	2879
2815	3839	3327	2801	3733	2871
3071	3839	3327	3042	3733	2861
3327	3839	3327	3290	3724	2858
3583	3839	3327	3516	3726	2852
3839	3839	3327	3744	3734	2856
4095	3839	3327	3974	3734	2856
0	4095	3327	0	4095	2997
256	4095	3327	239	3921	2848
512	4095	3327	483	3936	2866
768	4095	3327	737	3948	2867
1024	4095	3327	1000	3947	2873
1280	4095	3327	1245	3953	2872
1536	4095	3327	1519	3962	2881
1792	4095	3327	1773	3963	2883
2048	4095	3327	2027	3962	2885
2303	4095	3327	2281	3964	2882
2559	4095	3327	2544	3954	2875
2815	4095	3327	2803	3951	2869
3071	4095	3327	3040	3945	2861
3327	4095	3327	3294	3948	2857
3583	4095	3327	3519	3946	2850
3839	4095	3327	3748	3952	2858
4095	4095	3327	3980	3960	2855
0	0	3583	1	0	3442
256	0	3583	263	0	3237
512	0	3583	516	0	3227
768	0	3583	776	0	3213
1024	0	3583	1043	0	3203
1280	0	3583	1291	0	3198
1536	0	3583	1571	0	3196
1792	0	3583	1826	0	3200
2048	0	3583	2077	0	3205
2303	0	3583	2353	0	3210
2559	0	3583	2622	0	3209
2815	0	3583	2882	0	3202
3071	0	3583	3121	0	3192
3327	0	3583	3396	0	3206
3583	0	3583	3638	0	3215
3839	0	3583	3890	0	3221
4095	0	3583	4095	0	3215
0	256	3583	0	259	3276
256	256	3583	249	248	3151
512	256	3583	489	248	3135
768	256	3583	742	247	3123
1024	256	3583	996	247	3113
1280	256	3583	1237	246	3104
1536	256	3583	1508	245	3106
1792	256	3583	1756	244	3105
2048	256	3583	1999	244	3102
2303	256	3583	2255	244	3106
2559	256	3583	2525	243	3098
2815	256	3583	2770	241	3092
3071	256	3583	3019	240	3081
3327	256	3583	3257	240	3078
3583	256	3583	3493	240	3083
3839	256	3583	3711	241	3085
4095	256	3583	3932	240	3088
0	512	3583	0	516	3238
256	512	3583	247	492	3123
512	512	3583	498	501	3146
768	512	3583	754	498	3134
1024	512	3583	1011	495	3124
1280	512	3583	1251	494	3113
1536	512	3583	1525	491	3110
1792	512	3583	1778	492	3113
2048	512	3583	2022	491	3109
2303	512	3583	2276	490	3107
2559	512	3583	2540	488	3097
2815	512	3583	2790	487	3086
3071	512	3583	3039	484	3080
3327	512	3583	3282	483	3077
3583	512	3583	3516	483	3071
3839	512	3583	3734	483	3072
4095	512	3583	3956	484	3074
0	768	3583	0	775	3228
256	768	3583	245	745	3113
512	768	3583	495	757	3145
768	768	3583	759	761	3151
1024	768	3583	1016	756	3141
1280	768	3583	1257	755	3129
1536	768	3583	1532	750	3125
1792	768	3583	1786	751	3124
2048	768	3583	2032	751	3127
2303	768	3583	2289	750	3119
2559	768	3583	2552	745	3107
2815	768	3583	2800	741	3099
3071	768	3583	3044	740	3091
3327	768	3583	3288	737	3088
3583	768	3583	3523	736	3080
3839	768	3583	3739	738	3080
4095	768	3583	3963	736	3076
0	1024	3583	0	1044	3220
256	1024	3583	244	1002	3101
512	1024	3583	493	1014	3136
768	1024	3583	755	1019	3147
1024	1024	3583	1022	1022	3154
1280	1024	3583	1263	1020	3142
1536	1024	3583	1540	1015	3139
1792	1024	3583	1794	1016	3135
2048	1024	3583	2036	1013	3138
2303	1024	3583	2298	1015	3130
2559	1024	3583	2562	1010	3111
2815	1024	3583	2813	1006	3107
3071	1024	3583	3057	1002	3095
3327	1024	3583	3296	1002	3089
3583	1024	3583	3528	998	3086
3839	1024	3583	3752	1000	3089
4095	1024	3583	3963	999	3081
0	1280	3583	0	1294	3215
256	1280	3583	242	1237	3092
512	1280	3583	490	1254	3125
768	1280	3583	750	1259	3136
1024	1280	3583	1017	1265	3148
1280	1280	3583	1270	1271	3155
1536	1280	3583	1545	1263	3150
1792	1280	3583	1797	1261	3142
2048	1280	3583	2044	1261	3145
2303	1280	3583	2301	1260	3142
2559	1280	3583	2566	1253	3123
2815	1280	3583	2817	1249	3117
3071	1280	3583	3068	1248	3105
3327	1280	3583	3308	1244	3099
3583	1280	3583	3534	1243	3092
3839	1280	3583	3748	1239	3085
4095	1280	3583	3977	1240	3087
0	1536	3583	0	1565	3214
256	1536	3583	244	1506	3095
512	1536	3583	492	1519	3122
768	1536	3583	753	1525	3134
1024	1536	3583	1020	1531	3144
1280	1536	3583	1272	1536	3155
1536	1536	3583	1546	1543	3159
1792	1536	3583	1803	1537	3149
2048	1536	3583	2049	1540	3152
2303	1536	3583	2306	1534	3149
2559	1536	3583	2574	1527	3130
2815	1536	3583	2825	1524	3125
3071	1536	3583	3069	1517	3114
3327	1536	3583	3315	1515	3107
3583	1536	3583	3549	1513	3102
3839	1536	3583	3758	1512	3096
4095	1536	3583	3989	1511	3097
0	1792	3583	0	1824	3214
256	1792	3583	242	1754	3096
512	1792	3583	492	1775	3127
768	1792	3583	751	1781	3132
1024	1792	3583	1018	1787	3142
1280	1792	3583	1268	1792	3149
1536	1792	3583	1545	1795	3153
1792	1792	3583	1810	1800	3160
2048	1792	3583	2058	1802	3157
2303	1792	3583	2311	1796	3151
2559	1792	3583	2581	1791	3141
2815	1792	3583	2827	1788	3131
3071	1792	3583	3074	1780	3114
3327	1792	3583	3321	1775	3112
3583	1792	3583	3555	1772	3104
3839	1792	3583	3760	1763	3100
4095	1792	3583	3989	1764	3104
0	2048	3583	0	2076	3219
256	2048	3583	243	1998	3096
512	2048	3583	492	2017	3122
768	2048	3583	752	2024	3133
1024	2048	3583	1017	2028	3144
1280	2048	3583	1268	2035	3148
1536	2048	3583	1543	2041	3151
1792	2048	3583	1812	2047	3161
2048	2048	3583	2064	2050	3169
2303	2048	3583	2320	2049	3154
2559	2048	3583	2585	2040	3147
2815	2048	3583	2839	2038	3135
3071	2048	3583	3086	2029	3125
3327	2048	3583	3329	2030	3120
3583	2048	3583	3557	2023	3111
3839	2048	3583	3765	2012	3101
4095	2048	3583	4002	2018	3105
0	2303	3583	0	2357	3220
256	2303	3583	242	2267	3091
512	2303	3583	489	2287	3118
768	2303	3583	749	2296	3124
1024	2303	3583	1017	2306	3135
1280	2303	3583	1266	2307	3143
1536	2303	3583	1541	2310	3148
1792	2303	3583	1805	2314	3154
2048	2303	3583	2063	2325	3159
2303	2303	3583	2312	2319	3152
2559	2303	3583	2584	2312	3147
2815	2303	3583	2831	2303	3130
3071	2303	3583	3079	2296	3122
3327	2303	3583	3325	2291	3115
3583	2303	3583	3560	2286	3111
3839	2303	3583	3763	2278	3100
4095	2303	3583	4000	2284	3104
0	2559	3583	0	2610	3218
256	2559	3583	242	2520	3085
512	2559	3583	488	2540	3110
768	2559	3583	746	2545	3114
1024	2559	3583	1014	2555	3119
1280	2559	3583	1263	2558	3130
1536	2559	3583	1537	2561	3134
1792	2559	3583	1799	2564	3143
2048	2559	3583	2051	2569	3148
2303	2559	3583	2309	2575	3150
2559	2559	3583	2584	2566	3145
2815	2559	3583	2832	2558	3129
3071	2559	3583	3084	2555	3119
3327	2559	3583	3323	2547	3115
3583	2559	3583	3548	2538	3102
3839	2559	3583	3760	2539	3101
4095	2559	3583	3990	2534	3097
0	2815	3583	0	2871	3212
256	2815	3583	240	2760	3077
512	2815	3583	486	2784	3097
768	2815	3583	742	2783	3104
1024	2815	3583	1010	2794	3109
1280	2815	3583	1258	2797	3119
1536	2815	3583	1534	2805	3130
1792	2815	3583	1794	2813	3136
2048	2815	3583	2051	2818	3139
2303	2815	3583	2302	2815	3136
2559	2815	3583	2578	2805	3134
2815	2815	3583	2831	2803	3129
3071	2815	3583	3075	2792	3117
3327	2815	3583	3318	2793	3111
3583	2815	3583	3539	2783	3099
3839	2815	3583	3759	2780	3096
4095	2815	3583	3998	2785	3096
0	3071	3583	0	3130	3204
256	3071	3583	240	3019	3068
512	3071	3583	486	3037	3092
768	3071	3583	740	3047	3098
1024	3071	3583	1008	3051	3101
1280	3071	3583	1260	3069	3117
1536	3071	3583	1530	3065	3124
1792	3071	3583	1787	3076	3123
2048	3071	3583	2046	3079	3133
2303	3071	3583	2297	3083	3129
2559	3071	3583	2576	3078	3125
2815	3071	3583	2823	3065	3122
3071	3071	3583	3075	3063	3118
3327	3071	3583	3318	3054	3105
3583	3071	3583	3537	3042	3094
3839	3071	3583	3762	3044	3091
4095	3071	3583	3991	3049	3089
0	3327	3583	0	3406	3216
256	3327	3583	239	3266	3064
512	3327	3583	486	3284	3093
768	3327	3583	742	3295	3102
1024	3327	3583	1007	3306	3101
1280	3327	3583	1258	3309	3113
1536	3327	3583	1530	3311	3117
1792	3327	3583	1787	3318	3121
2048	3327	3583	2046	3334	3132
2303	3327	3583	2297	3324	3123
2559	3327	3583	2570	3318	3124
2815	3327	3583	2819	3315	3117
3071	3327	3583	3068	3304	3108
3327	3327	3583	3313	3298	3102
3583	3327	3583	3550	3301	3095
3839	3327	3583	3760	3303	3087
4095	3327	3583	3990	3297	3093
0	3583	3583	0	3637	3229
256	3583	3583	240	3489	3068
512	3583	3583	486	3512	3094
768	3583	3583	741	3514	3097
1024	3583	3583	1006	3521	3101
1280	3583	3583	1253	3531	3106
1536	3583	3583	1530	3535	3116
1792	3583	3583	1785	3541	3116
2048	3583	3583	2040	3549	3126
2303	3583	3583	2296	3544	3121
2559	3583	3583	2562	3533	3113
2815	3583	3583	2815	3534	3110
3071	3583	3583	3058	3521	3100
3327	3583	3583	3313	3522	3096
3583	3583	3583	3549	3533	3092
3839	3583	3583	3763	3522	3095
4095	3583	3583	3999	3526	3089
0	3839	3583	0	3901	3238
256	3839	3583	240	3733	3076
512	3839	3583	486	3746	3095
768	3839	3583	742	3756	3099
1024	3839	3583	1010	3762	3110
1280	3839	3583	1253	3757	3102
1536	3839	3583	1528	3768	3113
1792	3839	3583	1784	3766	3120
2048	3839	3583	2040	3770	3120
2303	3839	3583	2293	3767	3117
2559	3839	3583	2556	3762	3112
2815	3839	3583	2815	3752	3105
3071	3839	3583	3060	3749	3097
3327	3839	3583	3307	3751	3089
3583	3839	3583	3549	3753	3098
3839	3839	3583	3771	3755	3092
4095	3839	3583	3993	3757	3090
0	4095	3583	0	4095	3227
256	4095	3583	241	3942	3084
512	4095	3583	488	3965	3104
768	4095	3583	745	3970	3101
1024	4095	3583	1007	3975	3107
1280	4095	3583	1259	3981	3109
1536	4095	3583	1531	3981	3114
1792	4095	3583	1786	3986	3124
2048	4095	3583	2042	3987	3120
2303	4095	3583	2293	3981	3116
2559	4095	3583	2555	3972	3107
2815	4095	3583	2821	3975	3103
3071	4095	3583	3058	3975	3094
3327	4095	3583	3315	3968	3098
3583	4095	3583	3556	3977	3093
3839	4095	3583	3769	3978	3092
4095	4095	3583	3999	3975	3090
0	0	3839	1	0	3696
256	0	3839	267	0	3483
512	0	3839	521	0	3477
768	0	3839	784	0	3457
1024	0	3839	1055	0	3450
1280	0	3839	1302	0	3437
1536	0	3839	1585	0	3443
1792	0	3839	1848	0	3447
2048	0	3839	2104	0	3454
2303	0	3839	2370	0	3457
2559	0	3839	2648	0	3459
2815	0	3839	2909	0	3449
3071	0	3839	3148	0	3439
3327	0	3839	3425	0	3451
3583	0	3839	3669	0	3455
3839	0	3839	3915	0	3464
4095	0	3839	4095	0	3430
0	256	3839	0	262	3494
256	256	3839	250	250	3356
512	256	3839	493	251	3351
768	256	3839	747	249	3339
1024	256	3839	1006	248	3329
1280	256	3839	1249	249	3327
1536	256	3839	1511	246	3322
1792	256	3839	1774	247	3329
2048	256	3839	2015	246	3326
2303	256	3839	2276	247	3329
2559	256	3839	2540	245	3319
2815	256	3839	2784	244	3309
3071	256	3839	3034	242	3298
3327	256	3839	3285	243	3303
3583	256	3839	3513	243	3300
3839	256	3839	3744	244	3312
4095	256	3839	3977	243	3312
0	512	3839	0	520	3480
256	512	3839	249	495	3348
512	512	3839	501	504	3380
768	512	3839	756	501	3361
1024	512	3839	1015	498	3357
1280	512	3839	1261	495	3347
1536	512	3839	1533	496	3345
1792	512	3839	1789	495	3347
2048	512	3839	2033	494	3346
2303	512	3839	2290	493	3348
2559	512	3839	2554	490	3337
2815	512	3839	2808	490	3328
3071	512	3839	3059	489	3317
3327	512	3839	3305	488	3316
3583	512	3839	3532	488	3312
3839	512	3839	3757	489	3317
4095	512	3839	3991	488	3323
0	768	3839	0	783	3463
256	768	3839	247	749	3339
512	768	3839	497	762	3366
768	768	3839	760	765	3375
1024	768	3839	1021	760	3372
1280	768	3839	1268	756	3362
1536	768	3839	1540	757	3359
1792	768	3839	1794	754	3363
2048	768	3839	2043	755	3362
2303	768	3839	2301	755	3364
2559	768	3839	2566	750	3345
2815	768	3839	2813	746	3336
3071	768	3839	3065	745	3333
3327	768	3839	3311	747	3322
3583	768	3839	3539	742	3319
3839	768	3839	3771	745	3329
4095	768	3839	3999	745	3323
0	1024	3839	0	1053	3459
256	1024	3839	247	1004	3330
512	1024	3839	496	1020	3365
768	1024	3839	759	1024	3376
1024	1024	3839	1027	1028	3386
1280	1024	3839	1274	1023	3375
1536	1024	3839	1547	1024	3373
1792	1024	3839	1802	1020	3377
2048	1024	3839	2052	1022	3367
2303	1024	3839	2306	1022	3372
2559	1024	3839	2571	1016	3350
2815	1024	3839	2825	1012	3349
3071	1024	3839	3072	1009	3332
3327	1024	3839	3325	1011	3336
3583	1024	3839	3545	1008	3324
3839	1024	3839	3778	1010	3328
4095	1024	3839	4008	1010	3331
0	1280	3839	0	1303	3448
256	1280	3839	245	1248	3329
512	1280	3839	495	1258	3355
768	1280	3839	758	1264	3367
1024	1280	3839	1026	1268	3377
1280	1280	3839	1280	1273	3388
1536	1280	3839	1550	1271	3379
1792	1280	3839	1810	1271	3383
2048	1280	3839	2056	1268	3380
2303	1280	3839	2315	1268	3376
2559	1280	3839	2581	1261	3364
2815	1280	3839	2830	1257	3348
3071	1280	3839	3075	1256	3336
3327	1280	3839	3331	1256	3343
3583	1280	3839	3557	1251	3336
3839	1280	3839	3775	1254	3335
4095	1280	3839	4013	1254	3336
0	1536	3839	0	1576	3455
256	1536	3839	244	1509	3326
512	1536	3839	496	1531	3353
768	1536	3839	757	1537	3365
1024	1536	3839	1026	1543	3376
1280	1536	3839	1276	1544	3380
1536	1536	3839	1559	1552	3397
1792	1536	3839	1813	1549	3388
2048	1536	3839	2060	1543	3386
2303	1536	3839	2320	1546	3383
2559	1536	3839	2593	1541	3369
2815	1536	3839	2842	1535	3360
3071	1536	3839	3090	1529	3351
3327	1536	3839	3336	1526	3349
3583	1536	3839	3564	1522	3336
3839	1536	3839	3789	1524	3340
4095	1536	3839	4012	1521	3343
0	1792	3839	0	1842	3452
256	1792	3839	245	1769	3328
512	1792	3839	495	1786	3353
768	1792	3839	753	1786	3363
1024	1792	3839	1021	1792	3374
1280	1792	3839	1278	1805	3388
1536	1792	3839	1554	1810	3390
1792	1792	3839	1823	1813	3403
2048	1792	3839	2064	1811	3392
2303	1792	3839	2323	1807	3395
2559	1792	3839	2592	1799	3376
2815	1792	3839	2839	1791	3367
3071	1792	3839	3086	1783	3349
3327	1792	3839	3339	1790	3353
3583	1792	3839	3562	1781	3342
3839	1792	3839	3790	1778	3341
4095	1792	3839	4017	1781	3347
0	2048	3839	0	2095	3458
256	2048	3839	245	2007	3325
512	2048	3839	494	2025	3351
768	2048	3839	756	2035	3369
1024	2048	3839	1025	2043	3373
1280	2048	3839	1276	2047	3386
1536	2048	3839	1553	2049	3391
1792	2048	3839	1816	2057	3394
2048	2048	3839	2079	2065	3406
2303	2048	3839	2328	2063	3395
2559	2048	3839	2596	2054	3383
2815	2048	3839	2845	2047	3367
3071	2048	3839	3100	2040	3364
3327	2048	3839	3347	2038	3362
3583	2048	3839	3578	2032	3354
3839	2048	3839	3794	2031	3354
4095	2048	3839	4029	2034	3347
0	2303	3839	0	2378	3464
256	2303	3839	244	2283	3323
512	2303	3839	493	2301	3358
768	2303	3839	754	2308	3368
1024	2303	3839	1021	2317	3372
1280	2303	3839	1274	2318	3376
1536	2303	3839	1551	2321	3382
1792	2303	3839	1812	2323	3392
2048	2303	3839	2070	2336	3396
2303	2303	3839	2325	2326	3393
2559	2303	3839	2599	2321	3388
2815	2303	3839	2844	2308	3365
3071	2303	3839	3093	2304	3360
3327	2303	3839	3338	2306	3357
3583	2303	3839	3574	2296	3353
3839	2303	3839	3793	2300	3346
4095	2303	3839	4025	2300	3345
0	2559	3839	0	2632	3462
256	2559	3839	243	2533	3321
512	2559	3839	491	2548	3348
768	2559	3839	751	2557	3352
1024	2559	3839	1017	2567	3357
1280	2559	3839	1271	2570	3368
1536	2559	3839	1551	2580	3374
1792	2559	3839	1807	2575	3377
2048	2559	3839	2063	2588	3387
2303	2559	3839	2324	2586	3392
2559	2559	3839	2601	2583	3382
2815	2559	3839	2850	2575	3371
3071	2559	3839	3093	2571	3359
3327	2559	3839	3339	2561	3348
3583	2559	3839	3581	2560	3346
3839	2559	3839	3796	2560	3337
4095	2559	3839	4014	2555	3333
0	2815	3839	0	2894	3454
256	2815	3839	241	2780	3314
512	2815	3839	491	2797	3340
768	2815	3839	748	2799	3344
1024	2815	3839	1017	2809	3357
1280	2815	3839	1267	2813	3354
1536	2815	3839	1546	2822	3365
1792	2815	3839	1805	2820	3376
2048	2815	3839	2059	2831	3373
2303	2815	3839	2311	2819	3370
2559	2815	3839	2591	2819	3371
2815	2815	3839	2844	2821	3364
3071	2815	3839	3086	2804	3353
3327	2815	3839	3337	2806	3346
3583	2815	3839	3581	2808	3337
3839	2815	3839	3783	2805	3333
4095	2815	3839	4013	2797	3332
0	3071	3839	0	3160	3453
256	3071	3839	241	3038	3306
512	3071	3839	490	3062	3332
768	3071	3839	748	3066	3345
1024	3071	3839	1015	3071	3343
1280	3071	3839	1263	3081	3346
1536	3071	3839	1541	3084	3358
1792	3071	3839	1799	3086	3362
2048	3071	3839	2058	3095	3372
2303	3071	3839	2312	3094	3371
2559	3071	3839	2585	3094	3365
2815	3071	3839	2836	3077	3356
3071	3071	3839	3086	3075	3346
3327	3071	3839	3336	3071	3342
3583	3071	3839	3571	3065	3335
3839	3071	3839	3786	3063	3334
4095	3071	3839	4015	3060	3325
0	3327	3839	0	3430	3468
256	3327	3839	242	3291	3315
512	3327	3839	490	3311	3334
768	3327	3839	748	3323	3339
1024	3327	3839	1017	3325	3349
1280	3327	3839	1266	3328	3353
1536	3327	3839	1544	3337	3364
1792	3327	3839	1800	3347	3367
2048	3327	3839	2058	3345	3374
2303	3327	3839	2309	3347	3368
2559	3327	3839	2585	3337	3358
2815	3327	3839	2841	3332	3354
3071	3327	3839	3079	3317	3340
3327	3327	3839	3343	3327	3345
3583	3327	3839	3568	3317	3334
3839	3327	3839	3784	3324	3325
4095	3327	3839	4012	3323	3323
0	3583	3839	0	3666	3476
256	3583	3839	242	3515	3317
512	3583	3839	490	3535	3337
768	3583	3839	748	3539	3340
1024	3583	3839	1015	3552	3345
1280	3583	3839	1266	3553	3355
1536	3583	3839	1544	3562	3358
1792	3583	3839	1796	3566	3362
2048	3583	3839	2053	3561	3367
2303	3583	3839	2307	3559	3364
2559	3583	3839	2579	3556	3352
2815	3583	3839	2840	3556	3342
3071	3583	3839	3072	3538	3333
3327	3583	3839	3336	3547	3338
3583	3583	3839	3569	3553	3328
3839	3583	3839	3786	3551	3324
4095	3583	3839	4013	3539	3323
0	3839	3839	0	3932	3492
256	3839	3839	243	3763	3325
512	3839	3839	489	3775	3336
768	3839	3839	750	3781	3353
1024	3839	3839	1018	3787	3350
1280	3839	3839	1264	3790	3354
1536	3839	3839	1545	3793	3359
1792	3839	3839	1796	3788	3356
2048	3839	3839	2052	3788	3366
2303	3839	3839	2308	3788	3357
2559	3839	3839	2577	3782	3342
2815	3839	3839	2829	3777	3337
3071	3839	3839	3075	3769	3338
3327	3839	3839	3336	3782	3330
3583	3839	3839	3568	3783	3327
3839	3839	3839	3784	3777	3331
4095	3839	3839	4023	3777	3322
0	4095	3839	0	4095	3450
256	4095	3839	244	3974	3326
512	4095	3839	492	3994	3353
768	4095	3839	751	3996	3348
1024	4095	3839	1018	4000	3351
1280	4095	3839	1268	4005	3356
1536	4095	3839	1541	4001	3360
1792	4095	3839	1796	4014	3364
2048	4095	3839	2053	4008	3360
2303	4095	3839	2309	4007	3357
2559	4095	3839	2573	4005	3344
2815	4095	3839	2828	3986	3335
3071	4095	3839	3077	3995	3332
3327	4095	3839	3337	4004	3329
3583	4095	3839	3568	3993	3327
3839	4095	3839	3796	3999	3325
4095	4095	3839	4014	3998	3323
0	0	4095	1	0	3941
256	0	4095	269	0	3704
512	0	4095	525	0	3711
768	0	4095	793	0	3690
1024	0	4095	1061	0	3685
1280	0	4095	1317	0	3672
1536	0	4095	1598	0	3678
1792	0	4095	1860	0	3684
2048	0	4095	2126	0	3697
2303	0	4095	2393	0	3692
2559	0	4095	2662	0	3686
2815	0	4095	2925	0	3679
3071	0	4095	3171	0	3675
3327	0	4095	3443	0	3681
3583	0	4095	3698	0	3695
3839	0	4095	3953	0	3714
4095	0	4095	4095	0	3653
0	256	4095	0	264	3921
256	256	4095	252	252	3694
512	256	4095	497	253	3700
768	256	4095	756	252	3679
1024	256	4095	1013	250	3673
1280	256	4095	1253	249	3661
1536	256	4095	1527	249	3667
1792	256	4095	1783	248	3672
2048	256	4095	2036	249	3684
2303	256	4095	2287	249	3679
2559	256	4095	2553	247	3673
2815	256	4095	2803	246	3666
3071	256	4095	3053	245	3661
3327	256	4095	3293	245	3666
3583	256	4095	3549	246	3681
3839	256	4095	3778	247	3699
4095	256	4095	4004	246	3714
0	512	4095	0	527	3707
256	512	4095	250	498	3575
512	512	4095	505	505	3575
768	512	4095	765	503	3562
1024	512	4095	1024	501	3549
1280	512	4095	1270	500	3544
1536	512	4095	1544	499	3540
1792	512	4095	1800	498	3538
2048	512	4095	2048	497	3542
2303	512	4095	2308	499	3536
2559	512	4095	2573	495	3525
2815	512	4095	2823	493	3519
3071	512	4095	3073	492	3509
3327	512	4095	3318	493	3500
3583	512	4095	3567	492	3520
3839	512	4095	3791	496	3533
4095	512	4095	4023	494	3526
0	768	4095	0	792	3709
256	768	4095	250	758	3574
512	768	4095	502	765	3609
768	768	4095	768	768	3592
1024	768	4095	1028	766	3587
1280	768	4095	1276	764	3574
1536	768	4095	1546	760	3572
1792	768	4095	1811	761	3567
2048	768	4095	2057	760	3570
2303	768	4095	2314	760	3559
2559	768	4095	2585	757	3552
2815	768	4095	2834	753	3535
3071	768	4095	3077	749	3531
3327	768	4095	3325	749	3526
3583	768	4095	3575	753	3539
3839	768	4095	3797	752	3546
4095	768	4095	4023	753	3545
0	1024	4095	0	1060	3695
256	1024	4095	248	1015	3563
512	1024	4095	500	1026	3592
768	1024	4095	765	1031	3602
1024	1024	4095	1035	1035	3600
1280	1024	4095	1283	1033	3588
1536	1024	4095	1554	1028	3586
1792	1024	4095	1820	1030	3587
2048	1024	4095	2062	1029	3583
2303	1024	4095	2315	1023	3575
2559	1024	4095	2583	1019	3559
2815	1024	4095	2838	1017	3548
3071	1024	4095	3090	1017	3537
3327	1024	4095	3330	1013	3534
3583	1024	4095	3587	1018	3548
3839	1024	4095	3802	1018	3545
4095	1024	4095	4030	1017	3552
0	1280	4095	0	1311	3688
256	1280	4095	246	1253	3553
512	1280	4095	498	1270	3589
768	1280	4095	763	1275	3602
1024	1280	4095	1032	1279	3614
1280	1280	4095	1285	1281	3602
1536	1280	4095	1559	1278	3599
1792	1280	4095	1822	1277	3594
2048	1280	4095	2068	1275	3590
2303	1280	4095	2323	1273	3586
2559	1280	4095	2590	1266	3564
2815	1280	4095	2840	1262	3561
3071	1280	4095	3092	1261	3549
3327	1280	4095	3335	1262	3538
3583	1280	4095	3591	1264	3558
3839	1280	4095	3805	1264	3549
4095	1280	4095	4028	1260	3558
0	1536	4095	0	1588	3678
256	1536	4095	247	1523	3551
512	1536	4095	499	1541	3579
768	1536	4095	759	1542	3590
1024	1536	4095	1029	1547	3603
1280	1536	4095	1283	1553	3606
1536	1536	4095	1563	1560	3602
1792	1536	4095	1826	1556	3606
2048	1536	4095	2081	1560	3594
2303	1536	4095	2328	1551	3589
2559	1536	4095	2598	1548	3575
2815	1536	4095	2848	1541	3564
3071	1536	4095	3098	1533	3553
3327	1536	4095	3341	1529	3545
3583	1536	4095	3591	1537	3556
3839	1536	4095	3810	1534	3554
4095	1536	4095	4034	1534	3557
0	1792	4095	0	1855	3684
256	1792	4095	246	1779	3546
512	1792	4095	498	1796	3576
768	1792	4095	761	1802	3589
1024	1792	4095	1030	1808	3600
1280	1792	4095	1283	1811	3604
1536	1792	4095	1561	1813	3609
1792	1792	4095	1834	1823	3613
2048	1792	4095	2082	1821	3603
2303	1792	4095	2339	1820	3596
2559	1792	4095	2610	1812	3583
2815	1792	4095	2859	1803	3565
3071	1792	4095	3098	1796	3560
3327	1792	4095	3354	1793	3552
3583	1792	4095	3604	1796	3563
3839	1792	4095	3811	1789	3557
4095	1792	4095	4047	1792	3563
0	2048	4095	0	2110	3695
256	2048	4095	247	2025	3545
512	2048	4095	497	2038	3575
768	2048	4095	760	2045	3586
1024	2048	4095	1027	2052	3589
1280	2048	4095	1283	2056	3602
1536	2048	4095	1565	2064	3606
1792	2048	4095	1833	2071	3626
2048	2048	4095	2088	2073	3613
2303	2048	4095	2338	2066	3602
2559	2048	4095	2608	2058	3591
2815	2048	4095	2858	2051	3578
3071	2048	4095	3106	2044	3558
3327	2048	4095	3360	2052	3559
3583	2048	4095	3605	2048	3569
3839	2048	4095	3818	2046	3569
4095	2048	4095	4049	2045	3568
0	2303	4095	0	2399	3701
256	2303	4095	246	2296	3543
512	2303	4095	498	2318	3573
768	2303	4095	758	2318	3584
1024	2303	4095	1026	2319	3587
1280	2303	4095	1281	2328	3593
1536	2303	4095	1561	2333	3598
1792	2303	4095	1829	2341	3616
2048	2303	4095	2080	2339	3619
2303	2303	4095	2339	2339	3608
2559	2303	4095	2611	2330	3595
2815	2303	4095	2860	2328	3577
3071	2303	4095	3103	2317	3565
3327	2303	4095	3361	2318	3572
3583	2303	4095	3600	2314	3569
3839	2303	4095	3814	2313	3569
4095	2303	4095	4046	2312	3568
0	2559	4095	0	2651	3701
256	2559	4095	245	2545	3541
512	2559	4095	495	2565	3563
768	2559	4095	757	2574	3573
1024	2559	4095	1024	2575	3584
1280	2559	4095	1279	2584	3589
1536	2559	4095	1557	2593	3600
1792	2559	4095	1823	2594	3603
2048	2559	4095	2074	2593	3608
2303	2559	4095	2335	2597	3603
2559	2559	4095	2606	2594	3592
2815	2559	4095	2853	2582	3580
3071	2559	4095	3104	2575	3564
3327	2559	4095	3357	2573	3568
3583	2559	4095	3593	2575	3568
3839	2559	4095	3806	2566	3565
4095	2559	4095	4045	2570	3566
0	2815	4095	0	2914	3700
256	2815	4095	244	2792	3531
512	2815	4095	494	2809	3558
768	2815	4095	756	2819	3560
1024	2815	4095	1023	2821	3574
1280	2815	4095	1274	2824	3585
1536	2815	4095	1552	2835	3588
1792	2815	4095	1817	2837	3591
2048	2815	4095	2068	2834	3597
2303	2815	4095	2327	2843	3595
2559	2815	4095	2599	2835	3584
2815	2815	4095	2857	2827	3567
3071	2815	4095	3106	2823	3558
3327	2815	4095	3354	2825	3561
3583	2815	4095	3593	2818	3568
3839	2815	4095	3806	2816	3558
4095	2815	4095	4036	2820	3556
0	3071	4095	0	3178	3691
256	3071	4095	244	3056	3530
512	3071	4095	493	3082	3542
768	3071	4095	752	3082	3559
1024	3071	4095	1023	3093	3571
1280	3071	4095	1274	3096	3574
1536	3071	4095	1551	3099	3571
1792	3071	4095	1811	3111	3584
2048	3071	4095	2066	3105	3581
2303	3071	4095	2321	3111	3584
2559	3071	4095	2596	3098	3576
2815	3071	4095	2849	3090	3564
3071	3071	4095	3097	3094	3565
3327	3071	4095	3354	3085	3568
3583	3071	4095	3592	3083	3560
3839	3071	4095	3804	3085	3551
4095	3071	4095	4027	3076	3550
0	3327	4095	0	3455	3691
256	3327	4095	244	3310	3519
512	3327	4095	495	3338	3549
768	3327	4095	755	3339	3550
1024	3327	4095	1024	3345	3562
1280	3327	4095	1274	3354	3566
1536	3327	4095	1551	3348	3570
1792	3327	4095	1811	3356	3575
2048	3327	4095	2070	3367	3579
2303	3327	4095	2324	3357	3578
2559	3327	4095	2593	3345	3567
2815	3327	4095	2849	3347	3558
3071	3327	4095	3097	3340	3569
3327	3327	4095	3361	3345	3561
3583	3327	4095	3590	3345	3553
3839	3327	4095	3805	3335	3550
4095	3327	4095	4035	3335	3551
0	3583	4095	0	3697	3707
256	3583	4095	244	3545	3527
512	3583	4095	495	3559	3556
768	3583	4095	754	3570	3557
1024	3583	4095	1025	3572	3565
1280	3583	4095	1277	3578	3567
1536	3583	4095	1552	3583	3571
1792	3583	4095	1814	3587	3570
2048	3583	4095	2069	3585	3584
2303	3583	4095	2324	3581	3575
2559	3583	4095	2584	3572	3563
2815	3583	4095	2850	3567	3568
3071	3583	4095	3096	3569	3563
3327	3583	4095	3354	3575	3561
3583	3583	4095	3590	3566	3555
3839	3583	4095	3816	3570	3558
4095	3583	4095	4034	3566	3551
0	3839	4095	0	3963	3720
256	3839	4095	246	3788	3535
512	3839	4095	496	3810	3556
768	3839	4095	758	3806	3558
1024	3839	4095	1026	3807	3569
1280	3839	4095	1278	3812	3567
1536	3839	4095	1555	3813	3573
1792	3839	4095	1808	3810	3577
2048	3839	4095	2066	3811	3576
2303	3839	4095	2323	3810	3574
2559	3839	4095	2583	3791	3562
2815	3839	4095	2853	3801	3561
3071	3839	4095	3093	3802	3556
3327	3839	4095	3353	3793	3556
3583	3839	4095	3594	3800	3562
3839	3839	4095	3809	3800	3552
4095	3839	4095	4036	3791	3550
0	4095	4095	0	4095	3656
256	4095	4095	246	4002	3551
512	4095	4095	498	4025	3563
768	4095	4095	758	4030	3562
1024	4095	4095	1027	4025	3565
1280	4095	4095	1275	4020	3570
1536	4095	4095	1552	4031	3573
1792	4095	4095	1812	4037	3580
2048	4095	4095	2069	4035	3574
2303	4095	4095	2321	4023	3573
2559	4095	4095	2592	4024	3556
2815	4095	4095	2850	4023	3559
3071	4095	4095	3088	4021	3555
3327	4095	4095	3356	4017	3561
3583	4095	4095	3588	4023	3553
3839	4095	4095	3818	4021	3554
4095	4095	4095	4044	4028	3546
