0	0	0	0	0	0
256	0	0	224	1	0
512	0	0	444	1	0
768	0	0	666	2	0
1024	0	0	889	2	0
1280	0	0	1109	3	0
1536	0	0	1332	3	0
1792	0	0	1560	3	0
2048	0	0	1784	3	0
2303	0	0	2007	4	0
2559	0	0	2237	4	0
2815	0	0	2467	5	0
3071	0	0	2693	5	0
3327	0	0	2914	6	0
3583	0	0	3149	6	0
3839	0	0	3376	7	0
4095	0	0	3585	7	0
0	256	0	16	246	2
256	256	0	230	239	2
512	256	0	436	235	2
768	256	0	644	232	2
1024	256	0	857	229	2
1280	256	0	1057	227	2
1536	256	0	1266	225	2
1792	256	0	1482	224	2
2048	256	0	1685	222	2
2303	256	0	1885	222	2
2559	256	0	2109	220	1
2815	256	0	2319	219	1
3071	256	0	2533	218	1
3327	256	0	2730	216	1
3583	256	0	2944	217	1
3839	256	0	3153	218	1
4095	256	0	3349	220	1
0	512	0	31	491	4
256	512	0	240	471	4
512	512	0	448	471	4
768	512	0	657	465	4
1024	512	0	871	458	4
1280	512	0	1074	453	4
1536	512	0	1283	448	4
1792	512	0	1496	444	4
2048	512	0	1700	441	4
2303	512	0	1905	439	4
2559	512	0	2122	439	4
2815	512	0	2337	435	3
3071	512	0	2547	432	3
3327	512	0	2748	430	3
3583	512	0	2969	431	3
3839	512	0	3175	432	3
4095	512	0	3367	435	3
0	768	0	47	734	6
256	768	0	249	703	6
512	768	0	455	704	6
768	768	0	671	700	6
1024	768	0	882	692	6
1280	768	0	1082	685	6
1536	768	0	1293	679	5
1792	768	0	1506	674	5
2048	768	0	1710	674	5
2303	768	0	1914	672	5
2559	768	0	2130	670	5
2815	768	0	2345	666	5
3071	768	0	2558	661	5
3327	768	0	2754	658	4
3583	768	0	2966	658	4
3839	768	0	3169	660	4
4095	768	0	3362	662	4
0	1024	0	61	977	8
256	1024	0	262	941	8
512	1024	0	466	940	8
768	1024	0	678	936	7
1024	1024	0	892	933	7
1280	1024	0	1092	925	7
1536	1024	0	1306	916	7
1792	1024	0	1519	911	7
2048	1024	0	1720	909	7
2303	1024	0	1923	910	7
2559	1024	0	2136	907	7
2815	1024	0	2352	898	7
3071	1024	0	2564	893	7
3327	1024	0	2760	890	7
3583	1024	0	2980	893	6
3839	1024	0	3186	896	6
4095	1024	0	3378	897	6
0	1280	0	75	1208	9
256	1280	0	272	1159	9
512	1280	0	475	1156	9
768	1280	0	688	1150	9
1024	1280	0	898	1144	9
1280	1280	0	1102	1146	9
1536	1280	0	1316	1138	9
1792	1280	0	1525	1131	9
2048	1280	0	1729	1128	9
2303	1280	0	1934	1127	9
2559	1280	0	2149	1122	9
2815	1280	0	2365	1114	8
3071	1280	0	2576	1110	8
3327	1280	0	2771	1103	8
3583	1280	0	2989	1108	8
3839	1280	0	3194	1111	8
4095	1280	0	3386	1114	7
0	1536	0	89	1454	12
256	1536	0	286	1401	11
512	1536	0	486	1397	11
768	1536	0	697	1389	11
1024	1536	0	908	1387	11
1280	1536	0	1106	1386	11
1536	1536	0	1329	1384	11
1792	1536	0	1542	1378	10
2048	1536	0	1746	1377	10
2303	1536	0	1952	1377	10
2559	1536	0	2170	1374	10
2815	1536	0	2387	1366	10
3071	1536	0	2589	1361	10
3327	1536	0	2784	1354	10
3583	1536	0	3012	1360	10
3839	1536	0	3210	1359	9
4095	1536	0	3398	1364	10
0	1792	0	102	1688	14
256	1792	0	298	1630	13
512	1792	0	499	1625	13
768	1792	0	711	1621	12
1024	1792	0	919	1616	12
1280	1792	0	1116	1615	12
1536	1792	0	1344	1612	12
1792	1792	0	1561	1617	12
2048	1792	0	1767	1618	12
2303	1792	0	1975	1615	12
2559	1792	0	2191	1608	12
2815	1792	0	2406	1601	11
3071	1792	0	2612	1596	11
3327	1792	0	2819	1595	11
3583	1792	0	3021	1593	11
3839	1792	0	3227	1603	11
4095	1792	0	3426	1606	11
0	2048	0	117	1914	15
256	2048	0	312	1853	15
512	2048	0	513	1849	15
768	2048	0	723	1845	14
1024	2048	0	930	1838	14
1280	2048	0	1129	1837	14
1536	2048	0	1355	1834	13
1792	2048	0	1578	1843	13
2048	2048	0	1785	1845	13
2303	2048	0	1993	1842	13
2559	2048	0	2212	1835	13
2815	2048	0	2428	1829	13
3071	2048	0	2634	1822	13
3327	2048	0	2838	1820	13
3583	2048	0	3043	1826	13
3839	2048	0	3260	1834	13
4095	2048	0	3451	1835	13
0	2303	0	132	2159	17
256	2303	0	325	2105	16
512	2303	0	525	2102	16
768	2303	0	733	2096	16
1024	2303	0	938	2092	16
1280	2303	0	1139	2087	16
1536	2303	0	1368	2089	15
1792	2303	0	1590	2091	15
2048	2303	0	1795	2095	15
2303	2303	0	2004	2092	15
2559	2303	0	2226	2091	15
2815	2303	0	2446	2088	15
3071	2303	0	2652	2081	14
3327	2303	0	2860	2076	14
3583	2303	0	3071	2081	14
3839	2303	0	3267	2082	14
4095	2303	0	3466	2092	14
0	2559	0	145	2384	18
256	2559	0	337	2331	18
512	2559	0	539	2330	17
768	2559	0	745	2321	17
1024	2559	0	948	2315	17
1280	2559	0	1150	2313	17
1536	2559	0	1380	2320	17
1792	2559	0	1594	2318	16
2048	2559	0	1800	2322	16
2303	2559	0	2016	2326	16
2559	2559	0	2241	2327	16
2815	2559	0	2459	2321	16
3071	2559	0	2663	2316	16
3327	2559	0	2868	2315	16
3583	2559	0	3083	2321	16
3839	2559	0	3277	2321	16
4095	2559	0	3470	2328	16
0	2815	0	157	2613	19
256	2815	0	348	2563	19
512	2815	0	549	2559	19
768	2815	0	756	2555	19
1024	2815	0	961	2550	19
1280	2815	0	1162	2548	19
1536	2815	0	1385	2551	19
1792	2815	0	1603	2550	19
2048	2815	0	1810	2554	18
2303	2815	0	2026	2559	18
2559	2815	0	2250	2552	18
2815	2815	0	2469	2548	17
3071	2815	0	2673	2542	17
3327	2815	0	2876	2539	17
3583	2815	0	3089	2550	17
3839	2815	0	3292	2553	17
4095	2815	0	3491	2565	17
0	3071	0	170	2829	21
256	3071	0	363	2794	20
512	3071	0	562	2791	20
768	3071	0	769	2784	20
1024	3071	0	971	2776	20
1280	3071	0	1175	2776	20
1536	3071	0	1395	2780	20
1792	3071	0	1617	2787	20
2048	3071	0	1818	2785	20
2303	3071	0	2034	2793	20
2559	3071	0	2257	2792	19
2815	3071	0	2477	2791	19
3071	3071	0	2687	2787	19
3327	3071	0	2892	2785	19
3583	3071	0	3098	2790	19
3839	3071	0	3304	2801	19
4095	3071	0	3496	2816	19
0	3327	0	185	3066	22
256	3327	0	378	3038	22
512	3327	0	578	3031	22
768	3327	0	786	3023	22
1024	3327	0	990	3019	21
1280	3327	0	1198	3018	21
1536	3327	0	1420	3021	21
1792	3327	0	1632	3022	21
2048	3327	0	1838	3039	21
2303	3327	0	2056	3036	21
2559	3327	0	2286	3039	21
2815	3327	0	2502	3038	20
3071	3327	0	2711	3031	20
3327	3327	0	2919	3027	20
3583	3327	0	3128	3036	20
3839	3327	0	3329	3048	20
4095	3327	0	3528	3064	20
0	3583	0	202	3270	24
256	3583	0	394	3260	24
512	3583	0	594	3245	23
768	3583	0	804	3236	23
1024	3583	0	1009	3233	23
1280	3583	0	1217	3231	23
1536	3583	0	1438	3235	23
1792	3583	0	1653	3245	23
2048	3583	0	1866	3259	23
2303	3583	0	2079	3255	23
2559	3583	0	2312	3255	23
2815	3583	0	2525	3250	23
3071	3583	0	2737	3249	23
3327	3583	0	2947	3257	22
3583	3583	0	3154	3268	22
3839	3583	0	3361	3282	22
4095	3583	0	3560	3294	22
0	3839	0	216	3487	25
256	3839	0	412	3495	25
512	3839	0	614	3483	25
768	3839	0	824	3471	25
1024	3839	0	1028	3465	25
1280	3839	0	1239	3467	25
1536	3839	0	1460	3471	25
1792	3839	0	1677	3478	25
2048	3839	0	1889	3488	25
2303	3839	0	2107	3491	25
2559	3839	0	2337	3482	24
2815	3839	0	2558	3484	24
3071	3839	0	2760	3481	24
3327	3839	0	2972	3489	24
3583	3839	0	3188	3503	23
3839	3839	0	3397	3516	23
4095	3839	0	3606	3528	24
0	4095	0	233	3699	27
256	4095	0	430	3697	27
512	4095	0	635	3686	26
768	4095	0	846	3678	26
1024	4095	0	1049	3671	26
1280	4095	0	1264	3675	26
1536	4095	0	1488	3686	26
1792	4095	0	1704	3694	26
2048	4095	0	1915	3696	26
2303	4095	0	2135	3706	26
2559	4095	0	2366	3693	26
2815	4095	0	2586	3695	26
3071	4095	0	2789	3696	26
3327	4095	0	3004	3707	26
3583	4095	0	3221	3719	26
3839	4095	0	3433	3731	26
4095	4095	0	3641	3749	25
0	0	256	11	1	216
256	0	256	231	2	216
512	0	256	446	2	212
768	0	256	661	3	208
1024	0	256	879	3	204
1280	0	256	1093	4	203
1536	0	256	1309	4	200
1792	0	256	1534	4	198
2048	0	256	1749	4	197
2303	0	256	1965	5	195
2559	0	256	2185	5	195
2815	0	256	2404	6	193
3071	0	256	2630	6	192
3327	0	256	2842	7	190
3583	0	256	3065	6	190
3839	0	256	3285	7	191
4095	0	256	3487	7	193
0	256	256	27	244	225
256	256	256	249	250	218
512	256	256	461	244	217
768	256	256	673	240	212
1024	256	256	887	237	206
1280	256	256	1089	233	200
1536	256	256	1297	231	196
1792	256	256	1511	228	192
2048	256	256	1710	227	190
2303	256	256	1911	225	187
2559	256	256	2129	224	184
2815	256	256	2340	220	184
3071	256	256	2542	218	181
3327	256	256	2737	216	179
3583	256	256	2938	216	177
3839	256	256	3139	216	177
4095	256	256	3331	216	177
0	512	256	43	486	221
256	512	256	258	486	225
512	512	256	473	487	225
768	512	256	687	478	219
1024	512	256	900	472	213
1280	512	256	1102	465	208
1536	512	256	1313	460	203
1792	512	256	1527	454	198
2048	512	256	1728	448	191
2303	512	256	1924	444	189
2559	512	256	2137	441	185
2815	512	256	2351	436	185
3071	512	256	2555	432	182
3327	512	256	2752	428	179
3583	512	256	2954	428	179
3839	512	256	3152	428	179
4095	512	256	3347	429	178
0	768	256	59	728	220
256	768	256	269	724	222
512	768	256	480	722	220
768	768	256	700	719	220
1024	768	256	911	710	214
1280	768	256	1114	703	209
1536	768	256	1327	696	204
1792	768	256	1537	689	199
2048	768	256	1736	681	195
2303	768	256	1935	677	193
2559	768	256	2151	673	190
2815	768	256	2359	666	187
3071	768	256	2562	660	186
3327	768	256	2763	658	180
3583	768	256	2959	656	180
3839	768	256	3156	655	178
4095	768	256	3349	654	178
0	1024	256	73	970	218
256	1024	256	282	964	218
512	1024	256	487	962	216
768	1024	256	704	959	216
1024	1024	256	926	957	214
1280	1024	256	1125	945	209
1536	1024	256	1337	935	204
1792	1024	256	1545	928	199
2048	1024	256	1747	921	195
2303	1024	256	1948	914	192
2559	1024	256	2156	906	191
2815	1024	256	2365	901	187
3071	1024	256	2567	894	187
3327	1024	256	2768	889	183
3583	1024	256	2965	888	181
3839	1024	256	3158	885	181
4095	1024	256	3350	886	180
0	1280	256	87	1196	217
256	1280	256	291	1185	215
512	1280	256	496	1183	213
768	1280	256	715	1176	212
1024	1280	256	929	1170	212
1280	1280	256	1132	1169	210
1536	1280	256	1349	1156	205
1792	1280	256	1555	1146	202
2048	1280	256	1755	1142	196
2303	1280	256	1958	1136	195
2559	1280	256	2170	1128	190
2815	1280	256	2380	1115	188
3071	1280	256	2578	1107	184
3327	1280	256	2775	1104	184
3583	1280	256	2974	1099	181
3839	1280	256	3175	1100	181
4095	1280	256	3362	1101	180
0	1536	256	101	1442	218
256	1536	256	303	1425	212
512	1536	256	507	1426	211
768	1536	256	722	1419	209
1024	1536	256	935	1414	207
1280	1536	256	1136	1408	207
1536	1536	256	1363	1404	206
1792	1536	256	1571	1397	202
2048	1536	256	1768	1394	197
2303	1536	256	1969	1388	195
2559	1536	256	2181	1379	193
2815	1536	256	2397	1367	189
3071	1536	256	2598	1358	185
3327	1536	256	2789	1345	182
3583	1536	256	3003	1350	182
3839	1536	256	3188	1348	182
4095	1536	256	3374	1346	182
0	1792	256	114	1674	218
256	1792	256	314	1651	210
512	1792	256	517	1645	209
768	1792	256	730	1639	206
1024	1792	256	940	1637	206
1280	1792	256	1136	1630	206
1536	1792	256	1367	1632	204
1792	1792	256	1583	1632	203
2048	1792	256	1785	1628	198
2303	1792	256	1986	1620	196
2559	1792	256	2197	1608	194
2815	1792	256	2413	1601	190
3071	1792	256	2620	1595	187
3327	1792	256	2813	1584	183
3583	1792	256	3016	1583	183
3839	1792	256	3207	1581	183
4095	1792	256	3387	1583	183
0	2048	256	130	1899	218
256	2048	256	326	1869	208
512	2048	256	530	1861	207
768	2048	256	741	1855	204
1024	2048	256	952	1855	203
1280	2048	256	1150	1853	200
1536	2048	256	1375	1851	200
1792	2048	256	1593	1850	200
2048	2048	256	1797	1849	200
2303	2048	256	2007	1846	198
2559	2048	256	2222	1836	195
2815	2048	256	2432	1825	192
3071	2048	256	2632	1816	189
3327	2048	256	2824	1803	186
3583	2048	256	3042	1813	186
3839	2048	256	3230	1809	185
4095	2048	256	3419	1814	185
0	2303	256	143	2149	218
256	2303	256	338	2121	207
512	2303	256	541	2116	207
768	2303	256	751	2110	204
1024	2303	256	959	2103	203
1280	2303	256	1161	2105	202
1536	2303	256	1385	2105	202
1792	2303	256	1600	2097	200
2048	2303	256	1806	2099	200
2303	2303	256	2018	2099	200
2559	2303	256	2236	2091	197
2815	2303	256	2446	2080	193
3071	2303	256	2647	2071	191
3327	2303	256	2846	2060	189
3583	2303	256	3054	2061	188
3839	2303	256	3242	2056	188
4095	2303	256	3421	2063	188
0	2559	256	156	2366	220
256	2559	256	349	2342	207
512	2559	256	550	2339	206
768	2559	256	756	2333	205
1024	2559	256	962	2327	202
1280	2559	256	1166	2322	202
1536	2559	256	1390	2327	200
1792	2559	256	1601	2317	200
2048	2559	256	1809	2322	199
2303	2559	256	2022	2326	199
2559	2559	256	2245	2322	199
2815	2559	256	2457	2316	195
3071	2559	256	2657	2308	192
3327	2559	256	2859	2302	190
3583	2559	256	3060	2299	190
3839	2559	256	3254	2298	190
4095	2559	256	3432	2297	190
0	2815	256	168	2596	219
256	2815	256	359	2575	206
512	2815	256	560	2567	205
768	2815	256	767	2561	202
1024	2815	256	971	2555	200
1280	2815	256	1176	2548	198
1536	2815	256	1400	2552	198
1792	2815	256	1613	2550	198
2048	2815	256	1815	2547	198
2303	2815	256	2026	2552	197
2559	2815	256	2249	2546	197
2815	2815	256	2463	2536	195
3071	2815	256	2665	2527	192
3327	2815	256	2867	2523	190
3583	2815	256	3069	2520	190
3839	2815	256	3261	2519	190
4095	2815	256	3446	2524	190
0	3071	256	179	2815	219
256	3071	256	371	2795	205
512	3071	256	571	2791	204
768	3071	256	778	2784	200
1024	3071	256	980	2778	199
1280	3071	256	1185	2776	198
1536	3071	256	1403	2771	197
1792	3071	256	1614	2774	197
2048	3071	256	1818	2778	198
2303	3071	256	2033	2782	197
2559	3071	256	2257	2786	196
2815	3071	256	2466	2775	193
3071	3071	256	2673	2768	193
3327	3071	256	2877	2765	191
3583	3071	256	3074	2764	192
3839	3071	256	3272	2766	191
4095	3071	256	3461	2780	191
0	3327	256	194	3046	220
256	3327	256	385	3029	204
512	3327	256	584	3028	202
768	3327	256	791	3019	200
1024	3327	256	993	3007	198
1280	3327	256	1201	3001	197
1536	3327	256	1421	3004	196
1792	3327	256	1630	3009	196
2048	3327	256	1837	3014	196
2303	3327	256	2053	3021	196
2559	3327	256	2279	3017	196
2815	3327	256	2491	3006	194
3071	3327	256	2688	2997	192
3327	3327	256	2895	2997	191
3583	3327	256	3105	3001	192
3839	3327	256	3298	3005	192
4095	3327	256	3492	3018	192
0	3583	256	209	3243	222
256	3583	256	400	3239	205
512	3583	256	599	3229	204
768	3583	256	806	3217	202
1024	3583	256	1011	3215	199
1280	3583	256	1219	3217	198
1536	3583	256	1435	3219	198
1792	3583	256	1648	3226	197
2048	3583	256	1858	3230	198
2303	3583	256	2070	3231	198
2559	3583	256	2297	3224	197
2815	3583	256	2510	3217	195
3071	3583	256	2709	3211	195
3327	3583	256	2916	3214	194
3583	3583	256	3124	3219	195
3839	3583	256	3319	3224	194
4095	3583	256	3512	3230	194
0	3839	256	223	3464	207
256	3839	256	416	3470	207
512	3839	256	618	3455	206
768	3839	256	825	3442	203
1024	3839	256	1028	3436	202
1280	3839	256	1238	3434	200
1536	3839	256	1453	3438	199
1792	3839	256	1664	3448	200
2048	3839	256	1877	3452	202
2303	3839	256	2088	3451	199
2559	3839	256	2317	3438	199
2815	3839	256	2533	3434	197
3071	3839	256	2726	3429	197
3327	3839	256	2938	3431	195
3583	3839	256	3148	3435	196
3839	3839	256	3348	3443	197
4095	3839	256	3546	3456	197
0	4095	256	239	3662	208
256	4095	256	432	3660	206
512	4095	256	634	3647	206
768	4095	256	844	3635	205
1024	4095	256	1048	3638	204
1280	4095	256	1259	3642	203
1536	4095	256	1473	3645	203
1792	4095	256	1687	3649	203
2048	4095	256	1902	3657	204
2303	4095	256	2113	3654	202
2559	4095	256	2335	3648	199
2815	4095	256	2550	3637	199
3071	4095	256	2747	3632	198
3327	4095	256	2962	3637	198
3583	4095	256	3170	3650	198
3839	4095	256	3373	3662	199
4095	4095	256	3575	3673	202
0	0	512	21	2	421
256	0	512	240	3	422
512	0	512	456	3	419
768	0	512	672	4	411
1024	0	512	892	4	405
1280	0	512	1104	5	400
1536	0	512	1321	5	395
1792	0	512	1546	5	392
2048	0	512	1760	5	391
2303	0	512	1973	6	387
2559	0	512	2195	7	386
2815	0	512	2422	7	383
3071	0	512	2647	8	380
3327	0	512	2855	7	374
3583	0	512	3074	8	375
3839	0	512	3287	8	377
4095	0	512	3486	9	379
0	256	512	37	245	427
256	256	512	258	250	425
512	256	512	475	248	426
768	256	512	690	244	414
1024	256	512	902	240	406
1280	256	512	1109	237	398
1536	256	512	1318	234	391
1792	256	512	1530	231	385
2048	256	512	1733	229	379
2303	256	512	1934	227	375
2559	256	512	2152	227	370
2815	256	512	2362	223	368
3071	256	512	2566	221	364
3327	256	512	2761	219	356
3583	256	512	2966	218	355
3839	256	512	3163	218	354
4095	256	512	3350	219	353
0	512	512	54	490	425
256	512	512	272	493	430
512	512	512	495	499	427
768	512	512	712	490	425
1024	512	512	931	485	413
1280	512	512	1137	477	405
1536	512	512	1350	472	398
1792	512	512	1564	466	390
2048	512	512	1767	460	385
2303	512	512	1966	456	381
2559	512	512	2180	453	375
2815	512	512	2397	448	370
3071	512	512	2609	444	369
3327	512	512	2800	439	363
3583	512	512	3001	437	360
3839	512	512	3195	438	359
4095	512	512	3384	438	358
0	768	512	70	732	425
256	768	512	284	734	427
512	768	512	503	740	431
768	768	512	727	738	430
1024	768	512	943	728	420
1280	768	512	1148	719	411
1536	768	512	1364	711	403
1792	768	512	1575	704	397
2048	768	512	1777	697	390
2303	768	512	1981	694	386
2559	768	512	2194	688	382
2815	768	512	2404	681	370
3071	768	512	2616	676	369
3327	768	512	2808	671	362
3583	768	512	3013	669	360
3839	768	512	3201	668	358
4095	768	512	3386	665	357
0	1024	512	84	976	420
256	1024	512	296	977	418
512	1024	512	511	985	424
768	1024	512	732	981	420
1024	1024	512	959	977	419
1280	1024	512	1160	966	410
1536	1024	512	1375	957	403
1792	1024	512	1585	949	397
2048	1024	512	1788	943	390
2303	1024	512	1994	936	386
2559	1024	512	2206	929	382
2815	1024	512	2415	919	375
3071	1024	512	2628	916	370
3327	1024	512	2821	908	368
3583	1024	512	3021	908	363
3839	1024	512	3210	902	362
4095	1024	512	3397	901	357
0	1280	512	98	1204	416
256	1280	512	307	1198	412
512	1280	512	520	1205	417
768	1280	512	740	1200	414
1024	1280	512	963	1198	414
1280	1280	512	1166	1193	410
1536	1280	512	1389	1182	403
1792	1280	512	1599	1175	396
2048	1280	512	1798	1169	390
2303	1280	512	2000	1158	386
2559	1280	512	2214	1148	382
2815	1280	512	2428	1139	375
3071	1280	512	2632	1131	369
3327	1280	512	2826	1127	368
3583	1280	512	3033	1123	362
3839	1280	512	3218	1117	362
4095	1280	512	3407	1118	358
0	1536	512	112	1450	414
256	1536	512	319	1443	407
512	1536	512	531	1453	411
768	1536	512	748	1445	408
1024	1536	512	964	1441	407
1280	1536	512	1171	1435	406
1536	1536	512	1404	1435	402
1792	1536	512	1614	1427	395
2048	1536	512	1809	1421	390
2303	1536	512	2011	1415	385
2559	1536	512	2226	1401	380
2815	1536	512	2439	1388	374
3071	1536	512	2648	1381	369
3327	1536	512	2841	1371	364
3583	1536	512	3049	1370	363
3839	1536	512	3236	1367	360
4095	1536	512	3422	1366	358
0	1792	512	127	1681	411
256	1792	512	331	1672	403
512	1792	512	542	1678	407
768	1792	512	758	1674	405
1024	1792	512	972	1671	401
1280	1792	512	1179	1670	399
1536	1792	512	1412	1665	399
1792	1792	512	1628	1664	397
2048	1792	512	1829	1656	391
2303	1792	512	2031	1648	385
2559	1792	512	2246	1637	382
2815	1792	512	2461	1629	373
3071	1792	512	2665	1620	369
3327	1792	512	2861	1612	365
3583	1792	512	3066	1609	362
3839	1792	512	3254	1604	362
4095	1792	512	3442	1608	360
0	2048	512	142	1906	410
256	2048	512	343	1893	398
512	2048	512	555	1902	403
768	2048	512	772	1897	400
1024	2048	512	984	1892	397
1280	2048	512	1188	1890	395
1536	2048	512	1416	1889	395
1792	2048	512	1634	1881	394
2048	2048	512	1841	1882	393
2303	2048	512	2053	1878	387
2559	2048	512	2268	1867	381
2815	2048	512	2479	1855	376
3071	2048	512	2680	1845	370
3327	2048	512	2875	1835	365
3583	2048	512	3077	1833	363
3839	2048	512	3276	1834	363
4095	2048	512	3462	1836	363
0	2303	512	155	2160	412
256	2303	512	355	2151	395
512	2303	512	565	2155	401
768	2303	512	781	2149	398
1024	2303	512	992	2144	396
1280	2303	512	1195	2140	393
1536	2303	512	1424	2143	391
1792	2303	512	1639	2133	391
2048	2303	512	1848	2140	390
2303	2303	512	2062	2135	389
2559	2303	512	2280	2123	384
2815	2303	512	2492	2109	378
3071	2303	512	2695	2098	373
3327	2303	512	2895	2091	368
3583	2303	512	3095	2089	366
3839	2303	512	3284	2087	365
4095	2303	512	3468	2086	365
0	2559	512	167	2382	410
256	2559	512	368	2377	394
512	2559	512	575	2380	398
768	2559	512	786	2373	396
1024	2559	512	994	2365	394
1280	2559	512	1201	2361	390
1536	2559	512	1426	2357	389
1792	2559	512	1643	2357	389
2048	2559	512	1850	2362	387
2303	2559	512	2064	2361	387
2559	2559	512	2287	2354	384
2815	2559	512	2500	2346	377
3071	2559	512	2702	2335	371
3327	2559	512	2902	2329	369
3583	2559	512	3101	2329	367
3839	2559	512	3295	2324	365
4095	2559	512	3482	2328	366
0	2815	512	179	2611	409
256	2815	512	379	2612	390
512	2815	512	585	2609	394
768	2815	512	796	2602	391
1024	2815	512	1002	2595	388
1280	2815	512	1211	2590	385
1536	2815	512	1436	2589	383
1792	2815	512	1650	2586	384
2048	2815	512	1853	2583	384
2303	2815	512	2066	2582	382
2559	2815	512	2297	2581	379
2815	2815	512	2513	2574	376
3071	2815	512	2718	2565	371
3327	2815	512	2915	2558	366
3583	2815	512	3112	2556	366
3839	2815	512	3310	2554	364
4095	2815	512	3497	2556	366
0	3071	512	192	2831	407
256	3071	512	391	2835	387
512	3071	512	595	2835	391
768	3071	512	807	2829	387
1024	3071	512	1013	2827	385
1280	3071	512	1220	2820	383
1536	3071	512	1441	2815	381
1792	3071	512	1658	2824	380
2048	3071	512	1862	2823	380
2303	3071	512	2076	2826	380
2559	3071	512	2303	2821	376
2815	3071	512	2519	2815	373
3071	3071	512	2722	2809	371
3327	3071	512	2921	2801	368
3583	3071	512	3122	2797	367
3839	3071	512	3317	2797	366
4095	3071	512	3508	2806	367
0	3327	512	206	3061	405
256	3327	512	404	3072	383
512	3327	512	610	3071	387
768	3327	512	820	3065	384
1024	3327	512	1026	3057	381
1280	3327	512	1237	3049	380
1536	3327	512	1457	3048	379
1792	3327	512	1668	3052	377
2048	3327	512	1873	3050	378
2303	3327	512	2094	3063	378
2559	3327	512	2320	3054	376
2815	3327	512	2533	3049	371
3071	3327	512	2735	3036	370
3327	3327	512	2939	3033	368
3583	3327	512	3142	3034	367
3839	3327	512	3341	3039	367
4095	3327	512	3532	3049	367
0	3583	512	221	3264	385
256	3583	512	420	3288	385
512	3583	512	623	3279	387
768	3583	512	835	3269	385
1024	3583	512	1040	3260	382
1280	3583	512	1253	3258	380
1536	3583	512	1472	3262	379
1792	3583	512	1685	3268	377
2048	3583	512	1898	3273	377
2303	3583	512	2106	3274	376
2559	3583	512	2338	3264	376
2815	3583	512	2550	3258	373
3071	3583	512	2750	3248	371
3327	3583	512	2960	3249	369
3583	3583	512	3168	3258	371
3839	3583	512	3369	3267	371
4095	3583	512	3563	3271	372
0	3839	512	236	3496	386
256	3839	512	434	3510	386
512	3839	512	640	3497	389
768	3839	512	853	3488	385
1024	3839	512	1057	3483	382
1280	3839	512	1272	3485	380
1536	3839	512	1492	3489	379
1792	3839	512	1705	3495	378
2048	3839	512	1918	3496	379
2303	3839	512	2131	3491	377
2559	3839	512	2361	3484	376
2815	3839	512	2569	3471	374
3071	3839	512	2767	3462	373
3327	3839	512	2978	3468	371
3583	3839	512	3195	3479	373
3839	3839	512	3397	3484	374
4095	3839	512	3589	3489	374
0	4095	512	252	3688	387
256	4095	512	454	3711	391
512	4095	512	658	3706	391
768	4095	512	872	3701	388
1024	4095	512	1075	3693	384
1280	4095	512	1294	3694	381
1536	4095	512	1512	3695	381
1792	4095	512	1725	3697	382
2048	4095	512	1939	3703	382
2303	4095	512	2151	3698	380
2559	4095	512	2381	3689	377
2815	4095	512	2592	3680	377
3071	4095	512	2791	3672	377
3327	4095	512	3005	3678	374
3583	4095	512	3219	3689	376
3839	4095	512	3419	3697	377
4095	4095	512	3617	3708	378
0	0	768	31	3	647
256	0	768	250	4	648
512	0	768	467	5	646
768	0	768	687	5	639
1024	0	768	908	6	630
1280	0	768	1120	6	623
1536	0	768	1342	6	615
1792	0	768	1567	6	610
2048	0	768	1779	7	605
2303	0	768	1995	7	600
2559	0	768	2216	8	596
2815	0	768	2443	8	593
3071	0	768	2673	8	588
3327	0	768	2878	8	583
3583	0	768	3098	9	584
3839	0	768	3309	9	584
4095	0	768	3512	10	587
0	256	768	48	245	652
256	256	768	267	248	651
512	256	768	485	249	654
768	256	768	705	246	645
1024	256	768	919	243	634
1280	256	768	1123	239	623
1536	256	768	1337	237	612
1792	256	768	1551	234	604
2048	256	768	1754	232	596
2303	256	768	1955	231	589
2559	256	768	2174	230	582
2815	256	768	2384	226	579
3071	256	768	2592	224	573
3327	256	768	2787	222	568
3583	256	768	2996	222	565
3839	256	768	3190	223	563
4095	256	768	3373	222	562
0	512	768	64	492	652
256	512	768	284	495	655
512	512	768	507	501	656
768	512	768	731	497	655
1024	512	768	952	490	642
1280	512	768	1157	485	633
1536	512	768	1376	478	623
1792	512	768	1591	473	615
2048	512	768	1791	467	607
2303	512	768	1995	464	600
2559	512	768	2216	460	591
2815	512	768	2426	455	586
3071	512	768	2643	450	583
3327	512	768	2835	448	576
3583	512	768	3040	445	573
3839	512	768	3231	446	572
4095	512	768	3421	446	569
0	768	768	80	737	652
256	768	768	298	740	653
512	768	768	521	748	662
768	768	768	753	753	658
1024	768	768	973	741	653
1280	768	768	1180	734	641
1536	768	768	1399	725	631
1792	768	768	1611	718	622
2048	768	768	1815	712	614
2303	768	768	2020	709	603
2559	768	768	2238	703	595
2815	768	768	2452	696	588
3071	768	768	2662	692	580
3327	768	768	2852	685	577
3583	768	768	3063	685	576
3839	768	768	3248	680	572
4095	768	768	3437	679	570
0	1024	768	95	982	646
256	1024	768	310	984	645
512	1024	768	530	995	655
768	1024	768	758	997	657
1024	1024	768	987	996	656
1280	1024	768	1191	986	643
1536	1024	768	1411	977	633
1792	1024	768	1621	967	624
2048	1024	768	1823	960	617
2303	1024	768	2031	954	609
2559	1024	768	2249	946	601
2815	1024	768	2461	936	594
3071	1024	768	2670	934	588
3327	1024	768	2863	924	585
3583	1024	768	3070	922	576
3839	1024	768	3259	918	572
4095	1024	768	3445	917	570
0	1280	768	108	1209	640
256	1280	768	320	1208	637
512	1280	768	540	1221	645
768	1280	768	766	1224	647
1024	1280	768	991	1222	643
1280	1280	768	1202	1217	642
1536	1280	768	1426	1207	632
1792	1280	768	1636	1197	623
2048	1280	768	1837	1188	614
2303	1280	768	2041	1180	608
2559	1280	768	2257	1172	600
2815	1280	768	2475	1162	592
3071	1280	768	2678	1151	587
3327	1280	768	2868	1143	580
3583	1280	768	3081	1142	579
3839	1280	768	3269	1138	576
4095	1280	768	3454	1138	572
0	1536	768	124	1457	638
256	1536	768	333	1455	628
512	1536	768	550	1469	638
768	1536	768	775	1471	639
1024	1536	768	994	1468	635
1280	1536	768	1205	1465	634
1536	1536	768	1439	1461	631
1792	1536	768	1651	1454	622
2048	1536	768	1850	1444	614
2303	1536	768	2058	1435	608
2559	1536	768	2272	1423	600
2815	1536	768	2485	1412	593
3071	1536	768	2693	1404	587
3327	1536	768	2888	1396	579
3583	1536	768	3097	1392	579
3839	1536	768	3280	1389	576
4095	1536	768	3465	1385	573
0	1792	768	138	1690	634
256	1792	768	345	1688	622
512	1792	768	561	1702	631
768	1792	768	785	1703	633
1024	1792	768	1003	1697	629
1280	1792	768	1214	1697	625
1536	1792	768	1446	1693	625
1792	1792	768	1665	1693	623
2048	1792	768	1863	1683	616
2303	1792	768	2071	1673	609
2559	1792	768	2290	1665	601
2815	1792	768	2503	1655	594
3071	1792	768	2707	1645	588
3327	1792	768	2903	1638	580
3583	1792	768	3106	1632	579
3839	1792	768	3300	1629	579
4095	1792	768	3488	1629	576
0	2048	768	152	1919	633
256	2048	768	357	1914	618
512	2048	768	574	1929	627
768	2048	768	797	1930	629
1024	2048	768	1013	1923	623
1280	2048	768	1222	1917	620
1536	2048	768	1455	1915	619
1792	2048	768	1670	1912	618
2048	2048	768	1876	1911	616
2303	2048	768	2090	1904	610
2559	2048	768	2308	1894	604
2815	2048	768	2523	1884	596
3071	2048	768	2727	1874	589
3327	2048	768	2921	1862	582
3583	2048	768	3124	1861	580
3839	2048	768	3319	1858	579
4095	2048	768	3504	1858	579
0	2303	768	166	2173	631
256	2303	768	370	2171	614
512	2303	768	585	2183	622
768	2303	768	805	2182	624
1024	2303	768	1018	2177	621
1280	2303	768	1226	2173	616
1536	2303	768	1461	2169	615
1792	2303	768	1674	2164	615
2048	2303	768	1880	2167	613
2303	2303	768	2098	2164	611
2559	2303	768	2319	2151	606
2815	2303	768	2530	2137	597
3071	2303	768	2734	2125	590
3327	2303	768	2939	2119	585
3583	2303	768	3135	2114	582
3839	2303	768	3327	2111	580
4095	2303	768	3512	2109	580
0	2559	768	178	2394	629
256	2559	768	382	2397	611
512	2559	768	596	2406	618
768	2559	768	813	2403	619
1024	2559	768	1024	2399	616
1280	2559	768	1235	2398	613
1536	2559	768	1460	2390	610
1792	2559	768	1678	2389	609
2048	2559	768	1884	2395	609
2303	2559	768	2101	2392	607
2559	2559	768	2327	2385	603
2815	2559	768	2540	2377	596
3071	2559	768	2744	2365	589
3327	2559	768	2945	2358	585
3583	2559	768	3141	2357	582
3839	2559	768	3342	2354	581
4095	2559	768	3532	2357	581
0	2815	768	190	2622	625
256	2815	768	393	2630	606
512	2815	768	606	2641	613
768	2815	768	821	2641	614
1024	2815	768	1030	2635	610
1280	2815	768	1242	2627	608
1536	2815	768	1467	2624	606
1792	2815	768	1684	2622	604
2048	2815	768	1892	2624	601
2303	2815	768	2106	2618	601
2559	2815	768	2335	2616	598
2815	2815	768	2550	2607	594
3071	2815	768	2754	2597	588
3327	2815	768	2955	2588	583
3583	2815	768	3158	2585	581
3839	2815	768	3360	2587	580
4095	2815	768	3543	2586	582
0	3071	768	203	2841	623
256	3071	768	406	2863	600
512	3071	768	618	2873	609
768	3071	768	833	2868	610
1024	3071	768	1040	2861	606
1280	3071	768	1252	2856	603
1536	3071	768	1475	2858	601
1792	3071	768	1688	2861	599
2048	3071	768	1896	2856	597
2303	3071	768	2115	2863	596
2559	3071	768	2342	2852	594
2815	3071	768	2558	2848	591
3071	3071	768	2758	2840	586
3327	3071	768	2962	2831	583
3583	3071	768	3165	2827	580
3839	3071	768	3358	2827	581
4095	3071	768	3549	2832	582
0	3327	768	218	3078	596
256	3327	768	419	3099	599
512	3327	768	632	3107	607
768	3327	768	847	3101	607
1024	3327	768	1053	3093	604
1280	3327	768	1268	3087	600
1536	3327	768	1489	3086	597
1792	3327	768	1702	3093	596
2048	3327	768	1914	3097	596
2303	3327	768	2129	3096	595
2559	3327	768	2356	3088	594
2815	3327	768	2568	3076	588
3071	3327	768	2775	3066	586
3327	3327	768	2981	3064	583
3583	3327	768	3187	3066	582
3839	3327	768	3385	3071	581
4095	3327	768	3572	3075	581
0	3583	768	233	3287	597
256	3583	768	434	3309	600
512	3583	768	645	3311	607
768	3583	768	861	3307	607
1024	3583	768	1067	3301	604
1280	3583	768	1282	3302	599
1536	3583	768	1503	3303	598
1792	3583	768	1718	3306	598
2048	3583	768	1931	3308	598
2303	3583	768	2144	3306	595
2559	3583	768	2380	3303	595
2815	3583	768	2586	3291	591
3071	3583	768	2788	3280	585
3327	3583	768	2999	3282	585
3583	3583	768	3207	3290	587
3839	3583	768	3406	3296	586
4095	3583	768	3603	3301	586
0	3839	768	248	3513	599
256	3839	768	451	3536	607
512	3839	768	662	3547	607
768	3839	768	878	3539	607
1024	3839	768	1082	3534	603
1280	3839	768	1299	3528	599
1536	3839	768	1521	3528	599
1792	3839	768	1737	3531	600
2048	3839	768	1949	3529	599
2303	3839	768	2164	3522	597
2559	3839	768	2397	3519	594
2815	3839	768	2603	3504	593
3071	3839	768	2802	3492	588
3327	3839	768	3017	3498	587
3583	3839	768	3232	3508	588
3839	3839	768	3434	3515	590
4095	3839	768	3630	3523	590
0	4095	768	265	3714	603
256	4095	768	469	3743	608
512	4095	768	678	3752	608
768	4095	768	897	3742	607
1024	4095	768	1100	3731	605
1280	4095	768	1321	3731	603
1536	4095	768	1542	3733	603
1792	4095	768	1757	3735	603
2048	4095	768	1971	3737	603
2303	4095	768	2183	3731	599
2559	4095	768	2414	3720	596
2815	4095	768	2623	3710	595
3071	4095	768	2826	3706	593
3327	4095	768	3044	3710	589
3583	4095	768	3254	3721	592
3839	4095	768	3454	3730	593
4095	4095	768	3655	3738	595
0	0	1024	43	5	883
256	0	1024	260	5	881
512	0	1024	477	6	878
768	0	1024	699	6	873
1024	0	1024	924	7	865
1280	0	1024	1138	7	855
1536	0	1024	1362	7	846
1792	0	1024	1586	7	838
2048	0	1024	1798	8	833
2303	0	1024	2015	8	829
2559	0	1024	2239	9	824
2815	0	1024	2467	9	818
3071	0	1024	2700	9	813
3327	0	1024	2901	9	807
3583	0	1024	3125	10	808
3839	0	1024	3335	10	807
4095	0	1024	3537	11	808
0	256	1024	59	246	884
256	256	1024	276	247	881
512	256	1024	492	249	883
768	256	1024	715	247	881
1024	256	1024	938	245	871
1280	256	1024	1140	243	859
1536	256	1024	1356	240	847
1792	256	1024	1572	238	837
2048	256	1024	1773	235	829
2303	256	1024	1978	235	822
2559	256	1024	2198	233	814
2815	256	1024	2407	230	805
3071	256	1024	2619	227	802
3327	256	1024	2808	225	795
3583	256	1024	3020	225	793
3839	256	1024	3213	226	790
4095	256	1024	3398	225	789
0	512	1024	74	493	887
256	512	1024	293	494	889
512	512	1024	516	499	892
768	512	1024	742	498	895
1024	512	1024	966	493	885
1280	512	1024	1175	488	872
1536	512	1024	1395	482	860
1792	512	1024	1610	477	851
2048	512	1024	1812	471	841
2303	512	1024	2017	468	833
2559	512	1024	2239	464	824
2815	512	1024	2450	459	818
3071	512	1024	2665	455	814
3327	512	1024	2856	452	805
3583	512	1024	3066	451	803
3839	512	1024	3257	451	799
4095	512	1024	3444	451	797
0	768	1024	90	740	886
256	768	1024	308	742	884
512	768	1024	533	751	895
768	768	1024	768	757	897
1024	768	1024	995	750	892
1280	768	1024	1203	743	880
1536	768	1024	1422	734	867
1792	768	1024	1635	727	857
2048	768	1024	1840	723	847
2303	768	1024	2048	717	837
2559	768	1024	2266	711	829
2815	768	1024	2482	705	822
3071	768	1024	2694	701	814
3327	768	1024	2881	693	809
3583	768	1024	3099	694	808
3839	768	1024	3283	689	802
4095	768	1024	3473	689	800
0	1024	1024	106	989	881
256	1024	1024	322	991	878
512	1024	1024	544	1002	890
768	1024	1024	779	1010	899
1024	1024	1024	1014	1013	894
1280	1024	1024	1219	1002	887
1536	1024	1024	1443	992	874
1792	1024	1024	1655	982	864
2048	1024	1024	1857	975	854
2303	1024	1024	2066	968	844
2559	1024	1024	2284	960	835
2815	1024	1024	2500	951	827
3071	1024	1024	2710	946	816
3327	1024	1024	2900	938	811
3583	1024	1024	3113	936	809
3839	1024	1024	3301	934	802
4095	1024	1024	3487	932	802
0	1280	1024	119	1216	875
256	1280	1024	333	1216	870
512	1280	1024	555	1231	881
768	1280	1024	787	1240	889
1024	1280	1024	1018	1241	889
1280	1280	1024	1231	1238	887
1536	1280	1024	1458	1226	874
1792	1280	1024	1669	1216	864
2048	1280	1024	1870	1206	855
2303	1280	1024	2080	1198	846
2559	1280	1024	2296	1189	836
2815	1280	1024	2512	1181	827
3071	1280	1024	2722	1171	821
3327	1280	1024	2910	1160	812
3583	1280	1024	3125	1159	811
3839	1280	1024	3311	1154	808
4095	1280	1024	3496	1153	804
0	1536	1024	135	1465	869
256	1536	1024	345	1466	860
512	1536	1024	566	1480	873
768	1536	1024	795	1489	879
1024	1536	1024	1023	1491	879
1280	1536	1024	1237	1489	874
1536	1536	1024	1470	1482	873
1792	1536	1024	1681	1474	863
2048	1536	1024	1882	1463	854
2303	1536	1024	2096	1455	846
2559	1536	1024	2313	1443	837
2815	1536	1024	2523	1433	827
3071	1536	1024	2732	1425	821
3327	1536	1024	2926	1415	811
3583	1536	1024	3132	1413	810
3839	1536	1024	3322	1408	808
4095	1536	1024	3510	1404	805
0	1792	1024	149	1700	864
256	1792	1024	357	1700	853
512	1792	1024	577	1717	865
768	1792	1024	805	1722	872
1024	1792	1024	1029	1723	871
1280	1792	1024	1242	1721	867
1536	1792	1024	1475	1717	866
1792	1792	1024	1693	1713	862
2048	1792	1024	1892	1704	853
2303	1792	1024	2105	1695	846
2559	1792	1024	2326	1687	839
2815	1792	1024	2542	1677	830
3071	1792	1024	2746	1667	822
3327	1792	1024	2942	1658	812
3583	1792	1024	3140	1650	810
3839	1792	1024	3341	1649	810
4095	1792	1024	3526	1648	806
0	2048	1024	163	1931	862
256	2048	1024	371	1928	848
512	2048	1024	590	1943	860
768	2048	1024	818	1950	865
1024	2048	1024	1039	1949	864
1280	2048	1024	1253	1944	860
1536	2048	1024	1484	1939	858
1792	2048	1024	1697	1937	856
2048	2048	1024	1909	1933	853
2303	2048	1024	2123	1925	846
2559	2048	1024	2344	1918	840
2815	2048	1024	2560	1909	831
3071	2048	1024	2763	1897	824
3327	2048	1024	2963	1888	816
3583	2048	1024	3164	1884	811
3839	2048	1024	3356	1881	809
4095	2048	1024	3541	1877	809
0	2303	1024	176	2182	861
256	2303	1024	382	2185	845
512	2303	1024	600	2199	855
768	2303	1024	825	2205	859
1024	2303	1024	1042	2203	859
1280	2303	1024	1257	2199	855
1536	2303	1024	1493	2197	853
1792	2303	1024	1703	2190	849
2048	2303	1024	1912	2192	848
2303	2303	1024	2130	2186	846
2559	2303	1024	2352	2173	839
2815	2303	1024	2562	2161	832
3071	2303	1024	2769	2150	822
3327	2303	1024	2974	2143	817
3583	2303	1024	3170	2138	812
3839	2303	1024	3368	2133	809
4095	2303	1024	3556	2133	809
0	2559	1024	189	2404	857
256	2559	1024	395	2411	839
512	2559	1024	613	2425	849
768	2559	1024	834	2430	853
1024	2559	1024	1049	2430	852
1280	2559	1024	1263	2428	849
1536	2559	1024	1491	2420	847
1792	2559	1024	1709	2421	844
2048	2559	1024	1917	2423	844
2303	2559	1024	2135	2417	841
2559	2559	1024	2361	2410	836
2815	2559	1024	2577	2402	831
3071	2559	1024	2781	2391	821
3327	2559	1024	2981	2383	815
3583	2559	1024	3182	2382	811
3839	2559	1024	3383	2380	810
4095	2559	1024	3572	2381	810
0	2815	1024	202	2632	851
256	2815	1024	406	2647	834
512	2815	1024	623	2663	842
768	2815	1024	844	2666	847
1024	2815	1024	1056	2665	845
1280	2815	1024	1271	2659	841
1536	2815	1024	1497	2652	839
1792	2815	1024	1714	2651	837
2048	2815	1024	1923	2652	835
2303	2815	1024	2139	2650	835
2559	2815	1024	2368	2640	832
2815	2815	1024	2585	2632	827
3071	2815	1024	2787	2622	820
3327	2815	1024	2988	2612	812
3583	2815	1024	3195	2608	810
3839	2815	1024	3394	2609	809
4095	2815	1024	3583	2612	811
0	3071	1024	214	2854	847
256	3071	1024	419	2879	828
512	3071	1024	634	2892	838
768	3071	1024	855	2894	841
1024	3071	1024	1064	2891	838
1280	3071	1024	1279	2886	835
1536	3071	1024	1504	2886	833
1792	3071	1024	1717	2889	832
2048	3071	1024	1926	2884	829
2303	3071	1024	2147	2892	828
2559	3071	1024	2376	2876	825
2815	3071	1024	2590	2878	822
3071	3071	1024	2794	2866	816
3327	3071	1024	3000	2860	810
3583	3071	1024	3205	2857	808
3839	3071	1024	3398	2857	808
4095	3071	1024	3588	2859	809
0	3327	1024	230	3096	824
256	3327	1024	433	3119	827
512	3327	1024	649	3130	835
768	3327	1024	868	3130	837
1024	3327	1024	1077	3126	837
1280	3327	1024	1294	3124	832
1536	3327	1024	1515	3122	829
1792	3327	1024	1732	3124	829
2048	3327	1024	1947	3132	828
2303	3327	1024	2159	3126	825
2559	3327	1024	2391	3116	824
2815	3327	1024	2602	3102	817
3071	3327	1024	2811	3095	814
3327	3327	1024	3021	3094	812
3583	3327	1024	3225	3094	811
3839	3327	1024	3421	3098	808
4095	3327	1024	3612	3102	808
0	3583	1024	245	3305	824
256	3583	1024	448	3330	833
512	3583	1024	662	3337	834
768	3583	1024	885	3346	836
1024	3583	1024	1093	3341	836
1280	3583	1024	1310	3339	833
1536	3583	1024	1532	3339	831
1792	3583	1024	1748	3339	829
2048	3583	1024	1960	3342	829
2303	3583	1024	2177	3335	825
2559	3583	1024	2414	3334	822
2815	3583	1024	2620	3319	819
3071	3583	1024	2822	3309	813
3327	3583	1024	3033	3308	812
3583	3583	1024	3242	3314	814
3839	3583	1024	3441	3318	813
4095	3583	1024	3636	3324	813
0	3839	1024	260	3531	825
256	3839	1024	465	3554	835
512	3839	1024	678	3576	835
768	3839	1024	900	3579	837
1024	3839	1024	1107	3571	836
1280	3839	1024	1328	3563	834
1536	3839	1024	1549	3561	832
1792	3839	1024	1765	3561	832
2048	3839	1024	1978	3558	829
2303	3839	1024	2195	3551	826
2559	3839	1024	2428	3547	822
2815	3839	1024	2635	3531	821
3071	3839	1024	2835	3521	814
3327	3839	1024	3055	3526	813
3583	3839	1024	3265	3531	814
3839	3839	1024	3463	3539	817
4095	3839	1024	3661	3548	817
0	4095	1024	277	3738	828
256	4095	1024	483	3766	837
512	4095	1024	697	3776	838
768	4095	1024	919	3773	838
1024	4095	1024	1124	3768	838
1280	4095	1024	1348	3767	835
1536	4095	1024	1570	3766	834
1792	4095	1024	1785	3768	834
2048	4095	1024	1998	3768	833
2303	4095	1024	2215	3763	829
2559	4095	1024	2441	3747	823
2815	4095	1024	2654	3739	819
3071	4095	1024	2860	3736	818
3327	4095	1024	3079	3739	815
3583	4095	1024	3287	3747	818
3839	4095	1024	3485	3755	819
4095	4095	1024	3684	3763	822
0	0	1280	54	6	1106
256	0	1280	271	6	1100
512	0	1280	488	7	1097
768	0	1280	712	7	1090
1024	0	1280	940	8	1086
1280	0	1280	1155	8	1077
1536	0	1280	1381	8	1069
1792	0	1280	1605	8	1060
2048	0	1280	1819	9	1053
2303	0	1280	2033	10	1048
2559	0	1280	2263	10	1043
2815	0	1280	2493	10	1034
3071	0	1280	2725	10	1026
3327	0	1280	2926	11	1019
3583	0	1280	3154	11	1020
3839	0	1280	3359	12	1018
4095	0	1280	3561	12	1018
0	256	1280	69	247	1104
256	256	1280	286	248	1098
512	256	1280	500	248	1103
768	256	1280	722	248	1102
1024	256	1280	951	247	1097
1280	256	1280	1158	245	1088
1536	256	1280	1375	242	1075
1792	256	1280	1589	241	1064
2048	256	1280	1792	238	1056
2303	256	1280	2000	238	1048
2559	256	1280	2223	235	1040
2815	256	1280	2433	233	1029
3071	256	1280	2643	230	1025
3327	256	1280	2830	228	1014
3583	256	1280	3044	228	1011
3839	256	1280	3239	228	1008
4095	256	1280	3428	228	1007
0	512	1280	84	493	1104
256	512	1280	303	494	1102
512	512	1280	526	498	1111
768	512	1280	750	498	1116
1024	512	1280	980	495	1112
1280	512	1280	1192	492	1101
1536	512	1280	1415	486	1088
1792	512	1280	1628	480	1078
2048	512	1280	1832	476	1067
2303	512	1280	2038	472	1058
2559	512	1280	2260	469	1049
2815	512	1280	2476	464	1040
3071	512	1280	2686	461	1032
3327	512	1280	2875	456	1024
3583	512	1280	3090	456	1022
3839	512	1280	3281	456	1017
4095	512	1280	3467	455	1015
0	768	1280	100	741	1106
256	768	1280	317	742	1100
512	768	1280	542	751	1114
768	768	1280	776	756	1119
1024	768	1280	1009	753	1117
1280	768	1280	1219	747	1104
1536	768	1280	1440	739	1098
1792	768	1280	1655	732	1088
2048	768	1280	1859	728	1075
2303	768	1280	2068	722	1067
2559	768	1280	2286	717	1057
2815	768	1280	2503	710	1048
3071	768	1280	2714	707	1038
3327	768	1280	2902	699	1032
3583	768	1280	3124	700	1031
3839	768	1280	3308	695	1023
4095	768	1280	3500	694	1021
0	1024	1280	117	995	1102
256	1024	1280	333	996	1097
512	1024	1280	557	1009	1112
768	1024	1280	793	1016	1122
1024	1024	1280	1033	1022	1123
1280	1024	1280	1244	1013	1116
1536	1024	1280	1469	1003	1103
1792	1024	1280	1681	996	1092
2048	1024	1280	1886	988	1081
2303	1024	1280	2098	981	1071
2559	1024	1280	2317	972	1060
2815	1024	1280	2534	964	1052
3071	1024	1280	2745	957	1044
3327	1024	1280	2934	950	1035
3583	1024	1280	3148	947	1033
3839	1024	1280	3336	945	1026
4095	1024	1280	3523	944	1025
0	1280	1280	131	1224	1097
256	1280	1280	346	1225	1091
512	1280	1280	569	1239	1105
768	1280	1280	804	1251	1116
1024	1280	1280	1041	1256	1120
1280	1280	1280	1258	1257	1114
1536	1280	1280	1488	1242	1107
1792	1280	1280	1699	1233	1096
2048	1280	1280	1900	1223	1085
2303	1280	1280	2114	1213	1074
2559	1280	1280	2332	1204	1066
2815	1280	1280	2549	1197	1056
3071	1280	1280	2762	1189	1049
3327	1280	1280	2953	1178	1037
3583	1280	1280	3163	1175	1034
3839	1280	1280	3348	1170	1028
4095	1280	1280	3536	1168	1027
0	1536	1280	146	1476	1089
256	1536	1280	358	1477	1082
512	1536	1280	580	1492	1097
768	1536	1280	813	1500	1105
1024	1536	1280	1045	1507	1111
1280	1536	1280	1266	1508	1108
1536	1536	1280	1502	1503	1105
1792	1536	1280	1711	1493	1095
2048	1536	1280	1912	1482	1085
2303	1536	1280	2129	1474	1074
2559	1536	1280	2348	1464	1066
2815	1536	1280	2561	1451	1055
3071	1536	1280	2767	1442	1048
3327	1536	1280	2960	1432	1036
3583	1536	1280	3166	1430	1033
3839	1536	1280	3364	1424	1032
4095	1536	1280	3557	1424	1029
0	1792	1280	160	1709	1082
256	1792	1280	371	1712	1076
512	1792	1280	592	1728	1090
768	1792	1280	823	1736	1097
1024	1792	1280	1052	1743	1101
1280	1792	1280	1270	1743	1100
1536	1792	1280	1507	1738	1095
1792	1792	1280	1723	1733	1091
2048	1792	1280	1924	1724	1082
2303	1792	1280	2139	1716	1073
2559	1792	1280	2362	1708	1066
2815	1792	1280	2580	1697	1056
3071	1792	1280	2785	1687	1048
3327	1792	1280	2981	1675	1038
3583	1792	1280	3181	1669	1033
3839	1792	1280	3382	1670	1031
4095	1792	1280	3566	1666	1029
0	2048	1280	174	1940	1080
256	2048	1280	384	1939	1070
512	2048	1280	607	1954	1082
768	2048	1280	836	1965	1089
1024	2048	1280	1061	1970	1093
1280	2048	1280	1278	1970	1092
1536	2048	1280	1510	1961	1087
1792	2048	1280	1727	1958	1085
2048	2048	1280	1940	1953	1080
2303	2048	1280	2158	1947	1073
2559	2048	1280	2380	1938	1066
2815	2048	1280	2591	1928	1057
3071	2048	1280	2798	1917	1047
3327	2048	1280	3002	1909	1039
3583	2048	1280	3200	1904	1033
3839	2048	1280	3391	1903	1030
4095	2048	1280	3579	1896	1029
0	2303	1280	187	2192	1077
256	2303	1280	396	2199	1066
512	2303	1280	616	2213	1076
768	2303	1280	844	2222	1081
1024	2303	1280	1066	2225	1086
1280	2303	1280	1287	2225	1085
1536	2303	1280	1519	2224	1081
1792	2303	1280	1732	2216	1076
2048	2303	1280	1945	2216	1075
2303	2303	1280	2163	2209	1071
2559	2303	1280	2387	2196	1064
2815	2303	1280	2597	2185	1055
3071	2303	1280	2805	2173	1045
3327	2303	1280	3008	2165	1038
3583	2303	1280	3207	2161	1032
3839	2303	1280	3406	2155	1030
4095	2303	1280	3602	2157	1030
0	2559	1280	202	2418	1069
256	2559	1280	409	2427	1059
512	2559	1280	628	2441	1069
768	2559	1280	854	2452	1074
1024	2559	1280	1072	2457	1077
1280	2559	1280	1291	2455	1076
1536	2559	1280	1521	2450	1073
1792	2559	1280	1741	2452	1069
2048	2559	1280	1946	2447	1068
2303	2559	1280	2167	2443	1067
2559	2559	1280	2397	2435	1061
2815	2559	1280	2613	2424	1054
3071	2559	1280	2814	2414	1041
3327	2559	1280	3016	2406	1034
3583	2559	1280	3221	2404	1030
3839	2559	1280	3421	2402	1028
4095	2559	1280	3611	2402	1029
0	2815	1280	213	2643	1061
256	2815	1280	419	2665	1052
512	2815	1280	638	2680	1061
768	2815	1280	862	2687	1066
1024	2815	1280	1079	2691	1069
1280	2815	1280	1298	2686	1068
1536	2815	1280	1525	2680	1064
1792	2815	1280	1745	2681	1063
2048	2815	1280	1953	2679	1061
2303	2815	1280	2171	2677	1059
2559	2815	1280	2405	2663	1055
2815	2815	1280	2622	2655	1049
3071	2815	1280	2821	2645	1040
3327	2815	1280	3024	2636	1029
3583	2815	1280	3229	2632	1027
3839	2815	1280	3427	2633	1026
4095	2815	1280	3618	2635	1027
0	3071	1280	226	2872	1038
256	3071	1280	431	2896	1045
512	3071	1280	648	2907	1054
768	3071	1280	873	2918	1059
1024	3071	1280	1089	2921	1061
1280	3071	1280	1306	2917	1060
1536	3071	1280	1530	2913	1057
1792	3071	1280	1748	2916	1056
2048	3071	1280	1959	2916	1053
2303	3071	1280	2178	2921	1051
2559	3071	1280	2409	2906	1046
2815	3071	1280	2625	2905	1042
3071	3071	1280	2831	2892	1035
3327	3071	1280	3040	2886	1029
3583	3071	1280	3244	2885	1025
3839	3071	1280	3439	2885	1024
4095	3071	1280	3627	2885	1024
0	3327	1280	241	3112	1038
256	3327	1280	447	3136	1044
512	3327	1280	664	3147	1051
768	3327	1280	888	3154	1055
1024	3327	1280	1101	3155	1057
1280	3327	1280	1321	3157	1055
1536	3327	1280	1543	3155	1053
1792	3327	1280	1762	3154	1052
2048	3327	1280	1978	3160	1050
2303	3327	1280	2190	3156	1046
2559	3327	1280	2427	3144	1046
2815	3327	1280	2637	3129	1036
3071	3327	1280	2847	3123	1032
3327	3327	1280	3055	3121	1030
3583	3327	1280	3260	3121	1028
3839	3327	1280	3458	3124	1026
4095	3327	1280	3652	3130	1025
0	3583	1280	257	3326	1038
256	3583	1280	462	3350	1048
512	3583	1280	678	3356	1050
768	3583	1280	904	3373	1054
1024	3583	1280	1115	3376	1056
1280	3583	1280	1337	3371	1054
1536	3583	1280	1560	3369	1053
1792	3583	1280	1776	3371	1051
2048	3583	1280	1989	3372	1049
2303	3583	1280	2209	3363	1045
2559	3583	1280	2445	3360	1041
2815	3583	1280	2653	3347	1037
3071	3583	1280	2857	3337	1030
3327	3583	1280	3066	3334	1028
3583	3583	1280	3280	3341	1030
3839	3583	1280	3477	3344	1029
4095	3583	1280	3673	3349	1030
0	3839	1280	272	3553	1039
256	3839	1280	479	3578	1051
512	3839	1280	695	3595	1053
768	3839	1280	920	3604	1054
1024	3839	1280	1130	3602	1056
1280	3839	1280	1356	3599	1055
1536	3839	1280	1579	3596	1054
1792	3839	1280	1793	3592	1052
2048	3839	1280	2007	3589	1049
2303	3839	1280	2227	3583	1046
2559	3839	1280	2460	3577	1040
2815	3839	1280	2666	3562	1035
3071	3839	1280	2871	3551	1031
3327	3839	1280	3095	3558	1030
3583	3839	1280	3301	3559	1030
3839	3839	1280	3499	3566	1033
4095	3839	1280	3695	3572	1034
0	4095	1280	290	3766	1044
256	4095	1280	498	3787	1054
512	4095	1280	714	3796	1057
768	4095	1280	939	3802	1057
1024	4095	1280	1149	3805	1058
1280	4095	1280	1375	3801	1056
1536	4095	1280	1597	3799	1055
1792	4095	1280	1814	3800	1054
2048	4095	1280	2027	3800	1052
2303	4095	1280	2246	3793	1048
2559	4095	1280	2472	3775	1041
2815	4095	1280	2686	3770	1036
3071	4095	1280	2892	3764	1033
3327	4095	1280	3117	3770	1033
3583	4095	1280	3324	3776	1035
3839	4095	1280	3522	3781	1036
4095	4095	1280	3719	3792	1038
0	0	1536	64	7	1322
256	0	1536	284	8	1310
512	0	1536	501	8	1306
768	0	1536	726	9	1301
1024	0	1536	955	9	1296
1280	0	1536	1172	9	1293
1536	0	1536	1399	9	1285
1792	0	1536	1625	10	1274
2048	0	1536	1840	10	1264
2303	0	1536	2058	11	1257
2559	0	1536	2289	11	1251
2815	0	1536	2515	11	1240
3071	0	1536	2747	11	1231
3327	0	1536	2952	12	1224
3583	0	1536	3179	12	1222
3839	0	1536	3384	13	1218
4095	0	1536	3592	13	1219
0	256	1536	79	248	1321
256	256	1536	295	248	1311
512	256	1536	510	249	1323
768	256	1536	733	249	1322
1024	256	1536	959	248	1315
1280	256	1536	1171	248	1310
1536	256	1536	1395	246	1298
1792	256	1536	1611	244	1287
2048	256	1536	1814	241	1276
2303	256	1536	2021	241	1266
2559	256	1536	2244	239	1257
2815	256	1536	2461	237	1244
3071	256	1536	2665	234	1237
3327	256	1536	2860	232	1228
3583	256	1536	3074	233	1226
3839	256	1536	3267	232	1220
4095	256	1536	3458	232	1218
0	512	1536	95	495	1315
256	512	1536	313	493	1314
512	512	1536	538	501	1328
768	512	1536	764	498	1334
1024	512	1536	992	497	1329
1280	512	1536	1206	495	1322
1536	512	1536	1434	490	1309
1792	512	1536	1649	485	1299
2048	512	1536	1851	481	1287
2303	512	1536	2062	477	1277
2559	512	1536	2286	474	1267
2815	512	1536	2502	468	1256
3071	512	1536	2710	466	1248
3327	512	1536	2904	462	1236
3583	512	1536	3116	462	1236
3839	512	1536	3310	460	1231
4095	512	1536	3500	460	1226
0	768	1536	110	743	1321
256	768	1536	328	743	1314
512	768	1536	553	751	1332
768	768	1536	786	756	1337
1024	768	1536	1017	753	1338
1280	768	1536	1233	752	1336
1536	768	1536	1461	745	1321
1792	768	1536	1677	738	1310
2048	768	1536	1880	734	1297
2303	768	1536	2092	730	1288
2559	768	1536	2314	724	1277
2815	768	1536	2530	718	1266
3071	768	1536	2738	714	1256
3327	768	1536	2928	708	1246
3583	768	1536	3146	705	1243
3839	768	1536	3334	702	1237
4095	768	1536	3528	701	1235
0	1024	1536	127	998	1316
256	1024	1536	343	999	1310
512	1024	1536	568	1011	1329
768	1024	1536	803	1018	1339
1024	1024	1536	1042	1024	1341
1280	1024	1536	1261	1021	1339
1536	1024	1536	1489	1012	1326
1792	1024	1536	1702	1002	1313
2048	1024	1536	1908	995	1301
2303	1024	1536	2122	989	1296
2559	1024	1536	2343	979	1286
2815	1024	1536	2559	972	1276
3071	1024	1536	2765	967	1266
3327	1024	1536	2960	959	1255
3583	1024	1536	3173	955	1248
3839	1024	1536	3361	952	1243
4095	1024	1536	3555	951	1242
0	1280	1536	142	1233	1314
256	1280	1536	358	1234	1309
512	1280	1536	582	1248	1326
768	1280	1536	819	1259	1336
1024	1280	1536	1058	1264	1345
1280	1280	1536	1281	1269	1345
1536	1280	1536	1513	1258	1336
1792	1280	1536	1728	1247	1323
2048	1280	1536	1927	1235	1310
2303	1280	1536	2145	1229	1300
2559	1280	1536	2366	1220	1290
2815	1280	1536	2583	1209	1280
3071	1280	1536	2793	1201	1269
3327	1280	1536	2986	1191	1258
3583	1280	1536	3193	1188	1251
3839	1280	1536	3387	1187	1247
4095	1280	1536	3576	1183	1246
0	1536	1536	157	1487	1306
256	1536	1536	373	1490	1304
512	1536	1536	597	1503	1318
768	1536	1536	829	1510	1327
1024	1536	1536	1063	1520	1335
1280	1536	1536	1289	1524	1339
1536	1536	1536	1531	1524	1334
1792	1536	1536	1746	1511	1324
2048	1536	1536	1946	1502	1313
2303	1536	1536	2162	1493	1302
2559	1536	1536	2384	1482	1293
2815	1536	1536	2597	1469	1283
3071	1536	1536	2801	1459	1272
3327	1536	1536	2999	1450	1261
3583	1536	1536	3208	1445	1255
3839	1536	1536	3402	1439	1250
4095	1536	1536	3602	1443	1249
0	1792	1536	172	1721	1302
256	1792	1536	384	1727	1298
512	1792	1536	609	1740	1311
768	1792	1536	842	1748	1317
1024	1792	1536	1072	1756	1324
1280	1792	1536	1297	1759	1328
1536	1792	1536	1539	1759	1324
1792	1792	1536	1756	1758	1321
2048	1792	1536	1962	1745	1313
2303	1792	1536	2174	1738	1302
2559	1792	1536	2399	1729	1292
2815	1792	1536	2619	1719	1282
3071	1792	1536	2823	1707	1272
3327	1792	1536	3023	1697	1263
3583	1792	1536	3227	1693	1257
3839	1792	1536	3427	1691	1253
4095	1792	1536	3611	1687	1250
0	2048	1536	185	1949	1298
256	2048	1536	398	1954	1293
512	2048	1536	622	1970	1304
768	2048	1536	853	1980	1308
1024	2048	1536	1079	1985	1315
1280	2048	1536	1304	1987	1318
1536	2048	1536	1540	1983	1316
1792	2048	1536	1762	1978	1312
2048	2048	1536	1971	1978	1310
2303	2048	1536	2193	1970	1303
2559	2048	1536	2414	1958	1294
2815	2048	1536	2624	1949	1283
3071	2048	1536	2833	1939	1270
3327	2048	1536	3040	1930	1262
3583	2048	1536	3238	1924	1256
3839	2048	1536	3431	1922	1251
4095	2048	1536	3622	1917	1250
0	2303	1536	199	2207	1292
256	2303	1536	410	2216	1288
512	2303	1536	633	2227	1297
768	2303	1536	862	2236	1303
1024	2303	1536	1088	2245	1308
1280	2303	1536	1312	2250	1311
1536	2303	1536	1545	2247	1309
1792	2303	1536	1761	2241	1303
2048	2303	1536	1978	2239	1304
2303	2303	1536	2200	2236	1299
2559	2303	1536	2425	2223	1292
2815	2303	1536	2636	2206	1280
3071	2303	1536	2842	2197	1269
3327	2303	1536	3045	2189	1260
3583	2303	1536	3245	2182	1254
3839	2303	1536	3446	2176	1252
4095	2303	1536	3642	2179	1254
0	2559	1536	214	2433	1283
256	2559	1536	422	2443	1279
512	2559	1536	644	2457	1289
768	2559	1536	872	2465	1295
1024	2559	1536	1094	2474	1301
1280	2559	1536	1318	2478	1304
1536	2559	1536	1551	2477	1300
1792	2559	1536	1771	2478	1296
2048	2559	1536	1978	2471	1296
2303	2559	1536	2203	2471	1294
2559	2559	1536	2434	2462	1285
2815	2559	1536	2648	2447	1277
3071	2559	1536	2847	2438	1264
3327	2559	1536	3052	2430	1257
3583	2559	1536	3261	2427	1253
3839	2559	1536	3462	2426	1251
4095	2559	1536	3654	2426	1252
0	2815	1536	225	2655	1273
256	2815	1536	433	2684	1273
512	2815	1536	654	2700	1282
768	2815	1536	879	2707	1287
1024	2815	1536	1099	2712	1292
1280	2815	1536	1324	2712	1295
1536	2815	1536	1555	2710	1292
1792	2815	1536	1776	2713	1288
2048	2815	1536	1986	2711	1288
2303	2815	1536	2210	2705	1284
2559	2815	1536	2440	2691	1279
2815	2815	1536	2656	2681	1271
3071	2815	1536	2858	2671	1261
3327	2815	1536	3063	2662	1251
3583	2815	1536	3270	2658	1249
3839	2815	1536	3466	2659	1248
4095	2815	1536	3655	2659	1249
0	3071	1536	239	2892	1258
256	3071	1536	447	2917	1266
512	3071	1536	664	2929	1273
768	3071	1536	890	2939	1279
1024	3071	1536	1108	2944	1284
1280	3071	1536	1333	2947	1286
1536	3071	1536	1559	2947	1284
1792	3071	1536	1779	2947	1282
2048	3071	1536	1994	2950	1279
2303	3071	1536	2212	2952	1277
2559	3071	1536	2444	2942	1270
2815	3071	1536	2659	2933	1264
3071	3071	1536	2869	2919	1256
3327	3071	1536	3078	2914	1251
3583	3071	1536	3284	2912	1248
3839	3071	1536	3479	2912	1247
4095	3071	1536	3668	2912	1247
0	3327	1536	253	3131	1257
256	3327	1536	461	3155	1269
512	3327	1536	680	3167	1273
768	3327	1536	907	3178	1277
1024	3327	1536	1124	3184	1280
1280	3327	1536	1350	3188	1283
1536	3327	1536	1576	3189	1282
1792	3327	1536	1794	3189	1280
2048	3327	1536	2009	3191	1276
2303	3327	1536	2226	3184	1273
2559	3327	1536	2463	3175	1267
2815	3327	1536	2671	3156	1258
3071	3327	1536	2884	3151	1255
3327	3327	1536	3088	3149	1252
3583	3327	1536	3297	3149	1250
3839	3327	1536	3500	3153	1248
4095	3327	1536	3695	3160	1249
0	3583	1536	268	3351	1255
256	3583	1536	477	3372	1268
512	3583	1536	693	3378	1271
768	3583	1536	921	3392	1276
1024	3583	1536	1137	3405	1279
1280	3583	1536	1363	3402	1280
1536	3583	1536	1590	3403	1281
1792	3583	1536	1806	3405	1278
2048	3583	1536	2020	3402	1275
2303	3583	1536	2243	3393	1271
2559	3583	1536	2477	3388	1266
2815	3583	1536	2687	3376	1261
3071	3583	1536	2893	3367	1253
3327	3583	1536	3106	3365	1251
3583	3583	1536	3320	3372	1253
3839	3583	1536	3520	3376	1254
4095	3583	1536	3715	3379	1253
0	3839	1536	286	3582	1260
256	3839	1536	494	3608	1271
512	3839	1536	712	3616	1274
768	3839	1536	940	3624	1278
1024	3839	1536	1153	3630	1281
1280	3839	1536	1384	3635	1282
1536	3839	1536	1609	3633	1281
1792	3839	1536	1824	3627	1279
2048	3839	1536	2037	3620	1277
2303	3839	1536	2261	3616	1274
2559	3839	1536	2492	3608	1266
2815	3839	1536	2699	3596	1260
3071	3839	1536	2908	3585	1256
3327	3839	1536	3135	3592	1254
3583	3839	1536	3343	3594	1256
3839	3839	1536	3542	3599	1258
4095	3839	1536	3738	3603	1259
0	4095	1536	303	3797	1267
256	4095	1536	512	3815	1276
512	4095	1536	732	3824	1280
768	4095	1536	959	3829	1282
1024	4095	1536	1174	3838	1284
1280	4095	1536	1403	3839	1284
1536	4095	1536	1626	3835	1284
1792	4095	1536	1844	3835	1283
2048	4095	1536	2060	3835	1281
2303	4095	1536	2280	3827	1276
2559	4095	1536	2506	3809	1268
2815	4095	1536	2721	3802	1261
3071	4095	1536	2925	3794	1257
3327	4095	1536	3154	3804	1260
3583	4095	1536	3364	3809	1258
3839	4095	1536	3562	3816	1262
4095	4095	1536	3762	3827	1263
0	0	1792	75	8	1586
256	0	1792	295	9	1563
512	0	1792	515	9	1560
768	0	1792	741	10	1557
1024	0	1792	970	9	1547
1280	0	1792	1190	10	1539
1536	0	1792	1422	10	1536
1792	0	1792	1651	11	1528
2048	0	1792	1866	11	1516
2303	0	1792	2086	12	1507
2559	0	1792	2322	12	1502
2815	0	1792	2547	12	1491
3071	0	1792	2779	12	1481
3327	0	1792	2979	13	1472
3583	0	1792	3207	13	1465
3839	0	1792	3419	14	1459
4095	0	1792	3635	14	1460
0	256	1792	90	251	1581
256	256	1792	307	250	1567
512	256	1792	521	250	1583
768	256	1792	746	251	1575
1024	256	1792	970	250	1570
1280	256	1792	1184	250	1562
1536	256	1792	1417	249	1559
1792	256	1792	1636	248	1548
2048	256	1792	1839	247	1537
2303	256	1792	2049	245	1527
2559	256	1792	2272	243	1518
2815	256	1792	2489	240	1507
3071	256	1792	2695	238	1498
3327	256	1792	2897	236	1484
3583	256	1792	3095	236	1480
3839	256	1792	3298	236	1476
4095	256	1792	3494	236	1474
0	512	1792	105	497	1578
256	512	1792	324	494	1571
512	512	1792	547	501	1584
768	512	1792	774	498	1591
1024	512	1792	1002	496	1583
1280	512	1792	1215	495	1577
1536	512	1792	1451	495	1575
1792	512	1792	1670	491	1559
2048	512	1792	1878	487	1546
2303	512	1792	2092	483	1537
2559	512	1792	2312	479	1527
2815	512	1792	2527	475	1516
3071	512	1792	2746	473	1506
3327	512	1792	2942	468	1494
3583	512	1792	3142	470	1488
3839	512	1792	3341	467	1482
4095	512	1792	3534	467	1480
0	768	1792	122	746	1578
256	768	1792	339	744	1574
512	768	1792	564	753	1582
768	768	1792	799	758	1591
1024	768	1792	1030	755	1599
1280	768	1792	1243	755	1592
1536	768	1792	1482	751	1585
1792	768	1792	1695	747	1568
2048	768	1792	1904	742	1556
2303	768	1792	2119	737	1547
2559	768	1792	2338	731	1537
2815	768	1792	2556	728	1526
3071	768	1792	2774	722	1513
3327	768	1792	2971	717	1504
3583	768	1792	3173	712	1494
3839	768	1792	3366	712	1492
4095	768	1792	3556	708	1492
0	1024	1792	137	1002	1573
256	1024	1792	353	1002	1568
512	1024	1792	580	1012	1584
768	1024	1792	816	1020	1594
1024	1024	1792	1052	1026	1601
1280	1024	1792	1268	1022	1594
1536	1024	1792	1513	1020	1588
1792	1024	1792	1720	1011	1577
2048	1024	1792	1930	1002	1565
2303	1024	1792	2148	995	1554
2559	1024	1792	2368	988	1544
2815	1024	1792	2585	982	1533
3071	1024	1792	2796	974	1520
3327	1024	1792	2996	968	1510
3583	1024	1792	3205	967	1503
3839	1024	1792	3396	962	1498
4095	1024	1792	3590	962	1495
0	1280	1792	153	1239	1567
256	1280	1792	368	1240	1564
512	1280	1792	593	1253	1580
768	1280	1792	830	1261	1591
1024	1280	1792	1065	1266	1600
1280	1280	1792	1293	1271	1604
1536	1280	1792	1535	1265	1598
1792	1280	1792	1746	1256	1580
2048	1280	1792	1954	1248	1569
2303	1280	1792	2170	1238	1556
2559	1280	1792	2393	1230	1546
2815	1280	1792	2612	1220	1535
3071	1280	1792	2817	1210	1525
3327	1280	1792	3018	1202	1519
3583	1280	1792	3225	1200	1511
3839	1280	1792	3426	1198	1504
4095	1280	1792	3613	1196	1504
0	1536	1792	169	1497	1565
256	1536	1792	385	1502	1565
512	1536	1792	612	1515	1581
768	1536	1792	849	1522	1590
1024	1536	1792	1083	1531	1596
1280	1536	1792	1310	1534	1602
1536	1536	1792	1556	1539	1602
1792	1536	1792	1771	1525	1585
2048	1536	1792	1979	1518	1576
2303	1536	1792	2193	1511	1562
2559	1536	1792	2415	1501	1551
2815	1536	1792	2631	1487	1540
3071	1536	1792	2839	1476	1528
3327	1536	1792	3046	1470	1521
3583	1536	1792	3244	1461	1513
3839	1536	1792	3441	1457	1506
4095	1536	1792	3643	1460	1506
0	1792	1792	183	1740	1555
256	1792	1792	399	1745	1556
512	1792	1792	625	1755	1568
768	1792	1792	858	1762	1575
1024	1792	1792	1088	1769	1581
1280	1792	1792	1318	1776	1587
1536	1792	1792	1565	1778	1589
1792	1792	1792	1782	1775	1585
2048	1792	1792	1994	1765	1577
2303	1792	1792	2210	1757	1565
2559	1792	1792	2434	1748	1553
2815	1792	1792	2650	1737	1540
3071	1792	1792	2858	1727	1527
3327	1792	1792	3066	1720	1520
3583	1792	1792	3271	1715	1513
3839	1792	1792	3466	1710	1509
4095	1792	1792	3658	1712	1507
0	2048	1792	197	1964	1549
256	2048	1792	413	1973	1551
512	2048	1792	640	1987	1561
768	2048	1792	872	1994	1568
1024	2048	1792	1102	1999	1575
1280	2048	1792	1332	2005	1579
1536	2048	1792	1571	2004	1580
1792	2048	1792	1794	2004	1579
2048	2048	1792	2007	2005	1576
2303	2048	1792	2227	1996	1569
2559	2048	1792	2446	1980	1555
2815	2048	1792	2661	1971	1541
3071	2048	1792	2868	1959	1526
3327	2048	1792	3072	1949	1515
3583	2048	1792	3278	1947	1511
3839	2048	1792	3474	1945	1508
4095	2048	1792	3671	1941	1509
0	2303	1792	211	2222	1542
256	2303	1792	424	2230	1543
512	2303	1792	649	2242	1553
768	2303	1792	881	2251	1560
1024	2303	1792	1106	2261	1565
1280	2303	1792	1335	2268	1569
1536	2303	1792	1572	2273	1570
1792	2303	1792	1794	2269	1569
2048	2303	1792	2009	2267	1568
2303	2303	1792	2238	2263	1562
2559	2303	1792	2459	2245	1550
2815	2303	1792	2674	2230	1537
3071	2303	1792	2877	2220	1525
3327	2303	1792	3081	2211	1516
3583	2303	1792	3288	2204	1512
3839	2303	1792	3486	2198	1509
4095	2303	1792	3682	2200	1511
0	2559	1792	225	2444	1529
256	2559	1792	435	2464	1535
512	2559	1792	658	2478	1542
768	2559	1792	887	2484	1548
1024	2559	1792	1111	2491	1554
1280	2559	1792	1342	2497	1559
1536	2559	1792	1579	2501	1559
1792	2559	1792	1799	2501	1556
2048	2559	1792	2009	2495	1555
2303	2559	1792	2237	2496	1552
2559	2559	1792	2467	2484	1540
2815	2559	1792	2682	2473	1532
3071	2559	1792	2885	2464	1519
3327	2559	1792	3092	2458	1513
3583	2559	1792	3304	2454	1511
3839	2559	1792	3508	2455	1509
4095	2559	1792	3695	2452	1508
0	2815	1792	237	2678	1516
256	2815	1792	450	2706	1527
512	2815	1792	671	2718	1535
768	2815	1792	898	2723	1538
1024	2815	1792	1118	2726	1541
1280	2815	1792	1348	2733	1546
1536	2815	1792	1584	2738	1548
1792	2815	1792	1804	2738	1545
2048	2815	1792	2016	2736	1545
2303	2815	1792	2242	2729	1540
2559	2815	1792	2474	2717	1535
2815	2815	1792	2686	2704	1527
3071	2815	1792	2892	2696	1516
3327	2815	1792	3102	2688	1507
3583	2815	1792	3313	2686	1506
3839	2815	1792	3511	2686	1507
4095	2815	1792	3697	2683	1506
0	3071	1792	251	2913	1508
256	3071	1792	462	2939	1518
512	3071	1792	684	2950	1525
768	3071	1792	909	2955	1531
1024	3071	1792	1125	2958	1534
1280	3071	1792	1357	2971	1539
1536	3071	1792	1591	2979	1541
1792	3071	1792	1812	2980	1537
2048	3071	1792	2026	2981	1534
2303	3071	1792	2245	2976	1531
2559	3071	1792	2479	2969	1522
2815	3071	1792	2688	2954	1516
3071	3071	1792	2903	2946	1510
3327	3071	1792	3117	2943	1507
3583	3071	1792	3323	2942	1504
3839	3071	1792	3519	2941	1504
4095	3071	1792	3712	2943	1505
0	3327	1792	266	3153	1508
256	3327	1792	476	3185	1520
512	3327	1792	697	3197	1524
768	3327	1792	927	3206	1527
1024	3327	1792	1144	3212	1533
1280	3327	1792	1374	3217	1538
1536	3327	1792	1605	3222	1539
1792	3327	1792	1826	3222	1535
2048	3327	1792	2040	3218	1532
2303	3327	1792	2262	3208	1528
2559	3327	1792	2496	3203	1523
2815	3327	1792	2708	3187	1513
3071	3327	1792	2920	3182	1509
3327	3327	1792	3128	3180	1508
3583	3327	1792	3339	3182	1507
3839	3327	1792	3541	3185	1506
4095	3327	1792	3736	3191	1507
0	3583	1792	283	3380	1508
256	3583	1792	492	3404	1521
512	3583	1792	711	3418	1523
768	3583	1792	943	3421	1529
1024	3583	1792	1160	3431	1531
1280	3583	1792	1390	3434	1535
1536	3583	1792	1620	3437	1536
1792	3583	1792	1837	3439	1533
2048	3583	1792	2052	3434	1530
2303	3583	1792	2277	3426	1527
2559	3583	1792	2510	3418	1519
2815	3583	1792	2725	3410	1514
3071	3583	1792	2933	3401	1509
3327	3583	1792	3150	3400	1509
3583	3583	1792	3365	3407	1510
3839	3583	1792	3564	3410	1513
4095	3583	1792	3759	3410	1513
0	3839	1792	299	3616	1514
256	3839	1792	509	3635	1524
512	3839	1792	728	3640	1526
768	3839	1792	960	3650	1531
1024	3839	1792	1176	3658	1533
1280	3839	1792	1411	3666	1537
1536	3839	1792	1637	3671	1538
1792	3839	1792	1852	3663	1535
2048	3839	1792	2069	3654	1532
2303	3839	1792	2296	3648	1529
2559	3839	1792	2525	3639	1521
2815	3839	1792	2735	3628	1515
3071	3839	1792	2946	3618	1511
3327	3839	1792	3175	3624	1511
3583	3839	1792	3384	3627	1515
3839	3839	1792	3586	3634	1517
4095	3839	1792	3778	3637	1517
0	4095	1792	316	3828	1519
256	4095	1792	529	3846	1528
512	4095	1792	750	3848	1530
768	4095	1792	979	3856	1536
1024	4095	1792	1194	3863	1536
1280	4095	1792	1430	3875	1539
1536	4095	1792	1654	3871	1540
1792	4095	1792	1873	3869	1540
2048	4095	1792	2092	3870	1538
2303	4095	1792	2315	3861	1532
2559	4095	1792	2541	3844	1524
2815	4095	1792	2755	3835	1515
3071	4095	1792	2965	3830	1512
3327	4095	1792	3191	3841	1514
3583	4095	1792	3400	3842	1515
3839	4095	1792	3601	3851	1519
4095	4095	1792	3800	3859	1520
0	0	2048	87	9	1828
256	0	2048	310	10	1819
512	0	2048	531	10	1810
768	0	2048	758	11	1806
1024	0	2048	993	10	1805
1280	0	2048	1213	11	1802
1536	0	2048	1445	11	1798
1792	0	2048	1675	12	1792
2048	0	2048	1895	12	1794
2303	0	2048	2119	13	1793
2559	0	2048	2358	14	1780
2815	0	2048	2585	14	1772
3071	0	2048	2816	14	1760
3327	0	2048	3012	14	1758
3583	0	2048	3247	15	1765
3839	0	2048	3458	15	1769
4095	0	2048	3678	16	1779
0	256	2048	101	256	1794
256	256	2048	318	253	1785
512	256	2048	535	254	1782
768	256	2048	759	253	1776
1024	256	2048	986	253	1776
1280	256	2048	1201	253	1768
1536	256	2048	1435	252	1763
1792	256	2048	1661	251	1757
2048	256	2048	1871	251	1748
2303	256	2048	2084	249	1734
2559	256	2048	2302	248	1717
2815	256	2048	2515	246	1703
3071	256	2048	2728	244	1689
3327	256	2048	2925	241	1687
3583	256	2048	3136	242	1685
3839	256	2048	3339	241	1684
4095	256	2048	3539	241	1683
0	512	2048	116	502	1788
256	512	2048	336	498	1814
512	512	2048	562	505	1805
768	512	2048	791	502	1797
1024	512	2048	1019	499	1792
1280	512	2048	1230	499	1791
1536	512	2048	1469	499	1784
1792	512	2048	1695	496	1782
2048	512	2048	1904	493	1769
2303	512	2048	2118	492	1755
2559	512	2048	2340	488	1738
2815	512	2048	2558	483	1724
3071	512	2048	2772	479	1709
3327	512	2048	2962	475	1703
3583	512	2048	3186	477	1702
3839	512	2048	3381	476	1701
4095	512	2048	3579	475	1702
0	768	2048	132	751	1784
256	768	2048	351	749	1805
512	768	2048	578	758	1822
768	768	2048	813	762	1811
1024	768	2048	1041	759	1803
1280	768	2048	1257	759	1802
1536	768	2048	1496	756	1800
1792	768	2048	1723	755	1792
2048	768	2048	1931	750	1780
2303	768	2048	2145	748	1765
2559	768	2048	2367	742	1749
2815	768	2048	2588	734	1736
3071	768	2048	2800	729	1720
3327	768	2048	2993	722	1713
3583	768	2048	3208	721	1708
3839	768	2048	3409	722	1707
4095	768	2048	3604	722	1709
0	1024	2048	148	1010	1822
256	1024	2048	367	1009	1786
512	1024	2048	593	1018	1810
768	1024	2048	828	1025	1822
1024	1024	2048	1063	1028	1814
1280	1024	2048	1284	1027	1811
1536	1024	2048	1521	1022	1811
1792	1024	2048	1745	1017	1802
2048	1024	2048	1953	1014	1790
2303	1024	2048	2172	1010	1775
2559	1024	2048	2396	1002	1760
2815	1024	2048	2618	992	1745
3071	1024	2048	2826	985	1730
3327	1024	2048	3021	976	1723
3583	1024	2048	3228	974	1717
3839	1024	2048	3428	972	1716
4095	1024	2048	3632	974	1716
0	1280	2048	164	1248	1823
256	1280	2048	380	1248	1787
512	1280	2048	608	1259	1806
768	1280	2048	845	1266	1816
1024	1280	2048	1079	1272	1824
1280	1280	2048	1308	1276	1816
1536	1280	2048	1547	1271	1813
1792	1280	2048	1770	1264	1812
2048	1280	2048	1979	1260	1795
2303	1280	2048	2200	1254	1786
2559	1280	2048	2423	1240	1764
2815	1280	2048	2639	1228	1754
3071	1280	2048	2844	1222	1737
3327	1280	2048	3045	1215	1731
3583	1280	2048	3258	1212	1725
3839	1280	2048	3454	1208	1728
4095	1280	2048	3656	1210	1728
0	1536	2048	180	1506	1823
256	1536	2048	398	1512	1782
512	1536	2048	624	1522	1805
768	1536	2048	859	1527	1812
1024	1536	2048	1092	1534	1820
1280	1536	2048	1323	1541	1827
1536	1536	2048	1573	1546	1824
1792	1536	2048	1793	1541	1824
2048	1536	2048	2001	1532	1814
2303	1536	2048	2223	1525	1797
2559	1536	2048	2445	1512	1787
2815	1536	2048	2662	1503	1765
3071	1536	2048	2871	1493	1756
3327	1536	2048	3075	1482	1737
3583	1536	2048	3281	1477	1734
3839	1536	2048	3483	1479	1734
4095	1536	2048	3680	1473	1734
0	1792	2048	196	1751	1824
256	1792	2048	413	1756	1784
512	1792	2048	643	1768	1801
768	1792	2048	878	1775	1813
1024	1792	2048	1108	1780	1819
1280	1792	2048	1341	1788	1828
1536	1792	2048	1586	1794	1829
1792	1792	2048	1814	1796	1822
2048	1792	2048	2030	1788	1821
2303	1792	2048	2245	1778	1803
2559	1792	2048	2470	1768	1792
2815	1792	2048	2685	1757	1771
3071	1792	2048	2892	1744	1758
3327	1792	2048	3097	1736	1746
3583	1792	2048	3306	1732	1739
3839	1792	2048	3515	1734	1736
4095	1792	2048	3702	1729	1736
0	2048	2048	212	1981	1819
256	2048	2048	427	1990	1779
512	2048	2048	655	2000	1799
768	2048	2048	888	2008	1806
1024	2048	2048	1118	2017	1815
1280	2048	2048	1350	2023	1823
1536	2048	2048	1594	2026	1826
1792	2048	2048	1826	2027	1828
2048	2048	2048	2042	2031	1819
2303	2048	2048	2259	2015	1817
2559	2048	2048	2482	2001	1797
2815	2048	2048	2694	1991	1785
3071	2048	2048	2903	1980	1766
3327	2048	2048	3113	1971	1750
3583	2048	2048	3321	1970	1745
3839	2048	2048	3523	1970	1743
4095	2048	2048	3716	1965	1738
0	2303	2048	224	2232	1826
256	2303	2048	438	2254	1774
512	2303	2048	664	2270	1791
768	2303	2048	896	2279	1798
1024	2303	2048	1124	2284	1806
1280	2303	2048	1357	2286	1809
1536	2303	2048	1596	2290	1812
1792	2303	2048	1824	2291	1819
2048	2303	2048	2042	2291	1816
2303	2303	2048	2264	2279	1814
2559	2303	2048	2495	2268	1796
2815	2303	2048	2707	2252	1782
3071	2303	2048	2913	2243	1763
3327	2303	2048	3119	2236	1751
3583	2303	2048	3328	2230	1743
3839	2303	2048	3535	2227	1740
4095	2303	2048	3728	2227	1740
0	2559	2048	237	2468	1756
256	2559	2048	451	2491	1756
512	2559	2048	676	2501	1775
768	2559	2048	907	2509	1783
1024	2559	2048	1134	2515	1790
1280	2559	2048	1368	2523	1797
1536	2559	2048	1607	2530	1799
1792	2559	2048	1833	2531	1802
2048	2559	2048	2045	2523	1802
2303	2559	2048	2271	2521	1787
2559	2559	2048	2505	2510	1785
2815	2559	2048	2715	2497	1778
3071	2559	2048	2921	2489	1759
3327	2559	2048	3136	2484	1749
3583	2559	2048	3346	2478	1739
3839	2559	2048	3541	2474	1742
4095	2559	2048	3732	2473	1741
0	2815	2048	250	2710	1748
256	2815	2048	464	2728	1748
512	2815	2048	688	2736	1767
768	2815	2048	918	2744	1774
1024	2815	2048	1139	2749	1780
1280	2815	2048	1371	2757	1785
1536	2815	2048	1611	2766	1788
1792	2815	2048	1837	2769	1798
2048	2815	2048	2049	2762	1790
2303	2815	2048	2276	2755	1783
2559	2815	2048	2510	2741	1783
2815	2815	2048	2724	2731	1769
3071	2815	2048	2932	2725	1756
3327	2815	2048	3147	2718	1741
3583	2815	2048	3359	2716	1743
3839	2815	2048	3556	2713	1734
4095	2815	2048	3746	2710	1737
0	3071	2048	264	2949	1737
256	3071	2048	476	2964	1754
512	3071	2048	699	2975	1754
768	3071	2048	930	2984	1760
1024	3071	2048	1148	2996	1767
1280	3071	2048	1383	3001	1775
1536	3071	2048	1620	3010	1774
1792	3071	2048	1844	3013	1784
2048	3071	2048	2058	3006	1775
2303	3071	2048	2280	3007	1771
2559	3071	2048	2514	2993	1762
2815	3071	2048	2727	2984	1762
3071	3071	2048	2937	2976	1755
3327	3071	2048	3156	2972	1739
3583	3071	2048	3369	2974	1735
3839	3071	2048	3563	2975	1736
4095	3071	2048	3754	2974	1734
0	3327	2048	280	3192	1729
256	3327	2048	494	3215	1745
512	3327	2048	715	3219	1745
768	3327	2048	946	3224	1753
1024	3327	2048	1166	3234	1760
1280	3327	2048	1399	3245	1763
1536	3327	2048	1633	3253	1766
1792	3327	2048	1855	3253	1772
2048	3327	2048	2071	3247	1767
2303	3327	2048	2292	3236	1763
2559	3327	2048	2528	3224	1749
2815	3327	2048	2744	3216	1742
3071	3327	2048	2958	3211	1742
3327	3327	2048	3176	3212	1737
3583	3327	2048	3381	3210	1734
3839	3327	2048	3576	3210	1735
4095	3327	2048	3773	3214	1737
0	3583	2048	296	3410	1734
256	3583	2048	509	3430	1743
512	3583	2048	733	3442	1748
768	3583	2048	964	3446	1756
1024	3583	2048	1181	3450	1758
1280	3583	2048	1416	3462	1761
1536	3583	2048	1647	3468	1763
1792	3583	2048	1866	3469	1760
2048	3583	2048	2084	3463	1757
2303	3583	2048	2309	3453	1751
2559	3583	2048	2539	3441	1740
2815	3583	2048	2759	3439	1739
3071	3583	2048	2973	3430	1736
3327	3583	2048	3192	3431	1737
3583	3583	2048	3403	3435	1741
3839	3583	2048	3599	3434	1741
4095	3583	2048	3792	3433	1740
0	3839	2048	312	3642	1736
256	3839	2048	526	3664	1751
512	3839	2048	748	3675	1752
768	3839	2048	982	3679	1755
1024	3839	2048	1198	3682	1761
1280	3839	2048	1433	3686	1764
1536	3839	2048	1663	3691	1764
1792	3839	2048	1881	3690	1761
2048	3839	2048	2099	3684	1758
2303	3839	2048	2326	3676	1754
2559	3839	2048	2555	3664	1747
2815	3839	2048	2772	3655	1739
3071	3839	2048	2985	3656	1742
3327	3839	2048	3204	3645	1737
3583	3839	2048	3421	3656	1744
3839	3839	2048	3616	3655	1745
4095	3839	2048	3812	3664	1743
0	4095	2048	329	3854	1746
256	4095	2048	545	3873	1754
512	4095	2048	768	3875	1757
768	4095	2048	1000	3885	1758
1024	4095	2048	1216	3889	1761
1280	4095	2048	1452	3892	1761
1536	4095	2048	1680	3900	1766
1792	4095	2048	1898	3896	1763
2048	4095	2048	2117	3897	1760
2303	4095	2048	2345	3888	1756
2559	4095	2048	2574	3874	1750
2815	4095	2048	2794	3866	1744
3071	4095	2048	3002	3860	1740
3327	4095	2048	3228	3865	1744
3583	4095	2048	3437	3869	1747
3839	4095	2048	3636	3881	1746
4095	4095	2048	3840	3887	1750
0	0	2303	98	10	2055
256	0	2303	323	11	2038
512	0	2303	546	12	2027
768	0	2303	776	12	2021
1024	0	2303	1010	12	2020
1280	0	2303	1230	12	2017
1536	0	2303	1467	13	2014
1792	0	2303	1698	13	2014
2048	0	2303	1923	14	2013
2303	0	2303	2149	14	2009
2559	0	2303	2383	15	2001
2815	0	2303	2616	15	1988
3071	0	2303	2841	15	1979
3327	0	2303	3046	15	1976
3583	0	2303	3285	16	1982
3839	0	2303	3501	16	1988
4095	0	2303	3717	17	1993
0	256	2303	111	258	2015
256	256	2303	330	255	2002
512	256	2303	547	256	2000
768	256	2303	773	255	1993
1024	256	2303	999	255	1986
1280	256	2303	1215	255	1985
1536	256	2303	1451	254	1980
1792	256	2303	1678	254	1979
2048	256	2303	1891	255	1974
2303	256	2303	2105	254	1962
2559	256	2303	2330	253	1948
2815	256	2303	2551	250	1928
3071	256	2303	2759	248	1914
3327	256	2303	2958	246	1910
3583	256	2303	3171	246	1908
3839	256	2303	3380	246	1909
4095	256	2303	3583	246	1908
0	512	2303	128	505	2007
256	512	2303	348	502	2023
512	512	2303	574	507	2022
768	512	2303	803	505	2016
1024	512	2303	1031	502	2010
1280	512	2303	1244	502	2008
1536	512	2303	1486	501	2001
1792	512	2303	1714	500	2002
2048	512	2303	1930	499	1997
2303	512	2303	2148	498	1985
2559	512	2303	2368	493	1965
2815	512	2303	2586	489	1951
3071	512	2303	2796	485	1936
3327	512	2303	2998	483	1928
3583	512	2303	3210	482	1926
3839	512	2303	3417	482	1923
4095	512	2303	3616	482	1923
0	768	2303	143	755	2001
256	768	2303	363	753	2018
512	768	2303	590	761	2030
768	768	2303	825	765	2029
1024	768	2303	1053	762	2023
1280	768	2303	1272	762	2021
1536	768	2303	1514	758	2020
1792	768	2303	1743	759	2016
2048	768	2303	1955	758	2008
2303	768	2303	2171	754	1992
2559	768	2303	2395	748	1976
2815	768	2303	2615	742	1959
3071	768	2303	2823	737	1945
3327	768	2303	3025	733	1934
3583	768	2303	3238	730	1931
3839	768	2303	3442	728	1931
4095	768	2303	3643	730	1930
0	1024	2303	159	1016	2000
256	1024	2303	378	1013	2015
512	1024	2303	606	1022	2027
768	1024	2303	841	1028	2037
1024	1024	2303	1076	1032	2033
1280	1024	2303	1298	1030	2030
1536	1024	2303	1537	1026	2028
1792	1024	2303	1768	1026	2027
2048	1024	2303	1981	1024	2019
2303	1024	2303	2199	1018	2004
2559	1024	2303	2424	1010	1986
2815	1024	2303	2640	1000	1966
3071	1024	2303	2846	993	1951
3327	1024	2303	3054	987	1946
3583	1024	2303	3270	989	1943
3839	1024	2303	3473	985	1940
4095	1024	2303	3671	985	1940
0	1280	2303	174	1253	2040
256	1280	2303	392	1253	1999
512	1280	2303	621	1263	2020
768	1280	2303	859	1271	2032
1024	1280	2303	1095	1278	2041
1280	1280	2303	1324	1281	2036
1536	1280	2303	1562	1275	2034
1792	1280	2303	1789	1271	2033
2048	1280	2303	2006	1273	2030
2303	1280	2303	2230	1264	2015
2559	1280	2303	2450	1254	1996
2815	1280	2303	2664	1242	1978
3071	1280	2303	2874	1233	1957
3327	1280	2303	3084	1229	1953
3583	1280	2303	3300	1227	1947
3839	1280	2303	3497	1223	1946
4095	1280	2303	3694	1223	1944
0	1536	2303	191	1511	2041
256	1536	2303	410	1519	1996
512	1536	2303	638	1528	2017
768	1536	2303	874	1534	2029
1024	1536	2303	1106	1540	2038
1280	1536	2303	1339	1547	2046
1536	1536	2303	1588	1551	2040
1792	1536	2303	1812	1549	2037
2048	1536	2303	2026	1542	2035
2303	1536	2303	2248	1536	2029
2559	1536	2303	2474	1524	2013
2815	1536	2303	2692	1514	1981
3071	1536	2303	2897	1502	1968
3327	1536	2303	3105	1493	1962
3583	1536	2303	3319	1492	1955
3839	1536	2303	3522	1492	1950
4095	1536	2303	3711	1491	1952
0	1792	2303	207	1760	2039
256	1792	2303	427	1769	1998
512	1792	2303	658	1778	2016
768	1792	2303	893	1784	2030
1024	1792	2303	1124	1789	2035
1280	1792	2303	1356	1794	2041
1536	1792	2303	1601	1801	2045
1792	1792	2303	1837	1810	2046
2048	1792	2303	2049	1801	2044
2303	1792	2303	2270	1791	2035
2559	1792	2303	2493	1777	2020
2815	1792	2303	2707	1764	1999
3071	1792	2303	2917	1756	1981
3327	1792	2303	3131	1751	1969
3583	1792	2303	3343	1748	1963
3839	1792	2303	3544	1745	1956
4095	1792	2303	3745	1748	1960
0	2048	2303	222	1996	2041
256	2048	2303	441	2007	1999
512	2048	2303	671	2016	2020
768	2048	2303	907	2024	2027
1024	2048	2303	1138	2033	2034
1280	2048	2303	1373	2036	2038
1536	2048	2303	1617	2038	2045
1792	2048	2303	1848	2045	2052
2048	2048	2303	2069	2046	2042
2303	2048	2303	2292	2035	2041
2559	2048	2303	2514	2019	2027
2815	2048	2303	2728	2010	2003
3071	2048	2303	2938	1999	1987
3327	2048	2303	3153	1993	1974
3583	2048	2303	3365	1993	1970
3839	2048	2303	3565	1992	1963
4095	2048	2303	3763	1990	1963
0	2303	2303	235	2259	2042
256	2303	2303	455	2278	1995
512	2303	2303	682	2285	2014
768	2303	2303	916	2293	2022
1024	2303	2303	1145	2298	2030
1280	2303	2303	1381	2303	2037
1536	2303	2303	1623	2309	2040
1792	2303	2303	1851	2312	2045
2048	2303	2303	2072	2312	2045
2303	2303	2303	2303	2308	2034
2559	2303	2303	2527	2289	2030
2815	2303	2303	2741	2274	2010
3071	2303	2303	2949	2265	1991
3327	2303	2303	3160	2261	1977
3583	2303	2303	3374	2255	1970
3839	2303	2303	3580	2251	1965
4095	2303	2303	3777	2252	1966
0	2559	2303	250	2494	1984
256	2559	2303	466	2510	1986
512	2559	2303	694	2520	2007
768	2559	2303	929	2531	2012
1024	2559	2303	1154	2539	2020
1280	2559	2303	1391	2546	2024
1536	2559	2303	1630	2547	2032
1792	2559	2303	1852	2545	2033
2048	2559	2303	2075	2545	2033
2303	2559	2303	2303	2543	2023
2559	2559	2303	2539	2534	2021
2815	2559	2303	2750	2520	2003
3071	2559	2303	2963	2514	1985
3327	2559	2303	3175	2509	1973
3583	2559	2303	3385	2504	1965
3839	2559	2303	3588	2501	1965
4095	2559	2303	3778	2499	1964
0	2815	2303	264	2730	1973
256	2815	2303	478	2745	1988
512	2815	2303	707	2759	1989
768	2815	2303	938	2769	1997
1024	2815	2303	1162	2775	2007
1280	2815	2303	1400	2783	2015
1536	2815	2303	1635	2785	2018
1792	2815	2303	1859	2785	2014
2048	2815	2303	2081	2790	2021
2303	2815	2303	2308	2778	2008
2559	2815	2303	2543	2765	1995
2815	2815	2303	2759	2755	1993
3071	2815	2303	2972	2751	1980
3327	2815	2303	3188	2744	1966
3583	2815	2303	3398	2740	1961
3839	2815	2303	3597	2737	1960
4095	2815	2303	3788	2736	1963
0	3071	2303	277	2973	1959
256	3071	2303	493	2998	1983
512	3071	2303	718	3008	1983
768	3071	2303	951	3014	1989
1024	3071	2303	1175	3025	1992
1280	3071	2303	1408	3026	2000
1536	3071	2303	1642	3030	2003
1792	3071	2303	1869	3034	2004
2048	3071	2303	2088	3033	2006
2303	3071	2303	2312	3029	1996
2559	3071	2303	2547	3020	1984
2815	3071	2303	2762	3010	1983
3071	3071	2303	2979	3007	1971
3327	3071	2303	3197	3001	1962
3583	3071	2303	3410	3002	1958
3839	3071	2303	3604	3002	1958
4095	3071	2303	3794	2999	1957
0	3327	2303	294	3222	1951
256	3327	2303	509	3242	1976
512	3327	2303	735	3251	1979
768	3327	2303	967	3261	1979
1024	3327	2303	1188	3267	1982
1280	3327	2303	1423	3266	1986
1536	3327	2303	1657	3272	1993
1792	3327	2303	1882	3277	1995
2048	3327	2303	2102	3274	1993
2303	3327	2303	2325	3267	1985
2559	3327	2303	2561	3256	1972
2815	3327	2303	2786	3251	1965
3071	3327	2303	2998	3243	1963
3327	3327	2303	3219	3246	1960
3583	3327	2303	3424	3246	1956
3839	3327	2303	3617	3242	1959
4095	3327	2303	3816	3243	1959
0	3583	2303	309	3438	1955
256	3583	2303	526	3455	1974
512	3583	2303	750	3461	1976
768	3583	2303	983	3470	1977
1024	3583	2303	1201	3475	1978
1280	3583	2303	1443	3487	1982
1536	3583	2303	1670	3488	1988
1792	3583	2303	1892	3494	1992
2048	3583	2303	2114	3494	1987
2303	3583	2303	2343	3483	1978
2559	3583	2303	2576	3474	1970
2815	3583	2303	2798	3467	1965
3071	3583	2303	3015	3464	1961
3327	3583	2303	3231	3468	1960
3583	3583	2303	3438	3462	1963
3839	3583	2303	3636	3462	1962
4095	3583	2303	3831	3465	1958
0	3839	2303	325	3677	1956
256	3839	2303	542	3692	1970
512	3839	2303	768	3697	1973
768	3839	2303	999	3700	1978
1024	3839	2303	1219	3709	1978
1280	3839	2303	1458	3719	1977
1536	3839	2303	1685	3717	1987
1792	3839	2303	1907	3717	1986
2048	3839	2303	2132	3717	1983
2303	3839	2303	2361	3709	1980
2559	3839	2303	2592	3697	1968
2815	3839	2303	2812	3689	1964
3071	3839	2303	3024	3688	1963
3327	3839	2303	3247	3681	1963
3583	3839	2303	3459	3687	1965
3839	3839	2303	3655	3685	1962
4095	3839	2303	3852	3693	1960
0	4095	2303	344	3885	1958
256	4095	2303	562	3900	1969
512	4095	2303	787	3906	1972
768	4095	2303	1020	3911	1979
1024	4095	2303	1237	3918	1982
1280	4095	2303	1477	3923	1982
1536	4095	2303	1702	3933	1983
1792	4095	2303	1926	3931	1984
2048	4095	2303	2150	3929	1984
2303	4095	2303	2379	3923	1979
2559	4095	2303	2608	3914	1977
2815	4095	2303	2831	3904	1968
3071	4095	2303	3048	3900	1966
3327	4095	2303	3274	3906	1965
3583	4095	2303	3471	3906	1965
3839	4095	2303	3673	3915	1965
4095	4095	2303	3871	3917	1968
0	0	2559	110	12	2283
256	0	2559	337	12	2260
512	0	2559	562	13	2250
768	0	2559	793	13	2239
1024	0	2559	1029	13	2236
1280	0	2559	1248	13	2232
1536	0	2559	1488	14	2231
1792	0	2559	1720	14	2232
2048	0	2559	1947	15	2231
2303	0	2559	2176	15	2226
2559	0	2559	2410	16	2217
2815	0	2559	2642	16	2205
3071	0	2559	2866	16	2195
3327	0	2559	3077	16	2190
3583	0	2559	3318	17	2195
3839	0	2559	3532	17	2198
4095	0	2559	3752	18	2206
0	256	2559	124	260	2240
256	256	2559	340	257	2227
512	256	2559	559	258	2223
768	256	2559	787	257	2214
1024	256	2559	1014	257	2207
1280	256	2559	1227	258	2204
1536	256	2559	1471	257	2202
1792	256	2559	1695	258	2199
2048	256	2559	1912	257	2196
2303	256	2559	2133	258	2190
2559	256	2559	2358	256	2175
2815	256	2559	2576	254	2158
3071	256	2559	2784	251	2144
3327	256	2559	2990	251	2137
3583	256	2559	3209	250	2137
3839	256	2559	3416	250	2135
4095	256	2559	3618	250	2138
0	512	2559	139	509	2234
256	512	2559	360	505	2241
512	512	2559	587	509	2242
768	512	2559	816	507	2238
1024	512	2559	1044	505	2231
1280	512	2559	1262	506	2225
1536	512	2559	1507	503	2224
1792	512	2559	1734	503	2224
2048	512	2559	1949	503	2218
2303	512	2559	2172	502	2210
2559	512	2559	2396	498	2195
2815	512	2559	2613	495	2179
3071	512	2559	2824	491	2161
3327	512	2559	3033	490	2155
3583	512	2559	3246	488	2153
3839	512	2559	3452	488	2151
4095	512	2559	3660	490	2152
0	768	2559	154	760	2224
256	768	2559	375	757	2236
512	768	2559	604	765	2248
768	768	2559	838	768	2248
1024	768	2559	1066	768	2244
1280	768	2559	1287	766	2241
1536	768	2559	1534	764	2239
1792	768	2559	1760	764	2236
2048	768	2559	1974	765	2229
2303	768	2559	2195	760	2221
2559	768	2559	2422	755	2206
2815	768	2559	2640	749	2187
3071	768	2559	2852	744	2171
3327	768	2559	3061	740	2165
3583	768	2559	3277	739	2160
3839	768	2559	3476	737	2159
4095	768	2559	3678	737	2158
0	1024	2559	170	1021	2219
256	1024	2559	390	1019	2233
512	1024	2559	619	1028	2245
768	1024	2559	857	1033	2257
1024	1024	2559	1093	1037	2255
1280	1024	2559	1314	1034	2252
1536	1024	2559	1558	1031	2250
1792	1024	2559	1786	1032	2248
2048	1024	2559	1999	1029	2242
2303	1024	2559	2224	1024	2233
2559	1024	2559	2451	1017	2214
2815	1024	2559	2668	1009	2194
3071	1024	2559	2879	1002	2180
3327	1024	2559	3089	997	2173
3583	1024	2559	3303	997	2169
3839	1024	2559	3508	996	2166
4095	1024	2559	3702	996	2165
0	1280	2559	184	1256	2261
256	1280	2559	405	1259	2218
512	1280	2559	635	1270	2240
768	1280	2559	873	1276	2255
1024	1280	2559	1108	1281	2261
1280	1280	2559	1340	1285	2260
1536	1280	2559	1581	1281	2258
1792	1280	2559	1810	1279	2258
2048	1280	2559	2024	1278	2252
2303	1280	2559	2248	1270	2241
2559	1280	2559	2473	1261	2221
2815	1280	2559	2691	1252	2204
3071	1280	2559	2903	1242	2187
3327	1280	2559	3115	1238	2180
3583	1280	2559	3326	1235	2176
3839	1280	2559	3529	1234	2173
4095	1280	2559	3728	1234	2173
0	1536	2559	203	1517	2259
256	1536	2559	422	1524	2218
512	1536	2559	653	1533	2237
768	1536	2559	890	1540	2247
1024	1536	2559	1123	1547	2258
1280	1536	2559	1357	1554	2264
1536	1536	2559	1604	1556	2262
1792	1536	2559	1828	1550	2259
2048	1536	2559	2045	1550	2258
2303	1536	2559	2272	1546	2246
2559	1536	2559	2497	1532	2226
2815	1536	2559	2714	1521	2212
3071	1536	2559	2924	1512	2194
3327	1536	2559	3135	1508	2187
3583	1536	2559	3349	1506	2182
3839	1536	2559	3555	1503	2180
4095	1536	2559	3748	1504	2180
0	1792	2559	218	1769	2256
256	1792	2559	439	1775	2220
512	1792	2559	671	1785	2238
768	1792	2559	908	1795	2248
1024	1792	2559	1141	1801	2256
1280	1792	2559	1376	1803	2264
1536	1792	2559	1619	1809	2267
1792	1792	2559	1847	1813	2265
2048	1792	2559	2066	1809	2260
2303	1792	2559	2295	1798	2257
2559	1792	2559	2516	1786	2243
2815	1792	2559	2732	1778	2224
3071	1792	2559	2949	1771	2209
3327	1792	2559	3164	1766	2193
3583	1792	2559	3376	1762	2189
3839	1792	2559	3579	1759	2187
4095	1792	2559	3775	1760	2188
0	2048	2559	234	2000	2259
256	2048	2559	454	2020	2218
512	2048	2559	686	2030	2238
768	2048	2559	924	2035	2248
1024	2048	2559	1153	2042	2257
1280	2048	2559	1390	2046	2263
1536	2048	2559	1633	2049	2267
1792	2048	2559	1864	2053	2268
2048	2048	2559	2085	2053	2266
2303	2048	2559	2314	2050	2264
2559	2048	2559	2542	2033	2250
2815	2048	2559	2756	2022	2229
3071	2048	2559	2969	2012	2215
3327	2048	2559	3183	2006	2200
3583	2048	2559	3395	2005	2196
3839	2048	2559	3602	2009	2191
4095	2048	2559	3795	2009	2190
0	2303	2559	249	2277	2213
256	2303	2559	470	2294	2219
512	2303	2559	701	2302	2237
768	2303	2559	937	2309	2245
1024	2303	2559	1166	2313	2252
1280	2303	2559	1401	2319	2260
1536	2303	2559	1645	2322	2263
1792	2303	2559	1875	2324	2267
2048	2303	2559	2095	2328	2268
2303	2303	2559	2326	2320	2259
2559	2303	2559	2556	2303	2255
2815	2303	2559	2775	2296	2236
3071	2303	2559	2988	2284	2217
3327	2303	2559	3202	2278	2206
3583	2303	2559	3412	2274	2200
3839	2303	2559	3616	2273	2197
4095	2303	2559	3812	2269	2195
0	2559	2559	262	2510	2211
256	2559	2559	481	2530	2217
512	2559	2559	712	2538	2233
768	2559	2559	949	2548	2240
1024	2559	2559	1175	2553	2246
1280	2559	2559	1411	2558	2250
1536	2559	2559	1649	2559	2254
1792	2559	2559	1876	2560	2257
2048	2559	2559	2099	2562	2259
2303	2559	2559	2328	2558	2250
2559	2559	2559	2566	2550	2237
2815	2559	2559	2783	2543	2232
3071	2559	2559	2999	2535	2216
3327	2559	2559	3214	2532	2205
3583	2559	2559	3421	2527	2199
3839	2559	2559	3620	2521	2196
4095	2559	2559	3813	2518	2192
0	2815	2559	276	2747	2197
256	2815	2559	494	2766	2219
512	2815	2559	723	2776	2220
768	2815	2559	958	2785	2226
1024	2815	2559	1182	2789	2232
1280	2815	2559	1420	2795	2237
1536	2815	2559	1655	2799	2239
1792	2815	2559	1880	2800	2239
2048	2815	2559	2103	2801	2243
2303	2815	2559	2332	2797	2236
2559	2815	2559	2570	2788	2227
2815	2815	2559	2792	2777	2224
3071	2815	2559	3008	2769	2211
3327	2815	2559	3224	2767	2200
3583	2815	2559	3431	2759	2195
3839	2815	2559	3626	2753	2190
4095	2815	2559	3820	2753	2187
0	3071	2559	291	2994	2185
256	3071	2559	509	3014	2204
512	3071	2559	732	3018	2211
768	3071	2559	971	3032	2214
1024	3071	2559	1193	3039	2217
1280	3071	2559	1428	3044	2224
1536	3071	2559	1664	3048	2227
1792	3071	2559	1890	3046	2228
2048	3071	2559	2112	3047	2228
2303	3071	2559	2343	3048	2222
2559	3071	2559	2579	3042	2214
2815	3071	2559	2799	3035	2203
3071	3071	2559	3015	3032	2201
3327	3071	2559	3231	3024	2196
3583	3071	2559	3440	3020	2191
3839	3071	2559	3637	3022	2186
4095	3071	2559	3831	3018	2182
0	3327	2559	307	3241	2177
256	3327	2559	525	3267	2194
512	3327	2559	753	3271	2200
768	3327	2559	987	3277	2200
1024	3327	2559	1206	3280	2209
1280	3327	2559	1442	3286	2212
1536	3327	2559	1677	3289	2215
1792	3327	2559	1902	3288	2217
2048	3327	2559	2125	3286	2219
2303	3327	2559	2356	3287	2214
2559	3327	2559	2592	3285	2206
2815	3327	2559	2812	3277	2199
3071	3327	2559	3031	3268	2198
3327	3327	2559	3256	3272	2193
3583	3327	2559	3459	3268	2188
3839	3327	2559	3650	3267	2182
4095	3327	2559	3845	3264	2180
0	3583	2559	323	3461	2181
256	3583	2559	541	3477	2196
512	3583	2559	768	3484	2202
768	3583	2559	1003	3491	2205
1024	3583	2559	1222	3495	2206
1280	3583	2559	1460	3501	2210
1536	3583	2559	1689	3505	2213
1792	3583	2559	1914	3509	2216
2048	3583	2559	2140	3513	2216
2303	3583	2559	2370	3510	2210
2559	3583	2559	2603	3501	2203
2815	3583	2559	2824	3486	2197
3071	3583	2559	3044	3484	2192
3327	3583	2559	3267	3489	2192
3583	3583	2559	3468	3487	2190
3839	3583	2559	3664	3481	2183
4095	3583	2559	3864	3484	2182
0	3839	2559	339	3696	2182
256	3839	2559	558	3711	2197
512	3839	2559	784	3712	2198
768	3839	2559	1017	3722	2202
1024	3839	2559	1237	3726	2204
1280	3839	2559	1478	3731	2210
1536	3839	2559	1706	3735	2211
1792	3839	2559	1931	3743	2214
2048	3839	2559	2158	3743	2214
2303	3839	2559	2390	3732	2209
2559	3839	2559	2622	3721	2201
2815	3839	2559	2842	3712	2194
3071	3839	2559	3062	3712	2188
3327	3839	2559	3280	3710	2187
3583	3839	2559	3484	3704	2186
3839	3839	2559	3683	3711	2184
4095	3839	2559	3879	3709	2184
0	4095	2559	357	3908	2187
256	4095	2559	577	3921	2198
512	4095	2559	805	3926	2200
768	4095	2559	1036	3931	2202
1024	4095	2559	1257	3936	2209
1280	4095	2559	1497	3946	2209
1536	4095	2559	1723	3947	2212
1792	4095	2559	1946	3951	2215
2048	4095	2559	2174	3950	2217
2303	4095	2559	2408	3945	2210
2559	4095	2559	2640	3937	2203
2815	4095	2559	2862	3929	2194
3071	4095	2559	3076	3921	2190
3327	4095	2559	3299	3922	2189
3583	4095	2559	3506	3926	2188
3839	4095	2559	3702	3930	2188
4095	4095	2559	3902	3936	2187
0	0	2815	123	13	2516
256	0	2815	350	13	2488
512	0	2815	576	14	2479
768	0	2815	810	14	2469
1024	0	2815	1046	14	2462
1280	0	2815	1265	14	2461
1536	0	2815	1508	15	2459
1792	0	2815	1742	15	2459
2048	0	2815	1965	16	2456
2303	0	2815	2196	16	2454
2559	0	2815	2434	17	2444
2815	0	2815	2668	18	2434
3071	0	2815	2895	18	2422
3327	0	2815	3106	18	2418
3583	0	2815	3349	18	2417
3839	0	2815	3561	19	2420
4095	0	2815	3785	19	2428
0	256	2815	135	262	2476
256	256	2815	352	260	2461
512	256	2815	572	260	2461
768	256	2815	801	260	2451
1024	256	2815	1028	259	2444
1280	256	2815	1241	259	2440
1536	256	2815	1484	259	2438
1792	256	2815	1710	260	2435
2048	256	2815	1928	259	2430
2303	256	2815	2152	260	2425
2559	256	2815	2380	259	2413
2815	256	2815	2599	257	2398
3071	256	2815	2813	254	2383
3327	256	2815	3025	254	2374
3583	256	2815	3237	253	2375
3839	256	2815	3446	253	2372
4095	256	2815	3648	253	2375
0	512	2815	150	510	2468
256	512	2815	373	507	2473
512	512	2815	599	511	2475
768	512	2815	830	509	2473
1024	512	2815	1058	508	2466
1280	512	2815	1277	507	2460
1536	512	2815	1520	505	2459
1792	512	2815	1747	505	2457
2048	512	2815	1961	506	2450
2303	512	2815	2187	505	2442
2559	512	2815	2416	503	2432
2815	512	2815	2638	499	2417
3071	512	2815	2852	496	2399
3327	512	2815	3063	494	2393
3583	512	2815	3284	495	2391
3839	512	2815	3488	493	2389
4095	512	2815	3692	495	2388
0	768	2815	165	765	2458
256	768	2815	387	762	2467
512	768	2815	617	769	2480
768	768	2815	853	771	2483
1024	768	2815	1080	772	2482
1280	768	2815	1303	770	2476
1536	768	2815	1547	767	2470
1792	768	2815	1772	766	2469
2048	768	2815	1986	767	2462
2303	768	2815	2213	764	2456
2559	768	2815	2443	760	2444
2815	768	2815	2665	754	2427
3071	768	2815	2878	750	2410
3327	768	2815	3089	746	2404
3583	768	2815	3308	746	2399
3839	768	2815	3509	744	2394
4095	768	2815	3708	744	2394
0	1024	2815	181	1023	2453
256	1024	2815	402	1024	2465
512	1024	2815	633	1032	2478
768	1024	2815	872	1037	2489
1024	1024	2815	1106	1041	2489
1280	1024	2815	1329	1037	2486
1536	1024	2815	1571	1033	2483
1792	1024	2815	1798	1035	2482
2048	1024	2815	2011	1030	2474
2303	1024	2815	2238	1028	2467
2559	1024	2815	2470	1022	2453
2815	1024	2815	2694	1017	2436
3071	1024	2815	2907	1010	2419
3327	1024	2815	3118	1007	2411
3583	1024	2815	3330	1005	2405
3839	1024	2815	3535	1003	2402
4095	1024	2815	3730	1003	2401
0	1280	2815	195	1259	2491
256	1280	2815	416	1264	2463
512	1280	2815	648	1274	2477
768	1280	2815	887	1280	2487
1024	1280	2815	1122	1285	2494
1280	1280	2815	1354	1288	2493
1536	1280	2815	1593	1283	2493
1792	1280	2815	1823	1282	2486
2048	1280	2815	2036	1279	2484
2303	1280	2815	2261	1275	2476
2559	1280	2815	2492	1266	2461
2815	1280	2815	2715	1258	2441
3071	1280	2815	2930	1252	2426
3327	1280	2815	3145	1249	2419
3583	1280	2815	3356	1246	2415
3839	1280	2815	3557	1244	2411
4095	1280	2815	3756	1242	2410
0	1536	2815	214	1522	2490
256	1536	2815	433	1530	2455
512	1536	2815	666	1538	2472
768	1536	2815	903	1545	2483
1024	1536	2815	1135	1551	2493
1280	1536	2815	1370	1557	2499
1536	1536	2815	1615	1561	2497
1792	1536	2815	1842	1554	2493
2048	1536	2815	2058	1554	2491
2303	1536	2815	2291	1550	2481
2559	1536	2815	2517	1541	2465
2815	1536	2815	2740	1531	2450
3071	1536	2815	2953	1524	2433
3327	1536	2815	3165	1518	2427
3583	1536	2815	3380	1517	2421
3839	1536	2815	3585	1515	2418
4095	1536	2815	3777	1515	2417
0	1792	2815	229	1771	2487
256	1792	2815	450	1780	2456
512	1792	2815	681	1789	2473
768	1792	2815	919	1797	2483
1024	1792	2815	1151	1804	2491
1280	1792	2815	1388	1809	2499
1536	1792	2815	1632	1814	2501
1792	1792	2815	1859	1816	2499
2048	1792	2815	2080	1811	2493
2303	1792	2815	2309	1802	2489
2559	1792	2815	2542	1798	2477
2815	1792	2815	2759	1789	2461
3071	1792	2815	2973	1782	2436
3327	1792	2815	3192	1777	2430
3583	1792	2815	3404	1774	2428
3839	1792	2815	3606	1770	2425
4095	1792	2815	3798	1769	2425
0	2048	2815	246	2003	2446
256	2048	2815	466	2022	2455
512	2048	2815	699	2034	2473
768	2048	2815	937	2040	2482
1024	2048	2815	1167	2046	2490
1280	2048	2815	1404	2053	2498
1536	2048	2815	1647	2054	2502
1792	2048	2815	1876	2056	2501
2048	2048	2815	2099	2056	2500
2303	2048	2815	2329	2054	2489
2559	2048	2815	2564	2043	2482
2815	2048	2815	2782	2036	2466
3071	2048	2815	2997	2026	2452
3327	2048	2815	3212	2020	2436
3583	2048	2815	3425	2019	2433
3839	2048	2815	3629	2022	2429
4095	2048	2815	3825	2021	2427
0	2303	2815	261	2284	2448
256	2303	2815	482	2301	2456
512	2303	2815	715	2309	2472
768	2303	2815	951	2317	2482
1024	2303	2815	1179	2323	2490
1280	2303	2815	1419	2329	2494
1536	2303	2815	1661	2329	2498
1792	2303	2815	1889	2329	2498
2048	2303	2815	2111	2331	2503
2303	2303	2815	2346	2327	2496
2559	2303	2815	2583	2317	2489
2815	2303	2815	2800	2306	2471
3071	2303	2815	3019	2297	2454
3327	2303	2815	3232	2290	2442
3583	2303	2815	3443	2287	2437
3839	2303	2815	3643	2284	2433
4095	2303	2815	3837	2281	2433
0	2559	2815	275	2526	2445
256	2559	2815	496	2544	2465
512	2559	2815	729	2553	2468
768	2559	2815	966	2561	2476
1024	2559	2815	1192	2565	2483
1280	2559	2815	1428	2569	2488
1536	2559	2815	1668	2574	2490
1792	2559	2815	1897	2575	2491
2048	2559	2815	2121	2576	2495
2303	2559	2815	2354	2575	2489
2559	2559	2815	2594	2571	2477
2815	2559	2815	2815	2562	2471
3071	2559	2815	3034	2552	2455
3327	2559	2815	3246	2548	2444
3583	2559	2815	3455	2544	2438
3839	2559	2815	3652	2539	2433
4095	2559	2815	3846	2536	2431
0	2815	2815	290	2764	2435
256	2815	2815	509	2783	2455
512	2815	2815	739	2790	2458
768	2815	2815	976	2797	2465
1024	2815	2815	1199	2801	2470
1280	2815	2815	1439	2807	2474
1536	2815	2815	1674	2810	2475
1792	2815	2815	1899	2812	2477
2048	2815	2815	2124	2814	2478
2303	2815	2815	2357	2811	2475
2559	2815	2815	2601	2808	2468
2815	2815	2815	2825	2798	2456
3071	2815	2815	3042	2788	2452
3327	2815	2815	3256	2784	2442
3583	2815	2815	3459	2778	2436
3839	2815	2815	3655	2773	2429
4095	2815	2815	3850	2771	2427
0	3071	2815	304	3014	2420
256	3071	2815	524	3027	2438
512	3071	2815	748	3033	2444
768	3071	2815	987	3043	2450
1024	3071	2815	1209	3050	2454
1280	3071	2815	1446	3053	2457
1536	3071	2815	1680	3057	2460
1792	3071	2815	1908	3061	2464
2048	3071	2815	2135	3062	2463
2303	3071	2815	2370	3064	2461
2559	3071	2815	2607	3061	2457
2815	3071	2815	2830	3056	2448
3071	3071	2815	3048	3050	2445
3327	3071	2815	3262	3046	2439
3583	3071	2815	3467	3040	2432
3839	3071	2815	3664	3036	2424
4095	3071	2815	3857	3030	2419
0	3327	2815	320	3258	2415
256	3327	2815	540	3276	2429
512	3327	2815	768	3280	2435
768	3327	2815	1001	3288	2442
1024	3327	2815	1223	3291	2443
1280	3327	2815	1462	3297	2447
1536	3327	2815	1695	3299	2451
1792	3327	2815	1922	3303	2454
2048	3327	2815	2149	3304	2456
2303	3327	2815	2382	3304	2453
2559	3327	2815	2620	3303	2450
2815	3327	2815	2841	3298	2444
3071	3327	2815	3059	3292	2437
3327	3327	2815	3282	3289	2435
3583	3327	2815	3485	3283	2428
3839	3327	2815	3680	3284	2423
4095	3327	2815	3872	3281	2417
0	3583	2815	336	3477	2417
256	3583	2815	556	3494	2432
512	3583	2815	784	3499	2436
768	3583	2815	1019	3506	2438
1024	3583	2815	1238	3515	2441
1280	3583	2815	1479	3518	2445
1536	3583	2815	1708	3519	2450
1792	3583	2815	1935	3527	2451
2048	3583	2815	2164	3532	2454
2303	3583	2815	2398	3529	2451
2559	3583	2815	2632	3522	2446
2815	3583	2815	2852	3513	2441
3071	3583	2815	3069	3508	2434
3327	3583	2815	3294	3504	2432
3583	3583	2815	3502	3508	2428
3839	3583	2815	3694	3505	2423
4095	3583	2815	3897	3506	2423
0	3839	2815	352	3714	2419
256	3839	2815	573	3727	2432
512	3839	2815	801	3730	2436
768	3839	2815	1034	3738	2437
1024	3839	2815	1256	3742	2442
1280	3839	2815	1497	3749	2444
1536	3839	2815	1724	3751	2448
1792	3839	2815	1955	3761	2451
2048	3839	2815	2182	3759	2454
2303	3839	2815	2416	3753	2451
2559	3839	2815	2650	3745	2445
2815	3839	2815	2871	3735	2438
3071	3839	2815	3089	3729	2431
3327	3839	2815	3312	3733	2427
3583	3839	2815	3513	3729	2427
3839	3839	2815	3711	3730	2425
4095	3839	2815	3912	3732	2426
0	4095	2815	372	3929	2425
256	4095	2815	592	3941	2436
512	4095	2815	820	3943	2438
768	4095	2815	1052	3951	2441
1024	4095	2815	1274	3951	2445
1280	4095	2815	1519	3965	2445
1536	4095	2815	1745	3968	2450
1792	4095	2815	1971	3970	2454
2048	4095	2815	2197	3967	2457
2303	4095	2815	2434	3965	2453
2559	4095	2815	2668	3959	2448
2815	4095	2815	2888	3950	2437
3071	4095	2815	3104	3942	2429
3327	4095	2815	3326	3948	2429
3583	4095	2815	3537	3949	2429
3839	4095	2815	3727	3950	2429
4095	4095	2815	3932	3958	2429
0	0	3071	135	14	2748
256	0	3071	363	14	2714
512	0	3071	590	15	2706
768	0	3071	825	16	2697
1024	0	3071	1059	15	2689
1280	0	3071	1283	16	2688
1536	0	3071	1529	16	2684
1792	0	3071	1761	17	2682
2048	0	3071	1983	17	2678
2303	0	3071	2216	18	2676
2559	0	3071	2457	18	2670
2815	0	3071	2694	19	2661
3071	0	3071	2923	19	2649
3327	0	3071	3135	19	2644
3583	0	3071	3381	19	2643
3839	0	3071	3594	20	2646
4095	0	3071	3815	20	2651
0	256	3071	145	264	2712
256	256	3071	364	261	2695
512	256	3071	585	262	2701
768	256	3071	814	262	2689
1024	256	3071	1040	260	2683
1280	256	3071	1257	261	2676
1536	256	3071	1497	260	2673
1792	256	3071	1722	261	2670
2048	256	3071	1941	261	2666
2303	256	3071	2165	262	2659
2559	256	3071	2397	261	2652
2815	256	3071	2625	260	2640
3071	256	3071	2842	257	2626
3327	256	3071	3056	257	2617
3583	256	3071	3267	257	2618
3839	256	3071	3476	256	2613
4095	256	3071	3680	258	2615
0	512	3071	161	512	2702
256	512	3071	385	510	2703
512	512	3071	612	513	2710
768	512	3071	845	511	2710
1024	512	3071	1072	511	2704
1280	512	3071	1290	508	2697
1536	512	3071	1533	508	2693
1792	512	3071	1760	508	2688
2048	512	3071	1974	508	2684
2303	512	3071	2198	507	2676
2559	512	3071	2434	506	2668
2815	512	3071	2662	503	2656
3071	512	3071	2880	501	2641
3327	512	3071	3096	499	2633
3583	512	3071	3314	499	2629
3839	512	3071	3520	498	2626
4095	512	3071	3717	499	2625
0	768	3071	176	767	2691
256	768	3071	398	766	2697
512	768	3071	631	773	2713
768	768	3071	866	775	2719
1024	768	3071	1094	775	2718
1280	768	3071	1316	773	2711
1536	768	3071	1558	768	2703
1792	768	3071	1784	769	2702
2048	768	3071	1998	768	2698
2303	768	3071	2227	766	2688
2559	768	3071	2463	765	2680
2815	768	3071	2689	761	2668
3071	768	3071	2904	756	2651
3327	768	3071	3118	753	2643
3583	768	3071	3337	751	2638
3839	768	3071	3539	751	2632
4095	768	3071	3736	750	2632
0	1024	3071	191	1024	2685
256	1024	3071	413	1028	2695
512	1024	3071	645	1035	2710
768	1024	3071	885	1040	2721
1024	1024	3071	1117	1043	2723
1280	1024	3071	1342	1041	2722
1536	1024	3071	1581	1034	2717
1792	1024	3071	1811	1035	2715
2048	1024	3071	2023	1031	2709
2303	1024	3071	2250	1030	2702
2559	1024	3071	2488	1026	2693
2815	1024	3071	2718	1023	2677
3071	1024	3071	2933	1017	2661
3327	1024	3071	3144	1014	2653
3583	1024	3071	3359	1013	2644
3839	1024	3071	3564	1011	2641
4095	1024	3071	3758	1011	2642
0	1280	3071	207	1261	2683
256	1280	3071	426	1266	2695
512	1280	3071	660	1276	2710
768	1280	3071	899	1284	2718
1024	1280	3071	1133	1289	2726
1280	1280	3071	1366	1291	2727
1536	1280	3071	1603	1284	2727
1792	1280	3071	1833	1284	2722
2048	1280	3071	2049	1280	2718
2303	1280	3071	2274	1277	2711
2559	1280	3071	2510	1271	2701
2815	1280	3071	2736	1265	2682
3071	1280	3071	2957	1261	2668
3327	1280	3071	3174	1258	2659
3583	1280	3071	3385	1256	2655
3839	1280	3071	3587	1255	2651
4095	1280	3071	3781	1253	2648
0	1536	3071	224	1526	2716
256	1536	3071	446	1536	2688
512	1536	3071	679	1544	2707
768	1536	3071	916	1549	2717
1024	1536	3071	1147	1555	2727
1280	1536	3071	1383	1560	2731
1536	1536	3071	1626	1563	2731
1792	1536	3071	1856	1558	2728
2048	1536	3071	2071	1555	2720
2303	1536	3071	2304	1553	2717
2559	1536	3071	2539	1548	2706
2815	1536	3071	2766	1541	2691
3071	1536	3071	2980	1532	2674
3327	1536	3071	3195	1527	2668
3583	1536	3071	3409	1527	2663
3839	1536	3071	3612	1525	2658
4095	1536	3071	3804	1525	2656
0	1792	3071	240	1775	2714
256	1792	3071	462	1788	2691
512	1792	3071	693	1794	2705
768	1792	3071	931	1800	2715
1024	1792	3071	1161	1806	2723
1280	1792	3071	1400	1811	2731
1536	1792	3071	1644	1817	2734
1792	1792	3071	1872	1819	2733
2048	1792	3071	2093	1813	2724
2303	1792	3071	2323	1811	2719
2559	1792	3071	2564	1809	2708
2815	1792	3071	2785	1798	2699
3071	1792	3071	2997	1790	2681
3327	1792	3071	3218	1788	2673
3583	1792	3071	3432	1785	2667
3839	1792	3071	3629	1782	2663
4095	1792	3071	3821	1778	2662
0	2048	3071	257	2012	2681
256	2048	3071	477	2027	2692
512	2048	3071	711	2037	2707
768	2048	3071	948	2043	2716
1024	2048	3071	1179	2050	2723
1280	2048	3071	1418	2056	2729
1536	2048	3071	1660	2057	2732
1792	2048	3071	1890	2059	2734
2048	2048	3071	2114	2060	2733
2303	2048	3071	2346	2058	2727
2559	2048	3071	2585	2053	2718
2815	2048	3071	2808	2051	2705
3071	2048	3071	3026	2039	2691
3327	2048	3071	3241	2034	2677
3583	2048	3071	3451	2031	2672
3839	2048	3071	3655	2031	2667
4095	2048	3071	3850	2028	2667
0	2303	3071	272	2289	2681
256	2303	3071	493	2304	2699
512	2303	3071	727	2312	2704
768	2303	3071	963	2320	2714
1024	2303	3071	1190	2325	2723
1280	2303	3071	1432	2331	2728
1536	2303	3071	1673	2333	2730
1792	2303	3071	1902	2332	2730
2048	2303	3071	2129	2335	2737
2303	2303	3071	2364	2334	2729
2559	2303	3071	2604	2328	2716
2815	2303	3071	2822	2315	2706
3071	2303	3071	3044	2309	2695
3327	2303	3071	3259	2302	2682
3583	2303	3071	3468	2299	2676
3839	2303	3071	3665	2294	2670
4095	2303	3071	3858	2291	2669
0	2559	3071	288	2537	2678
256	2559	3071	509	2553	2696
512	2559	3071	742	2562	2699
768	2559	3071	980	2568	2708
1024	2559	3071	1205	2571	2715
1280	2559	3071	1444	2577	2721
1536	2559	3071	1684	2583	2722
1792	2559	3071	1915	2584	2723
2048	2559	3071	2141	2586	2728
2303	2559	3071	2377	2586	2722
2559	2559	3071	2618	2584	2713
2815	2559	3071	2842	2575	2706
3071	2559	3071	3060	2568	2693
3327	2559	3071	3272	2560	2683
3583	2559	3071	3480	2554	2676
3839	2559	3071	3679	2551	2672
4095	2559	3071	3875	2550	2670
0	2815	3071	302	2777	2669
256	2815	3071	524	2793	2686
512	2815	3071	754	2803	2695
768	2815	3071	993	2810	2698
1024	2815	3071	1215	2810	2704
1280	2815	3071	1457	2818	2707
1536	2815	3071	1692	2819	2711
1792	2815	3071	1920	2824	2713
2048	2815	3071	2148	2827	2714
2303	2815	3071	2384	2824	2711
2559	2815	3071	2630	2823	2706
2815	2815	3071	2853	2814	2696
3071	2815	3071	3071	2805	2689
3327	2815	3071	3285	2798	2680
3583	2815	3071	3488	2794	2673
3839	2815	3071	3683	2790	2666
4095	2815	3071	3880	2788	2666
0	3071	3071	317	3028	2656
256	3071	3071	538	3042	2673
512	3071	3071	765	3048	2679
768	3071	3071	1002	3051	2683
1024	3071	3071	1226	3061	2689
1280	3071	3071	1465	3063	2692
1536	3071	3071	1699	3070	2697
1792	3071	3071	1929	3077	2701
2048	3071	3071	2157	3080	2702
2303	3071	3071	2393	3083	2699
2559	3071	3071	2633	3081	2695
2815	3071	3071	2858	3075	2688
3071	3071	3071	3078	3067	2679
3327	3071	3071	3291	3063	2675
3583	3071	3071	3499	3058	2668
3839	3071	3071	3690	3052	2661
4095	3071	3071	3886	3047	2657
0	3327	3071	333	3272	2653
256	3327	3071	555	3287	2667
512	3327	3071	784	3291	2672
768	3327	3071	1018	3299	2678
1024	3327	3071	1240	3303	2679
1280	3327	3071	1481	3309	2685
1536	3327	3071	1716	3317	2689
1792	3327	3071	1945	3322	2695
2048	3327	3071	2173	3324	2695
2303	3327	3071	2407	3323	2695
2559	3327	3071	2646	3322	2689
2815	3327	3071	2870	3316	2682
3071	3327	3071	3087	3311	2674
3327	3327	3071	3309	3305	2671
3583	3327	3071	3511	3302	2665
3839	3327	3071	3705	3296	2659
4095	3327	3071	3903	3300	2654
0	3583	3071	348	3495	2653
256	3583	3071	570	3508	2666
512	3583	3071	799	3515	2671
768	3583	3071	1035	3520	2676
1024	3583	3071	1255	3530	2678
1280	3583	3071	1499	3533	2682
1536	3583	3071	1729	3539	2687
1792	3583	3071	1957	3546	2691
2048	3583	3071	2188	3550	2693
2303	3583	3071	2423	3546	2691
2559	3583	3071	2657	3539	2685
2815	3583	3071	2881	3535	2679
3071	3583	3071	3100	3531	2671
3327	3583	3071	3319	3525	2666
3583	3583	3071	3527	3522	2665
3839	3583	3071	3721	3526	2660
4095	3583	3071	3927	3529	2659
0	3839	3071	367	3733	2656
256	3839	3071	588	3746	2668
512	3839	3071	817	3748	2671
768	3839	3071	1051	3756	2675
1024	3839	3071	1274	3758	2680
1280	3839	3071	1518	3768	2683
1536	3839	3071	1744	3769	2687
1792	3839	3071	1977	3777	2691
2048	3839	3071	2204	3773	2692
2303	3839	3071	2440	3771	2692
2559	3839	3071	2676	3766	2685
2815	3839	3071	2897	3757	2677
3071	3839	3071	3115	3751	2670
3327	3839	3071	3339	3750	2667
3583	3839	3071	3537	3751	2663
3839	3839	3071	3740	3753	2663
4095	3839	3071	3946	3758	2663
0	4095	3071	385	3949	2663
256	4095	3071	608	3960	2675
512	4095	3071	837	3965	2676
768	4095	3071	1068	3969	2679
1024	4095	3071	1292	3971	2683
1280	4095	3071	1539	3985	2688
1536	4095	3071	1766	3989	2689
1792	4095	3071	1994	3988	2694
2048	4095	3071	2223	3987	2695
2303	4095	3071	2459	3985	2692
2559	4095	3071	2693	3979	2686
2815	4095	3071	2913	3970	2677
3071	4095	3071	3131	3966	2668
3327	4095	3071	3354	3973	2666
3583	4095	3071	3557	3970	2663
3839	4095	3071	3758	3973	2664
4095	4095	3071	3966	3985	2668
0	0	3327	147	15	2970
256	0	3327	376	16	2927
512	0	3327	605	16	2917
768	0	3327	839	17	2907
1024	0	3327	1074	16	2900
1280	0	3327	1301	17	2898
1536	0	3327	1547	17	2896
1792	0	3327	1778	18	2890
2048	0	3327	2003	18	2889
2303	0	3327	2239	19	2888
2559	0	3327	2481	19	2883
2815	0	3327	2718	20	2877
3071	0	3327	2948	20	2869
3327	0	3327	3167	21	2863
3583	0	3327	3416	20	2864
3839	0	3327	3626	21	2860
4095	0	3327	3843	21	2865
0	256	3327	156	266	2940
256	256	3327	376	264	2919
512	256	3327	597	264	2927
768	256	3327	827	264	2917
1024	256	3327	1052	262	2909
1280	256	3327	1272	263	2902
1536	256	3327	1514	263	2899
1792	256	3327	1736	263	2894
2048	256	3327	1955	264	2891
2303	256	3327	2181	264	2887
2559	256	3327	2416	263	2883
2815	256	3327	2646	262	2875
3071	256	3327	2867	261	2863
3327	256	3327	3086	260	2855
3583	256	3327	3300	261	2853
3839	256	3327	3510	261	2847
4095	256	3327	3710	261	2852
0	512	3327	172	516	2925
256	512	3327	397	513	2921
512	512	3327	625	516	2935
768	512	3327	857	514	2935
1024	512	3327	1083	513	2926
1280	512	3327	1304	511	2917
1536	512	3327	1551	510	2912
1792	512	3327	1776	511	2909
2048	512	3327	1989	512	2908
2303	512	3327	2216	510	2902
2559	512	3327	2455	510	2896
2815	512	3327	2686	508	2886
3071	512	3327	2909	506	2876
3327	512	3327	3127	504	2869
3583	512	3327	3340	505	2862
3839	512	3327	3548	503	2858
4095	512	3327	3747	504	2858
0	768	3327	187	770	2912
256	768	3327	411	769	2916
512	768	3327	644	777	2935
768	768	3327	878	779	2940
1024	768	3327	1105	777	2940
1280	768	3327	1329	776	2932
1536	768	3327	1574	771	2926
1792	768	3327	1800	773	2922
2048	768	3327	2015	772	2923
2303	768	3327	2245	771	2915
2559	768	3327	2483	769	2907
2815	768	3327	2713	767	2897
3071	768	3327	2933	762	2885
3327	768	3327	3149	759	2877
3583	768	3327	3364	758	2873
3839	768	3327	3566	758	2869
4095	768	3327	3761	756	2867
0	1024	3327	203	1025	2905
256	1024	3327	425	1030	2915
512	1024	3327	658	1038	2928
768	1024	3327	897	1043	2938
1024	1024	3327	1127	1044	2944
1280	1024	3327	1354	1043	2946
1536	1024	3327	1598	1037	2940
1792	1024	3327	1825	1038	2938
2048	1024	3327	2039	1034	2936
2303	1024	3327	2271	1034	2928
2559	1024	3327	2509	1031	2917
2815	1024	3327	2742	1030	2907
3071	1024	3327	2960	1025	2898
3327	1024	3327	3174	1021	2888
3583	1024	3327	3388	1020	2880
3839	1024	3327	3595	1020	2877
4095	1024	3327	3787	1022	2876
0	1280	3327	218	1261	2903
256	1280	3327	439	1270	2917
512	1280	3327	671	1280	2928
768	1280	3327	910	1287	2939
1024	1280	3327	1143	1293	2948
1280	1280	3327	1378	1292	2951
1536	1280	3327	1617	1286	2950
1792	1280	3327	1845	1285	2947
2048	1280	3327	2064	1283	2940
2303	1280	3327	2293	1279	2938
2559	1280	3327	2531	1276	2927
2815	1280	3327	2758	1271	2917
3071	1280	3327	2982	1269	2903
3327	1280	3327	3200	1266	2892
3583	1280	3327	3411	1264	2888
3839	1280	3327	3615	1263	2886
4095	1280	3327	3809	1263	2884
0	1536	3327	235	1529	2926
256	1536	3327	459	1539	2913
512	1536	3327	693	1547	2932
768	1536	3327	932	1552	2941
1024	1536	3327	1162	1559	2947
1280	1536	3327	1397	1564	2951
1536	1536	3327	1640	1565	2953
1792	1536	3327	1870	1560	2952
2048	1536	3327	2087	1560	2947
2303	1536	3327	2319	1556	2946
2559	1536	3327	2559	1552	2935
2815	1536	3327	2786	1547	2922
3071	1536	3327	3005	1542	2910
3327	1536	3327	3222	1540	2902
3583	1536	3327	3435	1537	2897
3839	1536	3327	3638	1534	2891
4095	1536	3327	3833	1533	2888
0	1792	3327	251	1780	2900
256	1792	3327	475	1797	2917
512	1792	3327	708	1802	2928
768	1792	3327	947	1810	2938
1024	1792	3327	1176	1813	2946
1280	1792	3327	1415	1816	2953
1536	1792	3327	1659	1820	2956
1792	1792	3327	1888	1824	2955
2048	1792	3327	2110	1820	2951
2303	1792	3327	2343	1821	2950
2559	1792	3327	2583	1815	2940
2815	1792	3327	2807	1810	2932
3071	1792	3327	3026	1802	2917
3327	1792	3327	3246	1799	2908
3583	1792	3327	3459	1796	2900
3839	1792	3327	3656	1793	2895
4095	1792	3327	3846	1788	2892
0	2048	3327	268	2021	2903
256	2048	3327	490	2037	2916
512	2048	3327	723	2044	2929
768	2048	3327	961	2048	2939
1024	2048	3327	1191	2054	2948
1280	2048	3327	1431	2060	2951
1536	2048	3327	1674	2063	2954
1792	2048	3327	1906	2066	2959
2048	2048	3327	2133	2067	2962
2303	2048	3327	2367	2069	2955
2559	2048	3327	2606	2061	2946
2815	2048	3327	2832	2060	2937
3071	2048	3327	3053	2053	2921
3327	2048	3327	3268	2046	2911
3583	2048	3327	3478	2044	2905
3839	2048	3327	3679	2040	2899
4095	2048	3327	3872	2037	2895
0	2303	3327	284	2294	2903
256	2303	3327	505	2308	2919
512	2303	3327	739	2317	2924
768	2303	3327	978	2324	2935
1024	2303	3327	1204	2328	2945
1280	2303	3327	1445	2333	2951
1536	2303	3327	1687	2338	2953
1792	2303	3327	1920	2341	2957
2048	2303	3327	2150	2345	2961
2303	2303	3327	2381	2341	2953
2559	2303	3327	2622	2334	2943
2815	2303	3327	2845	2328	2934
3071	2303	3327	3068	2322	2926
3327	2303	3327	3286	2315	2917
3583	2303	3327	3496	2313	2910
3839	2303	3327	3688	2306	2902
4095	2303	3327	3883	2302	2897
0	2559	3327	299	2543	2899
256	2559	3327	523	2560	2916
512	2559	3327	754	2569	2920
768	2559	3327	993	2573	2926
1024	2559	3327	1218	2576	2934
1280	2559	3327	1459	2582	2942
1536	2559	3327	1699	2587	2945
1792	2559	3327	1931	2591	2949
2048	2559	3327	2160	2595	2953
2303	2559	3327	2394	2593	2949
2559	2559	3327	2637	2588	2943
2815	2559	3327	2863	2585	2930
3071	2559	3327	3082	2580	2921
3327	2559	3327	3295	2574	2914
3583	2559	3327	3500	2562	2906
3839	2559	3327	3700	2562	2903
4095	2559	3327	3900	2561	2898
0	2815	3327	314	2785	2892
256	2815	3327	538	2805	2908
512	2815	3327	769	2811	2914
768	2815	3327	1010	2821	2916
1024	2815	3327	1230	2818	2925
1280	2815	3327	1474	2826	2932
1536	2815	3327	1711	2831	2938
1792	2815	3327	1942	2838	2942
2048	2815	3327	2172	2840	2944
2303	2815	3327	2407	2838	2940
2559	2815	3327	2651	2833	2937
2815	2815	3327	2875	2826	2928
3071	2815	3327	3097	2818	2919
3327	2815	3327	3312	2815	2910
3583	2815	3327	3515	2808	2903
3839	2815	3327	3709	2804	2896
4095	2815	3327	3911	2804	2896
0	3071	3327	330	3041	2885
256	3071	3327	553	3058	2899
512	3071	3327	782	3061	2906
768	3071	3327	1020	3066	2910
1024	3071	3327	1244	3078	2918
1280	3071	3327	1488	3081	2921
1536	3071	3327	1722	3090	2928
1792	3071	3327	1952	3097	2933
2048	3071	3327	2181	3101	2935
2303	3071	3327	2418	3103	2932
2559	3071	3327	2658	3101	2927
2815	3071	3327	2884	3092	2920
3071	3071	3327	3107	3086	2912
3327	3071	3327	3322	3077	2905
3583	3071	3327	3529	3072	2897
3839	3071	3327	3719	3069	2891
4095	3071	3327	3923	3069	2891
0	3327	3327	346	3289	2884
256	3327	3327	570	3305	2899
512	3327	3327	801	3311	2905
768	3327	3327	1036	3316	2910
1024	3327	3327	1259	3321	2911
1280	3327	3327	1502	3328	2916
1536	3327	3327	1740	3339	2924
1792	3327	3327	1969	3344	2929
2048	3327	3327	2197	3346	2929
2303	3327	3327	2433	3345	2928
2559	3327	3327	2669	3343	2922
2815	3327	3327	2895	3334	2914
3071	3327	3327	3117	3326	2907
3327	3327	3327	3338	3322	2902
3583	3327	3327	3543	3324	2897
3839	3327	3327	3731	3315	2889
4095	3327	3327	3938	3321	2888
0	3583	3327	363	3516	2884
256	3583	3327	585	3527	2898
512	3583	3327	817	3535	2903
768	3583	3327	1053	3539	2910
1024	3583	3327	1275	3546	2912
1280	3583	3327	1520	3550	2916
1536	3583	3327	1753	3562	2921
1792	3583	3327	1983	3566	2925
2048	3583	3327	2212	3569	2927
2303	3583	3327	2446	3563	2924
2559	3583	3327	2681	3554	2917
2815	3583	3327	2908	3553	2910
3071	3583	3327	3129	3549	2902
3327	3583	3327	3349	3549	2899
3583	3583	3327	3552	3542	2896
3839	3583	3327	3752	3545	2892
4095	3583	3327	3960	3551	2890
0	3839	3327	380	3756	2891
256	3839	3327	605	3766	2902
512	3839	3327	835	3770	2905
768	3839	3327	1069	3777	2911
1024	3839	3327	1294	3776	2914
1280	3839	3327	1539	3786	2922
1536	3839	3327	1767	3790	2923
1792	3839	3327	1999	3793	2924
2048	3839	3327	2227	3789	2924
2303	3839	3327	2464	3788	2923
2559	3839	3327	2700	3783	2916
2815	3839	3327	2923	3777	2908
3071	3839	3327	3142	3774	2901
3327	3839	3327	3362	3769	2897
3583	3839	3327	3566	3771	2893
3839	3839	3327	3772	3779	2897
4095	3839	3327	3980	3780	2896
0	4095	3327	398	3971	2899
256	4095	3327	623	3984	2910
512	4095	3327	856	3989	2912
768	4095	3327	1088	3992	2916
1024	4095	3327	1314	3997	2917
1280	4095	3327	1559	4005	2924
1536	4095	3327	1788	4007	2926
1792	4095	3327	2017	4007	2928
2048	4095	3327	2247	4008	2926
2303	4095	3327	2481	4002	2921
2559	4095	3327	2716	3998	2915
2815	4095	3327	2941	3994	2909
3071	4095	3327	3159	3993	2902
3327	4095	3327	3382	3994	2898
3583	4095	3327	3585	3994	2893
3839	4095	3327	3791	3999	2899
4095	4095	3327	4000	4007	2898
0	0	3583	159	16	3190
256	0	3583	389	17	3140
512	0	3583	620	17	3126
768	0	3583	855	18	3117
1024	0	3583	1092	17	3108
1280	0	3583	1315	18	3099
1536	0	3583	1568	18	3102
1792	0	3583	1796	19	3100
2048	0	3583	2022	19	3097
2303	0	3583	2262	20	3098
2559	0	3583	2507	21	3095
2815	0	3583	2745	21	3087
3071	0	3583	2973	22	3080
3327	0	3583	3193	22	3070
3583	0	3583	3436	23	3065
3839	0	3583	3654	23	3069
4095	0	3583	3877	24	3070
0	256	3583	167	269	3169
256	256	3583	387	266	3148
512	256	3583	610	266	3156
768	256	3583	837	265	3146
1024	256	3583	1063	266	3136
1280	256	3583	1284	265	3127
1536	256	3583	1529	266	3124
1792	256	3583	1751	264	3127
2048	256	3583	1971	265	3125
2303	256	3583	2197	265	3122
2559	256	3583	2437	265	3114
2815	256	3583	2669	264	3104
3071	256	3583	2892	264	3096
3327	256	3583	3114	263	3092
3583	256	3583	3326	264	3088
3839	256	3583	3540	263	3081
4095	256	3583	3735	265	3081
0	512	3583	183	517	3153
256	512	3583	408	517	3146
512	512	3583	637	520	3162
768	512	3583	868	517	3162
1024	512	3583	1095	516	3151
1280	512	3583	1317	515	3143
1536	512	3583	1563	513	3139
1792	512	3583	1790	514	3137
2048	512	3583	2011	514	3140
2303	512	3583	2238	514	3134
2559	512	3583	2473	513	3123
2815	512	3583	2704	512	3115
3071	512	3583	2927	510	3109
3327	512	3583	3150	509	3102
3583	512	3583	3368	508	3099
3839	512	3583	3578	509	3092
4095	512	3583	3773	509	3089
0	768	3583	198	772	3138
256	768	3583	423	775	3140
512	768	3583	656	781	3157
768	768	3583	890	782	3165
1024	768	3583	1117	779	3165
1280	768	3583	1342	778	3157
1536	768	3583	1588	774	3154
1792	768	3583	1817	776	3151
2048	768	3583	2037	776	3154
2303	768	3583	2268	776	3146
2559	768	3583	2503	773	3131
2815	768	3583	2732	770	3123
3071	768	3583	2954	768	3115
3327	768	3583	3173	767	3107
3583	768	3583	3390	765	3101
3839	768	3583	3599	765	3101
4095	768	3583	3793	767	3103
0	1024	3583	214	1029	3124
256	1024	3583	437	1033	3135
512	1024	3583	670	1039	3150
768	1024	3583	909	1044	3159
1024	1024	3583	1138	1045	3168
1280	1024	3583	1367	1043	3173
1536	1024	3583	1612	1040	3166
1792	1024	3583	1840	1041	3159
2048	1024	3583	2057	1039	3163
2303	1024	3583	2294	1041	3160
2559	1024	3583	2533	1038	3144
2815	1024	3583	2760	1034	3137
3071	1024	3583	2983	1032	3128
3327	1024	3583	3200	1030	3120
3583	1024	3583	3412	1029	3113
3839	1024	3583	3621	1027	3107
4095	1024	3583	3821	1029	3100
0	1280	3583	229	1264	3123
256	1280	3583	452	1274	3139
512	1280	3583	684	1282	3151
768	1280	3583	922	1287	3161
1024	1280	3583	1156	1294	3169
1280	1280	3583	1391	1293	3176
1536	1280	3583	1633	1289	3176
1792	1280	3583	1859	1288	3169
2048	1280	3583	2083	1289	3171
2303	1280	3583	2315	1287	3169
2559	1280	3583	2554	1283	3152
2815	1280	3583	2782	1279	3146
3071	1280	3583	3008	1278	3137
3327	1280	3583	3228	1275	3129
3583	1280	3583	3439	1274	3124
3839	1280	3583	3639	1272	3119
4095	1280	3583	3834	1270	3115
0	1536	3583	247	1531	3118
256	1536	3583	471	1542	3142
512	1536	3583	705	1549	3154
768	1536	3583	944	1554	3161
1024	1536	3583	1177	1560	3168
1280	1536	3583	1414	1568	3173
1536	1536	3583	1654	1569	3176
1792	1536	3583	1882	1567	3182
2048	1536	3583	2106	1570	3178
2303	1536	3583	2337	1564	3169
2559	1536	3583	2579	1557	3164
2815	1536	3583	2807	1555	3154
3071	1536	3583	3029	1550	3140
3327	1536	3583	3249	1547	3134
3583	1536	3583	3465	1546	3129
3839	1536	3583	3667	1545	3123
4095	1536	3583	3860	1544	3122
0	1792	3583	263	1781	3122
256	1792	3583	487	1800	3147
512	1792	3583	720	1808	3154
768	1792	3583	960	1814	3163
1024	1792	3583	1190	1818	3169
1280	1792	3583	1429	1822	3175
1536	1792	3583	1674	1826	3182
1792	1792	3583	1909	1831	3187
2048	1792	3583	2133	1831	3190
2303	1792	3583	2361	1827	3176
2559	1792	3583	2605	1823	3171
2815	1792	3583	2827	1821	3160
3071	1792	3583	3049	1815	3151
3327	1792	3583	3272	1810	3145
3583	1792	3583	3488	1805	3138
3839	1792	3583	3686	1801	3129
4095	1792	3583	3877	1797	3125
0	2048	3583	280	2027	3125
256	2048	3583	505	2044	3149
512	2048	3583	739	2052	3158
768	2048	3583	977	2056	3167
1024	2048	3583	1206	2063	3173
1280	2048	3583	1447	2069	3176
1536	2048	3583	1692	2075	3182
1792	2048	3583	1928	2079	3192
2048	2048	3583	2157	2081	3192
2303	2048	3583	2389	2080	3179
2559	2048	3583	2627	2073	3171
2815	2048	3583	2856	2071	3162
3071	2048	3583	3079	2065	3148
3327	2048	3583	3298	2065	3141
3583	2048	3583	3508	2061	3136
3839	2048	3583	3703	2053	3129
4095	2048	3583	3903	2051	3126
0	2303	3583	296	2300	3124
256	2303	3583	519	2317	3146
512	2303	3583	754	2327	3150
768	2303	3583	995	2335	3160
1024	2303	3583	1221	2338	3169
1280	2303	3583	1463	2340	3175
1536	2303	3583	1705	2345	3180
1792	2303	3583	1940	2351	3184
2048	2303	3583	2170	2357	3186
2303	2303	3583	2399	2351	3180
2559	2303	3583	2642	2346	3173
2815	2303	3583	2864	2338	3158
3071	2303	3583	3087	2333	3150
3327	2303	3583	3310	2327	3143
3583	2303	3583	3525	2325	3140
3839	2303	3583	3718	2319	3130
4095	2303	3583	3916	2318	3128
0	2559	3583	312	2556	3121
256	2559	3583	536	2572	3140
512	2559	3583	769	2577	3144
768	2559	3583	1011	2587	3147
1024	2559	3583	1236	2590	3157
1280	2559	3583	1477	2593	3162
1536	2559	3583	1717	2596	3169
1792	2559	3583	1949	2601	3176
2048	2559	3583	2179	2606	3180
2303	2559	3583	2415	2608	3180
2559	2559	3583	2659	2600	3174
2815	2559	3583	2883	2594	3157
3071	2559	3583	3110	2592	3150
3327	2559	3583	3325	2586	3146
3583	2559	3583	3530	2577	3135
3839	2559	3583	3724	2576	3131
4095	2559	3583	3925	2574	3128
0	2815	3583	327	2801	3115
256	2815	3583	551	2817	3131
512	2815	3583	783	2818	3137
768	2815	3583	1025	2828	3141
1024	2815	3583	1249	2831	3148
1280	2815	3583	1495	2839	3159
1536	2815	3583	1731	2846	3165
1792	2815	3583	1963	2853	3170
2048	2815	3583	2193	2854	3170
2303	2815	3583	2427	2849	3167
2559	2815	3583	2671	2842	3165
2815	2815	3583	2898	2840	3160
3071	2815	3583	3118	2830	3150
3327	2815	3583	3337	2832	3144
3583	2815	3583	3537	2825	3134
3839	2815	3583	3736	2821	3128
4095	2815	3583	3946	2824	3128
0	3071	3583	344	3061	3111
256	3071	3583	567	3075	3128
512	3071	3583	799	3084	3133
768	3071	3583	1039	3088	3137
1024	3071	3583	1268	3106	3150
1280	3071	3583	1510	3103	3156
1536	3071	3583	1744	3112	3157
1792	3071	3583	1977	3117	3163
2048	3071	3583	2205	3121	3166
2303	3071	3583	2442	3121	3162
2559	3071	3583	2684	3115	3159
2815	3071	3583	2908	3106	3156
3071	3071	3583	3134	3104	3151
3327	3071	3583	3354	3096	3141
3583	3071	3583	3551	3085	3131
3839	3071	3583	3753	3085	3125
4095	3071	3583	3958	3090	3123
0	3327	3583	360	3310	3113
256	3327	3583	586	3324	3133
512	3327	3583	818	3336	3139
768	3327	3583	1055	3344	3140
1024	3327	3583	1282	3348	3150
1280	3327	3583	1527	3350	3153
1536	3327	3583	1761	3357	3158
1792	3327	3583	1994	3369	3165
2048	3327	3583	2223	3369	3164
2303	3327	3583	2460	3362	3161
2559	3327	3583	2696	3359	3159
2815	3327	3583	2920	3355	3152
3071	3327	3583	3144	3346	3144
3327	3327	3583	3365	3342	3138
3583	3327	3583	3579	3345	3134
3839	3327	3583	3770	3348	3126
4095	3327	3583	3972	3344	3128
0	3583	3583	377	3539	3119
256	3583	3583	603	3552	3134
512	3583	3583	836	3555	3138
768	3583	3583	1071	3563	3141
1024	3583	3583	1297	3571	3146
1280	3583	3583	1546	3577	3154
1536	3583	3583	1776	3582	3154
1792	3583	3583	2006	3589	3161
2048	3583	3583	2237	3588	3163
2303	3583	3583	2474	3581	3156
2559	3583	3583	2708	3577	3151
2815	3583	3583	2932	3572	3146
3071	3583	3583	3153	3564	3138
3327	3583	3583	3380	3567	3134
3583	3583	3583	3594	3578	3131
3839	3583	3583	3787	3568	3135
4095	3583	3583	3997	3570	3129
0	3839	3583	394	3780	3127
256	3839	3583	621	3791	3139
512	3839	3583	856	3798	3145
768	3839	3583	1091	3802	3149
1024	3839	3583	1315	3800	3145
1280	3839	3583	1561	3810	3155
1536	3839	3583	1792	3808	3161
1792	3839	3583	2023	3812	3160
2048	3839	3583	2253	3811	3160
2303	3839	3583	2487	3807	3156
2559	3839	3583	2722	3801	3150
2815	3839	3583	2950	3796	3143
3071	3839	3583	3171	3795	3136
3327	3839	3583	3392	3797	3132
3583	3839	3583	3608	3799	3138
3839	3839	3583	3808	3802	3132
4095	3839	3583	4010	3804	3132
0	4095	3583	412	4000	3140
256	4095	3583	640	4010	3146
512	4095	3583	875	4015	3147
768	4095	3583	1108	4020	3153
1024	4095	3583	1340	4024	3153
1280	4095	3583	1583	4026	3158
1536	4095	3583	1812	4030	3168
1792	4095	3583	2042	4031	3164
2048	4095	3583	2270	4028	3161
2303	4095	3583	2504	4020	3154
2559	4095	3583	2742	4020	3148
2815	4095	3583	2969	4021	3142
3071	4095	3583	3190	4020	3139
3327	4095	3583	3418	4018	3140
3583	4095	3583	3629	4025	3137
3839	4095	3583	3823	4025	3135
4095	4095	3583	4030	4024	3134
0	0	3839	172	17	3502
256	0	3839	405	18	3479
512	0	3839	637	19	3461
768	0	3839	875	19	3453
1024	0	3839	1114	19	3441
1280	0	3839	1338	20	3444
1536	0	3839	1591	20	3444
1792	0	3839	1828	20	3447
2048	0	3839	2058	21	3452
2303	0	3839	2295	21	3456
2559	0	3839	2541	22	3458
2815	0	3839	2783	22	3449
3071	0	3839	3008	23	3438
3327	0	3839	3232	23	3448
3583	0	3839	3475	24	3453
3839	0	3839	3694	24	3453
4095	0	3839	3913	25	3460
0	256	3839	179	272	3373
256	256	3839	401	269	3360
512	256	3839	625	270	3350
768	256	3839	856	268	3339
1024	256	3839	1085	268	3337
1280	256	3839	1306	269	3331
1536	256	3839	1542	268	3337
1792	256	3839	1779	268	3337
2048	256	3839	1997	268	3334
2303	256	3839	2229	269	3336
2559	256	3839	2467	268	3326
2815	256	3839	2695	267	3316
3071	256	3839	2917	267	3305
3327	256	3839	3143	267	3308
3583	256	3839	3363	268	3305
3839	256	3839	3568	268	3314
4095	256	3839	3776	270	3314
0	512	3839	195	520	3370
256	512	3839	421	523	3394
512	512	3839	650	524	3379
768	512	3839	882	523	3375
1024	512	3839	1111	519	3365
1280	512	3839	1339	519	3363
1536	512	3839	1582	519	3364
1792	512	3839	1813	519	3363
2048	512	3839	2031	518	3363
2303	512	3839	2262	518	3366
2559	512	3839	2498	516	3354
2815	512	3839	2731	516	3345
3071	512	3839	2959	515	3335
3327	512	3839	3183	515	3331
3583	512	3839	3399	515	3326
3839	512	3839	3603	515	3330
4095	512	3839	3806	517	3338
0	768	3839	211	776	3361
256	768	3839	435	781	3382
512	768	3839	668	787	3393
768	768	3839	904	786	3390
1024	768	3839	1134	783	3381
1280	768	3839	1364	782	3377
1536	768	3839	1606	782	3381
1792	768	3839	1834	780	3381
2048	768	3839	2060	782	3381
2303	768	3839	2292	782	3382
2559	768	3839	2528	778	3364
2815	768	3839	2756	776	3354
3071	768	3839	2981	774	3351
3327	768	3839	3205	774	3341
3583	768	3839	3422	775	3336
3839	768	3839	3627	772	3345
4095	768	3839	3835	776	3339
0	1024	3839	227	1032	3353
256	1024	3839	452	1040	3382
512	1024	3839	687	1047	3394
768	1024	3839	927	1050	3405
1024	1024	3839	1157	1051	3396
1280	1024	3839	1389	1049	3393
1536	1024	3839	1630	1049	3397
1792	1024	3839	1859	1047	3388
2048	1024	3839	2085	1049	3392
2303	1024	3839	2314	1049	3391
2559	1024	3839	2553	1046	3372
2815	1024	3839	2783	1041	3369
3071	1024	3839	3007	1039	3353
3327	1024	3839	3232	1039	3355
3583	1024	3839	3448	1039	3344
3839	1024	3839	3648	1038	3347
4095	1024	3839	3858	1040	3349
0	1280	3839	242	1274	3352
256	1280	3839	468	1281	3375
512	1280	3839	703	1288	3388
768	1280	3839	943	1292	3398
1024	1280	3839	1177	1298	3410
1280	1280	3839	1413	1299	3401
1536	1280	3839	1653	1299	3405
1792	1280	3839	1883	1299	3403
2048	1280	3839	2106	1297	3399
2303	1280	3839	2341	1297	3399
2559	1280	3839	2581	1292	3387
2815	1280	3839	2807	1289	3371
3071	1280	3839	3028	1287	3360
3327	1280	3839	3255	1288	3366
3583	1280	3839	3471	1285	3357
3839	1280	3839	3672	1285	3356
4095	1280	3839	3873	1287	3356
0	1536	3839	258	1535	3376
256	1536	3839	485	1556	3377
512	1536	3839	720	1563	3388
768	1536	3839	961	1570	3399
1024	1536	3839	1192	1572	3404
1280	1536	3839	1434	1578	3423
1536	1536	3839	1677	1581	3412
1792	1536	3839	1903	1579	3411
2048	1536	3839	2127	1575	3408
2303	1536	3839	2364	1577	3394
2559	1536	3839	2609	1573	3393
2815	1536	3839	2835	1569	3385
3071	1536	3839	3059	1562	3377
3327	1536	3839	3282	1560	3374
3583	1536	3839	3494	1557	3360
3839	1536	3839	3697	1556	3364
4095	1536	3839	3900	1556	3366
0	1792	3839	276	1797	3353
256	1792	3839	501	1814	3379
512	1792	3839	733	1813	3379
768	1792	3839	974	1820	3401
1024	1792	3839	1208	1830	3415
1280	1792	3839	1451	1838	3417
1536	1792	3839	1696	1842	3430
1792	1792	3839	1929	1843	3420
2048	1792	3839	2150	1841	3423
2303	1792	3839	2385	1838	3404
2559	1792	3839	2626	1832	3394
2815	1792	3839	2849	1825	3394
3071	1792	3839	3072	1819	3376
3327	1792	3839	3299	1822	3380
3583	1792	3839	3510	1820	3369
3839	1792	3839	3711	1815	3367
4095	1792	3839	3917	1815	3373
0	2048	3839	293	2038	3357
256	2048	3839	519	2055	3383
512	2048	3839	754	2065	3383
768	2048	3839	996	2072	3391
1024	2048	3839	1225	2077	3403
1280	2048	3839	1468	2079	3417
1536	2048	3839	1710	2085	3419
1792	2048	3839	1947	2092	3433
2048	2048	3839	2181	2098	3425
2303	2048	3839	2409	2095	3412
2559	2048	3839	2648	2088	3396
2815	2048	3839	2873	2082	3395
3071	2048	3839	3103	2077	3394
3327	2048	3839	3326	2074	3391
3583	2048	3839	3538	2070	3383
3839	2048	3839	3739	2068	3383
4095	2048	3839	3940	2070	3375
0	2303	3839	309	2318	3363
256	2303	3839	535	2332	3391
512	2303	3839	771	2340	3400
768	2303	3839	1011	2348	3404
1024	2303	3839	1239	2351	3403
1280	2303	3839	1484	2353	3418
1536	2303	3839	1724	2356	3422
1792	2303	3839	1958	2364	3425
2048	2303	3839	2190	2367	3438
2303	2303	3839	2425	2360	3427
2559	2303	3839	2668	2355	3415
2815	2303	3839	2888	2344	3397
3071	2303	3839	3113	2341	3397
3327	2303	3839	3334	2344	3387
3583	2303	3839	3547	2337	3383
3839	2303	3839	3751	2337	3375
4095	2303	3839	3954	2338	3375
0	2559	3839	324	2569	3363
256	2559	3839	550	2582	3382
512	2559	3839	786	2591	3385
768	2559	3839	1026	2600	3389
1024	2559	3839	1255	2603	3399
1280	2559	3839	1503	2613	3405
1536	2559	3839	1739	2612	3407
1792	2559	3839	1970	2618	3415
2048	2559	3839	2203	2623	3423
2303	2559	3839	2443	2623	3423
2559	2559	3839	2688	2619	3412
2815	2559	3839	2912	2613	3403
3071	2559	3839	3130	2609	3392
3327	2559	3839	3351	2601	3382
3583	2559	3839	3569	2599	3378
3839	2559	3839	3770	2600	3372
4095	2559	3839	3964	2597	3367
0	2815	3839	340	2820	3359
256	2815	3839	567	2832	3376
512	2815	3839	801	2835	3381
768	2815	3839	1043	2845	3392
1024	2815	3839	1268	2848	3389
1280	2815	3839	1518	2858	3398
1536	2815	3839	1753	2859	3408
1792	2815	3839	1985	2865	3408
2048	2815	3839	2213	2864	3405
2303	2815	3839	2451	2858	3404
2559	2815	3839	2695	2860	3404
2815	2815	3839	2921	2859	3397
3071	2815	3839	3140	2844	3386
3327	2815	3839	3366	2846	3381
3583	2815	3839	3587	2849	3372
3839	2815	3839	3775	2847	3368
4095	2815	3839	3974	2842	3366
0	3071	3839	357	3084	3355
256	3071	3839	583	3100	3374
512	3071	3839	818	3105	3382
768	3071	3839	1057	3110	3380
1024	3071	3839	1281	3120	3383
1280	3071	3839	1532	3122	3394
1536	3071	3839	1766	3125	3398
1792	3071	3839	1999	3132	3406
2048	3071	3839	2230	3135	3409
2303	3071	3839	2468	3135	3405
2559	3071	3839	2706	3130	3398
2815	3071	3839	2932	3118	3390
3071	3071	3839	3157	3117	3382
3327	3071	3839	3382	3113	3378
3583	3071	3839	3594	3109	3372
3839	3071	3839	3789	3107	3371
4095	3071	3839	3993	3106	3364
0	3327	3839	375	3339	3364
256	3327	3839	603	3354	3375
512	3327	3839	837	3362	3381
768	3327	3839	1076	3365	3389
1024	3327	3839	1302	3368	3393
1280	3327	3839	1553	3378	3402
1536	3327	3839	1785	3387	3405
1792	3327	3839	2018	3387	3411
2048	3327	3839	2247	3388	3410
2303	3327	3839	2485	3384	3402
2559	3327	3839	2725	3378	3395
2815	3327	3839	2951	3371	3388
3071	3327	3839	3170	3362	3379
3327	3327	3839	3404	3371	3383
3583	3327	3839	3607	3362	3372
3839	3327	3839	3802	3369	3363
4095	3327	3839	4006	3369	3361
0	3583	3839	391	3566	3369
256	3583	3839	620	3578	3379
512	3583	3839	856	3584	3383
768	3583	3839	1092	3593	3389
1024	3583	3839	1321	3596	3396
1280	3583	3839	1572	3604	3399
1536	3583	3839	1799	3608	3402
1792	3583	3839	2030	3605	3407
2048	3583	3839	2260	3603	3406
2303	3583	3839	2499	3601	3398
2559	3583	3839	2739	3600	3388
2815	3583	3839	2963	3594	3380
3071	3583	3839	3181	3585	3374
3327	3583	3839	3414	3594	3376
3583	3583	3839	3623	3599	3367
3839	3583	3839	3819	3597	3364
4095	3583	3839	4023	3589	3363
0	3839	3839	408	3810	3375
256	3839	3839	638	3820	3388
512	3839	3839	876	3826	3394
768	3839	3839	1111	3830	3394
1024	3839	3839	1340	3834	3398
1280	3839	3839	1589	3836	3402
1536	3839	3839	1816	3833	3399
1792	3839	3839	2046	3833	3408
2048	3839	3839	2278	3834	3402
2303	3839	3839	2517	3830	3390
2559	3839	3839	2750	3826	3382
2815	3839	3839	2975	3820	3380
3071	3839	3839	3201	3820	3378
3327	3839	3839	3430	3829	3371
3583	3839	3839	3637	3830	3370
3839	3839	3839	3832	3825	3373
4095	3839	3839	4046	3826	3365
0	4095	3839	426	4031	3390
256	4095	3839	657	4038	3394
512	4095	3839	895	4042	3394
768	4095	3839	1129	4045	3398
1024	4095	3839	1361	4048	3402
1280	4095	3839	1604	4048	3406
1536	4095	3839	1833	4060	3409
1792	4095	3839	2065	4053	3405
2048	4095	3839	2297	4053	3403
2303	4095	3839	2533	4051	3393
2559	4095	3839	2765	4040	3384
2815	4095	3839	2992	4038	3379
3071	4095	3839	3221	4046	3376
3327	4095	3839	3447	4049	3374
3583	4095	3839	3655	4043	3372
3839	4095	3839	3859	4048	3369
4095	4095	3839	4056	4048	3368
0	0	4095	185	19	3714
256	0	4095	419	19	3695
512	0	4095	654	20	3677
768	0	4095	895	20	3669
1024	0	4095	1132	21	3658
1280	0	4095	1364	21	3661
1536	0	4095	1616	21	3664
1792	0	4095	1852	21	3664
2048	0	4095	2089	22	3673
2303	0	4095	2328	22	3671
2559	0	4095	2570	23	3666
2815	0	4095	2809	23	3659
3071	0	4095	3038	24	3652
3327	0	4095	3265	24	3656
3583	0	4095	3505	25	3665
3839	0	4095	3733	25	3681
4095	0	4095	3959	26	3684
0	256	4095	191	274	3603
256	256	4095	414	272	3592
512	256	4095	642	273	3582
768	256	4095	875	272	3568
1024	256	4095	1102	271	3563
1280	256	4095	1326	272	3558
1536	256	4095	1569	271	3557
1792	256	4095	1800	272	3556
2048	256	4095	2026	272	3559
2303	256	4095	2254	273	3554
2559	256	4095	2491	271	3544
2815	256	4095	2722	271	3538
3071	256	4095	2947	270	3527
3327	256	4095	3168	271	3520
3583	256	4095	3389	271	3532
3839	256	4095	3613	273	3545
4095	256	4095	3820	274	3546
0	512	4095	208	525	3599
256	512	4095	435	526	3620
512	512	4095	667	527	3609
768	512	4095	901	526	3606
1024	512	4095	1130	525	3593
1280	512	4095	1360	525	3590
1536	512	4095	1604	524	3586
1792	512	4095	1834	524	3589
2048	512	4095	2057	523	3588
2303	512	4095	2291	525	3579
2559	512	4095	2528	523	3570
2815	512	4095	2758	521	3556
3071	512	4095	2984	520	3550
3327	512	4095	3208	520	3544
3583	512	4095	3429	520	3553
3839	512	4095	3646	521	3560
4095	512	4095	3849	525	3560
0	768	4095	224	784	3587
256	768	4095	451	787	3608
512	768	4095	687	791	3620
768	768	4095	924	792	3619
1024	768	4095	1152	791	3610
1280	768	4095	1383	789	3607
1536	768	4095	1626	787	3607
1792	768	4095	1861	788	3603
2048	768	4095	2084	788	3597
2303	768	4095	2314	788	3596
2559	768	4095	2557	786	3580
2815	768	4095	2786	783	3569
3071	768	4095	3007	781	3559
3327	768	4095	3229	779	3554
3583	768	4095	3453	781	3563
3839	768	4095	3671	783	3565
4095	768	4095	3871	784	3568
0	1024	4095	239	1041	3579
256	1024	4095	466	1049	3607
512	1024	4095	703	1055	3621
768	1024	4095	944	1059	3632
1024	1024	4095	1176	1060	3623
1280	1024	4095	1409	1057	3621
1536	1024	4095	1652	1056	3616
1792	1024	4095	1886	1057	3612
2048	1024	4095	2106	1056	3608
2303	1024	4095	2334	1052	3607
2559	1024	4095	2576	1049	3588
2815	1024	4095	2806	1047	3583
3071	1024	4095	3034	1047	3571
3327	1024	4095	3255	1045	3561
3583	1024	4095	3477	1046	3575
3839	1024	4095	3695	1050	3570
4095	1024	4095	3892	1049	3577
0	1280	4095	254	1279	3596
256	1280	4095	481	1293	3600
512	1280	4095	719	1300	3613
768	1280	4095	961	1305	3624
1024	1280	4095	1194	1307	3629
1280	1280	4095	1430	1308	3625
1536	1280	4095	1673	1307	3629
1792	1280	4095	1906	1307	3620
2048	1280	4095	2131	1305	3615
2303	1280	4095	2360	1304	3602
2559	1280	4095	2601	1298	3600
2815	1280	4095	2828	1295	3588
3071	1280	4095	3053	1294	3578
3327	1280	4095	3276	1295	3570
3583	1280	4095	3500	1296	3578
3839	1280	4095	3713	1297	3578
4095	1280	4095	3910	1297	3579
0	1536	4095	271	1551	3596
256	1536	4095	498	1569	3601
512	1536	4095	733	1571	3613
768	1536	4095	975	1576	3623
1024	1536	4095	1208	1581	3628
1280	1536	4095	1452	1588	3635
1536	1536	4095	1695	1589	3637
1792	1536	4095	1930	1589	3631
2048	1536	4095	2158	1590	3624
2303	1536	4095	2384	1584	3612
2559	1536	4095	2628	1581	3609
2815	1536	4095	2853	1576	3593
3071	1536	4095	3078	1569	3586
3327	1536	4095	3299	1565	3578
3583	1536	4095	3521	1569	3586
3839	1536	4095	3731	1571	3583
4095	1536	4095	3931	1571	3588
0	1792	4095	290	1810	3574
256	1792	4095	515	1826	3612
512	1792	4095	751	1831	3613
768	1792	4095	994	1837	3617
1024	1792	4095	1225	1842	3629
1280	1792	4095	1469	1844	3632
1536	1792	4095	1716	1851	3650
1792	1792	4095	1952	1855	3641
2048	1792	4095	2178	1854	3632
2303	1792	4095	2412	1852	3620
2559	1792	4095	2655	1845	3609
2815	1792	4095	2880	1838	3606
3071	1792	4095	3097	1832	3586
3327	1792	4095	3324	1830	3587
3583	1792	4095	3550	1831	3595
3839	1792	4095	3753	1828	3595
4095	1792	4095	3951	1827	3594
0	2048	4095	306	2057	3576
256	2048	4095	534	2069	3605
512	2048	4095	769	2076	3615
768	2048	4095	1010	2083	3615
1024	2048	4095	1241	2088	3619
1280	2048	4095	1491	2093	3632
1536	2048	4095	1737	2101	3644
1792	2048	4095	1973	2105	3649
2048	2048	4095	2200	2105	3638
2303	2048	4095	2429	2099	3626
2559	2048	4095	2671	2093	3609
2815	2048	4095	2896	2087	3598
3071	2048	4095	3121	2081	3596
3327	2048	4095	3349	2088	3601
3583	2048	4095	3570	2086	3598
3839	2048	4095	3773	2085	3598
4095	2048	4095	3972	2084	3596
0	2303	4095	322	2334	3576
256	2303	4095	551	2350	3604
512	2303	4095	787	2351	3615
768	2303	4095	1027	2353	3616
1024	2303	4095	1257	2360	3619
1280	2303	4095	1506	2366	3625
1536	2303	4095	1751	2374	3630
1792	2303	4095	1983	2377	3646
2048	2303	4095	2214	2376	3650
2303	2303	4095	2451	2374	3639
2559	2303	4095	2691	2367	3626
2815	2303	4095	2914	2365	3599
3071	2303	4095	3134	2355	3597
3327	2303	4095	3366	2356	3599
3583	2303	4095	3584	2354	3599
3839	2303	4095	3782	2353	3596
4095	2303	4095	3985	2352	3595
0	2559	4095	338	2584	3576
256	2559	4095	567	2600	3597
512	2559	4095	803	2607	3607
768	2559	4095	1044	2611	3617
1024	2559	4095	1273	2618	3619
1280	2559	4095	1521	2627	3623
1536	2559	4095	1763	2630	3633
1792	2559	4095	1994	2631	3637
2048	2559	4095	2226	2632	3641
2303	2559	4095	2465	2634	3636
2559	2559	4095	2704	2631	3625
2815	2559	4095	2926	2621	3612
3071	2559	4095	3152	2615	3598
3327	2559	4095	3379	2614	3598
3583	2559	4095	3594	2616	3602
3839	2559	4095	3790	2609	3600
4095	2559	4095	3997	2611	3589
0	2815	4095	353	2834	3568
256	2815	4095	582	2847	3594
512	2815	4095	820	2857	3597
768	2815	4095	1060	2859	3609
1024	2815	4095	1286	2862	3610
1280	2815	4095	1536	2872	3620
1536	2815	4095	1775	2876	3624
1792	2815	4095	2006	2875	3626
2048	2815	4095	2236	2879	3632
2303	2815	4095	2475	2879	3630
2559	2815	4095	2716	2874	3618
2815	2815	4095	2947	2867	3603
3071	2815	4095	3170	2865	3595
3327	2815	4095	3393	2867	3595
3583	2815	4095	3609	2862	3596
3839	2815	4095	3804	2860	3602
4095	2815	4095	4008	2863	3593
0	3071	4095	370	3106	3569
256	3071	4095	598	3120	3582
512	3071	4095	835	3124	3598
768	3071	4095	1076	3132	3609
1024	3071	4095	1303	3136	3611
1280	3071	4095	1554	3139	3612
1536	3071	4095	1789	3149	3610
1792	3071	4095	2019	3147	3621
2048	3071	4095	2250	3150	3618
2303	3071	4095	2489	3147	3620
2559	3071	4095	2728	3138	3612
2815	3071	4095	2955	3134	3602
3071	3071	4095	3181	3136	3602
3327	3071	4095	3410	3129	3605
3583	3071	4095	3624	3128	3604
3839	3071	4095	3817	3130	3596
4095	3071	4095	4016	3124	3588
0	3327	4095	389	3364	3562
256	3327	4095	620	3378	3590
512	3327	4095	856	3381	3592
768	3327	4095	1094	3387	3603
1024	3327	4095	1322	3394	3606
1280	3327	4095	1573	3390	3610
1536	3327	4095	1806	3397	3610
1792	3327	4095	2040	3407	3615
2048	3327	4095	2270	3403	3618
2303	3327	4095	2507	3394	3616
2559	3327	4095	2744	3389	3606
2815	3327	4095	2972	3389	3598
3071	3327	4095	3199	3386	3607
3327	3327	4095	3433	3391	3600
3583	3327	4095	3638	3390	3592
3839	3327	4095	3833	3382	3593
4095	3327	4095	4038	3381	3589
0	3583	4095	406	3594	3572
256	3583	4095	636	3606	3598
512	3583	4095	875	3612	3600
768	3583	4095	1113	3616	3607
1024	3583	4095	1345	3621	3609
1280	3583	4095	1591	3626	3613
1536	3583	4095	1827	3629	3612
1792	3583	4095	2058	3629	3613
2048	3583	4095	2287	3627	3624
2303	3583	4095	2520	3620	3615
2559	3583	4095	2757	3615	3604
2815	3583	4095	2989	3614	3608
3071	3583	4095	3214	3617	3603
3327	3583	4095	3443	3620	3602
3583	3583	4095	3655	3614	3596
3839	3583	4095	3858	3617	3595
4095	3583	4095	4056	3614	3598
0	3839	4095	424	3845	3582
256	3839	4095	656	3849	3600
512	3839	4095	895	3850	3603
768	3839	4095	1131	3852	3613
1024	3839	4095	1364	3857	3611
1280	3839	4095	1611	3857	3617
1536	3839	4095	1839	3856	3621
1792	3839	4095	2072	3856	3621
2048	3839	4095	2305	3856	3619
2303	3839	4095	2538	3843	3615
2559	3839	4095	2778	3844	3605
2815	3839	4095	3006	3848	3603
3071	3839	4095	3229	3847	3599
3327	3839	4095	3459	3843	3599
3583	3839	4095	3673	3848	3604
3839	3839	4095	3866	3849	3595
4095	3839	4095	4072	3841	3595
0	4095	4095	443	4064	3600
256	4095	4095	675	4072	3609
512	4095	4095	914	4072	3608
768	4095	4095	1148	4068	3611
1024	4095	4095	1381	4070	3616
1280	4095	4095	1627	4079	3619
1536	4095	4095	1860	4083	3625
1792	4095	4095	2092	4082	3625
2048	4095	4095	2320	4072	3619
2303	4095	4095	2562	4072	3616
2559	4095	4095	2797	4071	3601
2815	4095	4095	3019	4071	3604
3071	4095	4095	3247	4068	3601
3327	4095	4095	3475	4069	3606
3583	4095	4095	3684	4073	3598
3839	4095	4095	3890	4072	3598
4095	4095	4095	4095	4079	3591
