0	0	0	0	0	0
256	0	0	248	0	0
512	0	0	491	0	0
768	0	0	740	0	0
1024	0	0	988	0	0
1280	0	0	1228	0	0
1536	0	0	1485	0	0
1792	0	0	1734	0	0
2048	0	0	1982	0	0
2303	0	0	2237	0	0
2559	0	0	2494	0	0
2815	0	0	2742	0	0
3071	0	0	2991	0	0
3327	0	0	3262	0	0
3583	0	0	3488	0	0
3839	0	0	3736	0	0
4095	0	0	3973	0	0
0	256	0	0	246	0
256	256	0	237	237	0
512	256	0	465	232	0
768	256	0	696	228	0
1024	256	0	934	224	0
1280	256	0	1148	222	0
1536	256	0	1398	220	0
1792	256	0	1623	218	0
2048	256	0	1844	216	0
2303	256	0	2091	215	0
2559	256	0	2323	213	0
2815	256	0	2562	211	0
3071	256	0	2774	209	0
3327	256	0	3028	210	0
3583	256	0	3236	211	0
3839	256	0	3470	211	0
4095	256	0	3669	213	0
0	512	0	0	491	0
256	512	0	231	467	0
512	512	0	461	466	0
768	512	0	694	459	0
1024	512	0	932	451	0
1280	512	0	1152	445	0
1536	512	0	1394	439	0
1792	512	0	1621	435	0
2048	512	0	1847	434	0
2303	512	0	2087	433	0
2559	512	0	2326	428	0
2815	512	0	2558	423	0
3071	512	0	2779	422	0
3327	512	0	3037	422	0
3583	512	0	3241	426	0
3839	512	0	3466	427	0
4095	512	0	3675	429	0
0	768	0	0	739	0
256	768	0	225	698	0
512	768	0	453	698	0
768	768	0	694	694	0
1024	768	0	926	683	0
1280	768	0	1144	676	0
1536	768	0	1387	669	0
1792	768	0	1617	666	0
2048	768	0	1841	666	0
2303	768	0	2078	662	0
2559	768	0	2318	657	0
2815	768	0	2554	652	0
3071	768	0	2768	648	0
3327	768	0	3011	648	0
3583	768	0	3228	650	0
3839	768	0	3438	652	0
4095	768	0	3658	655	0
0	1024	0	0	985	0
256	1024	0	223	932	0
512	1024	0	447	932	0
768	1024	0	684	926	0
1024	1024	0	921	923	0
1280	1024	0	1138	911	0
1536	1024	0	1386	905	0
1792	1024	0	1612	899	0
2048	1024	0	1833	900	0
2303	1024	0	2068	899	0
2559	1024	0	2309	887	0
2815	1024	0	2544	882	0
3071	1024	0	2761	877	0
3327	1024	0	3011	882	0
3583	1024	0	3230	885	0
3839	1024	0	3439	885	0
4095	1024	0	3649	891	0
0	1280	0	0	1226	0
256	1280	0	218	1150	0
512	1280	0	441	1148	0
768	1280	0	676	1140	0
1024	1280	0	910	1133	0
1280	1280	0	1135	1136	0
1536	1280	0	1378	1124	0
1792	1280	0	1603	1116	0
2048	1280	0	1828	1116	0
2303	1280	0	2064	1111	0
2559	1280	0	2306	1102	0
2815	1280	0	2541	1097	0
3071	1280	0	2756	1090	0
3327	1280	0	3003	1096	0
3583	1280	0	3224	1099	0
3839	1280	0	3434	1100	0
4095	1280	0	3645	1103	0
0	1536	0	0	1481	0
256	1536	0	217	1393	0
512	1536	0	436	1387	0
768	1536	0	670	1379	0
1024	1536	0	905	1376	0
1280	1536	0	1123	1374	0
1536	1536	0	1375	1371	0
1792	1536	0	1607	1362	0
2048	1536	0	1828	1365	0
2303	1536	0	2069	1364	0
2559	1536	0	2313	1355	0
2815	1536	0	2538	1348	0
3071	1536	0	2755	1340	0
3327	1536	0	3010	1346	0
3583	1536	0	3224	1345	0
3839	1536	0	3432	1351	0
4095	1536	0	3653	1359	0
0	1792	0	0	1729	0
256	1792	0	216	1621	0
512	1792	0	433	1614	0
768	1792	0	669	1610	0
1024	1792	0	900	1603	0
1280	1792	0	1119	1602	0
1536	1792	0	1375	1597	0
1792	1792	0	1612	1605	0
2048	1792	0	1836	1604	0
2303	1792	0	2075	1597	0
2559	1792	0	2316	1588	0
2815	1792	0	2544	1581	0
3071	1792	0	2776	1580	0
3327	1792	0	3000	1577	0
3583	1792	0	3231	1590	0
3839	1792	0	3449	1591	0
4095	1792	0	3672	1600	0
0	2048	0	0	1976	0
256	2048	0	215	1840	0
512	2048	0	433	1837	0
768	2048	0	666	1832	0
1024	2048	0	895	1824	0
1280	2048	0	1117	1821	0
1536	2048	0	1368	1818	0
1792	2048	0	1615	1830	0
2048	2048	0	1841	1830	0
2303	2048	0	2075	1822	0
2559	2048	0	2324	1815	0
2815	2048	0	2552	1807	0
3071	2048	0	2780	1803	0
3327	2048	0	3006	1809	0
3583	2048	0	3250	1818	0
3839	2048	0	3457	1818	0
4095	2048	0	3675	1824	0
0	2303	0	0	2236	0
256	2303	0	214	2090	0
512	2303	0	429	2093	0
768	2303	0	660	2082	0
1024	2303	0	889	2080	0
1280	2303	0	1110	2071	0
1536	2303	0	1365	2073	0
1792	2303	0	1610	2075	0
2048	2303	0	1833	2080	0
2303	2303	0	2068	2073	0
2559	2303	0	2327	2076	0
2815	2303	0	2555	2066	0
3071	2303	0	2784	2058	0
3327	2303	0	3021	2063	0
3583	2303	0	3238	2066	0
3839	2303	0	3462	2077	0
4095	2303	0	3681	2090	0
0	2559	0	0	2486	0
256	2559	0	212	2313	0
512	2559	0	427	2317	0
768	2559	0	657	2308	0
1024	2559	0	885	2298	0
1280	2559	0	1105	2295	0
1536	2559	0	1361	2301	0
1792	2559	0	1597	2301	0
2048	2559	0	1825	2305	0
2303	2559	0	2068	2309	0
2559	2559	0	2322	2307	0
2815	2559	0	2553	2298	0
3071	2559	0	2774	2294	0
3327	2559	0	3020	2302	0
3583	2559	0	3234	2302	0
3839	2559	0	3449	2309	0
4095	2559	0	3678	2322	0
0	2815	0	0	2733	0
256	2815	0	210	2549	0
512	2815	0	422	2543	0
768	2815	0	652	2538	0
1024	2815	0	883	2533	0
1280	2815	0	1101	2528	0
1536	2815	0	1348	2532	0
1792	2815	0	1590	2530	0
2048	2815	0	1820	2535	0
2303	2815	0	2063	2539	0
2559	2815	0	2312	2526	0
2815	2815	0	2553	2528	0
3071	2815	0	2767	2511	0
3327	2815	0	3008	2530	0
3583	2815	0	3235	2531	0
3839	2815	0	3458	2546	0
4095	2815	0	3681	2555	0
0	3071	0	1	2981	0
256	3071	0	209	2771	0
512	3071	0	423	2777	0
768	3071	0	649	2770	0
1024	3071	0	879	2758	0
1280	3071	0	1097	2753	0
1536	3071	0	1342	2759	0
1792	3071	0	1590	2768	0
2048	3071	0	1813	2764	0
2303	3071	0	2054	2774	0
2559	3071	0	2302	2769	0
2815	3071	0	2545	2770	0
3071	3071	0	2772	2764	0
3327	3071	0	2999	2764	0
3583	3071	0	3235	2779	0
3839	3071	0	3445	2794	0
4095	3071	0	3678	2814	0
0	3327	0	1	3244	0
256	3327	0	210	3023	0
512	3327	0	425	3019	0
768	3327	0	649	3008	0
1024	3327	0	883	3001	0
1280	3327	0	1104	2999	0
1536	3327	0	1353	3001	0
1792	3327	0	1589	2999	0
2048	3327	0	1819	3020	0
2303	3327	0	2061	3015	0
2559	3327	0	2320	3020	0
2815	3327	0	2552	3017	0
3071	3327	0	2784	3004	0
3327	3327	0	3017	3009	0
3583	3327	0	3244	3024	0
3839	3327	0	3463	3040	0
4095	3327	0	3700	3065	0
0	3583	0	1	3478	0
256	3583	0	211	3235	0
512	3583	0	426	3242	0
768	3583	0	651	3219	0
1024	3583	0	887	3214	0
1280	3583	0	1107	3209	0
1536	3583	0	1355	3209	0
1792	3583	0	1593	3222	0
2048	3583	0	1831	3237	0
2303	3583	0	2067	3232	0
2559	3583	0	2329	3232	0
2815	3583	0	2560	3227	0
3071	3583	0	2800	3228	0
3327	3583	0	3026	3240	0
3583	3583	0	3261	3256	0
3839	3583	0	3482	3272	0
4095	3583	0	3720	3283	0
0	3839	0	1	3724	0
256	3839	0	212	3470	0
512	3839	0	430	3477	0
768	3839	0	654	3462	0
1024	3839	0	891	3448	0
1280	3839	0	1113	3446	0
1536	3839	0	1360	3451	0
1792	3839	0	1604	3454	0
2048	3839	0	1837	3467	0
2303	3839	0	2081	3472	0
2559	3839	0	2336	3461	0
2815	3839	0	2582	3465	0
3071	3839	0	2801	3460	0
3327	3839	0	3045	3478	0
3583	3839	0	3281	3493	0
3839	3839	0	3514	3504	0
4095	3839	0	3744	3521	0
0	4095	0	2	3963	0
256	4095	0	215	3680	0
512	4095	0	434	3676	0
768	4095	0	662	3663	0
1024	4095	0	896	3655	0
1280	4095	0	1120	3645	0
1536	4095	0	1371	3659	0
1792	4095	0	1619	3674	0
2048	4095	0	1848	3671	0
2303	4095	0	2091	3687	0
2559	4095	0	2350	3671	0
2815	4095	0	2595	3674	0
3071	4095	0	2818	3675	0
3327	4095	0	3063	3694	0
3583	4095	0	3303	3703	0
3839	4095	0	3535	3722	0
4095	4095	0	3766	3742	0
0	0	256	0	0	240
256	0	256	243	0	231
512	0	256	481	0	226
768	0	256	720	0	223
1024	0	256	963	0	219
1280	0	256	1194	0	218
1536	0	256	1447	0	216
1792	0	256	1684	0	215
2048	0	256	1926	0	214
2303	0	256	2168	0	212
2559	0	256	2411	0	210
2815	0	256	2663	0	209
3071	0	256	2891	0	207
3327	0	256	3151	0	208
3583	0	256	3377	0	209
3839	0	256	3600	0	211
4095	0	256	3819	0	212
0	256	256	0	241	239
256	256	256	247	248	231
512	256	256	482	241	226
768	256	256	718	236	223
1024	256	256	956	231	219
1280	256	256	1173	228	218
1536	256	256	1419	224	216
1792	256	256	1640	221	214
2048	256	256	1860	219	214
2303	256	256	2100	217	212
2559	256	256	2336	212	210
2815	256	256	2557	210	208
3071	256	256	2772	207	206
3327	256	256	2998	207	207
3583	256	256	3218	207	208
3839	256	256	3419	206	210
4095	256	256	3626	206	210
0	512	256	0	481	233
256	512	256	240	483	238
512	512	256	478	483	231
768	512	256	716	472	225
1024	512	256	952	464	219
1280	512	256	1171	457	214
1536	512	256	1418	451	210
1792	512	256	1643	442	205
2048	512	256	1858	437	203
2303	512	256	2092	434	200
2559	512	256	2330	428	197
2815	512	256	2554	422	193
3071	512	256	2772	418	191
3327	512	256	2997	418	189
3583	512	256	3214	417	190
3839	512	256	3426	420	189
4095	512	256	3626	419	188
0	768	256	0	723	229
256	768	256	236	720	231
512	768	256	469	716	230
768	768	256	712	712	224
1024	768	256	947	702	218
1280	768	256	1169	693	213
1536	768	256	1411	685	210
1792	768	256	1637	675	205
2048	768	256	1851	669	203
2303	768	256	2091	665	200
2559	768	256	2322	657	196
2815	768	256	2546	650	193
3071	768	256	2770	647	190
3327	768	256	2984	644	190
3583	768	256	3205	642	189
3839	768	256	3412	642	188
4095	768	256	3616	640	189
0	1024	256	0	965	226
256	1024	256	232	957	226
512	1024	256	460	955	224
768	1024	256	701	951	222
1024	1024	256	947	949	217
1280	1024	256	1163	932	211
1536	1024	256	1404	922	207
1792	1024	256	1630	915	203
2048	1024	256	1852	907	201
2303	1024	256	2080	896	199
2559	1024	256	2313	890	195
2815	1024	256	2536	882	191
3071	1024	256	2761	875	189
3327	1024	256	2975	874	188
3583	1024	256	3188	869	187
3839	1024	256	3402	872	187
4095	1024	256	3607	872	188
0	1280	256	0	1193	223
256	1280	256	226	1176	221
512	1280	256	452	1174	219
768	1280	256	694	1167	217
1024	1280	256	932	1159	215
1280	1280	256	1157	1159	210
1536	1280	256	1402	1141	207
1792	1280	256	1623	1132	202
2048	1280	256	1844	1127	200
2303	1280	256	2077	1119	197
2559	1280	256	2313	1104	194
2815	1280	256	2533	1093	190
3071	1280	256	2751	1090	187
3327	1280	256	2971	1083	186
3583	1280	256	3193	1085	186
3839	1280	256	3396	1085	186
4095	1280	256	3614	1089	187
0	1536	256	0	1445	222
256	1536	256	224	1415	216
512	1536	256	447	1417	214
768	1536	256	685	1409	212
1024	1536	256	921	1402	210
1280	1536	256	1146	1395	210
1536	1536	256	1401	1391	205
1792	1536	256	1624	1383	201
2048	1536	256	1840	1380	199
2303	1536	256	2070	1369	197
2559	1536	256	2312	1356	193
2815	1536	256	2540	1344	190
3071	1536	256	2750	1329	186
3327	1536	256	2988	1334	186
3583	1536	256	3188	1330	186
3839	1536	256	3396	1328	186
4095	1536	256	3604	1332	187
0	1792	256	0	1686	220
256	1792	256	221	1639	212
512	1792	256	442	1635	211
768	1792	256	678	1627	208
1024	1792	256	911	1625	207
1280	1792	256	1130	1616	206
1536	1792	256	1388	1619	204
1792	1792	256	1624	1618	201
2048	1792	256	1844	1612	198
2303	1792	256	2069	1598	197
2559	1792	256	2312	1585	192
2815	1792	256	2546	1581	189
3071	1792	256	2758	1567	186
3327	1792	256	2984	1565	186
3583	1792	256	3195	1562	185
3839	1792	256	3392	1565	186
4095	1792	256	3613	1563	186
0	2048	256	1	1921	219
256	2048	256	219	1860	208
512	2048	256	439	1851	207
768	2048	256	673	1841	204
1024	2048	256	909	1841	203
1280	2048	256	1128	1838	201
1536	2048	256	1377	1836	201
1792	2048	256	1618	1833	201
2048	2048	256	1843	1832	199
2303	2048	256	2079	1826	195
2559	2048	256	2318	1810	192
2815	2048	256	2545	1802	190
3071	2048	256	2752	1784	186
3327	2048	256	2994	1794	186
3583	2048	256	3205	1789	186
3839	2048	256	3413	1794	186
4095	2048	256	3624	1793	187
0	2303	256	0	2176	218
256	2303	256	217	2114	205
512	2303	256	433	2104	205
768	2303	256	669	2100	202
1024	2303	256	901	2088	201
1280	2303	256	1123	2091	200
1536	2303	256	1370	2089	199
1792	2303	256	1608	2080	199
2048	2303	256	1836	2082	199
2303	2303	256	2075	2082	196
2559	2303	256	2317	2065	192
2815	2303	256	2543	2058	190
3071	2303	256	2760	2040	187
3327	2303	256	2993	2041	187
3583	2303	256	3201	2036	187
3839	2303	256	3400	2042	188
4095	2303	256	3627	2044	187
0	2559	256	1	2415	217
256	2559	256	215	2324	203
512	2559	256	429	2326	202
768	2559	256	658	2318	201
1024	2559	256	889	2312	198
1280	2559	256	1109	2303	198
1536	2559	256	1359	2309	198
1792	2559	256	1593	2297	196
2048	2559	256	1823	2303	197
2303	2559	256	2062	2307	196
2559	2559	256	2313	2299	192
2815	2559	256	2537	2291	190
3071	2559	256	2758	2281	187
3327	2559	256	2984	2278	187
3583	2559	256	3200	2275	187
3839	2559	256	3398	2274	187
4095	2559	256	3618	2284	188
0	2815	256	1	2655	215
256	2815	256	211	2558	200
512	2815	256	425	2556	199
768	2815	256	652	2542	197
1024	2815	256	884	2539	195
1280	2815	256	1103	2527	194
1536	2815	256	1354	2532	194
1792	2815	256	1590	2529	193
2048	2815	256	1814	2526	193
2303	2815	256	2049	2531	193
2559	2815	256	2299	2521	191
2815	2815	256	2531	2507	187
3071	2815	256	2751	2502	186
3327	2815	256	2979	2498	186
3583	2815	256	3193	2495	186
3839	2815	256	3399	2501	185
4095	2815	256	3619	2506	186
0	3071	256	2	2895	213
256	3071	256	209	2778	197
512	3071	256	421	2774	196
768	3071	256	648	2769	194
1024	3071	256	879	2757	192
1280	3071	256	1095	2757	192
1536	3071	256	1341	2748	190
1792	3071	256	1576	2751	192
2048	3071	256	1802	2755	191
2303	3071	256	2042	2760	190
2559	3071	256	2291	2763	187
2815	3071	256	2515	2746	187
3071	3071	256	2751	2744	185
3327	3071	256	2968	2741	186
3583	3071	256	3191	2739	186
3839	3071	256	3399	2755	185
4095	3071	256	3618	2755	185
0	3327	256	2	3156	212
256	3327	256	209	3014	195
512	3327	256	422	3008	193
768	3327	256	645	3006	192
1024	3327	256	878	2992	190
1280	3327	256	1095	2979	189
1536	3327	256	1344	2980	188
1792	3327	256	1577	2987	188
2048	3327	256	1807	2991	189
2303	3327	256	2045	2998	188
2559	3327	256	2299	2991	187
2815	3327	256	2529	2980	185
3071	3327	256	2741	2969	184
3327	3327	256	2985	2976	185
3583	3327	256	3202	2976	184
3839	3327	256	3419	2991	185
4095	3327	256	3629	2992	185
0	3583	256	2	3376	213
256	3583	256	209	3218	194
512	3583	256	422	3216	193
768	3583	256	645	3202	192
1024	3583	256	878	3188	189
1280	3583	256	1100	3193	189
1536	3583	256	1341	3192	188
1792	3583	256	1577	3199	188
2048	3583	256	1811	3206	189
2303	3583	256	2046	3205	189
2559	3583	256	2299	3197	187
2815	3583	256	2533	3189	186
3071	3583	256	2750	3183	185
3327	3583	256	2988	3191	186
3583	3583	256	3209	3196	186
3839	3583	256	3422	3200	185
4095	3583	256	3640	3217	186
0	3839	256	2	3614	215
256	3839	256	209	3443	194
512	3839	256	424	3449	194
768	3839	256	648	3430	191
1024	3839	256	882	3416	189
1280	3839	256	1101	3411	189
1536	3839	256	1347	3408	188
1792	3839	256	1577	3422	188
2048	3839	256	1816	3427	189
2303	3839	256	2047	3427	189
2559	3839	256	2302	3411	187
2815	3839	256	2542	3407	187
3071	3839	256	2751	3401	185
3327	3839	256	2997	3407	186
3583	3839	256	3221	3410	186
3839	3839	256	3442	3426	186
4095	3839	256	3663	3437	187
0	4095	256	3	3837	217
256	4095	256	211	3638	194
512	4095	256	426	3634	192
768	4095	256	650	3621	191
1024	4095	256	883	3606	190
1280	4095	256	1107	3614	189
1536	4095	256	1350	3620	189
1792	4095	256	1585	3620	189
2048	4095	256	1824	3630	190
2303	4095	256	2058	3628	189
2559	4095	256	2304	3622	187
2815	4095	256	2542	3609	186
3071	4095	256	2762	3603	186
3327	4095	256	3004	3614	185
3583	4095	256	3231	3630	186
3839	4095	256	3454	3640	188
4095	4095	256	3680	3654	189
0	0	512	0	0	477
256	0	512	242	0	451
512	0	512	482	0	449
768	0	512	725	0	440
1024	0	512	969	0	435
1280	0	512	1197	0	430
1536	0	512	1454	0	425
1792	0	512	1692	0	423
2048	0	512	1928	0	424
2303	0	512	2175	0	421
2559	0	512	2430	0	418
2815	0	512	2679	0	415
3071	0	512	2904	0	411
3327	0	512	3160	0	414
3583	0	512	3372	0	416
3839	0	512	3611	0	420
4095	0	512	3840	0	422
0	256	512	0	240	474
256	256	512	244	245	452
512	256	512	485	244	449
768	256	512	723	238	440
1024	256	512	960	233	434
1280	256	512	1185	230	429
1536	256	512	1424	226	424
1792	256	512	1652	223	421
2048	256	512	1874	220	422
2303	256	512	2115	219	418
2559	256	512	2347	215	414
2815	256	512	2574	212	411
3071	256	512	2790	209	407
3327	256	512	3023	209	409
3583	256	512	3229	209	411
3839	256	512	3435	209	414
4095	256	512	3637	207	416
0	512	512	0	485	452
256	512	512	242	488	457
512	512	512	491	494	454
768	512	512	731	485	441
1024	512	512	976	478	431
1280	512	512	1200	469	423
1536	512	512	1446	463	416
1792	512	512	1676	455	409
2048	512	512	1894	449	402
2303	512	512	2129	446	399
2559	512	512	2371	440	392
2815	512	512	2608	434	387
3071	512	512	2816	429	380
3327	512	512	3045	427	379
3583	512	512	3249	429	379
3839	512	512	3465	427	378
4095	512	512	3673	428	377
0	768	512	0	726	450
256	768	512	238	727	453
512	768	512	482	735	459
768	768	512	731	733	448
1024	768	512	971	721	438
1280	768	512	1196	710	429
1536	768	512	1443	702	423
1792	768	512	1669	691	415
2048	768	512	1893	687	410
2303	768	512	2129	681	406
2559	768	512	2362	673	399
2815	768	512	2598	668	394
3071	768	512	2809	660	386
3327	768	512	3041	659	384
3583	768	512	3240	657	383
3839	768	512	3449	653	384
4095	768	512	3661	654	383
0	1024	512	0	970	443
256	1024	512	234	966	441
512	1024	512	475	979	448
768	1024	512	720	973	445
1024	1024	512	971	969	435
1280	1024	512	1193	955	427
1536	1024	512	1436	945	422
1792	1024	512	1663	936	412
2048	1024	512	1888	929	408
2303	1024	512	2128	921	404
2559	1024	512	2357	909	396
2815	1024	512	2596	905	391
3071	1024	512	2809	896	384
3327	1024	512	3032	896	383
3583	1024	512	3238	889	381
3839	1024	512	3447	888	380
4095	1024	512	3652	891	380
0	1280	512	0	1200	438
256	1280	512	230	1185	432
512	1280	512	467	1198	438
768	1280	512	711	1191	435
1024	1280	512	959	1189	433
1280	1280	512	1183	1183	426
1536	1280	512	1435	1169	417
1792	1280	512	1662	1163	411
2048	1280	512	1880	1153	407
2303	1280	512	2112	1141	403
2559	1280	512	2356	1130	395
2815	1280	512	2584	1120	389
3071	1280	512	2799	1115	382
3327	1280	512	3029	1110	381
3583	1280	512	3229	1102	378
3839	1280	512	3442	1105	378
4095	1280	512	3653	1106	377
0	1536	512	1	1453	434
256	1536	512	226	1426	424
512	1536	512	460	1446	430
768	1536	512	702	1437	427
1024	1536	512	943	1431	426
1280	1536	512	1173	1424	422
1536	1536	512	1436	1424	415
1792	1536	512	1662	1413	409
2048	1536	512	1873	1407	404
2303	1536	512	2109	1398	399
2559	1536	512	2347	1376	392
2815	1536	512	2585	1371	386
3071	1536	512	2798	1358	381
3327	1536	512	3027	1356	379
3583	1536	512	3235	1351	376
3839	1536	512	3440	1350	375
4095	1536	512	3659	1354	375
0	1792	512	1	1689	430
256	1792	512	224	1653	418
512	1792	512	456	1670	424
768	1792	512	697	1664	422
1024	1792	512	936	1660	418
1280	1792	512	1165	1659	415
1536	1792	512	1425	1653	413
1792	1792	512	1664	1651	409
2048	1792	512	1880	1639	402
2303	1792	512	2112	1630	399
2559	1792	512	2354	1618	389
2815	1792	512	2586	1609	385
3071	1792	512	2801	1597	380
3327	1792	512	3030	1595	377
3583	1792	512	3237	1588	375
3839	1792	512	3448	1592	375
4095	1792	512	3663	1593	377
0	2048	512	1	1930	428
256	2048	512	223	1869	411
512	2048	512	451	1891	418
768	2048	512	694	1888	415
1024	2048	512	934	1879	412
1280	2048	512	1157	1876	409
1536	2048	512	1410	1874	409
1792	2048	512	1654	1866	408
2048	2048	512	1879	1868	403
2303	2048	512	2120	1862	397
2559	2048	512	2357	1844	391
2815	2048	512	2586	1834	384
3071	2048	512	2800	1820	379
3327	2048	512	3023	1815	376
3583	2048	512	3246	1817	375
3839	2048	512	3451	1818	377
4095	2048	512	3675	1826	377
0	2303	512	1	2185	430
256	2303	512	221	2129	406
512	2303	512	446	2146	414
768	2303	512	687	2138	411
1024	2303	512	927	2133	409
1280	2303	512	1146	2126	406
1536	2303	512	1401	2129	403
1792	2303	512	1640	2118	402
2048	2303	512	1872	2126	402
2303	2303	512	2111	2117	398
2559	2303	512	2356	2101	391
2815	2303	512	2582	2085	386
3071	2303	512	2805	2074	381
3327	2303	512	3028	2072	378
3583	2303	512	3237	2069	377
3839	2303	512	3444	2066	377
4095	2303	512	3664	2074	379
0	2559	512	2	2426	427
256	2559	512	218	2347	403
512	2559	512	442	2369	409
768	2559	512	677	2360	407
1024	2559	512	913	2351	405
1280	2559	512	1136	2346	401
1536	2559	512	1386	2340	400
1792	2559	512	1628	2340	398
2048	2559	512	1856	2346	398
2303	2559	512	2095	2342	395
2559	2559	512	2348	2333	388
2815	2559	512	2573	2322	383
3071	2559	512	2796	2307	379
3327	2559	512	3017	2312	377
3583	2559	512	3234	2302	375
3839	2559	512	3443	2308	376
4095	2559	512	3661	2309	376
0	2815	512	2	2673	425
256	2815	512	215	2576	397
512	2815	512	438	2601	403
768	2815	512	670	2587	401
1024	2815	512	907	2582	398
1280	2815	512	1128	2572	394
1536	2815	512	1381	2571	391
1792	2815	512	1619	2567	392
2048	2815	512	1844	2563	392
2303	2815	512	2081	2560	388
2559	2815	512	2342	2560	385
2815	2815	512	2574	2548	379
3071	2815	512	2798	2538	375
3327	2815	512	3011	2533	374
3583	2815	512	3237	2532	372
3839	2815	512	3442	2532	374
4095	2815	512	3663	2538	374
0	3071	512	2	2907	422
256	3071	512	213	2799	392
512	3071	512	435	2822	399
768	3071	512	664	2813	395
1024	3071	512	903	2809	392
1280	3071	512	1121	2805	389
1536	3071	512	1368	2792	389
1792	3071	512	1611	2805	386
2048	3071	512	1838	2803	387
2303	3071	512	2075	2806	384
2559	3071	512	2328	2796	380
2815	3071	512	2565	2792	378
3071	3071	512	2782	2782	375
3327	3071	512	3009	2773	373
3583	3071	512	3227	2771	373
3839	3071	512	3437	2779	374
4095	3071	512	3660	2788	374
0	3327	512	2	3172	420
256	3327	512	213	3035	387
512	3327	512	433	3056	393
768	3327	512	663	3050	390
1024	3327	512	898	3042	387
1280	3327	512	1121	3030	385
1536	3327	512	1370	3024	384
1792	3327	512	1606	3030	381
2048	3327	512	1832	3025	383
2303	3327	512	2078	3040	381
2559	3327	512	2328	3028	376
2815	3327	512	2562	3023	376
3071	3327	512	2782	3004	373
3327	3327	512	3012	3009	371
3583	3327	512	3236	3007	371
3839	3327	512	3446	3023	371
4095	3327	512	3666	3023	373
0	3583	512	3	3390	423
256	3583	512	213	3240	386
512	3583	512	433	3267	391
768	3583	512	660	3253	389
1024	3583	512	899	3241	386
1280	3583	512	1118	3231	383
1536	3583	512	1370	3235	382
1792	3583	512	1604	3240	379
2048	3583	512	1842	3248	380
2303	3583	512	2072	3248	380
2559	3583	512	2329	3236	377
2815	3583	512	2562	3229	375
3071	3583	512	2782	3218	372
3327	3583	512	3021	3225	374
3583	3583	512	3246	3236	374
3839	3583	512	3466	3242	375
4095	3583	512	3677	3241	375
0	3839	512	3	3635	425
256	3839	512	212	3472	386
512	3839	512	433	3485	391
768	3839	512	661	3471	387
1024	3839	512	899	3462	384
1280	3839	512	1122	3459	381
1536	3839	512	1371	3462	380
1792	3839	512	1609	3468	379
2048	3839	512	1844	3469	381
2303	3839	512	2079	3465	378
2559	3839	512	2335	3456	375
2815	3839	512	2566	3442	375
3071	3839	512	2783	3429	372
3327	3839	512	3023	3443	374
3583	3839	512	3265	3454	376
3839	3839	512	3471	3455	375
4095	3839	512	3694	3465	377
0	4095	512	4	3864	429
256	4095	512	214	3655	386
512	4095	512	437	3684	391
768	4095	512	664	3678	387
1024	4095	512	902	3674	384
1280	4095	512	1125	3662	381
1536	4095	512	1378	3669	380
1792	4095	512	1611	3663	381
2048	4095	512	1852	3674	381
2303	4095	512	2081	3670	381
2559	4095	512	2337	3658	377
2815	4095	512	2572	3650	377
3071	4095	512	2792	3640	373
3327	4095	512	3035	3649	376
3583	4095	512	3269	3662	376
3839	4095	512	3481	3669	378
4095	4095	512	3711	3685	379
0	0	768	0	0	742
256	0	768	242	0	699
512	0	768	483	0	698
768	0	768	729	0	693
1024	0	768	975	0	684
1280	0	768	1206	0	679
1536	0	768	1466	0	672
1792	0	768	1699	0	670
2048	0	768	1942	0	667
2303	0	768	2186	0	665
2559	0	768	2438	0	660
2815	0	768	2697	0	657
3071	0	768	2915	0	651
3327	0	768	3173	0	656
3583	0	768	3391	0	657
3839	0	768	3634	0	662
4095	0	768	3855	0	665
0	256	768	0	240	734
256	256	768	243	242	700
512	256	768	484	242	699
768	256	768	730	240	693
1024	256	768	969	235	683
1280	256	768	1188	232	677
1536	256	768	1439	228	669
1792	256	768	1665	225	665
2048	256	768	1883	223	662
2303	256	768	2126	222	659
2559	256	768	2359	217	654
2815	256	768	2594	215	650
3071	256	768	2805	211	644
3327	256	768	3046	212	647
3583	256	768	3242	212	648
3839	256	768	3451	210	652
4095	256	768	3664	210	654
0	512	768	0	487	701
256	512	768	242	487	704
512	512	768	490	494	703
768	512	768	740	490	695
1024	512	768	983	481	682
1280	512	768	1209	475	669
1536	512	768	1462	467	657
1792	512	768	1687	461	649
2048	512	768	1905	455	642
2303	512	768	2154	452	635
2559	512	768	2385	444	626
2815	512	768	2625	439	620
3071	512	768	2840	436	615
3327	512	768	3071	434	612
3583	512	768	3276	434	610
3839	512	768	3488	433	609
4095	512	768	3692	433	610
0	768	768	0	732	700
256	768	768	240	731	701
512	768	768	488	741	710
768	768	768	747	746	707
1024	768	768	992	733	692
1280	768	768	1220	726	681
1536	768	768	1468	714	669
1792	768	768	1698	706	661
2048	768	768	1919	703	652
2303	768	768	2162	695	645
2559	768	768	2401	686	636
2815	768	768	2635	681	632
3071	768	768	2844	674	624
3327	768	768	3084	673	622
3583	768	768	3279	667	619
3839	768	768	3498	667	616
4095	768	768	3696	667	616
0	1024	768	0	975	695
256	1024	768	236	971	692
512	1024	768	479	984	703
768	1024	768	735	989	708
1024	1024	768	989	989	695
1280	1024	768	1215	977	683
1536	1024	768	1463	965	673
1792	1024	768	1692	952	665
2048	1024	768	1912	946	656
2303	1024	768	2156	938	647
2559	1024	768	2394	925	640
2815	1024	768	2625	922	634
3071	1024	768	2839	911	625
3327	1024	768	3072	909	624
3583	1024	768	3277	904	620
3839	1024	768	3486	903	617
4095	1024	768	3695	903	617
0	1280	768	0	1205	686
256	1280	768	231	1191	680
512	1280	768	471	1210	690
768	1280	768	726	1217	695
1024	1280	768	977	1213	690
1280	1280	768	1213	1208	679
1536	1280	768	1461	1196	669
1792	1280	768	1691	1183	659
2048	1280	768	1911	1172	653
2303	1280	768	2147	1165	644
2559	1280	768	2393	1153	636
2815	1280	768	2622	1141	631
3071	1280	768	2829	1129	623
3327	1280	768	3067	1128	621
3583	1280	768	3275	1124	616
3839	1280	768	3478	1125	616
4095	1280	768	3688	1121	616
0	1536	768	1	1460	682
256	1536	768	229	1434	667
512	1536	768	466	1456	680
768	1536	768	718	1463	683
1024	1536	768	965	1460	679
1280	1536	768	1199	1456	675
1536	1536	768	1458	1451	666
1792	1536	768	1689	1441	657
2048	1536	768	1910	1428	651
2303	1536	768	2149	1417	642
2559	1536	768	2384	1401	635
2815	1536	768	2620	1394	628
3071	1536	768	2836	1383	620
3327	1536	768	3067	1379	618
3583	1536	768	3269	1374	614
3839	1536	768	3475	1368	614
4095	1536	768	3700	1375	615
0	1792	768	1	1701	677
256	1792	768	227	1663	657
512	1792	768	460	1689	669
768	1792	768	712	1694	675
1024	1792	768	957	1687	670
1280	1792	768	1191	1686	665
1536	1792	768	1448	1682	664
1792	1792	768	1689	1681	657
2048	1792	768	1905	1665	650
2303	1792	768	2144	1656	641
2559	1792	768	2388	1646	634
2815	1792	768	2618	1633	628
3071	1792	768	2834	1625	618
3327	1792	768	3059	1616	618
3583	1792	768	3277	1613	614
3839	1792	768	3484	1612	614
4095	1792	768	3701	1614	615
0	2048	768	1	1940	676
256	2048	768	225	1888	650
512	2048	768	456	1911	662
768	2048	768	707	1921	667
1024	2048	768	950	1913	661
1280	2048	768	1181	1904	657
1536	2048	768	1440	1901	656
1792	2048	768	1678	1898	653
2048	2048	768	1907	1896	647
2303	2048	768	2145	1885	642
2559	2048	768	2390	1874	634
2815	2048	768	2625	1865	627
3071	2048	768	2837	1847	619
3327	2048	768	3066	1846	617
3583	2048	768	3280	1840	616
3839	2048	768	3485	1840	614
4095	2048	768	3710	1847	616
0	2303	768	1	2202	673
256	2303	768	223	2144	645
512	2303	768	452	2166	655
768	2303	768	700	2174	659
1024	2303	768	942	2166	656
1280	2303	768	1166	2161	652
1536	2303	768	1429	2154	651
1792	2303	768	1665	2148	648
2048	2303	768	1894	2151	646
2303	2303	768	2139	2146	641
2559	2303	768	2385	2129	634
2815	2303	768	2608	2111	625
3071	2303	768	2842	2104	620
3327	2303	768	3059	2097	617
3583	2303	768	3276	2092	614
3839	2303	768	3479	2089	614
4095	2303	768	3703	2101	617
0	2559	768	2	2440	672
256	2559	768	220	2361	638
512	2559	768	448	2387	648
768	2559	768	693	2391	652
1024	2559	768	932	2382	648
1280	2559	768	1160	2385	644
1536	2559	768	1412	2375	643
1792	2559	768	1652	2372	642
2048	2559	768	1883	2378	641
2303	2559	768	2124	2373	637
2559	2559	768	2379	2364	632
2815	2559	768	2606	2355	622
3071	2559	768	2833	2339	618
3327	2559	768	3048	2339	614
3583	2559	768	3275	2334	613
3839	2559	768	3486	2336	613
4095	2559	768	3701	2337	615
0	2815	768	2	2693	668
256	2815	768	217	2590	630
512	2815	768	443	2618	641
768	2815	768	684	2627	645
1024	2815	768	923	2623	639
1280	2815	768	1149	2611	637
1536	2815	768	1402	2605	636
1792	2815	768	1644	2603	633
2048	2815	768	1875	2605	632
2303	2815	768	2113	2598	631
2559	2815	768	2368	2594	626
2815	2815	768	2602	2583	620
3071	2815	768	2824	2570	614
3327	2815	768	3049	2562	611
3583	2815	768	3280	2565	610
3839	2815	768	3481	2563	611
4095	2815	768	3697	2563	611
0	3071	768	2	2928	664
256	3071	768	215	2813	623
512	3071	768	442	2850	635
768	3071	768	680	2857	638
1024	3071	768	919	2845	634
1280	3071	768	1140	2835	630
1536	3071	768	1396	2837	629
1792	3071	768	1632	2843	628
2048	3071	768	1860	2833	625
2303	3071	768	2106	2843	625
2559	3071	768	2359	2827	621
2815	3071	768	2593	2828	616
3071	3071	768	2810	2811	611
3327	3071	768	3045	2807	608
3583	3071	768	3260	2801	609
3839	3071	768	3470	2806	611
4095	3071	768	3691	2813	609
0	3327	768	2	3185	662
256	3327	768	215	3059	620
512	3327	768	440	3080	630
768	3327	768	677	3089	633
1024	3327	768	916	3076	629
1280	3327	768	1141	3070	625
1536	3327	768	1391	3062	622
1792	3327	768	1630	3069	621
2048	3327	768	1866	3078	621
2303	3327	768	2102	3072	620
2559	3327	768	2354	3065	615
2815	3327	768	2587	3046	613
3071	3327	768	2817	3039	608
3327	3327	768	3047	3039	607
3583	3327	768	3277	3046	605
3839	3327	768	3480	3047	606
4095	3327	768	3697	3052	608
0	3583	768	3	3411	666
256	3583	768	214	3262	618
512	3583	768	439	3285	628
768	3583	768	673	3288	630
1024	3583	768	915	3283	627
1280	3583	768	1140	3277	623
1536	3583	768	1388	3282	621
1792	3583	768	1629	3280	621
2048	3583	768	1866	3284	621
2303	3583	768	2100	3280	619
2559	3583	768	2362	3278	615
2815	3583	768	2589	3262	609
3071	3583	768	2812	3252	608
3327	3583	768	3051	3257	610
3583	3583	768	3277	3267	609
3839	3583	768	3495	3269	609
4095	3583	768	3711	3280	609
0	3839	768	3	3656	669
256	3839	768	215	3484	618
512	3839	768	439	3512	627
768	3839	768	675	3529	627
1024	3839	768	916	3516	624
1280	3839	768	1138	3511	620
1536	3839	768	1389	3500	619
1792	3839	768	1631	3507	621
2048	3839	768	1867	3505	620
2303	3839	768	2101	3496	618
2559	3839	768	2362	3492	615
2815	3839	768	2590	3474	610
3071	3839	768	2810	3461	606
3327	3839	768	3054	3471	608
3583	3839	768	3291	3483	611
3839	3839	768	3504	3488	611
4095	3839	768	3731	3501	612
0	4095	768	4	3874	674
256	4095	768	217	3680	619
512	4095	768	441	3716	625
768	4095	768	675	3726	625
1024	4095	768	918	3713	624
1280	4095	768	1140	3700	621
1536	4095	768	1396	3707	620
1792	4095	768	1634	3704	620
2048	4095	768	1873	3710	621
2303	4095	768	2103	3705	618
2559	4095	768	2362	3692	615
2815	4095	768	2595	3680	612
3071	4095	768	2821	3676	606
3327	4095	768	3065	3680	609
3583	4095	768	3291	3695	611
3839	4095	768	3513	3702	614
4095	4095	768	3736	3711	615
0	0	1024	0	0	1011
256	0	1024	243	0	952
512	0	1024	483	0	950
768	0	1024	730	0	945
1024	0	1024	981	0	938
1280	0	1024	1216	0	930
1536	0	1024	1476	0	926
1792	0	1024	1711	0	921
2048	0	1024	1948	0	922
2303	0	1024	2200	0	918
2559	0	1024	2456	0	914
2815	0	1024	2715	0	909
3071	0	1024	2932	0	904
3327	0	1024	3197	0	910
3583	0	1024	3405	0	912
3839	0	1024	3649	0	915
4095	0	1024	3875	0	920
0	256	1024	0	239	996
256	256	1024	241	241	952
512	256	1024	480	241	949
768	256	1024	727	240	943
1024	256	1024	979	238	936
1280	256	1024	1198	233	927
1536	256	1024	1447	230	920
1792	256	1024	1674	227	915
2048	256	1024	1896	226	913
2303	256	1024	2144	223	909
2559	256	1024	2375	220	903
2815	256	1024	2610	217	897
3071	256	1024	2815	214	891
3327	256	1024	3058	214	896
3583	256	1024	3262	213	896
3839	256	1024	3472	212	898
4095	256	1024	3681	212	902
0	512	1024	0	487	953
256	512	1024	240	485	949
512	512	1024	487	491	947
768	512	1024	737	489	941
1024	512	1024	989	484	935
1280	512	1024	1219	477	920
1536	512	1024	1469	471	909
1792	512	1024	1699	463	898
2048	512	1024	1918	458	890
2303	512	1024	2164	455	885
2559	512	1024	2401	448	874
2815	512	1024	2639	443	865
3071	512	1024	2847	439	856
3327	512	1024	3088	438	857
3583	512	1024	3288	438	852
3839	512	1024	3499	435	852
4095	512	1024	3716	436	852
0	768	1024	0	732	952
256	768	1024	239	730	944
512	768	1024	485	740	956
768	768	1024	745	746	956
1024	768	1024	1002	740	948
1280	768	1024	1230	731	935
1536	768	1024	1477	720	923
1792	768	1024	1709	714	913
2048	768	1024	1933	708	904
2303	768	1024	2173	701	896
2559	768	1024	2414	693	885
2815	768	1024	2652	688	879
3071	768	1024	2860	679	868
3327	768	1024	3107	681	866
3583	768	1024	3302	674	863
3839	768	1024	3518	674	861
4095	768	1024	3726	674	863
0	1024	1024	0	982	946
256	1024	1024	239	978	938
512	1024	1024	481	990	952
768	1024	1024	742	999	963
1024	1024	1024	1006	1003	958
1280	1024	1024	1235	991	942
1536	1024	1024	1486	979	931
1792	1024	1024	1716	970	921
2048	1024	1024	1940	961	909
2303	1024	1024	2183	953	901
2559	1024	1024	2422	941	890
2815	1024	1024	2662	934	884
3071	1024	1024	2870	925	873
3327	1024	1024	3108	923	872
3583	1024	1024	3314	919	865
3839	1024	1024	3519	918	864
4095	1024	1024	3732	916	866
0	1280	1024	0	1214	940
256	1280	1024	233	1197	930
512	1280	1024	475	1216	942
768	1280	1024	733	1228	954
1024	1280	1024	995	1232	957
1280	1280	1024	1231	1228	943
1536	1280	1024	1484	1214	932
1792	1280	1024	1714	1203	922
2048	1280	1024	1935	1192	911
2303	1280	1024	2178	1179	904
2559	1280	1024	2416	1171	892
2815	1280	1024	2661	1163	886
3071	1280	1024	2867	1148	875
3327	1280	1024	3104	1146	874
3583	1280	1024	3306	1139	865
3839	1280	1024	3514	1138	865
4095	1280	1024	3729	1139	867
0	1536	1024	0	1470	934
256	1536	1024	231	1445	916
512	1536	1024	469	1466	931
768	1536	1024	723	1475	940
1024	1536	1024	983	1480	943
1280	1536	1024	1221	1478	938
1536	1536	1024	1481	1470	928
1792	1536	1024	1710	1460	918
2048	1536	1024	1931	1447	908
2303	1536	1024	2179	1440	901
2559	1536	1024	2414	1422	889
2815	1536	1024	2652	1414	884
3071	1536	1024	2864	1399	872
3327	1536	1024	3091	1398	870
3583	1536	1024	3307	1391	865
3839	1536	1024	3516	1388	864
4095	1536	1024	3735	1392	865
0	1792	1024	1	1708	929
256	1792	1024	229	1675	905
512	1792	1024	464	1698	921
768	1792	1024	717	1708	930
1024	1792	1024	972	1713	933
1280	1792	1024	1208	1711	928
1536	1792	1024	1467	1704	924
1792	1792	1024	1708	1697	915
2048	1792	1024	1924	1688	904
2303	1792	1024	2171	1678	900
2559	1792	1024	2416	1668	888
2815	1792	1024	2650	1655	882
3071	1792	1024	2868	1644	870
3327	1792	1024	3085	1632	867
3583	1792	1024	3309	1632	865
3839	1792	1024	3515	1629	864
4095	1792	1024	3734	1632	863
0	2048	1024	1	1952	927
256	2048	1024	227	1903	897
512	2048	1024	461	1920	913
768	2048	1024	715	1935	920
1024	2048	1024	967	1938	923
1280	2048	1024	1200	1935	918
1536	2048	1024	1457	1926	915
1792	2048	1024	1694	1923	910
2048	2048	1024	1932	1917	902
2303	2048	1024	2171	1908	897
2559	2048	1024	2419	1899	889
2815	2048	1024	2648	1885	881
3071	2048	1024	2871	1871	871
3327	2048	1024	3096	1867	865
3583	2048	1024	3309	1864	864
3839	2048	1024	3514	1858	861
4095	2048	1024	3742	1866	863
0	2303	1024	1	2212	928
256	2303	1024	225	2154	892
512	2303	1024	455	2178	906
768	2303	1024	705	2188	912
1024	2303	1024	955	2192	914
1280	2303	1024	1186	2184	910
1536	2303	1024	1451	2186	907
1792	2303	1024	1686	2175	902
2048	2303	1024	1918	2178	901
2303	2303	1024	2161	2167	894
2559	2303	1024	2409	2152	889
2815	2303	1024	2634	2140	877
3071	2303	1024	2868	2125	871
3327	2303	1024	3085	2122	865
3583	2303	1024	3307	2114	861
3839	2303	1024	3519	2114	861
4095	2303	1024	3733	2121	864
0	2559	1024	1	2455	925
256	2559	1024	222	2375	886
512	2559	1024	452	2401	898
768	2559	1024	699	2413	904
1024	2559	1024	948	2418	906
1280	2559	1024	1175	2417	902
1536	2559	1024	1432	2404	901
1792	2559	1024	1676	2406	897
2048	2559	1024	1906	2405	894
2303	2559	1024	2148	2399	890
2559	2559	1024	2402	2388	885
2815	2559	1024	2638	2380	873
3071	2559	1024	2857	2364	866
3327	2559	1024	3081	2362	861
3583	2559	1024	3306	2360	859
3839	2559	1024	3518	2359	860
4095	2559	1024	3726	2355	860
0	2815	1024	2	2703	921
256	2815	1024	219	2605	875
512	2815	1024	447	2635	888
768	2815	1024	691	2647	895
1024	2815	1024	939	2648	897
1280	2815	1024	1168	2646	893
1536	2815	1024	1421	2635	888
1792	2815	1024	1664	2633	887
2048	2815	1024	1896	2631	885
2303	2815	1024	2134	2631	884
2559	2815	1024	2393	2615	879
2815	2815	1024	2631	2608	872
3071	2815	1024	2845	2593	860
3327	2815	1024	3077	2585	858
3583	2815	1024	3302	2586	855
3839	2815	1024	3512	2588	857
4095	2815	1024	3727	2587	856
0	3071	1024	2	2944	915
256	3071	1024	217	2833	867
512	3071	1024	444	2862	882
768	3071	1024	685	2871	886
1024	3071	1024	932	2876	887
1280	3071	1024	1159	2871	884
1536	3071	1024	1411	2863	881
1792	3071	1024	1653	2870	880
2048	3071	1024	1883	2863	876
2303	3071	1024	2127	2870	875
2559	3071	1024	2382	2852	870
2815	3071	1024	2617	2856	865
3071	3071	1024	2843	2838	856
3327	3071	1024	3076	2836	853
3583	3071	1024	3296	2833	852
3839	3071	1024	3502	2834	855
4095	3071	1024	3724	2840	852
0	3327	1024	2	3201	915
256	3327	1024	217	3073	864
512	3327	1024	444	3099	874
768	3327	1024	685	3111	878
1024	3327	1024	929	3109	881
1280	3327	1024	1157	3105	877
1536	3327	1024	1407	3105	873
1792	3327	1024	1648	3098	873
2048	3327	1024	1889	3112	872
2303	3327	1024	2121	3105	869
2559	3327	1024	2381	3092	863
2815	3327	1024	2614	3075	859
3071	3327	1024	2845	3069	853
3327	3327	1024	3079	3069	853
3583	3327	1024	3301	3069	850
3839	3327	1024	3512	3074	850
4095	3327	1024	3729	3080	850
0	3583	1024	2	3426	920
256	3583	1024	217	3279	863
512	3583	1024	442	3307	872
768	3583	1024	682	3314	876
1024	3583	1024	931	3328	878
1280	3583	1024	1156	3317	874
1536	3583	1024	1408	3316	871
1792	3583	1024	1648	3313	871
2048	3583	1024	1884	3319	871
2303	3583	1024	2122	3309	866
2559	3583	1024	2386	3308	863
2815	3583	1024	2615	3293	855
3071	3583	1024	2838	3281	852
3327	3583	1024	3074	3281	855
3583	3583	1024	3307	3290	852
3839	3583	1024	3517	3290	853
4095	3583	1024	3742	3303	854
0	3839	1024	3	3676	924
256	3839	1024	217	3502	860
512	3839	1024	443	3528	872
768	3839	1024	682	3552	874
1024	3839	1024	929	3559	875
1280	3839	1024	1155	3545	873
1536	3839	1024	1408	3538	871
1792	3839	1024	1650	3537	871
2048	3839	1024	1885	3535	868
2303	3839	1024	2122	3527	865
2559	3839	1024	2384	3522	861
2815	3839	1024	2614	3504	855
3071	3839	1024	2836	3492	849
3327	3839	1024	3086	3502	850
3583	3839	1024	3309	3502	854
3839	3839	1024	3526	3517	854
4095	3839	1024	3748	3518	857
0	4095	1024	3	3896	928
256	4095	1024	218	3703	861
512	4095	1024	446	3738	872
768	4095	1024	682	3746	874
1024	4095	1024	930	3746	875
1280	4095	1024	1158	3741	873
1536	4095	1024	1412	3739	871
1792	4095	1024	1653	3739	869
2048	4095	1024	1890	3741	869
2303	4095	1024	2125	3741	866
2559	4095	1024	2379	3718	860
2815	4095	1024	2617	3710	856
3071	4095	1024	2846	3708	849
3327	4095	1024	3092	3710	853
3583	4095	1024	3317	3720	854
3839	4095	1024	3534	3724	856
4095	4095	1024	3756	3739	858
0	0	1280	0	0	1259
256	0	1280	243	0	1183
512	0	1280	485	0	1183
768	0	1280	733	0	1173
1024	0	1280	987	0	1169
1280	0	1280	1223	0	1162
1536	0	1280	1483	0	1157
1792	0	1280	1723	0	1154
2048	0	1280	1960	0	1152
2303	0	1280	2215	0	1149
2559	0	1280	2468	0	1145
2815	0	1280	2727	0	1142
3071	0	1280	2951	0	1137
3327	0	1280	3212	0	1143
3583	0	1280	3422	0	1142
3839	0	1280	3667	0	1148
4095	0	1280	3895	0	1155
0	256	1280	0	240	1235
256	256	1280	240	240	1178
512	256	1280	478	240	1177
768	256	1280	725	240	1169
1024	256	1280	977	238	1165
1280	256	1280	1206	236	1158
1536	256	1280	1457	233	1151
1792	256	1280	1685	229	1144
2048	256	1280	1906	228	1140
2303	256	1280	2155	226	1136
2559	256	1280	2393	223	1129
2815	256	1280	2623	219	1124
3071	256	1280	2833	217	1117
3327	256	1280	3079	216	1122
3583	256	1280	3279	216	1119
3839	256	1280	3495	215	1124
4095	256	1280	3705	215	1129
0	512	1280	0	487	1184
256	512	1280	240	482	1169
512	512	1280	487	490	1172
768	512	1280	737	488	1167
1024	512	1280	992	485	1162
1280	512	1280	1227	481	1155
1536	512	1280	1479	473	1141
1792	512	1280	1709	468	1129
2048	512	1280	1928	462	1119
2303	512	1280	2178	459	1113
2559	512	1280	2419	452	1100
2815	512	1280	2651	448	1090
3071	512	1280	2863	443	1080
3327	512	1280	3104	442	1080
3583	512	1280	3310	442	1073
3839	512	1280	3519	440	1074
4095	512	1280	3733	439	1076
0	768	1280	0	734	1183
256	768	1280	239	729	1166
512	768	1280	484	738	1183
768	768	1280	743	745	1186
1024	768	1280	1000	741	1179
1280	768	1280	1237	736	1171
1536	768	1280	1488	725	1154
1792	768	1280	1722	719	1146
2048	768	1280	1943	714	1132
2303	768	1280	2189	707	1125
2559	768	1280	2430	698	1112
2815	768	1280	2664	694	1105
3071	768	1280	2873	686	1092
3327	768	1280	3120	685	1091
3583	768	1280	3319	678	1086
3839	768	1280	3538	679	1083
4095	768	1280	3752	680	1086
0	1024	1280	0	988	1176
256	1024	1280	238	979	1160
512	1024	1280	482	993	1178
768	1024	1280	741	1001	1190
1024	1024	1280	1009	1008	1188
1280	1024	1280	1248	1001	1178
1536	1024	1280	1498	989	1163
1792	1024	1280	1733	979	1154
2048	1024	1280	1957	972	1139
2303	1024	1280	2201	963	1132
2559	1024	1280	2443	950	1118
2815	1024	1280	2680	945	1112
3071	1024	1280	2889	935	1097
3327	1024	1280	3126	931	1098
3583	1024	1280	3334	926	1091
3839	1024	1280	3547	926	1088
4095	1024	1280	3760	926	1091
0	1280	1280	0	1225	1173
256	1280	1280	235	1206	1153
512	1280	1280	478	1224	1172
768	1280	1280	737	1237	1184
1024	1280	1280	1005	1243	1191
1280	1280	1280	1248	1246	1186
1536	1280	1280	1503	1232	1171
1792	1280	1280	1737	1219	1160
2048	1280	1280	1955	1207	1146
2303	1280	1280	2207	1198	1138
2559	1280	1280	2444	1186	1125
2815	1280	1280	2689	1178	1118
3071	1280	1280	2897	1164	1104
3327	1280	1280	3129	1160	1101
3583	1280	1280	3338	1157	1093
3839	1280	1280	3549	1152	1093
4095	1280	1280	3771	1156	1093
0	1536	1280	1	1481	1166
256	1536	1280	234	1456	1145
512	1536	1280	474	1476	1163
768	1536	1280	729	1483	1173
1024	1536	1280	991	1493	1182
1280	1536	1280	1237	1497	1182
1536	1536	1280	1502	1492	1172
1792	1536	1280	1736	1479	1161
2048	1536	1280	1955	1467	1147
2303	1536	1280	2204	1459	1140
2559	1536	1280	2444	1443	1127
2815	1536	1280	2679	1431	1121
3071	1536	1280	2889	1418	1105
3327	1536	1280	3124	1414	1100
3583	1536	1280	3340	1407	1095
3839	1536	1280	3557	1408	1095
4095	1536	1280	3768	1407	1095
0	1792	1280	1	1720	1159
256	1792	1280	231	1686	1135
512	1792	1280	468	1709	1153
768	1792	1280	724	1718	1160
1024	1792	1280	984	1727	1168
1280	1792	1280	1226	1730	1171
1536	1792	1280	1491	1726	1165
1792	1792	1280	1732	1722	1157
2048	1792	1280	1955	1709	1146
2303	1792	1280	2195	1701	1137
2559	1792	1280	2446	1690	1126
2815	1792	1280	2684	1679	1117
3071	1792	1280	2898	1662	1103
3327	1792	1280	3123	1655	1099
3583	1792	1280	3347	1654	1096
3839	1792	1280	3550	1649	1093
4095	1792	1280	3768	1650	1092
0	2048	1280	1	1961	1158
256	2048	1280	230	1913	1127
512	2048	1280	464	1932	1145
768	2048	1280	720	1946	1151
1024	2048	1280	976	1955	1157
1280	2048	1280	1214	1955	1159
1536	2048	1280	1476	1949	1155
1792	2048	1280	1719	1942	1150
2048	2048	1280	1953	1940	1144
2303	2048	1280	2200	1929	1134
2559	2048	1280	2444	1919	1126
2815	2048	1280	2670	1906	1114
3071	2048	1280	2905	1896	1105
3327	2048	1280	3125	1887	1098
3583	2048	1280	3339	1885	1094
3839	2048	1280	3547	1878	1090
4095	2048	1280	3777	1887	1093
0	2303	1280	1	2228	1156
256	2303	1280	227	2169	1121
512	2303	1280	461	2193	1135
768	2303	1280	711	2201	1140
1024	2303	1280	965	2211	1146
1280	2303	1280	1206	2213	1149
1536	2303	1280	1468	2210	1146
1792	2303	1280	1705	2201	1140
2048	2303	1280	1943	2200	1139
2303	2303	1280	2188	2193	1132
2559	2303	1280	2438	2178	1125
2815	2303	1280	2663	2162	1110
3071	2303	1280	2896	2152	1102
3327	2303	1280	3114	2144	1094
3583	2303	1280	3338	2135	1089
3839	2303	1280	3556	2137	1090
4095	2303	1280	3767	2142	1093
0	2559	1280	1	2472	1154
256	2559	1280	225	2395	1111
512	2559	1280	457	2414	1125
768	2559	1280	705	2427	1132
1024	2559	1280	959	2436	1138
1280	2559	1280	1194	2443	1140
1536	2559	1280	1453	2434	1138
1792	2559	1280	1699	2438	1131
2048	2559	1280	1928	2430	1131
2303	2559	1280	2176	2428	1126
2559	2559	1280	2431	2416	1119
2815	2559	1280	2665	2402	1106
3071	2559	1280	2880	2390	1097
3327	2559	1280	3113	2385	1089
3583	2559	1280	3337	2383	1087
3839	2559	1280	3552	2383	1090
4095	2559	1280	3758	2376	1088
0	2815	1280	2	2719	1153
256	2815	1280	221	2619	1099
512	2815	1280	451	2653	1115
768	2815	1280	696	2666	1122
1024	2815	1280	948	2672	1127
1280	2815	1280	1184	2674	1131
1536	2815	1280	1439	2663	1126
1792	2815	1280	1689	2666	1123
2048	2815	1280	1917	2664	1122
2303	2815	1280	2162	2659	1119
2559	2815	1280	2421	2642	1112
2815	2815	1280	2659	2634	1103
3071	2815	1280	2874	2620	1088
3327	2815	1280	3107	2611	1086
3583	2815	1280	3330	2610	1082
3839	2815	1280	3537	2613	1084
4095	2815	1280	3760	2611	1083
0	3071	1280	2	2957	1148
256	3071	1280	220	2853	1090
512	3071	1280	448	2879	1107
768	3071	1280	689	2890	1112
1024	3071	1280	941	2902	1116
1280	3071	1280	1177	2904	1120
1536	3071	1280	1428	2897	1115
1792	3071	1280	1673	2897	1114
2048	3071	1280	1908	2898	1111
2303	3071	1280	2150	2904	1109
2559	3071	1280	2407	2890	1102
2815	3071	1280	2645	2884	1095
3071	3071	1280	2874	2867	1084
3327	3071	1280	3106	2864	1080
3583	3071	1280	3331	2864	1079
3839	3071	1280	3535	2861	1080
4095	3071	1280	3753	2862	1078
0	3327	1280	2	3221	1149
256	3327	1280	220	3091	1088
512	3327	1280	448	3114	1100
768	3327	1280	690	3127	1103
1024	3327	1280	940	3134	1109
1280	3327	1280	1173	3137	1111
1536	3327	1280	1428	3140	1107
1792	3327	1280	1670	3133	1107
2048	3327	1280	1911	3142	1103
2303	3327	1280	2144	3137	1102
2559	3327	1280	2408	3123	1094
2815	3327	1280	2639	3103	1087
3071	3327	1280	2874	3099	1081
3327	3327	1280	3102	3097	1080
3583	3327	1280	3330	3096	1077
3839	3327	1280	3546	3104	1076
4095	3327	1280	3764	3108	1076
0	3583	1280	2	3447	1155
256	3583	1280	219	3300	1084
512	3583	1280	447	3326	1096
768	3583	1280	686	3329	1102
1024	3583	1280	939	3351	1107
1280	3583	1280	1170	3356	1106
1536	3583	1280	1425	3347	1105
1792	3583	1280	1670	3349	1104
2048	3583	1280	1905	3353	1102
2303	3583	1280	2145	3340	1096
2559	3583	1280	2409	3337	1094
2815	3583	1280	2639	3321	1082
3071	3583	1280	2865	3310	1079
3327	3583	1280	3100	3308	1079
3583	3583	1280	3339	3319	1078
3839	3583	1280	3547	3317	1077
4095	3583	1280	3775	3329	1080
0	3839	1280	2	3697	1159
256	3839	1280	219	3524	1081
512	3839	1280	448	3556	1095
768	3839	1280	688	3572	1099
1024	3839	1280	939	3580	1103
1280	3839	1280	1171	3579	1105
1536	3839	1280	1429	3579	1103
1792	3839	1280	1671	3571	1101
2048	3839	1280	1906	3567	1099
2303	3839	1280	2146	3560	1096
2559	3839	1280	2408	3554	1090
2815	3839	1280	2636	3538	1082
3071	3839	1280	2866	3526	1076
3327	3839	1280	3118	3535	1076
3583	3839	1280	3340	3533	1081
3839	3839	1280	3557	3543	1080
4095	3839	1280	3779	3546	1082
0	4095	1280	3	3922	1165
256	4095	1280	221	3738	1085
512	4095	1280	450	3759	1098
768	4095	1280	690	3771	1100
1024	4095	1280	941	3776	1103
1280	4095	1280	1176	3784	1106
1536	4095	1280	1430	3774	1102
1792	4095	1280	1673	3775	1101
2048	4095	1280	1911	3776	1100
2303	4095	1280	2148	3775	1097
2559	4095	1280	2402	3750	1088
2815	4095	1280	2643	3744	1083
3071	4095	1280	2869	3736	1076
3327	4095	1280	3121	3743	1079
3583	4095	1280	3349	3751	1081
3839	4095	1280	3566	3754	1082
4095	4095	1280	3788	3773	1085
0	0	1536	1	0	1537
256	0	1536	245	0	1448
512	0	1536	488	0	1447
768	0	1536	738	0	1440
1024	0	1536	993	0	1434
1280	0	1536	1231	0	1427
1536	0	1536	1494	0	1423
1792	0	1536	1739	0	1422
2048	0	1536	1974	0	1417
2303	0	1536	2236	0	1414
2559	0	1536	2486	0	1408
2815	0	1536	2745	0	1405
3071	0	1536	2969	0	1397
3327	0	1536	3228	0	1402
3583	0	1536	3451	0	1406
3839	0	1536	3698	0	1414
4095	0	1536	3922	0	1421
0	256	1536	0	242	1504
256	256	1536	241	240	1439
512	256	1536	478	240	1437
768	256	1536	727	240	1431
1024	256	1536	976	238	1424
1280	256	1536	1210	238	1418
1536	256	1536	1470	235	1413
1792	256	1536	1701	233	1407
2048	256	1536	1920	231	1400
2303	256	1536	2170	229	1395
2559	256	1536	2413	225	1387
2815	256	1536	2640	222	1381
3071	256	1536	2861	220	1373
3327	256	1536	3090	219	1374
3583	256	1536	3306	219	1373
3839	256	1536	3520	218	1380
4095	256	1536	3740	219	1386
0	512	1536	0	489	1449
256	512	1536	240	480	1423
512	512	1536	487	490	1430
768	512	1536	738	487	1425
1024	512	1536	992	484	1417
1280	512	1536	1228	483	1411
1536	512	1536	1489	478	1403
1792	512	1536	1721	473	1389
2048	512	1536	1946	467	1378
2303	512	1536	2195	463	1371
2559	512	1536	2434	457	1358
2815	512	1536	2674	454	1348
3071	512	1536	2890	449	1337
3327	512	1536	3118	449	1333
3583	512	1536	3335	447	1326
3839	512	1536	3545	446	1329
4095	512	1536	3761	447	1331
0	768	1536	0	738	1446
256	768	1536	239	728	1421
512	768	1536	484	738	1441
768	768	1536	744	744	1443
1024	768	1536	1000	740	1435
1280	768	1536	1239	740	1429
1536	768	1536	1501	732	1420
1792	768	1536	1731	725	1406
2048	768	1536	1959	721	1393
2303	768	1536	2206	713	1385
2559	768	1536	2445	707	1371
2815	768	1536	2687	702	1363
3071	768	1536	2902	694	1348
3327	768	1536	3133	690	1345
3583	768	1536	3342	687	1340
3839	768	1536	3557	684	1338
4095	768	1536	3781	688	1342
0	1024	1536	0	994	1440
256	1024	1536	238	980	1416
512	1024	1536	482	994	1436
768	1024	1536	742	1001	1447
1024	1024	1536	1009	1009	1446
1280	1024	1536	1248	1003	1440
1536	1024	1536	1512	997	1430
1792	1024	1536	1742	986	1413
2048	1024	1536	1971	979	1402
2303	1024	1536	2218	969	1392
2559	1024	1536	2459	960	1379
2815	1024	1536	2696	953	1369
3071	1024	1536	2913	944	1356
3327	1024	1536	3147	941	1350
3583	1024	1536	3358	935	1345
3839	1024	1536	3573	935	1343
4095	1024	1536	3788	936	1347
0	1280	1536	0	1233	1436
256	1280	1536	236	1214	1408
512	1280	1536	478	1229	1430
768	1280	1536	739	1240	1441
1024	1280	1536	1005	1246	1452
1280	1280	1536	1254	1252	1450
1536	1280	1536	1517	1242	1439
1792	1280	1536	1750	1230	1421
2048	1280	1536	1977	1219	1410
2303	1280	1536	2224	1210	1399
2559	1280	1536	2468	1200	1388
2815	1280	1536	2706	1188	1375
3071	1280	1536	2921	1176	1363
3327	1280	1536	3152	1172	1355
3583	1280	1536	3371	1171	1351
3839	1280	1536	3579	1165	1350
4095	1280	1536	3800	1168	1351
0	1536	1536	0	1489	1429
256	1536	1536	236	1467	1404
512	1536	1536	477	1487	1423
768	1536	1536	736	1494	1435
1024	1536	1536	1001	1505	1445
1280	1536	1536	1248	1509	1450
1536	1536	1536	1520	1512	1444
1792	1536	1536	1757	1496	1426
2048	1536	1536	1982	1486	1415
2303	1536	1536	2224	1477	1402
2559	1536	1536	2472	1463	1394
2815	1536	1536	2704	1447	1380
3071	1536	1536	2927	1439	1368
3327	1536	1536	3155	1430	1360
3583	1536	1536	3371	1423	1354
3839	1536	1536	3593	1427	1352
4095	1536	1536	3805	1428	1353
0	1792	1536	0	1738	1426
256	1792	1536	234	1703	1396
512	1792	1536	472	1724	1416
768	1792	1536	729	1731	1424
1024	1792	1536	990	1739	1432
1280	1792	1536	1237	1746	1439
1536	1792	1536	1511	1747	1438
1792	1792	1536	1751	1743	1425
2048	1792	1536	1983	1730	1417
2303	1792	1536	2221	1721	1403
2559	1792	1536	2473	1711	1394
2815	1792	1536	2708	1697	1378
3071	1792	1536	2933	1685	1370
3327	1792	1536	3162	1680	1362
3583	1792	1536	3381	1675	1356
3839	1792	1536	3590	1674	1354
4095	1792	1536	3805	1670	1354
0	2048	1536	0	1976	1426
256	2048	1536	232	1928	1386
512	2048	1536	470	1948	1405
768	2048	1536	726	1962	1411
1024	2048	1536	984	1967	1418
1280	2048	1536	1229	1973	1425
1536	2048	1536	1497	1970	1424
1792	2048	1536	1744	1966	1421
2048	2048	1536	1978	1967	1415
2303	2048	1536	2225	1955	1403
2559	2048	1536	2467	1939	1392
2815	2048	1536	2699	1930	1376
3071	2048	1536	2929	1916	1366
3327	2048	1536	3156	1909	1359
3583	2048	1536	3372	1907	1354
3839	2048	1536	3586	1901	1352
4095	2048	1536	3813	1908	1355
0	2303	1536	0	2246	1425
256	2303	1536	229	2186	1378
512	2303	1536	466	2205	1395
768	2303	1536	718	2214	1402
1024	2303	1536	975	2225	1409
1280	2303	1536	1217	2233	1414
1536	2303	1536	1484	2236	1414
1792	2303	1536	1728	2230	1411
2048	2303	1536	1966	2226	1409
2303	2303	1536	2218	2223	1402
2559	2303	1536	2463	2201	1390
2815	2303	1536	2696	2185	1374
3071	2303	1536	2919	2176	1361
3327	2303	1536	3148	2167	1355
3583	2303	1536	3370	2158	1351
3839	2303	1536	3588	2159	1352
4095	2303	1536	3802	2164	1355
0	2559	1536	1	2490	1420
256	2559	1536	228	2410	1369
512	2559	1536	461	2432	1385
768	2559	1536	710	2445	1391
1024	2559	1536	965	2450	1398
1280	2559	1536	1206	2461	1403
1536	2559	1536	1472	2461	1403
1792	2559	1536	1720	2463	1399
2048	2559	1536	1949	2454	1399
2303	2559	1536	2201	2454	1394
2559	2559	1536	2457	2442	1381
2815	2559	1536	2692	2427	1370
3071	2559	1536	2909	2418	1357
3327	2559	1536	3144	2410	1352
3583	2559	1536	3376	2410	1349
3839	2559	1536	3588	2409	1351
4095	2559	1536	3794	2401	1350
0	2815	1536	1	2739	1416
256	2815	1536	223	2639	1357
512	2815	1536	457	2672	1373
768	2815	1536	704	2685	1380
1024	2815	1536	956	2688	1385
1280	2815	1536	1195	2692	1391
1536	2815	1536	1459	2694	1392
1792	2815	1536	1709	2694	1387
2048	2815	1536	1940	2694	1387
2303	2815	1536	2188	2686	1383
2559	2815	1536	2446	2671	1373
2815	2815	1536	2682	2658	1365
3071	2815	1536	2904	2648	1349
3327	2815	1536	3138	2639	1347
3583	2815	1536	3368	2639	1345
3839	2815	1536	3570	2640	1346
4095	2815	1536	3792	2634	1345
0	3071	1536	1	2979	1412
256	3071	1536	222	2872	1348
512	3071	1536	454	2900	1363
768	3071	1536	698	2912	1369
1024	3071	1536	949	2918	1374
1280	3071	1536	1186	2921	1378
1536	3071	1536	1449	2932	1381
1792	3071	1536	1696	2930	1376
2048	3071	1536	1934	2934	1375
2303	3071	1536	2173	2931	1372
2559	3071	1536	2432	2923	1364
2815	3071	1536	2667	2908	1356
3071	3071	1536	2904	2896	1345
3327	3071	1536	3137	2893	1341
3583	3071	1536	3362	2891	1340
3839	3071	1536	3569	2890	1341
4095	3071	1536	3791	2893	1340
0	3327	1536	1	3246	1412
256	3327	1536	221	3107	1342
512	3327	1536	452	3139	1355
768	3327	1536	696	3152	1360
1024	3327	1536	950	3163	1366
1280	3327	1536	1187	3167	1370
1536	3327	1536	1448	3172	1374
1792	3327	1536	1695	3171	1370
2048	3327	1536	1933	3172	1366
2303	3327	1536	2171	3163	1364
2559	3327	1536	2434	3155	1357
2815	3327	1536	2667	3135	1347
3071	3327	1536	2902	3129	1342
3327	3327	1536	3130	3128	1341
3583	3327	1536	3365	3129	1338
3839	3327	1536	3582	3136	1337
4095	3327	1536	3796	3142	1340
0	3583	1536	1	3475	1420
256	3583	1536	222	3327	1338
512	3583	1536	452	3355	1354
768	3583	1536	692	3363	1358
1024	3583	1536	948	3374	1362
1280	3583	1536	1185	3387	1366
1536	3583	1536	1443	3381	1370
1792	3583	1536	1693	3386	1367
2048	3583	1536	1926	3385	1364
2303	3583	1536	2169	3374	1360
2559	3583	1536	2432	3368	1355
2815	3583	1536	2668	3356	1344
3071	3583	1536	2896	3345	1340
3327	3583	1536	3136	3343	1340
3583	3583	1536	3375	3355	1340
3839	3583	1536	3587	3354	1340
4095	3583	1536	3807	3358	1341
0	3839	1536	1	3722	1426
256	3839	1536	222	3558	1338
512	3839	1536	453	3587	1353
768	3839	1536	694	3593	1355
1024	3839	1536	948	3602	1362
1280	3839	1536	1185	3609	1363
1536	3839	1536	1448	3617	1366
1792	3839	1536	1692	3615	1365
2048	3839	1536	1926	3601	1361
2303	3839	1536	2171	3596	1360
2559	3839	1536	2433	3588	1351
2815	3839	1536	2662	3574	1344
3071	3839	1536	2895	3561	1338
3327	3839	1536	3150	3570	1339
3583	3839	1536	3376	3571	1342
3839	3839	1536	3598	3579	1345
4095	3839	1536	3809	3581	1343
0	4095	1536	2	3941	1434
256	4095	1536	224	3770	1343
512	4095	1536	454	3791	1355
768	4095	1536	697	3798	1357
1024	4095	1536	951	3804	1363
1280	4095	1536	1189	3813	1364
1536	4095	1536	1449	3819	1366
1792	4095	1536	1692	3810	1365
2048	4095	1536	1935	3814	1363
2303	4095	1536	2172	3812	1361
2559	4095	1536	2429	3788	1352
2815	4095	1536	2668	3779	1344
3071	4095	1536	2897	3770	1338
3327	4095	1536	3149	3782	1340
3583	4095	1536	3379	3784	1343
3839	4095	1536	3598	3793	1346
4095	4095	1536	3820	3805	1346
0	0	1792	1	0	1819
256	0	1792	248	0	1714
512	0	1792	492	0	1712
768	0	1792	744	0	1704
1024	0	1792	1003	0	1699
1280	0	1792	1244	0	1695
1536	0	1792	1507	0	1692
1792	0	1792	1757	0	1688
2048	0	1792	1994	0	1688
2303	0	1792	2263	0	1686
2559	0	1792	2513	0	1675
2815	0	1792	2773	0	1669
3071	0	1792	2991	0	1659
3327	0	1792	3257	0	1666
3583	0	1792	3484	0	1671
3839	0	1792	3738	0	1682
4095	0	1792	3956	0	1687
0	256	1792	0	245	1774
256	256	1792	242	242	1700
512	256	1792	479	242	1696
768	256	1792	730	241	1690
1024	256	1792	979	240	1684
1280	256	1792	1216	239	1678
1536	256	1792	1480	238	1675
1792	256	1792	1720	237	1668
2048	256	1792	1944	234	1664
2303	256	1792	2192	232	1658
2559	256	1792	2430	229	1645
2815	256	1792	2664	226	1637
3071	256	1792	2886	224	1626
3327	256	1792	3113	223	1628
3583	256	1792	3338	223	1629
3839	256	1792	3557	222	1636
4095	256	1792	3771	222	1641
0	512	1792	0	495	1716
256	512	1792	241	482	1679
512	512	1792	488	491	1688
768	512	1792	741	489	1681
1024	512	1792	995	484	1673
1280	512	1792	1230	484	1666
1536	512	1792	1497	482	1662
1792	512	1792	1738	478	1653
2048	512	1792	1965	474	1642
2303	512	1792	2213	470	1630
2559	512	1792	2453	463	1615
2815	512	1792	2697	460	1603
3071	512	1792	2909	455	1589
3327	512	1792	3147	456	1585
3583	512	1792	3364	454	1582
3839	512	1792	3581	453	1583
4095	512	1792	3800	454	1587
0	768	1792	0	745	1710
256	768	1792	240	729	1674
512	768	1792	485	740	1699
768	768	1792	747	746	1700
1024	768	1792	1002	743	1690
1280	768	1792	1242	742	1684
1536	768	1792	1507	738	1680
1792	768	1792	1750	734	1670
2048	768	1792	1975	728	1658
2303	768	1792	2222	723	1645
2559	768	1792	2464	715	1629
2815	768	1792	2710	710	1618
3071	768	1792	2924	701	1602
3327	768	1792	3156	698	1597
3583	768	1792	3376	697	1594
3839	768	1792	3589	695	1595
4095	768	1792	3809	695	1597
0	1024	1792	0	1002	1704
256	1024	1792	239	984	1671
512	1024	1792	483	997	1692
768	1024	1792	744	1004	1704
1024	1024	1792	1009	1009	1702
1280	1024	1792	1249	1006	1694
1536	1024	1792	1516	1001	1691
1792	1024	1792	1755	993	1677
2048	1024	1792	1986	987	1666
2303	1024	1792	2233	981	1653
2559	1024	1792	2479	970	1638
2815	1024	1792	2719	962	1625
3071	1024	1792	2934	952	1611
3327	1024	1792	3166	949	1604
3583	1024	1792	3384	946	1599
3839	1024	1792	3606	947	1600
4095	1024	1792	3819	947	1602
0	1280	1792	0	1242	1701
256	1280	1792	237	1220	1665
512	1280	1792	479	1234	1687
768	1280	1792	741	1243	1696
1024	1280	1792	1005	1249	1706
1280	1280	1792	1256	1255	1704
1536	1280	1792	1523	1248	1699
1792	1280	1792	1764	1239	1686
2048	1280	1792	1995	1232	1673
2303	1280	1792	2242	1223	1661
2559	1280	1792	2488	1208	1646
2815	1280	1792	2723	1198	1632
3071	1280	1792	2940	1188	1618
3327	1280	1792	3177	1184	1610
3583	1280	1792	3396	1180	1606
3839	1280	1792	3613	1179	1605
4095	1280	1792	3829	1179	1606
0	1536	1792	0	1503	1699
256	1536	1792	238	1477	1661
512	1536	1792	479	1497	1682
768	1536	1792	739	1502	1692
1024	1536	1792	1003	1510	1700
1280	1536	1792	1253	1516	1708
1536	1536	1792	1529	1522	1706
1792	1536	1792	1771	1512	1692
2048	1536	1792	2001	1502	1678
2303	1536	1792	2246	1493	1666
2559	1536	1792	2495	1478	1650
2815	1536	1792	2729	1466	1637
3071	1536	1792	2957	1455	1624
3327	1536	1792	3182	1445	1616
3583	1536	1792	3405	1444	1611
3839	1536	1792	3624	1442	1611
4095	1536	1792	3837	1442	1609
0	1792	1792	0	1754	1696
256	1792	1792	237	1719	1656
512	1792	1792	478	1736	1676
768	1792	1792	737	1745	1685
1024	1792	1792	997	1750	1692
1280	1792	1792	1247	1758	1700
1536	1792	1792	1524	1764	1703
1792	1792	1792	1772	1764	1696
2048	1792	1792	2009	1754	1684
2303	1792	1792	2249	1742	1669
2559	1792	1792	2500	1731	1655
2815	1792	1792	2734	1716	1638
3071	1792	1792	2961	1705	1628
3327	1792	1792	3191	1699	1620
3583	1792	1792	3419	1697	1616
3839	1792	1792	3629	1694	1614
4095	1792	1792	3845	1692	1613
0	2048	1792	0	1999	1696
256	2048	1792	236	1945	1647
512	2048	1792	476	1965	1667
768	2048	1792	732	1976	1674
1024	2048	1792	992	1982	1682
1280	2048	1792	1241	1991	1688
1536	2048	1792	1513	1992	1691
1792	2048	1792	1767	1992	1692
2048	2048	1792	2006	1994	1686
2303	2048	1792	2248	1979	1670
2559	2048	1792	2493	1961	1657
2815	2048	1792	2727	1952	1639
3071	2048	1792	2956	1936	1626
3327	2048	1792	3188	1931	1619
3583	2048	1792	3412	1932	1615
3839	2048	1792	3627	1926	1614
4095	2048	1792	3848	1930	1617
0	2303	1792	0	2268	1697
256	2303	1792	232	2200	1637
512	2303	1792	470	2225	1655
768	2303	1792	723	2237	1663
1024	2303	1792	982	2246	1670
1280	2303	1792	1227	2252	1675
1536	2303	1792	1498	2256	1677
1792	2303	1792	1750	2255	1680
2048	2303	1792	1990	2253	1678
2303	2303	1792	2240	2245	1666
2559	2303	1792	2490	2226	1653
2815	2303	1792	2724	2209	1635
3071	2303	1792	2947	2200	1622
3327	2303	1792	3180	2192	1615
3583	2303	1792	3409	2184	1613
3839	2303	1792	3624	2183	1613
4095	2303	1792	3842	2191	1617
0	2559	1792	0	2510	1691
256	2559	1792	229	2432	1624
512	2559	1792	466	2457	1642
768	2559	1792	716	2468	1649
1024	2559	1792	973	2473	1656
1280	2559	1792	1219	2481	1662
1536	2559	1792	1488	2488	1664
1792	2559	1792	1742	2491	1666
2048	2559	1792	1974	2482	1665
2303	2559	1792	2226	2480	1656
2559	2559	1792	2483	2468	1644
2815	2559	1792	2717	2453	1630
3071	2559	1792	2941	2445	1616
3327	2559	1792	3181	2438	1612
3583	2559	1792	3410	2434	1610
3839	2559	1792	3618	2432	1611
4095	2559	1792	3835	2430	1613
0	2815	1792	0	2761	1682
256	2815	1792	226	2667	1613
512	2815	1792	463	2692	1630
768	2815	1792	711	2702	1637
1024	2815	1792	966	2707	1642
1280	2815	1792	1206	2711	1648
1536	2815	1792	1474	2722	1651
1792	2815	1792	1732	2725	1655
2048	2815	1792	1962	2721	1650
2303	2815	1792	2212	2713	1645
2559	2815	1792	2472	2698	1634
2815	2815	1792	2708	2684	1625
3071	2815	1792	2935	2676	1609
3327	2815	1792	3175	2669	1608
3583	2815	1792	3406	2669	1605
3839	2815	1792	3610	2665	1606
4095	2815	1792	3829	2661	1607
0	3071	1792	0	3005	1676
256	3071	1792	224	2901	1602
512	3071	1792	458	2923	1617
768	3071	1792	705	2935	1625
1024	3071	1792	960	2942	1630
1280	3071	1792	1198	2951	1635
1536	3071	1792	1467	2961	1639
1792	3071	1792	1721	2967	1641
2048	3071	1792	1956	2962	1637
2303	3071	1792	2198	2962	1633
2559	3071	1792	2458	2949	1623
2815	3071	1792	2694	2935	1616
3071	3071	1792	2929	2926	1605
3327	3071	1792	3171	2923	1601
3583	3071	1792	3399	2923	1602
3839	3071	1792	3605	2924	1602
4095	3071	1792	3827	2922	1601
0	3327	1792	0	3279	1677
256	3327	1792	224	3138	1595
512	3327	1792	459	3171	1609
768	3327	1792	703	3178	1616
1024	3327	1792	959	3186	1623
1280	3327	1792	1199	3194	1627
1536	3327	1792	1465	3203	1633
1792	3327	1792	1716	3206	1633
2048	3327	1792	1954	3203	1628
2303	3327	1792	2194	3191	1624
2559	3327	1792	2459	3180	1615
2815	3327	1792	2696	3166	1606
3071	3327	1792	2932	3161	1601
3327	3327	1792	3168	3161	1600
3583	3327	1792	3397	3160	1599
3839	3327	1792	3612	3163	1600
4095	3327	1792	3832	3170	1602
0	3583	1792	0	3503	1686
256	3583	1792	225	3358	1594
512	3583	1792	458	3383	1608
768	3583	1792	703	3397	1613
1024	3583	1792	959	3401	1620
1280	3583	1792	1198	3409	1623
1536	3583	1792	1460	3416	1629
1792	3583	1792	1713	3420	1628
2048	3583	1792	1947	3417	1624
2303	3583	1792	2194	3407	1619
2559	3583	1792	2453	3394	1612
2815	3583	1792	2696	3389	1604
3071	3583	1792	2929	3378	1600
3327	3583	1792	3172	3378	1600
3583	3583	1792	3408	3386	1601
3839	3583	1792	3619	3383	1601
4095	3583	1792	3836	3383	1603
0	3839	1792	0	3752	1694
256	3839	1792	224	3589	1593
512	3839	1792	458	3615	1609
768	3839	1792	701	3623	1612
1024	3839	1792	960	3631	1619
1280	3839	1792	1198	3636	1622
1536	3839	1792	1463	3643	1626
1792	3839	1792	1711	3647	1626
2048	3839	1792	1947	3634	1620
2303	3839	1792	2194	3629	1619
2559	3839	1792	2454	3617	1608
2815	3839	1792	2690	3604	1603
3071	3839	1792	2926	3598	1600
3327	3839	1792	3174	3596	1600
3583	3839	1792	3408	3604	1604
3839	3839	1792	3625	3606	1606
4095	3839	1792	3840	3614	1604
0	4095	1792	0	3974	1701
256	4095	1792	226	3794	1597
512	4095	1792	460	3824	1612
768	4095	1792	704	3823	1614
1024	4095	1792	962	3834	1619
1280	4095	1792	1200	3839	1622
1536	4095	1792	1464	3848	1625
1792	4095	1792	1711	3846	1625
2048	4095	1792	1952	3843	1622
2303	4095	1792	2194	3845	1620
2559	4095	1792	2453	3822	1612
2815	4095	1792	2697	3813	1603
3071	4095	1792	2927	3804	1600
3327	4095	1792	3177	3813	1600
3583	4095	1792	3408	3815	1605
3839	4095	1792	3628	3829	1606
4095	4095	1792	3854	3833	1606
0	0	2048	1	0	2088
256	0	2048	251	0	1963
512	0	2048	497	0	1959
768	0	2048	751	0	1947
1024	0	2048	1011	0	1943
1280	0	2048	1255	0	1941
1536	0	2048	1520	0	1938
1792	0	2048	1773	0	1937
2048	0	2048	2018	0	1939
2303	0	2048	2281	0	1937
2559	0	2048	2538	0	1927
2815	0	2048	2794	0	1915
3071	0	2048	3018	0	1909
3327	0	2048	3289	0	1918
3583	0	2048	3519	0	1924
3839	0	2048	3769	0	1933
4095	0	2048	3988	0	1940
0	256	2048	0	248	2027
256	256	2048	243	243	1941
512	256	2048	481	243	1935
768	256	2048	732	242	1926
1024	256	2048	983	241	1921
1280	256	2048	1222	241	1916
1536	256	2048	1486	239	1913
1792	256	2048	1732	239	1910
2048	256	2048	1963	238	1908
2303	256	2048	2209	236	1901
2559	256	2048	2454	234	1889
2815	256	2048	2689	231	1873
3071	256	2048	2908	228	1863
3327	256	2048	3145	227	1867
3583	256	2048	3373	227	1871
3839	256	2048	3597	227	1874
4095	256	2048	3807	226	1881
0	512	2048	0	500	1966
256	512	2048	242	484	1915
512	512	2048	490	494	1925
768	512	2048	744	491	1917
1024	512	2048	999	486	1909
1280	512	2048	1235	486	1903
1536	512	2048	1503	484	1897
1792	512	2048	1752	482	1896
2048	512	2048	1983	480	1889
2303	512	2048	2232	477	1875
2559	512	2048	2475	470	1858
2815	512	2048	2712	465	1843
3071	512	2048	2931	461	1828
3327	512	2048	3171	461	1824
3583	512	2048	3394	460	1824
3839	512	2048	3614	460	1823
4095	512	2048	3834	460	1828
0	768	2048	0	752	1959
256	768	2048	241	731	1908
512	768	2048	487	744	1935
768	768	2048	749	748	1936
1024	768	2048	1004	746	1928
1280	768	2048	1245	744	1921
1536	768	2048	1512	740	1915
1792	768	2048	1765	740	1914
2048	768	2048	1993	736	1905
2303	768	2048	2238	731	1890
2559	768	2048	2486	722	1872
2815	768	2048	2725	716	1858
3071	768	2048	2943	709	1843
3327	768	2048	3181	706	1836
3583	768	2048	3406	705	1833
3839	768	2048	3626	706	1834
4095	768	2048	3840	704	1838
0	1024	2048	0	1012	1951
256	1024	2048	240	988	1904
512	1024	2048	485	999	1927
768	1024	2048	745	1007	1939
1024	1024	2048	1010	1011	1939
1280	1024	2048	1253	1010	1931
1536	1024	2048	1518	1004	1928
1792	1024	2048	1772	1002	1924
2048	1024	2048	2002	998	1914
2303	1024	2048	2249	991	1898
2559	1024	2048	2499	980	1881
2815	1024	2048	2733	972	1864
3071	1024	2048	2954	961	1850
3327	1024	2048	3192	961	1844
3583	1024	2048	3417	957	1840
3839	1024	2048	3639	958	1840
4095	1024	2048	3852	958	1841
0	1280	2048	0	1252	1949
256	1280	2048	239	1225	1899
512	1280	2048	481	1238	1921
768	1280	2048	743	1247	1932
1024	1280	2048	1009	1253	1941
1280	1280	2048	1261	1260	1942
1536	1280	2048	1526	1252	1936
1792	1280	2048	1777	1247	1932
2048	1280	2048	2013	1246	1922
2303	1280	2048	2263	1235	1908
2559	1280	2048	2505	1220	1888
2815	1280	2048	2741	1208	1872
3071	1280	2048	2965	1201	1854
3327	1280	2048	3207	1198	1851
3583	1280	2048	3426	1193	1846
3839	1280	2048	3647	1194	1846
4095	1280	2048	3861	1193	1845
0	1536	2048	0	1519	1947
256	1536	2048	239	1481	1895
512	1536	2048	482	1503	1917
768	1536	2048	742	1507	1929
1024	1536	2048	1004	1514	1936
1280	1536	2048	1254	1521	1944
1536	1536	2048	1535	1527	1943
1792	1536	2048	1782	1522	1939
2048	1536	2048	2018	1514	1928
2303	1536	2048	2265	1505	1915
2559	1536	2048	2514	1490	1893
2815	1536	2048	2751	1480	1878
3071	1536	2048	2974	1464	1861
3327	1536	2048	3211	1460	1856
3583	1536	2048	3438	1460	1851
3839	1536	2048	3651	1457	1850
4095	1536	2048	3866	1455	1849
0	1792	2048	0	1767	1945
256	1792	2048	239	1731	1893
512	1792	2048	483	1747	1914
768	1792	2048	743	1756	1925
1024	1792	2048	1005	1761	1932
1280	1792	2048	1254	1766	1939
1536	1792	2048	1529	1774	1943
1792	1792	2048	1789	1780	1944
2048	1792	2048	2026	1771	1933
2303	1792	2048	2270	1760	1920
2559	1792	2048	2518	1744	1898
2815	1792	2048	2753	1730	1881
3071	1792	2048	2982	1720	1867
3327	1792	2048	3219	1715	1862
3583	1792	2048	3448	1713	1857
3839	1792	2048	3665	1712	1854
4095	1792	2048	3879	1714	1855
0	2048	2048	0	2021	1947
256	2048	2048	238	1962	1889
512	2048	2048	480	1982	1911
768	2048	2048	738	1989	1918
1024	2048	2048	1000	1998	1927
1280	2048	2048	1250	2007	1932
1536	2048	2048	1525	2007	1937
1792	2048	2048	1784	2013	1942
2048	2048	2048	2027	2015	1937
2303	2048	2048	2272	2000	1922
2559	2048	2048	2519	1982	1903
2815	2048	2048	2752	1973	1884
3071	2048	2048	2985	1958	1870
3327	2048	2048	3224	1955	1864
3583	2048	2048	3450	1956	1859
3839	2048	2048	3667	1950	1858
4095	2048	2048	3884	1952	1860
0	2303	2048	0	2291	1948
256	2303	2048	234	2223	1879
512	2303	2048	476	2249	1901
768	2303	2048	730	2258	1907
1024	2303	2048	990	2265	1915
1280	2303	2048	1239	2268	1921
1536	2303	2048	1513	2274	1926
1792	2303	2048	1769	2276	1930
2048	2303	2048	2012	2276	1930
2303	2303	2048	2264	2268	1917
2559	2303	2048	2516	2249	1901
2815	2303	2048	2749	2233	1881
3071	2303	2048	2978	2225	1868
3327	2303	2048	3214	2218	1859
3583	2303	2048	3448	2211	1858
3839	2303	2048	3665	2210	1858
4095	2303	2048	3883	2214	1860
0	2559	2048	0	2533	1943
256	2559	2048	232	2458	1866
512	2559	2048	471	2478	1886
768	2559	2048	724	2488	1893
1024	2559	2048	984	2497	1901
1280	2559	2048	1230	2505	1907
1536	2559	2048	1504	2512	1912
1792	2559	2048	1757	2510	1914
2048	2559	2048	1997	2508	1916
2303	2559	2048	2249	2505	1905
2559	2559	2048	2510	2494	1891
2815	2559	2048	2742	2478	1874
3071	2559	2048	2975	2473	1861
3327	2559	2048	3213	2465	1855
3583	2559	2048	3444	2459	1853
3839	2559	2048	3653	2456	1854
4095	2559	2048	3870	2458	1856
0	2815	2048	0	2783	1934
256	2815	2048	229	2693	1853
512	2815	2048	467	2710	1872
768	2815	2048	719	2723	1879
1024	2815	2048	976	2732	1886
1280	2815	2048	1220	2736	1894
1536	2815	2048	1491	2748	1896
1792	2815	2048	1747	2746	1899
2048	2815	2048	1985	2750	1900
2303	2815	2048	2236	2738	1891
2559	2815	2048	2497	2723	1879
2815	2815	2048	2736	2712	1867
3071	2815	2048	2968	2706	1853
3327	2815	2048	3210	2698	1850
3583	2815	2048	3440	2695	1847
3839	2815	2048	3649	2691	1849
4095	2815	2048	3866	2689	1849
0	3071	2048	0	3035	1927
256	3071	2048	228	2930	1839
512	3071	2048	464	2954	1862
768	3071	2048	712	2965	1867
1024	3071	2048	971	2972	1872
1280	3071	2048	1215	2986	1879
1536	3071	2048	1480	2984	1881
1792	3071	2048	1739	2995	1886
2048	3071	2048	1977	2989	1884
2303	3071	2048	2222	2990	1877
2559	3071	2048	2484	2976	1865
2815	3071	2048	2723	2965	1856
3071	3071	2048	2959	2959	1848
3327	3071	2048	3203	2953	1843
3583	3071	2048	3437	2956	1845
3839	3071	2048	3639	2956	1845
4095	3071	2048	3859	2948	1843
0	3327	2048	0	3307	1931
256	3327	2048	227	3173	1834
512	3327	2048	464	3200	1854
768	3327	2048	712	3206	1859
1024	3327	2048	968	3214	1864
1280	3327	2048	1212	3222	1867
1536	3327	2048	1478	3225	1873
1792	3327	2048	1733	3234	1878
2048	3327	2048	1976	3231	1874
2303	3327	2048	2216	3223	1866
2559	3327	2048	2481	3208	1856
2815	3327	2048	2726	3200	1849
3071	3327	2048	2964	3193	1844
3327	3327	2048	3208	3196	1843
3583	3327	2048	3430	3194	1844
3839	3327	2048	3642	3190	1843
4095	3327	2048	3868	3197	1843
0	3583	2048	0	3533	1941
256	3583	2048	227	3387	1835
512	3583	2048	463	3409	1850
768	3583	2048	712	3419	1855
1024	3583	2048	969	3426	1861
1280	3583	2048	1209	3431	1862
1536	3583	2048	1478	3445	1869
1792	3583	2048	1727	3444	1872
2048	3583	2048	1969	3449	1867
2303	3583	2048	2217	3438	1860
2559	3583	2048	2477	3424	1851
2815	3583	2048	2723	3418	1846
3071	3583	2048	2962	3412	1843
3327	3583	2048	3204	3414	1845
3583	3583	2048	3434	3411	1844
3839	3583	2048	3649	3411	1842
4095	3583	2048	3864	3413	1845
0	3839	2048	0	3787	1949
256	3839	2048	228	3620	1834
512	3839	2048	463	3644	1849
768	3839	2048	711	3653	1852
1024	3839	2048	969	3656	1858
1280	3839	2048	1211	3662	1860
1536	3839	2048	1476	3670	1866
1792	3839	2048	1725	3669	1866
2048	3839	2048	1968	3667	1863
2303	3839	2048	2217	3663	1860
2559	3839	2048	2477	3648	1851
2815	3839	2048	2721	3636	1844
3071	3839	2048	2955	3635	1844
3327	3839	2048	3201	3626	1844
3583	3839	2048	3439	3635	1845
3839	3839	2048	3651	3631	1845
4095	3839	2048	3873	3645	1845
0	4095	2048	0	4014	1954
256	4095	2048	229	3823	1835
512	4095	2048	466	3851	1851
768	4095	2048	712	3853	1852
1024	4095	2048	972	3862	1857
1280	4095	2048	1213	3868	1861
1536	4095	2048	1477	3872	1863
1792	4095	2048	1726	3882	1864
2048	4095	2048	1970	3875	1863
2303	4095	2048	2217	3875	1858
2559	4095	2048	2476	3861	1855
2815	4095	2048	2726	3850	1846
3071	4095	2048	2960	3841	1845
3327	4095	2048	3211	3847	1843
3583	4095	2048	3435	3849	1846
3839	4095	2048	3657	3861	1847
4095	4095	2048	3882	3862	1848
0	0	2303	1	0	2349
256	0	2303	254	0	2213
512	0	2303	502	0	2206
768	0	2303	758	0	2193
1024	0	2303	1019	0	2185
1280	0	2303	1262	0	2182
1536	0	2303	1532	0	2180
1792	0	2303	1787	0	2184
2048	0	2303	2037	0	2185
2303	0	2303	2296	0	2179
2559	0	2303	2557	0	2171
2815	0	2303	2809	0	2161
3071	0	2303	3043	0	2156
3327	0	2303	3314	0	2165
3583	0	2303	3547	0	2172
3839	0	2303	3796	0	2180
4095	0	2303	4019	0	2191
0	256	2303	0	251	2272
256	256	2303	245	244	2179
512	256	2303	483	244	2172
768	256	2303	734	243	2160
1024	256	2303	987	242	2152
1280	256	2303	1224	242	2148
1536	256	2303	1494	241	2146
1792	256	2303	1739	241	2146
2048	256	2303	1976	240	2144
2303	256	2303	2226	240	2138
2559	256	2303	2475	236	2125
2815	256	2303	2706	233	2110
3071	256	2303	2931	231	2100
3327	256	2303	3172	230	2103
3583	256	2303	3403	230	2106
3839	256	2303	3627	230	2111
4095	256	2303	3843	230	2117
0	512	2303	0	504	2212
256	512	2303	243	486	2150
512	512	2303	492	495	2161
768	512	2303	746	492	2151
1024	512	2303	1001	488	2142
1280	512	2303	1241	488	2135
1536	512	2303	1511	485	2132
1792	512	2303	1762	484	2131
2048	512	2303	1997	484	2127
2303	512	2303	2250	481	2118
2559	512	2303	2494	475	2101
2815	512	2303	2728	471	2084
3071	512	2303	2958	468	2068
3327	512	2303	3193	466	2065
3583	512	2303	3423	465	2064
3839	512	2303	3649	467	2066
4095	512	2303	3862	465	2070
0	768	2303	0	758	2205
256	768	2303	242	735	2142
512	768	2303	488	746	2167
768	768	2303	750	749	2168
1024	768	2303	1007	748	2162
1280	768	2303	1249	747	2153
1536	768	2303	1521	743	2150
1792	768	2303	1772	743	2149
2048	768	2303	2005	743	2143
2303	768	2303	2254	736	2133
2559	768	2303	2505	729	2116
2815	768	2303	2740	722	2099
3071	768	2303	2969	718	2083
3327	768	2303	3208	714	2078
3583	768	2303	3430	712	2074
3839	768	2303	3655	711	2075
4095	768	2303	3873	713	2078
0	1024	2303	0	1020	2196
256	1024	2303	241	992	2134
512	1024	2303	487	1003	2160
768	1024	2303	747	1010	2170
1024	1024	2303	1014	1016	2175
1280	1024	2303	1257	1013	2166
1536	1024	2303	1527	1008	2162
1792	1024	2303	1781	1009	2160
2048	1024	2303	2015	1005	2152
2303	1024	2303	2266	998	2142
2559	1024	2303	2517	988	2123
2815	1024	2303	2749	980	2104
3071	1024	2303	2981	972	2090
3327	1024	2303	3221	972	2086
3583	1024	2303	3449	969	2082
3839	1024	2303	3664	968	2080
4095	1024	2303	3882	968	2082
0	1280	2303	0	1262	2192
256	1280	2303	239	1228	2130
512	1280	2303	484	1243	2153
768	1280	2303	746	1251	2165
1024	1280	2303	1012	1257	2177
1280	1280	2303	1264	1263	2177
1536	1280	2303	1532	1257	2171
1792	1280	2303	1787	1253	2169
2048	1280	2303	2026	1254	2163
2303	1280	2303	2276	1242	2151
2559	1280	2303	2521	1231	2131
2815	1280	2303	2758	1218	2112
3071	1280	2303	2991	1212	2095
3327	1280	2303	3232	1209	2092
3583	1280	2303	3455	1205	2088
3839	1280	2303	3675	1205	2086
4095	1280	2303	3888	1204	2087
0	1536	2303	0	1528	2189
256	1536	2303	240	1487	2127
512	1536	2303	485	1507	2148
768	1536	2303	746	1512	2161
1024	1536	2303	1010	1520	2171
1280	1536	2303	1259	1526	2178
1536	1536	2303	1540	1532	2177
1792	1536	2303	1789	1525	2176
2048	1536	2303	2030	1523	2171
2303	1536	2303	2281	1516	2157
2559	1536	2303	2530	1499	2136
2815	1536	2303	2767	1487	2119
3071	1536	2303	2994	1477	2102
3327	1536	2303	3235	1475	2097
3583	1536	2303	3466	1471	2092
3839	1536	2303	3679	1471	2089
4095	1536	2303	3894	1471	2091
0	1792	2303	0	1781	2190
256	1792	2303	239	1740	2125
512	1792	2303	485	1754	2148
768	1792	2303	746	1763	2159
1024	1792	2303	1011	1772	2168
1280	1792	2303	1260	1774	2174
1536	1792	2303	1536	1779	2179
1792	1792	2303	1794	1787	2180
2048	1792	2303	2033	1780	2174
2303	1792	2303	2285	1769	2162
2559	1792	2303	2531	1752	2139
2815	1792	2303	2768	1743	2123
3071	1792	2303	3007	1735	2108
3327	1792	2303	3247	1731	2104
3583	1792	2303	3471	1725	2097
3839	1792	2303	3693	1727	2096
4095	1792	2303	3904	1727	2096
0	2048	2303	0	2035	2194
256	2048	2303	239	1973	2122
512	2048	2303	483	1996	2146
768	2048	2303	743	2004	2155
1024	2048	2303	1007	2010	2164
1280	2048	2303	1258	2018	2172
1536	2048	2303	1533	2017	2176
1792	2048	2303	1792	2025	2180
2048	2048	2303	2037	2024	2178
2303	2048	2303	2289	2018	2168
2559	2048	2303	2539	1998	2145
2815	2048	2303	2774	1987	2127
3071	2048	2303	3010	1975	2113
3327	2048	2303	3250	1972	2107
3583	2048	2303	3481	1974	2102
3839	2048	2303	3699	1973	2102
4095	2048	2303	3910	1970	2100
0	2303	2303	0	2310	2193
256	2303	2303	237	2247	2119
512	2303	2303	482	2266	2142
768	2303	2303	738	2272	2149
1024	2303	2303	1001	2279	2158
1280	2303	2303	1249	2282	2163
1536	2303	2303	1526	2290	2169
1792	2303	2303	1785	2290	2173
2048	2303	2303	2026	2295	2174
2303	2303	2303	2284	2287	2165
2559	2303	2303	2536	2267	2146
2815	2303	2303	2775	2256	2126
3071	2303	2303	3010	2245	2113
3327	2303	2303	3248	2239	2106
3583	2303	2303	3480	2235	2103
3839	2303	2303	3699	2233	2101
4095	2303	2303	3914	2230	2101
0	2559	2303	0	2556	2188
256	2559	2303	235	2478	2109
512	2559	2303	476	2496	2130
768	2559	2303	732	2506	2138
1024	2559	2303	995	2516	2146
1280	2559	2303	1240	2523	2151
1536	2559	2303	1515	2527	2156
1792	2559	2303	1768	2523	2155
2048	2559	2303	2014	2528	2161
2303	2559	2303	2266	2523	2152
2559	2559	2303	2530	2513	2137
2815	2559	2303	2768	2503	2121
3071	2559	2303	3007	2494	2107
3327	2559	2303	3242	2491	2101
3583	2559	2303	3474	2484	2098
3839	2559	2303	3686	2479	2097
4095	2559	2303	3900	2479	2096
0	2815	2303	0	2808	2182
256	2815	2303	232	2710	2093
512	2815	2303	472	2730	2115
768	2815	2303	726	2742	2123
1024	2815	2303	986	2752	2128
1280	2815	2303	1231	2755	2136
1536	2815	2303	1505	2764	2140
1792	2815	2303	1755	2760	2138
2048	2815	2303	2003	2767	2143
2303	2815	2303	2253	2759	2134
2559	2815	2303	2517	2747	2125
2815	2815	2303	2761	2735	2110
3071	2815	2303	2999	2728	2100
3327	2815	2303	3239	2724	2095
3583	2815	2303	3466	2714	2092
3839	2815	2303	3678	2713	2090
4095	2815	2303	3895	2711	2088
0	3071	2303	0	3061	2177
256	3071	2303	230	2952	2079
512	3071	2303	470	2979	2102
768	3071	2303	719	2985	2107
1024	3071	2303	982	2996	2112
1280	3071	2303	1227	3004	2118
1536	3071	2303	1491	3006	2124
1792	3071	2303	1750	3010	2124
2048	3071	2303	1993	3008	2127
2303	3071	2303	2243	3008	2120
2559	3071	2303	2508	3001	2110
2815	3071	2303	2750	2991	2100
3071	3071	2303	2990	2988	2094
3327	3071	2303	3231	2978	2089
3583	3071	2303	3463	2978	2086
3839	3071	2303	3671	2978	2084
4095	3071	2303	3888	2969	2082
0	3327	2303	0	3330	2181
256	3327	2303	230	3196	2074
512	3327	2303	469	3225	2095
768	3327	2303	720	3232	2100
1024	3327	2303	979	3239	2104
1280	3327	2303	1223	3244	2108
1536	3327	2303	1488	3245	2113
1792	3327	2303	1746	3251	2117
2048	3327	2303	1990	3248	2117
2303	3327	2303	2238	3246	2110
2559	3327	2303	2503	3241	2101
2815	3327	2303	2751	3232	2095
3071	3327	2303	2991	3222	2090
3327	3327	2303	3240	3227	2089
3583	3327	2303	3461	3222	2084
3839	3327	2303	3671	3219	2082
4095	3327	2303	3894	3218	2081
0	3583	2303	0	3562	2190
256	3583	2303	230	3412	2074
512	3583	2303	468	3434	2093
768	3583	2303	717	3440	2096
1024	3583	2303	978	3449	2100
1280	3583	2303	1220	3453	2102
1536	3583	2303	1490	3463	2107
1792	3583	2303	1738	3461	2111
2048	3583	2303	1986	3471	2110
2303	3583	2303	2236	3466	2105
2559	3583	2303	2499	3457	2097
2815	3583	2303	2745	3442	2091
3071	3583	2303	2988	3439	2087
3327	3583	2303	3233	3444	2088
3583	3583	2303	3457	3437	2083
3839	3583	2303	3674	3434	2081
4095	3583	2303	3894	3439	2081
0	3839	2303	0	3815	2198
256	3839	2303	230	3645	2075
512	3839	2303	469	3671	2090
768	3839	2303	717	3670	2092
1024	3839	2303	976	3678	2096
1280	3839	2303	1221	3684	2100
1536	3839	2303	1487	3693	2104
1792	3839	2303	1737	3691	2106
2048	3839	2303	1986	3699	2107
2303	3839	2303	2238	3692	2102
2559	3839	2303	2500	3678	2096
2815	3839	2303	2746	3665	2088
3071	3839	2303	2986	3664	2084
3327	3839	2303	3231	3660	2084
3583	3839	2303	3461	3658	2082
3839	3839	2303	3678	3662	2082
4095	3839	2303	3897	3663	2082
0	4095	2303	0	4043	2206
256	4095	2303	232	3853	2076
512	4095	2303	471	3874	2091
768	4095	2303	719	3879	2091
1024	4095	2303	980	3885	2096
1280	4095	2303	1222	3890	2100
1536	4095	2303	1489	3899	2103
1792	4095	2303	1737	3904	2105
2048	4095	2303	1985	3905	2107
2303	4095	2303	2238	3901	2102
2559	4095	2303	2499	3893	2097
2815	4095	2303	2750	3882	2090
3071	4095	2303	2987	3872	2085
3327	4095	2303	3237	3875	2084
3583	4095	2303	3461	3878	2083
3839	4095	2303	3682	3883	2085
4095	4095	2303	3903	3887	2084
0	0	2559	1	0	2620
256	0	2559	257	0	2472
512	0	2559	505	0	2464
768	0	2559	764	0	2453
1024	0	2559	1027	0	2443
1280	0	2559	1269	0	2438
1536	0	2559	1543	0	2436
1792	0	2559	1800	0	2440
2048	0	2559	2045	0	2438
2303	0	2559	2312	0	2436
2559	0	2559	2573	0	2425
2815	0	2559	2829	0	2421
3071	0	2559	3062	0	2413
3327	0	2559	3335	0	2422
3583	0	2559	3567	0	2428
3839	0	2559	3823	0	2442
4095	0	2559	4047	0	2450
0	256	2559	0	253	2525
256	256	2559	246	245	2426
512	256	2559	484	245	2419
768	256	2559	737	245	2407
1024	256	2559	991	243	2397
1280	256	2559	1227	243	2394
1536	256	2559	1499	242	2392
1792	256	2559	1745	242	2390
2048	256	2559	1986	241	2388
2303	256	2559	2240	242	2385
2559	256	2559	2487	238	2370
2815	256	2559	2722	235	2357
3071	256	2559	2957	234	2346
3327	256	2559	3194	233	2348
3583	256	2559	3425	232	2349
3839	256	2559	3649	232	2358
4095	256	2559	3864	232	2361
0	512	2559	0	507	2466
256	512	2559	244	487	2397
512	512	2559	493	496	2411
768	512	2559	750	493	2398
1024	512	2559	1005	491	2388
1280	512	2559	1246	490	2382
1536	512	2559	1516	487	2380
1792	512	2559	1766	486	2377
2048	512	2559	2000	486	2372
2303	512	2559	2259	484	2366
2559	512	2559	2508	480	2351
2815	512	2559	2747	475	2334
3071	512	2559	2979	472	2316
3327	512	2559	3224	472	2318
3583	512	2559	3451	470	2314
3839	512	2559	3680	471	2318
4095	512	2559	3889	470	2318
0	768	2559	0	762	2459
256	768	2559	243	740	2388
512	768	2559	490	748	2415
768	768	2559	753	752	2416
1024	768	2559	1010	751	2408
1280	768	2559	1253	750	2399
1536	768	2559	1525	745	2397
1792	768	2559	1774	745	2394
2048	768	2559	2009	745	2387
2303	768	2559	2266	741	2380
2559	768	2559	2520	734	2368
2815	768	2559	2758	727	2349
3071	768	2559	2990	723	2330
3327	768	2559	3235	721	2332
3583	768	2559	3456	720	2327
3839	768	2559	3678	718	2327
4095	768	2559	3896	718	2328
0	1024	2559	0	1025	2451
256	1024	2559	242	996	2378
512	1024	2559	488	1009	2406
768	1024	2559	750	1013	2417
1024	1024	2559	1019	1020	2423
1280	1024	2559	1261	1016	2414
1536	1024	2559	1531	1010	2408
1792	1024	2559	1783	1011	2405
2048	1024	2559	2018	1005	2397
2303	1024	2559	2274	1003	2392
2559	1024	2559	2531	994	2376
2815	1024	2559	2771	987	2358
3071	1024	2559	3003	980	2341
3327	1024	2559	3240	978	2338
3583	1024	2559	3469	976	2331
3839	1024	2559	3685	976	2329
4095	1024	2559	3903	977	2332
0	1280	2559	0	1270	2447
256	1280	2559	240	1230	2375
512	1280	2559	486	1247	2399
768	1280	2559	749	1255	2411
1024	1280	2559	1014	1260	2424
1280	1280	2559	1267	1266	2424
1536	1280	2559	1536	1259	2418
1792	1280	2559	1791	1257	2416
2048	1280	2559	2028	1254	2407
2303	1280	2559	2279	1247	2400
2559	1280	2559	2535	1236	2383
2815	1280	2559	2776	1227	2364
3071	1280	2559	3012	1221	2348
3327	1280	2559	3250	1216	2343
3583	1280	2559	3475	1215	2337
3839	1280	2559	3696	1213	2335
4095	1280	2559	3909	1212	2337
0	1536	2559	0	1536	2445
256	1536	2559	241	1493	2373
512	1536	2559	487	1510	2395
768	1536	2559	749	1516	2407
1024	1536	2559	1013	1523	2416
1280	1536	2559	1263	1530	2425
1536	1536	2559	1541	1535	2425
1792	1536	2559	1793	1527	2422
2048	1536	2559	2034	1527	2415
2303	1536	2559	2292	1522	2405
2559	1536	2559	2541	1508	2387
2815	1536	2559	2784	1497	2370
3071	1536	2559	3016	1489	2353
3327	1536	2559	3256	1486	2350
3583	1536	2559	3488	1482	2344
3839	1536	2559	3702	1482	2342
4095	1536	2559	3920	1483	2342
0	1792	2559	0	1794	2447
256	1792	2559	240	1744	2370
512	1792	2559	486	1758	2394
768	1792	2559	747	1766	2404
1024	1792	2559	1012	1777	2413
1280	1792	2559	1264	1781	2423
1536	1792	2559	1542	1784	2426
1792	1792	2559	1793	1788	2424
2048	1792	2559	2038	1783	2420
2303	1792	2559	2293	1773	2409
2559	1792	2559	2549	1766	2391
2815	1792	2559	2786	1756	2377
3071	1792	2559	3025	1747	2358
3327	1792	2559	3267	1743	2354
3583	1792	2559	3495	1739	2349
3839	1792	2559	3709	1736	2347
4095	1792	2559	3925	1736	2347
0	2048	2559	0	2045	2452
256	2048	2559	241	1977	2368
512	2048	2559	484	2001	2391
768	2048	2559	745	2011	2401
1024	2048	2559	1009	2014	2411
1280	2048	2559	1261	2023	2418
1536	2048	2559	1537	2024	2423
1792	2048	2559	1795	2026	2423
2048	2048	2559	2040	2026	2424
2303	2048	2559	2295	2024	2415
2559	2048	2559	2554	2010	2398
2815	2048	2559	2792	2000	2379
3071	2048	2559	3032	1989	2364
3327	2048	2559	3268	1983	2359
3583	2048	2559	3503	1986	2355
3839	2048	2559	3721	1988	2353
4095	2048	2559	3930	1982	2351
0	2303	2559	0	2323	2451
256	2303	2559	240	2257	2368
512	2303	2559	485	2273	2388
768	2303	2559	744	2282	2398
1024	2303	2559	1006	2289	2407
1280	2303	2559	1255	2294	2413
1536	2303	2559	1533	2300	2417
1792	2303	2559	1792	2296	2418
2048	2303	2559	2034	2302	2423
2303	2303	2559	2293	2295	2415
2559	2303	2559	2554	2282	2399
2815	2303	2559	2795	2271	2380
3071	2303	2559	3038	2259	2367
3327	2303	2559	3272	2251	2361
3583	2303	2559	3504	2252	2356
3839	2303	2559	3718	2245	2354
4095	2303	2559	3936	2243	2355
0	2559	2559	0	2576	2445
256	2559	2559	237	2493	2359
512	2559	2559	481	2512	2381
768	2559	2559	739	2521	2391
1024	2559	2559	1003	2530	2397
1280	2559	2559	1248	2532	2402
1536	2559	2559	1519	2538	2403
1792	2559	2559	1781	2540	2405
2048	2559	2559	2025	2541	2410
2303	2559	2559	2282	2539	2404
2559	2559	2559	2547	2532	2394
2815	2559	2559	2792	2524	2376
3071	2559	2559	3034	2511	2365
3327	2559	2559	3271	2510	2359
3583	2559	2559	3497	2503	2353
3839	2559	2559	3709	2496	2350
4095	2559	2559	3930	2495	2349
0	2815	2559	0	2830	2441
256	2815	2559	234	2726	2344
512	2815	2559	477	2748	2367
768	2815	2559	731	2755	2375
1024	2815	2559	994	2763	2380
1280	2815	2559	1239	2766	2384
1536	2815	2559	1512	2773	2387
1792	2815	2559	1765	2775	2390
2048	2815	2559	2013	2777	2390
2303	2815	2559	2265	2774	2387
2559	2815	2559	2537	2770	2381
2815	2815	2559	2785	2757	2368
3071	2815	2559	3026	2746	2359
3327	2815	2559	3263	2744	2355
3583	2815	2559	3485	2732	2347
3839	2815	2559	3699	2729	2341
4095	2815	2559	3919	2728	2340
0	3071	2559	0	3079	2436
256	3071	2559	233	2973	2329
512	3071	2559	474	2990	2347
768	3071	2559	723	2995	2354
1024	3071	2559	988	3008	2363
1280	3071	2559	1233	3014	2366
1536	3071	2559	1500	3019	2370
1792	3071	2559	1757	3022	2373
2048	3071	2559	2003	3021	2374
2303	3071	2559	2259	3025	2372
2559	3071	2559	2528	3021	2367
2815	3071	2559	2775	3014	2360
3071	3071	2559	3015	3008	2353
3327	3071	2559	3253	3001	2347
3583	3071	2559	3479	2994	2339
3839	3071	2559	3695	2992	2333
4095	3071	2559	3909	2983	2331
0	3327	2559	0	3353	2440
256	3327	2559	233	3211	2323
512	3327	2559	473	3241	2341
768	3327	2559	725	3244	2347
1024	3327	2559	986	3250	2354
1280	3327	2559	1230	3254	2357
1536	3327	2559	1497	3261	2362
1792	3327	2559	1754	3261	2363
2048	3327	2559	2001	3262	2368
2303	3327	2559	2254	3261	2364
2559	3327	2559	2523	3264	2360
2815	3327	2559	2769	3256	2355
3071	3327	2559	3012	3247	2348
3327	3327	2559	3260	3246	2343
3583	3327	2559	3482	3238	2333
3839	3327	2559	3694	3241	2331
4095	3327	2559	3909	3232	2327
0	3583	2559	0	3582	2447
256	3583	2559	233	3430	2322
512	3583	2559	473	3452	2340
768	3583	2559	723	3459	2345
1024	3583	2559	986	3466	2348
1280	3583	2559	1229	3472	2354
1536	3583	2559	1497	3476	2357
1792	3583	2559	1748	3477	2358
2048	3583	2559	1999	3487	2363
2303	3583	2559	2251	3488	2360
2559	3583	2559	2518	3481	2355
2815	3583	2559	2762	3466	2349
3071	3583	2559	3005	3461	2342
3327	3583	2559	3255	3460	2337
3583	3583	2559	3481	3462	2332
3839	3583	2559	3692	3455	2332
4095	3583	2559	3922	3458	2330
0	3839	2559	0	3833	2456
256	3839	2559	233	3660	2324
512	3839	2559	474	3689	2340
768	3839	2559	722	3685	2343
1024	3839	2559	983	3697	2344
1280	3839	2559	1228	3699	2351
1536	3839	2559	1495	3706	2354
1792	3839	2559	1748	3708	2357
2048	3839	2559	2002	3723	2362
2303	3839	2559	2252	3710	2358
2559	3839	2559	2519	3703	2353
2815	3839	2559	2765	3688	2344
3071	3839	2559	3009	3684	2336
3327	3839	2559	3254	3686	2334
3583	3839	2559	3477	3678	2333
3839	3839	2559	3699	3685	2331
4095	3839	2559	3918	3680	2332
0	4095	2559	0	4060	2467
256	4095	2559	234	3872	2326
512	4095	2559	476	3896	2342
768	4095	2559	725	3897	2344
1024	4095	2559	985	3905	2346
1280	4095	2559	1228	3906	2350
1536	4095	2559	1498	3920	2354
1792	4095	2559	1748	3921	2358
2048	4095	2559	1997	3924	2360
2303	4095	2559	2252	3920	2360
2559	4095	2559	2519	3915	2352
2815	4095	2559	2769	3906	2344
3071	4095	2559	3004	3892	2334
3327	4095	2559	3252	3895	2333
3583	4095	2559	3486	3899	2334
3839	4095	2559	3700	3899	2333
4095	4095	2559	3926	3910	2335
0	0	2815	1	0	2907
256	0	2815	259	0	2732
512	0	2815	508	0	2726
768	0	2815	769	0	2716
1024	0	2815	1030	0	2704
1280	0	2815	1278	0	2702
1536	0	2815	1554	0	2699
1792	0	2815	1809	0	2698
2048	0	2815	2051	0	2699
2303	0	2815	2323	0	2701
2559	0	2815	2587	0	2693
2815	0	2815	2850	0	2686
3071	0	2815	3082	0	2678
3327	0	2815	3358	0	2690
3583	0	2815	3593	0	2699
3839	0	2815	3842	0	2709
4095	0	2815	4069	0	2717
0	256	2815	0	255	2787
256	256	2815	246	245	2675
512	256	2815	486	246	2668
768	256	2815	741	246	2658
1024	256	2815	993	244	2648
1280	256	2815	1232	244	2645
1536	256	2815	1498	243	2642
1792	256	2815	1748	243	2639
2048	256	2815	1988	242	2636
2303	256	2815	2242	242	2634
2559	256	2815	2501	240	2625
2815	256	2815	2743	238	2611
3071	256	2815	2981	236	2599
3327	256	2815	3212	235	2600
3583	256	2815	3447	234	2604
3839	256	2815	3672	235	2608
4095	256	2815	3883	234	2610
0	512	2815	0	509	2730
256	512	2815	245	488	2644
512	512	2815	494	496	2666
768	512	2815	752	493	2653
1024	512	2815	1009	492	2644
1280	512	2815	1247	489	2636
1536	512	2815	1516	488	2632
1792	512	2815	1767	487	2629
2048	512	2815	2002	487	2624
2303	512	2815	2259	486	2616
2559	512	2815	2522	483	2609
2815	512	2815	2765	479	2593
3071	512	2815	3001	476	2577
3327	512	2815	3247	476	2578
3583	512	2815	3475	474	2572
3839	512	2815	3695	474	2574
4095	512	2815	3914	475	2577
0	768	2815	0	766	2722
256	768	2815	243	741	2636
512	768	2815	491	750	2666
768	768	2815	756	755	2669
1024	768	2815	1013	753	2664
1280	768	2815	1256	753	2655
1536	768	2815	1525	746	2649
1792	768	2815	1775	747	2644
2048	768	2815	2011	744	2640
2303	768	2815	2269	742	2630
2559	768	2815	2532	739	2622
2815	768	2815	2774	733	2607
3071	768	2815	3006	728	2589
3327	768	2815	3254	726	2589
3583	768	2815	3479	725	2583
3839	768	2815	3697	723	2581
4095	768	2815	3915	724	2585
0	1024	2815	0	1030	2713
256	1024	2815	242	995	2628
512	1024	2815	489	1011	2658
768	1024	2815	753	1015	2671
1024	1024	2815	1019	1020	2677
1280	1024	2815	1263	1019	2668
1536	1024	2815	1530	1010	2659
1792	1024	2815	1784	1010	2656
2048	1024	2815	2020	1005	2651
2303	1024	2815	2274	1004	2641
2559	1024	2815	2540	998	2632
2815	1024	2815	2788	994	2618
3071	1024	2815	3019	986	2599
3327	1024	2815	3259	985	2596
3583	1024	2815	3489	982	2588
3839	1024	2815	3704	982	2586
4095	1024	2815	3922	984	2589
0	1280	2815	0	1275	2710
256	1280	2815	240	1233	2625
512	1280	2815	486	1247	2651
768	1280	2815	750	1257	2665
1024	1280	2815	1016	1263	2675
1280	1280	2815	1269	1268	2679
1536	1280	2815	1535	1259	2670
1792	1280	2815	1791	1258	2669
2048	1280	2815	2030	1254	2660
2303	1280	2815	2281	1249	2653
2559	1280	2815	2544	1240	2642
2815	1280	2815	2790	1234	2622
3071	1280	2815	3033	1230	2608
3327	1280	2815	3272	1226	2600
3583	1280	2815	3497	1225	2594
3839	1280	2815	3713	1221	2594
4095	1280	2815	3926	1221	2592
0	1536	2815	0	1545	2709
256	1536	2815	241	1498	2624
512	1536	2815	487	1515	2648
768	1536	2815	751	1520	2662
1024	1536	2815	1013	1525	2669
1280	1536	2815	1264	1532	2679
1536	1536	2815	1539	1537	2677
1792	1536	2815	1798	1531	2676
2048	1536	2815	2036	1527	2668
2303	1536	2815	2294	1524	2660
2559	1536	2815	2553	1517	2648
2815	1536	2815	2804	1509	2627
3071	1536	2815	3034	1496	2612
3327	1536	2815	3278	1496	2609
3583	1536	2815	3510	1493	2603
3839	1536	2815	3720	1492	2600
4095	1536	2815	3943	1491	2599
0	1792	2815	0	1803	2711
256	1792	2815	240	1748	2623
512	1792	2815	486	1764	2647
768	1792	2815	746	1769	2656
1024	1792	2815	1010	1775	2664
1280	1792	2815	1261	1781	2675
1536	1792	2815	1541	1786	2679
1792	1792	2815	1796	1791	2679
2048	1792	2815	2039	1783	2670
2303	1792	2815	2294	1779	2663
2559	1792	2815	2563	1777	2651
2815	1792	2815	2803	1763	2636
3071	1792	2815	3037	1756	2617
3327	1792	2815	3287	1754	2614
3583	1792	2815	3511	1749	2607
3839	1792	2815	3723	1744	2603
4095	1792	2815	3943	1745	2603
0	2048	2815	0	2054	2715
256	2048	2815	241	1985	2623
512	2048	2815	485	2000	2643
768	2048	2815	746	2011	2654
1024	2048	2815	1010	2017	2664
1280	2048	2815	1262	2025	2670
1536	2048	2815	1538	2027	2676
1792	2048	2815	1796	2027	2674
2048	2048	2815	2043	2029	2678
2303	2048	2815	2299	2025	2671
2559	2048	2815	2565	2020	2656
2815	2048	2815	2810	2016	2641
3071	2048	2815	3051	2003	2622
3327	2048	2815	3290	1998	2617
3583	2048	2815	3518	1998	2610
3839	2048	2815	3739	1996	2608
4095	2048	2815	3951	1989	2609
0	2303	2815	0	2334	2719
256	2303	2815	240	2258	2620
512	2303	2815	484	2274	2638
768	2303	2815	744	2284	2648
1024	2303	2815	1006	2291	2658
1280	2303	2815	1256	2298	2667
1536	2303	2815	1536	2303	2671
1792	2303	2815	1790	2299	2668
2048	2303	2815	2039	2301	2678
2303	2303	2815	2300	2301	2671
2559	2303	2815	2567	2293	2656
2815	2303	2815	2807	2278	2639
3071	2303	2815	3054	2271	2626
3327	2303	2815	3290	2263	2619
3583	2303	2815	3521	2261	2612
3839	2303	2815	3728	2253	2611
4095	2303	2815	3952	2253	2610
0	2559	2815	0	2590	2715
256	2559	2815	239	2503	2614
512	2559	2815	484	2522	2633
768	2559	2815	742	2531	2640
1024	2559	2815	1006	2538	2650
1280	2559	2815	1252	2539	2658
1536	2559	2815	1525	2548	2660
1792	2559	2815	1788	2551	2659
2048	2559	2815	2034	2550	2666
2303	2559	2815	2294	2552	2661
2559	2559	2815	2563	2550	2652
2815	2559	2815	2812	2538	2636
3071	2559	2815	3053	2529	2625
3327	2559	2815	3288	2521	2618
3583	2559	2815	3518	2514	2610
3839	2559	2815	3731	2512	2611
4095	2559	2815	3951	2508	2605
0	2815	2815	0	2841	2706
256	2815	2815	237	2739	2600
512	2815	2815	480	2759	2621
768	2815	2815	736	2768	2629
1024	2815	2815	1000	2775	2637
1280	2815	2815	1245	2775	2639
1536	2815	2815	1519	2785	2641
1792	2815	2815	1774	2782	2647
2048	2815	2815	2024	2792	2649
2303	2815	2815	2279	2786	2645
2559	2815	2815	2558	2786	2642
2815	2815	2815	2805	2776	2631
3071	2815	2815	3048	2764	2620
3327	2815	2815	3283	2756	2613
3583	2815	2815	3507	2752	2605
3839	2815	2815	3719	2746	2602
4095	2815	2815	3944	2746	2600
0	3071	2815	0	3095	2701
256	3071	2815	235	2988	2584
512	3071	2815	478	3004	2604
768	3071	2815	729	3012	2610
1024	3071	2815	992	3015	2618
1280	3071	2815	1240	3026	2622
1536	3071	2815	1507	3024	2623
1792	3071	2815	1763	3036	2631
2048	3071	2815	2017	3039	2632
2303	3071	2815	2272	3043	2631
2559	3071	2815	2544	3041	2628
2815	3071	2815	2794	3035	2622
3071	3071	2815	3037	3025	2613
3327	3071	2815	3273	3021	2605
3583	3071	2815	3501	3015	2599
3839	3071	2815	3709	3005	2592
4095	3071	2815	3933	3000	2589
0	3327	2815	0	3366	2706
256	3327	2815	235	3228	2579
512	3327	2815	477	3248	2599
768	3327	2815	729	3252	2603
1024	3327	2815	990	3261	2609
1280	3327	2815	1237	3265	2612
1536	3327	2815	1506	3270	2618
1792	3327	2815	1764	3277	2623
2048	3327	2815	2016	3284	2625
2303	3327	2815	2267	3281	2624
2559	3327	2815	2538	3280	2621
2815	3327	2815	2789	3275	2616
3071	3327	2815	3030	3268	2607
3327	3327	2815	3275	3261	2600
3583	3327	2815	3498	3255	2594
3839	3327	2815	3714	3252	2589
4095	3327	2815	3931	3255	2583
0	3583	2815	0	3594	2715
256	3583	2815	234	3445	2577
512	3583	2815	477	3467	2593
768	3583	2815	727	3472	2600
1024	3583	2815	990	3478	2603
1280	3583	2815	1234	3489	2606
1536	3583	2815	1506	3493	2615
1792	3583	2815	1757	3496	2616
2048	3583	2815	2012	3507	2620
2303	3583	2815	2267	3507	2620
2559	3583	2815	2535	3497	2615
2815	3583	2815	2782	3492	2610
3071	3583	2815	3025	3486	2602
3327	3583	2815	3270	3478	2596
3583	3583	2815	3503	3478	2593
3839	3583	2815	3714	3481	2590
4095	3583	2815	3946	3482	2589
0	3839	2815	0	3853	2725
256	3839	2815	235	3681	2579
512	3839	2815	478	3704	2595
768	3839	2815	728	3704	2598
1024	3839	2815	990	3712	2602
1280	3839	2815	1235	3714	2606
1536	3839	2815	1504	3725	2612
1792	3839	2815	1756	3724	2615
2048	3839	2815	2016	3737	2619
2303	3839	2815	2263	3725	2619
2559	3839	2815	2536	3725	2616
2815	3839	2815	2784	3712	2606
3071	3839	2815	3021	3702	2597
3327	3839	2815	3275	3704	2595
3583	3839	2815	3495	3704	2591
3839	3839	2815	3718	3703	2592
4095	3839	2815	3947	3711	2593
0	4095	2815	0	4078	2735
256	4095	2815	236	3893	2582
512	4095	2815	480	3916	2600
768	4095	2815	730	3918	2600
1024	4095	2815	991	3925	2604
1280	4095	2815	1234	3924	2606
1536	4095	2815	1509	3939	2612
1792	4095	2815	1760	3944	2615
2048	4095	2815	2014	3942	2621
2303	4095	2815	2265	3939	2618
2559	4095	2815	2534	3937	2614
2815	4095	2815	2785	3927	2605
3071	4095	2815	3022	3915	2593
3327	4095	2815	3272	3925	2591
3583	4095	2815	3502	3921	2591
3839	4095	2815	3720	3924	2592
4095	4095	2815	3952	3936	2597
0	0	3071	1	0	3176
256	0	3071	261	0	2986
512	0	3071	511	0	2975
768	0	3071	772	0	2966
1024	0	3071	1034	0	2951
1280	0	3071	1286	0	2950
1536	0	3071	1562	0	2947
1792	0	3071	1815	0	2942
2048	0	3071	2065	0	2952
2303	0	3071	2336	0	2952
2559	0	3071	2602	0	2946
2815	0	3071	2863	0	2939
3071	0	3071	3103	0	2934
3327	0	3071	3382	0	2944
3583	0	3071	3617	0	2956
3839	0	3071	3861	0	2961
4095	0	3071	4088	0	2973
0	256	3071	0	256	3035
256	256	3071	248	246	2913
512	256	3071	488	248	2904
768	256	3071	742	246	2894
1024	256	3071	994	245	2882
1280	256	3071	1236	245	2879
1536	256	3071	1503	244	2877
1792	256	3071	1750	244	2871
2048	256	3071	1993	244	2871
2303	256	3071	2247	243	2870
2559	256	3071	2511	241	2863
2815	256	3071	2755	239	2855
3071	256	3071	3001	238	2845
3327	256	3071	3240	238	2845
3583	256	3071	3472	238	2845
3839	256	3071	3694	238	2851
4095	256	3071	3909	238	2854
0	512	3071	0	513	2986
256	512	3071	246	491	2881
512	512	3071	496	498	2905
768	512	3071	754	495	2894
1024	512	3071	1010	493	2885
1280	512	3071	1249	491	2876
1536	512	3071	1524	489	2873
1792	512	3071	1773	490	2868
2048	512	3071	2009	489	2865
2303	512	3071	2265	487	2859
2559	512	3071	2533	486	2856
2815	512	3071	2782	484	2842
3071	512	3071	3026	481	2831
3327	512	3071	3262	480	2829
3583	512	3071	3495	478	2823
3839	512	3071	3717	479	2827
4095	512	3071	3934	479	2828
0	768	3071	0	773	2977
256	768	3071	244	742	2872
512	768	3071	493	752	2904
768	768	3071	758	759	2911
1024	768	3071	1015	755	2901
1280	768	3071	1255	754	2891
1536	768	3071	1529	748	2886
1792	768	3071	1781	749	2882
2048	768	3071	2018	748	2881
2303	768	3071	2277	745	2873
2559	768	3071	2543	743	2865
2815	768	3071	2791	739	2855
3071	768	3071	3030	734	2843
3327	768	3071	3273	732	2838
3583	768	3071	3498	731	2830
3839	768	3071	3714	729	2831
4095	768	3071	3939	732	2835
0	1024	3071	0	1037	2967
256	1024	3071	243	996	2862
512	1024	3071	491	1012	2896
768	1024	3071	754	1017	2908
1024	1024	3071	1020	1021	2913
1280	1024	3071	1262	1020	2904
1536	1024	3071	1536	1011	2897
1792	1024	3071	1789	1012	2893
2048	1024	3071	2027	1008	2894
2303	1024	3071	2286	1007	2884
2559	1024	3071	2550	1003	2875
2815	1024	3071	2806	1002	2863
3071	1024	3071	3039	993	2851
3327	1024	3071	3279	992	2846
3583	1024	3071	3513	991	2840
3839	1024	3071	3725	992	2839
4095	1024	3071	3945	990	2840
0	1280	3071	0	1284	2963
256	1280	3071	241	1233	2858
512	1280	3071	488	1250	2889
768	1280	3071	749	1259	2899
1024	1280	3071	1015	1264	2910
1280	1280	3071	1267	1270	2915
1536	1280	3071	1538	1259	2909
1792	1280	3071	1792	1258	2905
2048	1280	3071	2034	1255	2904
2303	1280	3071	2288	1251	2896
2559	1280	3071	2554	1246	2883
2815	1280	3071	2802	1240	2873
3071	1280	3071	3051	1238	2862
3327	1280	3071	3287	1233	2851
3583	1280	3071	3518	1232	2847
3839	1280	3071	3733	1230	2845
4095	1280	3071	3947	1231	2842
0	1536	3071	0	1557	2960
256	1536	3071	242	1501	2861
512	1536	3071	490	1516	2887
768	1536	3071	752	1522	2897
1024	1536	3071	1018	1528	2907
1280	1536	3071	1268	1535	2918
1536	1536	3071	1542	1539	2917
1792	1536	3071	1802	1532	2913
2048	1536	3071	2041	1530	2907
2303	1536	3071	2297	1526	2903
2559	1536	3071	2564	1521	2893
2815	1536	3071	2813	1515	2880
3071	1536	3071	3055	1508	2865
3327	1536	3071	3294	1507	2856
3583	1536	3071	3527	1501	2854
3839	1536	3071	3741	1500	2852
4095	1536	3071	3962	1502	2850
0	1792	3071	0	1810	2956
256	1792	3071	241	1754	2861
512	1792	3071	489	1771	2887
768	1792	3071	750	1776	2893
1024	1792	3071	1016	1783	2904
1280	1792	3071	1264	1785	2912
1536	1792	3071	1544	1788	2916
1792	1792	3071	1801	1794	2918
2048	1792	3071	2046	1789	2911
2303	1792	3071	2304	1789	2909
2559	1792	3071	2571	1782	2896
2815	1792	3071	2817	1775	2886
3071	1792	3071	3059	1767	2871
3327	1792	3071	3305	1765	2865
3583	1792	3071	3532	1762	2858
3839	1792	3071	3738	1755	2854
4095	1792	3071	3965	1751	2852
0	2048	3071	0	2062	2966
256	2048	3071	242	1993	2861
512	2048	3071	488	2010	2883
768	2048	3071	746	2017	2892
1024	2048	3071	1012	2019	2903
1280	2048	3071	1264	2027	2911
1536	2048	3071	1539	2031	2911
1792	2048	3071	1801	2033	2916
2048	2048	3071	2050	2035	2922
2303	2048	3071	2310	2036	2915
2559	2048	3071	2575	2029	2901
2815	2048	3071	2826	2026	2892
3071	2048	3071	3069	2016	2877
3327	2048	3071	3306	2010	2869
3583	2048	3071	3538	2007	2860
3839	2048	3071	3750	2003	2856
4095	2048	3071	3967	1997	2855
0	2303	3071	0	2346	2969
256	2303	3071	240	2262	2859
512	2303	3071	486	2277	2876
768	2303	3071	745	2286	2885
1024	2303	3071	1011	2294	2896
1280	2303	3071	1258	2296	2906
1536	2303	3071	1536	2303	2909
1792	2303	3071	1797	2305	2912
2048	2303	3071	2051	2311	2920
2303	2303	3071	2305	2308	2911
2559	2303	3071	2573	2298	2901
2815	2303	3071	2822	2292	2888
3071	2303	3071	3069	2284	2878
3327	2303	3071	3309	2276	2871
3583	2303	3071	3538	2275	2864
3839	2303	3071	3742	2262	2857
4095	2303	3071	3972	2265	2854
0	2559	3071	0	2599	2964
256	2559	3071	240	2507	2850
512	2559	3071	485	2528	2871
768	2559	3071	743	2537	2876
1024	2559	3071	1008	2541	2886
1280	2559	3071	1254	2543	2892
1536	2559	3071	1530	2551	2900
1792	2559	3071	1791	2555	2901
2048	2559	3071	2044	2559	2908
2303	2559	3071	2298	2559	2904
2559	2559	3071	2571	2553	2899
2815	2559	3071	2822	2548	2886
3071	2559	3071	3065	2542	2874
3327	2559	3071	3301	2534	2867
3583	2559	3071	3526	2520	2858
3839	2559	3071	3747	2525	2856
4095	2559	3071	3968	2518	2850
0	2815	3071	0	2852	2954
256	2815	3071	238	2744	2841
512	2815	3071	483	2769	2859
768	2815	3071	740	2776	2867
1024	2815	3071	1006	2786	2872
1280	2815	3071	1249	2782	2881
1536	2815	3071	1525	2792	2888
1792	2815	3071	1784	2796	2891
2048	2815	3071	2039	2804	2899
2303	2815	3071	2293	2801	2893
2559	2815	3071	2569	2796	2891
2815	2815	3071	2817	2787	2882
3071	2815	3071	3063	2779	2868
3327	2815	3071	3302	2774	2861
3583	2815	3071	3526	2765	2852
3839	2815	3071	3737	2761	2848
4095	2815	3071	3969	2764	2848
0	3071	3071	0	3108	2950
256	3071	3071	237	2997	2830
512	3071	3071	482	3021	2848
768	3071	3071	734	3024	2856
1024	3071	3071	998	3028	2860
1280	3071	3071	1248	3041	2873
1536	3071	3071	1519	3044	2874
1792	3071	3071	1778	3055	2883
2048	3071	3071	2030	3058	2885
2303	3071	3071	2286	3062	2884
2559	3071	3071	2559	3062	2879
2815	3071	3071	2810	3051	2871
3071	3071	3071	3057	3044	2863
3327	3071	3071	3296	3034	2854
3583	3071	3071	3525	3029	2844
3839	3071	3071	3731	3025	2839
4095	3071	3071	3966	3025	2844
0	3327	3071	0	3378	2957
256	3327	3071	237	3241	2827
512	3327	3071	481	3266	2846
768	3327	3071	735	3271	2852
1024	3327	3071	998	3277	2859
1280	3327	3071	1245	3281	2863
1536	3327	3071	1515	3290	2865
1792	3327	3071	1778	3301	2878
2048	3327	3071	2028	3304	2879
2303	3327	3071	2284	3303	2879
2559	3327	3071	2552	3303	2874
2815	3327	3071	2805	3293	2864
3071	3327	3071	3050	3284	2856
3327	3327	3071	3295	3279	2851
3583	3327	3071	3522	3280	2843
3839	3327	3071	3729	3267	2836
4095	3327	3071	3965	3281	2840
0	3583	3071	0	3612	2969
256	3583	3071	237	3469	2823
512	3583	3071	480	3484	2842
768	3583	3071	733	3494	2846
1024	3583	3071	998	3498	2855
1280	3583	3071	1243	3505	2858
1536	3583	3071	1514	3509	2864
1792	3583	3071	1772	3523	2871
2048	3583	3071	2026	3523	2872
2303	3583	3071	2280	3528	2874
2559	3583	3071	2545	3511	2866
2815	3583	3071	2800	3510	2858
3071	3583	3071	3046	3505	2849
3327	3583	3071	3291	3505	2846
3583	3583	3071	3515	3494	2841
3839	3583	3071	3736	3499	2836
4095	3583	3071	3969	3507	2838
0	3839	3071	0	3875	2977
256	3839	3071	237	3703	2828
512	3839	3071	482	3725	2848
768	3839	3071	734	3723	2847
1024	3839	3071	997	3735	2854
1280	3839	3071	1244	3733	2857
1536	3839	3071	1517	3742	2867
1792	3839	3071	1768	3747	2868
2048	3839	3071	2026	3750	2869
2303	3839	3071	2276	3743	2870
2559	3839	3071	2548	3744	2865
2815	3839	3071	2800	3731	2856
3071	3839	3071	3040	3731	2846
3327	3839	3071	3289	3721	2843
3583	3839	3071	3514	3723	2837
3839	3839	3071	3742	3732	2842
4095	3839	3071	3973	3731	2841
0	4095	3071	0	4095	2984
256	4095	3071	238	3919	2834
512	4095	3071	483	3934	2851
768	4095	3071	737	3946	2853
1024	4095	3071	1000	3944	2858
1280	4095	3071	1244	3951	2858
1536	4095	3071	1518	3960	2867
1792	4095	3071	1772	3961	2868
2048	4095	3071	2026	3960	2870
2303	4095	3071	2281	3963	2868
2559	4095	3071	2544	3952	2860
2815	4095	3071	2801	3949	2854
3071	4095	3071	3039	3943	2846
3327	4095	3071	3292	3946	2842
3583	4095	3071	3516	3943	2834
3839	4095	3071	3747	3950	2844
4095	4095	3071	3978	3959	2840
0	0	3327	1	0	3446
256	0	3327	263	0	3240
512	0	3327	516	0	3230
768	0	3327	776	0	3216
1024	0	3327	1044	0	3207
1280	0	3327	1291	0	3201
1536	0	3327	1572	0	3199
1792	0	3327	1826	0	3204
2048	0	3327	2078	0	3209
2303	0	3327	2353	0	3214
2559	0	3327	2622	0	3213
2815	0	3327	2882	0	3206
3071	0	3327	3121	0	3196
3327	0	3327	3396	0	3209
3583	0	3327	3638	0	3219
3839	0	3327	3890	0	3224
4095	0	3327	4095	0	3218
0	256	3327	0	259	3281
256	256	3327	249	248	3155
512	256	3327	489	248	3140
768	256	3327	742	247	3128
1024	256	3327	996	247	3118
1280	256	3327	1237	246	3109
1536	256	3327	1508	245	3110
1792	256	3327	1757	244	3110
2048	256	3327	1999	244	3107
2303	256	3327	2255	244	3111
2559	256	3327	2526	243	3103
2815	256	3327	2770	241	3097
3071	256	3327	3019	240	3086
3327	256	3327	3257	240	3083
3583	256	3327	3494	240	3088
3839	256	3327	3711	241	3090
4095	256	3327	3933	240	3093
0	512	3327	0	516	3241
256	512	3327	247	493	3126
512	512	3327	498	501	3149
768	512	3327	754	498	3137
1024	512	3327	1011	495	3127
1280	512	3327	1251	494	3115
1536	512	3327	1525	491	3113
1792	512	3327	1778	492	3116
2048	512	3327	2022	491	3112
2303	512	3327	2276	490	3110
2559	512	3327	2540	488	3100
2815	512	3327	2790	487	3089
3071	512	3327	3039	484	3083
3327	512	3327	3283	483	3079
3583	512	3327	3516	483	3074
3839	512	3327	3735	483	3075
4095	512	3327	3957	484	3077
0	768	3327	0	775	3231
256	768	3327	245	745	3116
512	768	3327	495	757	3148
768	768	3327	759	761	3154
1024	768	3327	1016	756	3144
1280	768	3327	1258	755	3132
1536	768	3327	1532	750	3128
1792	768	3327	1786	751	3128
2048	768	3327	2032	751	3130
2303	768	3327	2289	750	3122
2559	768	3327	2552	745	3110
2815	768	3327	2801	742	3102
3071	768	3327	3045	740	3094
3327	768	3327	3289	737	3091
3583	768	3327	3523	736	3083
3839	768	3327	3739	738	3083
4095	768	3327	3963	736	3079
0	1024	3327	0	1043	3223
256	1024	3327	244	1001	3105
512	1024	3327	493	1013	3139
768	1024	3327	755	1018	3150
1024	1024	3327	1022	1021	3157
1280	1024	3327	1264	1019	3145
1536	1024	3327	1540	1014	3142
1792	1024	3327	1794	1015	3138
2048	1024	3327	2036	1012	3141
2303	1024	3327	2298	1014	3133
2559	1024	3327	2562	1009	3115
2815	1024	3327	2813	1005	3110
3071	1024	3327	3057	1001	3098
3327	1024	3327	3296	1001	3092
3583	1024	3327	3528	998	3089
3839	1024	3327	3753	999	3092
4095	1024	3327	3964	998	3085
0	1280	3327	0	1293	3218
256	1280	3327	242	1237	3096
512	1280	3327	490	1253	3129
768	1280	3327	750	1258	3140
1024	1280	3327	1017	1264	3151
1280	1280	3327	1270	1270	3158
1536	1280	3327	1545	1262	3153
1792	1280	3327	1797	1261	3145
2048	1280	3327	2044	1260	3148
2303	1280	3327	2302	1259	3145
2559	1280	3327	2566	1252	3126
2815	1280	3327	2817	1248	3120
3071	1280	3327	3068	1247	3108
3327	1280	3327	3308	1243	3103
3583	1280	3327	3534	1242	3095
3839	1280	3327	3748	1238	3089
4095	1280	3327	3977	1240	3090
0	1536	3327	0	1564	3217
256	1536	3327	244	1505	3098
512	1536	3327	492	1518	3126
768	1536	3327	753	1524	3137
1024	1536	3327	1020	1530	3148
1280	1536	3327	1272	1536	3158
1536	1536	3327	1546	1542	3162
1792	1536	3327	1803	1536	3152
2048	1536	3327	2049	1539	3155
2303	1536	3327	2306	1533	3152
2559	1536	3327	2574	1526	3133
2815	1536	3327	2825	1523	3128
3071	1536	3327	3070	1516	3117
3327	1536	3327	3315	1514	3110
3583	1536	3327	3549	1512	3105
3839	1536	3327	3758	1511	3099
4095	1536	3327	3989	1510	3100
0	1792	3327	0	1824	3217
256	1792	3327	242	1753	3099
512	1792	3327	492	1774	3130
768	1792	3327	751	1780	3135
1024	1792	3327	1018	1786	3145
1280	1792	3327	1269	1791	3152
1536	1792	3327	1545	1794	3157
1792	1792	3327	1811	1799	3163
2048	1792	3327	2059	1801	3160
2303	1792	3327	2311	1795	3154
2559	1792	3327	2582	1790	3144
2815	1792	3327	2827	1787	3134
3071	1792	3327	3074	1779	3117
3327	1792	3327	3321	1774	3116
3583	1792	3327	3555	1771	3108
3839	1792	3327	3760	1762	3103
4095	1792	3327	3989	1764	3107
0	2048	3327	0	2076	3222
256	2048	3327	243	1997	3099
512	2048	3327	492	2016	3126
768	2048	3327	752	2024	3136
1024	2048	3327	1017	2027	3147
1280	2048	3327	1268	2034	3151
1536	2048	3327	1543	2040	3155
1792	2048	3327	1812	2046	3164
2048	2048	3327	2064	2049	3172
2303	2048	3327	2320	2048	3157
2559	2048	3327	2585	2039	3150
2815	2048	3327	2839	2037	3138
3071	2048	3327	3087	2029	3128
3327	2048	3327	3329	2029	3123
3583	2048	3327	3557	2022	3114
3839	2048	3327	3766	2012	3105
4095	2048	3327	4003	2018	3108
0	2303	3327	0	2357	3224
256	2303	3327	242	2266	3095
512	2303	3327	489	2286	3121
768	2303	3327	749	2295	3127
1024	2303	3327	1017	2305	3138
1280	2303	3327	1266	2306	3146
1536	2303	3327	1541	2309	3152
1792	2303	3327	1805	2313	3157
2048	2303	3327	2063	2324	3162
2303	2303	3327	2312	2318	3155
2559	2303	3327	2584	2311	3150
2815	2303	3327	2831	2302	3133
3071	2303	3327	3079	2295	3125
3327	2303	3327	3326	2290	3118
3583	2303	3327	3561	2285	3114
3839	2303	3327	3763	2277	3103
4095	2303	3327	4000	2283	3107
0	2559	3327	0	2610	3222
256	2559	3327	242	2519	3088
512	2559	3327	488	2539	3113
768	2559	3327	746	2544	3117
1024	2559	3327	1014	2554	3122
1280	2559	3327	1263	2557	3134
1536	2559	3327	1537	2560	3138
1792	2559	3327	1799	2563	3146
2048	2559	3327	2051	2568	3152
2303	2559	3327	2309	2574	3153
2559	2559	3327	2584	2565	3149
2815	2559	3327	2832	2557	3132
3071	2559	3327	3084	2555	3122
3327	2559	3327	3323	2546	3118
3583	2559	3327	3549	2537	3105
3839	2559	3327	3760	2538	3104
4095	2559	3327	3990	2533	3100
0	2815	3327	0	2870	3215
256	2815	3327	240	2759	3080
512	2815	3327	486	2783	3101
768	2815	3327	742	2783	3108
1024	2815	3327	1010	2793	3112
1280	2815	3327	1259	2796	3122
1536	2815	3327	1534	2804	3133
1792	2815	3327	1794	2812	3140
2048	2815	3327	2051	2817	3143
2303	2815	3327	2302	2814	3139
2559	2815	3327	2578	2804	3137
2815	2815	3327	2832	2802	3132
3071	2815	3327	3075	2791	3121
3327	2815	3327	3318	2792	3114
3583	2815	3327	3540	2782	3102
3839	2815	3327	3759	2779	3099
4095	2815	3327	3999	2784	3099
0	3071	3327	0	3130	3207
256	3071	3327	240	3018	3072
512	3071	3327	486	3036	3096
768	3071	3327	740	3047	3102
1024	3071	3327	1008	3050	3104
1280	3071	3327	1260	3068	3120
1536	3071	3327	1530	3064	3127
1792	3071	3327	1788	3075	3126
2048	3071	3327	2046	3079	3136
2303	3071	3327	2298	3082	3133
2559	3071	3327	2576	3077	3129
2815	3071	3327	2823	3064	3125
3071	3071	3327	3075	3062	3121
3327	3071	3327	3318	3054	3108
3583	3071	3327	3538	3041	3097
3839	3071	3327	3762	3043	3094
4095	3071	3327	3992	3049	3093
0	3327	3327	0	3405	3219
256	3327	3327	239	3266	3067
512	3327	3327	486	3283	3096
768	3327	3327	742	3294	3105
1024	3327	3327	1007	3305	3105
1280	3327	3327	1258	3308	3116
1536	3327	3327	1530	3311	3121
1792	3327	3327	1787	3318	3125
2048	3327	3327	2046	3334	3136
2303	3327	3327	2297	3323	3127
2559	3327	3327	2570	3317	3128
2815	3327	3327	2819	3314	3120
3071	3327	3327	3068	3303	3111
3327	3327	3327	3314	3297	3105
3583	3327	3327	3550	3300	3099
3839	3327	3327	3761	3303	3091
4095	3327	3327	3990	3296	3096
0	3583	3327	0	3637	3232
256	3583	3327	240	3488	3071
512	3583	3327	486	3511	3097
768	3583	3327	741	3514	3101
1024	3583	3327	1006	3521	3104
1280	3583	3327	1254	3530	3110
1536	3583	3327	1530	3535	3119
1792	3583	3327	1785	3541	3119
2048	3583	3327	2040	3548	3129
2303	3583	3327	2296	3543	3124
2559	3583	3327	2562	3533	3117
2815	3583	3327	2815	3533	3113
3071	3583	3327	3058	3520	3103
3327	3583	3327	3313	3522	3099
3583	3583	3327	3549	3532	3095
3839	3583	3327	3764	3521	3098
4095	3583	3327	3999	3525	3093
0	3839	3327	0	3900	3242
256	3839	3327	240	3732	3079
512	3839	3327	486	3745	3098
768	3839	3327	742	3755	3103
1024	3839	3327	1010	3762	3113
1280	3839	3327	1253	3756	3105
1536	3839	3327	1528	3768	3117
1792	3839	3327	1784	3766	3123
2048	3839	3327	2040	3769	3124
2303	3839	3327	2293	3766	3121
2559	3839	3327	2556	3761	3115
2815	3839	3327	2815	3751	3108
3071	3839	3327	3060	3749	3100
3327	3839	3327	3308	3750	3092
3583	3839	3327	3549	3752	3101
3839	3839	3327	3771	3755	3095
4095	3839	3327	3994	3756	3093
0	4095	3327	0	4095	3231
256	4095	3327	241	3942	3087
512	4095	3327	488	3964	3107
768	4095	3327	745	3969	3104
1024	4095	3327	1007	3974	3110
1280	4095	3327	1259	3980	3112
1536	4095	3327	1532	3981	3117
1792	4095	3327	1786	3985	3128
2048	4095	3327	2042	3986	3123
2303	4095	3327	2293	3981	3119
2559	4095	3327	2556	3971	3110
2815	4095	3327	2821	3974	3106
3071	4095	3327	3059	3974	3097
3327	4095	3327	3316	3968	3101
3583	4095	3327	3556	3976	3097
3839	4095	3327	3769	3977	3095
4095	4095	3327	4000	3974	3093
0	0	3583	1	0	3719
256	0	3583	267	0	3504
512	0	3583	521	0	3499
768	0	3583	785	0	3479
1024	0	3583	1055	0	3472
1280	0	3583	1303	0	3460
1536	0	3583	1586	0	3465
1792	0	3583	1849	0	3469
2048	0	3583	2106	0	3477
2303	0	3583	2372	0	3479
2559	0	3583	2650	0	3481
2815	0	3583	2910	0	3470
3071	0	3583	3150	0	3461
3327	0	3583	3426	0	3473
3583	0	3583	3672	0	3478
3839	0	3583	3918	0	3488
4095	0	3583	4095	0	3452
0	256	3583	0	262	3533
256	256	3583	251	250	3388
512	256	3583	494	251	3384
768	256	3583	748	250	3371
1024	256	3583	1006	248	3360
1280	256	3583	1249	249	3357
1536	256	3583	1512	246	3353
1792	256	3583	1775	247	3359
2048	256	3583	2017	246	3358
2303	256	3583	2277	247	3360
2559	256	3583	2541	245	3351
2815	256	3583	2786	244	3342
3071	256	3583	3036	242	3330
3327	256	3583	3285	243	3335
3583	256	3583	3516	243	3335
3839	256	3583	3747	244	3347
4095	256	3583	3979	243	3348
0	512	3583	0	521	3502
256	512	3583	249	496	3369
512	512	3583	501	504	3398
768	512	3583	757	501	3380
1024	512	3583	1016	498	3375
1280	512	3583	1262	496	3366
1536	512	3583	1534	497	3363
1792	512	3583	1790	495	3365
2048	512	3583	2034	494	3364
2303	512	3583	2292	494	3366
2559	512	3583	2556	490	3355
2815	512	3583	2810	490	3345
3071	512	3583	3061	489	3335
3327	512	3583	3306	488	3333
3583	512	3583	3536	488	3331
3839	512	3583	3761	490	3338
4095	512	3583	3994	488	3342
0	768	3583	0	784	3486
256	768	3583	247	750	3361
512	768	3583	498	762	3389
768	768	3583	761	765	3395
1024	768	3583	1022	761	3392
1280	768	3583	1269	757	3382
1536	768	3583	1540	757	3379
1792	768	3583	1795	755	3383
2048	768	3583	2045	756	3382
2303	768	3583	2302	755	3382
2559	768	3583	2568	750	3364
2815	768	3583	2815	747	3355
3071	768	3583	3066	745	3351
3327	768	3583	3312	747	3342
3583	768	3583	3542	743	3340
3839	768	3583	3774	746	3349
4095	768	3583	4001	746	3345
0	1024	3583	0	1052	3481
256	1024	3583	247	1004	3352
512	1024	3583	497	1020	3386
768	1024	3583	760	1024	3397
1024	1024	3583	1028	1028	3406
1280	1024	3583	1275	1023	3395
1536	1024	3583	1548	1023	3393
1792	1024	3583	1804	1020	3396
2048	1024	3583	2053	1021	3388
2303	1024	3583	2306	1021	3391
2559	1024	3583	2572	1016	3370
2815	1024	3583	2826	1011	3367
3071	1024	3583	3074	1008	3353
3327	1024	3583	3325	1010	3354
3583	1024	3583	3549	1008	3346
3839	1024	3583	3780	1009	3349
4095	1024	3583	4010	1010	3351
0	1280	3583	0	1302	3471
256	1280	3583	245	1248	3350
512	1280	3583	496	1258	3377
768	1280	3583	759	1264	3389
1024	1280	3583	1026	1268	3399
1280	1280	3583	1281	1273	3408
1536	1280	3583	1551	1271	3399
1792	1280	3583	1811	1271	3404
2048	1280	3583	2057	1268	3399
2303	1280	3583	2316	1268	3396
2559	1280	3583	2582	1261	3382
2815	1280	3583	2831	1256	3368
3071	1280	3583	3077	1255	3356
3327	1280	3583	3331	1255	3361
3583	1280	3583	3560	1251	3356
3839	1280	3583	3777	1254	3355
4095	1280	3583	4014	1254	3356
0	1536	3583	0	1576	3476
256	1536	3583	245	1509	3347
512	1536	3583	496	1531	3374
768	1536	3583	757	1536	3386
1024	1536	3583	1026	1542	3397
1280	1536	3583	1277	1544	3402
1536	1536	3583	1560	1551	3416
1792	1536	3583	1814	1549	3408
2048	1536	3583	2062	1544	3406
2303	1536	3583	2321	1545	3402
2559	1536	3583	2593	1540	3388
2815	1536	3583	2842	1534	3378
3071	1536	3583	3090	1528	3370
3327	1536	3583	3336	1525	3367
3583	1536	3583	3567	1522	3357
3839	1536	3583	3791	1524	3360
4095	1536	3583	4014	1521	3363
0	1792	3583	0	1842	3475
256	1792	3583	245	1769	3348
512	1792	3583	496	1786	3374
768	1792	3583	753	1786	3384
1024	1792	3583	1022	1793	3395
1280	1792	3583	1279	1804	3407
1536	1792	3583	1555	1809	3411
1792	1792	3583	1824	1813	3423
2048	1792	3583	2065	1810	3412
2303	1792	3583	2325	1807	3413
2559	1792	3583	2593	1799	3396
2815	1792	3583	2841	1791	3386
3071	1792	3583	3087	1784	3369
3327	1792	3583	3340	1789	3372
3583	1792	3583	3566	1781	3363
3839	1792	3583	3792	1778	3362
4095	1792	3583	4020	1781	3368
0	2048	3583	0	2096	3481
256	2048	3583	245	2008	3345
512	2048	3583	495	2026	3372
768	2048	3583	756	2035	3389
1024	2048	3583	1025	2043	3393
1280	2048	3583	1277	2047	3406
1536	2048	3583	1554	2050	3410
1792	2048	3583	1817	2057	3416
2048	2048	3583	2080	2065	3425
2303	2048	3583	2329	2062	3415
2559	2048	3583	2598	2054	3403
2815	2048	3583	2846	2047	3387
3071	2048	3583	3100	2039	3382
3327	2048	3583	3348	2039	3381
3583	2048	3583	3580	2033	3374
3839	2048	3583	3797	2032	3373
4095	2048	3583	4031	2034	3368
0	2303	3583	0	2379	3486
256	2303	3583	244	2284	3344
512	2303	3583	493	2302	3377
768	2303	3583	754	2308	3388
1024	2303	3583	1021	2316	3393
1280	2303	3583	1275	2318	3397
1536	2303	3583	1552	2321	3403
1792	2303	3583	1814	2323	3413
2048	2303	3583	2071	2335	3417
2303	2303	3583	2326	2326	3413
2559	2303	3583	2600	2321	3407
2815	2303	3583	2846	2309	3385
3071	2303	3583	3094	2304	3379
3327	2303	3583	3340	2307	3377
3583	2303	3583	3577	2297	3373
3839	2303	3583	3795	2300	3367
4095	2303	3583	4027	2300	3366
0	2559	3583	0	2633	3485
256	2559	3583	243	2533	3341
512	2559	3583	491	2548	3369
768	2559	3583	752	2558	3373
1024	2559	3583	1018	2567	3378
1280	2559	3583	1272	2570	3389
1536	2559	3583	1551	2580	3395
1792	2559	3583	1808	2576	3398
2048	2559	3583	2065	2587	3408
2303	2559	3583	2325	2586	3412
2559	2559	3583	2602	2583	3402
2815	2559	3583	2851	2574	3389
3071	2559	3583	3094	2570	3378
3327	2559	3583	3340	2561	3369
3583	2559	3583	3582	2561	3368
3839	2559	3583	3797	2559	3359
4095	2559	3583	4017	2555	3355
0	2815	3583	0	2895	3477
256	2815	3583	242	2780	3335
512	2815	3583	491	2797	3360
768	2815	3583	749	2800	3365
1024	2815	3583	1018	2809	3377
1280	2815	3583	1268	2813	3376
1536	2815	3583	1546	2822	3385
1792	2815	3583	1806	2820	3396
2048	2815	3583	2060	2830	3394
2303	2815	3583	2313	2820	3392
2559	2815	3583	2592	2820	3391
2815	2815	3583	2845	2821	3384
3071	2815	3583	3088	2805	3373
3327	2815	3583	3339	2807	3367
3583	2815	3583	3582	2808	3359
3839	2815	3583	3785	2805	3354
4095	2815	3583	4016	2798	3353
0	3071	3583	0	3160	3475
256	3071	3583	241	3038	3327
512	3071	3583	490	3063	3353
768	3071	3583	748	3067	3364
1024	3071	3583	1016	3072	3365
1280	3071	3583	1264	3081	3367
1536	3071	3583	1542	3084	3379
1792	3071	3583	1800	3088	3383
2048	3071	3583	2059	3095	3391
2303	3071	3583	2313	3095	3391
2559	3071	3583	2586	3094	3385
2815	3071	3583	2838	3077	3376
3071	3071	3583	3087	3075	3368
3327	3071	3583	3338	3071	3363
3583	3071	3583	3573	3066	3356
3839	3071	3583	3788	3064	3354
4095	3071	3583	4016	3061	3347
0	3327	3583	0	3431	3489
256	3327	3583	242	3292	3334
512	3327	3583	490	3313	3355
768	3327	3583	749	3324	3360
1024	3327	3583	1018	3325	3369
1280	3327	3583	1266	3329	3373
1536	3327	3583	1544	3337	3383
1792	3327	3583	1801	3347	3385
2048	3327	3583	2059	3346	3394
2303	3327	3583	2311	3347	3388
2559	3327	3583	2586	3337	3378
2815	3327	3583	2842	3332	3374
3071	3327	3583	3081	3318	3362
3327	3327	3583	3344	3328	3365
3583	3327	3583	3570	3319	3355
3839	3327	3583	3786	3324	3347
4095	3327	3583	4015	3323	3344
0	3583	3583	0	3668	3498
256	3583	3583	242	3517	3338
512	3583	3583	491	3537	3357
768	3583	3583	748	3541	3360
1024	3583	3583	1016	3553	3367
1280	3583	3583	1267	3554	3374
1536	3583	3583	1545	3563	3379
1792	3583	3583	1798	3567	3382
2048	3583	3583	2055	3562	3387
2303	3583	3583	2308	3560	3384
2559	3583	3583	2579	3557	3373
2815	3583	3583	2841	3556	3363
3071	3583	3583	3075	3540	3355
3327	3583	3583	3338	3549	3359
3583	3583	3583	3571	3554	3350
3839	3583	3583	3789	3551	3345
4095	3583	3583	4015	3541	3344
0	3839	3583	0	3934	3514
256	3839	3583	243	3764	3346
512	3839	3583	490	3778	3358
768	3839	3583	751	3783	3371
1024	3839	3583	1019	3788	3370
1280	3839	3583	1265	3791	3375
1536	3839	3583	1546	3794	3379
1792	3839	3583	1797	3789	3378
2048	3839	3583	2053	3789	3386
2303	3839	3583	2309	3790	3378
2559	3839	3583	2578	3782	3363
2815	3839	3583	2831	3778	3358
3071	3839	3583	3077	3771	3358
3327	3839	3583	3337	3782	3352
3583	3839	3583	3571	3783	3349
3839	3839	3583	3786	3778	3351
4095	3839	3583	4024	3777	3343
0	4095	3583	0	4095	3470
256	4095	3583	244	3976	3347
512	4095	3583	492	3996	3371
768	4095	3583	752	3998	3369
1024	4095	3583	1019	4001	3372
1280	4095	3583	1269	4006	3376
1536	4095	3583	1542	4003	3381
1792	4095	3583	1797	4015	3384
2048	4095	3583	2055	4009	3381
2303	4095	3583	2310	4008	3377
2559	4095	3583	2574	4005	3364
2815	4095	3583	2830	3988	3356
3071	4095	3583	3078	3997	3354
3327	4095	3583	3339	4004	3351
3583	4095	3583	3570	3995	3349
3839	4095	3583	3798	4000	3347
4095	4095	3583	4017	4000	3345
0	0	3839	1	0	3983
256	0	3839	270	0	3743
512	0	3839	526	0	3750
768	0	3839	795	0	3729
1024	0	3839	1062	0	3724
1280	0	3839	1319	0	3711
1536	0	3839	1600	0	3717
1792	0	3839	1863	0	3723
2048	0	3839	2129	0	3736
2303	0	3839	2397	0	3731
2559	0	3839	2664	0	3724
2815	0	3839	2929	0	3717
3071	0	3839	3175	0	3714
3327	0	3839	3447	0	3720
3583	0	3839	3703	0	3735
3839	0	3839	3959	0	3754
4095	0	3839	4095	0	3688
0	256	3839	0	265	3761
256	256	3839	252	252	3621
512	256	3839	497	253	3618
768	256	3839	757	253	3605
1024	256	3839	1014	251	3591
1280	256	3839	1255	249	3586
1536	256	3839	1530	249	3584
1792	256	3839	1785	249	3582
2048	256	3839	2038	249	3587
2303	256	3839	2289	249	3581
2559	256	3839	2556	247	3570
2815	256	3839	2807	246	3565
3071	256	3839	3056	245	3554
3327	256	3839	3297	245	3546
3583	256	3839	3554	247	3568
3839	256	3839	3783	247	3583
4095	256	3839	4008	246	3576
0	512	3839	0	527	3748
256	512	3839	251	499	3611
512	512	3839	505	506	3645
768	512	3839	766	503	3625
1024	512	3839	1025	502	3620
1280	512	3839	1272	501	3607
1536	512	3839	1546	500	3606
1792	512	3839	1802	499	3600
2048	512	3839	2051	498	3604
2303	512	3839	2311	499	3592
2559	512	3839	2576	496	3586
2815	512	3839	2826	494	3569
3071	512	3839	3076	493	3565
3327	512	3839	3321	493	3560
3583	512	3839	3572	493	3575
3839	512	3839	3796	496	3583
4095	512	3839	4028	495	3580
0	768	3839	0	794	3736
256	768	3839	250	759	3601
512	768	3839	503	766	3630
768	768	3839	769	768	3638
1024	768	3839	1029	766	3634
1280	768	3839	1277	765	3623
1536	768	3839	1548	761	3621
1792	768	3839	1813	762	3622
2048	768	3839	2059	761	3618
2303	768	3839	2315	761	3608
2559	768	3839	2588	758	3594
2815	768	3839	2836	754	3582
3071	768	3839	3079	749	3570
3327	768	3839	3328	750	3570
3583	768	3839	3580	754	3584
3839	768	3839	3801	753	3582
4095	768	3839	4028	754	3589
0	1024	3839	0	1061	3728
256	1024	3839	249	1016	3591
512	1024	3839	500	1026	3627
768	1024	3839	766	1031	3640
1024	1024	3839	1036	1035	3651
1280	1024	3839	1284	1033	3638
1536	1024	3839	1555	1028	3635
1792	1024	3839	1822	1030	3628
2048	1024	3839	2064	1029	3626
2303	1024	3839	2317	1023	3621
2559	1024	3839	2586	1019	3599
2815	1024	3839	2840	1017	3595
3071	1024	3839	3092	1017	3584
3327	1024	3839	3333	1013	3574
3583	1024	3839	3593	1019	3596
3839	1024	3839	3806	1018	3587
4095	1024	3839	4035	1017	3595
0	1280	3839	0	1312	3718
256	1280	3839	246	1253	3588
512	1280	3839	499	1271	3616
768	1280	3839	764	1275	3628
1024	1280	3839	1033	1279	3641
1280	1280	3839	1286	1281	3643
1536	1280	3839	1561	1278	3638
1792	1280	3839	1823	1277	3640
2048	1280	3839	2070	1275	3629
2303	1280	3839	2325	1273	3624
2559	1280	3839	2593	1266	3610
2815	1280	3839	2843	1263	3600
3071	1280	3839	3095	1262	3589
3327	1280	3839	3337	1262	3579
3583	1280	3839	3595	1265	3593
3839	1280	3839	3809	1264	3592
4095	1280	3839	4032	1260	3595
0	1536	3839	0	1589	3721
256	1536	3839	247	1524	3583
512	1536	3839	499	1541	3613
768	1536	3839	760	1542	3627
1024	1536	3839	1030	1548	3637
1280	1536	3839	1285	1554	3642
1536	1536	3839	1564	1560	3646
1792	1536	3839	1828	1556	3648
2048	1536	3839	2084	1561	3638
2303	1536	3839	2329	1551	3631
2559	1536	3839	2600	1548	3619
2815	1536	3839	2849	1541	3599
3071	1536	3839	3101	1533	3596
3327	1536	3839	3344	1530	3587
3583	1536	3839	3595	1538	3600
3839	1536	3839	3814	1535	3593
4095	1536	3839	4038	1535	3600
0	1792	3839	0	1856	3733
256	1792	3839	247	1780	3582
512	1792	3839	498	1797	3613
768	1792	3839	762	1803	3624
1024	1792	3839	1032	1809	3627
1280	1792	3839	1284	1812	3639
1536	1792	3839	1563	1814	3643
1792	1792	3839	1835	1824	3662
2048	1792	3839	2084	1822	3649
2303	1792	3839	2341	1820	3636
2559	1792	3839	2612	1812	3625
2815	1792	3839	2861	1803	3613
3071	1792	3839	3101	1797	3593
3327	1792	3839	3357	1793	3594
3583	1792	3839	3609	1797	3606
3839	1792	3839	3814	1790	3607
4095	1792	3839	4052	1792	3605
0	2048	3839	0	2111	3740
256	2048	3839	247	2026	3581
512	2048	3839	498	2040	3611
768	2048	3839	761	2047	3621
1024	2048	3839	1028	2053	3623
1280	2048	3839	1284	2057	3630
1536	2048	3839	1567	2065	3634
1792	2048	3839	1835	2072	3654
2048	2048	3839	2089	2074	3656
2303	2048	3839	2340	2067	3644
2559	2048	3839	2611	2059	3631
2815	2048	3839	2861	2052	3613
3071	2048	3839	3108	2045	3601
3327	2048	3839	3363	2053	3608
3583	2048	3839	3609	2050	3607
3839	2048	3839	3823	2048	3607
4095	2048	3839	4053	2046	3606
0	2303	3839	0	2401	3740
256	2303	3839	246	2297	3579
512	2303	3839	499	2319	3601
768	2303	3839	759	2319	3611
1024	2303	3839	1027	2320	3622
1280	2303	3839	1282	2329	3626
1536	2303	3839	1563	2334	3638
1792	2303	3839	1831	2342	3641
2048	2303	3839	2082	2339	3646
2303	2303	3839	2341	2340	3640
2559	2303	3839	2613	2331	3627
2815	2303	3839	2863	2329	3617
3071	2303	3839	3106	2318	3601
3327	2303	3839	3365	2319	3606
3583	2303	3839	3604	2316	3604
3839	2303	3839	3817	2314	3604
4095	2303	3839	4049	2314	3604
0	2559	3839	0	2654	3741
256	2559	3839	245	2547	3569
512	2559	3839	496	2567	3596
768	2559	3839	758	2575	3598
1024	2559	3839	1026	2576	3611
1280	2559	3839	1281	2585	3623
1536	2559	3839	1558	2594	3627
1792	2559	3839	1825	2596	3628
2048	2559	3839	2076	2594	3635
2303	2559	3839	2336	2597	3632
2559	2559	3839	2608	2594	3620
2815	2559	3839	2855	2583	3604
3071	2559	3839	3107	2575	3594
3327	2559	3839	3360	2574	3598
3583	2559	3839	3597	2577	3606
3839	2559	3839	3809	2568	3597
4095	2559	3839	4049	2571	3595
0	2815	3839	0	2917	3732
256	2815	3839	245	2793	3568
512	2815	3839	494	2810	3579
768	2815	3839	757	2821	3596
1024	2815	3839	1024	2822	3608
1280	2815	3839	1276	2826	3613
1536	2815	3839	1553	2836	3609
1792	2815	3839	1819	2839	3621
2048	2815	3839	2070	2835	3619
2303	2815	3839	2329	2845	3621
2559	2815	3839	2601	2836	3612
2815	2815	3839	2859	2828	3601
3071	2815	3839	3109	2825	3600
3327	2815	3839	3357	2826	3605
3583	2815	3839	3595	2819	3598
3839	2815	3839	3810	2818	3590
4095	2815	3839	4040	2823	3587
0	3071	3839	0	3181	3730
256	3071	3839	244	3058	3556
512	3071	3839	494	3084	3585
768	3071	3839	753	3084	3586
1024	3071	3839	1025	3095	3599
1280	3071	3839	1275	3098	3603
1536	3071	3839	1553	3101	3607
1792	3071	3839	1812	3112	3611
2048	3071	3839	2068	3107	3615
2303	3071	3839	2323	3112	3614
2559	3071	3839	2598	3099	3603
2815	3071	3839	2852	3091	3594
3071	3071	3839	3100	3095	3606
3327	3071	3839	3358	3086	3598
3583	3071	3839	3594	3085	3591
3839	3071	3839	3807	3087	3586
4095	3071	3839	4031	3079	3588
0	3327	3839	0	3459	3744
256	3327	3839	244	3312	3562
512	3327	3839	496	3341	3592
768	3327	3839	756	3341	3593
1024	3327	3839	1025	3347	3601
1280	3327	3839	1275	3356	3603
1536	3327	3839	1553	3349	3606
1792	3327	3839	1813	3357	3606
2048	3327	3839	2072	3369	3620
2303	3327	3839	2326	3358	3611
2559	3327	3839	2595	3346	3599
2815	3327	3839	2851	3349	3604
3071	3327	3839	3100	3343	3601
3327	3327	3839	3364	3347	3598
3583	3327	3839	3593	3348	3591
3839	3327	3839	3809	3337	3596
4095	3327	3839	4040	3336	3589
0	3583	3839	0	3700	3758
256	3583	3839	245	3549	3571
512	3583	3839	495	3563	3593
768	3583	3839	756	3573	3595
1024	3583	3839	1027	3575	3607
1280	3583	3839	1279	3581	3603
1536	3583	3839	1554	3586	3610
1792	3583	3839	1816	3589	3613
2048	3583	3839	2071	3588	3613
2303	3583	3839	2326	3583	3609
2559	3583	3839	2587	3575	3600
2815	3583	3839	2853	3569	3599
3071	3583	3839	3099	3572	3594
3327	3583	3839	3358	3578	3592
3583	3583	3839	3593	3568	3600
3839	3583	3839	3820	3572	3591
4095	3583	3839	4038	3569	3589
0	3839	3839	0	3966	3775
256	3839	3839	246	3791	3589
512	3839	3839	497	3813	3601
768	3839	3839	759	3809	3597
1024	3839	3839	1028	3811	3602
1280	3839	3839	1280	3815	3607
1536	3839	3839	1557	3816	3610
1792	3839	3839	1810	3814	3617
2048	3839	3839	2069	3814	3611
2303	3839	3839	2325	3812	3611
2559	3839	3839	2585	3794	3593
2815	3839	3839	2856	3803	3598
3071	3839	3839	3096	3806	3592
3327	3839	3839	3356	3796	3599
3583	3839	3839	3597	3802	3591
3839	3839	3839	3814	3803	3591
4095	3839	3839	4040	3794	3584
0	4095	3839	0	4095	3704
256	4095	3839	247	4006	3583
512	4095	3839	499	4029	3603
768	4095	3839	760	4034	3607
1024	4095	3839	1029	4028	3611
1280	4095	3839	1277	4023	3608
1536	4095	3839	1554	4035	3612
1792	4095	3839	1815	4039	3616
2048	4095	3839	2071	4038	3615
2303	4095	3839	2323	4027	3605
2559	4095	3839	2595	4026	3600
2815	4095	3839	2853	4027	3592
3071	4095	3839	3091	4024	3598
3327	4095	3839	3359	4019	3596
3583	4095	3839	3591	4026	3593
3839	4095	3839	3821	4024	3592
4095	4095	3839	4048	4032	3592
0	0	4095	2	0	4095
256	0	4095	273	0	3999
512	0	4095	532	0	3993
768	0	4095	803	0	3977
1024	0	4095	1076	0	3963
1280	0	4095	1331	0	3956
1536	0	4095	1613	0	3950
1792	0	4095	1887	0	3964
2048	0	4095	2144	0	3968
2303	0	4095	2418	0	3969
2559	0	4095	2685	0	3958
2815	0	4095	2955	0	3954
3071	0	4095	3201	0	3945
3327	0	4095	3492	0	3966
3583	0	4095	3739	0	3978
3839	0	4095	3985	0	3997
4095	0	4095	4095	0	3891
0	256	4095	0	268	4000
256	256	4095	256	256	3841
512	256	4095	502	256	3827
768	256	4095	759	255	3813
1024	256	4095	1022	253	3802
1280	256	4095	1267	253	3796
1536	256	4095	1544	252	3805
1792	256	4095	1805	252	3798
2048	256	4095	2049	251	3805
2303	256	4095	2308	252	3793
2559	256	4095	2576	251	3790
2815	256	4095	2828	249	3778
3071	256	4095	3068	248	3760
3327	256	4095	3332	249	3784
3583	256	4095	3584	249	3798
3839	256	4095	3808	250	3806
4095	256	4095	4033	250	3806
0	512	4095	0	532	3990
256	512	4095	253	505	3828
512	512	4095	509	511	3865
768	512	4095	770	508	3842
1024	512	4095	1031	505	3839
1280	512	4095	1279	505	3828
1536	512	4095	1557	503	3832
1792	512	4095	1815	502	3828
2048	512	4095	2067	503	3826
2303	512	4095	2320	502	3822
2559	512	4095	2591	500	3813
2815	512	4095	2844	498	3809
3071	512	4095	3092	498	3789
3327	512	4095	3348	497	3802
3583	512	4095	3595	500	3811
3839	512	4095	3818	499	3817
4095	512	4095	4054	500	3816
0	768	4095	0	801	3981
256	768	4095	251	763	3816
512	768	4095	506	773	3845
768	768	4095	775	776	3859
1024	768	4095	1036	770	3853
1280	768	4095	1283	768	3851
1536	768	4095	1563	768	3846
1792	768	4095	1821	765	3840
2048	768	4095	2075	767	3830
2303	768	4095	2324	767	3828
2559	768	4095	2599	761	3824
2815	768	4095	2848	757	3805
3071	768	4095	3089	753	3787
3327	768	4095	3354	759	3809
3583	768	4095	3602	758	3818
3839	768	4095	3823	759	3814
4095	768	4095	4062	761	3823
0	1024	4095	0	1074	3968
256	1024	4095	251	1020	3806
512	1024	4095	504	1031	3844
768	1024	4095	771	1036	3857
1024	1024	4095	1043	1040	3875
1280	1024	4095	1289	1036	3864
1536	1024	4095	1571	1037	3853
1792	1024	4095	1824	1034	3848
2048	1024	4095	2078	1033	3845
2303	1024	4095	2335	1032	3845
2559	1024	4095	2605	1027	3824
2815	1024	4095	2856	1027	3816
3071	1024	4095	3102	1020	3803
3327	1024	4095	3367	1025	3824
3583	1024	4095	3618	1029	3827
3839	1024	4095	3830	1030	3833
4095	1024	4095	4070	1029	3832
0	1280	4095	0	1324	3968
256	1280	4095	249	1264	3808
512	1280	4095	503	1278	3836
768	1280	4095	766	1277	3848
1024	1280	4095	1038	1283	3866
1280	1280	4095	1294	1288	3879
1536	1280	4095	1577	1290	3866
1792	1280	4095	1833	1284	3855
2048	1280	4095	2082	1282	3864
2303	1280	4095	2343	1284	3849
2559	1280	4095	2616	1279	3840
2815	1280	4095	2861	1272	3819
3071	1280	4095	3106	1271	3809
3327	1280	4095	3368	1272	3815
3583	1280	4095	3611	1276	3831
3839	1280	4095	3834	1275	3838
4095	1280	4095	4065	1274	3838
0	1536	4095	0	1606	3964
256	1536	4095	250	1533	3805
512	1536	4095	503	1548	3832
768	1536	4095	769	1557	3851
1024	1536	4095	1041	1563	3857
1280	1536	4095	1298	1569	3869
1536	1536	4095	1580	1570	3882
1792	1536	4095	1841	1567	3870
2048	1536	4095	2090	1564	3866
2303	1536	4095	2343	1558	3858
2559	1536	4095	2618	1553	3853
2815	1536	4095	2864	1543	3824
3071	1536	4095	3122	1545	3832
3327	1536	4095	3379	1547	3829
3583	1536	4095	3624	1548	3835
3839	1536	4095	3840	1547	3835
4095	1536	4095	4071	1546	3835
0	1792	4095	0	1875	3967
256	1792	4095	250	1794	3804
512	1792	4095	502	1809	3840
768	1792	4095	767	1815	3851
1024	1792	4095	1037	1822	3855
1280	1792	4095	1295	1826	3861
1536	1792	4095	1580	1832	3874
1792	1792	4095	1845	1833	3878
2048	1792	4095	2095	1830	3875
2303	1792	4095	2345	1828	3864
2559	1792	4095	2619	1820	3845
2815	1792	4095	2869	1807	3832
3071	1792	4095	3124	1805	3825
3327	1792	4095	3384	1807	3836
3583	1792	4095	3627	1806	3838
3839	1792	4095	3840	1809	3845
4095	1792	4095	4074	1802	3838
0	2048	4095	0	2126	3974
256	2048	4095	249	2041	3818
512	2048	4095	504	2060	3840
768	2048	4095	770	2068	3843
1024	2048	4095	1040	2069	3855
1280	2048	4095	1293	2070	3868
1536	2048	4095	1578	2078	3873
1792	2048	4095	1843	2080	3876
2048	2048	4095	2104	2087	3879
2303	2048	4095	2356	2081	3870
2559	2048	4095	2630	2074	3860
2815	2048	4095	2876	2067	3840
3071	2048	4095	3129	2068	3846
3327	2048	4095	3391	2066	3844
3583	2048	4095	3624	2065	3845
3839	2048	4095	3855	2068	3852
4095	2048	4095	4080	2061	3843
0	2303	4095	0	2422	3980
256	2303	4095	249	2317	3809
512	2303	4095	502	2331	3838
768	2303	4095	766	2339	3840
1024	2303	4095	1038	2339	3853
1280	2303	4095	1296	2348	3858
1536	2303	4095	1573	2345	3864
1792	2303	4095	1835	2352	3867
2048	2303	4095	2099	2356	3873
2303	2303	4095	2356	2353	3872
2559	2303	4095	2623	2338	3849
2815	2303	4095	2881	2336	3841
3071	2303	4095	3132	2336	3842
3327	2303	4095	3379	2335	3844
3583	2303	4095	3620	2327	3834
3839	2303	4095	3844	2331	3842
4095	2303	4095	4078	2331	3842
0	2559	4095	0	2680	3977
256	2559	4095	248	2573	3805
512	2559	4095	500	2582	3828
768	2559	4095	765	2591	3840
1024	2559	4095	1034	2592	3834
1280	2559	4095	1291	2602	3846
1536	2559	4095	1570	2603	3861
1792	2559	4095	1828	2607	3847
2048	2559	4095	2092	2611	3863
2303	2559	4095	2347	2607	3859
2559	2559	4095	2622	2602	3850
2815	2559	4095	2878	2596	3848
3071	2559	4095	3124	2591	3835
3327	2559	4095	3380	2590	3837
3583	2559	4095	3629	2594	3835
3839	2559	4095	3835	2592	3833
4095	2559	4095	4068	2582	3833
0	2815	4095	0	2944	3976
256	2815	4095	248	2817	3801
512	2815	4095	500	2830	3828
768	2815	4095	762	2834	3824
1024	2815	4095	1031	2843	3827
1280	2815	4095	1288	2846	3840
1536	2815	4095	1567	2846	3844
1792	2815	4095	1828	2851	3851
2048	2815	4095	2087	2862	3856
2303	2815	4095	2343	2852	3844
2559	2815	4095	2614	2843	3841
2815	2815	4095	2881	2848	3855
3071	2815	4095	3123	2840	3835
3327	2815	4095	3380	2839	3836
3583	2815	4095	3617	2837	3833
3839	2815	4095	3836	2837	3834
4095	2815	4095	4061	2839	3816
0	3071	4095	0	3213	3976
256	3071	4095	246	3077	3788
512	3071	4095	500	3103	3819
768	3071	4095	759	3099	3814
1024	3071	4095	1031	3108	3826
1280	3071	4095	1283	3118	3830
1536	3071	4095	1565	3120	3844
1792	3071	4095	1821	3117	3833
2048	3071	4095	2080	3127	3847
2303	3071	4095	2337	3119	3835
2559	3071	4095	2611	3112	3833
2815	3071	4095	2875	3112	3839
3071	3071	4095	3119	3106	3834
3327	3071	4095	3378	3103	3824
3583	3071	4095	3606	3102	3823
3839	3071	4095	3833	3107	3820
4095	3071	4095	4064	3104	3819
0	3327	4095	0	3492	3980
256	3327	4095	248	3341	3797
512	3327	4095	500	3353	3819
768	3327	4095	761	3362	3821
1024	3327	4095	1033	3363	3833
1280	3327	4095	1286	3368	3830
1536	3327	4095	1565	3369	3833
1792	3327	4095	1823	3373	3840
2048	3327	4095	2086	3379	3848
2303	3327	4095	2330	3367	3836
2559	3327	4095	2614	3368	3841
2815	3327	4095	2874	3366	3840
3071	3327	4095	3120	3363	3829
3327	3327	4095	3379	3360	3836
3583	3327	4095	3616	3370	3826
3839	3327	4095	3831	3363	3819
4095	3327	4095	4072	3360	3828
0	3583	4095	0	3728	3996
256	3583	4095	249	3572	3816
512	3583	4095	500	3592	3828
768	3583	4095	763	3587	3832
1024	3583	4095	1037	3599	3836
1280	3583	4095	1286	3604	3841
1536	3583	4095	1572	3610	3850
1792	3583	4095	1824	3605	3844
2048	3583	4095	2080	3608	3850
2303	3583	4095	2333	3592	3830
2559	3583	4095	2621	3607	3841
2815	3583	4095	2874	3595	3840
3071	3583	4095	3110	3593	3829
3327	3583	4095	3379	3599	3826
3583	3583	4095	3612	3596	3823
3839	3583	4095	3831	3587	3825
4095	3583	4095	4073	3599	3829
0	3839	4095	0	3987	4016
256	3839	4095	250	3815	3827
512	3839	4095	502	3827	3839
768	3839	4095	766	3830	3833
1024	3839	4095	1037	3845	3849
1280	3839	4095	1291	3836	3852
1536	3839	4095	1570	3840	3848
1792	3839	4095	1822	3844	3854
2048	3839	4095	2084	3841	3850
2303	3839	4095	2341	3833	3847
2559	3839	4095	2613	3838	3843
2815	3839	4095	2874	3825	3842
3071	3839	4095	3118	3833	3830
3327	3839	4095	3380	3831	3828
3583	3839	4095	3610	3825	3832
3839	3839	4095	3847	3827	3824
4095	3839	4095	4075	3835	3831
0	4095	4095	0	4095	3911
256	4095	4095	250	4040	3828
512	4095	4095	504	4053	3840
768	4095	4095	769	4058	3845
1024	4095	4095	1040	4062	3849
1280	4095	4095	1292	4056	3854
1536	4095	4095	1570	4059	3849
1792	4095	4095	1823	4057	3848
2048	4095	4095	2080	4054	3843
2303	4095	4095	2348	4064	3857
2559	4095	4095	2611	4049	3843
2815	4095	4095	2875	4057	3832
3071	4095	4095	3115	4053	3827
3327	4095	4095	3381	4045	3828
3583	4095	4095	3610	4048	3823
3839	4095	4095	3841	4054	3828
4095	4095	4095	4079	4061	3825
