0	0	0	0	0	0
256	0	0	221	1	0
512	0	0	438	2	0
768	0	0	657	2	0
1024	0	0	876	2	0
1280	0	0	1094	4	0
1536	0	0	1313	4	0
1792	0	0	1537	4	0
2048	0	0	1756	4	0
2303	0	0	1976	5	0
2559	0	0	2200	5	0
2815	0	0	2429	6	0
3071	0	0	2651	6	0
3327	0	0	2870	7	0
3583	0	0	3098	7	0
3839	0	0	3323	8	0
4095	0	0	3529	8	0
0	256	0	16	244	2
256	256	0	230	240	2
512	256	0	437	236	2
768	256	0	644	235	2
1024	256	0	858	233	2
1280	256	0	1062	232	2
1536	256	0	1271	230	2
1792	256	0	1486	230	2
2048	256	0	1690	228	2
2303	256	0	1892	229	2
2559	256	0	2112	228	2
2815	256	0	2326	228	1
3071	256	0	2541	226	1
3327	256	0	2745	226	1
3583	256	0	2957	226	1
3839	256	0	3170	228	1
4095	256	0	3366	229	1
0	512	0	31	484	4
256	512	0	241	471	4
512	512	0	449	471	4
768	512	0	659	468	4
1024	512	0	872	463	4
1280	512	0	1079	459	4
1536	512	0	1288	456	4
1792	512	0	1500	453	4
2048	512	0	1706	451	4
2303	512	0	1913	451	4
2559	512	0	2127	451	4
2815	512	0	2346	449	3
3071	512	0	2558	446	3
3327	512	0	2764	446	3
3583	512	0	2984	446	3
3839	512	0	3193	448	3
4095	512	0	3386	449	3
0	768	0	47	726	6
256	768	0	253	704	6
512	768	0	460	705	6
768	768	0	675	703	6
1024	768	0	886	696	6
1280	768	0	1088	692	6
1536	768	0	1300	688	5
1792	768	0	1512	685	5
2048	768	0	1720	685	5
2303	768	0	1925	684	5
2559	768	0	2139	683	5
2815	768	0	2358	680	5
3071	768	0	2572	678	5
3327	768	0	2775	676	4
3583	768	0	2986	676	4
3839	768	0	3191	677	4
4095	768	0	3386	679	4
0	1024	0	62	968	8
256	1024	0	266	942	8
512	1024	0	472	942	8
768	1024	0	684	938	8
1024	1024	0	897	937	7
1280	1024	0	1100	932	7
1536	1024	0	1314	926	7
1792	1024	0	1526	924	7
2048	1024	0	1732	922	7
2303	1024	0	1936	924	7
2559	1024	0	2148	922	7
2815	1024	0	2368	914	7
3071	1024	0	2579	911	7
3327	1024	0	2782	909	7
3583	1024	0	3000	912	6
3839	1024	0	3206	914	6
4095	1024	0	3403	916	6
0	1280	0	76	1200	10
256	1280	0	278	1167	10
512	1280	0	482	1166	10
768	1280	0	694	1162	10
1024	1280	0	906	1158	10
1280	1280	0	1112	1159	10
1536	1280	0	1326	1154	10
1792	1280	0	1536	1149	9
2048	1280	0	1741	1148	9
2303	1280	0	1948	1147	9
2559	1280	0	2161	1144	9
2815	1280	0	2380	1138	8
3071	1280	0	2593	1135	8
3327	1280	0	2794	1131	8
3583	1280	0	3012	1135	8
3839	1280	0	3218	1138	8
4095	1280	0	3413	1140	8
0	1536	0	90	1445	12
256	1536	0	292	1408	11
512	1536	0	494	1405	11
768	1536	0	706	1400	11
1024	1536	0	919	1400	11
1280	1536	0	1120	1400	11
1536	1536	0	1340	1398	11
1792	1536	0	1552	1394	10
2048	1536	0	1759	1394	10
2303	1536	0	1966	1395	11
2559	1536	0	2181	1393	10
2815	1536	0	2401	1387	10
3071	1536	0	2608	1383	10
3327	1536	0	2808	1379	10
3583	1536	0	3034	1384	10
3839	1536	0	3235	1384	10
4095	1536	0	3428	1387	10
0	1792	0	105	1680	14
256	1792	0	306	1640	13
512	1792	0	508	1636	13
768	1792	0	721	1634	12
1024	1792	0	932	1632	12
1280	1792	0	1132	1632	12
1536	1792	0	1355	1631	12
1792	1792	0	1572	1633	12
2048	1792	0	1778	1634	12
2303	1792	0	1986	1632	12
2559	1792	0	2202	1628	12
2815	1792	0	2420	1623	12
3071	1792	0	2629	1620	12
3327	1792	0	2840	1620	12
3583	1792	0	3048	1619	12
3839	1792	0	3253	1626	12
4095	1792	0	3454	1630	12
0	2048	0	120	1908	15
256	2048	0	320	1864	15
512	2048	0	524	1863	15
768	2048	0	735	1861	14
1024	2048	0	944	1858	14
1280	2048	0	1147	1859	14
1536	2048	0	1369	1857	14
1792	2048	0	1587	1861	14
2048	2048	0	1797	1863	14
2303	2048	0	2005	1861	14
2559	2048	0	2223	1857	14
2815	2048	0	2442	1853	14
3071	2048	0	2651	1850	14
3327	2048	0	2859	1848	14
3583	2048	0	3070	1853	14
3839	2048	0	3282	1860	14
4095	2048	0	3478	1862	14
0	2303	0	135	2150	18
256	2303	0	333	2112	17
512	2303	0	536	2112	16
768	2303	0	746	2108	16
1024	2303	0	955	2107	16
1280	2303	0	1158	2105	16
1536	2303	0	1384	2107	16
1792	2303	0	1601	2106	16
2048	2303	0	1809	2109	16
2303	2303	0	2017	2108	16
2559	2303	0	2239	2108	16
2815	2303	0	2461	2107	16
3071	2303	0	2670	2102	15
3327	2303	0	2880	2099	15
3583	2303	0	3095	2103	15
3839	2303	0	3292	2106	15
4095	2303	0	3493	2113	15
0	2559	0	149	2382	19
256	2559	0	347	2347	19
512	2559	0	550	2346	18
768	2559	0	759	2342	18
1024	2559	0	966	2338	18
1280	2559	0	1171	2338	18
1536	2559	0	1396	2342	18
1792	2559	0	1609	2342	17
2048	2559	0	1818	2344	17
2303	2559	0	2031	2349	17
2559	2559	0	2255	2350	17
2815	2559	0	2474	2347	17
3071	2559	0	2684	2343	17
3327	2559	0	2891	2344	17
3583	2559	0	3109	2348	17
3839	2559	0	3304	2350	17
4095	2559	0	3500	2354	17
0	2815	0	162	2614	20
256	2815	0	359	2580	20
512	2815	0	562	2578	20
768	2815	0	772	2576	20
1024	2815	0	980	2574	20
1280	2815	0	1184	2572	20
1536	2815	0	1404	2574	20
1792	2815	0	1620	2575	20
2048	2815	0	1829	2578	19
2303	2815	0	2044	2582	19
2559	2815	0	2266	2578	19
2815	2815	0	2488	2577	18
3071	2815	0	2696	2573	18
3327	2815	0	2902	2570	18
3583	2815	0	3118	2580	18
3839	2815	0	3318	2580	18
4095	2815	0	3520	2591	18
0	3071	0	176	2837	22
256	3071	0	374	2813	21
512	3071	0	577	2813	21
768	3071	0	786	2810	21
1024	3071	0	992	2805	21
1280	3071	0	1197	2803	21
1536	3071	0	1416	2806	21
1792	3071	0	1636	2814	21
2048	3071	0	1841	2812	21
2303	3071	0	2055	2820	21
2559	3071	0	2278	2820	20
2815	3071	0	2498	2820	20
3071	3071	0	2711	2818	20
3327	3071	0	2920	2817	20
3583	3071	0	3130	2820	20
3839	3071	0	3334	2830	20
4095	3071	0	3528	2840	20
0	3327	0	192	3078	23
256	3327	0	390	3058	23
512	3327	0	593	3054	23
768	3327	0	803	3050	23
1024	3327	0	1010	3046	22
1280	3327	0	1219	3046	22
1536	3327	0	1438	3048	22
1792	3327	0	1652	3052	22
2048	3327	0	1861	3064	22
2303	3327	0	2076	3064	22
2559	3327	0	2306	3066	22
2815	3327	0	2524	3067	22
3071	3327	0	2733	3062	22
3327	3327	0	2945	3059	22
3583	3327	0	3155	3064	22
3839	3327	0	3356	3075	22
4095	3327	0	3558	3086	22
0	3583	0	208	3287	26
256	3583	0	407	3282	25
512	3583	0	610	3274	24
768	3583	0	821	3267	24
1024	3583	0	1028	3263	24
1280	3583	0	1239	3264	24
1536	3583	0	1458	3267	24
1792	3583	0	1671	3276	24
2048	3583	0	1886	3288	24
2303	3583	0	2098	3286	24
2559	3583	0	2329	3286	24
2815	3583	0	2545	3285	24
3071	3583	0	2759	3284	24
3327	3583	0	2970	3288	24
3583	3583	0	3178	3295	24
3839	3583	0	3382	3305	24
4095	3583	0	3586	3317	24
0	3839	0	223	3510	27
256	3839	0	424	3516	27
512	3839	0	628	3510	27
768	3839	0	840	3500	27
1024	3839	0	1047	3496	26
1280	3839	0	1259	3498	26
1536	3839	0	1478	3502	26
1792	3839	0	1693	3509	26
2048	3839	0	1907	3519	26
2303	3839	0	2122	3522	26
2559	3839	0	2352	3515	26
2815	3839	0	2574	3519	26
3071	3839	0	2782	3517	26
3327	3839	0	2994	3523	26
3583	3839	0	3208	3534	25
3839	3839	0	3416	3544	25
4095	3839	0	3626	3554	26
0	4095	0	240	3732	29
256	4095	0	442	3731	29
512	4095	0	648	3724	28
768	4095	0	860	3718	28
1024	4095	0	1067	3713	28
1280	4095	0	1281	3717	28
1536	4095	0	1502	3726	28
1792	4095	0	1720	3734	28
2048	4095	0	1931	3738	28
2303	4095	0	2147	3746	28
2559	4095	0	2380	3739	28
2815	4095	0	2599	3738	28
3071	4095	0	2806	3740	28
3327	4095	0	3024	3749	28
3583	4095	0	3239	3759	28
3839	4095	0	3448	3769	28
4095	4095	0	3658	3783	27
0	0	256	12	1	228
256	0	256	230	2	228
512	0	256	442	2	225
768	0	256	656	4	222
1024	0	256	872	4	219
1280	0	256	1083	4	218
1536	0	256	1298	5	217
1792	0	256	1518	5	216
2048	0	256	1732	5	216
2303	0	256	1947	6	214
2559	0	256	2162	6	214
2815	0	256	2382	7	212
3071	0	256	2605	7	211
3327	0	256	2818	8	209
3583	0	256	3036	8	210
3839	0	256	3254	9	210
4095	0	256	3454	10	212
0	256	256	28	244	236
256	256	256	249	250	230
512	256	256	460	245	230
768	256	256	672	242	226
1024	256	256	886	239	222
1280	256	256	1090	238	218
1536	256	256	1299	236	216
1792	256	256	1513	234	213
2048	256	256	1714	232	210
2303	256	256	1916	232	208
2559	256	256	2130	232	208
2815	256	256	2346	228	205
3071	256	256	2552	227	202
3327	256	256	2753	226	201
3583	256	256	2957	226	200
3839	256	256	3161	227	200
4095	256	256	3356	227	200
0	512	256	43	482	235
256	512	256	260	484	239
512	512	256	473	484	239
768	512	256	687	479	233
1024	512	256	900	475	228
1280	512	256	1104	470	224
1536	512	256	1315	466	220
1792	512	256	1528	462	218
2048	512	256	1732	458	212
2303	512	256	1932	454	210
2559	512	256	2142	453	208
2815	512	256	2360	450	208
3071	512	256	2566	447	204
3327	512	256	2769	444	202
3583	512	256	2974	444	202
3839	512	256	3176	444	202
4095	512	256	3372	446	201
0	768	256	59	724	234
256	768	256	272	722	235
512	768	256	483	721	235
768	768	256	700	718	234
1024	768	256	913	713	230
1280	768	256	1116	706	226
1536	768	256	1328	702	221
1792	768	256	1539	696	219
2048	768	256	1742	692	216
2303	768	256	1944	688	214
2559	768	256	2158	687	212
2815	768	256	2371	682	209
3071	768	256	2577	678	209
3327	768	256	2783	676	207
3583	768	256	2985	675	203
3839	768	256	3182	674	202
4095	768	256	3377	673	201
0	1024	256	74	966	234
256	1024	256	285	963	234
512	1024	256	493	963	232
768	1024	256	709	960	232
1024	1024	256	928	959	230
1280	1024	256	1130	950	226
1536	1024	256	1341	943	222
1792	1024	256	1552	938	219
2048	1024	256	1757	934	216
2303	1024	256	1960	929	214
2559	1024	256	2167	923	213
2815	1024	256	2381	919	210
3071	1024	256	2586	915	210
3327	1024	256	2791	909	207
3583	1024	256	2992	909	205
3839	1024	256	3188	906	204
4095	1024	256	3383	908	204
0	1280	256	89	1196	234
256	1280	256	296	1190	232
512	1280	256	503	1189	230
768	1280	256	720	1184	228
1024	1280	256	935	1180	228
1280	1280	256	1139	1179	228
1536	1280	256	1355	1170	223
1792	1280	256	1563	1163	220
2048	1280	256	1766	1160	217
2303	1280	256	1972	1156	216
2559	1280	256	2183	1151	213
2815	1280	256	2397	1142	211
3071	1280	256	2598	1134	208
3327	1280	256	2799	1132	208
3583	1280	256	3002	1129	206
3839	1280	256	3204	1130	205
4095	1280	256	3397	1131	205
0	1536	256	104	1439	234
256	1536	256	310	1430	230
512	1536	256	516	1431	228
768	1536	256	729	1424	226
1024	1536	256	942	1421	226
1280	1536	256	1147	1417	225
1536	1536	256	1370	1416	224
1792	1536	256	1577	1410	222
2048	1536	256	1780	1408	218
2303	1536	256	1984	1406	216
2559	1536	256	2196	1398	215
2815	1536	256	2412	1389	212
3071	1536	256	2618	1382	210
3327	1536	256	2815	1373	210
3583	1536	256	3032	1376	207
3839	1536	256	3220	1376	207
4095	1536	256	3411	1375	207
0	1792	256	118	1673	235
256	1792	256	321	1657	229
512	1792	256	527	1654	228
768	1792	256	740	1650	225
1024	1792	256	951	1650	225
1280	1792	256	1151	1645	225
1536	1792	256	1377	1647	224
1792	1792	256	1592	1646	222
2048	1792	256	1797	1644	220
2303	1792	256	1999	1638	218
2559	1792	256	2209	1629	216
2815	1792	256	2428	1623	213
3071	1792	256	2638	1620	210
3327	1792	256	2836	1611	208
3583	1792	256	3045	1611	208
3839	1792	256	3236	1609	208
4095	1792	256	3425	1612	208
0	2048	256	133	1901	236
256	2048	256	335	1880	228
512	2048	256	539	1874	227
768	2048	256	752	1871	224
1024	2048	256	964	1873	224
1280	2048	256	1165	1873	222
1536	2048	256	1386	1872	222
1792	2048	256	1602	1870	222
2048	2048	256	1809	1867	221
2303	2048	256	2017	1866	220
2559	2048	256	2233	1859	217
2815	2048	256	2447	1852	215
3071	2048	256	2652	1845	213
3327	2048	256	2849	1837	210
3583	2048	256	3070	1843	210
3839	2048	256	3259	1842	210
4095	2048	256	3454	1845	210
0	2303	256	147	2147	230
256	2303	256	346	2128	226
512	2303	256	552	2123	224
768	2303	256	764	2120	224
1024	2303	256	973	2116	222
1280	2303	256	1177	2120	222
1536	2303	256	1398	2119	223
1792	2303	256	1612	2113	222
2048	2303	256	1820	2113	222
2303	2303	256	2032	2114	222
2559	2303	256	2250	2109	220
2815	2303	256	2463	2101	216
3071	2303	256	2668	2094	214
3327	2303	256	2872	2087	213
3583	2303	256	3083	2088	213
3839	2303	256	3273	2086	213
4095	2303	256	3460	2090	213
0	2559	256	162	2374	229
256	2559	256	360	2358	224
512	2559	256	563	2356	224
768	2559	256	773	2352	222
1024	2559	256	980	2349	222
1280	2559	256	1186	2346	221
1536	2559	256	1406	2350	220
1792	2559	256	1617	2341	220
2048	2559	256	1827	2345	219
2303	2559	256	2038	2349	218
2559	2559	256	2260	2345	218
2815	2559	256	2475	2342	216
3071	2559	256	2680	2337	214
3327	2559	256	2886	2332	213
3583	2559	256	3093	2332	214
3839	2559	256	3288	2331	213
4095	2559	256	3475	2332	213
0	2815	256	175	2606	227
256	2815	256	371	2592	224
512	2815	256	574	2586	223
768	2815	256	784	2582	221
1024	2815	256	991	2579	221
1280	2815	256	1198	2575	220
1536	2815	256	1419	2577	220
1792	2815	256	1631	2575	220
2048	2815	256	1836	2574	220
2303	2815	256	2046	2578	219
2559	2815	256	2269	2575	217
2815	2815	256	2486	2569	216
3071	2815	256	2692	2563	216
3327	2815	256	2898	2561	215
3583	2815	256	3104	2558	216
3839	2815	256	3298	2558	215
4095	2815	256	3488	2562	215
0	3071	256	188	2830	227
256	3071	256	383	2816	223
512	3071	256	588	2814	222
768	3071	256	797	2811	221
1024	3071	256	1002	2808	220
1280	3071	256	1208	2806	220
1536	3071	256	1425	2801	220
1792	3071	256	1637	2804	219
2048	3071	256	1844	2807	220
2303	3071	256	2056	2812	220
2559	3071	256	2281	2815	218
2815	3071	256	2493	2808	217
3071	3071	256	2702	2804	216
3327	3071	256	2911	2804	216
3583	3071	256	3114	2804	216
3839	3071	256	3312	2804	216
4095	3071	256	3505	2815	217
0	3327	256	202	3064	227
256	3327	256	398	3054	226
512	3327	256	602	3053	225
768	3327	256	811	3048	222
1024	3327	256	1017	3040	222
1280	3327	256	1225	3036	221
1536	3327	256	1442	3037	221
1792	3327	256	1653	3043	221
2048	3327	256	1862	3046	221
2303	3327	256	2075	3052	221
2559	3327	256	2302	3050	220
2815	3327	256	2517	3044	220
3071	3327	256	2718	3037	218
3327	3327	256	2927	3037	218
3583	3327	256	3139	3041	218
3839	3327	256	3335	3044	218
4095	3327	256	3532	3052	218
0	3583	256	217	3269	228
256	3583	256	414	3268	228
512	3583	256	616	3263	226
768	3583	256	826	3254	224
1024	3583	256	1033	3252	224
1280	3583	256	1242	3252	223
1536	3583	256	1456	3255	222
1792	3583	256	1668	3260	223
2048	3583	256	1881	3266	224
2303	3583	256	2093	3267	223
2559	3583	256	2320	3263	222
2815	3583	256	2536	3259	222
3071	3583	256	2740	3255	220
3327	3583	256	2950	3257	220
3583	3583	256	3158	3261	220
3839	3583	256	3354	3263	220
4095	3583	256	3552	3270	220
0	3839	256	232	3495	229
256	3839	256	431	3500	228
512	3839	256	635	3490	227
768	3839	256	846	3482	226
1024	3839	256	1050	3478	225
1280	3839	256	1261	3476	225
1536	3839	256	1476	3480	225
1792	3839	256	1687	3488	225
2048	3839	256	1902	3492	226
2303	3839	256	2111	3493	225
2559	3839	256	2340	3484	224
2815	3839	256	2558	3481	223
3071	3839	256	2759	3478	223
3327	3839	256	2970	3479	222
3583	3839	256	3180	3482	222
3839	3839	256	3381	3488	223
4095	3839	256	3583	3499	224
0	4095	256	249	3706	230
256	4095	256	448	3706	231
512	4095	256	652	3700	230
768	4095	256	863	3690	228
1024	4095	256	1069	3691	228
1280	4095	256	1281	3695	227
1536	4095	256	1496	3699	227
1792	4095	256	1711	3703	227
2048	4095	256	1924	3710	228
2303	4095	256	2135	3708	228
2559	4095	256	2360	3706	227
2815	4095	256	2576	3698	225
3071	4095	256	2778	3692	224
3327	4095	256	2993	3696	225
3583	4095	256	3203	3707	225
3839	4095	256	3406	3716	227
4095	4095	256	3610	3726	227
0	0	512	24	3	448
256	0	512	241	3	448
512	0	512	454	4	446
768	0	512	670	4	439
1024	0	512	887	6	434
1280	0	512	1098	6	431
1536	0	512	1313	6	427
1792	0	512	1536	6	425
2048	0	512	1748	7	425
2303	0	512	1960	7	423
2559	0	512	2178	8	422
2815	0	512	2404	8	419
3071	0	512	2627	9	417
3327	0	512	2837	8	413
3583	0	512	3055	10	415
3839	0	512	3267	10	417
4095	0	512	3465	10	419
0	256	512	40	245	453
256	256	512	259	248	452
512	256	512	474	248	452
768	256	512	687	245	443
1024	256	512	901	243	436
1280	256	512	1107	240	429
1536	256	512	1316	239	424
1792	256	512	1528	236	419
2048	256	512	1735	236	414
2303	256	512	1938	234	412
2559	256	512	2153	234	408
2815	256	512	2367	232	406
3071	256	512	2576	231	402
3327	256	512	2777	229	396
3583	256	512	2985	229	396
3839	256	512	3185	229	396
4095	256	512	3374	229	395
0	512	512	56	486	453
256	512	512	274	490	457
512	512	512	494	494	454
768	512	512	709	489	453
1024	512	512	928	485	444
1280	512	512	1134	480	437
1536	512	512	1347	476	431
1792	512	512	1561	471	426
2048	512	512	1767	467	422
2303	512	512	1970	464	418
2559	512	512	2182	464	414
2815	512	512	2402	459	414
3071	512	512	2617	457	410
3327	512	512	2813	453	404
3583	512	512	3020	452	401
3839	512	512	3216	452	402
4095	512	512	3408	454	402
0	768	512	71	727	454
256	768	512	287	730	456
512	768	512	505	736	460
768	768	512	725	734	460
1024	768	512	942	728	451
1280	768	512	1147	720	444
1536	768	512	1362	715	437
1792	768	512	1574	710	432
2048	768	512	1780	706	427
2303	768	512	1986	702	424
2559	768	512	2197	699	420
2815	768	512	2411	694	415
3071	768	512	2624	692	409
3327	768	512	2822	688	404
3583	768	512	3032	686	403
3839	768	512	3226	686	401
4095	768	512	3414	684	400
0	1024	512	86	971	450
256	1024	512	299	972	449
512	1024	512	515	980	454
768	1024	512	734	977	452
1024	1024	512	957	975	451
1280	1024	512	1162	967	444
1536	1024	512	1375	961	438
1792	1024	512	1586	956	434
2048	1024	512	1792	950	427
2303	1024	512	2000	947	424
2559	1024	512	2212	941	421
2815	1024	512	2424	934	415
3071	1024	512	2641	933	412
3327	1024	512	2839	927	411
3583	1024	512	3045	927	406
3839	1024	512	3237	924	405
4095	1024	512	3428	922	403
0	1280	512	101	1204	448
256	1280	512	312	1200	445
512	1280	512	526	1207	448
768	1280	512	744	1203	446
1024	1280	512	966	1203	446
1280	1280	512	1170	1200	444
1536	1280	512	1390	1192	439
1792	1280	512	1601	1188	432
2048	1280	512	1804	1182	428
2303	1280	512	2008	1176	424
2559	1280	512	2221	1167	422
2815	1280	512	2441	1162	415
3071	1280	512	2648	1156	411
3327	1280	512	2848	1154	411
3583	1280	512	3060	1151	406
3839	1280	512	3248	1148	406
4095	1280	512	3442	1148	404
0	1536	512	116	1448	448
256	1536	512	324	1445	442
512	1536	512	537	1453	444
768	1536	512	754	1448	443
1024	1536	512	971	1446	442
1280	1536	512	1178	1442	441
1536	1536	512	1406	1440	438
1792	1536	512	1616	1435	433
2048	1536	512	1816	1430	427
2303	1536	512	2021	1426	424
2559	1536	512	2236	1418	421
2815	1536	512	2452	1407	415
3071	1536	512	2664	1404	410
3327	1536	512	2863	1396	408
3583	1536	512	3074	1395	407
3839	1536	512	3268	1394	406
4095	1536	512	3459	1394	403
0	1792	512	130	1682	446
256	1792	512	338	1676	438
512	1792	512	550	1684	442
768	1792	512	767	1682	442
1024	1792	512	982	1679	438
1280	1792	512	1190	1679	438
1536	1792	512	1417	1674	435
1792	1792	512	1632	1673	433
2048	1792	512	1837	1668	429
2303	1792	512	2042	1663	424
2559	1792	512	2257	1657	422
2815	1792	512	2474	1650	415
3071	1792	512	2682	1644	412
3327	1792	512	2883	1638	408
3583	1792	512	3096	1637	408
3839	1792	512	3284	1633	406
4095	1792	512	3476	1634	405
0	2048	512	146	1910	446
256	2048	512	351	1902	436
512	2048	512	564	1910	440
768	2048	512	781	1909	438
1024	2048	512	995	1905	436
1280	2048	512	1199	1902	434
1536	2048	512	1422	1900	433
1792	2048	512	1641	1897	433
2048	2048	512	1850	1897	431
2303	2048	512	2062	1896	427
2559	2048	512	2278	1888	423
2815	2048	512	2493	1880	419
3071	2048	512	2698	1873	413
3327	2048	512	2898	1866	409
3583	2048	512	3105	1863	408
3839	2048	512	3303	1864	408
4095	2048	512	3496	1866	407
0	2303	512	160	2158	449
256	2303	512	364	2154	432
512	2303	512	575	2158	438
768	2303	512	792	2155	436
1024	2303	512	1004	2152	435
1280	2303	512	1208	2148	432
1536	2303	512	1434	2149	430
1792	2303	512	1648	2143	429
2048	2303	512	1860	2149	429
2303	2303	512	2072	2147	428
2559	2303	512	2291	2138	426
2815	2303	512	2506	2129	420
3071	2303	512	2713	2121	417
3327	2303	512	2918	2116	413
3583	2303	512	3121	2114	410
3839	2303	512	3312	2112	410
4095	2303	512	3506	2113	410
0	2559	512	174	2390	448
256	2559	512	377	2388	433
512	2559	512	587	2392	437
768	2559	512	800	2386	436
1024	2559	512	1010	2380	434
1280	2559	512	1218	2379	431
1536	2559	512	1440	2376	430
1792	2559	512	1656	2377	430
2048	2559	512	1865	2383	427
2303	2559	512	2078	2381	428
2559	2559	512	2302	2378	425
2815	2559	512	2518	2371	419
3071	2559	512	2723	2364	416
3327	2559	512	2927	2357	414
3583	2559	512	3130	2360	412
3839	2559	512	3326	2355	410
4095	2559	512	3520	2360	410
0	2815	512	187	2620	448
256	2815	512	391	2624	430
512	2815	512	599	2625	434
768	2815	512	812	2619	432
1024	2815	512	1021	2614	430
1280	2815	512	1230	2612	427
1536	2815	512	1454	2612	424
1792	2815	512	1666	2609	426
2048	2815	512	1873	2608	426
2303	2815	512	2085	2607	425
2559	2815	512	2314	2608	422
2815	2815	512	2534	2604	419
3071	2815	512	2741	2596	415
3327	2815	512	2942	2590	412
3583	2815	512	3144	2590	412
3839	2815	512	3344	2589	410
4095	2815	512	3537	2591	411
0	3071	512	201	2846	447
256	3071	512	404	2853	429
512	3071	512	611	2854	433
768	3071	512	824	2850	430
1024	3071	512	1032	2848	428
1280	3071	512	1240	2844	426
1536	3071	512	1461	2841	425
1792	3071	512	1677	2849	423
2048	3071	512	1884	2848	423
2303	3071	512	2097	2852	423
2559	3071	512	2324	2848	420
2815	3071	512	2541	2844	418
3071	3071	512	2748	2839	415
3327	3071	512	2951	2833	414
3583	3071	512	3157	2830	412
3839	3071	512	3354	2831	412
4095	3071	512	3550	2838	413
0	3327	512	216	3080	446
256	3327	512	419	3093	426
512	3327	512	626	3091	430
768	3327	512	838	3086	427
1024	3327	512	1046	3082	424
1280	3327	512	1258	3077	424
1536	3327	512	1477	3077	423
1792	3327	512	1690	3082	421
2048	3327	512	1897	3080	422
2303	3327	512	2114	3090	421
2559	3327	512	2341	3086	420
2815	3327	512	2555	3080	416
3071	3327	512	2761	3070	416
3327	3327	512	2968	3066	413
3583	3327	512	3175	3070	412
3839	3327	512	3375	3074	412
4095	3327	512	3571	3083	412
0	3583	512	231	3292	427
256	3583	512	434	3312	427
512	3583	512	640	3306	430
768	3583	512	854	3298	429
1024	3583	512	1060	3292	426
1280	3583	512	1274	3291	424
1536	3583	512	1493	3295	423
1792	3583	512	1706	3300	421
2048	3583	512	1920	3306	422
2303	3583	512	2128	3307	422
2559	3583	512	2358	3298	421
2815	3583	512	2572	3294	420
3071	3583	512	2778	3288	417
3327	3583	512	2989	3288	415
3583	3583	512	3200	3296	415
3839	3583	512	3401	3304	416
4095	3583	512	3602	3308	417
0	3839	512	246	3526	428
256	3839	512	449	3535	428
512	3839	512	656	3527	432
768	3839	512	870	3522	429
1024	3839	512	1077	3519	426
1280	3839	512	1292	3521	424
1536	3839	512	1512	3526	424
1792	3839	512	1726	3529	423
2048	3839	512	1938	3530	424
2303	3839	512	2150	3528	422
2559	3839	512	2380	3524	422
2815	3839	512	2591	3514	419
3071	3839	512	2796	3506	419
3327	3839	512	3009	3512	418
3583	3839	512	3224	3522	419
3839	3839	512	3428	3528	420
4095	3839	512	3624	3530	419
0	4095	512	264	3732	432
256	4095	512	468	3750	433
512	4095	512	676	3748	433
768	4095	512	890	3746	431
1024	4095	512	1096	3739	428
1280	4095	512	1315	3741	426
1536	4095	512	1532	3743	425
1792	4095	512	1747	3746	427
2048	4095	512	1960	3750	426
2303	4095	512	2169	3746	425
2559	4095	512	2400	3738	423
2815	4095	512	2613	3734	423
3071	4095	512	2818	3728	422
3327	4095	512	3034	3734	420
3583	4095	512	3246	3742	422
3839	4095	512	3449	3750	423
4095	4095	512	3650	3757	424
0	0	768	35	4	691
256	0	768	252	4	690
512	0	768	466	5	689
768	0	768	684	6	686
1024	0	768	904	6	678
1280	0	768	1114	7	675
1536	0	768	1333	7	669
1792	0	768	1554	7	666
2048	0	768	1765	8	663
2303	0	768	1981	8	660
2559	0	768	2198	9	658
2815	0	768	2423	9	656
3071	0	768	2651	10	652
3327	0	768	2859	10	648
3583	0	768	3078	10	650
3839	0	768	3289	12	652
4095	0	768	3492	12	654
0	256	768	51	245	697
256	256	768	270	247	695
512	256	768	485	248	697
768	256	768	703	247	691
1024	256	768	919	245	681
1280	256	768	1122	243	672
1536	256	768	1336	241	663
1792	256	768	1552	239	658
2048	256	768	1756	239	652
2303	256	768	1960	238	647
2559	256	768	2174	238	640
2815	256	768	2389	236	640
3071	256	768	2601	234	634
3327	256	768	2801	232	630
3583	256	768	3012	232	628
3839	256	768	3208	232	627
4095	256	768	3397	233	626
0	512	768	68	490	697
256	512	768	286	491	700
512	512	768	506	496	699
768	512	768	728	493	698
1024	512	768	946	488	690
1280	512	768	1152	485	683
1536	512	768	1370	481	674
1792	512	768	1584	477	668
2048	512	768	1788	473	662
2303	512	768	1993	471	656
2559	512	768	2212	468	649
2815	512	768	2424	464	646
3071	512	768	2641	461	646
3327	512	768	2842	460	640
3583	512	768	3051	459	638
3839	512	768	3247	459	636
4095	512	768	3440	460	634
0	768	768	84	733	699
256	768	768	301	736	700
512	768	768	521	741	706
768	768	768	749	746	704
1024	768	768	969	738	702
1280	768	768	1176	734	691
1536	768	768	1394	727	684
1792	768	768	1606	722	675
2048	768	768	1812	718	670
2303	768	768	2018	715	660
2559	768	768	2235	710	656
2815	768	768	2453	706	650
3071	768	768	2664	703	649
3327	768	768	2860	700	642
3583	768	768	3076	698	642
3839	768	768	3268	697	639
4095	768	768	3460	696	637
0	1024	768	98	977	698
256	1024	768	313	978	696
512	1024	768	532	986	704
768	1024	768	758	991	707
1024	1024	768	983	991	707
1280	1024	768	1189	985	696
1536	1024	768	1406	976	688
1792	1024	768	1618	969	680
2048	1024	768	1822	964	674
2303	1024	768	2030	960	667
2559	1024	768	2248	954	661
2815	1024	768	2465	948	656
3071	1024	768	2676	947	652
3327	1024	768	2873	940	651
3583	1024	768	3086	939	645
3839	1024	768	3279	937	640
4095	1024	768	3468	935	638
0	1280	768	112	1208	694
256	1280	768	324	1209	690
512	1280	768	542	1219	696
768	1280	768	767	1224	700
1024	1280	768	991	1222	696
1280	1280	768	1201	1219	696
1536	1280	768	1421	1212	687
1792	1280	768	1632	1204	679
2048	1280	768	1838	1197	672
2303	1280	768	2044	1192	667
2559	1280	768	2260	1188	662
2815	1280	768	2480	1181	655
3071	1280	768	2687	1172	652
3327	1280	768	2882	1165	646
3583	1280	768	3099	1165	646
3839	1280	768	3290	1162	644
4095	1280	768	3478	1163	641
0	1536	768	128	1454	692
256	1536	768	339	1454	683
512	1536	768	556	1466	692
768	1536	768	779	1469	694
1024	1536	768	998	1467	690
1280	1536	768	1208	1466	690
1536	1536	768	1436	1463	686
1792	1536	768	1648	1457	679
2048	1536	768	1852	1450	673
2303	1536	768	2062	1443	668
2559	1536	768	2277	1435	662
2815	1536	768	2492	1427	657
3071	1536	768	2703	1422	651
3327	1536	768	2903	1416	646
3583	1536	768	3115	1414	646
3839	1536	768	3303	1411	644
4095	1536	768	3493	1409	641
0	1792	768	144	1690	690
256	1792	768	352	1689	678
512	1792	768	568	1702	686
768	1792	768	791	1704	690
1024	1792	768	1008	1699	686
1280	1792	768	1220	1700	682
1536	1792	768	1446	1697	682
1792	1792	768	1663	1698	681
2048	1792	768	1866	1690	675
2303	1792	768	2075	1682	670
2559	1792	768	2294	1677	664
2815	1792	768	2510	1670	659
3071	1792	768	2717	1663	653
3327	1792	768	2918	1658	646
3583	1792	768	3126	1654	646
3839	1792	768	3322	1652	646
4095	1792	768	3515	1652	643
0	2048	768	159	1920	690
256	2048	768	366	1918	676
512	2048	768	582	1930	684
768	2048	768	802	1934	687
1024	2048	768	1019	1928	682
1280	2048	768	1229	1923	679
1536	2048	768	1458	1922	679
1792	2048	768	1672	1921	678
2048	2048	768	1882	1920	676
2303	2048	768	2092	1915	670
2559	2048	768	2312	1909	666
2815	2048	768	2530	1903	661
3071	2048	768	2737	1895	655
3327	2048	768	2937	1886	649
3583	2048	768	3147	1887	648
3839	2048	768	3341	1884	647
4095	2048	768	3532	1884	647
0	2303	768	172	2170	690
256	2303	768	378	2170	674
512	2303	768	594	2180	680
768	2303	768	813	2180	683
1024	2303	768	1027	2177	680
1280	2303	768	1237	2174	678
1536	2303	768	1468	2172	676
1792	2303	768	1679	2167	676
2048	2303	768	1888	2170	674
2303	2303	768	2103	2168	673
2559	2303	768	2324	2160	668
2815	2303	768	2537	2148	664
3071	2303	768	2746	2140	656
3327	2303	768	2954	2136	652
3583	2303	768	3156	2134	650
3839	2303	768	3352	2132	649
4095	2303	768	3544	2133	649
0	2559	768	186	2400	690
256	2559	768	392	2403	672
512	2559	768	607	2412	677
768	2559	768	824	2410	679
1024	2559	768	1037	2409	677
1280	2559	768	1249	2410	674
1536	2559	768	1472	2404	674
1792	2559	768	1688	2403	673
2048	2559	768	1896	2408	673
2303	2559	768	2110	2406	670
2559	2559	768	2336	2401	668
2815	2559	768	2551	2394	663
3071	2559	768	2760	2388	656
3327	2559	768	2965	2382	652
3583	2559	768	3166	2382	650
3839	2559	768	3369	2380	650
4095	2559	768	3564	2383	651
0	2815	768	199	2631	689
256	2815	768	405	2636	668
512	2815	768	618	2647	674
768	2815	768	834	2648	676
1024	2815	768	1045	2646	672
1280	2815	768	1258	2641	672
1536	2815	768	1481	2639	671
1792	2815	768	1698	2638	669
2048	2815	768	1909	2642	668
2303	2815	768	2121	2638	668
2559	2815	768	2346	2634	666
2815	2815	768	2563	2628	661
3071	2815	768	2771	2621	656
3327	2815	768	2977	2615	652
3583	2815	768	3186	2614	650
3839	2815	768	3388	2617	650
4095	2815	768	3578	2616	651
0	3071	768	213	2856	687
256	3071	768	420	2873	664
512	3071	768	632	2882	672
768	3071	768	848	2880	673
1024	3071	768	1056	2875	671
1280	3071	768	1270	2872	668
1536	3071	768	1492	2876	668
1792	3071	768	1706	2879	667
2048	3071	768	1914	2874	665
2303	3071	768	2130	2880	665
2559	3071	768	2358	2872	664
2815	3071	768	2574	2872	661
3071	3071	768	2778	2864	655
3327	3071	768	2987	2859	653
3583	3071	768	3196	2857	651
3839	3071	768	3390	2857	652
4095	3071	768	3586	2860	654
0	3327	768	229	3098	664
256	3327	768	434	3111	664
512	3327	768	646	3119	670
768	3327	768	862	3116	672
1024	3327	768	1071	3112	669
1280	3327	768	1285	3108	667
1536	3327	768	1506	3109	665
1792	3327	768	1722	3116	664
2048	3327	768	1934	3120	664
2303	3327	768	2144	3115	664
2559	3327	768	2371	3111	662
2815	3327	768	2586	3102	658
3071	3327	768	2797	3096	657
3327	3327	768	3008	3096	653
3583	3327	768	3216	3098	652
3839	3327	768	3416	3103	650
4095	3327	768	3609	3104	651
0	3583	768	244	3312	664
256	3583	768	449	3326	664
512	3583	768	661	3331	670
768	3583	768	878	3330	672
1024	3583	768	1086	3328	670
1280	3583	768	1301	3330	667
1536	3583	768	1521	3331	666
1792	3583	768	1737	3332	666
2048	3583	768	1950	3334	666
2303	3583	768	2160	3332	664
2559	3583	768	2396	3332	664
2815	3583	768	2606	3323	661
3071	3583	768	2812	3316	656
3327	3583	768	3026	3317	656
3583	3583	768	3235	3324	657
3839	3583	768	3436	3329	656
4095	3583	768	3636	3333	656
0	3839	768	259	3537	667
256	3839	768	465	3558	672
512	3839	768	678	3571	672
768	3839	768	895	3566	672
1024	3839	768	1101	3562	670
1280	3839	768	1318	3558	668
1536	3839	768	1537	3556	667
1792	3839	768	1754	3559	669
2048	3839	768	1966	3558	667
2303	3839	768	2179	3554	666
2559	3839	768	2412	3551	664
2815	3839	768	2623	3542	664
3071	3839	768	2827	3534	658
3327	3839	768	3044	3538	657
3583	3839	768	3257	3546	659
3839	3839	768	3460	3553	661
4095	3839	768	3661	3559	661
0	4095	768	276	3753	670
256	4095	768	482	3778	674
512	4095	768	694	3786	673
768	4095	768	912	3779	674
1024	4095	768	1118	3772	672
1280	4095	768	1338	3772	670
1536	4095	768	1557	3772	670
1792	4095	768	1773	3774	670
2048	4095	768	1986	3776	670
2303	4095	768	2200	3774	668
2559	4095	768	2430	3766	665
2815	4095	768	2643	3760	665
3071	4095	768	2850	3758	664
3327	4095	768	3070	3760	658
3583	4095	768	3279	3770	661
3839	4095	768	3480	3778	664
4095	4095	768	3682	3782	666
0	0	1024	47	5	938
256	0	1024	264	6	936
512	0	1024	479	6	935
768	0	1024	698	7	931
1024	0	1024	920	8	926
1280	0	1024	1132	8	920
1536	0	1024	1352	8	914
1792	0	1024	1572	9	910
2048	0	1024	1784	9	909
2303	0	1024	1998	10	906
2559	0	1024	2220	10	902
2815	0	1024	2449	10	900
3071	0	1024	2677	10	895
3327	0	1024	2882	11	891
3583	0	1024	3105	12	893
3839	0	1024	3312	12	894
4095	0	1024	3513	12	894
0	256	1024	62	246	940
256	256	1024	280	248	936
512	256	1024	493	248	934
768	256	1024	713	249	934
1024	256	1024	936	248	930
1280	256	1024	1141	246	919
1536	256	1024	1355	244	910
1792	256	1024	1570	242	903
2048	256	1024	1774	241	896
2303	256	1024	1981	241	892
2559	256	1024	2200	239	885
2815	256	1024	2412	238	878
3071	256	1024	2625	236	877
3327	256	1024	2820	235	870
3583	256	1024	3034	234	870
3839	256	1024	3232	235	867
4095	256	1024	3423	235	866
0	512	1024	79	490	944
256	512	1024	297	491	946
512	512	1024	516	494	945
768	512	1024	737	494	946
1024	512	1024	962	492	941
1280	512	1024	1171	488	932
1536	512	1024	1388	484	923
1792	512	1024	1602	480	915
2048	512	1024	1808	476	909
2303	512	1024	2014	474	904
2559	512	1024	2232	472	895
2815	512	1024	2448	469	890
3071	512	1024	2664	466	889
3327	512	1024	2860	464	881
3583	512	1024	3075	463	879
3839	512	1024	3270	464	877
4095	512	1024	3461	464	876
0	768	1024	94	734	946
256	768	1024	312	736	940
512	768	1024	532	743	950
768	768	1024	760	748	949
1024	768	1024	988	744	948
1280	768	1024	1195	739	941
1536	768	1024	1413	732	932
1792	768	1024	1625	728	923
2048	768	1024	1833	724	914
2303	768	1024	2041	721	909
2559	768	1024	2257	716	902
2815	768	1024	2476	712	897
3071	768	1024	2690	710	889
3327	768	1024	2885	705	887
3583	768	1024	3106	706	887
3839	768	1024	3296	703	882
4095	768	1024	3487	702	880
0	1024	1024	110	983	944
256	1024	1024	327	986	939
512	1024	1024	547	994	949
768	1024	1024	776	1001	957
1024	1024	1024	1008	1003	953
1280	1024	1024	1215	997	950
1536	1024	1024	1436	988	938
1792	1024	1024	1648	983	931
2048	1024	1024	1854	978	924
2303	1024	1024	2064	974	916
2559	1024	1024	2281	968	910
2815	1024	1024	2500	962	902
3071	1024	1024	2715	958	893
3327	1024	1024	2906	951	891
3583	1024	1024	3123	950	890
3839	1024	1024	3316	948	884
4095	1024	1024	3506	949	884
0	1280	1024	124	1216	942
256	1280	1024	338	1216	936
512	1280	1024	558	1228	945
768	1280	1024	786	1235	952
1024	1280	1024	1016	1238	954
1280	1280	1024	1227	1236	953
1536	1280	1024	1452	1228	942
1792	1280	1024	1662	1220	935
2048	1280	1024	1868	1214	928
2303	1280	1024	2077	1207	920
2559	1280	1024	2294	1201	915
2815	1280	1024	2512	1196	906
3071	1280	1024	2727	1190	901
3327	1280	1024	2922	1182	892
3583	1280	1024	3139	1181	892
3839	1280	1024	3325	1176	892
4095	1280	1024	3516	1176	886
0	1536	1024	141	1464	938
256	1536	1024	352	1464	929
512	1536	1024	570	1475	940
768	1536	1024	796	1481	945
1024	1536	1024	1023	1484	946
1280	1536	1024	1237	1483	942
1536	1536	1024	1465	1479	942
1792	1536	1024	1676	1473	934
2048	1536	1024	1880	1466	927
2303	1536	1024	2093	1461	920
2559	1536	1024	2310	1454	914
2815	1536	1024	2525	1444	906
3071	1536	1024	2737	1438	902
3327	1536	1024	2934	1429	893
3583	1536	1024	3144	1430	892
3839	1536	1024	3339	1426	892
4095	1536	1024	3534	1425	888
0	1792	1024	156	1698	936
256	1792	1024	366	1699	924
512	1792	1024	584	1711	934
768	1792	1024	808	1718	940
1024	1792	1024	1032	1720	941
1280	1792	1024	1245	1719	938
1536	1792	1024	1473	1716	937
1792	1792	1024	1690	1711	934
2048	1792	1024	1892	1707	927
2303	1792	1024	2104	1700	920
2559	1792	1024	2325	1694	916
2815	1792	1024	2544	1687	906
3071	1792	1024	2752	1680	902
3327	1792	1024	2955	1673	894
3583	1792	1024	3158	1668	892
3839	1792	1024	3358	1668	892
4095	1792	1024	3551	1668	890
0	2048	1024	171	1932	934
256	2048	1024	380	1929	920
512	2048	1024	598	1941	930
768	2048	1024	824	1948	935
1024	2048	1024	1044	1950	936
1280	2048	1024	1256	1948	933
1536	2048	1024	1484	1944	930
1792	2048	1024	1698	1942	929
2048	2048	1024	1910	1938	926
2303	2048	1024	2122	1933	920
2559	2048	1024	2344	1928	916
2815	2048	1024	2561	1920	910
3071	2048	1024	2769	1912	903
3327	2048	1024	2974	1906	897
3583	2048	1024	3180	1905	893
3839	2048	1024	3374	1903	893
4095	2048	1024	3566	1902	893
0	2303	1024	185	2177	937
256	2303	1024	392	2179	918
512	2303	1024	609	2191	927
768	2303	1024	832	2198	931
1024	2303	1024	1050	2199	933
1280	2303	1024	1266	2196	930
1536	2303	1024	1495	2197	928
1792	2303	1024	1707	2190	927
2048	2303	1024	1917	2192	924
2303	2303	1024	2131	2185	921
2559	2303	1024	2354	2178	916
2815	2303	1024	2568	2171	911
3071	2303	1024	2778	2163	902
3327	2303	1024	2987	2156	899
3583	2303	1024	3188	2154	895
3839	2303	1024	3388	2152	892
4095	2303	1024	3585	2152	893
0	2559	1024	198	2408	935
256	2559	1024	406	2415	916
512	2559	1024	622	2427	924
768	2559	1024	844	2433	927
1024	2559	1024	1060	2436	929
1280	2559	1024	1274	2434	926
1536	2559	1024	1498	2429	926
1792	2559	1024	1716	2430	922
2048	2559	1024	1925	2429	922
2303	2559	1024	2138	2426	920
2559	2559	1024	2365	2420	916
2815	2559	1024	2583	2414	911
3071	2559	1024	2792	2406	902
3327	2559	1024	2996	2402	898
3583	2559	1024	3202	2401	894
3839	2559	1024	3402	2401	894
4095	2559	1024	3599	2402	894
0	2815	1024	211	2638	934
256	2815	1024	419	2652	910
512	2815	1024	633	2664	919
768	2815	1024	856	2668	923
1024	2815	1024	1070	2670	924
1280	2815	1024	1284	2668	922
1536	2815	1024	1507	2662	918
1792	2815	1024	1724	2661	917
2048	2815	1024	1934	2661	916
2303	2815	1024	2146	2662	916
2559	2815	1024	2376	2652	914
2815	2815	1024	2596	2647	911
3071	2815	1024	2801	2639	903
3327	2815	1024	3008	2634	896
3583	2815	1024	3216	2632	894
3839	2815	1024	3416	2634	892
4095	2815	1024	3612	2636	894
0	3071	1024	225	2867	930
256	3071	1024	432	2885	904
512	3071	1024	646	2894	916
768	3071	1024	867	2901	919
1024	3071	1024	1080	2902	920
1280	3071	1024	1294	2898	918
1536	3071	1024	1516	2896	915
1792	3071	1024	1732	2900	914
2048	3071	1024	1941	2897	912
2303	3071	1024	2157	2901	911
2559	3071	1024	2386	2891	910
2815	3071	1024	2604	2892	906
3071	3071	1024	2812	2886	901
3327	3071	1024	3024	2882	895
3583	3071	1024	3230	2882	893
3839	3071	1024	3427	2881	893
4095	3071	1024	3620	2882	896
0	3327	1024	242	3109	904
256	3327	1024	448	3128	905
512	3327	1024	664	3138	912
768	3327	1024	882	3141	916
1024	3327	1024	1094	3140	918
1280	3327	1024	1310	3140	914
1536	3327	1024	1530	3138	911
1792	3327	1024	1746	3138	912
2048	3327	1024	1962	3145	909
2303	3327	1024	2171	3142	906
2559	3327	1024	2405	3134	907
2815	3327	1024	2618	3125	902
3071	3327	1024	2830	3120	900
3327	3327	1024	3044	3120	896
3583	3327	1024	3248	3120	894
3839	3327	1024	3445	3122	893
4095	3327	1024	3643	3127	893
0	3583	1024	257	3327	906
256	3583	1024	463	3346	912
512	3583	1024	678	3352	913
768	3583	1024	900	3364	916
1024	3583	1024	1108	3359	918
1280	3583	1024	1326	3357	915
1536	3583	1024	1546	3357	912
1792	3583	1024	1762	3358	912
2048	3583	1024	1975	3361	912
2303	3583	1024	2188	3356	907
2559	3583	1024	2425	3355	907
2815	3583	1024	2636	3346	904
3071	3583	1024	2843	3339	899
3327	3583	1024	3056	3339	898
3583	3583	1024	3266	3342	900
3839	3583	1024	3465	3345	897
4095	3583	1024	3664	3349	898
0	3839	1024	272	3555	907
256	3839	1024	480	3573	914
512	3839	1024	695	3589	915
768	3839	1024	916	3597	917
1024	3839	1024	1124	3590	917
1280	3839	1024	1344	3585	916
1536	3839	1024	1564	3584	915
1792	3839	1024	1780	3584	914
2048	3839	1024	1993	3583	911
2303	3839	1024	2210	3580	909
2559	3839	1024	2442	3578	906
2815	3839	1024	2653	3566	906
3071	3839	1024	2858	3560	901
3327	3839	1024	3078	3562	898
3583	3839	1024	3286	3565	898
3839	3839	1024	3484	3572	901
4095	3839	1024	3686	3578	901
0	4095	1024	289	3774	910
256	4095	1024	497	3796	918
512	4095	1024	712	3803	920
768	4095	1024	934	3804	919
1024	4095	1024	1141	3801	919
1280	4095	1024	1363	3800	917
1536	4095	1024	1583	3801	917
1792	4095	1024	1799	3803	916
2048	4095	1024	2013	3805	915
2303	4095	1024	2229	3802	912
2559	4095	1024	2456	3790	908
2815	4095	1024	2671	3785	905
3071	4095	1024	2879	3782	905
3327	4095	1024	3100	3784	900
3583	4095	1024	3306	3790	903
3839	4095	1024	3506	3795	903
4095	4095	1024	3708	3803	906
0	0	1280	58	6	1168
256	0	1280	276	7	1165
512	0	1280	492	8	1159
768	0	1280	712	8	1158
1024	0	1280	935	8	1154
1280	0	1280	1148	9	1150
1536	0	1280	1370	9	1144
1792	0	1280	1592	10	1139
2048	0	1280	1806	10	1136
2303	0	1280	2020	11	1133
2559	0	1280	2244	11	1129
2815	0	1280	2470	11	1126
3071	0	1280	2698	12	1122
3327	0	1280	2906	12	1118
3583	0	1280	3129	13	1120
3839	0	1280	3336	14	1119
4095	0	1280	3538	14	1121
0	256	1280	74	248	1165
256	256	1280	290	249	1160
512	256	1280	504	249	1161
768	256	1280	724	250	1160
1024	256	1280	948	249	1157
1280	256	1280	1156	248	1152
1536	256	1280	1374	247	1142
1792	256	1280	1588	245	1132
2048	256	1280	1794	244	1126
2303	256	1280	2000	243	1121
2559	256	1280	2220	243	1113
2815	256	1280	2438	240	1105
3071	256	1280	2647	239	1102
3327	256	1280	2844	238	1096
3583	256	1280	3060	238	1095
3839	256	1280	3259	238	1091
4095	256	1280	3449	239	1091
0	512	1280	90	490	1166
256	512	1280	308	491	1171
512	512	1280	528	496	1175
768	512	1280	749	495	1174
1024	512	1280	975	495	1172
1280	512	1280	1186	492	1166
1536	512	1280	1407	488	1154
1792	512	1280	1620	484	1147
2048	512	1280	1826	482	1138
2303	512	1280	2035	479	1132
2559	512	1280	2255	477	1124
2815	512	1280	2475	472	1118
3071	512	1280	2686	472	1111
3327	512	1280	2884	468	1107
3583	512	1280	3099	468	1106
3839	512	1280	3294	468	1101
4095	512	1280	3486	468	1100
0	768	1280	106	737	1176
256	768	1280	323	737	1164
512	768	1280	544	744	1177
768	768	1280	772	747	1179
1024	768	1280	999	746	1178
1280	768	1280	1210	743	1171
1536	768	1280	1432	738	1163
1792	768	1280	1646	733	1156
2048	768	1280	1854	730	1146
2303	768	1280	2063	727	1140
2559	768	1280	2281	722	1131
2815	768	1280	2500	718	1124
3071	768	1280	2711	716	1116
3327	768	1280	2906	710	1112
3583	768	1280	3127	710	1113
3839	768	1280	3317	708	1108
4095	768	1280	3513	707	1106
0	1024	1280	122	988	1172
256	1024	1280	339	989	1163
512	1024	1280	560	998	1176
768	1024	1280	788	1003	1184
1024	1024	1280	1022	1008	1182
1280	1024	1280	1235	1004	1180
1536	1024	1280	1457	998	1172
1792	1024	1280	1672	991	1162
2048	1024	1280	1879	988	1156
2303	1024	1280	2090	982	1145
2559	1024	1280	2308	976	1136
2815	1024	1280	2526	969	1130
3071	1024	1280	2737	966	1122
3327	1024	1280	2932	960	1119
3583	1024	1280	3149	958	1118
3839	1024	1280	3342	956	1112
4095	1024	1280	3536	956	1112
0	1280	1280	138	1225	1172
256	1280	1280	352	1226	1160
512	1280	1280	573	1236	1173
768	1280	1280	803	1243	1182
1024	1280	1280	1036	1248	1186
1280	1280	1280	1252	1251	1183
1536	1280	1280	1478	1242	1180
1792	1280	1280	1691	1234	1170
2048	1280	1280	1895	1227	1162
2303	1280	1280	2108	1220	1152
2559	1280	1280	2327	1214	1145
2815	1280	1280	2546	1208	1136
3071	1280	1280	2759	1202	1131
3327	1280	1280	2956	1194	1122
3583	1280	1280	3169	1192	1120
3839	1280	1280	3360	1192	1120
4095	1280	1280	3555	1189	1116
0	1536	1280	153	1473	1169
256	1536	1280	366	1474	1160
512	1536	1280	587	1484	1169
768	1536	1280	814	1490	1177
1024	1536	1280	1043	1497	1184
1280	1536	1280	1262	1500	1182
1536	1536	1280	1494	1498	1182
1792	1536	1280	1707	1490	1172
2048	1536	1280	1910	1483	1165
2303	1536	1280	2123	1476	1156
2559	1536	1280	2343	1469	1148
2815	1536	1280	2560	1460	1140
3071	1536	1280	2768	1453	1135
3327	1536	1280	2967	1447	1124
3583	1536	1280	3181	1444	1120
3839	1536	1280	3377	1441	1120
4095	1536	1280	3576	1442	1118
0	1792	1280	168	1707	1163
256	1792	1280	379	1710	1152
512	1792	1280	599	1721	1164
768	1792	1280	828	1728	1170
1024	1792	1280	1054	1734	1175
1280	1792	1280	1272	1736	1177
1536	1792	1280	1504	1734	1173
1792	1792	1280	1719	1732	1171
2048	1792	1280	1924	1724	1164
2303	1792	1280	2135	1719	1156
2559	1792	1280	2358	1713	1149
2815	1792	1280	2580	1707	1141
3071	1792	1280	2789	1699	1134
3327	1792	1280	2991	1691	1126
3583	1792	1280	3198	1688	1122
3839	1792	1280	3398	1688	1120
4095	1792	1280	3590	1685	1120
0	2048	1280	183	1939	1163
256	2048	1280	395	1940	1148
512	2048	1280	614	1952	1160
768	2048	1280	841	1961	1165
1024	2048	1280	1064	1967	1170
1280	2048	1280	1283	1969	1172
1536	2048	1280	1512	1964	1168
1792	2048	1280	1730	1961	1167
2048	2048	1280	1940	1958	1162
2303	2048	1280	2155	1952	1157
2559	2048	1280	2378	1946	1149
2815	2048	1280	2592	1939	1143
3071	2048	1280	2802	1932	1135
3327	2048	1280	3012	1926	1129
3583	2048	1280	3214	1922	1124
3839	2048	1280	3408	1921	1121
4095	2048	1280	3600	1916	1121
0	2303	1280	197	2189	1162
256	2303	1280	408	2196	1146
512	2303	1280	626	2205	1154
768	2303	1280	851	2212	1159
1024	2303	1280	1072	2217	1164
1280	2303	1280	1292	2219	1167
1536	2303	1280	1520	2215	1164
1792	2303	1280	1733	2211	1160
2048	2303	1280	1948	2210	1160
2303	2303	1280	2163	2207	1155
2559	2303	1280	2388	2199	1150
2815	2303	1280	2602	2189	1144
3071	2303	1280	2812	2182	1134
3327	2303	1280	3020	2178	1128
3583	2303	1280	3222	2172	1123
3839	2303	1280	3421	2167	1120
4095	2303	1280	3622	2170	1120
0	2559	1280	212	2422	1160
256	2559	1280	421	2429	1141
512	2559	1280	639	2439	1150
768	2559	1280	863	2448	1154
1024	2559	1280	1081	2454	1160
1280	2559	1280	1300	2455	1160
1536	2559	1280	1527	2452	1158
1792	2559	1280	1745	2455	1153
2048	2559	1280	1953	2449	1152
2303	2559	1280	2171	2449	1152
2559	2559	1280	2400	2442	1148
2815	2559	1280	2617	2435	1143
3071	2559	1280	2822	2426	1132
3327	2559	1280	3029	2422	1128
3583	2559	1280	3238	2420	1122
3839	2559	1280	3436	2419	1120
4095	2559	1280	3635	2420	1122
0	2815	1280	224	2648	1158
256	2815	1280	433	2668	1135
512	2815	1280	649	2681	1144
768	2815	1280	873	2688	1150
1024	2815	1280	1090	2690	1152
1280	2815	1280	1308	2688	1154
1536	2815	1280	1534	2685	1151
1792	2815	1280	1753	2686	1150
2048	2815	1280	1962	2685	1149
2303	2815	1280	2179	2684	1148
2559	2815	1280	2409	2673	1145
2815	2815	1280	2629	2669	1140
3071	2815	1280	2834	2661	1132
3327	2815	1280	3040	2654	1122
3583	2815	1280	3248	2650	1122
3839	2815	1280	3445	2652	1119
4095	2815	1280	3640	2655	1120
0	3071	1280	239	2884	1127
256	3071	1280	447	2903	1129
512	3071	1280	662	2911	1140
768	3071	1280	884	2920	1144
1024	3071	1280	1100	2923	1148
1280	3071	1280	1319	2923	1148
1536	3071	1280	1541	2921	1146
1792	3071	1280	1759	2922	1144
2048	3071	1280	1972	2924	1143
2303	3071	1280	2186	2928	1142
2559	3071	1280	2418	2921	1140
2815	3071	1280	2636	2918	1135
3071	3071	1280	2846	2908	1130
3327	3071	1280	3057	2902	1122
3583	3071	1280	3264	2902	1118
3839	3071	1280	3461	2903	1118
4095	3071	1280	3654	2903	1119
0	3327	1280	254	3125	1128
256	3327	1280	461	3141	1130
512	3327	1280	679	3150	1137
768	3327	1280	900	3158	1139
1024	3327	1280	1114	3160	1142
1280	3327	1280	1334	3163	1144
1536	3327	1280	1557	3164	1141
1792	3327	1280	1774	3165	1142
2048	3327	1280	1990	3170	1138
2303	3327	1280	2202	3166	1137
2559	3327	1280	2437	3158	1137
2815	3327	1280	2650	3147	1130
3071	3327	1280	2862	3142	1126
3327	3327	1280	3072	3141	1122
3583	3327	1280	3279	3141	1121
3839	3327	1280	3479	3143	1119
4095	3327	1280	3678	3149	1118
0	3583	1280	270	3345	1128
256	3583	1280	478	3360	1136
512	3583	1280	694	3366	1137
768	3583	1280	918	3380	1141
1024	3583	1280	1130	3388	1144
1280	3583	1280	1350	3384	1142
1536	3583	1280	1572	3382	1142
1792	3583	1280	1790	3385	1142
2048	3583	1280	2004	3386	1140
2303	3583	1280	2221	3380	1136
2559	3583	1280	2454	3378	1134
2815	3583	1280	2664	3366	1132
3071	3583	1280	2872	3360	1124
3327	3583	1280	3086	3358	1123
3583	3583	1280	3298	3363	1124
3839	3583	1280	3500	3367	1122
4095	3583	1280	3699	3371	1122
0	3839	1280	286	3575	1128
256	3839	1280	494	3596	1137
512	3839	1280	711	3606	1140
768	3839	1280	935	3612	1140
1024	3839	1280	1146	3614	1144
1280	3839	1280	1370	3615	1144
1536	3839	1280	1592	3614	1142
1792	3839	1280	1807	3611	1141
2048	3839	1280	2022	3609	1140
2303	3839	1280	2240	3606	1137
2559	3839	1280	2471	3601	1133
2815	3839	1280	2679	3590	1132
3071	3839	1280	2889	3584	1126
3327	3839	1280	3114	3588	1124
3583	3839	1280	3320	3590	1123
3839	3839	1280	3520	3594	1126
4095	3839	1280	3721	3600	1126
0	4095	1280	303	3800	1132
256	4095	1280	513	3814	1142
512	4095	1280	730	3822	1143
768	4095	1280	954	3825	1143
1024	4095	1280	1166	3833	1146
1280	4095	1280	1389	3829	1146
1536	4095	1280	1609	3829	1145
1792	4095	1280	1827	3831	1144
2048	4095	1280	2041	3832	1142
2303	4095	1280	2257	3825	1140
2559	4095	1280	2484	3813	1134
2815	4095	1280	2700	3808	1130
3071	4095	1280	2907	3804	1129
3327	4095	1280	3133	3808	1127
3583	4095	1280	3341	3814	1128
3839	4095	1280	3542	3819	1129
4095	4095	1280	3744	3829	1130
0	0	1536	71	8	1424
256	0	1536	290	8	1416
512	0	1536	506	9	1412
768	0	1536	727	9	1410
1024	0	1536	951	10	1406
1280	0	1536	1166	10	1402
1536	0	1536	1390	10	1398
1792	0	1536	1614	11	1394
2048	0	1536	1828	12	1388
2303	0	1536	2044	12	1384
2559	0	1536	2271	13	1380
2815	0	1536	2496	12	1376
3071	0	1536	2723	13	1372
3327	0	1536	2930	14	1366
3583	0	1536	3154	14	1366
3839	0	1536	3364	14	1366
4095	0	1536	3572	16	1369
0	256	1536	86	250	1417
256	256	1536	302	250	1410
512	256	1536	516	251	1414
768	256	1536	737	252	1408
1024	256	1536	959	250	1406
1280	256	1536	1170	250	1401
1536	256	1536	1394	250	1396
1792	256	1536	1610	248	1386
2048	256	1536	1816	248	1378
2303	256	1536	2024	246	1374
2559	256	1536	2245	246	1366
2815	256	1536	2465	244	1358
3071	256	1536	2673	243	1355
3327	256	1536	2874	242	1347
3583	256	1536	3084	242	1344
3839	256	1536	3284	241	1339
4095	256	1536	3479	242	1340
0	512	1536	101	493	1416
256	512	1536	320	492	1423
512	512	1536	540	497	1425
768	512	1536	762	495	1424
1024	512	1536	987	494	1422
1280	512	1536	1199	494	1418
1536	512	1536	1426	492	1411
1792	512	1536	1641	489	1401
2048	512	1536	1849	486	1392
2303	512	1536	2060	483	1386
2559	512	1536	2281	481	1377
2815	512	1536	2499	478	1370
3071	512	1536	2714	476	1361
3327	512	1536	2913	474	1358
3583	512	1536	3122	474	1355
3839	512	1536	3320	472	1351
4095	512	1536	3516	473	1349
0	768	1536	118	739	1431
256	768	1536	335	739	1416
512	768	1536	556	744	1432
768	768	1536	784	748	1430
1024	768	1536	1010	746	1430
1280	768	1536	1224	747	1428
1536	768	1536	1453	743	1422
1792	768	1536	1667	738	1410
2048	768	1536	1874	737	1401
2303	768	1536	2087	732	1394
2559	768	1536	2305	729	1385
2815	768	1536	2523	725	1378
3071	768	1536	2738	722	1368
3327	768	1536	2938	718	1364
3583	768	1536	3150	716	1362
3839	768	1536	3343	714	1358
4095	768	1536	3539	714	1357
0	1024	1536	135	991	1427
256	1024	1536	351	991	1417
512	1024	1536	572	1000	1428
768	1024	1536	802	1004	1436
1024	1024	1536	1033	1010	1434
1280	1024	1536	1248	1008	1433
1536	1024	1536	1479	1004	1427
1792	1024	1536	1690	998	1415
2048	1024	1536	1899	993	1408
2303	1024	1536	2113	989	1402
2559	1024	1536	2332	982	1392
2815	1024	1536	2549	977	1385
3071	1024	1536	2761	973	1376
3327	1024	1536	2963	968	1370
3583	1024	1536	3178	966	1368
3839	1024	1536	3371	965	1364
4095	1024	1536	3567	964	1364
0	1280	1536	150	1230	1426
256	1280	1536	364	1230	1413
512	1280	1536	586	1240	1428
768	1280	1536	818	1248	1435
1024	1280	1536	1048	1252	1443
1280	1280	1536	1269	1257	1440
1536	1280	1536	1499	1250	1438
1792	1280	1536	1712	1243	1428
2048	1280	1536	1920	1236	1417
2303	1280	1536	2133	1231	1408
2559	1280	1536	2354	1225	1400
2815	1280	1536	2574	1218	1392
3071	1280	1536	2785	1211	1384
3327	1280	1536	2987	1206	1375
3583	1280	1536	3198	1203	1370
3839	1280	1536	3395	1204	1370
4095	1280	1536	3590	1201	1369
0	1536	1536	166	1482	1425
256	1536	1536	381	1486	1413
512	1536	1536	602	1494	1426
768	1536	1536	832	1501	1433
1024	1536	1536	1062	1508	1441
1280	1536	1536	1283	1510	1444
1536	1536	1536	1522	1514	1439
1792	1536	1536	1735	1505	1434
2048	1536	1536	1941	1497	1423
2303	1536	1536	2153	1492	1415
2559	1536	1536	2374	1485	1406
2815	1536	1536	2592	1476	1398
3071	1536	1536	2802	1468	1389
3327	1536	1536	3008	1463	1381
3583	1536	1536	3216	1458	1376
3839	1536	1536	3410	1454	1374
4095	1536	1536	3614	1458	1372
0	1792	1536	181	1721	1422
256	1792	1536	395	1725	1411
512	1792	1536	616	1734	1422
768	1792	1536	844	1741	1429
1024	1792	1536	1071	1746	1435
1280	1792	1536	1294	1750	1438
1536	1792	1536	1532	1752	1438
1792	1792	1536	1746	1750	1437
2048	1792	1536	1957	1742	1426
2303	1792	1536	2168	1736	1418
2559	1792	1536	2392	1730	1410
2815	1792	1536	2611	1723	1402
3071	1792	1536	2822	1716	1392
3327	1792	1536	3030	1710	1385
3583	1792	1536	3237	1706	1380
3839	1792	1536	3433	1704	1376
4095	1792	1536	3628	1704	1375
0	2048	1536	196	1950	1422
256	2048	1536	410	1956	1404
512	2048	1536	630	1968	1418
768	2048	1536	858	1974	1422
1024	2048	1536	1083	1978	1427
1280	2048	1536	1306	1982	1432
1536	2048	1536	1538	1980	1431
1792	2048	1536	1759	1979	1428
2048	2048	1536	1970	1978	1428
2303	2048	1536	2187	1972	1421
2559	2048	1536	2407	1964	1412
2815	2048	1536	2622	1958	1403
3071	2048	1536	2833	1950	1392
3327	2048	1536	3042	1943	1386
3583	2048	1536	3248	1939	1380
3839	2048	1536	3444	1939	1378
4095	2048	1536	3640	1934	1376
0	2303	1536	210	2202	1422
256	2303	1536	423	2209	1402
512	2303	1536	643	2217	1414
768	2303	1536	870	2224	1418
1024	2303	1536	1092	2231	1422
1280	2303	1536	1314	2236	1426
1536	2303	1536	1544	2237	1426
1792	2303	1536	1762	2234	1424
2048	2303	1536	1978	2233	1424
2303	2303	1536	2198	2232	1421
2559	2303	1536	2421	2220	1413
2815	2303	1536	2637	2210	1404
3071	2303	1536	2845	2202	1393
3327	2303	1536	3052	2197	1384
3583	2303	1536	3260	2191	1380
3839	2303	1536	3457	2186	1378
4095	2303	1536	3658	2189	1378
0	2559	1536	225	2433	1418
256	2559	1536	436	2445	1398
512	2559	1536	655	2456	1407
768	2559	1536	880	2461	1413
1024	2559	1536	1100	2467	1418
1280	2559	1536	1323	2472	1420
1536	2559	1536	1553	2474	1420
1792	2559	1536	1772	2475	1417
2048	2559	1536	1982	2470	1417
2303	2559	1536	2203	2470	1416
2559	2559	1536	2432	2464	1410
2815	2559	1536	2648	2455	1402
3071	2559	1536	2854	2448	1391
3327	2559	1536	3063	2443	1384
3583	2559	1536	3275	2441	1380
3839	2559	1536	3476	2441	1379
4095	2559	1536	3673	2442	1380
0	2815	1536	238	2665	1389
256	2815	1536	449	2689	1392
512	2815	1536	669	2700	1402
768	2815	1536	891	2702	1405
1024	2815	1536	1108	2705	1408
1280	2815	1536	1332	2708	1414
1536	2815	1536	1562	2710	1414
1792	2815	1536	1781	2711	1410
2048	2815	1536	1991	2711	1410
2303	2815	1536	2212	2707	1409
2559	2815	1536	2442	2697	1406
2815	2815	1536	2658	2688	1398
3071	2815	1536	2864	2682	1390
3327	2815	1536	3074	2675	1380
3583	2815	1536	3284	2673	1380
3839	2815	1536	3484	2676	1378
4095	2815	1536	3679	2678	1379
0	3071	1536	252	2902	1386
256	3071	1536	462	2922	1388
512	3071	1536	680	2930	1397
768	3071	1536	902	2934	1402
1024	3071	1536	1119	2939	1403
1280	3071	1536	1344	2947	1406
1536	3071	1536	1571	2951	1408
1792	3071	1536	1788	2950	1404
2048	3071	1536	2004	2953	1404
2303	3071	1536	2218	2951	1402
2559	3071	1536	2448	2945	1399
2815	3071	1536	2663	2936	1394
3071	3071	1536	2876	2929	1388
3327	3071	1536	3092	2925	1381
3583	3071	1536	3299	2926	1378
3839	3071	1536	3497	2925	1378
4095	3071	1536	3693	2927	1379
0	3327	1536	268	3143	1382
256	3327	1536	477	3164	1391
512	3327	1536	695	3173	1392
768	3327	1536	920	3180	1395
1024	3327	1536	1135	3185	1400
1280	3327	1536	1360	3189	1404
1536	3327	1536	1586	3192	1406
1792	3327	1536	1805	3194	1402
2048	3327	1536	2019	3194	1399
2303	3327	1536	2235	3188	1398
2559	3327	1536	2469	3182	1392
2815	3327	1536	2680	3170	1389
3071	3327	1536	2894	3166	1385
3327	3327	1536	3105	3166	1381
3583	3327	1536	3314	3166	1380
3839	3327	1536	3517	3170	1379
4095	3327	1536	3717	3176	1378
0	3583	1536	283	3369	1384
256	3583	1536	493	3385	1393
512	3583	1536	710	3396	1394
768	3583	1536	937	3401	1397
1024	3583	1536	1151	3410	1399
1280	3583	1536	1375	3409	1402
1536	3583	1536	1600	3411	1405
1792	3583	1536	1818	3413	1402
2048	3583	1536	2031	3411	1400
2303	3583	1536	2252	3404	1397
2559	3583	1536	2484	3400	1393
2815	3583	1536	2698	3393	1392
3071	3583	1536	2906	3388	1384
3327	3583	1536	3124	3386	1383
3583	3583	1536	3337	3392	1383
3839	3583	1536	3540	3396	1383
4095	3583	1536	3740	3399	1384
0	3839	1536	300	3604	1386
256	3839	1536	510	3618	1395
512	3839	1536	728	3624	1398
768	3839	1536	954	3630	1398
1024	3839	1536	1167	3636	1401
1280	3839	1536	1395	3642	1403
1536	3839	1536	1618	3646	1404
1792	3839	1536	1834	3640	1402
2048	3839	1536	2049	3634	1400
2303	3839	1536	2270	3632	1398
2559	3839	1536	2501	3627	1392
2815	3839	1536	2710	3619	1388
3071	3839	1536	2923	3611	1386
3327	3839	1536	3150	3617	1384
3583	3839	1536	3358	3619	1385
3839	3839	1536	3560	3625	1388
4095	3839	1536	3761	3628	1390
0	4095	1536	317	3827	1392
256	4095	1536	528	3838	1398
512	4095	1536	747	3844	1401
768	4095	1536	973	3848	1404
1024	4095	1536	1186	3855	1404
1280	4095	1536	1415	3862	1406
1536	4095	1536	1635	3858	1407
1792	4095	1536	1853	3858	1406
2048	4095	1536	2069	3858	1403
2303	4095	1536	2288	3853	1402
2559	4095	1536	2516	3841	1395
2815	4095	1536	2731	3836	1390
3071	4095	1536	2942	3832	1390
3327	4095	1536	3168	3842	1388
3583	4095	1536	3376	3843	1389
3839	4095	1536	3578	3850	1392
4095	4095	1536	3781	3857	1393
0	0	1792	84	9	1682
256	0	1792	304	9	1670
512	0	1792	521	10	1665
768	0	1792	742	10	1664
1024	0	1792	970	10	1659
1280	0	1792	1187	11	1656
1536	0	1792	1412	12	1653
1792	0	1792	1636	12	1648
2048	0	1792	1854	13	1645
2303	0	1792	2072	13	1641
2559	0	1792	2302	14	1634
2815	0	1792	2528	14	1627
3071	0	1792	2756	14	1623
3327	0	1792	2958	15	1615
3583	0	1792	3186	16	1614
3839	0	1792	3398	16	1616
4095	0	1792	3611	16	1620
0	256	1792	98	254	1672
256	256	1792	315	253	1663
512	256	1792	529	253	1667
768	256	1792	750	252	1660
1024	256	1792	974	252	1657
1280	256	1792	1185	252	1652
1536	256	1792	1414	253	1650
1792	256	1792	1634	252	1643
2048	256	1792	1844	252	1636
2303	256	1792	2054	252	1629
2559	256	1792	2274	250	1619
2815	256	1792	2490	248	1610
3071	256	1792	2701	247	1601
3327	256	1792	2905	246	1596
3583	256	1792	3114	246	1593
3839	256	1792	3317	246	1591
4095	256	1792	3517	246	1591
0	512	1792	114	497	1669
256	512	1792	332	494	1674
512	512	1792	552	499	1676
768	512	1792	776	498	1676
1024	512	1792	1002	495	1671
1280	512	1792	1213	496	1668
1536	512	1792	1444	495	1666
1792	512	1792	1664	494	1659
2048	512	1792	1874	491	1650
2303	512	1792	2086	490	1642
2559	512	1792	2306	487	1631
2815	512	1792	2525	484	1622
3071	512	1792	2742	482	1612
3327	512	1792	2939	479	1608
3583	512	1792	3154	480	1604
3839	512	1792	3353	480	1602
4095	512	1792	3552	479	1602
0	768	1792	129	743	1669
256	768	1792	347	742	1673
512	768	1792	570	748	1683
768	768	1792	798	752	1682
1024	768	1792	1024	750	1682
1280	768	1792	1237	751	1680
1536	768	1792	1470	748	1677
1792	768	1792	1689	746	1666
2048	768	1792	1897	743	1658
2303	768	1792	2110	741	1648
2559	768	1792	2330	737	1639
2815	768	1792	2550	732	1630
3071	768	1792	2767	729	1620
3327	768	1792	2967	724	1614
3583	768	1792	3179	723	1611
3839	768	1792	3377	723	1608
4095	768	1792	3574	722	1608
0	1024	1792	146	997	1682
256	1024	1792	363	998	1668
512	1024	1792	586	1004	1680
768	1024	1792	816	1010	1690
1024	1024	1792	1046	1013	1686
1280	1024	1792	1261	1013	1684
1536	1024	1792	1494	1008	1681
1792	1024	1792	1710	1004	1675
2048	1024	1792	1921	1000	1666
2303	1024	1792	2136	996	1656
2559	1024	1792	2357	992	1647
2815	1024	1792	2578	986	1637
3071	1024	1792	2790	980	1628
3327	1024	1792	2992	976	1620
3583	1024	1792	3205	974	1616
3839	1024	1792	3402	973	1615
4095	1024	1792	3602	974	1614
0	1280	1792	162	1236	1680
256	1280	1792	377	1236	1666
512	1280	1792	600	1245	1679
768	1280	1792	831	1252	1687
1024	1280	1792	1061	1256	1693
1280	1280	1792	1283	1260	1691
1536	1280	1792	1516	1255	1689
1792	1280	1792	1733	1250	1682
2048	1280	1792	1944	1246	1672
2303	1280	1792	2160	1242	1664
2559	1280	1792	2381	1234	1655
2815	1280	1792	2601	1226	1642
3071	1280	1792	2810	1220	1632
3327	1280	1792	3014	1216	1626
3583	1280	1792	3227	1212	1622
3839	1280	1792	3424	1212	1621
4095	1280	1792	3624	1212	1622
0	1536	1792	179	1490	1680
256	1536	1792	394	1494	1664
512	1536	1792	617	1502	1678
768	1536	1792	848	1508	1685
1024	1536	1792	1076	1513	1691
1280	1536	1792	1300	1518	1696
1536	1536	1792	1540	1522	1694
1792	1536	1792	1757	1517	1689
2048	1536	1792	1966	1510	1680
2303	1536	1792	2181	1506	1670
2559	1536	1792	2403	1497	1661
2815	1536	1792	2622	1489	1650
3071	1536	1792	2832	1482	1641
3327	1536	1792	3040	1475	1632
3583	1536	1792	3248	1472	1627
3839	1536	1792	3446	1471	1624
4095	1536	1792	3649	1471	1626
0	1792	1792	194	1732	1679
256	1792	1792	411	1739	1666
512	1792	1792	634	1746	1676
768	1792	1792	863	1752	1683
1024	1792	1792	1089	1756	1688
1280	1792	1792	1315	1762	1693
1536	1792	1792	1553	1766	1695
1792	1792	1792	1774	1766	1690
2048	1792	1792	1988	1761	1687
2303	1792	1792	2202	1754	1676
2559	1792	1792	2425	1747	1666
2815	1792	1792	2642	1739	1655
3071	1792	1792	2852	1730	1644
3327	1792	1792	3061	1724	1637
3583	1792	1792	3270	1722	1632
3839	1792	1792	3473	1721	1629
4095	1792	1792	3668	1721	1628
0	2048	1792	210	1964	1677
256	2048	1792	425	1971	1660
512	2048	1792	648	1980	1674
768	2048	1792	875	1984	1678
1024	2048	1792	1100	1991	1682
1280	2048	1792	1326	1995	1687
1536	2048	1792	1562	1998	1688
1792	2048	1792	1786	1998	1690
2048	2048	1792	2002	2001	1689
2303	2048	1792	2217	1992	1682
2559	2048	1792	2439	1982	1670
2815	2048	1792	2654	1974	1659
3071	2048	1792	2864	1966	1646
3327	2048	1792	3075	1959	1638
3583	2048	1792	3285	1959	1633
3839	2048	1792	3485	1958	1631
4095	2048	1792	3682	1956	1630
0	2303	1792	223	2213	1676
256	2303	1792	437	2225	1655
512	2303	1792	659	2236	1666
768	2303	1792	886	2242	1671
1024	2303	1792	1108	2248	1676
1280	2303	1792	1335	2252	1679
1536	2303	1792	1568	2256	1682
1792	2303	1792	1790	2255	1683
2048	2303	1792	2008	2255	1682
2303	2303	1792	2228	2250	1678
2559	2303	1792	2452	2239	1670
2815	2303	1792	2667	2228	1658
3071	2303	1792	2876	2221	1646
3327	2303	1792	3085	2216	1638
3583	2303	1792	3296	2212	1633
3839	2303	1792	3499	2208	1632
4095	2303	1792	3696	2209	1633
0	2559	1792	238	2449	1670
256	2559	1792	450	2465	1648
512	2559	1792	672	2475	1658
768	2559	1792	897	2480	1664
1024	2559	1792	1120	2486	1668
1280	2559	1792	1347	2492	1672
1536	2559	1792	1579	2497	1674
1792	2559	1792	1801	2498	1676
2048	2559	1792	2013	2493	1674
2303	2559	1792	2234	2492	1673
2559	2559	1792	2465	2485	1663
2815	2559	1792	2679	2475	1654
3071	2559	1792	2887	2470	1642
3327	2559	1792	3100	2466	1637
3583	2559	1792	3312	2463	1632
3839	2559	1792	3513	2462	1632
4095	2559	1792	3708	2462	1633
0	2815	1792	252	2690	1637
256	2815	1792	465	2706	1641
512	2815	1792	686	2714	1651
768	2815	1792	911	2718	1655
1024	2815	1792	1128	2722	1660
1280	2815	1792	1355	2728	1663
1536	2815	1792	1587	2734	1666
1792	2815	1792	1810	2736	1669
2048	2815	1792	2021	2733	1666
2303	2815	1792	2241	2727	1660
2559	2815	1792	2475	2718	1658
2815	2815	1792	2689	2710	1650
3071	2815	1792	2898	2704	1642
3327	2815	1792	3114	2699	1633
3583	2815	1792	3325	2699	1633
3839	2815	1792	3526	2699	1631
4095	2815	1792	3721	2699	1632
0	3071	1792	266	2928	1632
256	3071	1792	477	2941	1643
512	3071	1792	697	2949	1644
768	3071	1792	924	2954	1650
1024	3071	1792	1139	2963	1653
1280	3071	1792	1368	2971	1657
1536	3071	1792	1598	2978	1659
1792	3071	1792	1819	2979	1661
2048	3071	1792	2032	2977	1657
2303	3071	1792	2249	2976	1654
2559	3071	1792	2482	2967	1650
2815	3071	1792	2695	2958	1645
3071	3071	1792	2908	2952	1640
3327	3071	1792	3127	2952	1632
3583	3071	1792	3337	2952	1632
3839	3071	1792	3536	2954	1631
4095	3071	1792	3733	2954	1632
0	3327	1792	281	3170	1630
256	3327	1792	494	3188	1638
512	3327	1792	712	3194	1640
768	3327	1792	939	3200	1645
1024	3327	1792	1155	3206	1650
1280	3327	1792	1384	3216	1654
1536	3327	1792	1612	3220	1657
1792	3327	1792	1832	3221	1657
2048	3327	1792	2047	3217	1652
2303	3327	1792	2265	3210	1649
2559	3327	1792	2499	3203	1643
2815	3327	1792	2714	3194	1640
3071	3327	1792	2928	3191	1635
3327	3327	1792	3145	3192	1633
3583	3327	1792	3352	3192	1632
3839	3327	1792	3553	3194	1633
4095	3327	1792	3754	3199	1634
0	3583	1792	298	3395	1632
256	3583	1792	509	3409	1640
512	3583	1792	730	3420	1644
768	3583	1792	957	3423	1646
1024	3583	1792	1172	3429	1650
1280	3583	1792	1399	3434	1652
1536	3583	1792	1626	3438	1656
1792	3583	1792	1846	3439	1655
2048	3583	1792	2060	3436	1651
2303	3583	1792	2282	3430	1646
2559	3583	1792	2512	3423	1642
2815	3583	1792	2732	3421	1637
3071	3583	1792	2943	3415	1636
3327	3583	1792	3163	3416	1635
3583	3583	1792	3374	3419	1636
3839	3583	1792	3576	3422	1636
4095	3583	1792	3774	3422	1636
0	3839	1792	313	3628	1635
256	3839	1792	526	3645	1644
512	3839	1792	746	3650	1647
768	3839	1792	974	3655	1648
1024	3839	1792	1189	3659	1652
1280	3839	1792	1418	3664	1654
1536	3839	1792	1643	3668	1656
1792	3839	1792	1859	3666	1655
2048	3839	1792	2076	3660	1651
2303	3839	1792	2300	3657	1649
2559	3839	1792	2529	3650	1642
2815	3839	1792	2745	3643	1639
3071	3839	1792	2958	3641	1639
3327	3839	1792	3181	3640	1636
3583	3839	1792	3393	3644	1639
3839	3839	1792	3594	3648	1642
4095	3839	1792	3793	3652	1642
0	4095	1792	330	3850	1638
256	4095	1792	545	3864	1648
512	4095	1792	766	3866	1650
768	4095	1792	993	3874	1653
1024	4095	1792	1208	3879	1654
1280	4095	1792	1438	3883	1656
1536	4095	1792	1661	3884	1658
1792	4095	1792	1879	3883	1657
2048	4095	1792	2096	3884	1654
2303	4095	1792	2319	3880	1652
2559	4095	1792	2548	3869	1646
2815	4095	1792	2766	3864	1641
3071	4095	1792	2978	3861	1640
3327	4095	1792	3202	3866	1641
3583	4095	1792	3410	3870	1641
3839	4095	1792	3611	3877	1644
4095	4095	1792	3816	3882	1645
0	0	2048	96	10	1924
256	0	2048	318	11	1908
512	0	2048	536	11	1900
768	0	2048	760	12	1896
1024	0	2048	989	12	1894
1280	0	2048	1206	12	1891
1536	0	2048	1433	13	1888
1792	0	2048	1659	14	1886
2048	0	2048	1880	14	1885
2303	0	2048	2102	15	1882
2559	0	2048	2331	15	1874
2815	0	2048	2560	16	1864
3071	0	2048	2785	15	1855
3327	0	2048	2989	16	1849
3583	0	2048	3225	16	1852
3839	0	2048	3435	18	1854
4095	0	2048	3650	18	1857
0	256	2048	110	256	1910
256	256	2048	328	256	1897
512	256	2048	542	255	1901
768	256	2048	766	255	1896
1024	256	2048	988	255	1894
1280	256	2048	1202	256	1889
1536	256	2048	1432	255	1885
1792	256	2048	1654	256	1883
2048	256	2048	1868	255	1879
2303	256	2048	2080	255	1871
2559	256	2048	2299	254	1860
2815	256	2048	2518	253	1848
3071	256	2048	2730	251	1838
3327	256	2048	2933	250	1832
3583	256	2048	3148	250	1830
3839	256	2048	3353	250	1830
4095	256	2048	3557	250	1829
0	512	2048	126	500	1904
256	512	2048	346	498	1908
512	512	2048	567	502	1912
768	512	2048	792	501	1913
1024	512	2048	1017	498	1908
1280	512	2048	1228	499	1904
1536	512	2048	1462	498	1900
1792	512	2048	1685	498	1898
2048	512	2048	1898	496	1893
2303	512	2048	2112	496	1884
2559	512	2048	2332	493	1871
2815	512	2048	2552	490	1862
3071	512	2048	2765	487	1851
3327	512	2048	2967	485	1844
3583	512	2048	3186	486	1842
3839	512	2048	3388	486	1840
4095	512	2048	3589	487	1840
0	768	2048	142	747	1902
256	768	2048	360	746	1907
512	768	2048	584	752	1918
768	768	2048	813	755	1919
1024	768	2048	1038	754	1918
1280	768	2048	1252	754	1915
1536	768	2048	1487	752	1912
1792	768	2048	1711	752	1909
2048	768	2048	1923	749	1902
2303	768	2048	2135	748	1892
2559	768	2048	2357	744	1880
2815	768	2048	2578	740	1869
3071	768	2048	2791	736	1859
3327	768	2048	2994	732	1851
3583	768	2048	3210	732	1850
3839	768	2048	3412	730	1847
4095	768	2048	3613	732	1846
0	1024	2048	159	1002	1921
256	1024	2048	376	1002	1900
512	1024	2048	599	1008	1916
768	1024	2048	829	1014	1925
1024	1024	2048	1058	1016	1925
1280	1024	2048	1277	1017	1922
1536	1024	2048	1508	1012	1920
1792	1024	2048	1733	1010	1918
2048	1024	2048	1945	1010	1911
2303	1024	2048	2160	1006	1900
2559	1024	2048	2384	1001	1889
2815	1024	2048	2604	995	1876
3071	1024	2048	2815	990	1866
3327	1024	2048	3020	984	1858
3583	1024	2048	3235	985	1855
3839	1024	2048	3436	983	1854
4095	1024	2048	3637	984	1853
0	1280	2048	174	1242	1919
256	1280	2048	390	1242	1900
512	1280	2048	614	1251	1914
768	1280	2048	846	1256	1922
1024	1280	2048	1075	1262	1928
1280	1280	2048	1299	1265	1927
1536	1280	2048	1532	1261	1922
1792	1280	2048	1754	1258	1920
2048	1280	2048	1969	1258	1916
2303	1280	2048	2188	1253	1907
2559	1280	2048	2409	1245	1894
2815	1280	2048	2626	1236	1882
3071	1280	2048	2837	1230	1870
3327	1280	2048	3045	1227	1864
3583	1280	2048	3260	1225	1860
3839	1280	2048	3458	1222	1860
4095	1280	2048	3660	1224	1859
0	1536	2048	191	1496	1918
256	1536	2048	408	1501	1899
512	1536	2048	632	1509	1914
768	1536	2048	862	1513	1921
1024	1536	2048	1089	1518	1926
1280	1536	2048	1316	1524	1932
1536	1536	2048	1556	1528	1930
1792	1536	2048	1777	1526	1930
2048	1536	2048	1990	1522	1923
2303	1536	2048	2208	1517	1916
2559	1536	2048	2432	1508	1904
2815	1536	2048	2649	1500	1889
3071	1536	2048	2859	1492	1879
3327	1536	2048	3067	1484	1868
3583	1536	2048	3280	1484	1866
3839	1536	2048	3484	1484	1864
4095	1536	2048	3680	1484	1865
0	1792	2048	206	1742	1918
256	1792	2048	425	1749	1902
512	1792	2048	651	1758	1914
768	1792	2048	880	1760	1921
1024	1792	2048	1106	1765	1925
1280	1792	2048	1333	1770	1931
1536	1792	2048	1570	1776	1934
1792	1792	2048	1798	1780	1934
2048	1792	2048	2013	1776	1931
2303	1792	2048	2230	1769	1921
2559	1792	2048	2452	1759	1909
2815	1792	2048	2669	1750	1894
3071	1792	2048	2879	1742	1882
3327	1792	2048	3091	1738	1875
3583	1792	2048	3304	1736	1872
3839	1792	2048	3508	1735	1868
4095	1792	2048	3706	1735	1867
0	2048	2048	222	1978	1917
256	2048	2048	440	1985	1901
512	2048	2048	664	1992	1914
768	2048	2048	893	1998	1919
1024	2048	2048	1119	2005	1924
1280	2048	2048	1348	2010	1928
1536	2048	2048	1586	2012	1932
1792	2048	2048	1813	2016	1936
2048	2048	2048	2030	2019	1932
2303	2048	2048	2247	2009	1928
2559	2048	2048	2470	1998	1914
2815	2048	2048	2684	1990	1900
3071	2048	2048	2896	1983	1888
3327	2048	2048	3112	1978	1879
3583	2048	2048	3324	1978	1875
3839	2048	2048	3525	1979	1873
4095	2048	2048	3724	1976	1872
0	2303	2048	236	2230	1913
256	2303	2048	452	2244	1897
512	2303	2048	676	2252	1907
768	2303	2048	905	2258	1912
1024	2303	2048	1129	2264	1918
1280	2303	2048	1358	2268	1923
1536	2303	2048	1594	2272	1926
1792	2303	2048	1818	2274	1930
2048	2303	2048	2036	2274	1929
2303	2303	2048	2257	2270	1925
2559	2303	2048	2484	2257	1915
2815	2303	2048	2698	2246	1901
3071	2303	2048	2908	2241	1888
3327	2303	2048	3122	2238	1880
3583	2303	2048	3335	2233	1875
3839	2303	2048	3540	2231	1874
4095	2303	2048	3740	2232	1875
0	2559	2048	250	2472	1884
256	2559	2048	465	2484	1888
512	2559	2048	689	2492	1899
768	2559	2048	918	2499	1904
1024	2559	2048	1140	2507	1910
1280	2559	2048	1370	2513	1914
1536	2559	2048	1604	2516	1919
1792	2559	2048	1825	2515	1920
2048	2559	2048	2042	2514	1920
2303	2559	2048	2263	2512	1912
2559	2559	2048	2497	2506	1906
2815	2559	2048	2711	2497	1897
3071	2559	2048	2923	2492	1885
3327	2559	2048	3138	2489	1878
3583	2559	2048	3349	2485	1874
3839	2559	2048	3550	2482	1874
4095	2559	2048	3747	2482	1875
0	2815	2048	266	2710	1876
256	2815	2048	480	2721	1883
512	2815	2048	703	2730	1890
768	2815	2048	930	2738	1896
1024	2815	2048	1150	2743	1902
1280	2815	2048	1380	2750	1906
1536	2815	2048	1612	2754	1909
1792	2815	2048	1833	2754	1909
2048	2815	2048	2050	2754	1909
2303	2815	2048	2272	2748	1903
2559	2815	2048	2506	2739	1900
2815	2815	2048	2724	2732	1891
3071	2815	2048	2935	2728	1883
3327	2815	2048	3152	2724	1875
3583	2815	2048	3363	2722	1874
3839	2815	2048	3564	2721	1871
4095	2815	2048	3761	2720	1873
0	3071	2048	280	2950	1870
256	3071	2048	494	2967	1884
512	3071	2048	715	2975	1886
768	3071	2048	944	2982	1890
1024	3071	2048	1164	2991	1893
1280	3071	2048	1392	2994	1898
1536	3071	2048	1622	2998	1900
1792	3071	2048	1845	3001	1902
2048	3071	2048	2060	2998	1900
2303	3071	2048	2280	2997	1894
2559	3071	2048	2515	2989	1886
2815	3071	2048	2730	2984	1884
3071	3071	2048	2944	2980	1880
3327	3071	2048	3164	2978	1874
3583	3071	2048	3377	2978	1872
3839	3071	2048	3576	2982	1874
4095	3071	2048	3771	2979	1873
0	3327	2048	296	3197	1868
256	3327	2048	510	3214	1882
512	3327	2048	732	3220	1884
768	3327	2048	960	3226	1886
1024	3327	2048	1179	3232	1889
1280	3327	2048	1408	3235	1893
1536	3327	2048	1636	3239	1896
1792	3327	2048	1858	3243	1898
2048	3327	2048	2075	3240	1894
2303	3327	2048	2294	3236	1888
2559	3327	2048	2528	3227	1882
2815	3327	2048	2749	3223	1879
3071	3327	2048	2965	3219	1876
3327	3327	2048	3186	3222	1875
3583	3327	2048	3391	3222	1874
3839	3327	2048	3588	3221	1875
4095	3327	2048	3789	3221	1875
0	3583	2048	312	3418	1871
256	3583	2048	526	3431	1882
512	3583	2048	749	3438	1884
768	3583	2048	977	3444	1886
1024	3583	2048	1193	3449	1888
1280	3583	2048	1424	3457	1891
1536	3583	2048	1650	3460	1894
1792	3583	2048	1870	3462	1896
2048	3583	2048	2089	3462	1892
2303	3583	2048	2312	3455	1886
2559	3583	2048	2544	3449	1881
2815	3583	2048	2766	3446	1878
3071	3583	2048	2982	3443	1877
3327	3583	2048	3201	3446	1877
3583	3583	2048	3409	3445	1878
3839	3583	2048	3609	3444	1877
4095	3583	2048	3807	3445	1876
0	3839	2048	328	3655	1874
256	3839	2048	543	3670	1882
512	3839	2048	765	3674	1885
768	3839	2048	994	3678	1889
1024	3839	2048	1209	3681	1890
1280	3839	2048	1442	3687	1890
1536	3839	2048	1665	3689	1894
1792	3839	2048	1886	3689	1893
2048	3839	2048	2106	3689	1892
2303	3839	2048	2331	3684	1889
2559	3839	2048	2562	3676	1883
2815	3839	2048	2781	3671	1880
3071	3839	2048	2994	3671	1880
3327	3839	2048	3216	3666	1879
3583	3839	2048	3426	3670	1880
3839	3839	2048	3626	3670	1880
4095	3839	2048	3826	3675	1879
0	4095	2048	346	3875	1876
256	4095	2048	562	3888	1886
512	4095	2048	784	3892	1887
768	4095	2048	1012	3896	1891
1024	4095	2048	1227	3901	1892
1280	4095	2048	1460	3904	1894
1536	4095	2048	1684	3912	1895
1792	4095	2048	1904	3911	1895
2048	4095	2048	2124	3912	1894
2303	4095	2048	2350	3908	1890
2559	4095	2048	2580	3901	1888
2815	4095	2048	2802	3895	1883
3071	4095	2048	3016	3892	1882
3327	4095	2048	3240	3894	1882
3583	4095	2048	3441	3897	1882
3839	4095	2048	3644	3904	1883
4095	4095	2048	3848	3906	1885
0	0	2303	109	11	2162
256	0	2303	332	12	2140
512	0	2303	553	12	2134
768	0	2303	778	13	2126
1024	0	2303	1007	13	2123
1280	0	2303	1222	14	2120
1536	0	2303	1455	14	2118
1792	0	2303	1682	15	2119
2048	0	2303	1905	15	2118
2303	0	2303	2127	16	2114
2559	0	2303	2356	16	2108
2815	0	2303	2586	17	2098
3071	0	2303	2808	17	2088
3327	0	2303	3018	17	2082
3583	0	2303	3257	18	2084
3839	0	2303	3468	18	2087
4095	0	2303	3681	20	2090
0	256	2303	122	258	2145
256	256	2303	340	257	2131
512	256	2303	556	257	2134
768	256	2303	779	258	2128
1024	256	2303	1002	257	2123
1280	256	2303	1216	258	2120
1536	256	2303	1449	258	2117
1792	256	2303	1672	258	2116
2048	256	2303	1886	259	2114
2303	256	2303	2102	258	2108
2559	256	2303	2325	258	2100
2815	256	2303	2547	256	2087
3071	256	2303	2756	255	2077
3327	256	2303	2964	254	2069
3583	256	2303	3181	254	2068
3839	256	2303	3388	254	2067
4095	256	2303	3592	254	2068
0	512	2303	139	503	2139
256	512	2303	358	501	2138
512	512	2303	580	505	2144
768	512	2303	806	503	2144
1024	512	2303	1032	502	2138
1280	512	2303	1244	502	2134
1536	512	2303	1481	502	2133
1792	512	2303	1704	500	2132
2048	512	2303	1920	501	2128
2303	512	2303	2137	500	2122
2559	512	2303	2360	498	2112
2815	512	2303	2579	495	2100
3071	512	2303	2792	494	2089
3327	512	2303	3001	492	2082
3583	512	2303	3216	492	2080
3839	512	2303	3420	490	2076
4095	512	2303	3624	492	2077
0	768	2303	155	752	2134
256	768	2303	373	749	2136
512	768	2303	597	756	2147
768	768	2303	826	757	2149
1024	768	2303	1052	758	2150
1280	768	2303	1268	757	2146
1536	768	2303	1506	755	2144
1792	768	2303	1729	755	2142
2048	768	2303	1944	756	2138
2303	768	2303	2159	754	2131
2559	768	2303	2383	750	2120
2815	768	2303	2605	746	2107
3071	768	2303	2817	742	2095
3327	768	2303	3026	740	2088
3583	768	2303	3243	739	2086
3839	768	2303	3442	738	2084
4095	768	2303	3644	738	2084
0	1024	2303	171	1007	2133
256	1024	2303	389	1006	2137
512	1024	2303	612	1013	2145
768	1024	2303	844	1016	2154
1024	1024	2303	1073	1020	2155
1280	1024	2303	1292	1019	2156
1536	1024	2303	1528	1016	2153
1792	1024	2303	1753	1018	2152
2048	1024	2303	1967	1016	2148
2303	1024	2303	2186	1013	2140
2559	1024	2303	2410	1008	2127
2815	1024	2303	2629	1002	2114
3071	1024	2303	2840	997	2102
3327	1024	2303	3053	994	2095
3583	1024	2303	3268	994	2092
3839	1024	2303	3472	993	2092
4095	1024	2303	3670	993	2090
0	1280	2303	186	1247	2150
256	1280	2303	404	1248	2130
512	1280	2303	629	1257	2144
768	1280	2303	860	1261	2153
1024	1280	2303	1090	1267	2160
1280	1280	2303	1316	1270	2160
1536	1280	2303	1550	1266	2158
1792	1280	2303	1774	1264	2157
2048	1280	2303	1991	1266	2156
2303	1280	2303	2210	1260	2147
2559	1280	2303	2432	1253	2134
2815	1280	2303	2649	1245	2120
3071	1280	2303	2863	1239	2108
3327	1280	2303	3077	1236	2102
3583	1280	2303	3292	1236	2099
3839	1280	2303	3492	1234	2096
4095	1280	2303	3693	1234	2095
0	1536	2303	203	1502	2149
256	1536	2303	421	1507	2131
512	1536	2303	647	1514	2144
768	1536	2303	878	1519	2152
1024	1536	2303	1105	1525	2158
1280	1536	2303	1332	1530	2164
1536	1536	2303	1572	1534	2164
1792	1536	2303	1794	1530	2163
2048	1536	2303	2011	1529	2160
2303	1536	2303	2232	1525	2153
2559	1536	2303	2455	1516	2140
2815	1536	2303	2672	1508	2123
3071	1536	2303	2884	1501	2112
3327	1536	2303	3096	1497	2109
3583	1536	2303	3311	1496	2106
3839	1536	2303	3516	1495	2103
4095	1536	2303	3712	1496	2104
0	1792	2303	219	1751	2148
256	1792	2303	439	1756	2135
512	1792	2303	666	1763	2146
768	1792	2303	896	1770	2153
1024	1792	2303	1124	1774	2158
1280	1792	2303	1351	1776	2165
1536	1792	2303	1588	1782	2167
1792	1792	2303	1814	1787	2168
2048	1792	2303	2031	1783	2166
2303	1792	2303	2252	1777	2160
2559	1792	2303	2476	1766	2147
2815	1792	2303	2692	1760	2132
3071	1792	2303	2907	1755	2120
3327	1792	2303	3125	1752	2113
3583	1792	2303	3337	1750	2109
3839	1792	2303	3538	1748	2106
4095	1792	2303	3740	1750	2106
0	2048	2303	236	1985	2149
256	2048	2303	454	1998	2135
512	2048	2303	680	2006	2147
768	2048	2303	912	2011	2153
1024	2048	2303	1138	2017	2160
1280	2048	2303	1368	2021	2165
1536	2048	2303	1605	2023	2168
1792	2048	2303	1831	2027	2170
2048	2048	2303	2050	2027	2170
2303	2048	2303	2272	2024	2166
2559	2048	2303	2497	2011	2154
2815	2048	2303	2714	2004	2137
3071	2048	2303	2928	1997	2126
3327	2048	2303	3144	1994	2118
3583	2048	2303	3358	1993	2115
3839	2048	2303	3561	1995	2112
4095	2048	2303	3761	1995	2113
0	2303	2303	250	2248	2127
256	2303	2303	468	2261	2135
512	2303	2303	694	2266	2145
768	2303	2303	926	2272	2151
1024	2303	2303	1150	2277	2157
1280	2303	2303	1381	2282	2162
1536	2303	2303	1616	2286	2166
1792	2303	2303	1842	2287	2169
2048	2303	2303	2060	2290	2169
2303	2303	2303	2285	2285	2161
2559	2303	2303	2514	2272	2155
2815	2303	2303	2731	2266	2141
3071	2303	2303	2945	2260	2129
3327	2303	2303	3161	2256	2122
3583	2303	2303	3373	2252	2117
3839	2303	2303	3576	2251	2115
4095	2303	2303	3777	2250	2114
0	2559	2303	265	2490	2123
256	2559	2303	482	2502	2129
512	2559	2303	707	2510	2140
768	2559	2303	940	2518	2146
1024	2559	2303	1161	2524	2151
1280	2559	2303	1391	2528	2154
1536	2559	2303	1624	2528	2156
1792	2559	2303	1846	2528	2158
2048	2559	2303	2068	2530	2160
2303	2559	2303	2290	2528	2153
2559	2559	2303	2526	2522	2149
2815	2559	2303	2743	2517	2138
3071	2559	2303	2960	2512	2127
3327	2559	2303	3174	2509	2120
3583	2559	2303	3384	2506	2116
3839	2559	2303	3585	2503	2114
4095	2559	2303	3782	2501	2113
0	2815	2303	279	2726	2115
256	2815	2303	494	2740	2129
512	2815	2303	720	2747	2131
768	2815	2303	950	2756	2136
1024	2815	2303	1171	2760	2142
1280	2815	2303	1402	2766	2145
1536	2815	2303	1632	2767	2147
1792	2815	2303	1854	2768	2146
2048	2815	2303	2076	2770	2148
2303	2815	2303	2298	2766	2142
2559	2815	2303	2534	2759	2136
2815	2815	2303	2754	2752	2131
3071	2815	2303	2970	2748	2123
3327	2815	2303	3188	2746	2118
3583	2815	2303	3395	2742	2115
3839	2815	2303	3594	2738	2112
4095	2815	2303	3793	2738	2111
0	3071	2303	294	2971	2107
256	3071	2303	510	2988	2122
512	3071	2303	732	2993	2123
768	3071	2303	964	3002	2128
1024	3071	2303	1184	3008	2130
1280	3071	2303	1413	3012	2136
1536	3071	2303	1642	3014	2138
1792	3071	2303	1866	3015	2138
2048	3071	2303	2086	3015	2139
2303	3071	2303	2310	3015	2134
2559	3071	2303	2545	3011	2128
2815	3071	2303	2764	3006	2126
3071	3071	2303	2981	3006	2119
3327	3071	2303	3199	2999	2116
3583	3071	2303	3408	2998	2112
3839	3071	2303	3608	2998	2110
4095	3071	2303	3805	2998	2108
0	3327	2303	310	3218	2106
256	3327	2303	526	3237	2120
512	3327	2303	751	3242	2123
768	3327	2303	980	3247	2124
1024	3327	2303	1199	3251	2127
1280	3327	2303	1428	3252	2130
1536	3327	2303	1658	3256	2133
1792	3327	2303	1880	3257	2134
2048	3327	2303	2100	3257	2134
2303	3327	2303	2325	3256	2129
2559	3327	2303	2559	3254	2124
2815	3327	2303	2782	3249	2120
3071	3327	2303	2998	3244	2118
3327	3327	2303	3222	3246	2117
3583	3327	2303	3426	3245	2113
3839	3327	2303	3621	3243	2110
4095	3327	2303	3822	3242	2110
0	3583	2303	326	3440	2109
256	3583	2303	543	3452	2120
512	3583	2303	766	3459	2123
768	3583	2303	997	3464	2125
1024	3583	2303	1213	3468	2126
1280	3583	2303	1446	3474	2128
1536	3583	2303	1672	3476	2130
1792	3583	2303	1894	3481	2132
2048	3583	2303	2116	3484	2132
2303	3583	2303	2342	3482	2128
2559	3583	2303	2574	3476	2124
2815	3583	2303	2795	3466	2119
3071	3583	2303	3013	3464	2117
3327	3583	2303	3236	3468	2117
3583	3583	2303	3438	3466	2116
3839	3583	2303	3637	3464	2112
4095	3583	2303	3839	3465	2112
0	3839	2303	342	3677	2112
256	3839	2303	560	3689	2121
512	3839	2303	783	3691	2122
768	3839	2303	1012	3696	2125
1024	3839	2303	1229	3699	2126
1280	3839	2303	1463	3706	2128
1536	3839	2303	1688	3708	2130
1792	3839	2303	1910	3713	2132
2048	3839	2303	2133	3715	2132
2303	3839	2303	2361	3709	2130
2559	3839	2303	2591	3701	2124
2815	3839	2303	2812	3694	2119
3071	3839	2303	3028	3693	2116
3327	3839	2303	3251	3692	2116
3583	3839	2303	3454	3690	2116
3839	3839	2303	3656	3693	2115
4095	3839	2303	3857	3696	2114
0	4095	2303	360	3899	2116
256	4095	2303	578	3909	2123
512	4095	2303	802	3912	2124
768	4095	2303	1030	3915	2127
1024	4095	2303	1248	3920	2130
1280	4095	2303	1482	3928	2131
1536	4095	2303	1705	3932	2133
1792	4095	2303	1927	3934	2134
2048	4095	2303	2151	3934	2134
2303	4095	2303	2380	3932	2131
2559	4095	2303	2608	3926	2127
2815	4095	2303	2831	3919	2122
3071	4095	2303	3046	3914	2119
3327	4095	2303	3270	3915	2118
3583	4095	2303	3471	3919	2118
3839	4095	2303	3674	3923	2118
4095	4095	2303	3877	3927	2118
0	0	2559	122	13	2409
256	0	2559	346	13	2383
512	0	2559	567	14	2377
768	0	2559	794	14	2368
1024	0	2559	1026	14	2362
1280	0	2559	1240	15	2361
1536	0	2559	1475	16	2360
1792	0	2559	1704	16	2359
2048	0	2559	1927	17	2357
2303	0	2559	2150	17	2355
2559	0	2559	2382	18	2349
2815	0	2559	2611	18	2340
3071	0	2559	2834	19	2330
3327	0	2559	3046	18	2324
3583	0	2559	3284	19	2326
3839	0	2559	3493	20	2326
4095	0	2559	3712	20	2331
0	256	2559	136	261	2391
256	256	2559	353	259	2377
512	256	2559	569	260	2380
768	256	2559	794	260	2372
1024	256	2559	1018	260	2367
1280	256	2559	1230	260	2363
1536	256	2559	1467	260	2362
1792	256	2559	1688	260	2360
2048	256	2559	1905	261	2357
2303	256	2559	2126	261	2353
2559	256	2559	2349	260	2345
2815	256	2559	2569	258	2334
3071	256	2559	2782	258	2324
3327	256	2559	2995	258	2314
3583	256	2559	3212	258	2316
3839	256	2559	3416	257	2314
4095	256	2559	3621	258	2316
0	512	2559	151	506	2384
256	512	2559	371	503	2382
512	512	2559	594	507	2388
768	512	2559	820	505	2388
1024	512	2559	1045	506	2380
1280	512	2559	1261	505	2376
1536	512	2559	1498	504	2376
1792	512	2559	1721	504	2374
2048	512	2559	1936	504	2370
2303	512	2559	2157	504	2366
2559	512	2559	2383	503	2359
2815	512	2559	2605	500	2348
3071	512	2559	2818	498	2334
3327	512	2559	3031	497	2327
3583	512	2559	3253	497	2327
3839	512	2559	3452	497	2324
4095	512	2559	3659	497	2324
0	768	2559	167	756	2378
256	768	2559	386	754	2379
512	768	2559	612	758	2390
768	768	2559	841	761	2393
1024	768	2559	1066	760	2394
1280	768	2559	1285	760	2390
1536	768	2559	1522	758	2386
1792	768	2559	1745	758	2384
2048	768	2559	1958	760	2380
2303	768	2559	2180	758	2376
2559	768	2559	2407	755	2368
2815	768	2559	2629	751	2355
3071	768	2559	2843	748	2342
3327	768	2559	3056	746	2337
3583	768	2559	3275	745	2333
3839	768	2559	3473	745	2329
4095	768	2559	3675	744	2329
0	1024	2559	184	1010	2374
256	1024	2559	403	1012	2378
512	1024	2559	627	1018	2387
768	1024	2559	859	1021	2396
1024	1024	2559	1088	1025	2399
1280	1024	2559	1309	1022	2400
1536	1024	2559	1545	1020	2398
1792	1024	2559	1768	1022	2395
2048	1024	2559	1982	1018	2389
2303	1024	2559	2204	1018	2384
2559	1024	2559	2432	1013	2373
2815	1024	2559	2654	1008	2361
3071	1024	2559	2868	1004	2350
3327	1024	2559	3080	1001	2344
3583	1024	2559	3295	1000	2339
3839	1024	2559	3498	1000	2338
4095	1024	2559	3698	1001	2337
0	1280	2559	198	1249	2393
256	1280	2559	417	1254	2374
512	1280	2559	643	1261	2388
768	1280	2559	875	1266	2397
1024	1280	2559	1105	1270	2403
1280	1280	2559	1331	1274	2404
1536	1280	2559	1566	1270	2404
1792	1280	2559	1790	1269	2401
2048	1280	2559	2005	1267	2398
2303	1280	2559	2224	1263	2390
2559	1280	2559	2452	1257	2380
2815	1280	2559	2673	1252	2367
3071	1280	2559	2889	1248	2356
3327	1280	2559	3104	1245	2350
3583	1280	2559	3318	1243	2348
3839	1280	2559	3520	1243	2344
4095	1280	2559	3722	1243	2344
0	1536	2559	215	1507	2392
256	1536	2559	434	1512	2377
512	1536	2559	661	1519	2388
768	1536	2559	893	1525	2396
1024	1536	2559	1121	1530	2403
1280	1536	2559	1349	1536	2408
1536	1536	2559	1586	1537	2407
1792	1536	2559	1809	1533	2405
2048	1536	2559	2026	1533	2403
2303	1536	2559	2250	1531	2395
2559	1536	2559	2476	1524	2382
2815	1536	2559	2698	1516	2375
3071	1536	2559	2911	1510	2363
3327	1536	2559	3125	1508	2356
3583	1536	2559	3339	1506	2353
3839	1536	2559	3545	1505	2351
4095	1536	2559	3742	1506	2350
0	1792	2559	231	1755	2390
256	1792	2559	450	1760	2378
512	1792	2559	677	1768	2389
768	1792	2559	910	1775	2397
1024	1792	2559	1137	1781	2404
1280	1792	2559	1367	1784	2410
1536	1792	2559	1604	1786	2410
1792	1792	2559	1825	1790	2409
2048	1792	2559	2046	1787	2406
2303	1792	2559	2269	1781	2402
2559	1792	2559	2498	1776	2392
2815	1792	2559	2717	1772	2381
3071	1792	2559	2933	1766	2369
3327	1792	2559	3151	1763	2360
3583	1792	2559	3364	1760	2358
3839	1792	2559	3566	1759	2355
4095	1792	2559	3764	1758	2356
0	2048	2559	249	1987	2370
256	2048	2559	466	2004	2380
512	2048	2559	695	2013	2391
768	2048	2559	927	2018	2398
1024	2048	2559	1153	2022	2405
1280	2048	2559	1384	2027	2410
1536	2048	2559	1619	2028	2412
1792	2048	2559	1844	2030	2411
2048	2048	2559	2065	2030	2412
2303	2048	2559	2289	2030	2409
2559	2048	2559	2520	2021	2398
2815	2048	2559	2740	2015	2386
3071	2048	2559	2956	2008	2376
3327	2048	2559	3172	2004	2366
3583	2048	2559	3384	2004	2363
3839	2048	2559	3588	2006	2361
4095	2048	2559	3788	2008	2360
0	2303	2559	264	2258	2373
256	2303	2559	482	2269	2382
512	2303	2559	710	2277	2392
768	2303	2559	942	2283	2399
1024	2303	2559	1166	2288	2404
1280	2303	2559	1398	2292	2408
1536	2303	2559	1634	2292	2410
1792	2303	2559	1859	2294	2412
2048	2303	2559	2078	2297	2414
2303	2303	2559	2305	2292	2408
2559	2303	2559	2539	2286	2402
2815	2303	2559	2759	2279	2390
3071	2303	2559	2977	2273	2379
3327	2303	2559	3193	2268	2372
3583	2303	2559	3403	2266	2368
3839	2303	2559	3604	2264	2364
4095	2303	2559	3802	2262	2364
0	2559	2559	279	2503	2371
256	2559	2559	497	2517	2386
512	2559	2559	725	2524	2390
768	2559	2559	957	2531	2394
1024	2559	2559	1179	2534	2400
1280	2559	2559	1409	2538	2402
1536	2559	2559	1642	2541	2403
1792	2559	2559	1868	2542	2404
2048	2559	2559	2090	2544	2407
2303	2559	2559	2316	2542	2403
2559	2559	2559	2553	2539	2397
2815	2559	2559	2773	2534	2389
3071	2559	2559	2991	2527	2380
3327	2559	2559	3208	2525	2374
3583	2559	2559	3415	2522	2369
3839	2559	2559	3614	2518	2366
4095	2559	2559	3812	2515	2362
0	2815	2559	293	2742	2364
256	2815	2559	511	2756	2379
512	2815	2559	737	2762	2382
768	2815	2559	969	2768	2386
1024	2815	2559	1189	2771	2389
1280	2815	2559	1422	2775	2392
1536	2815	2559	1652	2779	2394
1792	2815	2559	1875	2781	2395
2048	2815	2559	2097	2782	2395
2303	2815	2559	2322	2781	2392
2559	2815	2559	2563	2778	2389
2815	2815	2559	2784	2770	2385
3071	2815	2559	3002	2764	2377
3327	2815	2559	3218	2761	2372
3583	2815	2559	3423	2757	2368
3839	2815	2559	3620	2753	2362
4095	2815	2559	3821	2753	2360
0	3071	2559	308	2989	2355
256	3071	2559	525	3000	2368
512	3071	2559	748	3005	2372
768	3071	2559	982	3013	2376
1024	3071	2559	1200	3018	2379
1280	3071	2559	1432	3022	2381
1536	3071	2559	1660	3026	2383
1792	3071	2559	1886	3028	2387
2048	3071	2559	2108	3030	2386
2303	3071	2559	2337	3030	2385
2559	3071	2559	2572	3028	2381
2815	3071	2559	2794	3024	2376
3071	3071	2559	3011	3022	2373
3327	3071	2559	3228	3017	2368
3583	3071	2559	3432	3012	2364
3839	3071	2559	3632	3011	2359
4095	3071	2559	3832	3008	2356
0	3327	2559	324	3235	2354
256	3327	2559	542	3250	2365
512	3327	2559	767	3253	2370
768	3327	2559	997	3257	2370
1024	3327	2559	1215	3260	2374
1280	3327	2559	1448	3266	2377
1536	3327	2559	1677	3269	2380
1792	3327	2559	1900	3270	2382
2048	3327	2559	2122	3272	2384
2303	3327	2559	2352	3273	2382
2559	3327	2559	2588	3274	2379
2815	3327	2559	2808	3268	2375
3071	3327	2559	3026	3264	2372
3327	3327	2559	3250	3264	2368
3583	3327	2559	3452	3259	2363
3839	3327	2559	3650	3259	2359
4095	3327	2559	3848	3258	2356
0	3583	2559	341	3456	2357
256	3583	2559	559	3470	2368
512	3583	2559	783	3474	2371
768	3583	2559	1014	3478	2372
1024	3583	2559	1231	3484	2375
1280	3583	2559	1466	3489	2378
1536	3583	2559	1692	3491	2380
1792	3583	2559	1916	3497	2382
2048	3583	2559	2140	3502	2383
2303	3583	2559	2369	3501	2381
2559	3583	2559	2600	3496	2378
2815	3583	2559	2820	3486	2373
3071	3583	2559	3037	3483	2368
3327	3583	2559	3263	3482	2366
3583	3583	2559	3467	3485	2364
3839	3583	2559	3665	3484	2362
4095	3583	2559	3871	3484	2362
0	3839	2559	357	3693	2360
256	3839	2559	575	3703	2369
512	3839	2559	800	3705	2371
768	3839	2559	1029	3712	2372
1024	3839	2559	1247	3714	2377
1280	3839	2559	1483	3720	2379
1536	3839	2559	1708	3724	2382
1792	3839	2559	1935	3733	2384
2048	3839	2559	2158	3732	2384
2303	3839	2559	2386	3727	2382
2559	3839	2559	2618	3720	2378
2815	3839	2559	2838	3712	2372
3071	3839	2559	3057	3709	2366
3327	3839	2559	3280	3714	2366
3583	3839	2559	3481	3709	2365
3839	3839	2559	3682	3713	2364
4095	3839	2559	3886	3713	2364
0	4095	2559	374	3917	2366
256	4095	2559	594	3925	2372
512	4095	2559	819	3928	2374
768	4095	2559	1047	3933	2376
1024	4095	2559	1266	3935	2379
1280	4095	2559	1502	3947	2380
1536	4095	2559	1727	3949	2384
1792	4095	2559	1950	3952	2387
2048	4095	2559	2173	3951	2388
2303	4095	2559	2404	3948	2384
2559	4095	2559	2636	3944	2380
2815	4095	2559	2856	3937	2373
3071	4095	2559	3072	3931	2367
3327	4095	2559	3295	3935	2367
3583	4095	2559	3502	3938	2368
3839	4095	2559	3700	3940	2368
4095	4095	2559	3906	3946	2368
0	0	2815	136	14	2662
256	0	2815	360	14	2633
512	0	2815	583	15	2626
768	0	2815	811	15	2620
1024	0	2815	1040	16	2614
1280	0	2815	1259	16	2612
1536	0	2815	1497	17	2609
1792	0	2815	1725	17	2609
2048	0	2815	1944	18	2606
2303	0	2815	2169	18	2604
2559	0	2815	2403	19	2600
2815	0	2815	2636	20	2594
3071	0	2815	2864	20	2583
3327	0	2815	3075	20	2578
3583	0	2815	3314	20	2576
3839	0	2815	3524	21	2578
4095	0	2815	3741	22	2581
0	256	2815	147	263	2644
256	256	2815	365	260	2630
512	256	2815	584	262	2636
768	256	2815	809	262	2628
1024	256	2815	1032	261	2621
1280	256	2815	1245	261	2616
1536	256	2815	1479	262	2614
1792	256	2815	1703	262	2612
2048	256	2815	1920	263	2610
2303	256	2815	2140	263	2605
2559	256	2815	2368	263	2599
2815	256	2815	2595	263	2591
3071	256	2815	2812	261	2580
3327	256	2815	3026	261	2573
3583	256	2815	3238	260	2574
3839	256	2815	3444	260	2570
4095	256	2815	3650	261	2570
0	512	2815	164	508	2636
256	512	2815	384	506	2633
512	512	2815	608	508	2640
768	512	2815	836	508	2641
1024	512	2815	1060	508	2637
1280	512	2815	1275	506	2632
1536	512	2815	1510	506	2629
1792	512	2815	1734	506	2626
2048	512	2815	1950	507	2623
2303	512	2815	2170	507	2617
2559	512	2815	2400	506	2611
2815	512	2815	2628	504	2602
3071	512	2815	2844	502	2591
3327	512	2815	3058	501	2584
3583	512	2815	3280	501	2582
3839	512	2815	3483	501	2580
4095	512	2815	3684	501	2578
0	768	2815	179	758	2629
256	768	2815	399	758	2630
512	768	2815	625	763	2643
768	768	2815	855	765	2648
1024	768	2815	1080	764	2649
1280	768	2815	1300	764	2644
1536	768	2815	1535	760	2638
1792	768	2815	1757	762	2636
2048	768	2815	1972	761	2634
2303	768	2815	2195	760	2626
2559	768	2815	2426	758	2620
2815	768	2815	2652	756	2612
3071	768	2815	2867	753	2600
3327	768	2815	3081	752	2592
3583	768	2815	3301	751	2589
3839	768	2815	3503	750	2584
4095	768	2815	3702	750	2585
0	1024	2815	195	1012	2626
256	1024	2815	415	1016	2629
512	1024	2815	641	1021	2641
768	1024	2815	874	1025	2650
1024	1024	2815	1102	1027	2653
1280	1024	2815	1324	1027	2654
1536	1024	2815	1557	1022	2649
1792	1024	2815	1781	1022	2648
2048	1024	2815	1996	1020	2641
2303	1024	2815	2216	1019	2636
2559	1024	2815	2449	1016	2630
2815	1024	2815	2676	1014	2619
3071	1024	2815	2892	1010	2606
3327	1024	2815	3105	1008	2600
3583	1024	2815	3321	1007	2595
3839	1024	2815	3526	1006	2593
4095	1024	2815	3724	1007	2592
0	1280	2815	211	1252	2643
256	1280	2815	429	1256	2631
512	1280	2815	658	1264	2642
768	1280	2815	890	1270	2649
1024	1280	2815	1119	1274	2655
1280	1280	2815	1346	1276	2657
1536	1280	2815	1578	1270	2656
1792	1280	2815	1802	1271	2653
2048	1280	2815	2018	1268	2650
2303	1280	2815	2238	1266	2646
2559	1280	2815	2470	1262	2636
2815	1280	2815	2696	1258	2624
3071	1280	2815	2916	1256	2613
3327	1280	2815	3134	1254	2607
3583	1280	2815	3347	1252	2605
3839	1280	2815	3548	1252	2602
4095	1280	2815	3746	1251	2599
0	1536	2815	227	1509	2640
256	1536	2815	446	1517	2630
512	1536	2815	676	1523	2642
768	1536	2815	907	1529	2649
1024	1536	2815	1133	1533	2655
1280	1536	2815	1362	1538	2660
1536	1536	2815	1598	1540	2658
1792	1536	2815	1824	1537	2657
2048	1536	2815	2040	1534	2652
2303	1536	2815	2265	1533	2649
2559	1536	2815	2496	1531	2642
2815	1536	2815	2724	1526	2631
3071	1536	2815	2938	1520	2620
3327	1536	2815	3153	1516	2614
3583	1536	2815	3369	1516	2610
3839	1536	2815	3572	1515	2606
4095	1536	2815	3768	1515	2604
0	1792	2815	244	1757	2640
256	1792	2815	462	1768	2631
512	1792	2815	690	1772	2641
768	1792	2815	922	1777	2648
1024	1792	2815	1147	1782	2655
1280	1792	2815	1379	1786	2660
1536	1792	2815	1616	1790	2662
1792	1792	2815	1840	1793	2662
2048	1792	2815	2059	1789	2656
2303	1792	2815	2283	1787	2653
2559	1792	2815	2521	1786	2646
2815	1792	2815	2742	1780	2638
3071	1792	2815	2957	1774	2624
3327	1792	2815	3175	1772	2617
3583	1792	2815	3390	1771	2615
3839	1792	2815	3588	1767	2612
4095	1792	2815	3784	1766	2611
0	2048	2815	260	1996	2623
256	2048	2815	478	2007	2633
512	2048	2815	707	2016	2644
768	2048	2815	940	2021	2651
1024	2048	2815	1166	2026	2656
1280	2048	2815	1397	2030	2660
1536	2048	2815	1632	2032	2662
1792	2048	2815	1858	2032	2664
2048	2048	2815	2080	2034	2665
2303	2048	2815	2304	2032	2660
2559	2048	2815	2542	2030	2652
2815	2048	2815	2764	2028	2642
3071	2048	2815	2982	2021	2632
3327	2048	2815	3200	2017	2622
3583	2048	2815	3409	2016	2618
3839	2048	2815	3611	2016	2614
4095	2048	2815	3813	2015	2614
0	2303	2815	276	2262	2625
256	2303	2815	494	2274	2637
512	2303	2815	724	2281	2642
768	2303	2815	956	2286	2650
1024	2303	2815	1179	2292	2656
1280	2303	2815	1414	2296	2660
1536	2303	2815	1647	2298	2662
1792	2303	2815	1872	2297	2662
2048	2303	2815	2096	2300	2668
2303	2303	2815	2324	2299	2662
2559	2303	2815	2563	2297	2656
2815	2303	2815	2780	2286	2644
3071	2303	2815	3001	2282	2636
3327	2303	2815	3218	2277	2627
3583	2303	2815	3426	2274	2622
3839	2303	2815	3626	2271	2618
4095	2303	2815	3823	2269	2618
0	2559	2815	292	2514	2625
256	2559	2815	512	2526	2636
512	2559	2815	740	2532	2639
768	2559	2815	972	2538	2646
1024	2559	2815	1194	2540	2652
1280	2559	2815	1426	2546	2655
1536	2559	2815	1660	2551	2656
1792	2559	2815	1886	2552	2657
2048	2559	2815	2109	2553	2661
2303	2559	2815	2338	2554	2657
2559	2559	2815	2576	2554	2651
2815	2559	2815	2800	2546	2644
3071	2559	2815	3017	2540	2635
3327	2559	2815	3233	2535	2629
3583	2559	2815	3441	2532	2623
3839	2559	2815	3641	2529	2621
4095	2559	2815	3841	2529	2620
0	2815	2815	307	2753	2618
256	2815	2815	526	2766	2631
512	2815	2815	753	2772	2636
768	2815	2815	986	2777	2639
1024	2815	2815	1205	2780	2641
1280	2815	2815	1440	2786	2644
1536	2815	2815	1672	2788	2648
1792	2815	2815	1895	2791	2650
2048	2815	2815	2118	2794	2651
2303	2815	2815	2348	2792	2649
2559	2815	2815	2590	2792	2646
2815	2815	2815	2812	2785	2638
3071	2815	2815	3030	2777	2633
3327	2815	2815	3246	2773	2627
3583	2815	2815	3450	2771	2622
3839	2815	2815	3648	2769	2618
4095	2815	2815	3850	2768	2618
0	3071	2815	322	3004	2610
256	3071	2815	541	3013	2622
512	3071	2815	765	3019	2626
768	3071	2815	997	3019	2629
1024	3071	2815	1218	3029	2632
1280	3071	2815	1450	3030	2634
1536	3071	2815	1680	3036	2638
1792	3071	2815	1906	3042	2642
2048	3071	2815	2131	3046	2642
2303	3071	2815	2360	3047	2641
2559	3071	2815	2598	3045	2638
2815	3071	2815	2820	3041	2633
3071	3071	2815	3039	3035	2630
3327	3071	2815	3256	3034	2624
3583	3071	2815	3461	3030	2620
3839	3071	2815	3658	3026	2616
4095	3071	2815	3859	3023	2612
0	3327	2815	338	3248	2609
256	3327	2815	557	3258	2620
512	3327	2815	782	3261	2623
768	3327	2815	1012	3267	2627
1024	3327	2815	1232	3271	2627
1280	3327	2815	1468	3277	2632
1536	3327	2815	1697	3282	2635
1792	3327	2815	1923	3289	2638
2048	3327	2815	2146	3290	2640
2303	3327	2815	2375	3289	2638
2559	3327	2815	2611	3288	2635
2815	3327	2815	2834	3284	2631
3071	3327	2815	3051	3281	2626
3327	3327	2815	3274	3278	2623
3583	3327	2815	3476	3274	2619
3839	3327	2815	3675	3274	2615
4095	3327	2815	3876	3274	2612
0	3583	2815	353	3472	2610
256	3583	2815	573	3482	2620
512	3583	2815	799	3486	2623
768	3583	2815	1029	3491	2625
1024	3583	2815	1248	3500	2628
1280	3583	2815	1485	3504	2632
1536	3583	2815	1712	3508	2636
1792	3583	2815	1938	3515	2638
2048	3583	2815	2162	3518	2639
2303	3583	2815	2394	3516	2638
2559	3583	2815	2626	3510	2634
2815	3583	2815	2847	3507	2630
3071	3583	2815	3065	3504	2624
3327	3583	2815	3287	3500	2622
3583	3583	2815	3495	3500	2620
3839	3583	2815	3694	3503	2618
4095	3583	2815	3901	3506	2618
0	3839	2815	371	3709	2614
256	3839	2815	591	3718	2622
512	3839	2815	817	3720	2624
768	3839	2815	1046	3727	2627
1024	3839	2815	1266	3730	2631
1280	3839	2815	1503	3739	2633
1536	3839	2815	1728	3740	2637
1792	3839	2815	1957	3748	2639
2048	3839	2815	2179	3744	2639
2303	3839	2815	2409	3741	2639
2559	3839	2815	2644	3739	2635
2815	3839	2815	2865	3733	2629
3071	3839	2815	3081	3728	2624
3327	3839	2815	3308	3730	2622
3583	3839	2815	3507	3732	2620
3839	3839	2815	3710	3732	2621
4095	3839	2815	3918	3737	2621
0	4095	2815	389	3934	2620
256	4095	2815	609	3942	2626
512	4095	2815	836	3946	2628
768	4095	2815	1064	3951	2631
1024	4095	2815	1284	3952	2634
1280	4095	2815	1524	3964	2638
1536	4095	2815	1747	3968	2640
1792	4095	2815	1974	3968	2643
2048	4095	2815	2197	3966	2643
2303	4095	2815	2428	3966	2640
2559	4095	2815	2660	3962	2636
2815	4095	2815	2881	3956	2630
3071	4095	2815	3099	3952	2624
3327	4095	2815	3323	3960	2622
3583	4095	2815	3527	3958	2624
3839	4095	2815	3727	3960	2623
4095	4095	2815	3937	3968	2626
0	0	3071	150	15	2899
256	0	3071	374	16	2866
512	0	3071	598	16	2861
768	0	3071	827	17	2852
1024	0	3071	1055	16	2846
1280	0	3071	1277	18	2846
1536	0	3071	1516	18	2843
1792	0	3071	1741	19	2840
2048	0	3071	1963	19	2838
2303	0	3071	2191	20	2838
2559	0	3071	2426	20	2834
2815	0	3071	2659	21	2830
3071	0	3071	2886	21	2824
3327	0	3071	3105	22	2818
3583	0	3071	3347	22	2818
3839	0	3071	3554	22	2816
4095	0	3071	3769	22	2820
0	256	3071	160	265	2883
256	256	3071	378	263	2866
512	256	3071	598	264	2872
768	256	3071	823	264	2866
1024	256	3071	1046	263	2861
1280	256	3071	1262	264	2854
1536	256	3071	1496	263	2853
1792	256	3071	1718	264	2850
2048	256	3071	1937	265	2848
2303	256	3071	2156	266	2844
2559	256	3071	2386	264	2842
2815	256	3071	2616	264	2837
3071	256	3071	2835	263	2826
3327	256	3071	3053	264	2821
3583	256	3071	3271	263	2820
3839	256	3071	3476	264	2816
4095	256	3071	3680	264	2820
0	512	3071	176	511	2874
256	512	3071	398	510	2868
512	512	3071	622	510	2878
768	512	3071	849	510	2879
1024	512	3071	1073	510	2873
1280	512	3071	1291	510	2869
1536	512	3071	1530	508	2864
1792	512	3071	1752	510	2861
2048	512	3071	1966	510	2861
2303	512	3071	2188	510	2856
2559	512	3071	2421	508	2852
2815	512	3071	2651	508	2845
3071	512	3071	2872	506	2838
3327	512	3071	3090	506	2832
3583	512	3071	3304	507	2828
3839	512	3071	3510	506	2824
4095	512	3071	3712	507	2824
0	768	3071	192	761	2864
256	768	3071	413	761	2866
512	768	3071	640	766	2880
768	768	3071	870	769	2884
1024	768	3071	1093	768	2885
1280	768	3071	1314	767	2880
1536	768	3071	1551	764	2876
1792	768	3071	1774	765	2872
2048	768	3071	1990	765	2872
2303	768	3071	2213	764	2867
2559	768	3071	2447	764	2862
2815	768	3071	2675	762	2855
3071	768	3071	2895	760	2846
3327	768	3071	3112	757	2840
3583	768	3071	3328	758	2838
3839	768	3071	3529	757	2835
4095	768	3071	3728	757	2833
0	1024	3071	207	1014	2860
256	1024	3071	428	1018	2866
512	1024	3071	656	1024	2877
768	1024	3071	888	1028	2884
1024	1024	3071	1114	1030	2889
1280	1024	3071	1337	1029	2891
1536	1024	3071	1574	1025	2886
1792	1024	3071	1796	1025	2884
2048	1024	3071	2012	1024	2883
2303	1024	3071	2238	1023	2878
2559	1024	3071	2471	1022	2871
2815	1024	3071	2702	1021	2864
3071	1024	3071	2921	1018	2857
3327	1024	3071	3135	1015	2850
3583	1024	3071	3351	1015	2843
3839	1024	3071	3557	1015	2842
4095	1024	3071	3752	1017	2840
0	1280	3071	223	1254	2860
256	1280	3071	442	1260	2869
512	1280	3071	670	1268	2878
768	1280	3071	903	1274	2885
1024	1280	3071	1130	1279	2892
1280	1280	3071	1359	1278	2895
1536	1280	3071	1592	1274	2895
1792	1280	3071	1817	1273	2892
2048	1280	3071	2034	1272	2888
2303	1280	3071	2258	1270	2886
2559	1280	3071	2492	1268	2879
2815	1280	3071	2719	1265	2872
3071	1280	3071	2942	1264	2862
3327	1280	3071	3160	1262	2854
3583	1280	3071	3373	1260	2851
3839	1280	3071	3576	1259	2849
4095	1280	3071	3772	1259	2848
0	1536	3071	240	1514	2874
256	1536	3071	462	1522	2868
512	1536	3071	690	1529	2879
768	1536	3071	924	1533	2886
1024	1536	3071	1149	1538	2895
1280	1536	3071	1378	1542	2898
1536	1536	3071	1614	1544	2897
1792	1536	3071	1841	1540	2897
2048	1536	3071	2057	1540	2893
2303	1536	3071	2281	1538	2894
2559	1536	3071	2518	1536	2885
2815	1536	3071	2745	1533	2878
3071	1536	3071	2964	1529	2868
3327	1536	3071	3182	1527	2862
3583	1536	3071	3395	1526	2858
3839	1536	3071	3598	1523	2853
4095	1536	3071	3796	1524	2851
0	1792	3071	256	1764	2858
256	1792	3071	477	1777	2872
512	1792	3071	706	1781	2880
768	1792	3071	939	1786	2886
1024	1792	3071	1164	1788	2892
1280	1792	3071	1395	1790	2897
1536	1792	3071	1632	1794	2900
1792	1792	3071	1857	1796	2900
2048	1792	3071	2078	1795	2896
2303	1792	3071	2304	1796	2896
2559	1792	3071	2542	1793	2887
2815	1792	3071	2765	1789	2880
3071	1792	3071	2984	1784	2875
3327	1792	3071	3204	1781	2866
3583	1792	3071	3415	1780	2861
3839	1792	3071	3614	1778	2858
4095	1792	3071	3810	1774	2856
0	2048	3071	273	2004	2862
256	2048	3071	492	2018	2873
512	2048	3071	720	2024	2882
768	2048	3071	953	2025	2888
1024	2048	3071	1180	2031	2895
1280	2048	3071	1413	2035	2898
1536	2048	3071	1647	2038	2899
1792	2048	3071	1876	2040	2904
2048	2048	3071	2099	2042	2906
2303	2048	3071	2327	2043	2902
2559	2048	3071	2563	2038	2894
2815	2048	3071	2788	2037	2888
3071	2048	3071	3008	2032	2878
3327	2048	3071	3225	2029	2870
3583	2048	3071	3435	2026	2866
3839	2048	3071	3638	2026	2860
4095	2048	3071	3836	2023	2859
0	2303	3071	288	2268	2863
256	2303	3071	508	2278	2875
512	2303	3071	736	2287	2880
768	2303	3071	970	2290	2885
1024	2303	3071	1192	2294	2893
1280	2303	3071	1428	2298	2899
1536	2303	3071	1663	2303	2900
1792	2303	3071	1891	2306	2904
2048	2303	3071	2116	2309	2907
2303	2303	3071	2342	2307	2901
2559	2303	3071	2579	2301	2894
2815	2303	3071	2802	2298	2886
3071	2303	3071	3024	2292	2881
3327	2303	3071	3243	2289	2874
3583	2303	3071	3451	2286	2870
3839	2303	3071	3648	2283	2865
4095	2303	3071	3847	2279	2861
0	2559	3071	305	2520	2862
256	2559	3071	526	2533	2875
512	2559	3071	753	2538	2876
768	2559	3071	987	2544	2882
1024	2559	3071	1208	2546	2886
1280	2559	3071	1443	2552	2892
1536	2559	3071	1678	2556	2896
1792	2559	3071	1905	2560	2898
2048	2559	3071	2130	2562	2901
2303	2559	3071	2356	2561	2898
2559	2559	3071	2597	2558	2895
2815	2559	3071	2820	2555	2888
3071	2559	3071	3039	2552	2879
3327	2559	3071	3256	2548	2874
3583	2559	3071	3462	2540	2868
3839	2559	3071	3663	2540	2866
4095	2559	3071	3867	2541	2863
0	2815	3071	320	2761	2857
256	2815	3071	541	2776	2868
512	2815	3071	768	2780	2872
768	2815	3071	1003	2788	2874
1024	2815	3071	1220	2786	2881
1280	2815	3071	1458	2794	2886
1536	2815	3071	1690	2798	2890
1792	2815	3071	1916	2802	2893
2048	2815	3071	2142	2805	2895
2303	2815	3071	2371	2804	2892
2559	2815	3071	2612	2802	2891
2815	2815	3071	2835	2797	2884
3071	2815	3071	3056	2792	2878
3327	2815	3071	3274	2790	2872
3583	2815	3071	3478	2785	2866
3839	2815	3071	3674	2782	2862
4095	2815	3071	3879	2782	2862
0	3071	3071	336	3015	2853
256	3071	3071	556	3028	2864
512	3071	3071	782	3029	2868
768	3071	3071	1014	3033	2870
1024	3071	3071	1236	3042	2878
1280	3071	3071	1472	3047	2880
1536	3071	3071	1703	3053	2886
1792	3071	3071	1930	3058	2888
2048	3071	3071	2154	3061	2890
2303	3071	3071	2385	3064	2888
2559	3071	3071	2622	3062	2885
2815	3071	3071	2846	3056	2880
3071	3071	3071	3068	3052	2874
3327	3071	3071	3286	3047	2869
3583	3071	3071	3492	3044	2863
3839	3071	3071	3687	3043	2859
4095	3071	3071	3894	3042	2860
0	3327	3071	352	3261	2854
256	3327	3071	572	3273	2864
512	3327	3071	800	3278	2868
768	3327	3071	1032	3283	2873
1024	3327	3071	1252	3286	2873
1280	3327	3071	1488	3294	2878
1536	3327	3071	1720	3302	2884
1792	3327	3071	1947	3307	2888
2048	3327	3071	2170	3308	2888
2303	3327	3071	2400	3307	2887
2559	3327	3071	2634	3304	2882
2815	3327	3071	2859	3300	2876
3071	3327	3071	3080	3295	2871
3327	3327	3071	3303	3294	2870
3583	3327	3071	3506	3294	2864
3839	3327	3071	3701	3289	2860
4095	3327	3071	3910	3294	2858
0	3583	3071	368	3490	2855
256	3583	3071	589	3498	2864
512	3583	3071	816	3505	2868
768	3583	3071	1047	3508	2873
1024	3583	3071	1268	3514	2876
1280	3583	3071	1506	3518	2879
1536	3583	3071	1734	3528	2882
1792	3583	3071	1961	3531	2886
2048	3583	3071	2186	3534	2887
2303	3583	3071	2415	3530	2884
2559	3583	3071	2647	3523	2879
2815	3583	3071	2874	3522	2874
3071	3583	3071	3094	3522	2869
3327	3583	3071	3317	3522	2867
3583	3583	3071	3518	3516	2865
3839	3583	3071	3720	3519	2862
4095	3583	3071	3930	3525	2862
0	3839	3071	385	3730	2862
256	3839	3071	606	3737	2869
512	3839	3071	834	3740	2871
768	3839	3071	1064	3748	2875
1024	3839	3071	1286	3748	2878
1280	3839	3071	1525	3755	2883
1536	3839	3071	1749	3758	2885
1792	3839	3071	1977	3761	2886
2048	3839	3071	2200	3759	2886
2303	3839	3071	2434	3758	2884
2559	3839	3071	2667	3756	2880
2815	3839	3071	2890	3751	2875
3071	3839	3071	3108	3751	2869
3327	3839	3071	3331	3747	2868
3583	3839	3071	3533	3748	2864
3839	3839	3071	3741	3756	2867
4095	3839	3071	3950	3757	2867
0	4095	3071	404	3954	2868
256	4095	3071	626	3963	2876
512	4095	3071	855	3967	2877
768	4095	3071	1083	3970	2880
1024	4095	3071	1306	3976	2882
1280	4095	3071	1544	3983	2887
1536	4095	3071	1769	3983	2888
1792	4095	3071	1996	3984	2889
2048	4095	3071	2220	3986	2888
2303	4095	3071	2452	3982	2885
2559	4095	3071	2684	3979	2881
2815	4095	3071	2908	3978	2876
3071	4095	3071	3127	3977	2872
3327	4095	3071	3350	3978	2868
3583	4095	3071	3552	3978	2865
3839	4095	3071	3760	3982	2869
4095	4095	3071	3969	3988	2868
0	0	3327	162	16	3139
256	0	3327	388	17	3103
512	0	3327	612	17	3092
768	0	3327	842	18	3084
1024	0	3327	1074	18	3077
1280	0	3327	1293	18	3070
1536	0	3327	1534	19	3072
1792	0	3327	1759	20	3072
2048	0	3327	1983	20	3070
2303	0	3327	2214	21	3072
2559	0	3327	2452	22	3069
2815	0	3327	2687	22	3063
3071	0	3327	2912	23	3059
3327	0	3327	3132	23	3054
3583	0	3327	3370	24	3050
3839	0	3327	3582	24	3053
4095	0	3327	3801	25	3054
0	256	3327	173	267	3126
256	256	3327	391	266	3108
512	256	3327	611	265	3113
768	256	3327	835	266	3105
1024	256	3327	1059	266	3098
1280	256	3327	1276	266	3092
1536	256	3327	1513	267	3090
1792	256	3327	1734	266	3092
2048	256	3327	1953	266	3090
2303	256	3327	2174	267	3088
2559	256	3327	2408	267	3082
2815	256	3327	2637	266	3076
3071	256	3327	2859	266	3070
3327	256	3327	3081	266	3068
3583	256	3327	3296	267	3066
3839	256	3327	3506	267	3063
4095	256	3327	3705	268	3063
0	512	3327	188	513	3115
256	512	3327	411	514	3109
512	512	3327	635	516	3120
768	512	3327	862	514	3120
1024	512	3327	1085	513	3113
1280	512	3327	1304	513	3109
1536	512	3327	1544	512	3105
1792	512	3327	1768	513	3102
2048	512	3327	1987	513	3103
2303	512	3327	2208	512	3099
2559	512	3327	2439	512	3092
2815	512	3327	2668	511	3086
3071	512	3327	2891	511	3081
3327	512	3327	3113	510	3076
3583	512	3327	3332	510	3075
3839	512	3327	3540	510	3071
4095	512	3327	3740	511	3070
0	768	3327	204	764	3103
256	768	3327	426	766	3106
512	768	3327	654	771	3119
768	768	3327	883	771	3124
1024	768	3327	1107	771	3126
1280	768	3327	1330	770	3119
1536	768	3327	1567	768	3115
1792	768	3327	1790	768	3113
2048	768	3327	2011	769	3116
2303	768	3327	2235	769	3110
2559	768	3327	2468	768	3100
2815	768	3327	2696	765	3093
3071	768	3327	2916	764	3088
3327	768	3327	3135	763	3083
3583	768	3327	3353	763	3078
3839	768	3327	3561	763	3078
4095	768	3327	3758	765	3079
0	1024	3327	219	1018	3094
256	1024	3327	441	1021	3102
512	1024	3327	670	1027	3114
768	1024	3327	902	1030	3122
1024	1024	3327	1127	1032	3128
1280	1024	3327	1352	1030	3130
1536	1024	3327	1588	1028	3126
1792	1024	3327	1813	1029	3121
2048	1024	3327	2031	1028	3124
2303	1024	3327	2259	1030	3122
2559	1024	3327	2494	1028	3111
2815	1024	3327	2721	1026	3105
3071	1024	3327	2943	1024	3099
3327	1024	3327	3161	1023	3092
3583	1024	3327	3375	1023	3087
3839	1024	3327	3580	1022	3083
4095	1024	3327	3782	1022	3078
0	1280	3327	235	1256	3094
256	1280	3327	456	1264	3106
512	1280	3327	683	1271	3115
768	1280	3327	916	1275	3122
1024	1280	3327	1144	1280	3128
1280	1280	3327	1374	1280	3133
1536	1280	3327	1609	1277	3134
1792	1280	3327	1833	1277	3130
2048	1280	3327	2054	1278	3132
2303	1280	3327	2280	1278	3130
2559	1280	3327	2516	1275	3119
2815	1280	3327	2742	1272	3113
3071	1280	3327	2966	1271	3107
3327	1280	3327	3186	1270	3100
3583	1280	3327	3397	1268	3096
3839	1280	3327	3598	1268	3092
4095	1280	3327	3798	1267	3090
0	1536	3327	253	1517	3091
256	1536	3327	474	1526	3106
512	1536	3327	704	1531	3118
768	1536	3327	936	1534	3124
1024	1536	3327	1164	1540	3127
1280	1536	3327	1394	1545	3132
1536	1536	3327	1629	1548	3136
1792	1536	3327	1854	1545	3140
2048	1536	3327	2076	1549	3138
2303	1536	3327	2302	1546	3133
2559	1536	3327	2540	1541	3128
2815	1536	3327	2766	1540	3120
3071	1536	3327	2986	1536	3110
3327	1536	3327	3207	1534	3104
3583	1536	3327	3422	1533	3102
3839	1536	3327	3625	1532	3098
4095	1536	3327	3822	1533	3096
0	1792	3327	270	1766	3096
256	1792	3327	491	1780	3114
512	1792	3327	719	1785	3118
768	1792	3327	953	1790	3125
1024	1792	3327	1179	1794	3130
1280	1792	3327	1411	1798	3134
1536	1792	3327	1648	1800	3139
1792	1792	3327	1878	1804	3142
2048	1792	3327	2100	1805	3139
2303	1792	3327	2322	1803	3137
2559	1792	3327	2563	1800	3133
2815	1792	3327	2784	1798	3126
3071	1792	3327	3005	1794	3119
3327	1792	3327	3227	1790	3115
3583	1792	3327	3442	1788	3109
3839	1792	3327	3644	1786	3104
4095	1792	3327	3840	1783	3100
0	2048	3327	286	2010	3098
256	2048	3327	508	2023	3116
512	2048	3327	736	2028	3122
768	2048	3327	970	2033	3129
1024	2048	3327	1196	2038	3134
1280	2048	3327	1430	2043	3136
1536	2048	3327	1667	2048	3140
1792	2048	3327	1898	2052	3148
2048	2048	3327	2122	2053	3150
2303	2048	3327	2348	2054	3140
2559	2048	3327	2583	2046	3135
2815	2048	3327	2810	2046	3129
3071	2048	3327	3032	2042	3122
3327	2048	3327	3253	2042	3118
3583	2048	3327	3463	2040	3114
3839	2048	3327	3661	2036	3106
4095	2048	3327	3863	2033	3102
0	2303	3327	302	2273	3100
256	2303	3327	523	2286	3114
512	2303	3327	752	2293	3117
768	2303	3327	987	2301	3125
1024	2303	3327	1211	2304	3133
1280	2303	3327	1446	2308	3138
1536	2303	3327	1682	2310	3141
1792	2303	3327	1912	2316	3144
2048	2303	3327	2137	2320	3146
2303	2303	3327	2361	2317	3142
2559	2303	3327	2599	2310	3136
2815	2303	3327	2821	2306	3126
3071	2303	3327	3044	2302	3121
3327	2303	3327	3268	2300	3117
3583	2303	3327	3480	2298	3113
3839	2303	3327	3677	2294	3108
4095	2303	3327	3878	2293	3105
0	2559	3327	318	2532	3098
256	2559	3327	539	2543	3112
512	2559	3327	768	2547	3114
768	2559	3327	1004	2556	3118
1024	2559	3327	1226	2559	3126
1280	2559	3327	1462	2562	3130
1536	2559	3327	1695	2565	3136
1792	2559	3327	1923	2568	3140
2048	2559	3327	2147	2572	3143
2303	2559	3327	2377	2574	3143
2559	2559	3327	2618	2569	3138
2815	2559	3327	2842	2564	3128
3071	2559	3327	3066	2564	3122
3327	2559	3327	3284	2559	3120
3583	2559	3327	3490	2554	3112
3839	2559	3327	3687	2554	3109
4095	2559	3327	3891	2554	3106
0	2815	3327	334	2774	3095
256	2815	3327	555	2786	3107
512	2815	3327	784	2788	3112
768	2815	3327	1019	2796	3115
1024	2815	3327	1238	2796	3118
1280	2815	3327	1477	2803	3127
1536	2815	3327	1709	2810	3132
1792	2815	3327	1937	2814	3135
2048	2815	3327	2160	2814	3134
2303	2815	3327	2390	2813	3133
2559	2815	3327	2634	2812	3135
2815	2815	3327	2860	2812	3132
3071	2815	3327	3080	2806	3126
3327	2815	3327	3298	2805	3119
3583	2815	3327	3500	2800	3112
3839	2815	3327	3701	2796	3108
4095	2815	3327	3912	2799	3108
0	3071	3327	350	3030	3094
256	3071	3327	572	3041	3106
512	3071	3327	800	3048	3110
768	3071	3327	1034	3052	3112
1024	3071	3327	1258	3065	3122
1280	3071	3327	1494	3065	3126
1536	3071	3327	1724	3071	3127
1792	3071	3327	1952	3074	3132
2048	3071	3327	2177	3078	3133
2303	3071	3327	2408	3078	3131
2559	3071	3327	2647	3075	3130
2815	3071	3327	2870	3068	3128
3071	3071	3327	3094	3069	3126
3327	3071	3327	3315	3063	3118
3583	3071	3327	3515	3056	3111
3839	3071	3327	3718	3056	3107
4095	3071	3327	3926	3060	3106
0	3327	3327	366	3279	3095
256	3327	3327	589	3290	3110
512	3327	3327	818	3298	3115
768	3327	3327	1051	3307	3116
1024	3327	3327	1274	3311	3124
1280	3327	3327	1512	3313	3127
1536	3327	3327	1740	3316	3130
1792	3327	3327	1970	3326	3134
2048	3327	3327	2195	3328	3134
2303	3327	3327	2426	3324	3132
2559	3327	3327	2660	3320	3131
2815	3327	3327	2884	3318	3126
3071	3327	3327	3107	3313	3121
3327	3327	3327	3330	3309	3117
3583	3327	3327	3539	3313	3114
3839	3327	3327	3736	3314	3108
4095	3327	3327	3942	3314	3110
0	3583	3327	383	3511	3102
256	3583	3327	606	3520	3112
512	3583	3327	836	3524	3116
768	3583	3327	1067	3530	3119
1024	3583	3327	1290	3538	3124
1280	3583	3327	1530	3540	3128
1536	3583	3327	1757	3544	3128
1792	3583	3327	1984	3550	3134
2048	3583	3327	2210	3550	3135
2303	3583	3327	2442	3545	3130
2559	3583	3327	2673	3544	3127
2815	3583	3327	2898	3541	3124
3071	3583	3327	3118	3536	3118
3327	3583	3327	3346	3538	3115
3583	3583	3327	3554	3545	3113
3839	3583	3327	3754	3539	3116
4095	3583	3327	3964	3542	3111
0	3839	3327	400	3750	3108
256	3839	3327	624	3760	3118
512	3839	3327	854	3767	3122
768	3839	3327	1086	3770	3126
1024	3839	3327	1307	3768	3124
1280	3839	3327	1546	3775	3130
1536	3839	3327	1773	3774	3134
1792	3839	3327	2000	3777	3134
2048	3839	3327	2226	3778	3135
2303	3839	3327	2456	3776	3132
2559	3839	3327	2689	3772	3126
2815	3839	3327	2914	3768	3122
3071	3839	3327	3136	3768	3117
3327	3839	3327	3358	3770	3114
3583	3839	3327	3570	3772	3119
3839	3839	3327	3773	3774	3115
4095	3839	3327	3977	3774	3114
0	4095	3327	418	3979	3119
256	4095	3327	642	3988	3124
512	4095	3327	873	3991	3124
768	4095	3327	1102	3994	3128
1024	4095	3327	1328	3998	3130
1280	4095	3327	1566	4000	3133
1536	4095	3327	1792	4004	3139
1792	4095	3327	2019	4005	3137
2048	4095	3327	2242	4004	3136
2303	4095	3327	2475	4000	3132
2559	4095	3327	2710	4000	3128
2815	4095	3327	2934	4000	3123
3071	4095	3327	3154	4000	3120
3327	4095	3327	3381	3998	3120
3583	4095	3327	3589	4002	3118
3839	4095	3327	3788	4004	3118
4095	4095	3327	3998	4004	3116
0	0	3583	176	18	3376
256	0	3583	404	18	3338
512	0	3583	630	19	3332
768	0	3583	862	19	3326
1024	0	3583	1095	20	3319
1280	0	3583	1314	20	3317
1536	0	3583	1558	20	3314
1792	0	3583	1789	21	3318
2048	0	3583	2016	22	3317
2303	0	3583	2244	22	3318
2559	0	3583	2484	23	3315
2815	0	3583	2721	23	3309
3071	0	3583	2946	24	3302
3327	0	3583	3166	24	3298
3583	0	3583	3405	25	3302
3839	0	3583	3616	25	3300
4095	0	3583	3833	26	3308
0	256	3583	185	270	3369
256	256	3583	406	268	3355
512	256	3583	626	270	3358
768	256	3583	852	268	3349
1024	256	3583	1078	269	3346
1280	256	3583	1297	270	3340
1536	256	3583	1528	269	3338
1792	256	3583	1760	270	3338
2048	256	3583	1976	270	3338
2303	256	3583	2202	270	3340
2559	256	3583	2436	270	3336
2815	256	3583	2663	270	3330
3071	256	3583	2885	270	3324
3327	256	3583	3109	270	3320
3583	256	3583	3331	271	3318
3839	256	3583	3535	271	3316
4095	256	3583	3744	273	3320
0	512	3583	202	517	3356
256	512	3583	426	517	3349
512	512	3583	650	520	3360
768	512	3583	878	518	3362
1024	512	3583	1103	516	3359
1280	512	3583	1327	516	3354
1536	512	3583	1562	517	3352
1792	512	3583	1788	516	3354
2048	512	3583	2008	516	3354
2303	512	3583	2232	516	3355
2559	512	3583	2465	515	3346
2815	512	3583	2695	515	3338
3071	512	3583	2921	515	3335
3327	512	3583	3144	516	3332
3583	512	3583	3362	516	3326
3839	512	3583	3566	517	3325
4095	512	3583	3770	518	3332
0	768	3583	217	768	3348
256	768	3583	440	772	3353
512	768	3583	668	776	3365
768	768	3583	900	776	3372
1024	768	3583	1125	774	3372
1280	768	3583	1350	773	3365
1536	768	3583	1585	774	3364
1792	768	3583	1810	772	3367
2048	768	3583	2032	774	3361
2303	768	3583	2258	775	3364
2559	768	3583	2492	773	3353
2815	768	3583	2719	771	3348
3071	768	3583	2944	770	3342
3327	768	3583	3166	771	3336
3583	768	3583	3383	771	3335
3839	768	3583	3587	770	3330
4095	768	3583	3798	772	3332
0	1024	3583	233	1021	3342
256	1024	3583	457	1029	3351
512	1024	3583	686	1034	3361
768	1024	3583	920	1036	3368
1024	1024	3583	1146	1036	3374
1280	1024	3583	1373	1036	3376
1536	1024	3583	1607	1036	3373
1792	1024	3583	1834	1035	3376
2048	1024	3583	2056	1037	3374
2303	1024	3583	2279	1038	3372
2559	1024	3583	2516	1034	3364
2815	1024	3583	2744	1033	3352
3071	1024	3583	2967	1031	3344
3327	1024	3583	3190	1031	3342
3583	1024	3583	3406	1031	3343
3839	1024	3583	3607	1032	3340
4095	1024	3583	3817	1032	3341
0	1280	3583	249	1265	3336
256	1280	3583	472	1272	3353
512	1280	3583	702	1277	3361
768	1280	3583	936	1281	3368
1024	1280	3583	1164	1284	3374
1280	1280	3583	1394	1286	3380
1536	1280	3583	1629	1287	3386
1792	1280	3583	1857	1288	3382
2048	1280	3583	2077	1286	3380
2303	1280	3583	2305	1288	3379
2559	1280	3583	2542	1283	3368
2815	1280	3583	2766	1280	3362
3071	1280	3583	2986	1279	3356
3327	1280	3583	3211	1279	3354
3583	1280	3583	3427	1278	3349
3839	1280	3583	3630	1278	3345
4095	1280	3583	3834	1281	3348
0	1536	3583	266	1523	3339
256	1536	3583	489	1538	3356
512	1536	3583	718	1542	3363
768	1536	3583	953	1547	3370
1024	1536	3583	1180	1550	3380
1280	1536	3583	1414	1555	3385
1536	1536	3583	1652	1558	3390
1792	1536	3583	1876	1557	3394
2048	1536	3583	2098	1554	3388
2303	1536	3583	2327	1556	3388
2559	1536	3583	2566	1552	3377
2815	1536	3583	2791	1550	3370
3071	1536	3583	3015	1546	3360
3327	1536	3583	3236	1545	3357
3583	1536	3583	3450	1543	3354
3839	1536	3583	3654	1543	3351
4095	1536	3583	3859	1544	3353
0	1792	3583	283	1780	3342
256	1792	3583	505	1791	3358
512	1792	3583	734	1792	3365
768	1792	3583	968	1797	3373
1024	1792	3583	1198	1805	3382
1280	1792	3583	1432	1811	3387
1536	1792	3583	1671	1814	3394
1792	1792	3583	1899	1816	3394
2048	1792	3583	2118	1814	3400
2303	1792	3583	2346	1813	3390
2559	1792	3583	2584	1807	3384
2815	1792	3583	2807	1803	3374
3071	1792	3583	3029	1799	3370
3327	1792	3583	3255	1802	3369
3583	1792	3583	3466	1800	3366
3839	1792	3583	3669	1798	3363
4095	1792	3583	3877	1798	3362
0	2048	3583	300	2020	3344
256	2048	3583	522	2031	3360
512	2048	3583	753	2039	3371
768	2048	3583	989	2046	3376
1024	2048	3583	1215	2050	3384
1280	2048	3583	1451	2054	3389
1536	2048	3583	1686	2057	3392
1792	2048	3583	1918	2064	3398
2048	2048	3583	2146	2068	3401
2303	2048	3583	2369	2066	3394
2559	2048	3583	2607	2061	3386
2815	2048	3583	2830	2058	3375
3071	2048	3583	3056	2052	3373
3327	2048	3583	3280	2052	3368
3583	2048	3583	3492	2050	3366
3839	2048	3583	3694	2048	3362
4095	2048	3583	3898	2050	3359
0	2303	3583	315	2289	3348
256	2303	3583	538	2300	3368
512	2303	3583	770	2304	3374
768	2303	3583	1004	2312	3378
1024	2303	3583	1230	2316	3382
1280	2303	3583	1467	2318	3386
1536	2303	3583	1702	2320	3392
1792	2303	3583	1931	2325	3396
2048	2303	3583	2156	2328	3397
2303	2303	3583	2385	2323	3394
2559	2303	3583	2625	2321	3390
2815	2303	3583	2846	2314	3376
3071	2303	3583	3068	2311	3372
3327	2303	3583	3290	2313	3370
3583	2303	3583	3503	2309	3368
3839	2303	3583	3707	2309	3365
4095	2303	3583	3914	2312	3362
0	2559	3583	331	2542	3349
256	2559	3583	554	2553	3364
512	2559	3583	785	2559	3367
768	2559	3583	1020	2567	3371
1024	2559	3583	1244	2571	3378
1280	2559	3583	1484	2577	3382
1536	2559	3583	1715	2578	3384
1792	2559	3583	1943	2580	3390
2048	2559	3583	2170	2586	3395
2303	2559	3583	2404	2585	3394
2559	2559	3583	2644	2584	3388
2815	2559	3583	2868	2579	3380
3071	2559	3583	3086	2578	3374
3327	2559	3583	3309	2572	3368
3583	2559	3583	3524	2572	3366
3839	2559	3583	3727	2573	3362
4095	2559	3583	3928	2572	3358
0	2815	3583	347	2792	3348
256	2815	3583	570	2800	3361
512	2815	3583	801	2804	3365
768	2815	3583	1036	2810	3373
1024	2815	3583	1258	2815	3372
1280	2815	3583	1500	2822	3378
1536	2815	3583	1731	2822	3385
1792	2815	3583	1958	2826	3385
2048	2815	3583	2182	2826	3383
2303	2815	3583	2413	2822	3384
2559	2815	3583	2654	2824	3383
2815	2815	3583	2880	2824	3378
3071	2815	3583	3098	2814	3371
3327	2815	3583	3325	2817	3369
3583	2815	3583	3540	2818	3363
3839	2815	3583	3735	2817	3359
4095	2815	3583	3936	2814	3357
0	3071	3583	364	3050	3346
256	3071	3583	588	3061	3360
512	3071	3583	819	3065	3366
768	3071	3583	1052	3071	3367
1024	3071	3583	1273	3078	3368
1280	3071	3583	1516	3081	3376
1536	3071	3583	1744	3082	3378
1792	3071	3583	1974	3087	3384
2048	3071	3583	2200	3090	3386
2303	3071	3583	2432	3091	3384
2559	3071	3583	2667	3088	3380
2815	3071	3583	2892	3080	3374
3071	3071	3583	3116	3080	3370
3327	3071	3583	3342	3078	3368
3583	3071	3583	3551	3075	3363
3839	3071	3583	3751	3074	3362
4095	3071	3583	3956	3074	3357
0	3327	3583	381	3303	3353
256	3327	3583	606	3315	3362
512	3327	3583	837	3322	3368
768	3327	3583	1070	3323	3373
1024	3327	3583	1294	3328	3376
1280	3327	3583	1535	3332	3381
1536	3327	3583	1763	3339	3384
1792	3327	3583	1992	3340	3389
2048	3327	3583	2217	3343	3388
2303	3327	3583	2452	3343	3386
2559	3327	3583	2689	3338	3380
2815	3327	3583	2910	3330	3374
3071	3327	3583	3130	3326	3368
3327	3327	3583	3364	3333	3371
3583	3327	3583	3566	3329	3365
3839	3327	3583	3763	3330	3358
4095	3327	3583	3970	3331	3356
0	3583	3583	399	3532	3358
256	3583	3583	622	3541	3367
512	3583	3583	854	3547	3370
768	3583	3583	1086	3553	3375
1024	3583	3583	1312	3556	3380
1280	3583	3583	1553	3560	3382
1536	3583	3583	1778	3564	3384
1792	3583	3583	2007	3564	3388
2048	3583	3583	2232	3564	3389
2303	3583	3583	2466	3562	3383
2559	3583	3583	2702	3562	3377
2815	3583	3583	2926	3558	3370
3071	3583	3583	3144	3553	3367
3327	3583	3583	3375	3559	3368
3583	3583	3583	3581	3561	3361
3839	3583	3583	3781	3561	3359
4095	3583	3583	3988	3555	3358
0	3839	3583	415	3776	3364
256	3839	3583	641	3782	3374
512	3839	3583	874	3788	3378
768	3839	3583	1104	3791	3379
1024	3839	3583	1329	3792	3382
1280	3839	3583	1572	3796	3385
1536	3839	3583	1795	3793	3384
1792	3839	3583	2022	3795	3389
2048	3839	3583	2250	3797	3387
2303	3839	3583	2484	3795	3379
2559	3839	3583	2716	3791	3373
2815	3839	3583	2939	3789	3371
3071	3839	3583	3163	3788	3369
3327	3839	3583	3389	3794	3366
3583	3839	3583	3596	3794	3363
3839	3839	3583	3794	3792	3364
4095	3839	3583	4010	3792	3360
0	4095	3583	434	4004	3375
256	4095	3583	660	4010	3380
512	4095	3583	892	4012	3380
768	4095	3583	1122	4015	3382
1024	4095	3583	1349	4018	3386
1280	4095	3583	1586	4020	3389
1536	4095	3583	1813	4027	3391
1792	4095	3583	2042	4025	3389
2048	4095	3583	2268	4026	3388
2303	4095	3583	2501	4025	3382
2559	4095	3583	2732	4018	3375
2815	4095	3583	2958	4017	3372
3071	4095	3583	3182	4022	3370
3327	4095	3583	3408	4024	3368
3583	4095	3583	3614	4020	3366
3839	4095	3583	3821	4024	3365
4095	4095	3583	4024	4026	3365
0	0	3839	191	19	3686
256	0	3839	419	19	3675
512	0	3839	649	20	3660
768	0	3839	881	20	3656
1024	0	3839	1112	21	3648
1280	0	3839	1339	22	3651
1536	0	3839	1582	22	3654
1792	0	3839	1813	22	3652
2048	0	3839	2044	23	3661
2303	0	3839	2274	24	3659
2559	0	3839	2510	24	3655
2815	0	3839	2745	25	3651
3071	0	3839	2973	25	3648
3327	0	3839	3195	26	3652
3583	0	3839	3431	26	3662
3839	0	3839	3653	28	3664
4095	0	3839	3876	28	3679
0	256	3839	198	273	3588
256	256	3839	419	271	3579
512	256	3839	643	272	3572
768	256	3839	872	272	3561
1024	256	3839	1096	272	3557
1280	256	3839	1316	272	3554
1536	256	3839	1554	272	3552
1792	256	3839	1779	272	3551
2048	256	3839	2004	272	3555
2303	256	3839	2226	274	3551
2559	256	3839	2460	273	3544
2815	256	3839	2690	274	3540
3071	256	3839	2913	273	3532
3327	256	3839	3135	273	3526
3583	256	3839	3354	274	3540
3839	256	3839	3576	276	3552
4095	256	3839	3784	276	3552
0	512	3839	214	520	3588
256	512	3839	439	521	3608
512	512	3839	668	522	3597
768	512	3839	896	522	3593
1024	512	3839	1121	521	3583
1280	512	3839	1346	521	3580
1536	512	3839	1583	520	3577
1792	512	3839	1809	521	3580
2048	512	3839	2032	520	3580
2303	512	3839	2259	522	3571
2559	512	3839	2494	521	3568
2815	512	3839	2723	521	3555
3071	512	3839	2946	520	3553
3327	512	3839	3169	521	3548
3583	512	3839	3390	521	3557
3839	512	3839	3605	522	3564
4095	512	3839	3810	525	3563
0	768	3839	231	774	3581
256	768	3839	456	778	3599
512	768	3839	686	780	3608
768	768	3839	918	781	3605
1024	768	3839	1142	780	3596
1280	768	3839	1368	780	3595
1536	768	3839	1604	778	3597
1792	768	3839	1836	780	3595
2048	768	3839	2056	780	3595
2303	768	3839	2281	781	3588
2559	768	3839	2521	779	3576
2815	768	3839	2748	778	3567
3071	768	3839	2969	776	3558
3327	768	3839	3188	775	3556
3583	768	3839	3410	776	3566
3839	768	3839	3626	779	3566
4095	768	3839	3830	779	3572
0	1024	3839	248	1028	3576
256	1024	3839	471	1037	3600
512	1024	3839	702	1041	3610
768	1024	3839	938	1044	3618
1024	1024	3839	1164	1044	3609
1280	1024	3839	1392	1043	3608
1536	1024	3839	1629	1042	3604
1792	1024	3839	1860	1044	3602
2048	1024	3839	2078	1044	3598
2303	1024	3839	2301	1042	3599
2559	1024	3839	2538	1038	3582
2815	1024	3839	2766	1038	3578
3071	1024	3839	2992	1037	3570
3327	1024	3839	3213	1037	3562
3583	1024	3839	3433	1037	3578
3839	1024	3839	3650	1040	3572
4095	1024	3839	3851	1041	3579
0	1280	3839	262	1270	3594
256	1280	3839	486	1283	3593
512	1280	3839	718	1286	3602
768	1280	3839	954	1290	3612
1024	1280	3839	1181	1293	3616
1280	1280	3839	1413	1294	3612
1536	1280	3839	1649	1294	3616
1792	1280	3839	1878	1294	3606
2048	1280	3839	2100	1293	3603
2303	1280	3839	2324	1293	3591
2559	1280	3839	2561	1288	3592
2815	1280	3839	2786	1285	3585
3071	1280	3839	3011	1286	3577
3327	1280	3839	3234	1287	3570
3583	1280	3839	3455	1288	3579
3839	1280	3839	3669	1290	3579
4095	1280	3839	3869	1290	3581
0	1536	3839	280	1536	3594
256	1536	3839	503	1547	3594
512	1536	3839	733	1549	3606
768	1536	3839	969	1554	3614
1024	1536	3839	1197	1558	3618
1280	1536	3839	1433	1564	3620
1536	1536	3839	1671	1565	3624
1792	1536	3839	1900	1566	3616
2048	1536	3839	2126	1568	3610
2303	1536	3839	2344	1562	3601
2559	1536	3839	2585	1562	3601
2815	1536	3839	2810	1557	3586
3071	1536	3839	3034	1552	3584
3327	1536	3839	3255	1550	3578
3583	1536	3839	3476	1553	3587
3839	1536	3839	3686	1556	3581
4095	1536	3839	3890	1556	3587
0	1792	3839	296	1790	3578
256	1792	3839	520	1802	3597
512	1792	3839	752	1807	3604
768	1792	3839	989	1813	3607
1024	1792	3839	1215	1816	3609
1280	1792	3839	1450	1817	3612
1536	1792	3839	1691	1823	3621
1792	1792	3839	1922	1827	3628
2048	1792	3839	2144	1826	3628
2303	1792	3839	2373	1824	3624
2559	1792	3839	2613	1820	3616
2815	1792	3839	2836	1814	3603
3071	1792	3839	3053	1812	3592
3327	1792	3839	3280	1809	3594
3583	1792	3839	3503	1811	3596
3839	1792	3839	3708	1810	3596
4095	1792	3839	3908	1809	3594
0	2048	3839	314	2038	3582
256	2048	3839	537	2045	3598
512	2048	3839	769	2050	3606
768	2048	3839	1004	2055	3608
1024	2048	3839	1232	2060	3612
1280	2048	3839	1473	2066	3614
1536	2048	3839	1710	2071	3624
1792	2048	3839	1940	2074	3631
2048	2048	3839	2166	2074	3630
2303	2048	3839	2392	2072	3625
2559	2048	3839	2632	2068	3614
2815	2048	3839	2856	2064	3606
3071	2048	3839	3074	2058	3594
3327	2048	3839	3302	2063	3596
3583	2048	3839	3522	2064	3597
3839	2048	3839	3727	2063	3597
4095	2048	3839	3930	2064	3596
0	2303	3839	330	2303	3582
256	2303	3839	555	2316	3595
512	2303	3839	786	2316	3602
768	2303	3839	1022	2318	3610
1024	2303	3839	1248	2326	3612
1280	2303	3839	1489	2330	3620
1536	2303	3839	1726	2336	3623
1792	2303	3839	1954	2336	3625
2048	2303	3839	2179	2336	3625
2303	2303	3839	2410	2336	3621
2559	2303	3839	2649	2332	3614
2815	2303	3839	2872	2331	3607
3071	2303	3839	3090	2325	3596
3327	2303	3839	3321	2325	3598
3583	2303	3839	3537	2325	3599
3839	2303	3839	3738	2324	3600
4095	2303	3839	3943	2324	3593
0	2559	3839	346	2556	3577
256	2559	3839	571	2568	3592
512	2559	3839	804	2576	3596
768	2559	3839	1038	2577	3605
1024	2559	3839	1263	2584	3612
1280	2559	3839	1503	2590	3614
1536	2559	3839	1738	2592	3615
1792	2559	3839	1967	2592	3618
2048	2559	3839	2193	2594	3621
2303	2559	3839	2426	2596	3616
2559	2559	3839	2660	2594	3608
2815	2559	3839	2883	2587	3598
3071	2559	3839	3108	2582	3592
3327	2559	3839	3334	2582	3594
3583	2559	3839	3548	2586	3601
3839	2559	3839	3749	2582	3598
4095	2559	3839	3956	2582	3594
0	2815	3839	362	2803	3576
256	2815	3839	587	2814	3586
512	2815	3839	820	2821	3597
768	2815	3839	1054	2823	3606
1024	2815	3839	1278	2828	3609
1280	2815	3839	1518	2833	3604
1536	2815	3839	1752	2836	3610
1792	2815	3839	1980	2836	3612
2048	2815	3839	2206	2840	3612
2303	2815	3839	2438	2841	3611
2559	2815	3839	2676	2836	3605
2815	2815	3839	2905	2833	3600
3071	2815	3839	3128	2832	3601
3327	2815	3839	3352	2835	3604
3583	2815	3839	3562	2830	3598
3839	2815	3839	3760	2828	3592
4095	2815	3839	3967	2830	3590
0	3071	3839	378	3069	3577
256	3071	3839	603	3079	3590
512	3071	3839	836	3082	3593
768	3071	3839	1072	3090	3601
1024	3071	3839	1294	3092	3602
1280	3071	3839	1536	3095	3606
1536	3071	3839	1766	3103	3608
1792	3071	3839	1994	3103	3611
2048	3071	3839	2220	3105	3612
2303	3071	3839	2454	3102	3608
2559	3071	3839	2691	3096	3601
2815	3071	3839	2916	3095	3600
3071	3071	3839	3139	3098	3606
3327	3071	3839	3370	3092	3601
3583	3071	3839	3578	3090	3596
3839	3071	3839	3777	3094	3593
4095	3071	3839	3980	3090	3593
0	3327	3839	398	3325	3587
256	3327	3839	624	3336	3598
512	3327	3839	856	3339	3601
768	3327	3839	1090	3345	3606
1024	3327	3839	1314	3348	3606
1280	3327	3839	1555	3345	3608
1536	3327	3839	1785	3352	3609
1792	3327	3839	2015	3360	3617
2048	3327	3839	2243	3361	3617
2303	3327	3839	2477	3355	3612
2559	3327	3839	2708	3349	3607
2815	3327	3839	2932	3347	3605
3071	3327	3839	3159	3347	3606
3327	3327	3839	3392	3352	3604
3583	3327	3839	3595	3352	3599
3839	3327	3839	3794	3346	3602
4095	3327	3839	4002	3344	3598
0	3583	3839	414	3557	3594
256	3583	3839	641	3566	3602
512	3583	3839	875	3571	3606
768	3583	3839	1108	3574	3611
1024	3583	3839	1334	3577	3609
1280	3583	3839	1574	3582	3614
1536	3583	3839	1806	3586	3617
1792	3583	3839	2032	3586	3617
2048	3583	3839	2258	3584	3616
2303	3583	3839	2489	3581	3612
2559	3583	3839	2724	3576	3607
2815	3583	3839	2952	3576	3605
3071	3583	3839	3176	3579	3603
3327	3583	3839	3402	3581	3602
3583	3583	3839	3610	3575	3607
3839	3583	3839	3816	3578	3600
4095	3583	3839	4020	3578	3600
0	3839	3839	431	3805	3606
256	3839	3839	660	3809	3608
512	3839	3839	894	3808	3608
768	3839	3839	1124	3810	3610
1024	3839	3839	1353	3813	3614
1280	3839	3839	1593	3815	3617
1536	3839	3839	1818	3815	3622
1792	3839	3839	2047	3816	3618
2048	3839	3839	2275	3817	3618
2303	3839	3839	2506	3810	3610
2559	3839	3839	2743	3809	3608
2815	3839	3839	2969	3812	3606
3071	3839	3839	3190	3810	3605
3327	3839	3839	3418	3808	3607
3583	3839	3839	3628	3811	3602
3839	3839	3839	3829	3814	3603
4095	3839	3839	4037	3809	3600
0	4095	3839	450	4033	3609
256	4095	3839	679	4040	3616
512	4095	3839	913	4038	3617
768	4095	3839	1141	4036	3618
1024	4095	3839	1370	4037	3618
1280	4095	3839	1609	4045	3621
1536	4095	3839	1839	4048	3623
1792	4095	3839	2067	4049	3623
2048	4095	3839	2291	4044	3618
2303	4095	3839	2529	4042	3614
2559	4095	3839	2761	4042	3608
2815	4095	3839	2984	4045	3610
3071	4095	3839	3211	4044	3613
3327	4095	3839	3438	4045	3611
3583	4095	3839	3645	4050	3610
3839	4095	3839	3854	4050	3610
4095	4095	3839	4064	4057	3610
0	0	4095	205	20	3916
256	0	4095	435	21	3896
512	0	4095	666	21	3882
768	0	4095	902	22	3873
1024	0	4095	1134	22	3868
1280	0	4095	1362	23	3866
1536	0	4095	1605	24	3873
1792	0	4095	1841	24	3872
2048	0	4095	2070	25	3877
2303	0	4095	2303	26	3878
2559	0	4095	2540	26	3872
2815	0	4095	2775	26	3866
3071	0	4095	3002	26	3860
3327	0	4095	3231	27	3870
3583	0	4095	3474	28	3880
3839	0	4095	3690	28	3894
4095	0	4095	3906	28	3895
0	256	4095	213	275	3810
256	256	4095	435	275	3797
512	256	4095	660	276	3788
768	256	4095	888	275	3779
1024	256	4095	1114	274	3775
1280	256	4095	1338	276	3778
1536	256	4095	1576	275	3774
1792	256	4095	1806	276	3779
2048	256	4095	2026	276	3778
2303	256	4095	2252	277	3772
2559	256	4095	2486	276	3769
2815	256	4095	2717	277	3762
3071	256	4095	2938	276	3751
3327	256	4095	3162	276	3762
3583	256	4095	3391	278	3774
3839	256	4095	3608	280	3780
4095	256	4095	3810	279	3780
0	512	4095	228	524	3804
256	512	4095	454	526	3822
512	512	4095	683	526	3813
768	512	4095	914	526	3810
1024	512	4095	1138	525	3801
1280	512	4095	1366	525	3802
1536	512	4095	1605	524	3801
1792	512	4095	1832	525	3799
2048	512	4095	2056	526	3799
2303	512	4095	2280	527	3795
2559	512	4095	2518	525	3791
2815	512	4095	2747	525	3785
3071	512	4095	2970	524	3774
3327	512	4095	3196	525	3780
3583	512	4095	3420	526	3786
3839	512	4095	3632	527	3791
4095	512	4095	3836	528	3791
0	768	4095	244	778	3797
256	768	4095	469	784	3813
512	768	4095	703	788	3826
768	768	4095	934	787	3821
1024	768	4095	1159	785	3820
1280	768	4095	1389	784	3816
1536	768	4095	1627	785	3813
1792	768	4095	1855	784	3807
2048	768	4095	2080	787	3805
2303	768	4095	2301	786	3805
2559	768	4095	2544	785	3802
2815	768	4095	2771	782	3790
3071	768	4095	2990	780	3774
3327	768	4095	3214	780	3786
3583	768	4095	3441	784	3794
3839	768	4095	3654	784	3794
4095	768	4095	3859	786	3800
0	1024	4095	261	1034	3813
256	1024	4095	486	1043	3816
512	1024	4095	718	1045	3824
768	1024	4095	955	1049	3837
1024	1024	4095	1182	1049	3832
1280	1024	4095	1414	1049	3826
1536	1024	4095	1651	1050	3822
1792	1024	4095	1877	1049	3820
2048	1024	4095	2102	1050	3821
2303	1024	4095	2327	1050	3820
2559	1024	4095	2566	1047	3805
2815	1024	4095	2792	1046	3798
3071	1024	4095	3014	1044	3787
3327	1024	4095	3243	1044	3799
3583	1024	4095	3470	1048	3806
3839	1024	4095	3682	1051	3810
4095	1024	4095	3883	1052	3810
0	1280	4095	277	1280	3810
256	1280	4095	502	1290	3811
512	1280	4095	732	1291	3819
768	1280	4095	970	1296	3834
1024	1280	4095	1200	1300	3844
1280	1280	4095	1436	1303	3836
1536	1280	4095	1673	1304	3830
1792	1280	4095	1898	1301	3835
2048	1280	4095	2122	1301	3824
2303	1280	4095	2349	1301	3816
2559	1280	4095	2590	1298	3816
2815	1280	4095	2813	1294	3803
3071	1280	4095	3034	1294	3795
3327	1280	4095	3264	1295	3800
3583	1280	4095	3486	1299	3810
3839	1280	4095	3695	1300	3815
4095	1280	4095	3900	1300	3816
0	1536	4095	294	1546	3810
256	1536	4095	518	1555	3826
512	1536	4095	752	1562	3828
768	1536	4095	990	1567	3832
1024	1536	4095	1220	1573	3840
1280	1536	4095	1458	1575	3851
1536	1536	4095	1695	1575	3842
1792	1536	4095	1921	1573	3838
2048	1536	4095	2143	1572	3833
2303	1536	4095	2368	1568	3829
2559	1536	4095	2611	1565	3809
2815	1536	4095	2832	1560	3808
3071	1536	4095	3062	1562	3813
3327	1536	4095	3291	1563	3813
3583	1536	4095	3512	1565	3818
3839	1536	4095	3720	1566	3817
4095	1536	4095	3923	1566	3818
0	1792	4095	311	1803	3818
256	1792	4095	536	1813	3828
512	1792	4095	770	1819	3829
768	1792	4095	1006	1823	3832
1024	1792	4095	1234	1827	3838
1280	1792	4095	1475	1830	3846
1536	1792	4095	1713	1833	3850
1792	1792	4095	1941	1833	3848
2048	1792	4095	2164	1833	3841
2303	1792	4095	2390	1831	3828
2559	1792	4095	2630	1828	3820
2815	1792	4095	2854	1820	3820
3071	1792	4095	3080	1818	3814
3327	1792	4095	3311	1820	3820
3583	1792	4095	3532	1822	3824
3839	1792	4095	3736	1823	3829
4095	1792	4095	3939	1822	3823
0	2048	4095	328	2050	3796
256	2048	4095	554	2062	3824
512	2048	4095	788	2068	3831
768	2048	4095	1025	2070	3833
1024	2048	4095	1251	2073	3836
1280	2048	4095	1492	2077	3840
1536	2048	4095	1730	2080	3850
1792	2048	4095	1962	2083	3853
2048	2048	4095	2189	2086	3847
2303	2048	4095	2418	2082	3841
2559	2048	4095	2656	2079	3826
2815	2048	4095	2878	2075	3830
3071	2048	4095	3103	2077	3831
3327	2048	4095	3335	2077	3830
3583	2048	4095	3550	2077	3831
3839	2048	4095	3758	2079	3834
4095	2048	4095	3966	2078	3829
0	2303	4095	344	2318	3810
256	2303	4095	572	2328	3828
512	2303	4095	804	2333	3830
768	2303	4095	1043	2334	3838
1024	2303	4095	1270	2342	3839
1280	2303	4095	1509	2340	3848
1536	2303	4095	1742	2344	3851
1792	2303	4095	1975	2348	3853
2048	2303	4095	2204	2349	3857
2303	2303	4095	2434	2346	3850
2559	2303	4095	2670	2339	3842
2815	2303	4095	2899	2339	3830
3071	2303	4095	3122	2339	3830
3327	2303	4095	3347	2340	3832
3583	2303	4095	3561	2336	3824
3839	2303	4095	3766	2336	3829
4095	2303	4095	3974	2338	3830
0	2559	4095	360	2576	3806
256	2559	4095	587	2582	3828
512	2559	4095	821	2588	3830
768	2559	4095	1058	2592	3840
1024	2559	4095	1284	2598	3839
1280	2559	4095	1526	2600	3842
1536	2559	4095	1756	2603	3847
1792	2559	4095	1987	2607	3849
2048	2559	4095	2216	2607	3854
2303	2559	4095	2449	2605	3853
2559	2559	4095	2687	2602	3837
2815	2559	4095	2913	2600	3832
3071	2559	4095	3135	2597	3832
3327	2559	4095	3364	2598	3832
3583	2559	4095	3581	2599	3832
3839	2559	4095	3779	2600	3827
4095	2559	4095	3985	2596	3832
0	2815	4095	378	2822	3806
256	2815	4095	604	2831	3823
512	2815	4095	838	2836	3832
768	2815	4095	1072	2842	3830
1024	2815	4095	1299	2842	3837
1280	2815	4095	1541	2845	3838
1536	2815	4095	1773	2848	3846
1792	2815	4095	2002	2855	3838
2048	2815	4095	2230	2853	3849
2303	2815	4095	2462	2848	3847
2559	2815	4095	2702	2848	3841
2815	2815	4095	2933	2850	3840
3071	2815	4095	3153	2846	3831
3327	2815	4095	3381	2845	3830
3583	2815	4095	3591	2844	3830
3839	2815	4095	3793	2846	3830
4095	2815	4095	3998	2847	3829
0	3071	4095	394	3086	3806
256	3071	4095	621	3096	3826
512	3071	4095	854	3097	3824
768	3071	4095	1089	3105	3828
1024	3071	4095	1314	3109	3835
1280	3071	4095	1559	3113	3836
1536	3071	4095	1787	3111	3839
1792	3071	4095	2016	3118	3844
2048	3071	4095	2243	3116	3847
2303	3071	4095	2478	3113	3839
2559	3071	4095	2717	3112	3838
2815	3071	4095	2946	3112	3848
3071	3071	4095	3168	3108	3834
3327	3071	4095	3396	3106	3833
3583	3071	4095	3600	3106	3834
3839	3071	4095	3807	3111	3832
4095	3071	4095	4016	3110	3832
0	3327	4095	411	3341	3799
256	3327	4095	638	3348	3820
512	3327	4095	873	3354	3818
768	3327	4095	1107	3358	3828
1024	3327	4095	1335	3361	3832
1280	3327	4095	1577	3362	3841
1536	3327	4095	1806	3367	3842
1792	3327	4095	2038	3373	3836
2048	3327	4095	2259	3368	3846
2303	3327	4095	2498	3366	3836
2559	3327	4095	2737	3367	3835
2815	3327	4095	2964	3366	3838
3071	3327	4095	3185	3363	3834
3327	3327	4095	3414	3363	3828
3583	3327	4095	3624	3370	3827
3839	3327	4095	3822	3367	3828
4095	3327	4095	4038	3366	3826
0	3583	4095	430	3581	3811
256	3583	4095	659	3586	3827
512	3583	4095	894	3588	3828
768	3583	4095	1127	3592	3835
1024	3583	4095	1355	3596	3832
1280	3583	4095	1601	3606	3840
1536	3583	4095	1825	3600	3842
1792	3583	4095	2052	3603	3842
2048	3583	4095	2276	3594	3848
2303	3583	4095	2521	3601	3840
2559	3583	4095	2756	3598	3843
2815	3583	4095	2976	3594	3840
3071	3583	4095	3200	3597	3834
3327	3583	4095	3431	3600	3838
3583	3583	4095	3638	3600	3832
3839	3583	4095	3840	3594	3833
4095	3583	4095	4058	3604	3828
0	3839	4095	448	3822	3827
256	3839	4095	678	3826	3835
512	3839	4095	914	3831	3837
768	3839	4095	1145	3834	3840
1024	3839	4095	1376	3832	3845
1280	3839	4095	1616	3838	3851
1536	3839	4095	1841	3841	3848
1792	3839	4095	2073	3841	3850
2048	3839	4095	2299	3836	3852
2303	3839	4095	2538	3838	3840
2559	3839	4095	2772	3834	3846
2815	3839	4095	2996	3833	3844
3071	3839	4095	3222	3836	3836
3327	3839	4095	3448	3835	3834
3583	3839	4095	3653	3833	3832
3839	3839	4095	3866	3836	3834
4095	3839	4095	4076	3842	3835
0	4095	4095	466	4055	3844
256	4095	4095	697	4060	3849
512	4095	4095	934	4062	3851
768	4095	4095	1164	4062	3853
1024	4095	4095	1395	4062	3854
1280	4095	4095	1633	4064	3853
1536	4095	4095	1858	4064	3852
1792	4095	4095	2087	4064	3850
2048	4095	4095	2322	4072	3860
2303	4095	4095	2555	4062	3851
2559	4095	4095	2788	4064	3844
2815	4095	4095	3011	4065	3838
3071	4095	4095	3238	4062	3837
3327	4095	4095	3462	4061	3836
3583	4095	4095	3668	4065	3836
3839	4095	4095	3879	4070	3839
4095	4095	4095	4095	4077	3837
