0	0	0	0	0	0
256	0	0	222	1	0
512	0	0	437	3	0
768	0	0	653	3	0
1024	0	0	871	4	0
1280	0	0	1090	5	0
1536	0	0	1308	6	0
1792	0	0	1524	5	0
2048	0	0	1740	6	0
2303	0	0	1958	7	0
2559	0	0	2173	8	0
2815	0	0	2405	8	0
3071	0	0	2626	9	0
3327	0	0	2844	10	0
3583	0	0	3066	11	0
3839	0	0	3286	11	0
4095	0	0	3497	12	0
0	256	0	17	243	2
256	256	0	239	247	2
512	256	0	454	247	2
768	256	0	672	249	2
1024	256	0	895	251	2
1280	256	0	1115	252	2
1536	256	0	1333	253	2
1792	256	0	1548	253	2
2048	256	0	1766	254	3
2303	256	0	1987	255	3
2559	256	0	2202	258	3
2815	256	0	2433	259	2
3071	256	0	2662	260	2
3327	256	0	2885	261	1
3583	256	0	3111	261	1
3839	256	0	3331	263	1
4095	256	0	3542	264	2
0	512	0	32	478	4
256	512	0	254	483	4
512	512	0	471	485	4
768	512	0	690	488	4
1024	512	0	913	489	4
1280	512	0	1134	490	4
1536	512	0	1351	491	4
1792	512	0	1566	492	4
2048	512	0	1785	492	4
2303	512	0	2009	495	4
2559	512	0	2222	496	4
2815	512	0	2459	498	4
3071	512	0	2687	499	4
3327	512	0	2912	501	4
3583	512	0	3141	502	4
3839	512	0	3361	504	3
4095	512	0	3566	504	3
0	768	0	49	721	7
256	768	0	272	726	6
512	768	0	489	729	6
768	768	0	707	729	6
1024	768	0	928	728	6
1280	768	0	1147	730	6
1536	768	0	1367	732	6
1792	768	0	1585	733	6
2048	768	0	1808	736	6
2303	768	0	2027	737	6
2559	768	0	2245	741	6
2815	768	0	2481	741	6
3071	768	0	2707	743	6
3327	768	0	2933	745	6
3583	768	0	3155	745	6
3839	768	0	3368	745	6
4095	768	0	3578	747	6
0	1024	0	66	966	9
256	1024	0	288	974	9
512	1024	0	506	976	9
768	1024	0	721	973	9
1024	1024	0	946	976	8
1280	1024	0	1165	978	8
1536	1024	0	1385	980	8
1792	1024	0	1605	984	8
2048	1024	0	1829	987	8
2303	1024	0	2047	989	8
2559	1024	0	2263	989	8
2815	1024	0	2498	991	8
3071	1024	0	2718	990	8
3327	1024	0	2942	992	8
3583	1024	0	3175	994	8
3839	1024	0	3388	996	8
4095	1024	0	3601	999	8
0	1280	0	81	1211	11
256	1280	0	304	1223	11
512	1280	0	521	1227	11
768	1280	0	741	1229	11
1024	1280	0	964	1231	11
1280	1280	0	1184	1232	11
1536	1280	0	1402	1234	11
1792	1280	0	1622	1236	10
2048	1280	0	1844	1239	10
2303	1280	0	2063	1240	10
2559	1280	0	2280	1242	10
2815	1280	0	2509	1241	10
3071	1280	0	2736	1243	10
3327	1280	0	2963	1246	10
3583	1280	0	3194	1248	10
3839	1280	0	3406	1251	10
4095	1280	0	3618	1252	10
0	1536	0	98	1456	12
256	1536	0	320	1467	12
512	1536	0	537	1467	12
768	1536	0	757	1471	12
1024	1536	0	983	1475	12
1280	1536	0	1203	1479	12
1536	1536	0	1423	1480	12
1792	1536	0	1641	1481	12
2048	1536	0	1865	1485	12
2303	1536	0	2081	1486	13
2559	1536	0	2297	1485	12
2815	1536	0	2532	1486	12
3071	1536	0	2759	1489	12
3327	1536	0	2984	1492	12
3583	1536	0	3216	1494	12
3839	1536	0	3427	1496	12
4095	1536	0	3639	1497	12
0	1792	0	116	1702	14
256	1792	0	337	1713	14
512	1792	0	555	1713	14
768	1792	0	776	1717	14
1024	1792	0	1002	1724	14
1280	1792	0	1222	1727	14
1536	1792	0	1443	1729	14
1792	1792	0	1661	1730	14
2048	1792	0	1879	1727	14
2303	1792	0	2092	1727	14
2559	1792	0	2316	1729	14
2815	1792	0	2551	1733	14
3071	1792	0	2779	1737	14
3327	1792	0	3004	1740	13
3583	1792	0	3238	1741	13
3839	1792	0	3447	1745	13
4095	1792	0	3665	1749	14
0	2048	0	131	1944	16
256	2048	0	353	1953	16
512	2048	0	571	1957	16
768	2048	0	794	1962	16
1024	2048	0	1018	1971	16
1280	2048	0	1241	1978	16
1536	2048	0	1460	1978	16
1792	2048	0	1674	1970	16
2048	2048	0	1894	1969	16
2303	2048	0	2111	1971	16
2559	2048	0	2336	1975	16
2815	2048	0	2571	1979	16
3071	2048	0	2798	1982	16
3327	2048	0	3024	1985	16
3583	2048	0	3257	1987	16
3839	2048	0	3466	1992	16
4095	2048	0	3682	1995	15
0	2303	0	148	2181	19
256	2303	0	369	2192	19
512	2303	0	589	2199	18
768	2303	0	811	2204	18
1024	2303	0	1035	2209	18
1280	2303	0	1257	2218	18
1536	2303	0	1480	2221	18
1792	2303	0	1695	2213	18
2048	2303	0	1915	2211	18
2303	2303	0	2130	2214	18
2559	2303	0	2359	2219	18
2815	2303	0	2593	2223	18
3071	2303	0	2821	2226	18
3327	2303	0	3046	2229	18
3583	2303	0	3276	2228	18
3839	2303	0	3486	2236	18
4095	2303	0	3701	2235	18
0	2559	0	164	2446	21
256	2559	0	387	2457	21
512	2559	0	605	2462	21
768	2559	0	829	2466	21
1024	2559	0	1053	2473	21
1280	2559	0	1276	2478	20
1536	2559	0	1493	2475	20
1792	2559	0	1712	2476	20
2048	2559	0	1934	2478	20
2303	2559	0	2151	2482	20
2559	2559	0	2380	2485	20
2815	2559	0	2612	2486	20
3071	2559	0	2841	2491	20
3327	2559	0	3068	2496	20
3583	2559	0	3296	2496	20
3839	2559	0	3503	2500	20
4095	2559	0	3718	2501	20
0	2815	0	182	2691	23
256	2815	0	404	2702	23
512	2815	0	624	2708	23
768	2815	0	849	2713	23
1024	2815	0	1072	2717	23
1280	2815	0	1293	2717	23
1536	2815	0	1510	2715	23
1792	2815	0	1730	2718	23
2048	2815	0	1953	2721	22
2303	2815	0	2169	2722	22
2559	2815	0	2399	2726	22
2815	2815	0	2633	2732	22
3071	2815	0	2860	2736	22
3327	2815	0	3087	2738	22
3583	2815	0	3315	2740	22
3839	2815	0	3514	2737	22
4095	2815	0	3733	2741	22
0	3071	0	199	2939	25
256	3071	0	420	2948	25
512	3071	0	641	2956	25
768	3071	0	866	2964	25
1024	3071	0	1090	2966	25
1280	3071	0	1308	2961	25
1536	3071	0	1528	2963	25
1792	3071	0	1751	2972	25
2048	3071	0	1975	2973	25
2303	3071	0	2192	2980	25
2559	3071	0	2424	2983	25
2815	3071	0	2655	2986	25
3071	3071	0	2883	2988	24
3327	3071	0	3111	2992	24
3583	3071	0	3340	2996	24
3839	3071	0	3540	2994	24
4095	3071	0	3758	2995	24
0	3327	0	216	3195	27
256	3327	0	438	3203	27
512	3327	0	658	3207	27
768	3327	0	883	3212	27
1024	3327	0	1106	3216	27
1280	3327	0	1326	3214	27
1536	3327	0	1546	3216	27
1792	3327	0	1771	3226	27
2048	3327	0	1995	3228	27
2303	3327	0	2210	3231	27
2559	3327	0	2445	3235	27
2815	3327	0	2675	3237	27
3071	3327	0	2902	3240	27
3327	3327	0	3128	3240	27
3583	3327	0	3350	3239	27
3839	3327	0	3556	3241	26
4095	3327	0	3775	3244	26
0	3583	0	233	3431	30
256	3583	0	455	3439	29
512	3583	0	677	3447	29
768	3583	0	900	3445	29
1024	3583	0	1121	3444	29
1280	3583	0	1344	3449	29
1536	3583	0	1564	3452	29
1792	3583	0	1787	3457	29
2048	3583	0	2015	3465	29
2303	3583	0	2229	3468	29
2559	3583	0	2463	3468	29
2815	3583	0	2695	3474	29
3071	3583	0	2920	3476	29
3327	3583	0	3146	3474	29
3583	3583	0	3363	3470	29
3839	3583	0	3570	3471	29
4095	3583	0	3789	3475	29
0	3839	0	250	3671	32
256	3839	0	471	3679	32
512	3839	0	694	3688	32
768	3839	0	917	3687	32
1024	3839	0	1139	3686	31
1280	3839	0	1360	3690	31
1536	3839	0	1582	3696	31
1792	3839	0	1805	3700	31
2048	3839	0	2031	3707	31
2303	3839	0	2245	3710	31
2559	3839	0	2484	3714	31
2815	3839	0	2717	3722	31
3071	3839	0	2941	3721	31
3327	3839	0	3167	3720	31
3583	3839	0	3387	3722	31
3839	3839	0	3596	3725	31
4095	3839	0	3818	3731	31
0	4095	0	268	3931	34
256	4095	0	488	3935	34
512	4095	0	709	3938	34
768	4095	0	934	3938	34
1024	4095	0	1156	3940	34
1280	4095	0	1378	3945	34
1536	4095	0	1600	3952	34
1792	4095	0	1826	3959	33
2048	4095	0	2050	3965	33
2303	4095	0	2265	3967	33
2559	4095	0	2507	3976	33
2815	4095	0	2732	3971	33
3071	4095	0	2958	3975	33
3327	4095	0	3190	3980	33
3583	4095	0	3409	3984	33
3839	4095	0	3620	3988	33
4095	4095	0	3842	3991	33
0	0	256	13	1	222
256	0	256	235	3	222
512	0	256	450	4	222
768	0	256	666	5	223
1024	0	256	883	5	222
1280	0	256	1098	6	223
1536	0	256	1316	7	223
1792	0	256	1534	8	224
2048	0	256	1753	8	224
2303	0	256	1971	9	224
2559	0	256	2184	10	224
2815	0	256	2416	11	225
3071	0	256	2642	11	225
3327	0	256	2863	12	225
3583	0	256	3086	13	225
3839	0	256	3300	14	224
4095	0	256	3507	14	225
0	256	256	28	249	225
256	256	256	253	251	224
512	256	256	469	250	224
768	256	256	686	252	228
1024	256	256	908	253	229
1280	256	256	1126	255	229
1536	256	256	1345	257	229
1792	256	256	1563	257	230
2048	256	256	1782	258	229
2303	256	256	1998	259	229
2559	256	256	2212	260	229
2815	256	256	2445	260	230
3071	256	256	2672	261	230
3327	256	256	2896	263	230
3583	256	256	3126	264	230
3839	256	256	3343	265	231
4095	256	256	3551	266	231
0	512	256	44	486	231
256	512	256	269	488	232
512	512	256	485	489	232
768	512	256	704	491	231
1024	512	256	926	493	230
1280	512	256	1144	493	231
1536	512	256	1363	495	231
1792	512	256	1581	496	231
2048	512	256	1799	496	232
2303	512	256	2020	498	232
2559	512	256	2233	499	233
2815	512	256	2470	501	233
3071	512	256	2693	501	232
3327	512	256	2918	502	233
3583	512	256	3149	505	233
3839	512	256	3365	506	233
4095	512	256	3572	507	234
0	768	256	61	729	233
256	768	256	285	729	233
512	768	256	503	733	234
768	768	256	720	734	234
1024	768	256	944	735	234
1280	768	256	1160	735	234
1536	768	256	1377	735	234
1792	768	256	1595	737	234
2048	768	256	1819	739	233
2303	768	256	2038	741	234
2559	768	256	2254	743	234
2815	768	256	2491	746	235
3071	768	256	2716	746	235
3327	768	256	2942	748	236
3583	768	256	3173	751	236
3839	768	256	3379	750	235
4095	768	256	3583	748	235
0	1024	256	77	980	236
256	1024	256	302	981	235
512	1024	256	520	984	236
768	1024	256	739	984	236
1024	1024	256	960	983	236
1280	1024	256	1179	986	236
1536	1024	256	1399	989	236
1792	1024	256	1620	991	236
2048	1024	256	1840	993	237
2303	1024	256	2057	994	237
2559	1024	256	2276	996	236
2815	1024	256	2511	997	237
3071	1024	256	2737	998	237
3327	1024	256	2952	996	237
3583	1024	256	3183	999	238
3839	1024	256	3396	1000	238
4095	1024	256	3609	1003	238
0	1280	256	94	1229	239
256	1280	256	318	1233	239
512	1280	256	535	1234	239
768	1280	256	754	1234	239
1024	1280	256	977	1235	239
1280	1280	256	1193	1236	238
1536	1280	256	1414	1239	239
1792	1280	256	1635	1242	240
2048	1280	256	1857	1244	240
2303	1280	256	2076	1247	240
2559	1280	256	2297	1250	240
2815	1280	256	2531	1252	240
3071	1280	256	2750	1250	240
3327	1280	256	2969	1249	239
3583	1280	256	3202	1252	239
3839	1280	256	3413	1254	239
4095	1280	256	3626	1257	240
0	1536	256	112	1473	240
256	1536	256	335	1478	241
512	1536	256	553	1479	241
768	1536	256	772	1477	240
1024	1536	256	995	1479	240
1280	1536	256	1214	1484	240
1536	1536	256	1435	1486	240
1792	1536	256	1646	1482	241
2048	1536	256	1872	1486	241
2303	1536	256	2095	1494	242
2559	1536	256	2317	1495	243
2815	1536	256	2543	1492	243
3071	1536	256	2766	1492	242
3327	1536	256	2992	1496	242
3583	1536	256	3225	1498	242
3839	1536	256	3431	1500	242
4095	1536	256	3649	1504	242
0	1792	256	128	1721	243
256	1792	256	351	1723	244
512	1792	256	568	1722	243
768	1792	256	790	1724	242
1024	1792	256	1013	1728	242
1280	1792	256	1232	1732	242
1536	1792	256	1452	1733	243
1792	1792	256	1671	1733	243
2048	1792	256	1893	1736	242
2303	1792	256	2106	1735	244
2559	1792	256	2327	1734	245
2815	1792	256	2558	1735	243
3071	1792	256	2786	1738	243
3327	1792	256	3010	1741	244
3583	1792	256	3243	1744	244
3839	1792	256	3448	1745	244
4095	1792	256	3668	1750	245
0	2048	256	145	1964	246
256	2048	256	368	1965	246
512	2048	256	585	1963	245
768	2048	256	807	1967	245
1024	2048	256	1030	1974	246
1280	2048	256	1250	1980	245
1536	2048	256	1469	1978	245
1792	2048	256	1687	1976	245
2048	2048	256	1905	1973	246
2303	2048	256	2119	1975	246
2559	2048	256	2346	1978	245
2815	2048	256	2581	1982	245
3071	2048	256	2806	1985	246
3327	2048	256	3033	1989	246
3583	2048	256	3265	1990	246
3839	2048	256	3470	1994	246
4095	2048	256	3689	1998	247
0	2303	256	161	2204	248
256	2303	256	383	2202	248
512	2303	256	601	2201	247
768	2303	256	822	2204	247
1024	2303	256	1046	2213	248
1280	2303	256	1265	2217	248
1536	2303	256	1487	2219	249
1792	2303	256	1706	2218	249
2048	2303	256	1926	2216	247
2303	2303	256	2139	2217	248
2559	2303	256	2370	2222	248
2815	2303	256	2601	2225	248
3071	2303	256	2826	2225	248
3327	2303	256	3054	2230	249
3583	2303	256	3282	2231	249
3839	2303	256	3486	2234	249
4095	2303	256	3708	2239	250
0	2559	256	178	2466	250
256	2559	256	400	2466	250
512	2559	256	618	2467	250
768	2559	256	841	2471	250
1024	2559	256	1063	2474	250
1280	2559	256	1283	2478	250
1536	2559	256	1504	2481	250
1792	2559	256	1720	2476	250
2048	2559	256	1944	2479	250
2303	2559	256	2157	2480	250
2559	2559	256	2384	2481	250
2815	2559	256	2617	2486	250
3071	2559	256	2844	2490	250
3327	2559	256	3070	2492	250
3583	2559	256	3302	2499	251
3839	2559	256	3506	2501	251
4095	2559	256	3729	2507	252
0	2815	256	196	2706	252
256	2815	256	416	2709	252
512	2815	256	636	2710	252
768	2815	256	859	2713	252
1024	2815	256	1082	2719	252
1280	2815	256	1301	2721	252
1536	2815	256	1520	2720	252
1792	2815	256	1738	2720	252
2048	2815	256	1963	2724	252
2303	2815	256	2177	2726	253
2559	2815	256	2409	2731	253
2815	2815	256	2642	2736	254
3071	2815	256	2868	2739	254
3327	2815	256	3095	2741	254
3583	2815	256	3322	2746	253
3839	2815	256	3525	2745	253
4095	2815	256	3743	2748	253
0	3071	256	213	2954	253
256	3071	256	432	2953	253
512	3071	256	653	2957	253
768	3071	256	877	2963	254
1024	3071	256	1100	2969	255
1280	3071	256	1318	2969	254
1536	3071	256	1536	2965	254
1792	3071	256	1758	2971	254
2048	3071	256	1982	2973	254
2303	3071	256	2196	2977	255
2559	3071	256	2430	2981	255
2815	3071	256	2660	2983	255
3071	3071	256	2887	2988	257
3327	3071	256	3116	2992	257
3583	3071	256	3343	2997	257
3839	3071	256	3548	2998	258
4095	3071	256	3767	3000	258
0	3327	256	229	3203	257
256	3327	256	450	3205	257
512	3327	256	670	3209	258
768	3327	256	894	3213	257
1024	3327	256	1115	3215	257
1280	3327	256	1335	3217	257
1536	3327	256	1554	3217	257
1792	3327	256	1776	3221	257
2048	3327	256	2001	3224	257
2303	3327	256	2214	3228	257
2559	3327	256	2448	3231	258
2815	3327	256	2678	3234	258
3071	3327	256	2904	3236	258
3327	3327	256	3132	3238	258
3583	3327	256	3354	3241	258
3839	3327	256	3561	3244	259
4095	3327	256	3774	3240	258
0	3583	256	246	3435	259
256	3583	256	465	3438	259
512	3583	256	686	3442	260
768	3583	256	910	3445	260
1024	3583	256	1131	3446	260
1280	3583	256	1349	3446	259
1536	3583	256	1569	3448	259
1792	3583	256	1790	3449	259
2048	3583	256	2016	3455	259
2303	3583	256	2231	3460	260
2559	3583	256	2467	3465	260
2815	3583	256	2699	3471	260
3071	3583	256	2924	3473	260
3327	3583	256	3155	3478	261
3583	3583	256	3372	3478	261
3839	3583	256	3574	3472	260
4095	3583	256	3794	3478	261
0	3839	256	264	3679	261
256	3839	256	483	3685	262
512	3839	256	704	3686	262
768	3839	256	929	3690	262
1024	3839	256	1148	3689	262
1280	3839	256	1367	3690	261
1536	3839	256	1589	3694	262
1792	3839	256	1813	3700	262
2048	3839	256	2036	3703	263
2303	3839	256	2251	3709	262
2559	3839	256	2490	3713	262
2815	3839	256	2718	3717	262
3071	3839	256	2945	3720	263
3327	3839	256	3171	3719	262
3583	3839	256	3386	3717	262
3839	3839	256	3595	3721	263
4095	3839	256	3817	3726	263
0	4095	256	281	3936	264
256	4095	256	501	3939	263
512	4095	256	722	3945	264
768	4095	256	945	3940	263
1024	4095	256	1164	3939	263
1280	4095	256	1383	3944	264
1536	4095	256	1605	3951	264
1792	4095	256	1833	3959	264
2048	4095	256	2055	3963	265
2303	4095	256	2271	3964	265
2559	4095	256	2510	3972	265
2815	4095	256	2739	3975	265
3071	4095	256	2959	3970	264
3327	4095	256	3188	3970	264
3583	4095	256	3406	3976	264
3839	4095	256	3618	3982	265
4095	4095	256	3838	3985	265
0	0	512	27	3	441
256	0	512	249	4	441
512	0	512	462	5	438
768	0	512	677	6	439
1024	0	512	897	7	439
1280	0	512	1111	7	439
1536	0	512	1329	8	440
1792	0	512	1549	9	441
2048	0	512	1768	10	441
2303	0	512	1987	10	441
2559	0	512	2197	11	442
2815	0	512	2426	12	441
3071	0	512	2651	13	441
3327	0	512	2872	13	441
3583	0	512	3098	14	442
3839	0	512	3314	15	443
4095	0	512	3523	15	443
0	256	512	42	250	442
256	256	512	266	251	446
512	256	512	482	253	446
768	256	512	700	254	448
1024	256	512	922	254	448
1280	256	512	1135	255	445
1536	256	512	1351	257	445
1792	256	512	1572	258	446
2048	256	512	1791	259	447
2303	256	512	2011	260	448
2559	256	512	2226	262	448
2815	256	512	2460	262	448
3071	256	512	2685	263	448
3327	256	512	2910	264	448
3583	256	512	3135	265	448
3839	256	512	3349	266	449
4095	256	512	3556	266	448
0	512	512	58	488	451
256	512	512	281	489	450
512	512	512	498	490	448
768	512	512	716	492	448
1024	512	512	936	492	450
1280	512	512	1151	493	448
1536	512	512	1369	493	449
1792	512	512	1589	495	449
2048	512	512	1809	496	450
2303	512	512	2031	498	450
2559	512	512	2247	501	451
2815	512	512	2485	502	451
3071	512	512	2707	503	451
3327	512	512	2925	502	450
3583	512	512	3153	504	450
3839	512	512	3367	504	451
4095	512	512	3577	506	452
0	768	512	75	729	453
256	768	512	298	732	452
512	768	512	516	735	451
768	768	512	732	734	451
1024	768	512	955	735	452
1280	768	512	1170	736	451
1536	768	512	1390	737	450
1792	768	512	1610	739	451
2048	768	512	1832	741	451
2303	768	512	2049	742	452
2559	768	512	2266	744	453
2815	768	512	2497	744	453
3071	768	512	2722	745	452
3327	768	512	2943	745	452
3583	768	512	3174	748	453
3839	768	512	3386	749	454
4095	768	512	3597	751	454
0	1024	512	91	980	455
256	1024	512	315	983	455
512	1024	512	530	981	454
768	1024	512	750	983	454
1024	1024	512	972	983	454
1280	1024	512	1188	986	454
1536	1024	512	1409	988	454
1792	1024	512	1629	990	454
2048	1024	512	1848	990	455
2303	1024	512	2064	991	455
2559	1024	512	2280	992	456
2815	1024	512	2514	993	455
3071	1024	512	2743	996	455
3327	1024	512	2964	997	455
3583	1024	512	3196	999	457
3839	1024	512	3405	1000	456
4095	1024	512	3618	1002	457
0	1280	512	108	1234	459
256	1280	512	330	1235	459
512	1280	512	547	1234	455
768	1280	512	767	1236	457
1024	1280	512	991	1238	456
1280	1280	512	1204	1239	456
1536	1280	512	1426	1241	456
1792	1280	512	1643	1240	457
2048	1280	512	1864	1242	457
2303	1280	512	2081	1244	456
2559	1280	512	2301	1246	457
2815	1280	512	2539	1250	456
3071	1280	512	2763	1250	458
3327	1280	512	2985	1251	458
3583	1280	512	3220	1256	458
3839	1280	512	3430	1257	459
4095	1280	512	3645	1260	459
0	1536	512	125	1478	462
256	1536	512	347	1478	461
512	1536	512	565	1479	458
768	1536	512	787	1483	460
1024	1536	512	1011	1486	459
1280	1536	512	1224	1486	459
1536	1536	512	1443	1483	458
1792	1536	512	1660	1483	459
2048	1536	512	1883	1486	458
2303	1536	512	2101	1491	459
2559	1536	512	2326	1493	459
2815	1536	512	2556	1493	461
3071	1536	512	2783	1497	460
3327	1536	512	3004	1497	460
3583	1536	512	3238	1498	460
3839	1536	512	3447	1503	462
4095	1536	512	3666	1507	463
0	1792	512	141	1726	465
256	1792	512	364	1725	462
512	1792	512	582	1728	461
768	1792	512	806	1734	464
1024	1792	512	1029	1735	463
1280	1792	512	1246	1736	463
1536	1792	512	1462	1732	462
1792	1792	512	1682	1733	461
2048	1792	512	1905	1736	460
2303	1792	512	2122	1741	462
2559	1792	512	2347	1743	463
2815	1792	512	2580	1744	462
3071	1792	512	2806	1747	463
3327	1792	512	3029	1746	463
3583	1792	512	3265	1752	463
3839	1792	512	3466	1751	464
4095	1792	512	3673	1748	465
0	2048	512	158	1973	468
256	2048	512	379	1969	466
512	2048	512	598	1971	465
768	2048	512	821	1978	467
1024	2048	512	1044	1979	467
1280	2048	512	1256	1973	466
1536	2048	512	1477	1973	466
1792	2048	512	1699	1977	465
2048	2048	512	1922	1981	465
2303	2048	512	2139	1985	466
2559	2048	512	2367	1988	467
2815	2048	512	2600	1990	466
3071	2048	512	2826	1992	467
3327	2048	512	3050	1993	466
3583	2048	512	3279	1994	468
3839	2048	512	3476	1991	468
4095	2048	512	3695	1995	467
0	2303	512	174	2212	469
256	2303	512	396	2210	467
512	2303	512	615	2211	466
768	2303	512	837	2215	468
1024	2303	512	1060	2217	468
1280	2303	512	1273	2213	465
1536	2303	512	1496	2212	466
1792	2303	512	1715	2215	466
2048	2303	512	1939	2220	467
2303	2303	512	2155	2224	468
2559	2303	512	2385	2227	469
2815	2303	512	2615	2229	469
3071	2303	512	2842	2231	470
3327	2303	512	3068	2235	469
3583	2303	512	3290	2230	469
3839	2303	512	3491	2231	468
4095	2303	512	3717	2240	468
0	2559	512	192	2474	472
256	2559	512	413	2471	470
512	2559	512	633	2475	469
768	2559	512	855	2476	470
1024	2559	512	1074	2475	470
1280	2559	512	1294	2478	469
1536	2559	512	1515	2479	468
1792	2559	512	1736	2483	468
2048	2559	512	1960	2488	469
2303	2559	512	2174	2488	470
2559	2559	512	2405	2493	471
2815	2559	512	2638	2497	471
3071	2559	512	2862	2498	471
3327	2559	512	3084	2496	472
3583	2559	512	3309	2498	471
3839	2559	512	3515	2502	471
4095	2559	512	3733	2505	471
0	2815	512	209	2716	476
256	2815	512	430	2718	473
512	2815	512	651	2721	471
768	2815	512	873	2721	472
1024	2815	512	1094	2721	470
1280	2815	512	1313	2727	471
1536	2815	512	1537	2730	471
1792	2815	512	1758	2733	471
2048	2815	512	1981	2734	471
2303	2815	512	2195	2738	472
2559	2815	512	2428	2741	472
2815	2815	512	2658	2744	473
3071	2815	512	2880	2742	474
3327	2815	512	3103	2741	473
3583	2815	512	3329	2745	473
3839	2815	512	3533	2746	474
4095	2815	512	3756	2751	474
0	3071	512	226	2964	478
256	3071	512	447	2963	476
512	3071	512	667	2968	475
768	3071	512	891	2968	476
1024	3071	512	1109	2966	475
1280	3071	512	1329	2969	475
1536	3071	512	1552	2973	475
1792	3071	512	1774	2977	475
2048	3071	512	1997	2979	475
2303	3071	512	2214	2986	475
2559	3071	512	2448	2989	476
2815	3071	512	2674	2988	476
3071	3071	512	2897	2987	476
3327	3071	512	3123	2988	475
3583	3071	512	3348	2992	476
3839	3071	512	3556	2997	476
4095	3071	512	3778	3001	477
0	3327	512	244	3217	480
256	3327	512	465	3218	478
512	3327	512	683	3215	476
768	3327	512	907	3213	478
1024	3327	512	1127	3217	476
1280	3327	512	1348	3222	476
1536	3327	512	1571	3227	477
1792	3327	512	1796	3233	477
2048	3327	512	2018	3236	477
2303	3327	512	2232	3238	476
2559	3327	512	2470	3244	478
2815	3327	512	2691	3237	478
3071	3327	512	2914	3236	478
3327	3327	512	3143	3238	477
3583	3327	512	3365	3242	478
3839	3327	512	3575	3249	479
4095	3327	512	3794	3252	480
0	3583	512	262	3452	481
256	3583	512	481	3454	481
512	3583	512	700	3450	479
768	3583	512	924	3450	479
1024	3583	512	1145	3455	478
1280	3583	512	1366	3461	479
1536	3583	512	1589	3464	480
1792	3583	512	1812	3467	480
2048	3583	512	2037	3471	481
2303	3583	512	2250	3475	481
2559	3583	512	2482	3469	481
2815	3583	512	2712	3475	482
3071	3583	512	2936	3475	479
3327	3583	512	3166	3478	479
3583	3583	512	3387	3483	479
3839	3583	512	3596	3487	481
4095	3583	512	3817	3490	481
0	3839	512	278	3697	483
256	3839	512	497	3692	483
512	3839	512	717	3692	482
768	3839	512	942	3694	482
1024	3839	512	1161	3697	481
1280	3839	512	1383	3702	482
1536	3839	512	1606	3706	482
1792	3839	512	1830	3709	482
2048	3839	512	2051	3712	483
2303	3839	512	2265	3712	483
2559	3839	512	2502	3714	483
2815	3839	512	2730	3717	482
3071	3839	512	2956	3720	484
3327	3839	512	3186	3724	483
3583	3839	512	3405	3729	484
3839	3839	512	3616	3732	484
4095	3839	512	3838	3736	484
0	4095	512	295	3952	487
256	4095	512	515	3948	484
512	4095	512	736	3951	485
768	4095	512	962	3954	485
1024	4095	512	1182	3956	484
1280	4095	512	1404	3960	485
1536	4095	512	1626	3965	485
1792	4095	512	1851	3970	486
2048	4095	512	2071	3971	486
2303	4095	512	2285	3967	485
2559	4095	512	2522	3971	485
2815	4095	512	2750	3974	485
3071	4095	512	2976	3979	486
3327	4095	512	3209	3985	487
3583	4095	512	3425	3988	487
3839	4095	512	3637	3991	488
4095	4095	512	3858	3994	488
0	0	768	40	4	672
256	0	768	263	6	671
512	0	768	476	6	671
768	0	768	692	7	673
1024	0	768	913	8	673
1280	0	768	1127	9	674
1536	0	768	1344	9	674
1792	0	768	1561	10	673
2048	0	768	1778	11	674
2303	0	768	1996	12	674
2559	0	768	2207	12	674
2815	0	768	2441	13	675
3071	0	768	2666	14	675
3327	0	768	2889	15	676
3583	0	768	3115	15	676
3839	0	768	3330	16	677
4095	0	768	3539	16	678
0	256	768	55	252	681
256	256	768	280	253	681
512	256	768	496	255	681
768	256	768	713	255	681
1024	256	768	934	257	680
1280	256	768	1151	258	681
1536	256	768	1369	259	682
1792	256	768	1590	260	683
2048	256	768	1811	262	684
2303	256	768	2030	262	684
2559	256	768	2243	264	684
2815	256	768	2479	264	684
3071	256	768	2700	265	683
3327	256	768	2923	265	683
3583	256	768	3148	266	683
3839	256	768	3363	267	684
4095	256	768	3573	268	685
0	512	768	72	491	683
256	512	768	296	493	683
512	512	768	512	493	683
768	512	768	729	494	684
1024	512	768	950	494	683
1280	512	768	1165	495	684
1536	512	768	1387	498	685
1792	512	768	1606	499	685
2048	512	768	1828	499	686
2303	512	768	2045	501	685
2559	512	768	2258	501	686
2815	512	768	2495	504	686
3071	512	768	2718	503	686
3327	512	768	2940	505	687
3583	512	768	3170	506	687
3839	512	768	3384	508	688
4095	512	768	3597	509	689
0	768	768	88	733	688
256	768	768	312	737	687
512	768	768	528	736	686
768	768	768	746	737	686
1024	768	768	970	738	686
1280	768	768	1186	740	685
1536	768	768	1407	741	686
1792	768	768	1623	741	687
2048	768	768	1843	741	687
2303	768	768	2059	743	688
2559	768	768	2278	744	689
2815	768	768	2513	746	689
3071	768	768	2737	747	689
3327	768	768	2960	749	689
3583	768	768	3192	751	691
3839	768	768	3405	753	692
4095	768	768	3619	755	693
0	1024	768	104	983	690
256	1024	768	328	983	691
512	1024	768	545	985	689
768	1024	768	766	988	690
1024	1024	768	988	989	689
1280	1024	768	1205	992	689
1536	1024	768	1422	990	690
1792	1024	768	1641	990	690
2048	1024	768	1862	992	689
2303	1024	768	2080	993	689
2559	1024	768	2300	996	690
2815	1024	768	2536	999	691
3071	1024	768	2765	1003	693
3327	1024	768	2983	1001	693
3583	1024	768	3216	1004	694
3839	1024	768	3425	1005	695
4095	1024	768	3631	1005	693
0	1280	768	121	1235	694
256	1280	768	343	1236	692
512	1280	768	562	1237	692
768	1280	768	783	1241	693
1024	1280	768	1005	1241	693
1280	1280	768	1217	1240	693
1536	1280	768	1437	1241	694
1792	1280	768	1658	1244	691
2048	1280	768	1881	1245	692
2303	1280	768	2096	1247	692
2559	1280	768	2320	1249	694
2815	1280	768	2554	1253	695
3071	1280	768	2779	1253	696
3327	1280	768	3003	1256	695
3583	1280	768	3237	1259	696
3839	1280	768	3434	1253	696
4095	1280	768	3648	1256	697
0	1536	768	138	1481	697
256	1536	768	361	1482	695
512	1536	768	579	1485	694
768	1536	768	800	1485	696
1024	1536	768	1021	1484	695
1280	1536	768	1237	1486	695
1536	1536	768	1458	1489	694
1792	1536	768	1677	1488	694
2048	1536	768	1899	1490	696
2303	1536	768	2116	1493	696
2559	1536	768	2340	1495	696
2815	1536	768	2571	1495	697
3071	1536	768	2798	1499	697
3327	1536	768	3019	1500	698
3583	1536	768	3251	1501	698
3839	1536	768	3455	1502	699
4095	1536	768	3672	1505	697
0	1792	768	155	1728	700
256	1792	768	378	1728	698
512	1792	768	597	1731	699
768	1792	768	819	1734	699
1024	1792	768	1039	1732	697
1280	1792	768	1256	1734	697
1536	1792	768	1475	1733	697
1792	1792	768	1696	1735	699
2048	1792	768	1918	1738	699
2303	1792	768	2135	1741	699
2559	1792	768	2361	1743	700
2815	1792	768	2593	1745	700
3071	1792	768	2818	1746	701
3327	1792	768	3040	1747	700
3583	1792	768	3275	1752	700
3839	1792	768	3472	1750	700
4095	1792	768	3688	1751	701
0	2048	768	173	1973	703
256	2048	768	394	1974	701
512	2048	768	613	1976	701
768	2048	768	834	1977	702
1024	2048	768	1056	1976	700
1280	2048	768	1272	1978	700
1536	2048	768	1495	1980	700
1792	2048	768	1715	1982	701
2048	2048	768	1940	1985	702
2303	2048	768	2154	1988	702
2559	2048	768	2384	1991	703
2815	2048	768	2612	1990	704
3071	2048	768	2834	1988	704
3327	2048	768	3059	1991	703
3583	2048	768	3290	1995	705
3839	2048	768	3494	1999	705
4095	2048	768	3711	2000	703
0	2303	768	188	2214	707
256	2303	768	410	2215	705
512	2303	768	628	2214	704
768	2303	768	850	2213	704
1024	2303	768	1071	2216	703
1280	2303	768	1290	2219	703
1536	2303	768	1514	2224	704
1792	2303	768	1733	2222	704
2048	2303	768	1956	2225	705
2303	2303	768	2172	2229	706
2559	2303	768	2398	2228	706
2815	2303	768	2627	2228	707
3071	2303	768	2852	2229	705
3327	2303	768	3076	2230	706
3583	2303	768	3303	2234	707
3839	2303	768	3513	2239	708
4095	2303	768	3734	2246	708
0	2559	768	206	2478	708
256	2559	768	428	2482	709
512	2559	768	647	2481	708
768	2559	768	869	2480	707
1024	2559	768	1090	2484	707
1280	2559	768	1311	2490	706
1536	2559	768	1533	2489	708
1792	2559	768	1755	2492	708
2048	2559	768	1979	2495	708
2303	2559	768	2193	2497	708
2559	2559	768	2419	2493	709
2815	2559	768	2648	2494	708
3071	2559	768	2875	2498	709
3327	2559	768	3102	2502	708
3583	2559	768	3326	2503	709
3839	2559	768	3536	2508	711
4095	2559	768	3753	2510	713
0	2815	768	224	2725	712
256	2815	768	444	2721	711
512	2815	768	663	2719	711
768	2815	768	886	2722	710
1024	2815	768	1108	2729	710
1280	2815	768	1329	2735	712
1536	2815	768	1554	2739	712
1792	2815	768	1774	2739	713
2048	2815	768	2002	2746	712
2303	2815	768	2213	2744	713
2559	2815	768	2441	2740	712
2815	2815	768	2669	2742	710
3071	2815	768	2895	2745	711
3327	2815	768	3124	2748	713
3583	2815	768	3349	2752	713
3839	2815	768	3555	2755	714
4095	2815	768	3777	2759	715
0	3071	768	240	2974	715
256	3071	768	460	2969	714
512	3071	768	679	2968	712
768	3071	768	904	2972	712
1024	3071	768	1125	2977	713
1280	3071	768	1346	2982	715
1536	3071	768	1569	2986	716
1792	3071	768	1795	2991	716
2048	3071	768	2018	2993	718
2303	3071	768	2226	2987	718
2559	3071	768	2461	2991	717
2815	3071	768	2689	2993	714
3071	3071	768	2913	2993	715
3327	3071	768	3144	2998	716
3583	3071	768	3369	3004	717
3839	3071	768	3578	3008	718
4095	3071	768	3795	3009	718
0	3327	768	259	3227	717
256	3327	768	477	3222	717
512	3327	768	697	3222	715
768	3327	768	921	3225	715
1024	3327	768	1142	3230	716
1280	3327	768	1364	3235	717
1536	3327	768	1588	3239	718
1792	3327	768	1813	3243	719
2048	3327	768	2035	3242	720
2303	3327	768	2244	3239	719
2559	3327	768	2480	3241	718
2815	3327	768	2710	3245	719
3071	3327	768	2935	3248	719
3327	3327	768	3166	3253	719
3583	3327	768	3388	3258	720
3839	3327	768	3598	3261	721
4095	3327	768	3816	3262	721
0	3583	768	276	3463	720
256	3583	768	494	3456	720
512	3583	768	716	3461	718
768	3583	768	940	3464	718
1024	3583	768	1159	3469	719
1280	3583	768	1381	3472	720
1536	3583	768	1607	3475	721
1792	3583	768	1831	3478	722
2048	3583	768	2051	3477	721
2303	3583	768	2260	3480	720
2559	3583	768	2503	3481	720
2815	3583	768	2732	3487	721
3071	3583	768	2957	3488	722
3327	3583	768	3188	3492	723
3583	3583	768	3408	3496	724
3839	3583	768	3617	3499	725
4095	3583	768	3840	3504	725
0	3839	768	291	3700	724
256	3839	768	512	3704	722
512	3839	768	733	3707	722
768	3839	768	958	3706	722
1024	3839	768	1177	3711	723
1280	3839	768	1400	3715	723
1536	3839	768	1622	3715	724
1792	3839	768	1845	3715	725
2048	3839	768	2066	3718	724
2303	3839	768	2285	3725	725
2559	3839	768	2519	3722	725
2815	3839	768	2751	3730	725
3071	3839	768	2978	3736	726
3327	3839	768	3208	3737	726
3583	3839	768	3423	3740	727
3839	3839	768	3636	3744	728
4095	3839	768	3855	3745	729
0	4095	768	309	3956	725
256	4095	768	530	3965	726
512	4095	768	750	3962	726
768	4095	768	976	3965	726
1024	4095	768	1197	3971	725
1280	4095	768	1417	3969	727
1536	4095	768	1639	3968	726
1792	4095	768	1863	3971	725
2048	4095	768	2086	3977	725
2303	4095	768	2307	3982	727
2559	4095	768	2543	3985	726
2815	4095	768	2775	3992	726
3071	4095	768	2999	3994	728
3327	4095	768	3232	3998	729
3583	4095	768	3446	4003	729
3839	4095	768	3655	4001	730
4095	4095	768	3873	3999	730
0	0	1024	53	5	907
256	0	1024	276	6	908
512	0	1024	490	8	907
768	0	1024	707	8	908
1024	0	1024	927	9	908
1280	0	1024	1140	10	907
1536	0	1024	1356	11	907
1792	0	1024	1574	11	908
2048	0	1024	1791	12	909
2303	0	1024	2011	13	909
2559	0	1024	2224	14	910
2815	0	1024	2458	13	910
3071	0	1024	2684	14	911
3327	0	1024	2907	15	912
3583	0	1024	3132	16	910
3839	0	1024	3341	16	910
4095	0	1024	3548	17	911
0	256	1024	69	253	917
256	256	1024	293	255	914
512	256	1024	508	255	915
768	256	1024	727	257	915
1024	256	1024	949	259	916
1280	256	1024	1166	260	917
1536	256	1024	1385	260	917
1792	256	1024	1607	262	919
2048	256	1024	1827	263	917
2303	256	1024	2041	263	918
2559	256	1024	2256	264	918
2815	256	1024	2491	265	918
3071	256	1024	2714	266	918
3327	256	1024	2936	267	919
3583	256	1024	3165	267	920
3839	256	1024	3381	269	922
4095	256	1024	3591	270	922
0	512	1024	85	493	919
256	512	1024	308	493	920
512	512	1024	525	494	918
768	512	1024	742	496	918
1024	512	1024	966	497	920
1280	512	1024	1180	498	919
1536	512	1024	1400	499	919
1792	512	1024	1618	499	919
2048	512	1024	1840	501	920
2303	512	1024	2057	502	920
2559	512	1024	2273	503	922
2815	512	1024	2510	505	922
3071	512	1024	2737	507	923
3327	512	1024	2960	507	924
3583	512	1024	3192	509	925
3839	512	1024	3403	511	926
4095	512	1024	3616	512	926
0	768	1024	101	736	923
256	768	1024	325	738	921
512	768	1024	542	739	921
768	768	1024	762	740	921
1024	768	1024	986	742	922
1280	768	1024	1198	742	922
1536	768	1024	1418	742	921
1792	768	1024	1637	744	922
2048	768	1024	1860	745	924
2303	768	1024	2078	747	925
2559	768	1024	2296	748	925
2815	768	1024	2530	750	927
3071	768	1024	2758	752	927
3327	768	1024	2981	753	927
3583	768	1024	3213	755	928
3839	768	1024	3420	756	928
4095	768	1024	3630	756	928
0	1024	1024	118	987	927
256	1024	1024	341	988	925
512	1024	1024	561	991	925
768	1024	1024	781	992	926
1024	1024	1024	1002	991	927
1280	1024	1024	1217	993	927
1536	1024	1024	1437	993	925
1792	1024	1024	1658	994	925
2048	1024	1024	1880	997	926
2303	1024	1024	2098	999	927
2559	1024	1024	2320	1000	927
2815	1024	1024	2554	1002	930
3071	1024	1024	2780	1004	928
3327	1024	1024	2995	1003	928
3583	1024	1024	3228	1004	929
3839	1024	1024	3437	1007	931
4095	1024	1024	3648	1008	930
0	1280	1024	135	1241	931
256	1280	1024	358	1241	928
512	1280	1024	577	1244	929
768	1280	1024	797	1244	929
1024	1280	1024	1020	1246	928
1280	1280	1024	1234	1246	928
1536	1280	1024	1456	1248	929
1792	1280	1024	1676	1249	928
2048	1280	1024	1900	1251	930
2303	1280	1024	2116	1253	931
2559	1280	1024	2340	1255	932
2815	1280	1024	2571	1257	932
3071	1280	1024	2794	1257	933
3327	1280	1024	3019	1258	930
3583	1280	1024	3252	1260	930
3839	1280	1024	3451	1259	932
4095	1280	1024	3665	1261	933
0	1536	1024	152	1484	934
256	1536	1024	375	1487	931
512	1536	1024	593	1488	932
768	1536	1024	814	1487	931
1024	1536	1024	1036	1488	931
1280	1536	1024	1251	1490	932
1536	1536	1024	1472	1490	932
1792	1536	1024	1695	1495	933
2048	1536	1024	1918	1497	933
2303	1536	1024	2135	1500	934
2559	1536	1024	2357	1500	935
2815	1536	1024	2585	1498	935
3071	1536	1024	2811	1500	934
3327	1536	1024	3035	1502	935
3583	1536	1024	3268	1505	936
3839	1536	1024	3469	1507	936
4095	1536	1024	3689	1510	935
0	1792	1024	169	1732	936
256	1792	1024	390	1732	935
512	1792	1024	609	1732	935
768	1792	1024	831	1734	933
1024	1792	1024	1053	1736	933
1280	1792	1024	1269	1738	934
1536	1792	1024	1492	1739	934
1792	1792	1024	1709	1738	934
2048	1792	1024	1935	1742	936
2303	1792	1024	2148	1743	937
2559	1792	1024	2373	1743	937
2815	1792	1024	2605	1744	935
3071	1792	1024	2832	1748	936
3327	1792	1024	3059	1751	937
3583	1792	1024	3291	1755	938
3839	1792	1024	3493	1756	938
4095	1792	1024	3712	1759	938
0	2048	1024	187	1979	939
256	2048	1024	407	1977	938
512	2048	1024	626	1976	936
768	2048	1024	849	1979	938
1024	2048	1024	1071	1982	937
1280	2048	1024	1288	1983	937
1536	2048	1024	1513	1988	938
1792	2048	1024	1734	1990	938
2048	2048	1024	1952	1987	937
2303	2048	1024	2166	1989	939
2559	2048	1024	2395	1990	937
2815	2048	1024	2626	1992	938
3071	2048	1024	2853	1995	939
3327	2048	1024	3079	1998	941
3583	2048	1024	3308	2000	942
3839	2048	1024	3512	2003	943
4095	2048	1024	3733	2008	943
0	2303	1024	202	2217	942
256	2303	1024	424	2216	942
512	2303	1024	642	2216	940
768	2303	1024	866	2220	940
1024	2303	1024	1087	2224	941
1280	2303	1024	1306	2226	941
1536	2303	1024	1528	2226	943
1792	2303	1024	1749	2228	943
2048	2303	1024	1968	2225	942
2303	2303	1024	2183	2228	940
2559	2303	1024	2415	2232	942
2815	2303	1024	2647	2236	942
3071	2303	1024	2873	2238	943
3327	2303	1024	3099	2239	944
3583	2303	1024	3324	2241	945
3839	2303	1024	3532	2246	946
4095	2303	1024	3751	2250	946
0	2559	1024	220	2479	944
256	2559	1024	441	2482	944
512	2559	1024	661	2484	943
768	2559	1024	883	2484	943
1024	2559	1024	1105	2489	945
1280	2559	1024	1326	2494	945
1536	2559	1024	1548	2494	945
1792	2559	1024	1767	2493	945
2048	2559	1024	1990	2493	945
2303	2559	1024	2203	2496	944
2559	2559	1024	2435	2497	945
2815	2559	1024	2662	2497	945
3071	2559	1024	2890	2501	947
3327	2559	1024	3118	2505	947
3583	2559	1024	3342	2507	947
3839	2559	1024	3546	2508	949
4095	2559	1024	3770	2514	950
0	2815	1024	236	2721	947
256	2815	1024	457	2723	945
512	2815	1024	676	2725	946
768	2815	1024	902	2730	946
1024	2815	1024	1124	2736	947
1280	2815	1024	1344	2741	949
1536	2815	1024	1568	2741	949
1792	2815	1024	1785	2738	947
2048	2815	1024	2010	2741	948
2303	2815	1024	2224	2744	948
2559	2815	1024	2456	2743	949
2815	2815	1024	2684	2745	949
3071	2815	1024	2911	2748	949
3327	2815	1024	3141	2753	950
3583	2815	1024	3366	2757	950
3839	2815	1024	3573	2760	950
4095	2815	1024	3794	2764	952
0	3071	1024	254	2971	950
256	3071	1024	474	2973	948
512	3071	1024	694	2976	948
768	3071	1024	920	2982	949
1024	3071	1024	1141	2987	951
1280	3071	1024	1361	2986	952
1536	3071	1024	1582	2986	952
1792	3071	1024	1808	2992	951
2048	3071	1024	2028	2990	952
2303	3071	1024	2238	2987	951
2559	3071	1024	2475	2992	953
2815	3071	1024	2705	2996	952
3071	3071	1024	2931	3000	953
3327	3071	1024	3163	3004	954
3583	3071	1024	3385	3009	956
3839	3071	1024	3593	3011	957
4095	3071	1024	3806	3010	957
0	3327	1024	272	3223	952
256	3327	1024	491	3226	952
512	3327	1024	713	3232	953
768	3327	1024	938	3236	953
1024	3327	1024	1159	3241	955
1280	3327	1024	1379	3240	955
1536	3327	1024	1601	3239	953
1792	3327	1024	1825	3244	955
2048	3327	1024	2047	3244	954
2303	3327	1024	2260	3245	953
2559	3327	1024	2500	3251	954
2815	3327	1024	2728	3254	956
3071	3327	1024	2955	3257	956
3327	3327	1024	3186	3262	958
3583	3327	1024	3402	3261	959
3839	3327	1024	3607	3260	960
4095	3327	1024	3829	3264	958
0	3583	1024	289	3465	956
256	3583	1024	508	3465	956
512	3583	1024	730	3470	957
768	3583	1024	956	3473	958
1024	3583	1024	1173	3470	958
1280	3583	1024	1396	3475	960
1536	3583	1024	1620	3479	957
1792	3583	1024	1843	3480	958
2048	3583	1024	2062	3483	958
2303	3583	1024	2277	3487	959
2559	3583	1024	2519	3486	959
2815	3583	1024	2747	3489	960
3071	3583	1024	2974	3493	961
3327	3583	1024	3205	3497	962
3583	3583	1024	3418	3495	962
3839	3583	1024	3626	3496	960
4095	3583	1024	3849	3499	962
0	3839	1024	305	3709	961
256	3839	1024	526	3712	960
512	3839	1024	748	3716	961
768	3839	1024	974	3718	962
1024	3839	1024	1191	3715	961
1280	3839	1024	1414	3718	960
1536	3839	1024	1637	3723	963
1792	3839	1024	1862	3726	962
2048	3839	1024	2084	3731	963
2303	3839	1024	2304	3734	963
2559	3839	1024	2542	3738	963
2815	3839	1024	2769	3739	963
3071	3839	1024	2996	3744	964
3327	3839	1024	3224	3741	964
3583	3839	1024	3435	3742	964
3839	3839	1024	3647	3744	964
4095	3839	1024	3869	3748	965
0	4095	1024	323	3966	963
256	4095	1024	543	3969	964
512	4095	1024	767	3976	964
768	4095	1024	990	3970	964
1024	4095	1024	1208	3970	964
1280	4095	1024	1432	3975	963
1536	4095	1024	1655	3977	964
1792	4095	1024	1880	3982	965
2048	4095	1024	2104	3988	966
2303	4095	1024	2326	3993	967
2559	4095	1024	2563	3997	968
2815	4095	1024	2789	3997	968
3071	4095	1024	3008	3990	967
3327	4095	1024	3240	3993	968
3583	4095	1024	3452	3997	966
3839	4095	1024	3665	4001	967
4095	4095	1024	3888	4004	967
0	0	1280	66	6	1139
256	0	1280	290	7	1139
512	0	1280	505	9	1136
768	0	1280	720	10	1136
1024	0	1280	939	10	1136
1280	0	1280	1153	11	1136
1536	0	1280	1371	12	1137
1792	0	1280	1591	12	1137
2048	0	1280	1810	12	1138
2303	0	1280	2028	13	1138
2559	0	1280	2241	15	1138
2815	0	1280	2472	15	1138
3071	0	1280	2694	15	1138
3327	0	1280	2920	16	1141
3583	0	1280	3148	17	1141
3839	0	1280	3359	18	1142
4095	0	1280	3567	18	1143
0	256	1280	82	255	1147
256	256	1280	306	258	1146
512	256	1280	523	259	1147
768	256	1280	742	260	1147
1024	256	1280	965	261	1148
1280	256	1280	1179	262	1147
1536	256	1280	1399	263	1146
1792	256	1280	1618	263	1146
2048	256	1280	1838	264	1146
2303	256	1280	2055	265	1147
2559	256	1280	2273	266	1148
2815	256	1280	2508	266	1149
3071	256	1280	2731	267	1149
3327	256	1280	2956	269	1151
3583	256	1280	3185	270	1151
3839	256	1280	3399	270	1152
4095	256	1280	3605	271	1150
0	512	1280	99	495	1149
256	512	1280	322	496	1151
512	512	1280	540	498	1151
768	512	1280	758	499	1151
1024	512	1280	982	500	1151
1280	512	1280	1194	500	1149
1536	512	1280	1415	500	1150
1792	512	1280	1634	502	1150
2048	512	1280	1857	504	1152
2303	512	1280	2073	505	1152
2559	512	1280	2292	506	1152
2815	512	1280	2528	507	1154
3071	512	1280	2756	509	1155
3327	512	1280	2980	511	1155
3583	512	1280	3207	510	1154
3839	512	1280	3413	511	1153
4095	512	1280	3625	512	1154
0	768	1280	115	740	1154
256	768	1280	339	741	1151
512	768	1280	557	742	1153
768	768	1280	776	742	1152
1024	768	1280	999	744	1153
1280	768	1280	1212	744	1153
1536	768	1280	1433	745	1153
1792	768	1280	1654	747	1154
2048	768	1280	1878	750	1157
2303	768	1280	2095	751	1156
2559	768	1280	2314	751	1157
2815	768	1280	2547	753	1156
3071	768	1280	2770	753	1156
3327	768	1280	2994	754	1156
3583	768	1280	3225	756	1156
3839	768	1280	3432	757	1155
4095	768	1280	3644	759	1158
0	1024	1280	132	989	1158
256	1024	1280	355	990	1155
512	1024	1280	573	991	1155
768	1024	1280	793	991	1154
1024	1024	1280	1014	991	1155
1280	1024	1280	1230	995	1155
1536	1024	1280	1452	997	1155
1792	1024	1280	1673	998	1156
2048	1024	1280	1897	1001	1157
2303	1024	1280	2113	1002	1159
2559	1024	1280	2334	1003	1158
2815	1024	1280	2563	1003	1159
3071	1024	1280	2789	1004	1159
3327	1024	1280	3011	1006	1160
3583	1024	1280	3243	1007	1160
3839	1024	1280	3449	1009	1161
4095	1024	1280	3663	1010	1162
0	1280	1280	149	1250	1162
256	1280	1280	372	1248	1159
512	1280	1280	588	1243	1156
768	1280	1280	810	1245	1156
1024	1280	1280	1032	1248	1157
1280	1280	1280	1248	1250	1158
1536	1280	1280	1471	1250	1158
1792	1280	1280	1692	1253	1159
2048	1280	1280	1915	1255	1161
2303	1280	1280	2128	1255	1161
2559	1280	1280	2351	1255	1161
2815	1280	1280	2583	1257	1160
3071	1280	1280	2807	1258	1161
3327	1280	1280	3032	1261	1163
3583	1280	1280	3266	1262	1164
3839	1280	1280	3471	1266	1166
4095	1280	1280	3687	1267	1167
0	1536	1280	166	1490	1168
256	1536	1280	389	1490	1167
512	1536	1280	607	1490	1160
768	1536	1280	830	1493	1161
1024	1536	1280	1052	1495	1161
1280	1536	1280	1269	1497	1162
1536	1536	1280	1490	1497	1162
1792	1536	1280	1709	1498	1162
2048	1536	1280	1932	1500	1164
2303	1536	1280	2147	1501	1164
2559	1536	1280	2372	1502	1162
2815	1536	1280	2603	1504	1164
3071	1536	1280	2829	1506	1164
3327	1536	1280	3055	1507	1165
3583	1536	1280	3285	1510	1166
3839	1536	1280	3490	1512	1166
4095	1536	1280	3708	1515	1169
0	1792	1280	183	1735	1167
256	1792	1280	404	1735	1166
512	1792	1280	624	1737	1164
768	1792	1280	847	1741	1165
1024	1792	1280	1070	1742	1166
1280	1792	1280	1289	1746	1168
1536	1792	1280	1510	1746	1167
1792	1792	1280	1724	1743	1166
2048	1792	1280	1949	1745	1165
2303	1792	1280	2163	1747	1166
2559	1792	1280	2393	1750	1166
2815	1792	1280	2624	1753	1167
3071	1792	1280	2852	1755	1168
3327	1792	1280	3079	1758	1169
3583	1792	1280	3310	1762	1170
3839	1792	1280	3511	1762	1171
4095	1792	1280	3732	1765	1172
0	2048	1280	199	1981	1170
256	2048	1280	421	1981	1168
512	2048	1280	640	1983	1167
768	2048	1280	865	1986	1169
1024	2048	1280	1089	1993	1170
1280	2048	1280	1312	2002	1173
1536	2048	1280	1533	2000	1172
1792	2048	1280	1755	2002	1172
2048	2048	1280	1971	1996	1169
2303	2048	1280	2183	1995	1170
2559	2048	1280	2415	1998	1170
2815	2048	1280	2648	2001	1172
3071	2048	1280	2875	2004	1173
3327	2048	1280	3099	2005	1174
3583	2048	1280	3325	2007	1175
3839	2048	1280	3532	2009	1175
4095	2048	1280	3743	2008	1175
0	2303	1280	216	2222	1175
256	2303	1280	438	2222	1171
512	2303	1280	657	2225	1171
768	2303	1280	882	2228	1172
1024	2303	1280	1102	2229	1174
1280	2303	1280	1321	2228	1178
1536	2303	1280	1542	2228	1177
1792	2303	1280	1762	2230	1177
2048	2303	1280	1982	2228	1177
2303	2303	1280	2196	2230	1174
2559	2303	1280	2430	2234	1174
2815	2303	1280	2661	2237	1176
3071	2303	1280	2888	2241	1178
3327	2303	1280	3117	2245	1177
3583	2303	1280	3339	2243	1177
3839	2303	1280	3539	2241	1178
4095	2303	1280	3760	2247	1176
0	2559	1280	234	2480	1177
256	2559	1280	454	2484	1174
512	2559	1280	675	2488	1175
768	2559	1280	898	2492	1176
1024	2559	1280	1118	2491	1176
1280	2559	1280	1337	2492	1174
1536	2559	1280	1562	2496	1175
1792	2559	1280	1782	2498	1175
2048	2559	1280	2003	2495	1175
2303	2559	1280	2215	2497	1174
2559	2559	1280	2449	2499	1175
2815	2559	1280	2679	2503	1178
3071	2559	1280	2908	2506	1178
3327	2559	1280	3138	2511	1180
3583	2559	1280	3359	2512	1180
3839	2559	1280	3559	2509	1178
4095	2559	1280	3781	2514	1179
0	2815	1280	250	2727	1180
256	2815	1280	471	2730	1176
512	2815	1280	691	2734	1177
768	2815	1280	917	2737	1178
1024	2815	1280	1135	2737	1178
1280	2815	1280	1355	2736	1176
1536	2815	1280	1578	2739	1178
1792	2815	1280	1799	2738	1179
2048	2815	1280	2020	2739	1178
2303	2815	1280	2236	2745	1178
2559	2815	1280	2469	2745	1179
2815	2815	1280	2701	2749	1180
3071	2815	1280	2927	2752	1181
3327	2815	1280	3152	2752	1182
3583	2815	1280	3369	2751	1183
3839	2815	1280	3578	2753	1181
4095	2815	1280	3798	2758	1183
0	3071	1280	269	2978	1181
256	3071	1280	488	2982	1181
512	3071	1280	709	2981	1182
768	3071	1280	931	2979	1182
1024	3071	1280	1150	2980	1183
1280	3071	1280	1372	2982	1180
1536	3071	1280	1595	2986	1181
1792	3071	1280	1819	2990	1180
2048	3071	1280	2040	2990	1181
2303	3071	1280	2253	2993	1183
2559	3071	1280	2491	2995	1183
2815	3071	1280	2723	3002	1183
3071	3071	1280	2944	3000	1185
3327	3071	1280	3171	2999	1184
3583	3071	1280	3391	3002	1183
3839	3071	1280	3602	3007	1184
4095	3071	1280	3817	3007	1185
0	3327	1280	286	3228	1184
256	3327	1280	504	3229	1184
512	3327	1280	726	3233	1186
768	3327	1280	950	3234	1184
1024	3327	1280	1169	3234	1183
1280	3327	1280	1390	3236	1183
1536	3327	1280	1614	3240	1184
1792	3327	1280	1838	3245	1186
2048	3327	1280	2060	3246	1184
2303	3327	1280	2275	3248	1185
2559	3327	1280	2512	3250	1185
2815	3327	1280	2743	3256	1187
3071	3327	1280	2965	3255	1188
3327	3327	1280	3193	3255	1187
3583	3327	1280	3409	3256	1187
3839	3327	1280	3616	3257	1189
4095	3327	1280	3836	3260	1188
0	3583	1280	302	3467	1187
256	3583	1280	521	3466	1187
512	3583	1280	744	3474	1187
768	3583	1280	971	3480	1189
1024	3583	1280	1189	3480	1188
1280	3583	1280	1409	3476	1187
1536	3583	1280	1630	3474	1188
1792	3583	1280	1855	3477	1189
2048	3583	1280	2077	3482	1189
2303	3583	1280	2295	3486	1191
2559	3583	1280	2534	3491	1191
2815	3583	1280	2756	3485	1190
3071	3583	1280	2980	3486	1191
3327	3583	1280	3212	3488	1190
3583	3583	1280	3425	3491	1191
3839	3583	1280	3639	3497	1191
4095	3583	1280	3862	3501	1191
0	3839	1280	319	3711	1192
256	3839	1280	538	3713	1190
512	3839	1280	761	3715	1190
768	3839	1280	987	3719	1190
1024	3839	1280	1204	3718	1195
1280	3839	1280	1427	3721	1194
1536	3839	1280	1651	3724	1191
1792	3839	1280	1875	3729	1192
2048	3839	1280	2098	3733	1193
2303	3839	1280	2319	3736	1194
2559	3839	1280	2553	3735	1195
2815	3839	1280	2778	3733	1195
3071	3839	1280	3004	3738	1193
3327	3839	1280	3236	3740	1194
3583	3839	1280	3446	3741	1194
3839	3839	1280	3659	3744	1194
4095	3839	1280	3880	3746	1196
0	4095	1280	336	3967	1194
256	4095	1280	557	3971	1194
512	4095	1280	779	3968	1194
768	4095	1280	1003	3968	1194
1024	4095	1280	1222	3974	1194
1280	4095	1280	1445	3977	1194
1536	4095	1280	1670	3982	1196
1792	4095	1280	1895	3988	1197
2048	4095	1280	2115	3989	1198
2303	4095	1280	2333	3984	1198
2559	4095	1280	2570	3988	1197
2815	4095	1280	2796	3989	1197
3071	4095	1280	3021	3991	1197
3327	4095	1280	3253	3993	1198
3583	4095	1280	3461	3993	1199
3839	4095	1280	3676	3999	1199
4095	4095	1280	3901	4005	1200
0	0	1536	80	8	1379
256	0	1536	303	8	1376
512	0	1536	516	9	1375
768	0	1536	732	10	1376
1024	0	1536	951	11	1375
1280	0	1536	1167	12	1377
1536	0	1536	1386	12	1378
1792	0	1536	1606	13	1379
2048	0	1536	1824	14	1377
2303	0	1536	2039	14	1379
2559	0	1536	2254	15	1379
2815	0	1536	2487	16	1380
3071	0	1536	2709	17	1380
3327	0	1536	2932	18	1380
3583	0	1536	3163	18	1382
3839	0	1536	3376	19	1384
4095	0	1536	3586	20	1385
0	256	1536	96	258	1389
256	256	1536	319	259	1388
512	256	1536	537	260	1389
768	256	1536	755	262	1386
1024	256	1536	977	261	1386
1280	256	1536	1191	262	1387
1536	256	1536	1412	264	1387
1792	256	1536	1632	265	1388
2048	256	1536	1853	265	1389
2303	256	1536	2071	266	1391
2559	256	1536	2291	268	1392
2815	256	1536	2525	269	1393
3071	256	1536	2752	269	1391
3327	256	1536	2969	270	1391
3583	256	1536	3199	271	1391
3839	256	1536	3410	272	1393
4095	256	1536	3620	272	1393
0	512	1536	111	498	1393
256	512	1536	336	499	1394
512	512	1536	553	501	1391
768	512	1536	772	499	1390
1024	512	1536	994	501	1391
1280	512	1536	1208	502	1391
1536	512	1536	1429	503	1391
1792	512	1536	1650	503	1393
2048	512	1536	1872	505	1394
2303	512	1536	2090	507	1395
2559	512	1536	2313	509	1396
2815	512	1536	2546	510	1395
3071	512	1536	2770	510	1395
3327	512	1536	2991	511	1396
3583	512	1536	3218	512	1395
3839	512	1536	3426	512	1395
4095	512	1536	3641	514	1397
0	768	1536	129	742	1398
256	768	1536	353	744	1395
512	768	1536	570	743	1395
768	768	1536	789	743	1393
1024	768	1536	1011	745	1395
1280	768	1536	1227	747	1396
1536	768	1536	1449	747	1396
1792	768	1536	1670	749	1397
2048	768	1536	1893	751	1397
2303	768	1536	2107	752	1396
2559	768	1536	2327	752	1397
2815	768	1536	2560	753	1397
3071	768	1536	2784	754	1398
3327	768	1536	3009	756	1399
3583	768	1536	3239	756	1399
3839	768	1536	3445	758	1400
4095	768	1536	3660	760	1402
0	1024	1536	146	990	1401
256	1024	1536	368	991	1399
512	1024	1536	586	992	1397
768	1024	1536	807	994	1396
1024	1024	1536	1028	995	1396
1280	1024	1536	1244	997	1396
1536	1024	1536	1468	1000	1398
1792	1024	1536	1686	1000	1398
2048	1024	1536	1908	1001	1399
2303	1024	1536	2124	1003	1400
2559	1024	1536	2348	1004	1400
2815	1024	1536	2577	1004	1400
3071	1024	1536	2803	1006	1402
3327	1024	1536	3028	1007	1403
3583	1024	1536	3260	1009	1403
3839	1024	1536	3466	1012	1405
4095	1024	1536	3682	1014	1406
0	1280	1536	162	1247	1404
256	1280	1536	384	1246	1401
512	1280	1536	602	1245	1399
768	1280	1536	825	1248	1400
1024	1280	1536	1047	1251	1401
1280	1280	1536	1264	1254	1403
1536	1280	1536	1481	1250	1401
1792	1280	1536	1703	1252	1402
2048	1280	1536	1926	1254	1401
2303	1280	1536	2140	1256	1401
2559	1280	1536	2365	1257	1402
2815	1280	1536	2597	1258	1402
3071	1280	1536	2823	1261	1405
3327	1280	1536	3050	1264	1408
3583	1280	1536	3281	1266	1409
3839	1280	1536	3485	1268	1408
4095	1280	1536	3703	1269	1410
0	1536	1536	180	1496	1410
256	1536	1536	401	1493	1406
512	1536	1536	620	1492	1403
768	1536	1536	843	1495	1404
1024	1536	1536	1065	1497	1406
1280	1536	1536	1281	1497	1407
1536	1536	1536	1508	1504	1405
1792	1536	1536	1730	1506	1406
2048	1536	1536	1947	1503	1406
2303	1536	1536	2161	1504	1406
2559	1536	1536	2388	1505	1405
2815	1536	1536	2619	1507	1406
3071	1536	1536	2845	1508	1407
3327	1536	1536	3072	1511	1409
3583	1536	1536	3303	1514	1411
3839	1536	1536	3501	1512	1410
4095	1536	1536	3721	1516	1412
0	1792	1536	197	1740	1414
256	1792	1536	418	1740	1411
512	1792	1536	639	1743	1408
768	1792	1536	862	1746	1410
1024	1792	1536	1085	1748	1410
1280	1792	1536	1303	1748	1409
1536	1792	1536	1525	1750	1413
1792	1792	1536	1741	1748	1412
2048	1792	1536	1965	1750	1413
2303	1792	1536	2181	1753	1410
2559	1792	1536	2412	1756	1412
2815	1792	1536	2642	1757	1412
3071	1792	1536	2869	1760	1413
3327	1792	1536	3094	1760	1412
3583	1792	1536	3317	1760	1414
3839	1792	1536	3520	1761	1413
4095	1792	1536	3743	1766	1414
0	2048	1536	213	1984	1415
256	2048	1536	436	1987	1412
512	2048	1536	655	1990	1414
768	2048	1536	879	1991	1414
1024	2048	1536	1100	1992	1415
1280	2048	1536	1321	1995	1415
1536	2048	1536	1542	1997	1415
1792	2048	1536	1764	2000	1414
2048	2048	1536	1986	1998	1414
2303	2048	1536	2198	1998	1414
2559	2048	1536	2431	2002	1416
2815	2048	1536	2663	2005	1417
3071	2048	1536	2887	2005	1418
3327	2048	1536	3112	2006	1418
3583	2048	1536	3337	2007	1417
3839	2048	1536	3544	2010	1418
4095	2048	1536	3755	2008	1418
0	2303	1536	230	2227	1420
256	2303	1536	451	2229	1416
512	2303	1536	672	2232	1418
768	2303	1536	895	2231	1417
1024	2303	1536	1115	2230	1416
1280	2303	1536	1334	2232	1417
1536	2303	1536	1558	2235	1418
1792	2303	1536	1778	2235	1419
2048	2303	1536	2002	2238	1419
2303	2303	1536	2215	2239	1419
2559	2303	1536	2449	2242	1419
2815	2303	1536	2680	2244	1421
3071	2303	1536	2904	2246	1421
3327	2303	1536	3131	2247	1421
3583	2303	1536	3354	2248	1421
3839	2303	1536	3557	2247	1422
4095	2303	1536	3776	2251	1421
0	2559	1536	248	2489	1425
256	2559	1536	468	2491	1420
512	2559	1536	689	2493	1421
768	2559	1536	911	2492	1421
1024	2559	1536	1131	2493	1419
1280	2559	1536	1351	2495	1418
1536	2559	1536	1575	2498	1420
1792	2559	1536	1798	2502	1420
2048	2559	1536	2019	2501	1421
2303	2559	1536	2231	2502	1421
2559	2559	1536	2469	2506	1422
2815	2559	1536	2694	2506	1423
3071	2559	1536	2920	2507	1423
3327	2559	1536	3149	2511	1423
3583	2559	1536	3370	2512	1424
3839	2559	1536	3576	2514	1424
4095	2559	1536	3799	2520	1425
0	2815	1536	267	2744	1429
256	2815	1536	488	2749	1425
512	2815	1536	709	2749	1425
768	2815	1536	931	2743	1423
1024	2815	1536	1149	2739	1422
1280	2815	1536	1370	2742	1422
1536	2815	1536	1593	2745	1423
1792	2815	1536	1817	2747	1425
2048	2815	1536	2037	2747	1423
2303	2815	1536	2253	2751	1424
2559	2815	1536	2489	2753	1425
2815	2815	1536	2714	2752	1426
3071	2815	1536	2937	2752	1424
3327	2815	1536	3166	2753	1425
3583	2815	1536	3384	2755	1426
3839	2815	1536	3598	2762	1427
4095	2815	1536	3827	2772	1431
0	3071	1536	283	2988	1432
256	3071	1536	503	2991	1432
512	3071	1536	723	2986	1432
768	3071	1536	945	2982	1430
1024	3071	1536	1168	2991	1427
1280	3071	1536	1392	3000	1428
1536	3071	1536	1615	3000	1428
1792	3071	1536	1834	2996	1428
2048	3071	1536	2057	2998	1428
2303	3071	1536	2272	3002	1430
2559	3071	1536	2504	2997	1429
2815	3071	1536	2731	2998	1429
3071	3071	1536	2956	3001	1427
3327	3071	1536	3186	3004	1428
3583	3071	1536	3405	3007	1428
3839	3071	1536	3616	3010	1430
4095	3071	1536	3837	3014	1435
0	3327	1536	299	3238	1431
256	3327	1536	519	3240	1431
512	3327	1536	739	3235	1430
768	3327	1536	964	3235	1428
1024	3327	1536	1182	3238	1428
1280	3327	1536	1406	3243	1433
1536	3327	1536	1631	3248	1434
1792	3327	1536	1855	3252	1432
2048	3327	1536	2077	3254	1432
2303	3327	1536	2293	3256	1433
2559	3327	1536	2525	3250	1430
2815	3327	1536	2753	3254	1431
3071	3327	1536	2979	3257	1432
3327	3327	1536	3210	3260	1433
3583	3327	1536	3425	3261	1433
3839	3327	1536	3634	3262	1434
4095	3327	1536	3858	3267	1435
0	3583	1536	316	3476	1434
256	3583	1536	535	3470	1433
512	3583	1536	759	3484	1434
768	3583	1536	984	3480	1432
1024	3583	1536	1202	3482	1432
1280	3583	1536	1423	3479	1432
1536	3583	1536	1646	3480	1434
1792	3583	1536	1872	3485	1435
2048	3583	1536	2091	3486	1436
2303	3583	1536	2308	3483	1436
2559	3583	1536	2543	3486	1434
2815	3583	1536	2770	3487	1434
3071	3583	1536	2995	3491	1436
3327	3583	1536	3228	3493	1437
3583	3583	1536	3439	3495	1438
3839	3583	1536	3654	3500	1438
4095	3583	1536	3879	3507	1439
0	3839	1536	332	3716	1439
256	3839	1536	551	3712	1436
512	3839	1536	775	3718	1440
768	3839	1536	999	3716	1438
1024	3839	1536	1217	3719	1437
1280	3839	1536	1440	3722	1438
1536	3839	1536	1665	3728	1437
1792	3839	1536	1888	3729	1437
2048	3839	1536	2108	3728	1438
2303	3839	1536	2328	3732	1436
2559	3839	1536	2564	3734	1437
2815	3839	1536	2793	3738	1438
3071	3839	1536	3018	3741	1438
3327	3839	1536	3251	3744	1440
3583	3839	1536	3462	3746	1440
3839	3839	1536	3675	3750	1441
4095	3839	1536	3898	3752	1444
0	4095	1536	349	3973	1441
256	4095	1536	569	3970	1438
512	4095	1536	792	3974	1439
768	4095	1536	1018	3975	1439
1024	4095	1536	1235	3979	1439
1280	4095	1536	1460	3981	1440
1536	4095	1536	1680	3980	1440
1792	4095	1536	1905	3981	1441
2048	4095	1536	2123	3983	1439
2303	4095	1536	2346	3984	1440
2559	4095	1536	2582	3988	1441
2815	4095	1536	2810	3992	1443
3071	4095	1536	3039	4000	1443
3327	4095	1536	3272	4003	1444
3583	4095	1536	3480	4003	1445
3839	4095	1536	3694	4005	1446
4095	4095	1536	3920	4011	1447
0	0	1792	93	9	1617
256	0	1792	314	10	1616
512	0	1792	529	10	1615
768	0	1792	743	11	1614
1024	0	1792	966	12	1615
1280	0	1792	1181	13	1617
1536	0	1792	1399	14	1616
1792	0	1792	1616	14	1617
2048	0	1792	1836	15	1618
2303	0	1792	2052	16	1619
2559	0	1792	2268	17	1620
2815	0	1792	2500	17	1620
3071	0	1792	2725	18	1621
3327	0	1792	2948	19	1621
3583	0	1792	3179	20	1622
3839	0	1792	3391	20	1624
4095	0	1792	3602	21	1626
0	256	1792	109	260	1631
256	256	1792	333	261	1629
512	256	1792	550	261	1627
768	256	1792	767	262	1625
1024	256	1792	990	263	1625
1280	256	1792	1203	263	1626
1536	256	1792	1427	265	1628
1792	256	1792	1647	266	1629
2048	256	1792	1870	267	1630
2303	256	1792	2088	268	1633
2559	256	1792	2309	269	1631
2815	256	1792	2537	270	1632
3071	256	1792	2764	271	1631
3327	256	1792	2985	271	1632
3583	256	1792	3215	272	1632
3839	256	1792	3424	273	1635
4095	256	1792	3638	275	1636
0	512	1792	125	499	1636
256	512	1792	349	501	1633
512	512	1792	566	501	1631
768	512	1792	785	501	1629
1024	512	1792	1006	501	1631
1280	512	1792	1222	503	1631
1536	512	1792	1444	505	1632
1792	512	1792	1665	506	1633
2048	512	1792	1888	507	1634
2303	512	1792	2105	509	1634
2559	512	1792	2327	510	1634
2815	512	1792	2559	511	1634
3071	512	1792	2781	511	1635
3327	512	1792	3004	512	1636
3583	512	1792	3236	514	1637
3839	512	1792	3444	515	1638
4095	512	1792	3658	516	1640
0	768	1792	142	746	1638
256	768	1792	365	747	1637
512	768	1792	584	747	1637
768	768	1792	803	746	1638
1024	768	1792	1026	747	1639
1280	768	1792	1241	750	1640
1536	768	1792	1465	751	1637
1792	768	1792	1683	750	1634
2048	768	1792	1904	751	1635
2303	768	1792	2119	752	1635
2559	768	1792	2343	754	1637
2815	768	1792	2576	755	1638
3071	768	1792	2799	756	1639
3327	768	1792	3024	757	1640
3583	768	1792	3257	759	1641
3839	768	1792	3462	760	1643
4095	768	1792	3678	762	1643
0	1024	1792	160	998	1644
256	1024	1792	383	999	1642
512	1024	1792	602	999	1640
768	1024	1792	825	1001	1640
1024	1024	1792	1047	1002	1640
1280	1024	1792	1264	1006	1642
1536	1024	1792	1481	1000	1638
1792	1024	1792	1698	1000	1638
2048	1024	1792	1921	1002	1639
2303	1024	1792	2137	1004	1640
2559	1024	1792	2364	1006	1641
2815	1024	1792	2595	1007	1642
3071	1024	1792	2821	1009	1643
3327	1024	1792	3045	1010	1645
3583	1024	1792	3279	1012	1645
3839	1024	1792	3484	1015	1646
4095	1024	1792	3695	1015	1646
0	1280	1792	175	1246	1646
256	1280	1792	397	1246	1643
512	1280	1792	616	1249	1643
768	1280	1792	839	1252	1645
1024	1280	1792	1061	1253	1645
1280	1280	1792	1275	1252	1646
1536	1280	1792	1494	1251	1645
1792	1280	1792	1716	1255	1640
2048	1280	1792	1939	1257	1640
2303	1280	1792	2155	1258	1642
2559	1280	1792	2382	1260	1645
2815	1280	1792	2615	1263	1647
3071	1280	1792	2842	1265	1647
3327	1280	1792	3067	1266	1645
3583	1280	1792	3291	1265	1648
3839	1280	1792	3497	1268	1648
4095	1280	1792	3714	1270	1650
0	1536	1792	193	1497	1649
256	1536	1792	414	1495	1643
512	1536	1792	634	1496	1643
768	1536	1792	857	1498	1645
1024	1536	1792	1078	1499	1646
1280	1536	1792	1295	1499	1644
1536	1536	1792	1519	1504	1644
1792	1536	1792	1742	1507	1645
2048	1536	1792	1962	1506	1645
2303	1536	1792	2176	1508	1647
2559	1536	1792	2406	1509	1647
2815	1536	1792	2636	1510	1648
3071	1536	1792	2860	1510	1649
3327	1536	1792	3082	1511	1650
3583	1536	1792	3314	1515	1652
3839	1536	1792	3516	1515	1652
4095	1536	1792	3737	1518	1653
0	1792	1792	209	1742	1654
256	1792	1792	434	1750	1652
512	1792	1792	654	1751	1650
768	1792	1792	877	1750	1650
1024	1792	1792	1097	1750	1649
1280	1792	1792	1316	1751	1649
1536	1792	1792	1537	1751	1651
1792	1792	1792	1757	1752	1652
2048	1792	1792	1982	1755	1653
2303	1792	1792	2197	1758	1652
2559	1792	1792	2430	1760	1653
2815	1792	1792	2657	1760	1653
3071	1792	1792	2880	1759	1653
3327	1792	1792	3103	1759	1651
3583	1792	1792	3329	1759	1654
3839	1792	1792	3535	1763	1654
4095	1792	1792	3753	1765	1656
0	2048	1792	227	1990	1658
256	2048	1792	450	1992	1654
512	2048	1792	668	1990	1659
768	2048	1792	891	1989	1655
1024	2048	1792	1110	1990	1652
1280	2048	1792	1331	1991	1653
1536	2048	1792	1554	1996	1654
1792	2048	1792	1776	1998	1655
2048	2048	1792	1999	2000	1655
2303	2048	1792	2215	2004	1656
2559	2048	1792	2448	2006	1658
2815	2048	1792	2675	2005	1658
3071	2048	1792	2898	2005	1656
3327	2048	1792	3126	2007	1656
3583	2048	1792	3350	2009	1656
3839	2048	1792	3557	2011	1658
4095	2048	1792	3774	2013	1659
0	2303	1792	244	2230	1661
256	2303	1792	465	2233	1658
512	2303	1792	685	2232	1658
768	2303	1792	908	2232	1656
1024	2303	1792	1128	2233	1655
1280	2303	1792	1349	2236	1656
1536	2303	1792	1574	2240	1659
1792	2303	1792	1795	2241	1658
2048	2303	1792	2018	2242	1659
2303	2303	1792	2232	2245	1659
2559	2303	1792	2463	2244	1660
2815	2303	1792	2690	2244	1660
3071	2303	1792	2916	2245	1659
3327	2303	1792	3144	2248	1660
3583	2303	1792	3369	2252	1661
3839	2303	1792	3577	2255	1663
4095	2303	1792	3793	2254	1663
0	2559	1792	262	2493	1662
256	2559	1792	481	2492	1660
512	2559	1792	701	2492	1660
768	2559	1792	925	2493	1659
1024	2559	1792	1145	2497	1659
1280	2559	1792	1367	2502	1660
1536	2559	1792	1591	2506	1663
1792	2559	1792	1814	2507	1663
2048	2559	1792	2035	2508	1663
2303	2559	1792	2245	2506	1663
2559	2559	1792	2483	2509	1663
2815	2559	1792	2710	2510	1662
3071	2559	1792	2936	2512	1662
3327	2559	1792	3165	2516	1663
3583	2559	1792	3385	2518	1664
3839	2559	1792	3594	2520	1667
4095	2559	1792	3818	2525	1667
0	2815	1792	280	2745	1664
256	2815	1792	500	2743	1663
512	2815	1792	721	2745	1662
768	2815	1792	944	2743	1661
1024	2815	1792	1163	2744	1662
1280	2815	1792	1386	2748	1664
1536	2815	1792	1609	2751	1665
1792	2815	1792	1833	2753	1666
2048	2815	1792	2054	2754	1666
2303	2815	1792	2266	2752	1665
2559	2815	1792	2504	2756	1665
2815	2815	1792	2731	2757	1666
3071	2815	1792	2954	2758	1666
3327	2815	1792	3185	2760	1666
3583	2815	1792	3404	2764	1668
3839	2815	1792	3618	2769	1669
4095	2815	1792	3843	2776	1673
0	3071	1792	297	2992	1670
256	3071	1792	515	2989	1669
512	3071	1792	736	2988	1667
768	3071	1792	961	2990	1668
1024	3071	1792	1182	2996	1667
1280	3071	1792	1406	3003	1669
1536	3071	1792	1630	3006	1670
1792	3071	1792	1852	3005	1670
2048	3071	1792	2072	3003	1670
2303	3071	1792	2286	3004	1669
2559	3071	1792	2521	3002	1669
2815	3071	1792	2746	3002	1669
3071	3071	1792	2972	3005	1670
3327	3071	1792	3204	3010	1670
3583	3071	1792	3422	3013	1672
3839	3071	1792	3634	3018	1674
4095	3071	1792	3858	3021	1676
0	3327	1792	312	3243	1673
256	3327	1792	532	3241	1670
512	3327	1792	753	3240	1669
768	3327	1792	979	3243	1669
1024	3327	1792	1198	3247	1670
1280	3327	1792	1422	3251	1673
1536	3327	1792	1646	3255	1674
1792	3327	1792	1870	3255	1674
2048	3327	1792	2088	3254	1672
2303	3327	1792	2307	3256	1672
2559	3327	1792	2542	3258	1672
2815	3327	1792	2767	3255	1672
3071	3327	1792	2994	3261	1672
3327	3327	1792	3228	3266	1674
3583	3327	1792	3441	3269	1676
3839	3327	1792	3654	3271	1677
4095	3327	1792	3878	3276	1679
0	3583	1792	329	3481	1676
256	3583	1792	548	3476	1673
512	3583	1792	773	3483	1674
768	3583	1792	997	3482	1674
1024	3583	1792	1216	3486	1675
1280	3583	1792	1438	3487	1675
1536	3583	1792	1661	3487	1675
1792	3583	1792	1886	3488	1676
2048	3583	1792	2105	3490	1675
2303	3583	1792	2326	3492	1675
2559	3583	1792	2561	3494	1676
2815	3583	1792	2791	3499	1676
3071	3583	1792	3016	3502	1677
3327	3583	1792	3248	3504	1679
3583	3583	1792	3460	3506	1680
3839	3583	1792	3676	3512	1681
4095	3583	1792	3899	3515	1683
0	3839	1792	346	3722	1680
256	3839	1792	567	3729	1678
512	3839	1792	790	3725	1679
768	3839	1792	1014	3724	1679
1024	3839	1792	1233	3729	1679
1280	3839	1792	1455	3727	1679
1536	3839	1792	1679	3730	1679
1792	3839	1792	1902	3733	1679
2048	3839	1792	2122	3734	1679
2303	3839	1792	2344	3737	1678
2559	3839	1792	2581	3741	1680
2815	3839	1792	2810	3746	1682
3071	3839	1792	3036	3750	1682
3327	3839	1792	3268	3750	1683
3583	3839	1792	3479	3754	1683
3839	3839	1792	3693	3756	1685
4095	3839	1792	3914	3756	1687
0	4095	1792	362	3977	1680
256	4095	1792	584	3980	1683
512	4095	1792	808	3984	1681
768	4095	1792	1033	3984	1681
1024	4095	1792	1251	3989	1682
1280	4095	1792	1474	3984	1682
1536	4095	1792	1696	3986	1680
1792	4095	1792	1921	3988	1682
2048	4095	1792	2140	3991	1682
2303	4095	1792	2366	3995	1683
2559	4095	1792	2601	4000	1684
2815	4095	1792	2831	4004	1686
3071	4095	1792	3060	4013	1687
3327	4095	1792	3291	4011	1686
3583	4095	1792	3500	4016	1688
3839	4095	1792	3710	4011	1688
4095	4095	1792	3932	4012	1688
0	0	2048	106	10	1852
256	0	2048	328	11	1853
512	0	2048	543	12	1850
768	0	2048	760	13	1850
1024	0	2048	982	13	1850
1280	0	2048	1195	14	1851
1536	0	2048	1413	15	1850
1792	0	2048	1630	16	1851
2048	0	2048	1851	16	1853
2303	0	2048	2067	17	1854
2559	0	2048	2285	18	1854
2815	0	2048	2517	19	1854
3071	0	2048	2741	19	1854
3327	0	2048	2963	20	1856
3583	0	2048	3203	21	1860
3839	0	2048	3410	22	1861
4095	0	2048	3621	22	1862
0	256	2048	122	261	1866
256	256	2048	346	263	1862
512	256	2048	562	262	1860
768	256	2048	782	263	1861
1024	256	2048	1004	264	1862
1280	256	2048	1218	265	1862
1536	256	2048	1440	266	1863
1792	256	2048	1662	267	1863
2048	256	2048	1884	268	1864
2303	256	2048	2100	270	1864
2559	256	2048	2321	271	1863
2815	256	2048	2550	270	1864
3071	256	2048	2774	271	1866
3327	256	2048	3000	273	1866
3583	256	2048	3231	274	1868
3839	256	2048	3438	274	1870
4095	256	2048	3653	276	1871
0	512	2048	139	502	1869
256	512	2048	362	502	1866
512	512	2048	579	502	1866
768	512	2048	800	504	1867
1024	512	2048	1022	505	1868
1280	512	2048	1237	505	1868
1536	512	2048	1461	507	1869
1792	512	2048	1679	508	1867
2048	512	2048	1900	509	1868
2303	512	2048	2116	509	1867
2559	512	2048	2339	510	1869
2815	512	2048	2571	512	1870
3071	512	2048	2796	513	1871
3327	512	2048	3022	514	1873
3583	512	2048	3256	516	1874
3839	512	2048	3461	517	1875
4095	512	2048	3676	519	1876
0	768	2048	156	746	1872
256	768	2048	379	748	1873
512	768	2048	598	749	1874
768	768	2048	819	750	1875
1024	768	2048	1042	751	1874
1280	768	2048	1257	753	1875
1536	768	2048	1480	753	1871
1792	768	2048	1697	753	1871
2048	768	2048	1920	753	1871
2303	768	2048	2135	755	1873
2559	768	2048	2362	757	1875
2815	768	2048	2594	759	1876
3071	768	2048	2819	759	1877
3327	768	2048	3043	760	1878
3583	768	2048	3278	763	1878
3839	768	2048	3480	764	1878
4095	768	2048	3693	764	1877
0	1024	2048	173	1000	1878
256	1024	2048	396	1001	1875
512	1024	2048	616	1004	1876
768	1024	2048	839	1004	1876
1024	1024	2048	1060	1004	1879
1280	1024	2048	1278	1007	1873
1536	1024	2048	1494	1002	1873
1792	1024	2048	1715	1003	1875
2048	1024	2048	1937	1005	1876
2303	1024	2048	2153	1007	1878
2559	1024	2048	2383	1010	1880
2815	1024	2048	2616	1012	1881
3071	1024	2048	2843	1014	1881
3327	1024	2048	3066	1015	1880
3583	1024	2048	3293	1015	1879
3839	1024	2048	3499	1017	1880
4095	1024	2048	3710	1017	1880
0	1280	2048	189	1251	1883
256	1280	2048	412	1252	1878
512	1280	2048	631	1254	1879
768	1280	2048	854	1255	1880
1024	1280	2048	1074	1256	1878
1280	1280	2048	1291	1256	1879
1536	1280	2048	1512	1257	1875
1792	1280	2048	1735	1261	1876
2048	1280	2048	1958	1262	1880
2303	1280	2048	2174	1265	1883
2559	1280	2048	2403	1266	1883
2815	1280	2048	2633	1267	1882
3071	1280	2048	2857	1268	1883
3327	1280	2048	3082	1269	1881
3583	1280	2048	3303	1267	1883
3839	1280	2048	3511	1270	1885
4095	1280	2048	3729	1272	1886
0	1536	2048	207	1498	1884
256	1536	2048	428	1499	1880
512	1536	2048	648	1499	1881
768	1536	2048	871	1501	1881
1024	1536	2048	1093	1502	1880
1280	1536	2048	1311	1504	1880
1536	1536	2048	1533	1505	1880
1792	1536	2048	1755	1509	1881
2048	1536	2048	1980	1511	1883
2303	1536	2048	2194	1513	1884
2559	1536	2048	2422	1512	1884
2815	1536	2048	2649	1512	1885
3071	1536	2048	2874	1513	1884
3327	1536	2048	3098	1513	1884
3583	1536	2048	3324	1515	1888
3839	1536	2048	3533	1519	1890
4095	1536	2048	3751	1521	1890
0	1792	2048	223	1746	1887
256	1792	2048	447	1753	1887
512	1792	2048	667	1753	1886
768	1792	2048	889	1749	1884
1024	1792	2048	1110	1750	1884
1280	1792	2048	1330	1753	1886
1536	1792	2048	1551	1755	1886
1792	1792	2048	1772	1756	1887
2048	1792	2048	1997	1759	1887
2303	1792	2048	2213	1762	1889
2559	1792	2048	2444	1763	1889
2815	1792	2048	2672	1762	1887
3071	1792	2048	2895	1762	1887
3327	1792	2048	3122	1764	1888
3583	1792	2048	3348	1767	1888
3839	1792	2048	3556	1769	1891
4095	1792	2048	3770	1769	1892
0	2048	2048	241	1995	1894
256	2048	2048	462	1995	1890
512	2048	2048	682	1993	1892
768	2048	2048	905	1993	1888
1024	2048	2048	1126	1996	1888
1280	2048	2048	1347	2000	1890
1536	2048	2048	1572	2003	1892
1792	2048	2048	1794	2006	1892
2048	2048	2048	2017	2006	1893
2303	2048	2048	2229	2007	1893
2559	2048	2048	2461	2006	1892
2815	2048	2048	2689	2007	1892
3071	2048	2048	2915	2009	1892
3327	2048	2048	3144	2012	1893
3583	2048	2048	3366	2013	1894
3839	2048	2048	3573	2015	1896
4095	2048	2048	3794	2019	1896
0	2303	2048	259	2235	1896
256	2303	2048	478	2233	1893
512	2303	2048	698	2233	1892
768	2303	2048	923	2236	1891
1024	2303	2048	1145	2241	1893
1280	2303	2048	1367	2245	1895
1536	2303	2048	1592	2249	1897
1792	2303	2048	1814	2249	1898
2048	2303	2048	2033	2247	1896
2303	2303	2048	2246	2248	1897
2559	2303	2048	2480	2248	1896
2815	2303	2048	2706	2248	1895
3071	2303	2048	2934	2252	1896
3327	2303	2048	3164	2254	1897
3583	2303	2048	3386	2257	1898
3839	2303	2048	3594	2259	1899
4095	2303	2048	3814	2261	1901
0	2559	2048	276	2503	1898
256	2559	2048	495	2495	1895
512	2559	2048	715	2498	1894
768	2559	2048	941	2502	1894
1024	2559	2048	1161	2506	1897
1280	2559	2048	1385	2511	1899
1536	2559	2048	1608	2513	1901
1792	2559	2048	1829	2511	1900
2048	2559	2048	2050	2512	1899
2303	2559	2048	2261	2510	1898
2559	2559	2048	2499	2514	1899
2815	2559	2048	2729	2518	1900
3071	2559	2048	2955	2520	1900
3327	2559	2048	3185	2522	1902
3583	2559	2048	3402	2524	1903
3839	2559	2048	3612	2526	1904
4095	2559	2048	3833	2528	1905
0	2815	2048	293	2748	1902
256	2815	2048	511	2742	1901
512	2815	2048	733	2743	1896
768	2815	2048	957	2746	1898
1024	2815	2048	1178	2751	1899
1280	2815	2048	1402	2756	1901
1536	2815	2048	1624	2755	1902
1792	2815	2048	1845	2754	1900
2048	2815	2048	2067	2755	1901
2303	2815	2048	2280	2755	1900
2559	2815	2048	2518	2759	1900
2815	2815	2048	2749	2763	1903
3071	2815	2048	2973	2764	1904
3327	2815	2048	3204	2767	1905
3583	2815	2048	3421	2771	1906
3839	2815	2048	3633	2772	1907
4095	2815	2048	3854	2776	1909
0	3071	2048	310	2993	1905
256	3071	2048	529	2992	1902
512	3071	2048	751	2996	1903
768	3071	2048	978	3001	1904
1024	3071	2048	1198	3005	1905
1280	3071	2048	1422	3008	1906
1536	3071	2048	1644	3009	1906
1792	3071	2048	1866	3007	1904
2048	3071	2048	2086	3006	1904
2303	3071	2048	2302	3007	1904
2559	3071	2048	2541	3011	1906
2815	3071	2048	2768	3013	1906
3071	3071	2048	2994	3016	1908
3327	3071	2048	3226	3019	1909
3583	3071	2048	3442	3022	1910
3839	3071	2048	3656	3028	1913
4095	3071	2048	3880	3031	1914
0	3327	2048	326	3246	1907
256	3327	2048	547	3248	1907
512	3327	2048	769	3249	1906
768	3327	2048	995	3251	1908
1024	3327	2048	1214	3255	1910
1280	3327	2048	1437	3254	1910
1536	3327	2048	1658	3255	1910
1792	3327	2048	1883	3257	1909
2048	3327	2048	2102	3258	1908
2303	3327	2048	2323	3261	1908
2559	3327	2048	2560	3265	1910
2815	3327	2048	2786	3266	1910
3071	3327	2048	3013	3269	1912
3327	3327	2048	3248	3275	1913
3583	3327	2048	3461	3278	1915
3839	3327	2048	3672	3279	1916
4095	3327	2048	3892	3278	1918
0	3583	2048	343	3482	1911
256	3583	2048	563	3482	1910
512	3583	2048	787	3487	1911
768	3583	2048	1013	3491	1912
1024	3583	2048	1232	3493	1913
1280	3583	2048	1453	3491	1913
1536	3583	2048	1675	3491	1911
1792	3583	2048	1900	3493	1912
2048	3583	2048	2122	3497	1912
2303	3583	2048	2344	3501	1913
2559	3583	2048	2582	3507	1916
2815	3583	2048	2811	3510	1916
3071	3583	2048	3037	3513	1916
3327	3583	2048	3270	3516	1918
3583	3583	2048	3481	3519	1920
3839	3583	2048	3692	3518	1920
4095	3583	2048	3912	3516	1919
0	3839	2048	359	3729	1914
256	3839	2048	581	3735	1914
512	3839	2048	804	3732	1915
768	3839	2048	1030	3736	1917
1024	3839	2048	1246	3732	1916
1280	3839	2048	1470	3732	1916
1536	3839	2048	1693	3736	1915
1792	3839	2048	1919	3740	1915
2048	3839	2048	2140	3743	1917
2303	3839	2048	2364	3748	1918
2559	3839	2048	2602	3752	1921
2815	3839	2048	2831	3757	1923
3071	3839	2048	3056	3759	1923
3327	3839	2048	3289	3761	1924
3583	3839	2048	3494	3758	1922
3839	3839	2048	3708	3761	1924
4095	3839	2048	3929	3760	1922
0	4095	2048	377	3985	1917
256	4095	2048	599	3989	1919
512	4095	2048	823	3992	1919
768	4095	2048	1047	3988	1918
1024	4095	2048	1264	3989	1918
1280	4095	2048	1488	3988	1916
1536	4095	2048	1713	3995	1918
1792	4095	2048	1939	3999	1920
2048	4095	2048	2159	4003	1920
2303	4095	2048	2386	4008	1922
2559	4095	2048	2621	4012	1924
2815	4095	2048	2851	4015	1925
3071	4095	2048	3077	4020	1926
3327	4095	2048	3305	4012	1925
3583	4095	2048	3511	4017	1926
3839	4095	2048	3725	4016	1925
4095	4095	2048	3946	4016	1926
0	0	2303	120	12	2082
256	0	2303	341	12	2080
512	0	2303	558	13	2081
768	0	2303	777	14	2079
1024	0	2303	997	15	2080
1280	0	2303	1209	15	2081
1536	0	2303	1430	16	2081
1792	0	2303	1647	17	2082
2048	0	2303	1868	18	2083
2303	0	2303	2084	18	2083
2559	0	2303	2306	19	2083
2815	0	2303	2536	20	2083
3071	0	2303	2758	21	2082
3327	0	2303	2978	21	2084
3583	0	2303	3222	22	2089
3839	0	2303	3424	23	2089
4095	0	2303	3636	24	2091
0	256	2303	135	262	2091
256	256	2303	359	263	2090
512	256	2303	576	264	2090
768	256	2303	797	265	2091
1024	256	2303	1018	266	2094
1280	256	2303	1235	268	2092
1536	256	2303	1455	268	2093
1792	256	2303	1676	269	2092
2048	256	2303	1898	270	2092
2303	256	2303	2113	271	2092
2559	256	2303	2335	272	2095
2815	256	2303	2568	273	2095
3071	256	2303	2789	273	2096
3327	256	2303	3016	274	2097
3583	256	2303	3247	276	2099
3839	256	2303	3454	276	2099
4095	256	2303	3668	277	2100
0	512	2303	152	503	2097
256	512	2303	375	505	2096
512	512	2303	593	505	2097
768	512	2303	815	506	2099
1024	512	2303	1039	508	2096
1280	512	2303	1251	508	2096
1536	512	2303	1477	510	2098
1792	512	2303	1693	509	2097
2048	512	2303	1915	510	2098
2303	512	2303	2131	512	2100
2559	512	2303	2358	513	2102
2815	512	2303	2592	515	2102
3071	512	2303	2817	516	2103
3327	512	2303	3042	517	2104
3583	512	2303	3277	520	2105
3839	512	2303	3477	519	2102
4095	512	2303	3691	520	2103
0	768	2303	169	748	2101
256	768	2303	392	749	2100
512	768	2303	612	751	2101
768	768	2303	833	752	2099
1024	768	2303	1054	753	2098
1280	768	2303	1270	753	2099
1536	768	2303	1493	754	2100
1792	768	2303	1714	756	2102
2048	768	2303	1938	758	2103
2303	768	2303	2154	759	2105
2559	768	2303	2381	760	2106
2815	768	2303	2613	762	2108
3071	768	2303	2840	764	2107
3327	768	2303	3061	763	2108
3583	768	2303	3292	765	2105
3839	768	2303	3494	766	2103
4095	768	2303	3705	766	2106
0	1024	2303	186	999	2105
256	1024	2303	409	1001	2102
512	1024	2303	628	1003	2103
768	1024	2303	850	1002	2104
1024	1024	2303	1069	1001	2103
1280	1024	2303	1288	1004	2105
1536	1024	2303	1510	1006	2106
1792	1024	2303	1733	1008	2107
2048	1024	2303	1955	1009	2108
2303	1024	2303	2172	1012	2108
2559	1024	2303	2402	1014	2109
2815	1024	2303	2633	1016	2109
3071	1024	2303	2859	1016	2110
3327	1024	2303	3083	1017	2109
3583	1024	2303	3306	1017	2107
3839	1024	2303	3512	1020	2111
4095	1024	2303	3728	1020	2112
0	1280	2303	203	1255	2110
256	1280	2303	425	1256	2106
512	1280	2303	646	1259	2107
768	1280	2303	868	1259	2107
1024	1280	2303	1089	1260	2105
1280	1280	2303	1308	1262	2107
1536	1280	2303	1531	1264	2111
1792	1280	2303	1752	1266	2111
2048	1280	2303	1977	1267	2112
2303	1280	2303	2189	1268	2112
2559	1280	2303	2419	1269	2111
2815	1280	2303	2647	1269	2110
3071	1280	2303	2873	1270	2112
3327	1280	2303	3099	1272	2112
3583	1280	2303	3324	1273	2113
3839	1280	2303	3530	1275	2115
4095	1280	2303	3748	1277	2116
0	1536	2303	220	1504	2114
256	1536	2303	442	1503	2111
512	1536	2303	662	1503	2110
768	1536	2303	886	1505	2111
1024	1536	2303	1108	1508	2111
1280	1536	2303	1327	1510	2112
1536	1536	2303	1549	1511	2114
1792	1536	2303	1771	1513	2115
2048	1536	2303	1994	1514	2114
2303	1536	2303	2209	1516	2115
2559	1536	2303	2438	1515	2112
2815	1536	2303	2665	1515	2113
3071	1536	2303	2892	1517	2117
3327	1536	2303	3118	1519	2117
3583	1536	2303	3342	1518	2119
3839	1536	2303	3550	1522	2121
4095	1536	2303	3769	1524	2122
0	1792	2303	238	1753	2119
256	1792	2303	460	1753	2116
512	1792	2303	679	1752	2114
768	1792	2303	904	1753	2113
1024	1792	2303	1125	1755	2115
1280	1792	2303	1346	1757	2116
1536	1792	2303	1567	1759	2117
1792	1792	2303	1788	1760	2117
2048	1792	2303	2013	1762	2119
2303	1792	2303	2227	1765	2119
2559	1792	2303	2459	1765	2119
2815	1792	2303	2689	1767	2118
3071	1792	2303	2916	1769	2119
3327	1792	2303	3145	1772	2121
3583	1792	2303	3367	1773	2119
3839	1792	2303	3575	1776	2125
4095	1792	2303	3793	1778	2128
0	2048	2303	255	1998	2122
256	2048	2303	476	1999	2120
512	2048	2303	697	2000	2119
768	2048	2303	922	2002	2119
1024	2048	2303	1144	2005	2120
1280	2048	2303	1365	2008	2122
1536	2048	2303	1589	2010	2122
1792	2048	2303	1809	2009	2121
2048	2048	2303	2032	2011	2123
2303	2048	2303	2243	2010	2122
2559	2048	2303	2477	2010	2122
2815	2048	2303	2707	2013	2123
3071	2048	2303	2935	2016	2124
3327	2048	2303	3164	2019	2126
3583	2048	2303	3386	2020	2127
3839	2048	2303	3593	2021	2128
4095	2048	2303	3815	2026	2130
0	2303	2303	272	2238	2124
256	2303	2303	491	2237	2122
512	2303	2303	712	2239	2122
768	2303	2303	939	2244	2124
1024	2303	2303	1161	2250	2126
1280	2303	2303	1384	2253	2127
1536	2303	2303	1606	2252	2128
1792	2303	2303	1828	2252	2127
2048	2303	2303	2048	2252	2126
2303	2303	2303	2261	2253	2126
2559	2303	2303	2501	2256	2127
2815	2303	2303	2729	2258	2127
3071	2303	2303	2956	2261	2129
3327	2303	2303	3187	2264	2131
3583	2303	2303	3406	2264	2132
3839	2303	2303	3613	2265	2132
4095	2303	2303	3832	2267	2134
0	2559	2303	290	2510	2129
256	2559	2303	510	2506	2127
512	2559	2303	732	2510	2126
768	2559	2303	959	2514	2128
1024	2559	2303	1178	2517	2131
1280	2559	2303	1401	2518	2131
1536	2559	2303	1623	2518	2130
1792	2559	2303	1845	2517	2129
2048	2559	2303	2066	2519	2129
2303	2559	2303	2281	2519	2129
2559	2559	2303	2521	2524	2131
2815	2559	2303	2749	2526	2132
3071	2559	2303	2976	2530	2134
3327	2559	2303	3206	2530	2135
3583	2559	2303	3423	2532	2136
3839	2559	2303	3631	2533	2136
4095	2559	2303	3850	2533	2136
0	2815	2303	307	2753	2133
256	2815	2303	526	2753	2131
512	2815	2303	749	2754	2131
768	2815	2303	975	2759	2133
1024	2815	2303	1195	2760	2134
1280	2815	2303	1417	2762	2134
1536	2815	2303	1640	2762	2133
1792	2815	2303	1862	2762	2131
2048	2815	2303	2083	2762	2132
2303	2815	2303	2299	2764	2132
2559	2815	2303	2538	2768	2134
2815	2815	2303	2764	2769	2135
3071	2815	2303	2993	2773	2136
3327	2815	2303	3225	2777	2138
3583	2815	2303	3438	2777	2138
3839	2815	2303	3647	2777	2139
4095	2815	2303	3871	2781	2139
0	3071	2303	323	3000	2135
256	3071	2303	544	3005	2135
512	3071	2303	767	3008	2136
768	3071	2303	995	3012	2137
1024	3071	2303	1213	3012	2138
1280	3071	2303	1437	3013	2137
1536	3071	2303	1658	3012	2137
1792	3071	2303	1882	3012	2136
2048	3071	2303	2103	3015	2136
2303	3071	2303	2323	3017	2137
2559	3071	2303	2558	3019	2138
2815	3071	2303	2788	3023	2139
3071	3071	2303	3015	3028	2140
3327	3071	2303	3244	3026	2141
3583	3071	2303	3455	3027	2141
3839	3071	2303	3670	3030	2141
4095	3071	2303	3892	3033	2143
0	3327	2303	340	3255	2137
256	3327	2303	561	3257	2139
512	3327	2303	785	3259	2141
768	3327	2303	1009	3258	2140
1024	3327	2303	1228	3261	2141
1280	3327	2303	1451	3260	2140
1536	3327	2303	1674	3261	2140
1792	3327	2303	1899	3264	2139
2048	3327	2303	2120	3267	2140
2303	3327	2303	2343	3270	2141
2559	3327	2303	2579	3274	2143
2815	3327	2303	2808	3277	2145
3071	3327	2303	3033	3280	2145
3327	3327	2303	3266	3281	2147
3583	3327	2303	3475	3281	2145
3839	3327	2303	3687	3282	2144
4095	3327	2303	3907	3282	2146
0	3583	2303	357	3489	2142
256	3583	2303	578	3492	2142
512	3583	2303	802	3497	2143
768	3583	2303	1027	3496	2143
1024	3583	2303	1246	3497	2142
1280	3583	2303	1469	3498	2142
1536	3583	2303	1693	3500	2142
1792	3583	2303	1919	3505	2143
2048	3583	2303	2141	3509	2145
2303	3583	2303	2366	3514	2146
2559	3583	2303	2602	3517	2149
2815	3583	2303	2828	3517	2149
3071	3583	2303	3051	3515	2148
3327	3583	2303	3285	3519	2149
3583	3583	2303	3495	3522	2150
3839	3583	2303	3707	3523	2150
4095	3583	2303	3928	3521	2149
0	3839	2303	373	3738	2146
256	3839	2303	595	3741	2147
512	3839	2303	819	3743	2148
768	3839	2303	1044	3740	2147
1024	3839	2303	1260	3736	2144
1280	3839	2303	1486	3741	2145
1536	3839	2303	1710	3746	2146
1792	3839	2303	1937	3751	2148
2048	3839	2303	2158	3756	2150
2303	3839	2303	2385	3760	2152
2559	3839	2303	2619	3762	2153
2815	3839	2303	2846	3761	2152
3071	3839	2303	3068	3760	2151
3327	3839	2303	3305	3766	2152
3583	3839	2303	3507	3764	2152
3839	3839	2303	3723	3766	2154
4095	3839	2303	3948	3769	2154
0	4095	2303	391	3998	2150
256	4095	2303	612	3998	2150
512	4095	2303	837	3996	2150
768	4095	2303	1060	3994	2148
1024	4095	2303	1279	3995	2147
1280	4095	2303	1505	4001	2148
1536	4095	2303	1730	4007	2151
1792	4095	2303	1956	4010	2151
2048	4095	2303	2177	4014	2153
2303	4095	2303	2405	4018	2155
2559	4095	2303	2637	4018	2155
2815	4095	2303	2864	4017	2154
3071	4095	2303	3089	4019	2154
3327	4095	2303	3320	4017	2155
3583	4095	2303	3525	4020	2156
3839	4095	2303	3744	4025	2155
4095	4095	2303	3966	4026	2156
0	0	2559	132	13	2324
256	0	2559	355	14	2321
512	0	2559	571	14	2323
768	0	2559	790	15	2321
1024	0	2559	1009	16	2322
1280	0	2559	1224	17	2323
1536	0	2559	1445	17	2322
1792	0	2559	1666	18	2323
2048	0	2559	1887	19	2323
2303	0	2559	2104	20	2325
2559	0	2559	2326	20	2326
2815	0	2559	2555	21	2326
3071	0	2559	2776	22	2326
3327	0	2559	2996	23	2329
3583	0	2559	3230	23	2329
3839	0	2559	3434	24	2329
4095	0	2559	3647	25	2330
0	256	2559	149	264	2334
256	256	2559	373	265	2333
512	256	2559	591	267	2334
768	256	2559	813	268	2334
1024	256	2559	1035	269	2333
1280	256	2559	1251	270	2332
1536	256	2559	1472	270	2333
1792	256	2559	1692	271	2334
2048	256	2559	1914	272	2335
2303	256	2559	2131	273	2337
2559	256	2559	2356	274	2339
2815	256	2559	2588	275	2339
3071	256	2559	2811	276	2340
3327	256	2559	3038	277	2340
3583	256	2559	3270	278	2342
3839	256	2559	3472	278	2339
4095	256	2559	3688	280	2341
0	512	2559	166	505	2339
256	512	2559	389	507	2339
512	512	2559	609	509	2340
768	512	2559	830	509	2338
1024	512	2559	1052	510	2333
1280	512	2559	1267	510	2336
1536	512	2559	1493	512	2337
1792	512	2559	1713	514	2339
2048	512	2559	1937	514	2341
2303	512	2559	2153	516	2343
2559	512	2559	2381	518	2344
2815	512	2559	2613	519	2344
3071	512	2559	2838	519	2344
3327	512	2559	3060	520	2343
3583	512	2559	3294	522	2342
3839	512	2559	3490	522	2341
4095	512	2559	3705	522	2344
0	768	2559	182	751	2343
256	768	2559	406	753	2343
512	768	2559	625	754	2341
768	768	2559	846	754	2338
1024	768	2559	1066	753	2339
1280	768	2559	1284	755	2341
1536	768	2559	1508	756	2342
1792	768	2559	1730	758	2343
2048	768	2559	1954	761	2345
2303	768	2559	2171	763	2345
2559	768	2559	2397	763	2345
2815	768	2559	2629	764	2346
3071	768	2559	2855	766	2344
3327	768	2559	3076	765	2345
3583	768	2559	3304	766	2345
3839	768	2559	3507	767	2343
4095	768	2559	3725	770	2349
0	1024	2559	200	1003	2345
256	1024	2559	423	1004	2345
512	1024	2559	641	1004	2343
768	1024	2559	863	1004	2344
1024	1024	2559	1084	1006	2346
1280	1024	2559	1304	1008	2348
1536	1024	2559	1526	1009	2349
1792	1024	2559	1749	1012	2347
2048	1024	2559	1973	1014	2348
2303	1024	2559	2187	1014	2347
2559	1024	2559	2416	1016	2347
2815	1024	2559	2645	1016	2347
3071	1024	2559	2868	1016	2349
3327	1024	2559	3094	1017	2351
3583	1024	2559	3322	1020	2350
3839	1024	2559	3527	1021	2354
4095	1024	2559	3747	1024	2355
0	1280	2559	217	1258	2351
256	1280	2559	438	1258	2347
512	1280	2559	659	1260	2347
768	1280	2559	882	1262	2346
1024	1280	2559	1104	1263	2347
1280	1280	2559	1323	1266	2352
1536	1280	2559	1546	1267	2351
1792	1280	2559	1765	1267	2352
2048	1280	2559	1989	1267	2351
2303	1280	2559	2199	1267	2350
2559	1280	2559	2431	1269	2352
2815	1280	2559	2662	1271	2353
3071	1280	2559	2890	1273	2355
3327	1280	2559	3117	1276	2355
3583	1280	2559	3344	1277	2355
3839	1280	2559	3549	1279	2358
4095	1280	2559	3768	1282	2360
0	1536	2559	234	1506	2355
256	1536	2559	455	1505	2352
512	1536	2559	676	1507	2350
768	1536	2559	901	1509	2352
1024	1536	2559	1123	1512	2354
1280	1536	2559	1342	1514	2355
1536	1536	2559	1563	1513	2354
1792	1536	2559	1784	1514	2354
2048	1536	2559	2006	1515	2353
2303	1536	2559	2220	1516	2354
2559	1536	2559	2454	1519	2357
2815	1536	2559	2684	1519	2359
3071	1536	2559	2910	1521	2360
3327	1536	2559	3137	1523	2360
3583	1536	2559	3359	1524	2362
3839	1536	2559	3569	1527	2363
4095	1536	2559	3786	1528	2363
0	1792	2559	252	1756	2362
256	1792	2559	472	1753	2356
512	1792	2559	693	1755	2354
768	1792	2559	918	1758	2357
1024	1792	2559	1140	1761	2359
1280	1792	2559	1359	1761	2359
1536	1792	2559	1581	1761	2357
1792	1792	2559	1802	1762	2357
2048	1792	2559	2027	1765	2358
2303	1792	2559	2240	1767	2358
2559	1792	2559	2475	1768	2359
2815	1792	2559	2706	1771	2361
3071	1792	2559	2932	1774	2362
3327	1792	2559	3161	1775	2365
3583	1792	2559	3382	1775	2366
3839	1792	2559	3589	1777	2368
4095	1792	2559	3808	1780	2369
0	2048	2559	270	1999	2363
256	2048	2559	489	2003	2363
512	2048	2559	712	2006	2362
768	2048	2559	937	2009	2363
1024	2048	2559	1158	2009	2365
1280	2048	2559	1379	2011	2364
1536	2048	2559	1602	2012	2363
1792	2048	2559	1822	2010	2361
2048	2048	2559	2045	2011	2363
2303	2048	2559	2258	2014	2364
2559	2048	2559	2495	2015	2364
2815	2048	2559	2726	2019	2366
3071	2048	2559	2953	2021	2368
3327	2048	2559	3182	2023	2369
3583	2048	2559	3402	2024	2369
3839	2048	2559	3608	2025	2369
4095	2048	2559	3828	2027	2371
0	2303	2559	285	2241	2365
256	2303	2559	505	2243	2365
512	2303	2559	727	2246	2367
768	2303	2559	954	2251	2369
1024	2303	2559	1174	2253	2370
1280	2303	2559	1396	2252	2368
1536	2303	2559	1617	2251	2368
1792	2303	2559	1841	2253	2368
2048	2303	2559	2064	2257	2369
2303	2303	2559	2278	2258	2369
2559	2303	2559	2519	2263	2371
2815	2303	2559	2749	2265	2372
3071	2303	2559	2975	2268	2374
3327	2303	2559	3204	2269	2375
3583	2303	2559	3421	2270	2375
3839	2303	2559	3629	2270	2375
4095	2303	2559	3846	2269	2375
0	2559	2559	303	2511	2370
256	2559	2559	523	2514	2370
512	2559	2559	747	2517	2372
768	2559	2559	972	2519	2372
1024	2559	2559	1192	2521	2374
1280	2559	2559	1415	2522	2373
1536	2559	2559	1638	2522	2372
1792	2559	2559	1860	2522	2372
2048	2559	2559	2082	2524	2374
2303	2559	2559	2299	2527	2375
2559	2559	2559	2540	2531	2378
2815	2559	2559	2768	2533	2377
3071	2559	2559	2992	2534	2378
3327	2559	2559	3223	2536	2379
3583	2559	2559	3437	2536	2379
3839	2559	2559	3646	2536	2379
4095	2559	2559	3865	2537	2378
0	2815	2559	320	2758	2375
256	2815	2559	541	2760	2376
512	2815	2559	764	2764	2377
768	2815	2559	990	2765	2378
1024	2815	2559	1209	2765	2376
1280	2815	2559	1432	2766	2377
1536	2815	2559	1657	2770	2378
1792	2815	2559	1881	2772	2377
2048	2815	2559	2102	2773	2378
2303	2815	2559	2321	2774	2379
2559	2815	2559	2559	2777	2382
2815	2815	2559	2783	2776	2381
3071	2815	2559	3009	2778	2381
3327	2815	2559	3241	2780	2382
3583	2815	2559	3453	2780	2381
3839	2815	2559	3664	2782	2381
4095	2815	2559	3887	2785	2382
0	3071	2559	337	3009	2380
256	3071	2559	559	3014	2382
512	3071	2559	783	3017	2383
768	3071	2559	1008	3014	2381
1024	3071	2559	1226	3013	2381
1280	3071	2559	1450	3015	2380
1536	3071	2559	1673	3018	2381
1792	3071	2559	1900	3023	2383
2048	3071	2559	2122	3025	2384
2303	3071	2559	2342	3026	2384
2559	3071	2559	2576	3026	2385
2815	3071	2559	2803	3027	2384
3071	3071	2559	3029	3029	2385
3327	3071	2559	3260	3029	2385
3583	3071	2559	3468	3028	2385
3839	3071	2559	3682	3031	2385
4095	3071	2559	3905	3034	2387
0	3327	2559	354	3264	2386
256	3327	2559	575	3266	2387
512	3327	2559	800	3265	2387
768	3327	2559	1024	3262	2384
1024	3327	2559	1243	3265	2383
1280	3327	2559	1468	3270	2384
1536	3327	2559	1692	3272	2385
1792	3327	2559	1917	3275	2386
2048	3327	2559	2139	3278	2388
2303	3327	2559	2362	3281	2389
2559	3327	2559	2598	3283	2390
2815	3327	2559	2824	3282	2389
3071	3327	2559	3049	3283	2389
3327	3327	2559	3282	3286	2390
3583	3327	2559	3490	3285	2389
3839	3327	2559	3703	3286	2389
4095	3327	2559	3928	3290	2391
0	3583	2559	370	3500	2390
256	3583	2559	593	3503	2391
512	3583	2559	816	3502	2389
768	3583	2559	1041	3499	2387
1024	3583	2559	1260	3503	2388
1280	3583	2559	1487	3509	2390
1536	3583	2559	1711	3513	2391
1792	3583	2559	1938	3517	2392
2048	3583	2559	2159	3521	2393
2303	3583	2559	2386	3525	2395
2559	3583	2559	2620	3525	2396
2815	3583	2559	2843	3520	2394
3071	3583	2559	3065	3518	2392
3327	3583	2559	3298	3520	2393
3583	3583	2559	3509	3525	2395
3839	3583	2559	3727	3530	2396
4095	3583	2559	3952	3533	2397
0	3839	2559	387	3744	2393
256	3839	2559	609	3745	2393
512	3839	2559	834	3748	2393
768	3839	2559	1059	3746	2391
1024	3839	2559	1276	3746	2391
1280	3839	2559	1504	3752	2394
1536	3839	2559	1728	3756	2396
1792	3839	2559	1956	3762	2398
2048	3839	2559	2174	3762	2398
2303	3839	2559	2400	3763	2398
2559	3839	2559	2634	3766	2399
2815	3839	2559	2861	3765	2397
3071	3839	2559	3084	3763	2395
3327	3839	2559	3320	3769	2397
3583	3839	2559	3526	3773	2398
3839	3839	2559	3743	3775	2400
4095	3839	2559	3967	3777	2402
0	4095	2559	405	4003	2397
256	4095	2559	626	4001	2394
512	4095	2559	851	4001	2395
768	4095	2559	1076	4004	2395
1024	4095	2559	1296	4006	2396
1280	4095	2559	1522	4012	2397
1536	4095	2559	1748	4017	2399
1792	4095	2559	1974	4020	2401
2048	4095	2559	2192	4020	2401
2303	4095	2559	2419	4021	2400
2559	4095	2559	2651	4020	2400
2815	4095	2559	2877	4019	2400
3071	4095	2559	3104	4021	2399
3327	4095	2559	3337	4025	2401
3583	4095	2559	3543	4029	2402
3839	4095	2559	3760	4031	2403
4095	4095	2559	3986	4035	2404
0	0	2815	146	14	2579
256	0	2815	369	15	2575
512	0	2815	585	16	2576
768	0	2815	805	16	2576
1024	0	2815	1026	17	2576
1280	0	2815	1241	18	2573
1536	0	2815	1462	19	2574
1792	0	2815	1684	19	2576
2048	0	2815	1904	20	2576
2303	0	2815	2119	21	2578
2559	0	2815	2342	22	2579
2815	0	2815	2572	22	2581
3071	0	2815	2796	23	2582
3327	0	2815	3021	24	2583
3583	0	2815	3251	25	2583
3839	0	2815	3454	25	2582
4095	0	2815	3668	26	2584
0	256	2815	163	266	2588
256	256	2815	386	268	2586
512	256	2815	606	268	2586
768	256	2815	828	270	2585
1024	256	2815	1050	271	2582
1280	256	2815	1263	271	2585
1536	256	2815	1488	272	2585
1792	256	2815	1708	273	2586
2048	256	2815	1931	274	2588
2303	256	2815	2149	276	2589
2559	256	2815	2375	276	2591
2815	256	2815	2609	277	2592
3071	256	2815	2834	278	2591
3327	256	2815	3058	279	2590
3583	256	2815	3288	279	2590
3839	256	2815	3486	280	2591
4095	256	2815	3704	281	2593
0	512	2815	180	510	2591
256	512	2815	403	510	2590
512	512	2815	623	510	2588
768	512	2815	844	511	2586
1024	512	2815	1066	512	2587
1280	512	2815	1284	513	2589
1536	512	2815	1508	514	2590
1792	512	2815	1730	516	2592
2048	512	2815	1954	518	2593
2303	512	2815	2169	519	2593
2559	512	2815	2399	520	2594
2815	512	2815	2629	521	2594
3071	512	2815	2853	521	2594
3327	512	2815	3074	521	2595
3583	512	2815	3305	523	2596
3839	512	2815	3507	523	2597
4095	512	2815	3726	525	2598
0	768	2815	196	754	2596
256	768	2815	420	756	2594
512	768	2815	639	756	2592
768	768	2815	861	755	2592
1024	768	2815	1082	757	2593
1280	768	2815	1301	759	2594
1536	768	2815	1525	760	2596
1792	768	2815	1747	762	2595
2048	768	2815	1971	764	2596
2303	768	2815	2186	765	2595
2559	768	2815	2413	766	2595
2815	768	2815	2644	767	2596
3071	768	2815	2870	767	2595
3327	768	2815	3095	770	2596
3583	768	2815	3323	771	2599
3839	768	2815	3528	772	2601
4095	768	2815	3746	773	2603
0	1024	2815	214	1007	2600
256	1024	2815	436	1008	2597
512	1024	2815	656	1008	2597
768	1024	2815	879	1009	2597
1024	1024	2815	1101	1011	2598
1280	1024	2815	1320	1014	2601
1536	1024	2815	1544	1014	2598
1792	1024	2815	1763	1014	2596
2048	1024	2815	1989	1016	2596
2303	1024	2815	2199	1016	2597
2559	1024	2815	2430	1016	2599
2815	1024	2815	2659	1018	2601
3071	1024	2815	2884	1019	2602
3327	1024	2815	3112	1021	2604
3583	1024	2815	3340	1022	2605
3839	1024	2815	3546	1025	2607
4095	1024	2815	3766	1028	2606
0	1280	2815	231	1263	2604
256	1280	2815	452	1262	2599
512	1280	2815	674	1264	2599
768	1280	2815	897	1266	2600
1024	1280	2815	1120	1268	2603
1280	1280	2815	1340	1270	2602
1536	1280	2815	1561	1269	2599
1792	1280	2815	1778	1268	2600
2048	1280	2815	2001	1268	2601
2303	1280	2815	2216	1270	2602
2559	1280	2815	2451	1273	2604
2815	1280	2815	2682	1276	2605
3071	1280	2815	2909	1279	2607
3327	1280	2815	3136	1279	2609
3583	1280	2815	3361	1281	2610
3839	1280	2815	3567	1283	2610
4095	1280	2815	3783	1284	2612
0	1536	2815	247	1504	2603
256	1536	2815	468	1506	2602
512	1536	2815	689	1509	2602
768	1536	2815	916	1513	2604
1024	1536	2815	1137	1515	2605
1280	1536	2815	1356	1515	2605
1536	1536	2815	1576	1514	2602
1792	1536	2815	1799	1517	2604
2048	1536	2815	2023	1518	2605
2303	1536	2815	2235	1519	2608
2559	1536	2815	2471	1522	2609
2815	1536	2815	2701	1524	2611
3071	1536	2815	2928	1525	2613
3327	1536	2815	3157	1527	2613
3583	1536	2815	3379	1529	2613
3839	1536	2815	3585	1531	2614
4095	1536	2815	3802	1531	2612
0	1792	2815	266	1756	2609
256	1792	2815	485	1757	2604
512	1792	2815	707	1759	2606
768	1792	2815	932	1760	2607
1024	1792	2815	1154	1763	2609
1280	1792	2815	1373	1764	2608
1536	1792	2815	1595	1763	2606
1792	1792	2815	1817	1765	2608
2048	1792	2815	2042	1768	2609
2303	1792	2815	2256	1771	2610
2559	1792	2815	2491	1772	2610
2815	1792	2815	2723	1775	2613
3071	1792	2815	2950	1777	2616
3327	1792	2815	3177	1778	2617
3583	1792	2815	3397	1779	2617
3839	1792	2815	3602	1779	2616
4095	1792	2815	3819	1779	2617
0	2048	2815	282	2004	2610
256	2048	2815	504	2009	2613
512	2048	2815	726	2011	2613
768	2048	2815	952	2012	2614
1024	2048	2815	1171	2012	2613
1280	2048	2815	1393	2013	2613
1536	2048	2815	1616	2015	2613
1792	2048	2815	1839	2016	2614
2048	2048	2815	2060	2017	2615
2303	2048	2815	2275	2018	2615
2559	2048	2815	2513	2020	2616
2815	2048	2815	2743	2024	2617
3071	2048	2815	2969	2025	2619
3327	2048	2815	3198	2027	2619
3583	2048	2815	3415	2027	2619
3839	2048	2815	3621	2027	2619
4095	2048	2815	3843	2030	2621
0	2303	2815	299	2247	2616
256	2303	2815	520	2252	2617
512	2303	2815	743	2255	2620
768	2303	2815	969	2255	2619
1024	2303	2815	1187	2252	2617
1280	2303	2815	1410	2254	2616
1536	2303	2815	1633	2257	2618
1792	2303	2815	1858	2260	2620
2048	2303	2815	2080	2262	2621
2303	2303	2815	2295	2261	2620
2559	2303	2815	2537	2269	2624
2815	2303	2815	2764	2268	2623
3071	2303	2815	2989	2270	2625
3327	2303	2815	3218	2270	2624
3583	2303	2815	3432	2270	2624
3839	2303	2815	3643	2272	2623
4095	2303	2815	3863	2273	2624
0	2559	2815	317	2517	2621
256	2559	2815	537	2518	2622
512	2559	2815	760	2519	2621
768	2559	2815	985	2518	2621
1024	2559	2815	1205	2521	2620
1280	2559	2815	1430	2526	2621
1536	2559	2815	1654	2528	2622
1792	2559	2815	1876	2527	2623
2048	2559	2815	2098	2529	2625
2303	2559	2815	2316	2530	2624
2559	2559	2815	2554	2534	2628
2815	2559	2815	2781	2535	2628
3071	2559	2815	3004	2534	2626
3327	2559	2815	3235	2536	2628
3583	2559	2815	3450	2538	2627
3839	2559	2815	3661	2539	2628
4095	2559	2815	3884	2542	2629
0	2815	2815	333	2763	2627
256	2815	2815	555	2764	2626
512	2815	2815	778	2764	2625
768	2815	2815	1003	2763	2623
1024	2815	2815	1222	2768	2624
1280	2815	2815	1448	2773	2627
1536	2815	2815	1673	2776	2629
1792	2815	2815	1897	2777	2628
2048	2815	2815	2117	2778	2629
2303	2815	2815	2339	2781	2630
2559	2815	2815	2573	2780	2630
2815	2815	2815	2800	2780	2631
3071	2815	2815	3022	2778	2629
3327	2815	2815	3256	2782	2630
3583	2815	2815	3469	2785	2632
3839	2815	2815	3682	2787	2633
4095	2815	2815	3906	2790	2634
0	3071	2815	351	3017	2632
256	3071	2815	574	3020	2633
512	3071	2815	797	3018	2631
768	3071	2815	1021	3013	2628
1024	3071	2815	1240	3019	2629
1280	3071	2815	1467	3023	2633
1536	3071	2815	1690	3026	2633
1792	3071	2815	1917	3029	2634
2048	3071	2815	2138	3032	2635
2303	3071	2815	2360	3032	2636
2559	3071	2815	2593	3031	2635
2815	3071	2815	2819	3030	2634
3071	3071	2815	3042	3030	2634
3327	3071	2815	3279	3036	2635
3583	3071	2815	3488	3037	2636
3839	3071	2815	3703	3040	2638
4095	3071	2815	3927	3043	2639
0	3327	2815	368	3271	2637
256	3327	2815	589	3270	2637
512	3327	2815	813	3267	2634
768	3327	2815	1038	3267	2633
1024	3327	2815	1258	3271	2634
1280	3327	2815	1485	3277	2637
1536	3327	2815	1709	3281	2639
1792	3327	2815	1936	3285	2640
2048	3327	2815	2157	3287	2641
2303	3327	2815	2379	3287	2640
2559	3327	2815	2613	3287	2639
2815	3327	2815	2839	3285	2638
3071	3327	2815	3063	3286	2639
3327	3327	2815	3301	3293	2641
3583	3327	2815	3508	3294	2642
3839	3327	2815	3723	3296	2642
4095	3327	2815	3949	3298	2645
0	3583	2815	384	3507	2641
256	3583	2815	607	3508	2640
512	3583	2815	831	3506	2638
768	3583	2815	1056	3507	2638
1024	3583	2815	1276	3512	2640
1280	3583	2815	1503	3517	2641
1536	3583	2815	1729	3522	2644
1792	3583	2815	1956	3525	2645
2048	3583	2815	2174	3526	2646
2303	3583	2815	2401	3527	2646
2559	3583	2815	2634	3527	2646
2815	3583	2815	2860	3525	2644
3071	3583	2815	3084	3526	2644
3327	3583	2815	3318	3529	2644
3583	3583	2815	3526	3531	2647
3839	3583	2815	3746	3537	2649
4095	3583	2815	3972	3541	2650
0	3839	2815	400	3749	2642
256	3839	2815	622	3746	2641
512	3839	2815	848	3752	2642
768	3839	2815	1073	3755	2643
1024	3839	2815	1294	3759	2645
1280	3839	2815	1520	3763	2646
1536	3839	2815	1745	3767	2648
1792	3839	2815	1971	3769	2649
2048	3839	2815	2186	3764	2646
2303	3839	2815	2413	3763	2646
2559	3839	2815	2650	3770	2648
2815	3839	2815	2880	3774	2649
3071	3839	2815	3105	3774	2649
3327	3839	2815	3340	3778	2650
3583	3839	2815	3546	3782	2652
3839	3839	2815	3765	3786	2653
4095	3839	2815	3988	3787	2654
0	4095	2815	418	4006	2648
256	4095	2815	640	4004	2642
512	4095	2815	866	4009	2645
768	4095	2815	1092	4014	2647
1024	4095	2815	1313	4016	2648
1280	4095	2815	1539	4021	2649
1536	4095	2815	1763	4023	2650
1792	4095	2815	1990	4026	2651
2048	4095	2815	2206	4023	2650
2303	4095	2815	2434	4024	2648
2559	4095	2815	2668	4027	2650
2815	4095	2815	2896	4030	2652
3071	4095	2815	3125	4032	2653
3327	4095	2815	3358	4037	2655
3583	4095	2815	3564	4040	2655
3839	4095	2815	3779	4040	2656
4095	4095	2815	4003	4039	2656
0	0	3071	160	15	2813
256	0	3071	382	16	2810
512	0	3071	599	17	2811
768	0	3071	821	18	2809
1024	0	3071	1041	18	2808
1280	0	3071	1256	19	2808
1536	0	3071	1477	20	2808
1792	0	3071	1697	21	2812
2048	0	3071	1916	21	2813
2303	0	3071	2130	22	2812
2559	0	3071	2355	23	2812
2815	0	3071	2588	24	2814
3071	0	3071	2813	24	2817
3327	0	3071	3039	25	2814
3583	0	3071	3269	26	2816
3839	0	3071	3472	27	2818
4095	0	3071	3688	27	2821
0	256	3071	177	268	2822
256	256	3071	400	269	2820
512	256	3071	620	271	2817
768	256	3071	841	271	2816
1024	256	3071	1063	272	2819
1280	256	3071	1278	272	2820
1536	256	3071	1502	273	2821
1792	256	3071	1726	274	2823
2048	256	3071	1950	276	2824
2303	256	3071	2164	277	2825
2559	256	3071	2391	278	2827
2815	256	3071	2623	278	2827
3071	256	3071	2849	279	2824
3327	256	3071	3069	280	2826
3583	256	3071	3300	281	2827
3839	256	3071	3503	281	2829
4095	256	3071	3723	283	2831
0	512	3071	193	511	2829
256	512	3071	417	513	2825
512	512	3071	635	512	2822
768	512	3071	858	513	2823
1024	512	3071	1081	515	2826
1280	512	3071	1300	517	2829
1536	512	3071	1523	517	2829
1792	512	3071	1746	519	2829
2048	512	3071	1969	520	2829
2303	512	3071	2185	521	2828
2559	512	3071	2416	522	2830
2815	512	3071	2644	522	2831
3071	512	3071	2869	523	2833
3327	512	3071	3095	525	2833
3583	512	3071	3323	525	2834
3839	512	3071	3528	527	2835
4095	512	3071	3746	528	2834
0	768	3071	211	758	2833
256	768	3071	434	758	2828
512	768	3071	653	759	2830
768	768	3071	877	760	2831
1024	768	3071	1100	763	2832
1280	768	3071	1321	764	2833
1536	768	3071	1544	765	2832
1792	768	3071	1764	766	2829
2048	768	3071	1988	767	2832
2303	768	3071	2200	767	2831
2559	768	3071	2431	769	2833
2815	768	3071	2664	771	2836
3071	768	3071	2890	773	2837
3327	768	3071	3117	773	2838
3583	768	3071	3343	774	2840
3839	768	3071	3548	776	2841
4095	768	3071	3762	777	2840
0	1024	3071	228	1010	2835
256	1024	3071	450	1011	2833
512	1024	3071	672	1014	2837
768	1024	3071	896	1015	2838
1024	1024	3071	1118	1016	2837
1280	1024	3071	1337	1018	2837
1536	1024	3071	1560	1018	2833
1792	1024	3071	1777	1016	2835
2048	1024	3071	2005	1020	2836
2303	1024	3071	2218	1021	2838
2559	1024	3071	2451	1023	2840
2815	1024	3071	2682	1024	2841
3071	1024	3071	2909	1026	2842
3327	1024	3071	3136	1027	2844
3583	1024	3071	3363	1029	2844
3839	1024	3071	3569	1031	2844
4095	1024	3071	3784	1031	2841
0	1280	3071	244	1265	2838
256	1280	3071	466	1267	2835
512	1280	3071	689	1270	2840
768	1280	3071	915	1272	2840
1024	1280	3071	1135	1274	2839
1280	1280	3071	1355	1274	2838
1536	1280	3071	1576	1272	2840
1792	1280	3071	1799	1274	2841
2048	1280	3071	2022	1276	2841
2303	1280	3071	2238	1279	2842
2559	1280	3071	2473	1281	2844
2815	1280	3071	2703	1283	2846
3071	1280	3071	2930	1285	2848
3327	1280	3071	3159	1287	2849
3583	1280	3071	3381	1287	2850
3839	1280	3071	3586	1287	2847
4095	1280	3071	3798	1286	2849
0	1536	3071	263	1512	2842
256	1536	3071	484	1514	2840
512	1536	3071	705	1516	2840
768	1536	3071	931	1518	2842
1024	1536	3071	1151	1518	2841
1280	1536	3071	1372	1518	2841
1536	1536	3071	1595	1521	2843
1792	1536	3071	1819	1524	2844
2048	1536	3071	2042	1525	2845
2303	1536	3071	2255	1525	2847
2559	1536	3071	2493	1529	2848
2815	1536	3071	2725	1532	2851
3071	1536	3071	2950	1533	2852
3327	1536	3071	3181	1535	2852
3583	1536	3071	3401	1536	2850
3839	1536	3071	3606	1536	2851
4095	1536	3071	3823	1537	2852
0	1792	3071	280	1762	2844
256	1792	3071	501	1767	2847
512	1792	3071	723	1766	2845
768	1792	3071	947	1766	2844
1024	1792	3071	1168	1766	2844
1280	1792	3071	1389	1768	2844
1536	1792	3071	1612	1769	2845
1792	1792	3071	1835	1771	2846
2048	1792	3071	2059	1773	2848
2303	1792	3071	2274	1777	2849
2559	1792	3071	2513	1779	2852
2815	1792	3071	2742	1781	2855
3071	1792	3071	2970	1783	2855
3327	1792	3071	3196	1782	2853
3583	1792	3071	3413	1782	2855
3839	1792	3071	3622	1784	2857
4095	1792	3071	3842	1785	2859
0	2048	3071	296	2009	2848
256	2048	3071	518	2016	2852
512	2048	3071	740	2016	2852
768	2048	3071	966	2016	2850
1024	2048	3071	1188	2019	2850
1280	2048	3071	1411	2021	2851
1536	2048	3071	1633	2022	2852
1792	2048	3071	1858	2023	2853
2048	2048	3071	2080	2025	2854
2303	2048	3071	2296	2027	2855
2559	2048	3071	2531	2027	2854
2815	2048	3071	2762	2029	2857
3071	2048	3071	2986	2029	2856
3327	2048	3071	3216	2031	2857
3583	2048	3071	3434	2033	2859
3839	2048	3071	3646	2036	2861
4095	2048	3071	3868	2039	2862
0	2303	3071	313	2255	2855
256	2303	3071	534	2258	2857
512	2303	3071	758	2262	2858
768	2303	3071	982	2258	2853
1024	2303	3071	1202	2259	2853
1280	2303	3071	1427	2262	2856
1536	2303	3071	1652	2266	2857
1792	2303	3071	1876	2268	2859
2048	2303	3071	2097	2269	2859
2303	2303	3071	2316	2269	2860
2559	2303	3071	2553	2271	2860
2815	2303	3071	2776	2269	2857
3071	2303	3071	3001	2270	2859
3327	2303	3071	3234	2274	2860
3583	2303	3071	3449	2275	2861
3839	2303	3071	3660	2276	2862
4095	2303	3071	3882	2279	2864
0	2559	3071	331	2525	2861
256	2559	3071	552	2524	2859
512	2559	3071	775	2522	2857
768	2559	3071	1002	2527	2860
1024	2559	3071	1221	2529	2858
1280	2559	3071	1447	2534	2860
1536	2559	3071	1672	2537	2862
1792	2559	3071	1896	2538	2863
2048	2559	3071	2117	2538	2863
2303	2559	3071	2334	2536	2862
2559	2559	3071	2572	2539	2864
2815	2559	3071	2796	2538	2863
3071	2559	3071	3024	2541	2863
3327	2559	3071	3257	2544	2865
3583	2559	3071	3472	2547	2867
3839	2559	3071	3685	2551	2868
4095	2559	3071	3908	2552	2869
0	2815	3071	347	2769	2864
256	2815	3071	569	2768	2862
512	2815	3071	791	2766	2859
768	2815	3071	1018	2768	2860
1024	2815	3071	1236	2770	2861
1280	2815	3071	1462	2775	2863
1536	2815	3071	1686	2778	2865
1792	2815	3071	1910	2777	2864
2048	2815	3071	2129	2777	2863
2303	2815	3071	2352	2780	2864
2559	2815	3071	2589	2785	2867
2815	2815	3071	2820	2787	2868
3071	2815	3071	3047	2792	2870
3327	2815	3071	3280	2793	2871
3583	2815	3071	3488	2793	2871
3839	2815	3071	3703	2795	2872
4095	2815	3071	3928	2799	2875
0	3071	3071	365	3023	2869
256	3071	3071	586	3024	2868
512	3071	3071	810	3020	2865
768	3071	3071	1036	3022	2866
1024	3071	3071	1256	3026	2868
1280	3071	3071	1483	3031	2869
1536	3071	3071	1707	3033	2871
1792	3071	3071	1931	3033	2870
2048	3071	3071	2152	3035	2870
2303	3071	3071	2375	3037	2871
2559	3071	3071	2608	3035	2872
2815	3071	3071	2838	3038	2873
3071	3071	3071	3063	3040	2874
3327	3071	3071	3298	3043	2875
3583	3071	3071	3507	3045	2876
3839	3071	3071	3724	3049	2877
4095	3071	3071	3949	3052	2879
0	3327	3071	382	3274	2873
256	3327	3071	603	3270	2870
512	3327	3071	828	3273	2870
768	3327	3071	1055	3278	2872
1024	3327	3071	1274	3281	2872
1280	3327	3071	1501	3285	2875
1536	3327	3071	1726	3289	2876
1792	3327	3071	1953	3292	2878
2048	3327	3071	2172	3292	2876
2303	3327	3071	2394	3288	2876
2559	3327	3071	2627	3288	2875
2815	3327	3071	2857	3293	2877
3071	3327	3071	3084	3296	2878
3327	3327	3071	3320	3300	2881
3583	3327	3071	3526	3301	2880
3839	3327	3071	3745	3305	2882
4095	3327	3071	3971	3308	2884
0	3583	3071	398	3514	2878
256	3583	3071	621	3512	2874
512	3583	3071	846	3514	2875
768	3583	3071	1072	3516	2877
1024	3583	3071	1293	3520	2878
1280	3583	3071	1519	3523	2879
1536	3583	3071	1743	3526	2880
1792	3583	3071	1971	3529	2881
2048	3583	3071	2188	3529	2882
2303	3583	3071	2415	3529	2880
2559	3583	3071	2648	3530	2880
2815	3583	3071	2878	3533	2882
3071	3583	3071	3105	3537	2884
3327	3583	3071	3340	3538	2885
3583	3583	3071	3544	3540	2886
3839	3583	3071	3764	3544	2887
4095	3583	3071	3990	3547	2890
0	3839	3071	415	3758	2882
256	3839	3071	637	3759	2880
512	3839	3071	864	3763	2882
768	3839	3071	1090	3767	2882
1024	3839	3071	1312	3770	2884
1280	3839	3071	1538	3773	2884
1536	3839	3071	1761	3772	2884
1792	3839	3071	1985	3771	2883
2048	3839	3071	2203	3772	2883
2303	3839	3071	2432	3774	2883
2559	3839	3071	2668	3778	2885
2815	3839	3071	2897	3782	2887
3071	3839	3071	3125	3784	2888
3327	3839	3071	3358	3788	2890
3583	3839	3071	3562	3788	2890
3839	3839	3071	3783	3793	2892
4095	3839	3071	4008	3794	2892
0	4095	3071	432	4019	2885
256	4095	3071	656	4018	2884
512	4095	3071	881	4019	2884
768	4095	3071	1107	4023	2886
1024	4095	3071	1329	4027	2887
1280	4095	3071	1555	4029	2888
1536	4095	3071	1776	4026	2886
1792	4095	3071	2003	4028	2885
2048	4095	3071	2221	4031	2886
2303	4095	3071	2454	4035	2887
2559	4095	3071	2689	4039	2889
2815	4095	3071	2918	4042	2891
3071	4095	3071	3148	4046	2893
3327	4095	3071	3379	4049	2894
3583	4095	3071	3583	4049	2894
3839	4095	3071	3800	4050	2894
4095	4095	3071	4019	4043	2892
0	0	3327	174	17	3047
256	0	3327	396	17	3046
512	0	3327	614	18	3045
768	0	3327	835	19	3042
1024	0	3327	1057	20	3043
1280	0	3327	1271	20	3042
1536	0	3327	1491	21	3042
1792	0	3327	1711	22	3044
2048	0	3327	1934	23	3047
2303	0	3327	2150	23	3049
2559	0	3327	2375	24	3048
2815	0	3327	2606	25	3046
3071	0	3327	2833	26	3049
3327	0	3327	3059	26	3053
3583	0	3327	3291	27	3052
3839	0	3327	3493	28	3054
4095	0	3327	3709	29	3056
0	256	3327	191	270	3059
256	256	3327	415	271	3053
512	256	3327	635	272	3049
768	256	3327	856	273	3049
1024	256	3327	1079	274	3051
1280	256	3327	1296	275	3052
1536	256	3327	1520	276	3055
1792	256	3327	1741	277	3055
2048	256	3327	1966	277	3055
2303	256	3327	2182	279	3053
2559	256	3327	2408	279	3052
2815	256	3327	2635	280	3055
3071	256	3327	2864	280	3058
3327	256	3327	3092	282	3060
3583	256	3327	3322	283	3062
3839	256	3327	3526	284	3065
4095	256	3327	3745	284	3066
0	512	3327	208	515	3065
256	512	3327	430	515	3058
512	512	3327	649	515	3057
768	512	3327	873	515	3057
1024	512	3327	1095	517	3062
1280	512	3327	1315	519	3070
1536	512	3327	1539	520	3063
1792	512	3327	1761	521	3058
2048	512	3327	1984	521	3059
2303	512	3327	2195	521	3059
2559	512	3327	2425	522	3062
2815	512	3327	2658	523	3063
3071	512	3327	2885	525	3064
3327	512	3327	3113	526	3066
3583	512	3327	3342	528	3068
3839	512	3327	3548	529	3072
4095	512	3327	3766	530	3072
0	768	3327	225	761	3063
256	768	3327	447	762	3063
512	768	3327	668	762	3065
768	768	3327	892	763	3066
1024	768	3327	1117	767	3070
1280	768	3327	1341	772	3068
1536	768	3327	1560	769	3060
1792	768	3327	1776	767	3063
2048	768	3327	2002	769	3066
2303	768	3327	2217	771	3067
2559	768	3327	2450	772	3069
2815	768	3327	2681	774	3070
3071	768	3327	2906	775	3071
3327	768	3327	3134	776	3073
3583	768	3327	3361	777	3074
3839	768	3327	3570	779	3075
4095	768	3327	3785	780	3071
0	1024	3327	241	1012	3069
256	1024	3327	464	1016	3068
512	1024	3327	687	1018	3070
768	1024	3327	912	1020	3072
1024	1024	3327	1134	1020	3071
1280	1024	3327	1353	1021	3067
1536	1024	3327	1572	1019	3068
1792	1024	3327	1798	1023	3071
2048	1024	3327	2025	1025	3072
2303	1024	3327	2237	1026	3072
2559	1024	3327	2472	1027	3074
2815	1024	3327	2701	1028	3074
3071	1024	3327	2929	1030	3074
3327	1024	3327	3157	1031	3073
3583	1024	3327	3381	1033	3072
3839	1024	3327	3585	1034	3074
4095	1024	3327	3797	1032	3076
0	1280	3327	259	1270	3071
256	1280	3327	481	1271	3073
512	1280	3327	704	1275	3073
768	1280	3327	930	1276	3070
1024	1280	3327	1150	1276	3068
1280	1280	3327	1370	1276	3070
1536	1280	3327	1592	1277	3072
1792	1280	3327	1817	1279	3075
2048	1280	3327	2040	1282	3076
2303	1280	3327	2255	1283	3077
2559	1280	3327	2492	1286	3080
2815	1280	3327	2719	1285	3081
3071	1280	3327	2944	1286	3080
3327	1280	3327	3171	1287	3078
3583	1280	3327	3390	1287	3078
3839	1280	3327	3599	1288	3079
4095	1280	3327	3820	1291	3082
0	1536	3327	278	1518	3077
256	1536	3327	497	1520	3075
512	1536	3327	720	1520	3075
768	1536	3327	943	1518	3072
1024	1536	3327	1164	1519	3070
1280	1536	3327	1386	1523	3077
1536	1536	3327	1611	1525	3077
1792	1536	3327	1835	1528	3079
2048	1536	3327	2059	1530	3080
2303	1536	3327	2273	1532	3080
2559	1536	3327	2512	1533	3081
2815	1536	3327	2741	1535	3080
3071	1536	3327	2965	1535	3079
3327	1536	3327	3192	1535	3079
3583	1536	3327	3411	1535	3082
3839	1536	3327	3621	1537	3086
4095	1536	3327	3842	1540	3086
0	1792	3327	295	1770	3082
256	1792	3327	515	1770	3082
512	1792	3327	736	1767	3076
768	1792	3327	963	1770	3078
1024	1792	3327	1185	1773	3079
1280	1792	3327	1406	1773	3078
1536	1792	3327	1628	1773	3078
1792	1792	3327	1852	1776	3081
2048	1792	3327	2075	1778	3082
2303	1792	3327	2291	1780	3083
2559	1792	3327	2529	1781	3081
2815	1792	3327	2752	1779	3083
3071	1792	3327	2977	1780	3085
3327	1792	3327	3206	1780	3086
3583	1792	3327	3427	1784	3088
3839	1792	3327	3640	1788	3090
4095	1792	3327	3863	1791	3092
0	2048	3327	310	2011	3081
256	2048	3327	531	2015	3083
512	2048	3327	753	2015	3081
768	2048	3327	981	2019	3081
1024	2048	3327	1201	2021	3084
1280	2048	3327	1425	2022	3084
1536	2048	3327	1648	2024	3084
1792	2048	3327	1873	2027	3087
2048	2048	3327	2094	2027	3087
2303	2048	3327	2312	2028	3087
2559	2048	3327	2543	2025	3083
2815	2048	3327	2774	2029	3086
3071	2048	3327	3000	2031	3087
3327	2048	3327	3232	2032	3089
3583	2048	3327	3447	2034	3094
3839	2048	3327	3660	2037	3095
4095	2048	3327	3883	2040	3097
0	2303	3327	327	2259	3087
256	2303	3327	546	2256	3083
512	2303	3327	771	2258	3085
768	2303	3327	997	2262	3087
1024	2303	3327	1219	2267	3090
1280	2303	3327	1444	2270	3092
1536	2303	3327	1669	2273	3094
1792	2303	3327	1893	2273	3095
2048	2303	3327	2114	2273	3093
2303	2303	3327	2333	2275	3094
2559	2303	3327	2564	2270	3089
2815	2303	3327	2792	2272	3089
3071	2303	3327	3019	2274	3092
3327	2303	3327	3254	2280	3095
3583	2303	3327	3468	2282	3096
3839	2303	3327	3679	2282	3097
4095	2303	3327	3903	2285	3099
0	2559	3327	344	2529	3094
256	2559	3327	565	2524	3088
512	2559	3327	790	2529	3091
768	2559	3327	1018	2536	3095
1024	2559	3327	1237	2538	3095
1280	2559	3327	1463	2539	3097
1536	2559	3327	1687	2542	3099
1792	2559	3327	1912	2543	3099
2048	2559	3327	2130	2541	3097
2303	2559	3327	2350	2540	3097
2559	2559	3327	2589	2545	3098
2815	2559	3327	2820	2548	3099
3071	2559	3327	3045	2551	3100
3327	2559	3327	3277	2550	3101
3583	2559	3327	3488	2552	3102
3839	2559	3327	3703	2555	3103
4095	2559	3327	3927	2558	3105
0	2815	3327	361	2773	3098
256	2815	3327	582	2770	3094
512	2815	3327	807	2774	3096
768	2815	3327	1033	2776	3096
1024	2815	3327	1248	2768	3091
1280	2815	3327	1474	2773	3093
1536	2815	3327	1699	2778	3095
1792	2815	3327	1923	2778	3095
2048	2815	3327	2138	2773	3092
2303	2815	3327	2365	2779	3095
2559	2815	3327	2614	2799	3109
2815	2815	3327	2845	2802	3111
3071	2815	3327	3074	2807	3114
3327	2815	3327	3298	2798	3108
3583	2815	3327	3506	2799	3107
3839	2815	3327	3722	2801	3108
4095	2815	3327	3946	2803	3110
0	3071	3327	379	3025	3102
256	3071	3327	600	3024	3099
512	3071	3327	826	3028	3100
768	3071	3327	1051	3028	3101
1024	3071	3327	1272	3033	3103
1280	3071	3327	1497	3034	3101
1536	3071	3327	1722	3037	3103
1792	3071	3327	1944	3034	3101
2048	3071	3327	2164	3035	3100
2303	3071	3327	2389	3038	3101
2559	3071	3327	2625	3040	3107
2815	3071	3327	2854	3042	3109
3071	3071	3327	3082	3047	3112
3327	3071	3327	3314	3047	3112
3583	3071	3327	3524	3051	3112
3839	3071	3327	3740	3053	3113
4095	3071	3327	3965	3055	3114
0	3327	3327	394	3277	3105
256	3327	3327	617	3276	3103
512	3327	3327	843	3280	3105
768	3327	3327	1070	3285	3107
1024	3327	3327	1291	3290	3109
1280	3327	3327	1517	3292	3110
1536	3327	3327	1738	3288	3107
1792	3327	3327	1965	3291	3108
2048	3327	3327	2185	3295	3109
2303	3327	3327	2413	3298	3112
2559	3327	3327	2646	3298	3112
2815	3327	3327	2874	3298	3112
3071	3327	3327	3103	3303	3115
3327	3327	3327	3340	3306	3116
3583	3327	3327	3546	3309	3118
3839	3327	3327	3762	3310	3118
4095	3327	3327	3987	3312	3120
0	3583	3327	412	3519	3112
256	3583	3327	635	3519	3110
512	3583	3327	862	3523	3112
768	3583	3327	1088	3525	3113
1024	3583	3327	1310	3530	3117
1280	3583	3327	1535	3530	3115
1536	3583	3327	1756	3527	3112
1792	3583	3327	1984	3530	3113
2048	3583	3327	2204	3535	3115
2303	3583	3327	2434	3537	3117
2559	3583	3327	2667	3539	3118
2815	3583	3327	2897	3542	3119
3071	3583	3327	3125	3545	3122
3327	3583	3327	3358	3545	3122
3583	3583	3327	3559	3544	3120
3839	3583	3327	3780	3548	3123
4095	3583	3327	4007	3553	3124
0	3839	3327	428	3762	3115
256	3839	3327	652	3767	3116
512	3839	3327	880	3773	3118
768	3839	3327	1105	3774	3118
1024	3839	3327	1327	3774	3119
1280	3839	3327	1550	3772	3117
1536	3839	3327	1773	3772	3116
1792	3839	3327	2000	3775	3117
2048	3839	3327	2221	3782	3120
2303	3839	3327	2452	3784	3121
2559	3839	3327	2686	3786	3122
2815	3839	3327	2914	3788	3123
3071	3839	3327	3143	3790	3124
3327	3839	3327	3373	3792	3125
3583	3839	3327	3577	3791	3124
3839	3839	3327	3798	3795	3126
4095	3839	3327	4018	3791	3124
0	4095	3327	447	4028	3121
256	4095	3327	671	4030	3121
512	4095	3327	896	4026	3120
768	4095	3327	1121	4026	3119
1024	4095	3327	1342	4027	3119
1280	4095	3327	1568	4029	3119
1536	4095	3327	1793	4032	3120
1792	4095	3327	2019	4034	3120
2048	4095	3327	2237	4038	3122
2303	4095	3327	2472	4043	3125
2559	4095	3327	2706	4047	3127
2815	4095	3327	2935	4049	3128
3071	4095	3327	3162	4049	3127
3327	4095	3327	3390	4049	3127
3583	4095	3327	3590	4043	3125
3839	4095	3327	3811	4048	3126
4095	4095	3327	4037	4051	3128
0	0	3583	188	18	3290
256	0	3583	410	19	3285
512	0	3583	629	19	3284
768	0	3583	851	20	3286
1024	0	3583	1073	21	3284
1280	0	3583	1286	22	3285
1536	0	3583	1509	22	3285
1792	0	3583	1730	23	3286
2048	0	3583	1953	24	3283
2303	0	3583	2168	25	3283
2559	0	3583	2398	26	3286
2815	0	3583	2629	26	3289
3071	0	3583	2853	27	3291
3327	0	3583	3078	28	3294
3583	0	3583	3307	29	3294
3839	0	3583	3502	29	3298
4095	0	3583	3722	31	3303
0	256	3583	204	272	3298
256	256	3583	428	272	3294
512	256	3583	648	274	3293
768	256	3583	872	275	3293
1024	256	3583	1094	276	3294
1280	256	3583	1313	277	3297
1536	256	3583	1535	277	3295
1792	256	3583	1758	278	3290
2048	256	3583	1977	279	3291
2303	256	3583	2192	279	3294
2559	256	3583	2425	281	3295
2815	256	3583	2656	282	3297
3071	256	3583	2884	283	3300
3327	256	3583	3112	284	3303
3583	256	3583	3340	285	3303
3839	256	3583	3547	286	3307
4095	256	3583	3770	288	3306
0	512	3583	222	516	3299
256	512	3583	445	517	3296
512	512	3583	665	518	3297
768	512	3583	889	519	3298
1024	512	3583	1111	519	3302
1280	512	3583	1333	521	3304
1536	512	3583	1555	522	3300
1792	512	3583	1774	522	3299
2048	512	3583	1997	522	3299
2303	512	3583	2215	524	3300
2559	512	3583	2445	525	3301
2815	512	3583	2677	527	3304
3071	512	3583	2906	528	3308
3327	512	3583	3135	529	3310
3583	512	3583	3360	530	3311
3839	512	3583	3567	532	3313
4095	512	3583	3783	532	3313
0	768	3583	238	762	3308
256	768	3583	461	764	3307
512	768	3583	682	765	3308
768	768	3583	907	766	3308
1024	768	3583	1131	770	3307
1280	768	3583	1352	771	3303
1536	768	3583	1574	771	3302
1792	768	3583	1795	771	3305
2048	768	3583	2018	772	3307
2303	768	3583	2233	774	3308
2559	768	3583	2467	775	3311
2815	768	3583	2699	776	3312
3071	768	3583	2929	779	3312
3327	768	3583	3157	781	3311
3583	768	3583	3381	781	3309
3839	768	3583	3588	782	3312
4095	768	3583	3805	783	3312
0	1024	3583	255	1019	3310
256	1024	3583	480	1022	3311
512	1024	3583	702	1023	3314
768	1024	3583	927	1023	3309
1024	1024	3583	1147	1023	3306
1280	1024	3583	1367	1023	3308
1536	1024	3583	1589	1023	3311
1792	1024	3583	1815	1026	3314
2048	1024	3583	2040	1028	3314
2303	1024	3583	2253	1029	3316
2559	1024	3583	2491	1030	3317
2815	1024	3583	2720	1032	3312
3071	1024	3583	2947	1034	3312
3327	1024	3583	3172	1034	3313
3583	1024	3583	3393	1033	3314
3839	1024	3583	3602	1037	3315
4095	1024	3583	3820	1037	3319
0	1280	3583	274	1274	3313
256	1280	3583	496	1277	3314
512	1280	3583	719	1279	3310
768	1280	3583	943	1277	3308
1024	1280	3583	1163	1277	3311
1280	1280	3583	1386	1279	3312
1536	1280	3583	1610	1283	3314
1792	1280	3583	1836	1287	3319
2048	1280	3583	2059	1286	3319
2303	1280	3583	2275	1289	3320
2559	1280	3583	2512	1290	3314
2815	1280	3583	2734	1287	3314
3071	1280	3583	2959	1288	3318
3327	1280	3583	3189	1289	3319
3583	1280	3583	3410	1291	3321
3839	1280	3583	3621	1293	3323
4095	1280	3583	3845	1297	3325
0	1536	3583	291	1522	3315
256	1536	3583	512	1524	3316
512	1536	3583	733	1522	3311
768	1536	3583	959	1523	3312
1024	1536	3583	1181	1526	3318
1280	1536	3583	1403	1528	3318
1536	1536	3583	1629	1531	3322
1792	1536	3583	1854	1534	3324
2048	1536	3583	2077	1535	3321
2303	1536	3583	2293	1537	3318
2559	1536	3583	2523	1532	3319
2815	1536	3583	2751	1534	3320
3071	1536	3583	2981	1538	3322
3327	1536	3583	3211	1539	3324
3583	1536	3583	3430	1541	3325
3839	1536	3583	3641	1542	3328
4095	1536	3583	3863	1544	3332
0	1792	3583	307	1773	3320
256	1792	3583	527	1769	3314
512	1792	3583	751	1773	3318
768	1792	3583	979	1777	3320
1024	1792	3583	1199	1778	3320
1280	1792	3583	1422	1779	3321
1536	1792	3583	1647	1781	3324
1792	1792	3583	1872	1784	3325
2048	1792	3583	2091	1782	3329
2303	1792	3583	2307	1782	3325
2559	1792	3583	2543	1782	3329
2815	1792	3583	2772	1784	3330
3071	1792	3583	2998	1786	3330
3327	1792	3583	3231	1789	3330
3583	1792	3583	3447	1790	3331
3839	1792	3583	3660	1793	3333
4095	1792	3583	3884	1797	3335
0	2048	3583	324	2017	3321
256	2048	3583	544	2013	3315
512	2048	3583	767	2017	3318
768	2048	3583	996	2022	3323
1024	2048	3583	1217	2027	3325
1280	2048	3583	1441	2028	3326
1536	2048	3583	1664	2029	3328
1792	2048	3583	1890	2032	3330
2048	2048	3583	2112	2034	3332
2303	2048	3583	2329	2032	3329
2559	2048	3583	2568	2036	3331
2815	2048	3583	2797	2038	3334
3071	2048	3583	3021	2039	3334
3327	2048	3583	3252	2038	3334
3583	2048	3583	3467	2040	3334
3839	2048	3583	3680	2043	3337
4095	2048	3583	3903	2045	3339
0	2303	3583	340	2262	3326
256	2303	3583	561	2262	3323
512	2303	3583	786	2263	3325
768	2303	3583	1012	2267	3328
1024	2303	3583	1235	2272	3332
1280	2303	3583	1459	2274	3332
1536	2303	3583	1683	2276	3334
1792	2303	3583	1906	2275	3333
2048	2303	3583	2125	2273	3332
2303	2303	3583	2346	2275	3332
2559	2303	3583	2584	2278	3334
2815	2303	3583	2813	2280	3337
3071	2303	3583	3039	2282	3337
3327	2303	3583	3269	2282	3335
3583	2303	3583	3482	2283	3336
3839	2303	3583	3697	2287	3340
4095	2303	3583	3922	2289	3342
0	2559	3583	357	2530	3332
256	2559	3583	580	2531	3330
512	2559	3583	804	2532	3330
768	2559	3583	1032	2537	3334
1024	2559	3583	1251	2540	3335
1280	2559	3583	1476	2541	3336
1536	2559	3583	1698	2540	3335
1792	2559	3583	1923	2540	3334
2048	2559	3583	2142	2542	3334
2303	2559	3583	2366	2544	3336
2559	2559	3583	2603	2548	3338
2815	2559	3583	2833	2549	3339
3071	2559	3583	3058	2552	3341
3327	2559	3583	3294	2555	3343
3583	2559	3583	3505	2558	3345
3839	2559	3583	3721	2560	3346
4095	2559	3583	3946	2564	3348
0	2815	3583	375	2779	3338
256	2815	3583	596	2778	3336
512	2815	3583	822	2779	3336
768	2815	3583	1048	2782	3337
1024	2815	3583	1269	2787	3339
1280	2815	3583	1495	2790	3340
1536	2815	3583	1718	2790	3340
1792	2815	3583	1941	2787	3338
2048	2815	3583	2159	2787	3336
2303	2815	3583	2384	2788	3338
2559	2815	3583	2621	2792	3341
2815	2815	3583	2851	2795	3343
3071	2815	3583	3076	2798	3345
3327	2815	3583	3313	2801	3347
3583	2815	3583	3519	2802	3347
3839	2815	3583	3734	2802	3348
4095	2815	3583	3953	2801	3347
0	3071	3583	391	3024	3339
256	3071	3583	613	3025	3339
512	3071	3583	840	3030	3340
768	3071	3583	1066	3034	3343
1024	3071	3583	1286	3034	3342
1280	3071	3583	1513	3040	3345
1536	3071	3583	1733	3035	3341
1792	3071	3583	1957	3035	3340
2048	3071	3583	2178	3038	3342
2303	3071	3583	2405	3042	3343
2559	3071	3583	2640	3044	3345
2815	3071	3583	2870	3047	3348
3071	3071	3583	3098	3050	3350
3327	3071	3583	3334	3054	3351
3583	3071	3583	3540	3055	3352
3839	3071	3583	3757	3058	3354
4095	3071	3583	3981	3059	3354
0	3327	3583	408	3280	3343
256	3327	3583	632	3285	3345
512	3327	3583	858	3287	3346
768	3327	3583	1083	3287	3346
1024	3327	3583	1304	3290	3347
1280	3327	3583	1528	3287	3344
1536	3327	3583	1750	3288	3345
1792	3327	3583	1978	3291	3346
2048	3327	3583	2199	3298	3349
2303	3327	3583	2435	3309	3357
2559	3327	3583	2668	3310	3358
2815	3327	3583	2887	3299	3350
3071	3327	3583	3116	3304	3354
3327	3327	3583	3352	3308	3356
3583	3327	3583	3559	3313	3358
3839	3327	3583	3767	3304	3353
4095	3327	3583	3992	3307	3354
0	3583	3583	425	3518	3348
256	3583	3583	648	3523	3351
512	3583	3583	876	3526	3352
768	3583	3583	1100	3526	3351
1024	3583	3583	1321	3527	3352
1280	3583	3583	1543	3522	3347
1536	3583	3583	1769	3527	3350
1792	3583	3583	1998	3534	3353
2048	3583	3583	2218	3538	3356
2303	3583	3583	2448	3540	3358
2559	3583	3583	2681	3540	3361
2815	3583	3583	2909	3543	3359
3071	3583	3583	3140	3548	3361
3327	3583	3583	3369	3548	3361
3583	3583	3583	3568	3540	3356
3839	3583	3583	3786	3542	3357
4095	3583	3583	4013	3546	3358
0	3839	3583	442	3765	3353
256	3839	3583	665	3769	3354
512	3839	3583	893	3773	3356
768	3839	3583	1117	3773	3355
1024	3839	3583	1338	3769	3353
1280	3839	3583	1564	3775	3355
1536	3839	3583	1788	3776	3355
1792	3839	3583	2015	3781	3357
2048	3839	3583	2237	3787	3361
2303	3839	3583	2468	3788	3362
2559	3839	3583	2701	3789	3363
2815	3839	3583	2929	3792	3364
3071	3839	3583	3156	3792	3363
3327	3839	3583	3381	3787	3361
3583	3839	3583	3585	3786	3360
3839	3839	3583	3804	3790	3360
4095	3839	3583	4032	3794	3362
0	4095	3583	459	4023	3357
256	4095	3583	683	4025	3357
512	4095	3583	909	4024	3355
768	4095	3583	1134	4024	3355
1024	4095	3583	1357	4030	3357
1280	4095	3583	1583	4034	3358
1536	4095	3583	1808	4036	3359
1792	4095	3583	2035	4039	3361
2048	4095	3583	2254	4046	3364
2303	4095	3583	2489	4050	3367
2559	4095	3583	2722	4052	3368
2815	4095	3583	2950	4052	3368
3071	4095	3583	3178	4053	3368
3327	4095	3583	3404	4053	3367
3583	4095	3583	3609	4053	3368
3839	4095	3583	3829	4055	3369
4095	4095	3583	4058	4061	3371
0	0	3839	202	19	3525
256	0	3839	423	20	3519
512	0	3839	643	21	3519
768	0	3839	864	22	3521
1024	0	3839	1084	22	3523
1280	0	3839	1301	23	3525
1536	0	3839	1525	24	3525
1792	0	3839	1746	25	3519
2048	0	3839	1968	25	3520
2303	0	3839	2182	26	3521
2559	0	3839	2413	27	3524
2815	0	3839	2643	28	3528
3071	0	3839	2867	28	3530
3327	0	3839	3088	29	3530
3583	0	3839	3317	30	3533
3839	0	3839	3526	32	3538
4095	0	3839	3742	32	3541
0	256	3839	218	274	3527
256	256	3839	441	275	3525
512	256	3839	662	275	3528
768	256	3839	887	276	3528
1024	256	3839	1109	278	3526
1280	256	3839	1330	279	3527
1536	256	3839	1552	279	3523
1792	256	3839	1770	279	3525
2048	256	3839	1994	280	3528
2303	256	3839	2210	282	3528
2559	256	3839	2443	282	3531
2815	256	3839	2677	284	3534
3071	256	3839	2904	285	3536
3327	256	3839	3131	286	3539
3583	256	3839	3359	287	3541
3839	256	3839	3567	288	3542
4095	256	3839	3788	289	3544
0	512	3839	235	518	3530
256	512	3839	457	518	3532
512	512	3839	680	520	3533
768	512	3839	903	520	3534
1024	512	3839	1124	521	3533
1280	512	3839	1344	521	3531
1536	512	3839	1567	522	3533
1792	512	3839	1789	524	3534
2048	512	3839	2015	525	3536
2303	512	3839	2230	525	3536
2559	512	3839	2464	527	3539
2815	512	3839	2697	529	3541
3071	512	3839	2924	531	3543
3327	512	3839	3154	532	3541
3583	512	3839	3379	533	3538
3839	512	3839	3585	534	3541
4095	512	3839	3804	536	3544
0	768	3839	252	764	3534
256	768	3839	475	767	3540
512	768	3839	697	769	3544
768	768	3839	922	770	3540
1024	768	3839	1141	770	3535
1280	768	3839	1360	771	3538
1536	768	3839	1588	773	3542
1792	768	3839	1812	774	3547
2048	768	3839	2037	775	3547
2303	768	3839	2250	777	3547
2559	768	3839	2488	779	3548
2815	768	3839	2716	779	3543
3071	768	3839	2944	780	3543
3327	768	3839	3169	780	3545
3583	768	3839	3388	780	3545
3839	768	3839	3599	783	3549
4095	768	3839	3820	784	3552
0	1024	3839	270	1018	3544
256	1024	3839	493	1024	3544
512	1024	3839	716	1026	3541
768	1024	3839	940	1024	3539
1024	1024	3839	1160	1024	3540
1280	1024	3839	1383	1026	3544
1536	1024	3839	1609	1029	3546
1792	1024	3839	1835	1031	3548
2048	1024	3839	2059	1033	3548
2303	1024	3839	2273	1034	3551
2559	1024	3839	2510	1035	3547
2815	1024	3839	2733	1033	3545
3071	1024	3839	2959	1035	3548
3327	1024	3839	3190	1036	3551
3583	1024	3839	3410	1038	3552
3839	1024	3839	3621	1039	3553
4095	1024	3839	3844	1041	3557
0	1280	3839	288	1278	3546
256	1280	3839	508	1279	3542
512	1280	3839	731	1274	3543
768	1280	3839	956	1277	3545
1024	1280	3839	1178	1282	3548
1280	1280	3839	1401	1285	3551
1536	1280	3839	1626	1286	3551
1792	1280	3839	1850	1288	3551
2048	1280	3839	2074	1289	3552
2303	1280	3839	2291	1292	3546
2559	1280	3839	2524	1289	3550
2815	1280	3839	2751	1289	3551
3071	1280	3839	2979	1293	3554
3327	1280	3839	3213	1295	3556
3583	1280	3839	3431	1296	3559
3839	1280	3839	3641	1298	3562
4095	1280	3839	3865	1301	3564
0	1536	3839	305	1526	3548
256	1536	3839	525	1524	3544
512	1536	3839	748	1526	3553
768	1536	3839	975	1529	3556
1024	1536	3839	1198	1532	3556
1280	1536	3839	1421	1534	3556
1536	1536	3839	1645	1535	3557
1792	1536	3839	1868	1536	3558
2048	1536	3839	2092	1537	3554
2303	1536	3839	2304	1536	3555
2559	1536	3839	2545	1539	3555
2815	1536	3839	2772	1540	3555
3071	1536	3839	3000	1542	3558
3327	1536	3839	3232	1544	3560
3583	1536	3839	3451	1546	3560
3839	1536	3839	3664	1549	3561
4095	1536	3839	3888	1552	3564
0	1792	3839	321	1777	3554
256	1792	3839	542	1775	3551
512	1792	3839	766	1780	3554
768	1792	3839	995	1782	3557
1024	1792	3839	1215	1784	3558
1280	1792	3839	1439	1784	3558
1536	1792	3839	1663	1786	3558
1792	1792	3839	1888	1787	3554
2048	1792	3839	2106	1785	3558
2303	1792	3839	2326	1787	3571
2559	1792	3839	2563	1789	3574
2815	1792	3839	2790	1788	3574
3071	1792	3839	3017	1793	3564
3327	1792	3839	3251	1795	3563
3583	1792	3839	3464	1796	3566
3839	1792	3839	3677	1797	3569
4095	1792	3839	3901	1801	3569
0	2048	3839	339	2027	3559
256	2048	3839	559	2023	3554
512	2048	3839	784	2025	3556
768	2048	3839	1011	2024	3560
1024	2048	3839	1233	2031	3562
1280	2048	3839	1457	2034	3562
1536	2048	3839	1679	2032	3559
1792	2048	3839	1900	2030	3557
2048	2048	3839	2125	2034	3561
2303	2048	3839	2354	2045	3574
2559	2048	3839	2594	2049	3577
2815	2048	3839	2823	2049	3568
3071	2048	3839	3037	2041	3569
3327	2048	3839	3269	2044	3570
3583	2048	3839	3486	2046	3573
3839	2048	3839	3700	2049	3575
4095	2048	3839	3923	2050	3574
0	2303	3839	354	2268	3560
256	2303	3839	577	2270	3564
512	2303	3839	802	2267	3564
768	2303	3839	1032	2274	3570
1024	2303	3839	1251	2280	3569
1280	2303	3839	1477	2282	3570
1536	2303	3839	1698	2280	3566
1792	2303	3839	1921	2278	3563
2048	2303	3839	2141	2279	3563
2303	2303	3839	2365	2280	3567
2559	2303	3839	2604	2286	3571
2815	2303	3839	2832	2286	3570
3071	2303	3839	3057	2288	3572
3327	2303	3839	3290	2288	3572
3583	2303	3839	3504	2292	3576
3839	2303	3839	3719	2295	3580
4095	2303	3839	3943	2296	3577
0	2559	3839	371	2533	3560
256	2559	3839	594	2537	3565
512	2559	3839	820	2542	3568
768	2559	3839	1049	2547	3572
1024	2559	3839	1267	2546	3571
1280	2559	3839	1490	2543	3566
1536	2559	3839	1712	2543	3565
1792	2559	3839	1939	2546	3566
2048	2559	3839	2159	2548	3569
2303	2559	3839	2385	2550	3570
2559	2559	3839	2620	2553	3572
2815	2559	3839	2849	2554	3572
3071	2559	3839	3075	2556	3574
3327	2559	3839	3306	2554	3572
3583	2559	3839	3522	2562	3578
3839	2559	3839	3739	2565	3581
4095	2559	3839	3957	2562	3578
0	2815	3839	388	2780	3566
256	2815	3839	611	2784	3570
512	2815	3839	837	2786	3571
768	2815	3839	1064	2791	3574
1024	2815	3839	1287	2796	3576
1280	2815	3839	1508	2792	3572
1536	2815	3839	1732	2791	3570
1792	2815	3839	1957	2793	3571
2048	2815	3839	2177	2795	3572
2303	2815	3839	2403	2797	3573
2559	2815	3839	2640	2799	3575
2815	2815	3839	2871	2804	3579
3071	2815	3839	3098	2807	3582
3327	2815	3839	3331	2808	3581
3583	2815	3839	3535	2807	3579
3839	2815	3839	3744	2802	3576
4095	2815	3839	3969	2803	3577
0	3071	3839	405	3033	3571
256	3071	3839	628	3033	3573
512	3071	3839	855	3038	3575
768	3071	3839	1082	3043	3578
1024	3071	3839	1299	3038	3574
1280	3071	3839	1526	3040	3576
1536	3071	3839	1750	3043	3576
1792	3071	3839	1977	3046	3578
2048	3071	3839	2197	3050	3580
2303	3071	3839	2425	3050	3580
2559	3071	3839	2660	3051	3581
2815	3071	3839	2891	3057	3584
3071	3071	3839	3119	3061	3586
3327	3071	3839	3352	3059	3586
3583	3071	3839	3552	3056	3582
3839	3071	3839	3770	3059	3583
4095	3071	3839	3996	3063	3585
0	3327	3839	423	3290	3579
256	3327	3839	648	3294	3581
512	3327	3839	874	3298	3584
768	3327	3839	1100	3299	3583
1024	3327	3839	1319	3295	3580
1280	3327	3839	1546	3297	3580
1536	3327	3839	1771	3304	3584
1792	3327	3839	1998	3305	3585
2048	3327	3839	2225	3318	3596
2303	3327	3839	2460	3326	3602
2559	3327	3839	2683	3313	3591
2815	3327	3839	2902	3302	3581
3071	3327	3839	3139	3315	3592
3327	3327	3839	3372	3317	3593
3583	3327	3839	3574	3315	3590
3839	3327	3839	3791	3317	3589
4095	3327	3839	4016	3318	3589
0	3583	3839	440	3530	3584
256	3583	3839	664	3533	3586
512	3583	3839	892	3536	3588
768	3583	3839	1116	3534	3586
1024	3583	3839	1336	3531	3582
1280	3583	3839	1563	3536	3586
1536	3583	3839	1789	3542	3589
1792	3583	3839	2016	3543	3589
2048	3583	3839	2236	3547	3591
2303	3583	3839	2468	3551	3595
2559	3583	3839	2701	3551	3596
2815	3583	3839	2929	3551	3593
3071	3583	3839	3158	3553	3595
3327	3583	3839	3383	3550	3592
3583	3583	3839	3589	3551	3593
3839	3583	3839	3806	3551	3592
4095	3583	3839	4034	3555	3594
0	3839	3839	456	3777	3589
256	3839	3839	681	3780	3591
512	3839	3839	907	3776	3588
768	3839	3839	1131	3774	3585
1024	3839	3839	1353	3778	3586
1280	3839	3839	1580	3783	3589
1536	3839	3839	1807	3788	3591
1792	3839	3839	2033	3790	3592
2048	3839	3839	2253	3796	3596
2303	3839	3839	2489	3802	3600
2559	3839	3839	2721	3801	3599
2815	3839	3839	2945	3796	3596
3071	3839	3839	3170	3794	3594
3327	3839	3839	3399	3796	3594
3583	3839	3839	3604	3795	3594
3839	3839	3839	3828	3803	3598
4095	3839	3839	4058	3807	3601
0	4095	3839	474	4035	3593
256	4095	3839	699	4037	3593
512	4095	3839	925	4034	3590
768	4095	3839	1149	4034	3589
1024	4095	3839	1373	4038	3592
1280	4095	3839	1599	4042	3593
1536	4095	3839	1825	4046	3594
1792	4095	3839	2052	4050	3596
2048	4095	3839	2271	4054	3598
2303	4095	3839	2507	4056	3599
2559	4095	3839	2735	4053	3598
2815	4095	3839	2969	4062	3603
3071	4095	3839	3204	4072	3610
3327	4095	3839	3432	4074	3611
3583	4095	3839	3642	4078	3613
3839	4095	3839	3865	4083	3615
4095	4095	3839	4094	4086	3617
0	0	4095	215	21	3710
256	0	4095	437	21	3713
512	0	4095	656	22	3707
768	0	4095	877	23	3709
1024	0	4095	1099	24	3711
1280	0	4095	1316	24	3714
1536	0	4095	1539	25	3716
1792	0	4095	1760	26	3716
2048	0	4095	1984	27	3718
2303	0	4095	2200	27	3723
2559	0	4095	2431	28	3725
2815	0	4095	2657	29	3717
3071	0	4095	2881	30	3721
3327	0	4095	3107	30	3720
3583	0	4095	3332	32	3720
3839	0	4095	3534	33	3722
4095	0	4095	3751	33	3722
0	256	4095	231	273	3725
256	256	4095	455	275	3735
512	256	4095	676	277	3736
768	256	4095	900	278	3735
1024	256	4095	1121	279	3737
1280	256	4095	1341	280	3733
1536	256	4095	1562	280	3733
1792	256	4095	1784	281	3736
2048	256	4095	2009	282	3736
2303	256	4095	2226	284	3741
2559	256	4095	2458	284	3741
2815	256	4095	2689	286	3744
3071	256	4095	2916	286	3747
3327	256	4095	3146	287	3752
3583	256	4095	3374	288	3754
3839	256	4095	3579	290	3748
4095	256	4095	3788	289	3748
0	512	4095	249	519	3739
256	512	4095	470	520	3741
512	512	4095	693	521	3747
768	512	4095	918	523	3747
1024	512	4095	1140	524	3745
1280	512	4095	1360	525	3743
1536	512	4095	1583	525	3746
1792	512	4095	1807	527	3747
2048	512	4095	2031	527	3747
2303	512	4095	2246	529	3750
2559	512	4095	2483	530	3754
2815	512	4095	2712	531	3753
3071	512	4095	2939	532	3757
3327	512	4095	3168	533	3757
3583	512	4095	3391	533	3755
3839	512	4095	3594	534	3753
4095	512	4095	3809	535	3755
0	768	4095	266	766	3745
256	768	4095	488	769	3749
512	768	4095	711	772	3755
768	768	4095	935	771	3746
1024	768	4095	1156	772	3751
1280	768	4095	1379	774	3751
1536	768	4095	1602	775	3754
1792	768	4095	1827	777	3757
2048	768	4095	2052	779	3756
2303	768	4095	2265	779	3756
2559	768	4095	2506	781	3762
2815	768	4095	2737	783	3767
3071	768	4095	2958	782	3755
3327	768	4095	3182	781	3756
3583	768	4095	3405	783	3758
3839	768	4095	3614	785	3761
4095	768	4095	3835	787	3765
0	1024	4095	285	1023	3753
256	1024	4095	508	1027	3760
512	1024	4095	728	1025	3750
768	1024	4095	953	1025	3750
1024	1024	4095	1174	1026	3755
1280	1024	4095	1398	1029	3758
1536	1024	4095	1623	1031	3763
1792	1024	4095	1849	1034	3763
2048	1024	4095	2073	1036	3766
2303	1024	4095	2288	1037	3765
2559	1024	4095	2522	1037	3762
2815	1024	4095	2752	1038	3763
3071	1024	4095	2976	1037	3761
3327	1024	4095	3206	1039	3763
3583	1024	4095	3429	1041	3771
3839	1024	4095	3642	1044	3772
4095	1024	4095	3861	1045	3770
0	1280	4095	301	1278	3755
256	1280	4095	521	1279	3755
512	1280	4095	743	1278	3750
768	1280	4095	971	1282	3757
1024	1280	4095	1194	1286	3763
1280	1280	4095	1417	1288	3763
1536	1280	4095	1641	1290	3764
1792	1280	4095	1866	1291	3768
2048	1280	4095	2090	1293	3759
2303	1280	4095	2298	1290	3758
2559	1280	4095	2536	1291	3758
2815	1280	4095	2767	1293	3764
3071	1280	4095	2996	1295	3765
3327	1280	4095	3229	1298	3770
3583	1280	4095	3449	1301	3772
3839	1280	4095	3659	1302	3774
4095	1280	4095	3880	1303	3776
0	1536	4095	318	1531	3758
256	1536	4095	539	1528	3764
512	1536	4095	762	1530	3769
768	1536	4095	990	1531	3769
1024	1536	4095	1212	1536	3770
1280	1536	4095	1438	1540	3772
1536	1536	4095	1658	1537	3767
1792	1536	4095	1880	1536	3763
2048	1536	4095	2102	1538	3768
2303	1536	4095	2320	1540	3768
2559	1536	4095	2556	1538	3771
2815	1536	4095	2785	1541	3771
3071	1536	4095	3018	1546	3772
3327	1536	4095	3249	1547	3776
3583	1536	4095	3467	1549	3779
3839	1536	4095	3681	1552	3781
4095	1536	4095	3904	1555	3782
0	1792	4095	334	1776	3762
256	1792	4095	557	1779	3766
512	1792	4095	783	1785	3771
768	1792	4095	1009	1785	3771
1024	1792	4095	1228	1785	3772
1280	1792	4095	1453	1787	3773
1536	1792	4095	1673	1784	3771
1792	1792	4095	1896	1784	3774
2048	1792	4095	2119	1787	3776
2303	1792	4095	2340	1789	3777
2559	1792	4095	2579	1794	3780
2815	1792	4095	2806	1794	3783
3071	1792	4095	3032	1794	3782
3327	1792	4095	3267	1798	3782
3583	1792	4095	3483	1802	3787
3839	1792	4095	3697	1804	3790
4095	1792	4095	3919	1805	3788
0	2048	4095	351	2022	3765
256	2048	4095	573	2027	3773
512	2048	4095	798	2029	3773
768	2048	4095	1026	2032	3778
1024	2048	4095	1248	2037	3780
1280	2048	4095	1469	2034	3775
1536	2048	4095	1692	2034	3774
1792	2048	4095	1918	2036	3776
2048	2048	4095	2140	2039	3779
2303	2048	4095	2362	2041	3783
2559	2048	4095	2601	2043	3784
2815	2048	4095	2832	2046	3787
3071	2048	4095	3055	2046	3789
3327	2048	4095	3288	2047	3790
3583	2048	4095	3504	2051	3794
3839	2048	4095	3719	2053	3790
4095	2048	4095	3940	2053	3787
0	2303	4095	367	2271	3776
256	2303	4095	591	2275	3781
512	2303	4095	816	2276	3782
768	2303	4095	1045	2280	3786
1024	2303	4095	1264	2283	3787
1280	2303	4095	1489	2282	3785
1536	2303	4095	1711	2280	3782
1792	2303	4095	1936	2281	3781
2048	2303	4095	2157	2284	3784
2303	2303	4095	2382	2286	3785
2559	2303	4095	2618	2287	3787
2815	2303	4095	2850	2290	3790
3071	2303	4095	3076	2293	3791
3327	2303	4095	3311	2296	3792
3583	2303	4095	3523	2298	3788
3839	2303	4095	3731	2296	3791
4095	2303	4095	3951	2295	3792
0	2559	4095	385	2540	3780
256	2559	4095	608	2542	3784
512	2559	4095	834	2545	3786
768	2559	4095	1062	2549	3789
1024	2559	4095	1281	2549	3785
1280	2559	4095	1506	2550	3787
1536	2559	4095	1730	2551	3787
1792	2559	4095	1955	2552	3786
2048	2559	4095	2176	2555	3788
2303	2559	4095	2404	2557	3791
2559	2559	4095	2638	2558	3790
2815	2559	4095	2868	2560	3792
3071	2559	4095	3096	2565	3795
3327	2559	4095	3330	2564	3795
3583	2559	4095	3529	2561	3790
3839	2559	4095	3749	2566	3795
4095	2559	4095	3972	2567	3794
0	2815	4095	403	2787	3786
256	2815	4095	626	2791	3790
512	2815	4095	854	2796	3794
768	2815	4095	1080	2797	3796
1024	2815	4095	1298	2791	3789
1280	2815	4095	1524	2796	3791
1536	2815	4095	1749	2798	3791
1792	2815	4095	1973	2798	3791
2048	2815	4095	2192	2798	3792
2303	2815	4095	2421	2802	3795
2559	2815	4095	2659	2807	3799
2815	2815	4095	2889	2810	3801
3071	2815	4095	3116	2811	3804
3327	2815	4095	3346	2809	3799
3583	2815	4095	3551	2810	3798
3839	2815	4095	3770	2814	3801
4095	2815	4095	3993	2813	3801
0	3071	4095	419	3040	3793
256	3071	4095	645	3045	3798
512	3071	4095	872	3050	3801
768	3071	4095	1098	3051	3802
1024	3071	4095	1316	3044	3794
1280	3071	4095	1543	3049	3798
1536	3071	4095	1768	3052	3800
1792	3071	4095	1994	3053	3799
2048	3071	4095	2213	3055	3801
2303	3071	4095	2444	3059	3803
2559	3071	4095	2680	3062	3807
2815	3071	4095	2911	3066	3810
3071	3071	4095	3138	3068	3811
3327	3071	4095	3364	3061	3802
3583	3071	4095	3571	3065	3807
3839	3071	4095	3792	3069	3809
4095	3071	4095	4016	3069	3809
0	3327	4095	436	3290	3793
256	3327	4095	659	3288	3792
512	3327	4095	887	3296	3798
768	3327	4095	1114	3303	3803
1024	3327	4095	1336	3304	3803
1280	3327	4095	1561	3305	3804
1536	3327	4095	1789	3312	3809
1792	3327	4095	2016	3315	3810
2048	3327	4095	2236	3317	3811
2303	3327	4095	2469	3319	3813
2559	3327	4095	2702	3321	3815
2815	3327	4095	2929	3319	3813
3071	3327	4095	3153	3317	3809
3327	3327	4095	3385	3318	3811
3583	3327	4095	3592	3322	3813
3839	3327	4095	3812	3326	3814
4095	3327	4095	4037	3328	3815
0	3583	4095	455	3540	3811
256	3583	4095	680	3546	3815
512	3583	4095	908	3544	3812
768	3583	4095	1129	3535	3804
1024	3583	4095	1351	3535	3803
1280	3583	4095	1586	3559	3823
1536	3583	4095	1807	3549	3812
1792	3583	4095	2032	3549	3811
2048	3583	4095	2251	3551	3813
2303	3583	4095	2485	3555	3815
2559	3583	4095	2714	3552	3812
2815	3583	4095	2941	3551	3811
3071	3583	4095	3173	3557	3814
3327	3583	4095	3403	3559	3816
3583	3583	4095	3610	3562	3818
3839	3583	4095	3832	3568	3821
4095	3583	4095	4060	3569	3822
0	3839	4095	472	3791	3815
256	3839	4095	697	3788	3813
512	3839	4095	923	3783	3809
768	3839	4095	1147	3783	3809
1024	3839	4095	1371	3788	3811
1280	3839	4095	1599	3794	3816
1536	3839	4095	1824	3797	3817
1792	3839	4095	2052	3801	3821
2048	3839	4095	2270	3803	3822
2303	3839	4095	2506	3807	3823
2559	3839	4095	2736	3805	3821
2815	3839	4095	2962	3802	3818
3071	3839	4095	3191	3804	3819
3327	3839	4095	3420	3808	3821
3583	3839	4095	3627	3809	3821
3839	3839	4095	3850	3813	3824
4095	3839	4095	4075	3814	3825
0	4095	4095	489	4044	3815
256	4095	4095	713	4040	3815
512	4095	4095	940	4038	3811
768	4095	4095	1163	4039	3811
1024	4095	4095	1388	4043	3813
1280	4095	4095	1614	4048	3816
1536	4095	4095	1839	4047	3815
1792	4095	4095	2068	4057	3823
2048	4095	4095	2287	4060	3824
2303	4095	4095	2518	4054	3818
2559	4095	4095	2748	4053	3818
2815	4095	4095	2976	4056	3819
3071	4095	4095	3208	4060	3820
3327	4095	4095	3434	4064	3822
3583	4095	4095	3645	4067	3825
3839	4095	4095	3866	4070	3826
4095	4095	4095	4095	4076	3829
