0	0	0	0	0	0
256	0	0	184	9	4
512	0	0	366	17	8
768	0	0	545	25	11
1024	0	0	728	32	14
1280	0	0	909	39	18
1536	0	0	1086	48	21
1792	0	0	1259	55	24
2048	0	0	1445	62	27
2303	0	0	1622	70	30
2559	0	0	1796	77	33
2815	0	0	1970	83	36
3071	0	0	2152	91	38
3327	0	0	2329	97	42
3583	0	0	2504	104	45
3839	0	0	2678	111	48
4095	0	0	2840	117	51
0	256	0	55	237	18
256	256	0	231	240	22
512	256	0	402	245	25
768	256	0	573	250	28
1024	256	0	748	254	31
1280	256	0	926	259	34
1536	256	0	1088	265	37
1792	256	0	1261	270	39
2048	256	0	1443	276	43
2303	256	0	1610	283	46
2559	256	0	1776	289	49
2815	256	0	1948	295	52
3071	256	0	2129	301	54
3327	256	0	2304	306	56
3583	256	0	2477	311	59
3839	256	0	2645	316	61
4095	256	0	2807	322	64
0	512	0	106	468	35
256	512	0	279	466	39
512	512	0	452	474	44
768	512	0	626	477	45
1024	512	0	801	478	48
1280	512	0	976	481	51
1536	512	0	1140	485	53
1792	512	0	1317	489	55
2048	512	0	1494	493	58
2303	512	0	1661	498	60
2559	512	0	1828	504	63
2815	512	0	2002	510	66
3071	512	0	2179	515	68
3327	512	0	2355	519	70
3583	512	0	2526	524	73
3839	512	0	2692	530	75
4095	512	0	2860	536	78
0	768	0	157	695	52
256	768	0	327	693	56
512	768	0	499	700	59
768	768	0	679	705	62
1024	768	0	854	707	63
1280	768	0	1022	708	66
1536	768	0	1188	711	68
1792	768	0	1369	714	70
2048	768	0	1541	719	73
2303	768	0	1708	724	75
2559	768	0	1872	731	78
2815	768	0	2051	735	81
3071	768	0	2227	739	82
3327	768	0	2401	742	84
3583	768	0	2572	746	86
3839	768	0	2735	750	89
4095	768	0	2902	757	91
0	1024	0	208	918	68
256	1024	0	376	924	71
512	1024	0	549	930	75
768	1024	0	726	935	77
1024	1024	0	904	942	80
1280	1024	0	1069	942	81
1536	1024	0	1239	942	84
1792	1024	0	1422	944	85
2048	1024	0	1590	946	87
2303	1024	0	1755	952	90
2559	1024	0	1923	957	92
2815	1024	0	2096	960	95
3071	1024	0	2274	960	96
3327	1024	0	2446	962	98
3583	1024	0	2615	964	99
3839	1024	0	2778	967	102
4095	1024	0	2948	975	104
0	1280	0	254	1132	83
256	1280	0	422	1138	86
512	1280	0	597	1142	89
768	1280	0	774	1145	91
1024	1280	0	948	1148	94
1280	1280	0	1115	1156	98
1536	1280	0	1293	1156	99
1792	1280	0	1468	1156	99
2048	1280	0	1636	1159	101
2303	1280	0	1800	1167	104
2559	1280	0	1973	1173	106
2815	1280	0	2149	1175	108
3071	1280	0	2328	1174	110
3327	1280	0	2497	1177	111
3583	1280	0	2661	1180	113
3839	1280	0	2824	1184	115
4095	1280	0	2999	1194	118
0	1536	0	303	1363	97
256	1536	0	469	1370	100
512	1536	0	646	1373	102
768	1536	0	821	1378	105
1024	1536	0	992	1383	108
1280	1536	0	1158	1388	111
1536	1536	0	1347	1394	114
1792	1536	0	1522	1398	115
2048	1536	0	1690	1403	116
2303	1536	0	1852	1412	119
2559	1536	0	2026	1415	122
2815	1536	0	2204	1416	123
3071	1536	0	2383	1415	123
3327	1536	0	2553	1416	126
3583	1536	0	2714	1416	127
3839	1536	0	2882	1421	130
4095	1536	0	3055	1431	132
0	1792	0	351	1587	111
256	1792	0	520	1591	114
512	1792	0	696	1595	115
768	1792	0	870	1600	118
1024	1792	0	1035	1604	122
1280	1792	0	1208	1610	125
1536	1792	0	1399	1616	129
1792	1792	0	1575	1626	131
2048	1792	0	1744	1633	132
2303	1792	0	1910	1637	133
2559	1792	0	2082	1636	136
2815	1792	0	2261	1636	137
3071	1792	0	2437	1637	138
3327	1792	0	2607	1640	139
3583	1792	0	2769	1639	141
3839	1792	0	2938	1645	144
4095	1792	0	3103	1654	146
0	2048	0	400	1801	126
256	2048	0	571	1803	128
512	2048	0	745	1808	130
768	2048	0	919	1813	133
1024	2048	0	1083	1819	136
1280	2048	0	1262	1825	138
1536	2048	0	1446	1832	141
1792	2048	0	1626	1841	144
2048	2048	0	1794	1848	147
2303	2048	0	1966	1853	149
2559	2048	0	2144	1855	148
2815	2048	0	2323	1854	151
3071	2048	0	2493	1856	152
3327	2048	0	2656	1855	153
3583	2048	0	2816	1855	156
3839	2048	0	2995	1870	159
4095	2048	0	3158	1878	161
0	2303	0	448	2035	139
256	2303	0	622	2040	143
512	2303	0	794	2044	144
768	2303	0	964	2050	146
1024	2303	0	1129	2059	150
1280	2303	0	1313	2067	152
1536	2303	0	1496	2074	155
1792	2303	0	1671	2079	158
2048	2303	0	1840	2090	161
2303	2303	0	2015	2098	164
2559	2303	0	2195	2101	165
2815	2303	0	2376	2101	164
3071	2303	0	2544	2103	165
3327	2303	0	2707	2100	167
3583	2303	0	2874	2102	170
3839	2303	0	3045	2110	173
4095	2303	0	3200	2115	175
0	2559	0	497	2264	153
256	2559	0	668	2267	156
512	2559	0	839	2269	157
768	2559	0	1007	2272	159
1024	2559	0	1176	2278	162
1280	2559	0	1362	2290	165
1536	2559	0	1537	2292	168
1792	2559	0	1710	2297	170
2048	2559	0	1881	2309	174
2303	2559	0	2059	2319	177
2559	2559	0	2244	2323	179
2815	2559	0	2422	2325	179
3071	2559	0	2588	2327	180
3327	2559	0	2752	2327	179
3583	2559	0	2919	2331	182
3839	2559	0	3083	2336	185
4095	2559	0	3243	2342	187
0	2815	0	544	2482	165
256	2815	0	715	2484	167
512	2815	0	886	2489	169
768	2815	0	1050	2489	171
1024	2815	0	1226	2496	174
1280	2815	0	1411	2507	177
1536	2815	0	1586	2511	180
1792	2815	0	1755	2517	182
2048	2815	0	1926	2526	185
2303	2815	0	2102	2537	188
2559	2815	0	2289	2538	191
2815	2815	0	2463	2536	192
3071	2815	0	2632	2536	192
3327	2815	0	2795	2540	193
3583	2815	0	2964	2544	197
3839	2815	0	3125	2549	199
4095	2815	0	3281	2558	200
0	3071	0	591	2701	177
256	3071	0	762	2703	179
512	3071	0	933	2705	180
768	3071	0	1094	2709	184
1024	3071	0	1275	2714	186
1280	3071	0	1454	2721	189
1536	3071	0	1627	2730	192
1792	3071	0	1794	2738	195
2048	3071	0	1971	2749	198
2303	3071	0	2151	2760	200
2559	3071	0	2334	2768	200
2815	3071	0	2500	2763	202
3071	3071	0	2673	2768	204
3327	3071	0	2844	2776	206
3583	3071	0	3006	2782	210
3839	3071	0	3173	2789	214
4095	3071	0	3331	2805	216
0	3327	0	641	2924	189
256	3327	0	812	2923	191
512	3327	0	978	2923	192
768	3327	0	1145	2926	195
1024	3327	0	1329	2933	198
1280	3327	0	1504	2944	200
1536	3327	0	1676	2955	204
1792	3327	0	1848	2967	207
2048	3327	0	2026	2981	211
2303	3327	0	2213	2988	213
2559	3327	0	2395	2991	215
2815	3327	0	2566	2990	217
3071	3327	0	2726	2991	218
3327	3327	0	2899	3001	221
3583	3327	0	3075	3013	225
3839	3327	0	3237	3021	228
4095	3327	0	3399	3040	230
0	3583	0	692	3135	203
256	3583	0	865	3130	206
512	3583	0	1030	3132	207
768	3583	0	1204	3139	210
1024	3583	0	1385	3149	212
1280	3583	0	1559	3162	216
1536	3583	0	1734	3175	219
1792	3583	0	1909	3186	222
2048	3583	0	2086	3194	225
2303	3583	0	2274	3196	226
2559	3583	0	2453	3197	229
2815	3583	0	2623	3199	230
3071	3583	0	2784	3201	232
3327	3583	0	2962	3214	236
3583	3583	0	3132	3226	240
3839	3583	0	3297	3239	243
4095	3583	0	3457	3250	245
0	3839	0	747	3335	217
256	3839	0	919	3335	220
512	3839	0	1085	3344	222
768	3839	0	1263	3352	225
1024	3839	0	1442	3363	228
1280	3839	0	1616	3379	231
1536	3839	0	1792	3391	234
1792	3839	0	1968	3400	237
2048	3839	0	2148	3404	239
2303	3839	0	2337	3403	240
2559	3839	0	2514	3406	243
2815	3839	0	2678	3409	245
3071	3839	0	2843	3416	247
3327	3839	0	3026	3429	250
3583	3839	0	3197	3441	254
3839	3839	0	3364	3455	258
4095	3839	0	3526	3471	262
0	4095	0	805	3545	233
256	4095	0	975	3547	235
512	4095	0	1142	3554	237
768	4095	0	1324	3563	239
1024	4095	0	1501	3576	243
1280	4095	0	1677	3588	246
1536	4095	0	1856	3601	248
1792	4095	0	2029	3607	252
2048	4095	0	2213	3609	254
2303	4095	0	2396	3609	255
2559	4095	0	2573	3609	258
2815	4095	0	2736	3611	259
3071	4095	0	2910	3621	262
3327	4095	0	3089	3637	266
3583	4095	0	3261	3656	270
3839	4095	0	3425	3670	273
4095	4095	0	3593	3687	278
0	0	256	10	1	196
256	0	256	191	10	200
512	0	256	370	18	200
768	0	256	547	27	200
1024	0	256	726	33	204
1280	0	256	905	42	205
1536	0	256	1078	50	206
1792	0	256	1252	57	208
2048	0	256	1437	64	211
2303	0	256	1610	71	213
2559	0	256	1781	79	216
2815	0	256	1953	85	218
3071	0	256	2132	92	221
3327	0	256	2307	99	223
3583	0	256	2481	105	225
3839	0	256	2653	111	210
4095	0	256	2813	117	211
0	256	256	66	237	221
256	256	256	249	250	218
512	256	256	423	254	221
768	256	256	599	258	219
1024	256	256	776	262	218
1280	256	256	953	266	221
1536	256	256	1116	272	220
1792	256	256	1290	277	218
2048	256	256	1469	283	217
2303	256	256	1635	287	221
2559	256	256	1798	293	221
2815	256	256	1969	298	223
3071	256	256	2146	304	223
3327	256	256	2322	307	223
3583	256	256	2490	312	224
3839	256	256	2654	317	225
4095	256	256	2816	322	224
0	512	256	119	470	234
256	512	256	298	480	241
512	512	256	475	488	245
768	512	256	652	489	234
1024	512	256	828	492	233
1280	512	256	1002	493	231
1536	512	256	1166	496	233
1792	512	256	1347	500	232
2048	512	256	1522	503	232
2303	512	256	1688	505	232
2559	512	256	1849	509	234
2815	512	256	2021	515	236
3071	512	256	2197	518	236
3327	512	256	2373	523	236
3583	512	256	2541	526	237
3839	512	256	2706	531	237
4095	512	256	2870	537	238
0	768	256	172	704	247
256	768	256	347	710	246
512	768	256	524	716	247
768	768	256	704	722	250
1024	768	256	880	724	247
1280	768	256	1050	724	247
1536	768	256	1219	726	246
1792	768	256	1399	729	246
2048	768	256	1571	731	246
2303	768	256	1735	733	246
2559	768	256	1898	737	248
2815	768	256	2076	742	249
3071	768	256	2249	744	249
3327	768	256	2420	747	249
3583	768	256	2588	750	249
3839	768	256	2754	755	250
4095	768	256	2916	761	251
0	1024	256	222	936	254
256	1024	256	394	944	257
512	1024	256	570	951	259
768	1024	256	750	956	261
1024	1024	256	935	963	263
1280	1024	256	1100	961	259
1536	1024	256	1270	959	260
1792	1024	256	1449	960	259
2048	1024	256	1618	962	259
2303	1024	256	1783	965	260
2559	1024	256	1951	966	262
2815	1024	256	2124	967	261
3071	1024	256	2300	968	262
3327	1024	256	2470	970	262
3583	1024	256	2637	972	262
3839	1024	256	2801	975	263
4095	1024	256	2964	980	264
0	1280	256	269	1152	265
256	1280	256	440	1160	268
512	1280	256	620	1165	269
768	1280	256	799	1168	271
1024	1280	256	977	1172	274
1280	1280	256	1144	1178	277
1536	1280	256	1324	1175	276
1792	1280	256	1501	1175	272
2048	1280	256	1668	1179	273
2303	1280	256	1830	1183	274
2559	1280	256	2001	1186	275
2815	1280	256	2176	1187	275
3071	1280	256	2354	1185	275
3327	1280	256	2522	1186	275
3583	1280	256	2686	1190	275
3839	1280	256	2849	1194	276
4095	1280	256	3020	1200	278
0	1536	256	319	1383	276
256	1536	256	489	1395	280
512	1536	256	668	1398	282
768	1536	256	846	1402	284
1024	1536	256	1019	1407	286
1280	1536	256	1190	1411	288
1536	1536	256	1381	1417	291
1792	1536	256	1554	1421	290
2048	1536	256	1718	1424	288
2303	1536	256	1878	1429	289
2559	1536	256	2053	1430	290
2815	1536	256	2230	1428	289
3071	1536	256	2408	1426	288
3327	1536	256	2582	1428	290
3583	1536	256	2742	1426	289
3839	1536	256	2909	1431	290
4095	1536	256	3077	1440	292
0	1792	256	368	1607	288
256	1792	256	540	1614	292
512	1792	256	716	1617	292
768	1792	256	893	1623	295
1024	1792	256	1061	1628	297
1280	1792	256	1238	1633	299
1536	1792	256	1430	1640	302
1792	1792	256	1606	1648	304
2048	1792	256	1773	1652	305
2303	1792	256	1939	1654	303
2559	1792	256	2110	1654	305
2815	1792	256	2291	1653	303
3071	1792	256	2468	1655	303
3327	1792	256	2638	1656	302
3583	1792	256	2798	1654	304
3839	1792	256	2967	1661	305
4095	1792	256	3130	1666	307
0	2048	256	416	1823	301
256	2048	256	591	1828	304
512	2048	256	768	1832	304
768	2048	256	944	1838	306
1024	2048	256	1110	1844	309
1280	2048	256	1291	1851	311
1536	2048	256	1475	1856	314
1792	2048	256	1656	1860	316
2048	2048	256	1824	1868	319
2303	2048	256	1999	1874	320
2559	2048	256	2177	1876	316
2815	2048	256	2354	1873	317
3071	2048	256	2524	1875	316
3327	2048	256	2688	1874	316
3583	2048	256	2849	1874	317
3839	2048	256	3023	1884	320
4095	2048	256	3185	1894	322
0	2303	256	465	2061	314
256	2303	256	642	2067	316
512	2303	256	818	2071	317
768	2303	256	990	2077	319
1024	2303	256	1155	2085	320
1280	2303	256	1342	2094	324
1536	2303	256	1524	2099	325
1792	2303	256	1700	2104	328
2048	2303	256	1871	2118	331
2303	2303	256	2049	2124	334
2559	2303	256	2229	2125	334
2815	2303	256	2409	2123	327
3071	2303	256	2577	2122	328
3327	2303	256	2742	2121	328
3583	2303	256	2909	2124	330
3839	2303	256	3075	2132	332
4095	2303	256	3232	2138	334
0	2559	256	515	2292	325
256	2559	256	690	2295	326
512	2559	256	864	2297	328
768	2559	256	1032	2301	330
1024	2559	256	1204	2306	331
1280	2559	256	1390	2314	334
1536	2559	256	1568	2318	336
1792	2559	256	1743	2327	339
2048	2559	256	1915	2338	342
2303	2559	256	2092	2346	345
2559	2559	256	2278	2348	346
2815	2559	256	2456	2349	343
3071	2559	256	2624	2350	342
3327	2559	256	2790	2349	339
3583	2559	256	2955	2356	342
3839	2559	256	3119	2363	343
4095	2559	256	3281	2366	347
0	2815	256	563	2513	336
256	2815	256	737	2514	336
512	2815	256	911	2519	339
768	2815	256	1076	2520	340
1024	2815	256	1256	2526	341
1280	2815	256	1440	2535	344
1536	2815	256	1617	2541	346
1792	2815	256	1785	2548	349
2048	2815	256	1959	2555	352
2303	2815	256	2139	2562	352
2559	2815	256	2331	2569	355
2815	2815	256	2507	2569	355
3071	2815	256	2678	2570	354
3327	2815	256	2844	2572	353
3583	2815	256	3004	2577	355
3839	2815	256	3169	2584	357
4095	2815	256	3331	2593	362
0	3071	256	612	2735	346
256	3071	256	786	2737	346
512	3071	256	959	2742	347
768	3071	256	1122	2746	350
1024	3071	256	1306	2749	353
1280	3071	256	1488	2758	355
1536	3071	256	1664	2771	356
1792	3071	256	1832	2779	360
2048	3071	256	2010	2789	364
2303	3071	256	2192	2797	364
2559	3071	256	2379	2801	364
2815	3071	256	2554	2805	367
3071	3071	256	2720	2808	368
3327	3071	256	2886	2811	368
3583	3071	256	3055	2813	370
3839	3071	256	3217	2821	371
4095	3071	256	3376	2834	374
0	3327	256	662	2961	357
256	3327	256	838	2963	357
512	3327	256	1007	2967	359
768	3327	256	1177	2970	362
1024	3327	256	1362	2973	365
1280	3327	256	1540	2986	367
1536	3327	256	1713	2997	368
1792	3327	256	1884	3005	372
2048	3327	256	2066	3022	375
2303	3327	256	2252	3026	376
2559	3327	256	2434	3029	376
2815	3327	256	2607	3033	377
3071	3327	256	2772	3028	380
3327	3327	256	2942	3035	381
3583	3327	256	3112	3046	382
3839	3327	256	3280	3053	385
4095	3327	256	3437	3073	391
0	3583	256	717	3178	370
256	3583	256	892	3177	372
512	3583	256	1058	3177	373
768	3583	256	1234	3181	375
1024	3583	256	1420	3190	376
1280	3583	256	1595	3203	380
1536	3583	256	1769	3213	381
1792	3583	256	1945	3225	384
2048	3583	256	2122	3234	386
2303	3583	256	2313	3233	389
2559	3583	256	2491	3235	390
2815	3583	256	2661	3237	390
3071	3583	256	2826	3236	391
3327	3583	256	3003	3249	394
3583	3583	256	3176	3266	399
3839	3583	256	3344	3281	401
4095	3583	256	3510	3294	406
0	3839	256	772	3381	383
256	3839	256	947	3382	383
512	3839	256	1111	3385	386
768	3839	256	1295	3396	387
1024	3839	256	1477	3408	390
1280	3839	256	1654	3422	393
1536	3839	256	1831	3434	395
1792	3839	256	2005	3441	398
2048	3839	256	2187	3444	399
2303	3839	256	2378	3445	399
2559	3839	256	2550	3444	402
2815	3839	256	2716	3443	404
3071	3839	256	2884	3448	408
3327	3839	256	3062	3466	414
3583	3839	256	3243	3483	418
3839	3839	256	3407	3494	422
4095	3839	256	3565	3504	427
0	4095	256	829	3594	397
256	4095	256	1001	3598	397
512	4095	256	1172	3602	398
768	4095	256	1359	3613	402
1024	4095	256	1537	3622	405
1280	4095	256	1714	3631	409
1536	4095	256	1892	3643	411
1792	4095	256	2065	3647	415
2048	4095	256	2252	3648	417
2303	4095	256	2435	3647	419
2559	4095	256	2611	3647	421
2815	4095	256	2775	3647	424
3071	4095	256	2950	3658	428
3327	4095	256	3129	3674	433
3583	4095	256	3305	3691	438
3839	4095	256	3464	3702	443
4095	4095	256	3631	3718	448
0	0	512	19	2	386
256	0	512	199	11	391
512	0	512	378	19	391
768	0	512	557	28	388
1024	0	512	737	36	385
1280	0	512	917	43	387
1536	0	512	1090	51	386
1792	0	512	1264	58	384
2048	0	512	1451	66	387
2303	0	512	1625	73	387
2559	0	512	1796	80	389
2815	0	512	1969	86	390
3071	0	512	2150	94	393
3327	0	512	2329	100	393
3583	0	512	2506	107	394
3839	0	512	2678	113	395
4095	0	512	2838	119	397
0	256	512	76	238	416
256	256	512	258	250	408
512	256	512	435	257	411
768	256	512	614	262	405
1024	256	512	791	266	401
1280	256	512	969	270	402
1536	256	512	1136	276	398
1792	256	512	1311	282	395
2048	256	512	1489	287	392
2303	256	512	1658	292	394
2559	256	512	1824	298	392
2815	256	512	1997	304	390
3071	256	512	2175	309	389
3327	256	512	2351	314	391
3583	256	512	2525	319	389
3839	256	512	2694	324	386
4095	256	512	2855	329	384
0	512	512	131	475	419
256	512	512	312	486	427
512	512	512	495	499	427
768	512	512	674	501	424
1024	512	512	855	504	420
1280	512	512	1032	506	415
1536	512	512	1199	508	418
1792	512	512	1381	512	415
2048	512	512	1557	514	412
2303	512	512	1725	517	410
2559	512	512	1890	521	413
2815	512	512	2064	528	411
3071	512	512	2242	531	409
3327	512	512	2419	535	407
3583	512	512	2596	540	410
3839	512	512	2757	544	407
4095	512	512	2919	549	405
0	768	512	182	709	433
256	768	512	363	721	439
512	768	512	545	733	448
768	768	512	730	740	451
1024	768	512	908	740	432
1280	768	512	1080	741	429
1536	768	512	1253	741	426
1792	768	512	1436	744	429
2048	768	512	1607	746	424
2303	768	512	1774	749	423
2559	768	512	1942	755	422
2815	768	512	2120	758	424
3071	768	512	2295	760	421
3327	768	512	2470	764	419
3583	768	512	2647	770	416
3839	768	512	2804	772	415
4095	768	512	2972	779	417
0	1024	512	233	943	441
256	1024	512	413	960	446
512	1024	512	594	971	455
768	1024	512	778	975	455
1024	1024	512	964	981	459
1280	1024	512	1132	981	444
1536	1024	512	1306	980	437
1792	1024	512	1487	980	434
2048	1024	512	1657	983	438
2303	1024	512	1823	985	437
2559	1024	512	1995	987	437
2815	1024	512	2173	989	434
3071	1024	512	2347	987	433
3327	1024	512	2523	990	432
3583	1024	512	2694	993	431
3839	1024	512	2852	995	432
4095	1024	512	3022	1002	433
0	1280	512	284	1162	451
256	1280	512	461	1181	454
512	1280	512	643	1186	462
768	1280	512	826	1191	463
1024	1280	512	1008	1196	464
1280	1280	512	1175	1200	468
1536	1280	512	1360	1199	455
1792	1280	512	1540	1201	452
2048	1280	512	1709	1205	452
2303	1280	512	1870	1207	452
2559	1280	512	2041	1208	452
2815	1280	512	2219	1208	451
3071	1280	512	2400	1208	447
3327	1280	512	2573	1210	449
3583	1280	512	2737	1213	449
3839	1280	512	2900	1217	450
4095	1280	512	3073	1223	451
0	1536	512	334	1399	459
256	1536	512	510	1420	462
512	1536	512	692	1422	464
768	1536	512	872	1427	465
1024	1536	512	1048	1432	467
1280	1536	512	1223	1437	469
1536	1536	512	1419	1445	470
1792	1536	512	1594	1447	471
2048	1536	512	1758	1449	469
2303	1536	512	1917	1452	469
2559	1536	512	2096	1454	469
2815	1536	512	2273	1450	467
3071	1536	512	2451	1448	466
3327	1536	512	2628	1451	465
3583	1536	512	2789	1452	465
3839	1536	512	2956	1456	466
4095	1536	512	3122	1462	467
0	1792	512	385	1629	467
256	1792	512	562	1643	474
512	1792	512	742	1649	475
768	1792	512	922	1653	477
1024	1792	512	1096	1661	479
1280	1792	512	1278	1667	482
1536	1792	512	1469	1671	484
1792	1792	512	1647	1677	488
2048	1792	512	1813	1679	488
2303	1792	512	1979	1679	486
2559	1792	512	2155	1681	486
2815	1792	512	2336	1681	485
3071	1792	512	2511	1681	483
3327	1792	512	2680	1681	482
3583	1792	512	2841	1681	483
3839	1792	512	3010	1686	485
4095	1792	512	3174	1690	487
0	2048	512	434	1852	482
256	2048	512	615	1862	486
512	2048	512	795	1868	489
768	2048	512	973	1870	491
1024	2048	512	1142	1876	493
1280	2048	512	1328	1882	496
1536	2048	512	1513	1886	498
1792	2048	512	1693	1890	500
2048	2048	512	1861	1899	504
2303	2048	512	2038	1903	505
2559	2048	512	2218	1904	501
2815	2048	512	2396	1902	500
3071	2048	512	2568	1904	499
3327	2048	512	2733	1903	499
3583	2048	512	2896	1904	500
3839	2048	512	3063	1910	502
4095	2048	512	3227	1918	504
0	2303	512	484	2094	497
256	2303	512	665	2101	500
512	2303	512	846	2106	503
768	2303	512	1019	2111	505
1024	2303	512	1185	2116	506
1280	2303	512	1377	2125	510
1536	2303	512	1559	2130	512
1792	2303	512	1735	2136	515
2048	2303	512	1907	2151	519
2303	2303	512	2085	2154	521
2559	2303	512	2267	2154	520
2815	2303	512	2447	2151	512
3071	2303	512	2615	2147	513
3327	2303	512	2785	2148	513
3583	2303	512	2951	2152	515
3839	2303	512	3113	2157	516
4095	2303	512	3273	2163	519
0	2559	512	535	2324	510
256	2559	512	714	2328	512
512	2559	512	891	2330	515
768	2559	512	1061	2335	516
1024	2559	512	1235	2340	518
1280	2559	512	1424	2343	521
1536	2559	512	1602	2350	525
1792	2559	512	1777	2360	528
2048	2559	512	1950	2371	532
2303	2559	512	2129	2375	535
2559	2559	512	2317	2377	534
2815	2559	512	2493	2378	534
3071	2559	512	2663	2379	532
3327	2559	512	2830	2376	529
3583	2559	512	2993	2384	531
3839	2559	512	3157	2390	533
4095	2559	512	3323	2395	538
0	2815	512	584	2546	524
256	2815	512	761	2550	525
512	2815	512	938	2554	527
768	2815	512	1105	2557	529
1024	2815	512	1286	2561	532
1280	2815	512	1471	2567	535
1536	2815	512	1650	2574	537
1792	2815	512	1821	2583	540
2048	2815	512	1996	2588	544
2303	2815	512	2176	2593	546
2559	2815	512	2367	2600	547
2815	2815	512	2544	2601	548
3071	2815	512	2713	2601	548
3327	2815	512	2880	2601	547
3583	2815	512	3044	2605	547
3839	2815	512	3214	2614	550
4095	2815	512	3376	2623	555
0	3071	512	634	2771	536
256	3071	512	810	2775	538
512	3071	512	985	2779	539
768	3071	512	1149	2781	542
1024	3071	512	1338	2786	545
1280	3071	512	1519	2796	548
1536	3071	512	1695	2807	549
1792	3071	512	1864	2811	554
2048	3071	512	2044	2822	557
2303	3071	512	2229	2828	559
2559	3071	512	2415	2829	558
2815	3071	512	2590	2837	562
3071	3071	512	2753	2837	562
3327	3071	512	2921	2838	563
3583	3071	512	3095	2843	565
3839	3071	512	3255	2847	567
4095	3071	512	3412	2860	571
0	3327	512	686	2997	551
256	3327	512	863	2999	553
512	3327	512	1033	3001	554
768	3327	512	1206	3004	556
1024	3327	512	1392	3009	560
1280	3327	512	1571	3023	562
1536	3327	512	1745	3034	564
1792	3327	512	1920	3044	568
2048	3327	512	2099	3054	572
2303	3327	512	2285	3056	574
2559	3327	512	2467	3057	573
2815	3327	512	2640	3056	575
3071	3327	512	2809	3057	579
3327	3327	512	2980	3063	580
3583	3327	512	3152	3074	583
3839	3327	512	3322	3086	585
4095	3327	512	3475	3098	592
0	3583	512	739	3212	567
256	3583	512	917	3213	569
512	3583	512	1085	3214	570
768	3583	512	1263	3219	572
1024	3583	512	1447	3227	575
1280	3583	512	1625	3237	579
1536	3583	512	1801	3249	582
1792	3583	512	1978	3259	586
2048	3583	512	2156	3264	588
2303	3583	512	2349	3268	591
2559	3583	512	2524	3266	591
2815	3583	512	2694	3265	591
3071	3583	512	2861	3266	594
3327	3583	512	3038	3278	598
3583	3583	512	3210	3292	605
3839	3583	512	3377	3305	607
4095	3583	512	3539	3315	611
0	3839	512	794	3421	583
256	3839	512	970	3424	583
512	3839	512	1136	3428	586
768	3839	512	1320	3435	589
1024	3839	512	1503	3444	593
1280	3839	512	1683	3455	596
1536	3839	512	1859	3464	601
1792	3839	512	2034	3468	604
2048	3839	512	2219	3472	606
2303	3839	512	2410	3476	607
2559	3839	512	2580	3472	610
2815	3839	512	2746	3469	610
3071	3839	512	2916	3475	612
3327	3839	512	3098	3490	617
3583	3839	512	3274	3507	622
3839	3839	512	3439	3520	628
4095	3839	512	3603	3533	631
0	4095	512	852	3638	601
256	4095	512	1024	3638	601
512	4095	512	1194	3640	605
768	4095	512	1383	3645	609
1024	4095	512	1562	3655	613
1280	4095	512	1742	3664	616
1536	4095	512	1919	3673	620
1792	4095	512	2092	3676	623
2048	4095	512	2280	3677	624
2303	4095	512	2464	3675	626
2559	4095	512	2637	3673	625
2815	4095	512	2805	3676	629
3071	4095	512	2983	3685	630
3327	4095	512	3161	3699	636
3583	4095	512	3331	3718	640
3839	4095	512	3497	3732	646
4095	4095	512	3663	3745	652
0	0	768	29	3	584
256	0	768	209	12	591
512	0	768	388	20	592
768	0	768	568	29	590
1024	0	768	750	37	587
1280	0	768	933	44	586
1536	0	768	1105	52	583
1792	0	768	1282	60	580
2048	0	768	1470	67	581
2303	0	768	1643	74	580
2559	0	768	1815	82	581
2815	0	768	1988	89	581
3071	0	768	2169	95	584
3327	0	768	2348	102	584
3583	0	768	2526	108	584
3839	0	768	2702	115	585
4095	0	768	2859	122	587
0	256	768	85	237	619
256	256	768	265	248	609
512	256	768	445	257	617
768	256	768	626	264	614
1024	256	768	806	269	609
1280	256	768	984	273	603
1536	256	768	1150	279	601
1792	256	768	1329	285	596
2048	256	768	1510	290	592
2303	256	768	1679	296	594
2559	256	768	1844	302	591
2815	256	768	2018	308	589
3071	256	768	2198	313	586
3327	256	768	2374	317	588
3583	256	768	2550	323	586
3839	256	768	2718	328	584
4095	256	768	2881	333	583
0	512	768	140	477	624
256	512	768	322	488	631
512	512	768	507	502	636
768	512	768	691	506	638
1024	512	768	873	510	633
1280	512	768	1051	512	627
1536	512	768	1219	515	627
1792	512	768	1406	518	622
2048	512	768	1582	521	619
2303	512	768	1749	526	616
2559	512	768	1912	531	618
2815	512	768	2094	536	615
3071	512	768	2273	539	612
3327	512	768	2448	543	610
3583	512	768	2626	548	613
3839	512	768	2788	552	610
4095	512	768	2954	558	610
0	768	768	193	713	639
256	768	768	376	727	646
512	768	768	562	741	657
768	768	768	753	753	658
1024	768	768	935	752	650
1280	768	768	1109	754	645
1536	768	768	1282	755	640
1792	768	768	1467	756	642
2048	768	768	1639	759	638
2303	768	768	1805	764	635
2559	768	768	1974	769	632
2815	768	768	2156	773	634
3071	768	768	2334	774	631
3327	768	768	2510	777	630
3583	768	768	2681	782	627
3839	768	768	2838	784	629
4095	768	768	3010	790	630
0	1024	768	244	948	651
256	1024	768	426	966	656
512	1024	768	612	980	669
768	1024	768	801	990	675
1024	1024	768	989	998	680
1280	1024	768	1158	999	659
1536	1024	768	1336	997	654
1792	1024	768	1518	997	649
2048	1024	768	1689	997	652
2303	1024	768	1853	999	650
2559	1024	768	2025	1002	648
2815	1024	768	2206	1005	642
3071	1024	768	2386	1003	646
3327	1024	768	2559	1006	645
3583	1024	768	2725	1008	642
3839	1024	768	2884	1008	641
4095	1024	768	3059	1014	645
0	1280	768	295	1170	660
256	1280	768	473	1191	666
512	1280	768	662	1204	677
768	1280	768	850	1212	684
1024	1280	768	1034	1217	685
1280	1280	768	1208	1221	689
1536	1280	768	1392	1221	669
1792	1280	768	1571	1221	665
2048	1280	768	1742	1221	663
2303	1280	768	1905	1222	667
2559	1280	768	2079	1226	663
2815	1280	768	2258	1228	660
3071	1280	768	2439	1228	657
3327	1280	768	2613	1228	661
3583	1280	768	2773	1228	657
3839	1280	768	2937	1231	656
4095	1280	768	3113	1240	657
0	1536	768	346	1408	669
256	1536	768	526	1430	682
512	1536	768	713	1443	688
768	1536	768	898	1451	694
1024	1536	768	1077	1458	694
1280	1536	768	1255	1464	694
1536	1536	768	1447	1469	698
1792	1536	768	1622	1471	692
2048	1536	768	1791	1471	681
2303	1536	768	1958	1470	676
2559	1536	768	2138	1470	679
2815	1536	768	2314	1469	677
3071	1536	768	2490	1469	675
3327	1536	768	2664	1471	669
3583	1536	768	2826	1472	673
3839	1536	768	2994	1476	674
4095	1536	768	3159	1480	677
0	1792	768	397	1642	679
256	1792	768	578	1661	693
512	1792	768	765	1672	701
768	1792	768	949	1676	705
1024	1792	768	1124	1683	705
1280	1792	768	1306	1689	705
1536	1792	768	1496	1696	707
1792	1792	768	1676	1703	712
2048	1792	768	1841	1702	707
2303	1792	768	2009	1701	696
2559	1792	768	2189	1702	692
2815	1792	768	2373	1703	697
3071	1792	768	2548	1703	695
3327	1792	768	2716	1703	693
3583	1792	768	2877	1703	693
3839	1792	768	3045	1705	694
4095	1792	768	3210	1710	696
0	2048	768	447	1869	692
256	2048	768	632	1885	706
512	2048	768	816	1895	712
768	2048	768	996	1897	710
1024	2048	768	1170	1899	715
1280	2048	768	1360	1904	716
1536	2048	768	1545	1911	712
1792	2048	768	1721	1917	714
2048	2048	768	1892	1922	717
2303	2048	768	2068	1923	718
2559	2048	768	2248	1924	713
2815	2048	768	2431	1927	712
3071	2048	768	2606	1929	709
3327	2048	768	2772	1927	708
3583	2048	768	2935	1926	709
3839	2048	768	3105	1935	710
4095	2048	768	3265	1939	713
0	2303	768	498	2112	713
256	2303	768	685	2130	716
512	2303	768	866	2135	714
768	2303	768	1040	2139	716
1024	2303	768	1212	2144	718
1280	2303	768	1409	2148	720
1536	2303	768	1590	2153	724
1792	2303	768	1763	2161	727
2048	2303	768	1933	2170	730
2303	2303	768	2115	2176	732
2559	2303	768	2299	2176	731
2815	2303	768	2478	2172	724
3071	2303	768	2643	2169	724
3327	2303	768	2819	2171	723
3583	2303	768	2985	2174	723
3839	2303	768	3147	2178	724
4095	2303	768	3311	2183	727
0	2559	768	551	2341	718
256	2559	768	735	2353	724
512	2559	768	914	2355	725
768	2559	768	1086	2364	727
1024	2559	768	1265	2370	730
1280	2559	768	1453	2371	732
1536	2559	768	1631	2377	735
1792	2559	768	1805	2387	738
2048	2559	768	1981	2395	742
2303	2559	768	2160	2399	745
2559	2559	768	2349	2401	744
2815	2559	768	2527	2403	744
3071	2559	768	2699	2404	740
3327	2559	768	2866	2401	737
3583	2559	768	3029	2407	738
3839	2559	768	3196	2413	740
4095	2559	768	3363	2420	745
0	2815	768	601	2567	731
256	2815	768	782	2578	735
512	2815	768	961	2583	737
768	2815	768	1130	2588	739
1024	2815	768	1313	2591	742
1280	2815	768	1499	2595	744
1536	2815	768	1679	2602	747
1792	2815	768	1851	2613	749
2048	2815	768	2028	2619	753
2303	2815	768	2209	2623	756
2559	2815	768	2399	2625	757
2815	2815	768	2574	2626	757
3071	2815	768	2743	2626	756
3327	2815	768	2908	2625	754
3583	2815	768	3079	2628	753
3839	2815	768	3249	2636	755
4095	2815	768	3410	2646	760
0	3071	768	652	2798	743
256	3071	768	831	2805	747
512	3071	768	1007	2807	750
768	3071	768	1176	2809	751
1024	3071	768	1365	2815	753
1280	3071	768	1546	2825	755
1536	3071	768	1721	2834	758
1792	3071	768	1893	2837	762
2048	3071	768	2074	2852	766
2303	3071	768	2260	2854	769
2559	3071	768	2445	2854	768
2815	3071	768	2621	2864	771
3071	3071	768	2786	2862	770
3327	3071	768	2956	2864	770
3583	3071	768	3130	2871	771
3839	3071	768	3292	2875	774
4095	3071	768	3449	2885	778
0	3327	768	705	3025	759
256	3327	768	884	3028	764
512	3327	768	1055	3030	766
768	3327	768	1231	3035	767
1024	3327	768	1419	3042	770
1280	3327	768	1597	3053	772
1536	3327	768	1774	3065	776
1792	3327	768	1950	3076	780
2048	3327	768	2126	3082	782
2303	3327	768	2316	3082	784
2559	3327	768	2497	3081	782
2815	3327	768	2670	3079	782
3071	3327	768	2842	3083	786
3327	3327	768	3016	3090	788
3583	3327	768	3188	3100	791
3839	3327	768	3355	3111	792
4095	3327	768	3510	3121	799
0	3583	768	758	3238	776
256	3583	768	939	3244	778
512	3583	768	1108	3247	781
768	3583	768	1287	3254	783
1024	3583	768	1472	3261	787
1280	3583	768	1652	3268	790
1536	3583	768	1829	3281	794
1792	3583	768	2005	3288	796
2048	3583	768	2185	3290	798
2303	3583	768	2381	3295	801
2559	3583	768	2555	3292	799
2815	3583	768	2724	3290	798
3071	3583	768	2893	3292	801
3327	3583	768	3068	3301	805
3583	3583	768	3241	3314	810
3839	3583	768	3408	3326	813
4095	3583	768	3567	3335	817
0	3839	768	814	3453	793
256	3839	768	992	3462	796
512	3839	768	1159	3463	799
768	3839	768	1346	3468	802
1024	3839	768	1528	3475	805
1280	3839	768	1708	3483	808
1536	3839	768	1884	3492	812
1792	3839	768	2061	3496	814
2048	3839	768	2248	3500	815
2303	3839	768	2437	3503	815
2559	3839	768	2609	3498	818
2815	3839	768	2776	3496	816
3071	3839	768	2950	3502	817
3327	3839	768	3133	3516	823
3583	3839	768	3302	3526	826
3839	3839	768	3465	3542	833
4095	3839	768	3629	3556	837
0	4095	768	872	3671	812
256	4095	768	1045	3673	814
512	4095	768	1218	3674	817
768	4095	768	1408	3677	820
1024	4095	768	1588	3684	824
1280	4095	768	1766	3692	826
1536	4095	768	1943	3699	830
1792	4095	768	2118	3704	832
2048	4095	768	2308	3702	833
2303	4095	768	2491	3699	833
2559	4095	768	2666	3699	831
2815	4095	768	2835	3703	835
3071	4095	768	3016	3712	836
3327	4095	768	3194	3724	844
3583	4095	768	3361	3740	848
3839	4095	768	3524	3752	852
4095	4095	768	3688	3767	859
0	0	1024	38	4	799
256	0	1024	219	12	804
512	0	1024	398	21	805
768	0	1024	579	30	805
1024	0	1024	762	38	803
1280	0	1024	947	47	801
1536	0	1024	1121	53	795
1792	0	1024	1299	61	790
2048	0	1024	1490	68	787
2303	0	1024	1661	76	786
2559	0	1024	1833	83	785
2815	0	1024	2007	91	786
3071	0	1024	2189	97	788
3327	0	1024	2368	104	786
3583	0	1024	2549	110	785
3839	0	1024	2724	117	783
4095	0	1024	2878	124	786
0	256	1024	94	238	828
256	256	1024	273	247	820
512	256	1024	453	257	830
768	256	1024	636	265	832
1024	256	1024	819	271	829
1280	256	1024	1001	277	822
1536	256	1024	1165	282	819
1792	256	1024	1347	288	813
2048	256	1024	1528	293	808
2303	256	1024	1696	299	808
2559	256	1024	1861	305	803
2815	256	1024	2038	312	802
3071	256	1024	2221	317	799
3327	256	1024	2395	321	798
3583	256	1024	2572	326	796
3839	256	1024	2738	331	793
4095	256	1024	2900	337	792
0	512	1024	149	477	836
256	512	1024	330	487	841
512	512	1024	514	500	852
768	512	1024	702	507	859
1024	512	1024	886	512	855
1280	512	1024	1065	516	849
1536	512	1024	1236	519	840
1792	512	1024	1425	523	839
2048	512	1024	1600	527	835
2303	512	1024	1768	531	831
2559	512	1024	1932	536	830
2815	512	1024	2116	541	827
3071	512	1024	2296	545	823
3327	512	1024	2472	548	821
3583	512	1024	2650	553	823
3839	512	1024	2809	558	818
4095	512	1024	2977	564	817
0	768	1024	203	715	851
256	768	1024	386	729	858
512	768	1024	573	744	871
768	768	1024	767	757	877
1024	768	1024	954	759	874
1280	768	1024	1130	762	868
1536	768	1024	1304	765	861
1792	768	1024	1490	765	861
2048	768	1024	1663	769	857
2303	768	1024	1830	773	852
2559	768	1024	1999	778	848
2815	768	1024	2180	781	849
3071	768	1024	2360	783	845
3327	768	1024	2538	786	842
3583	768	1024	2711	790	839
3839	768	1024	2867	792	839
4095	768	1024	3043	800	839
0	1024	1024	255	954	862
256	1024	1024	437	972	869
512	1024	1024	627	988	884
768	1024	1024	820	1001	894
1024	1024	1024	1014	1013	894
1280	1024	1024	1184	1013	882
1536	1024	1024	1364	1013	877
1792	1024	1024	1546	1012	872
2048	1024	1024	1718	1013	874
2303	1024	1024	1884	1015	870
2559	1024	1024	2059	1017	866
2815	1024	1024	2239	1018	861
3071	1024	1024	2418	1018	863
3327	1024	1024	2596	1019	861
3583	1024	1024	2764	1021	858
3839	1024	1024	2921	1022	856
4095	1024	1024	3099	1028	860
0	1280	1024	306	1177	872
256	1280	1024	486	1198	885
512	1280	1024	678	1214	892
768	1280	1024	871	1226	903
1024	1280	1024	1058	1234	907
1280	1280	1024	1234	1240	909
1536	1280	1024	1421	1239	891
1792	1280	1024	1599	1238	888
2048	1280	1024	1770	1239	883
2303	1280	1024	1933	1240	885
2559	1280	1024	2112	1241	882
2815	1280	1024	2293	1242	877
3071	1280	1024	2470	1244	875
3327	1280	1024	2651	1248	878
3583	1280	1024	2811	1247	873
3839	1280	1024	2974	1249	871
4095	1280	1024	3147	1257	871
0	1536	1024	357	1418	880
256	1536	1024	539	1439	895
512	1536	1024	728	1455	902
768	1536	1024	920	1467	911
1024	1536	1024	1103	1476	915
1280	1536	1024	1284	1482	914
1536	1536	1024	1476	1487	918
1792	1536	1024	1650	1488	905
2048	1536	1024	1817	1488	898
2303	1536	1024	1985	1488	897
2559	1536	1024	2170	1491	899
2815	1536	1024	2347	1489	893
3071	1536	1024	2524	1488	892
3327	1536	1024	2700	1490	886
3583	1536	1024	2860	1488	889
3839	1536	1024	3025	1491	887
4095	1536	1024	3190	1497	889
0	1792	1024	408	1653	891
256	1792	1024	591	1672	905
512	1792	1024	780	1686	916
768	1792	1024	970	1697	921
1024	1792	1024	1147	1704	926
1280	1792	1024	1332	1710	925
1536	1792	1024	1522	1713	926
1792	1792	1024	1701	1716	930
2048	1792	1024	1864	1718	926
2303	1792	1024	2036	1720	914
2559	1792	1024	2222	1721	909
2815	1792	1024	2405	1722	913
3071	1792	1024	2580	1721	910
3327	1792	1024	2750	1720	904
3583	1792	1024	2914	1719	902
3839	1792	1024	3078	1720	905
4095	1792	1024	3242	1727	907
0	2048	1024	459	1878	903
256	2048	1024	647	1896	917
512	2048	1024	835	1910	928
768	2048	1024	1020	1919	933
1024	2048	1024	1194	1925	937
1280	2048	1024	1383	1927	936
1536	2048	1024	1568	1931	937
1792	2048	1024	1744	1937	936
2048	2048	1024	1921	1940	941
2303	2048	1024	2099	1942	936
2559	2048	1024	2280	1945	928
2815	2048	1024	2464	1947	921
3071	2048	1024	2634	1946	925
3327	2048	1024	2802	1945	922
3583	2048	1024	2970	1946	920
3839	2048	1024	3135	1953	924
4095	2048	1024	3296	1959	924
0	2303	1024	511	2121	926
256	2303	1024	699	2139	931
512	2303	1024	885	2152	939
768	2303	1024	1063	2160	944
1024	2303	1024	1240	2165	945
1280	2303	1024	1436	2175	948
1536	2303	1024	1615	2179	948
1792	2303	1024	1790	2184	949
2048	2303	1024	1964	2194	952
2303	2303	1024	2144	2195	956
2559	2303	1024	2327	2194	952
2815	2303	1024	2507	2193	935
3071	2303	1024	2675	2194	932
3327	2303	1024	2848	2191	936
3583	2303	1024	3015	2194	933
3839	2303	1024	3178	2199	937
4095	2303	1024	3346	2202	935
0	2559	1024	563	2354	937
256	2559	1024	748	2372	946
512	2559	1024	936	2384	951
768	2559	1024	1108	2390	956
1024	2559	1024	1288	2394	957
1280	2559	1024	1479	2397	959
1536	2559	1024	1660	2406	964
1792	2559	1024	1834	2413	963
2048	2559	1024	2009	2418	964
2303	2559	1024	2188	2421	963
2559	2559	1024	2378	2421	967
2815	2559	1024	2559	2423	959
3071	2559	1024	2732	2424	947
3327	2559	1024	2892	2421	943
3583	2559	1024	3062	2426	943
3839	2559	1024	3230	2433	945
4095	2559	1024	3395	2440	949
0	2815	1024	615	2583	947
256	2815	1024	799	2598	957
512	2815	1024	983	2608	962
768	2815	1024	1153	2617	967
1024	2815	1024	1339	2618	966
1280	2815	1024	1524	2621	965
1536	2815	1024	1705	2629	969
1792	2815	1024	1876	2635	963
2048	2815	1024	2054	2643	965
2303	2815	1024	2237	2646	966
2559	2815	1024	2430	2641	967
2815	2815	1024	2608	2645	966
3071	2815	1024	2774	2645	963
3327	2815	1024	2937	2644	959
3583	2815	1024	3111	2648	957
3839	2815	1024	3277	2655	959
4095	2815	1024	3439	2665	963
0	3071	1024	664	2808	960
256	3071	1024	850	2822	967
512	3071	1024	1029	2832	963
768	3071	1024	1202	2839	963
1024	3071	1024	1388	2839	964
1280	3071	1024	1571	2847	966
1536	3071	1024	1749	2858	970
1792	3071	1024	1920	2864	972
2048	3071	1024	2101	2876	974
2303	3071	1024	2289	2877	973
2559	3071	1024	2475	2877	972
2815	3071	1024	2651	2888	974
3071	3071	1024	2821	2885	973
3327	3071	1024	2992	2888	972
3583	3071	1024	3164	2896	973
3839	3071	1024	3331	2904	976
4095	3071	1024	3485	2911	979
0	3327	1024	718	3038	967
256	3327	1024	903	3052	974
512	3327	1024	1077	3059	976
768	3327	1024	1256	3066	977
1024	3327	1024	1441	3073	978
1280	3327	1024	1621	3078	980
1536	3327	1024	1800	3090	984
1792	3327	1024	1978	3104	987
2048	3327	1024	2153	3111	987
2303	3327	1024	2347	3108	988
2559	3327	1024	2530	3106	986
2815	3327	1024	2703	3105	984
3071	3327	1024	2876	3109	986
3327	3327	1024	3049	3116	990
3583	3327	1024	3218	3124	991
3839	3327	1024	3384	3132	992
4095	3327	1024	3545	3146	997
0	3583	1024	775	3261	981
256	3583	1024	959	3276	986
512	3583	1024	1129	3280	989
768	3583	1024	1311	3285	992
1024	3583	1024	1498	3291	995
1280	3583	1024	1678	3295	997
1536	3583	1024	1855	3310	998
1792	3583	1024	2031	3315	1000
2048	3583	1024	2215	3316	1000
2303	3583	1024	2411	3319	1001
2559	3583	1024	2585	3316	1000
2815	3583	1024	2755	3315	997
3071	3583	1024	2924	3316	998
3327	3583	1024	3099	3323	1002
3583	3583	1024	3275	3337	1008
3839	3583	1024	3442	3349	1011
4095	3583	1024	3599	3356	1015
0	3839	1024	831	3479	998
256	3839	1024	1012	3492	1002
512	3839	1024	1182	3495	1006
768	3839	1024	1371	3499	1009
1024	3839	1024	1554	3505	1011
1280	3839	1024	1735	3512	1012
1536	3839	1024	1910	3521	1015
1792	3839	1024	2088	3523	1017
2048	3839	1024	2276	3527	1017
2303	3839	1024	2466	3528	1014
2559	3839	1024	2638	3525	1017
2815	3839	1024	2807	3523	1014
3071	3839	1024	2984	3530	1015
3327	3839	1024	3167	3543	1020
3583	3839	1024	3334	3551	1023
3839	3839	1024	3497	3566	1029
4095	3839	1024	3662	3580	1033
0	4095	1024	889	3695	1016
256	4095	1024	1065	3701	1020
512	4095	1024	1243	3705	1023
768	4095	1024	1433	3708	1024
1024	4095	1024	1613	3714	1026
1280	4095	1024	1791	3720	1030
1536	4095	1024	1970	3727	1032
1792	4095	1024	2147	3733	1034
2048	4095	1024	2337	3729	1033
2303	4095	1024	2518	3726	1030
2559	4095	1024	2695	3727	1029
2815	4095	1024	2865	3729	1030
3071	4095	1024	3049	3740	1033
3327	4095	1024	3227	3753	1039
3583	4095	1024	3396	3765	1043
3839	4095	1024	3557	3777	1048
4095	4095	1024	3722	3795	1052
0	0	1280	49	5	1014
256	0	1280	229	13	1019
512	0	1280	407	22	1018
768	0	1280	588	31	1017
1024	0	1280	773	39	1015
1280	0	1280	962	48	1019
1536	0	1280	1137	55	1005
1792	0	1280	1317	62	998
2048	0	1280	1506	70	994
2303	0	1280	1679	77	990
2559	0	1280	1849	85	987
2815	0	1280	2026	92	987
3071	0	1280	2213	99	988
3327	0	1280	2393	105	984
3583	0	1280	2573	112	981
3839	0	1280	2745	119	977
4095	0	1280	2898	126	976
0	256	1280	103	238	1094
256	256	1280	282	248	1026
512	256	1280	459	257	1039
768	256	1280	642	265	1041
1024	256	1280	828	272	1042
1280	256	1280	1016	279	1039
1536	256	1280	1183	285	1034
1792	256	1280	1364	290	1028
2048	256	1280	1543	296	1023
2303	256	1280	1713	302	1019
2559	256	1280	1880	308	1015
2815	256	1280	2060	314	1013
3071	256	1280	2243	320	1009
3327	256	1280	2419	324	1005
3583	256	1280	2594	329	1002
3839	256	1280	2757	334	996
4095	256	1280	2918	340	993
0	512	1280	158	476	1042
256	512	1280	338	486	1045
512	512	1280	523	498	1056
768	512	1280	708	506	1067
1024	512	1280	897	513	1069
1280	512	1280	1080	519	1063
1536	512	1280	1256	524	1055
1792	512	1280	1441	527	1051
2048	512	1280	1617	530	1047
2303	512	1280	1786	535	1042
2559	512	1280	1950	540	1037
2815	512	1280	2135	545	1034
3071	512	1280	2315	550	1030
3327	512	1280	2494	553	1026
3583	512	1280	2670	558	1026
3839	512	1280	2827	562	1019
4095	512	1280	2998	568	1017
0	768	1280	211	715	1051
256	768	1280	393	729	1061
512	768	1280	580	743	1075
768	768	1280	774	756	1085
1024	768	1280	966	764	1089
1280	768	1280	1144	768	1083
1536	768	1280	1321	770	1076
1792	768	1280	1507	771	1070
2048	768	1280	1681	775	1069
2303	768	1280	1849	780	1062
2559	768	1280	2020	784	1057
2815	768	1280	2201	788	1056
3071	768	1280	2383	790	1050
3327	768	1280	2562	793	1046
3583	768	1280	2734	797	1041
3839	768	1280	2890	800	1039
4095	768	1280	3067	807	1040
0	1024	1280	266	959	1061
256	1024	1280	447	977	1073
512	1024	1280	638	993	1089
768	1024	1280	834	1009	1101
1024	1024	1280	1032	1022	1106
1280	1024	1280	1206	1023	1097
1536	1024	1280	1388	1023	1092
1792	1024	1280	1571	1023	1087
2048	1024	1280	1745	1025	1086
2303	1024	1280	1911	1027	1078
2559	1024	1280	2087	1028	1074
2815	1024	1280	2268	1029	1069
3071	1024	1280	2446	1029	1067
3327	1024	1280	2628	1032	1065
3583	1024	1280	2795	1033	1059
3839	1024	1280	2953	1034	1055
4095	1024	1280	3129	1039	1057
0	1280	1280	318	1184	1071
256	1280	1280	498	1205	1088
512	1280	1280	693	1222	1098
768	1280	1280	889	1236	1110
1024	1280	1280	1079	1248	1117
1280	1280	1280	1258	1257	1114
1536	1280	1280	1447	1255	1104
1792	1280	1280	1626	1254	1100
2048	1280	1280	1796	1255	1094
2303	1280	1280	1960	1256	1093
2559	1280	1280	2145	1257	1090
2815	1280	1280	2325	1258	1083
3071	1280	1280	2503	1260	1079
3327	1280	1280	2685	1263	1080
3583	1280	1280	2844	1261	1072
3839	1280	1280	3008	1264	1069
4095	1280	1280	3180	1270	1069
0	1536	1280	370	1429	1080
256	1536	1280	552	1448	1097
512	1536	1280	742	1464	1108
768	1536	1280	939	1479	1116
1024	1536	1280	1124	1492	1123
1280	1536	1280	1309	1500	1124
1536	1536	1280	1505	1505	1126
1792	1536	1280	1679	1506	1110
2048	1536	1280	1846	1505	1106
2303	1536	1280	2015	1505	1103
2559	1536	1280	2200	1509	1103
2815	1536	1280	2381	1506	1098
3071	1536	1280	2559	1505	1094
3327	1536	1280	2732	1506	1088
3583	1536	1280	2891	1504	1088
3839	1536	1280	3059	1508	1085
4095	1536	1280	3227	1513	1086
0	1792	1280	420	1664	1091
256	1792	1280	606	1681	1106
512	1792	1280	797	1697	1116
768	1792	1280	989	1712	1122
1024	1792	1280	1170	1721	1129
1280	1792	1280	1359	1729	1131
1536	1792	1280	1550	1733	1130
1792	1792	1280	1730	1738	1133
2048	1792	1280	1897	1738	1129
2303	1792	1280	2071	1739	1117
2559	1792	1280	2252	1741	1112
2815	1792	1280	2438	1742	1114
3071	1792	1280	2617	1742	1108
3327	1792	1280	2786	1740	1103
3583	1792	1280	2949	1737	1099
3839	1792	1280	3117	1740	1101
4095	1792	1280	3282	1747	1101
0	2048	1280	472	1890	1109
256	2048	1280	661	1907	1115
512	2048	1280	852	1922	1124
768	2048	1280	1038	1935	1132
1024	2048	1280	1215	1943	1137
1280	2048	1280	1409	1947	1138
1536	2048	1280	1595	1950	1138
1792	2048	1280	1774	1954	1138
2048	2048	1280	1948	1959	1142
2303	2048	1280	2131	1961	1138
2559	2048	1280	2314	1963	1127
2815	2048	1280	2493	1965	1120
3071	2048	1280	2662	1964	1120
3327	2048	1280	2835	1966	1116
3583	2048	1280	3005	1969	1112
3839	2048	1280	3169	1971	1109
4095	2048	1280	3330	1978	1113
0	2303	1280	525	2134	1118
256	2303	1280	713	2152	1124
512	2303	1280	902	2166	1132
768	2303	1280	1085	2179	1140
1024	2303	1280	1266	2189	1144
1280	2303	1280	1460	2196	1147
1536	2303	1280	1639	2199	1147
1792	2303	1280	1818	2205	1147
2048	2303	1280	1995	2214	1149
2303	2303	1280	2176	2218	1151
2559	2303	1280	2361	2218	1148
2815	2303	1280	2541	2216	1130
3071	2303	1280	2711	2213	1127
3327	2303	1280	2883	2215	1128
3583	2303	1280	3048	2217	1122
3839	2303	1280	3213	2219	1124
4095	2303	1280	3381	2222	1127
0	2559	1280	578	2367	1127
256	2559	1280	765	2384	1136
512	2559	1280	953	2398	1141
768	2559	1280	1130	2410	1149
1024	2559	1280	1315	2418	1153
1280	2559	1280	1507	2422	1153
1536	2559	1280	1688	2431	1157
1792	2559	1280	1861	2436	1156
2048	2559	1280	2039	2441	1159
2303	2559	1280	2224	2446	1157
2559	2559	1280	2414	2447	1160
2815	2559	1280	2592	2445	1157
3071	2559	1280	2762	2444	1132
3327	2559	1280	2922	2444	1133
3583	2559	1280	3096	2448	1136
3839	2559	1280	3266	2455	1135
4095	2559	1280	3431	2462	1139
0	2815	1280	629	2598	1135
256	2815	1280	814	2615	1144
512	2815	1280	1000	2627	1152
768	2815	1280	1176	2639	1157
1024	2815	1280	1364	2642	1160
1280	2815	1280	1552	2648	1160
1536	2815	1280	1736	2658	1162
1792	2815	1280	1906	2665	1167
2048	2815	1280	2087	2670	1169
2303	2815	1280	2273	2671	1169
2559	2815	1280	2465	2667	1165
2815	2815	1280	2642	2670	1168
3071	2815	1280	2808	2670	1162
3327	2815	1280	2973	2669	1142
3583	2815	1280	3146	2671	1145
3839	2815	1280	3313	2679	1147
4095	2815	1280	3472	2689	1153
0	3071	1280	678	2828	1143
256	3071	1280	865	2844	1152
512	3071	1280	1046	2857	1159
768	3071	1280	1225	2866	1165
1024	3071	1280	1414	2869	1168
1280	3071	1280	1598	2876	1169
1536	3071	1280	1777	2885	1170
1792	3071	1280	1952	2895	1173
2048	3071	1280	2133	2907	1177
2303	3071	1280	2321	2909	1176
2559	3071	1280	2507	2910	1173
2815	3071	1280	2684	2913	1177
3071	3071	1280	2856	2910	1173
3327	3071	1280	3028	2913	1165
3583	3071	1280	3201	2920	1161
3839	3071	1280	3369	2929	1162
4095	3071	1280	3523	2936	1166
0	3327	1280	732	3056	1155
256	3327	1280	919	3072	1159
512	3327	1280	1098	3084	1168
768	3327	1280	1279	3094	1172
1024	3327	1280	1468	3103	1173
1280	3327	1280	1651	3108	1176
1536	3327	1280	1830	3120	1179
1792	3327	1280	2007	3131	1179
2048	3327	1280	2183	3139	1182
2303	3327	1280	2380	3137	1185
2559	3327	1280	2561	3132	1179
2815	3327	1280	2734	3129	1177
3071	3327	1280	2909	3134	1174
3327	3327	1280	3077	3141	1178
3583	3327	1280	3248	3149	1180
3839	3327	1280	3421	3159	1183
4095	3327	1280	3584	3174	1190
0	3583	1280	790	3275	1172
256	3583	1280	975	3293	1178
512	3583	1280	1149	3307	1182
768	3583	1280	1337	3313	1185
1024	3583	1280	1525	3319	1188
1280	3583	1280	1707	3328	1190
1536	3583	1280	1883	3339	1194
1792	3583	1280	2061	3343	1190
2048	3583	1280	2245	3344	1192
2303	3583	1280	2441	3347	1191
2559	3583	1280	2615	3342	1190
2815	3583	1280	2786	3341	1189
3071	3583	1280	2958	3344	1190
3327	3583	1280	3132	3350	1193
3583	3583	1280	3311	3365	1201
3839	3583	1280	3478	3377	1207
4095	3583	1280	3637	3385	1211
0	3839	1280	847	3494	1184
256	3839	1280	1029	3512	1191
512	3839	1280	1205	3527	1198
768	3839	1280	1397	3531	1201
1024	3839	1280	1582	3537	1203
1280	3839	1280	1762	3544	1206
1536	3839	1280	1937	3549	1209
1792	3839	1280	2117	3551	1212
2048	3839	1280	2308	3555	1212
2303	3839	1280	2496	3557	1209
2559	3839	1280	2666	3553	1210
2815	3839	1280	2839	3552	1210
3071	3839	1280	3021	3559	1212
3327	3839	1280	3204	3574	1217
3583	3839	1280	3373	3583	1224
3839	3839	1280	3537	3595	1229
4095	3839	1280	3701	3608	1235
0	4095	1280	907	3713	1204
256	4095	1280	1087	3726	1212
512	4095	1280	1269	3738	1217
768	4095	1280	1460	3743	1219
1024	4095	1280	1640	3747	1224
1280	4095	1280	1820	3752	1228
1536	4095	1280	1998	3759	1231
1792	4095	1280	2177	3764	1233
2048	4095	1280	2368	3759	1232
2303	4095	1280	2550	3757	1229
2559	4095	1280	2725	3757	1228
2815	4095	1280	2896	3757	1230
3071	4095	1280	3083	3770	1236
3327	4095	1280	3263	3784	1240
3583	4095	1280	3432	3795	1247
3839	4095	1280	3595	3808	1255
4095	4095	1280	3760	3826	1260
0	0	1536	58	6	1203
256	0	1536	239	14	1205
512	0	1536	418	23	1206
768	0	1536	600	31	1202
1024	0	1536	786	41	1202
1280	0	1536	975	49	1204
1536	0	1536	1150	56	1202
1792	0	1536	1334	64	1201
2048	0	1536	1522	71	1200
2303	0	1536	1696	79	1203
2559	0	1536	1868	86	1202
2815	0	1536	2045	94	1203
3071	0	1536	2232	101	1204
3327	0	1536	2414	107	1208
3583	0	1536	2593	114	1208
3839	0	1536	2763	121	1208
4095	0	1536	2923	128	1213
0	256	1536	112	239	1278
256	256	1536	291	247	1206
512	256	1536	468	256	1212
768	256	1536	651	265	1210
1024	256	1536	837	273	1209
1280	256	1536	1023	280	1208
1536	256	1536	1197	289	1211
1792	256	1536	1382	294	1203
2048	256	1536	1562	299	1193
2303	256	1536	1732	305	1186
2559	256	1536	1897	311	1189
2815	256	1536	2078	318	1185
3071	256	1536	2263	324	1178
3327	256	1536	2443	327	1169
3583	256	1536	2615	333	1172
3839	256	1536	2779	338	1166
4095	256	1536	2946	345	1182
0	512	1536	167	476	1233
256	512	1536	348	486	1225
512	512	1536	534	500	1246
768	512	1536	720	507	1250
1024	512	1536	909	514	1247
1280	512	1536	1092	521	1243
1536	512	1536	1270	529	1230
1792	512	1536	1460	530	1233
2048	512	1536	1635	534	1228
2303	512	1536	1802	539	1218
2559	512	1536	1968	545	1212
2815	512	1536	2157	551	1224
3071	512	1536	2340	554	1219
3327	512	1536	2517	558	1215
3583	512	1536	2691	564	1213
3839	512	1536	2849	568	1207
4095	512	1536	3022	574	1207
0	768	1536	220	715	1253
256	768	1536	403	729	1241
512	768	1536	591	744	1263
768	768	1536	783	756	1266
1024	768	1536	973	762	1270
1280	768	1536	1154	771	1265
1536	768	1536	1339	776	1275
1792	768	1536	1527	776	1267
2048	768	1536	1701	780	1264
2303	768	1536	1868	786	1258
2559	768	1536	2040	791	1253
2815	768	1536	2227	795	1251
3071	768	1536	2408	796	1244
3327	768	1536	2584	801	1241
3583	768	1536	2754	805	1237
3839	768	1536	2912	807	1232
4095	768	1536	3089	813	1234
0	1024	1536	275	961	1250
256	1024	1536	457	980	1262
512	1024	1536	648	995	1277
768	1024	1536	844	1010	1288
1024	1024	1536	1041	1024	1296
1280	1024	1536	1221	1029	1300
1536	1024	1536	1407	1031	1297
1792	1024	1536	1589	1030	1292
2048	1024	1536	1766	1031	1287
2303	1024	1536	1931	1035	1281
2559	1024	1536	2110	1037	1277
2815	1024	1536	2294	1038	1274
3071	1024	1536	2474	1037	1271
3327	1024	1536	2652	1041	1269
3583	1024	1536	2817	1042	1262
3839	1024	1536	2980	1043	1258
4095	1024	1536	3154	1048	1257
0	1280	1536	329	1193	1263
256	1280	1536	511	1213	1281
512	1280	1536	704	1230	1294
768	1280	1536	903	1244	1307
1024	1280	1536	1096	1257	1317
1280	1280	1536	1280	1269	1321
1536	1280	1536	1470	1268	1311
1792	1280	1536	1652	1268	1308
2048	1280	1536	1823	1267	1303
2303	1280	1536	1987	1268	1301
2559	1280	1536	2174	1272	1296
2815	1280	1536	2356	1273	1293
3071	1280	1536	2536	1273	1289
3327	1280	1536	2713	1274	1287
3583	1280	1536	2875	1274	1280
3839	1280	1536	3041	1277	1277
4095	1280	1536	3211	1282	1277
0	1536	1536	382	1439	1278
256	1536	1536	567	1458	1294
512	1536	1536	758	1472	1305
768	1536	1536	955	1490	1316
1024	1536	1536	1142	1504	1328
1280	1536	1536	1332	1516	1334
1536	1536	1536	1531	1524	1334
1792	1536	1536	1708	1523	1321
2048	1536	1536	1877	1522	1320
2303	1536	1536	2048	1523	1316
2559	1536	1536	2230	1525	1313
2815	1536	1536	2413	1524	1310
3071	1536	1536	2591	1522	1306
3327	1536	1536	2763	1521	1300
3583	1536	1536	2926	1522	1300
3839	1536	1536	3098	1525	1298
4095	1536	1536	3266	1529	1298
0	1792	1536	433	1677	1294
256	1792	1536	621	1693	1308
512	1792	1536	813	1707	1318
768	1792	1536	1007	1722	1330
1024	1792	1536	1190	1736	1336
1280	1792	1536	1385	1745	1342
1536	1792	1536	1580	1752	1344
1792	1792	1536	1758	1759	1347
2048	1792	1536	1929	1757	1341
2303	1792	1536	2104	1758	1333
2559	1792	1536	2284	1760	1331
2815	1792	1536	2472	1760	1331
3071	1792	1536	2649	1760	1323
3327	1792	1536	2819	1759	1317
3583	1792	1536	2985	1757	1313
3839	1792	1536	3156	1761	1315
4095	1792	1536	3321	1767	1315
0	2048	1536	485	1903	1312
256	2048	1536	675	1920	1320
512	2048	1536	867	1934	1331
768	2048	1536	1055	1947	1341
1024	2048	1536	1236	1958	1348
1280	2048	1536	1435	1964	1353
1536	2048	1536	1624	1970	1356
1792	2048	1536	1804	1975	1358
2048	2048	1536	1978	1983	1361
2303	2048	1536	2161	1984	1359
2559	2048	1536	2344	1984	1347
2815	2048	1536	2523	1983	1340
3071	2048	1536	2695	1985	1339
3327	2048	1536	2867	1986	1334
3583	2048	1536	3037	1988	1331
3839	2048	1536	3204	1990	1330
4095	2048	1536	3367	1997	1333
0	2303	1536	540	2148	1326
256	2303	1536	728	2165	1336
512	2303	1536	919	2180	1344
768	2303	1536	1103	2195	1354
1024	2303	1536	1288	2209	1360
1280	2303	1536	1484	2218	1365
1536	2303	1536	1667	2223	1367
1792	2303	1536	1846	2230	1370
2048	2303	1536	2025	2237	1373
2303	2303	1536	2212	2243	1375
2559	2303	1536	2395	2240	1372
2815	2303	1536	2574	2236	1352
3071	2303	1536	2746	2233	1349
3327	2303	1536	2913	2236	1347
3583	2303	1536	3082	2238	1346
3839	2303	1536	3250	2240	1348
4095	2303	1536	3418	2243	1353
0	2559	1536	592	2382	1338
256	2559	1536	779	2398	1348
512	2559	1536	970	2411	1355
768	2559	1536	1149	2427	1366
1024	2559	1536	1339	2437	1372
1280	2559	1536	1532	2445	1375
1536	2559	1536	1715	2455	1378
1792	2559	1536	1889	2459	1381
2048	2559	1536	2069	2464	1385
2303	2559	1536	2256	2470	1384
2559	2559	1536	2445	2469	1385
2815	2559	1536	2624	2468	1380
3071	2559	1536	2793	2467	1359
3327	2559	1536	2956	2469	1359
3583	2559	1536	3131	2472	1362
3839	2559	1536	3305	2479	1365
4095	2559	1536	3472	2487	1369
0	2815	1536	644	2616	1350
256	2815	1536	830	2630	1360
512	2815	1536	1016	2643	1369
768	2815	1536	1194	2655	1375
1024	2815	1536	1388	2664	1382
1280	2815	1536	1579	2673	1385
1536	2815	1536	1762	2682	1387
1792	2815	1536	1933	2689	1392
2048	2815	1536	2116	2695	1395
2303	2815	1536	2305	2694	1395
2559	2815	1536	2494	2692	1390
2815	2815	1536	2669	2691	1393
3071	2815	1536	2837	2692	1390
3327	2815	1536	3007	2693	1372
3583	2815	1536	3182	2696	1377
3839	2815	1536	3354	2706	1381
4095	2815	1536	3511	2714	1386
0	3071	1536	695	2846	1361
256	3071	1536	882	2860	1371
512	3071	1536	1063	2871	1379
768	3071	1536	1244	2882	1387
1024	3071	1536	1440	2896	1392
1280	3071	1536	1626	2904	1396
1536	3071	1536	1805	2914	1398
1792	3071	1536	1983	2925	1401
2048	3071	1536	2162	2932	1407
2303	3071	1536	2351	2935	1406
2559	3071	1536	2537	2935	1403
2815	3071	1536	2711	2933	1400
3071	3071	1536	2887	2934	1404
3327	3071	1536	3062	2939	1397
3583	3071	1536	3235	2946	1398
3839	3071	1536	3403	2954	1400
4095	3071	1536	3559	2961	1404
0	3327	1536	749	3077	1379
256	3327	1536	938	3093	1384
512	3327	1536	1115	3106	1393
768	3327	1536	1301	3118	1401
1024	3327	1536	1496	3132	1408
1280	3327	1536	1680	3140	1411
1536	3327	1536	1859	3150	1413
1792	3327	1536	2036	3157	1414
2048	3327	1536	2217	3159	1414
2303	3327	1536	2412	3162	1419
2559	3327	1536	2592	3159	1415
2815	3327	1536	2766	3156	1412
3071	3327	1536	2943	3160	1417
3327	3327	1536	3113	3168	1416
3583	3327	1536	3286	3178	1419
3839	3327	1536	3459	3189	1422
4095	3327	1536	3623	3203	1427
0	3583	1536	806	3304	1397
256	3583	1536	993	3319	1406
512	3583	1536	1171	3334	1411
768	3583	1536	1361	3342	1421
1024	3583	1536	1550	3351	1425
1280	3583	1536	1737	3361	1426
1536	3583	1536	1911	3368	1430
1792	3583	1536	2090	3370	1432
2048	3583	1536	2277	3371	1432
2303	3583	1536	2473	3374	1431
2559	3583	1536	2649	3372	1436
2815	3583	1536	2821	3373	1431
3071	3583	1536	2995	3375	1433
3327	3583	1536	3175	3383	1437
3583	3583	1536	3353	3398	1441
3839	3583	1536	3521	3410	1445
4095	3583	1536	3682	3419	1448
0	3839	1536	864	3520	1418
256	3839	1536	1048	3536	1426
512	3839	1536	1227	3551	1433
768	3839	1536	1423	3561	1438
1024	3839	1536	1609	3571	1442
1280	3839	1536	1789	3579	1445
1536	3839	1536	1963	3579	1446
1792	3839	1536	2148	3583	1451
2048	3839	1536	2339	3586	1451
2303	3839	1536	2526	3587	1448
2559	3839	1536	2700	3585	1452
2815	3839	1536	2874	3584	1452
3071	3839	1536	3057	3592	1452
3327	3839	1536	3241	3605	1456
3583	3839	1536	3411	3615	1461
3839	3839	1536	3580	3629	1467
4095	3839	1536	3740	3641	1477
0	4095	1536	925	3737	1440
256	4095	1536	1105	3750	1447
512	4095	1536	1290	3765	1454
768	4095	1536	1486	3781	1460
1024	4095	1536	1667	3783	1464
1280	4095	1536	1846	3785	1466
1536	4095	1536	2027	3790	1468
1792	4095	1536	2207	3796	1473
2048	4095	1536	2401	3791	1473
2303	4095	1536	2582	3788	1469
2559	4095	1536	2757	3787	1468
2815	4095	1536	2930	3788	1472
3071	4095	1536	3117	3804	1474
3327	4095	1536	3296	3817	1478
3583	4095	1536	3466	3826	1483
3839	4095	1536	3630	3843	1493
4095	4095	1536	3795	3857	1497
0	0	1792	68	7	1424
256	0	1792	249	15	1419
512	0	1792	429	24	1423
768	0	1792	613	32	1423
1024	0	1792	799	42	1423
1280	0	1792	988	50	1424
1536	0	1792	1166	58	1424
1792	0	1792	1352	65	1424
2048	0	1792	1542	73	1426
2303	0	1792	1719	81	1426
2559	0	1792	1891	88	1426
2815	0	1792	2070	96	1426
3071	0	1792	2259	103	1427
3327	0	1792	2440	110	1430
3583	0	1792	2620	116	1429
3839	0	1792	2790	124	1429
4095	0	1792	2954	131	1430
0	256	1792	123	241	1492
256	256	1792	301	249	1428
512	256	1792	477	258	1439
768	256	1792	662	266	1440
1024	256	1792	848	274	1436
1280	256	1792	1031	283	1434
1536	256	1792	1207	291	1437
1792	256	1792	1399	297	1435
2048	256	1792	1583	303	1429
2303	256	1792	1754	309	1421
2559	256	1792	1920	315	1422
2815	256	1792	2103	322	1420
3071	256	1792	2287	327	1415
3327	256	1792	2468	332	1409
3583	256	1792	2643	337	1411
3839	256	1792	2811	343	1406
4095	256	1792	2977	350	1401
0	512	1792	176	476	1461
256	512	1792	357	487	1452
512	512	1792	543	500	1468
768	512	1792	729	507	1476
1024	512	1792	918	514	1473
1280	512	1792	1101	521	1471
1536	512	1792	1281	530	1469
1792	512	1792	1477	535	1473
2048	512	1792	1654	540	1465
2303	512	1792	1825	545	1456
2559	512	1792	1996	551	1452
2815	512	1792	2182	555	1455
3071	512	1792	2362	560	1449
3327	512	1792	2542	565	1444
3583	512	1792	2724	571	1436
3839	512	1792	2886	575	1439
4095	512	1792	3052	581	1435
0	768	1792	230	716	1480
256	768	1792	412	730	1470
512	768	1792	601	745	1494
768	768	1792	795	757	1498
1024	768	1792	985	764	1504
1280	768	1792	1166	773	1502
1536	768	1792	1352	780	1501
1792	768	1792	1546	785	1490
2048	768	1792	1717	787	1493
2303	768	1792	1889	793	1484
2559	768	1792	2066	797	1479
2815	768	1792	2250	800	1472
3071	768	1792	2429	805	1476
3327	768	1792	2611	809	1470
3583	768	1792	2786	812	1462
3839	768	1792	2949	815	1466
4095	768	1792	3120	821	1461
0	1024	1792	285	964	1483
256	1024	1792	466	981	1492
512	1024	1792	659	996	1510
768	1024	1792	855	1012	1525
1024	1024	1792	1050	1025	1524
1280	1024	1792	1227	1030	1533
1536	1024	1792	1423	1036	1530
1792	1024	1792	1610	1039	1517
2048	1024	1792	1780	1038	1510
2303	1024	1792	1953	1041	1513
2559	1024	1792	2134	1043	1508
2815	1024	1792	2317	1045	1501
3071	1024	1792	2498	1048	1506
3327	1024	1792	2676	1049	1497
3583	1024	1792	2844	1050	1490
3839	1024	1792	3012	1052	1482
4095	1024	1792	3185	1058	1491
0	1280	1792	338	1198	1498
256	1280	1792	520	1216	1521
512	1280	1792	715	1232	1527
768	1280	1792	911	1246	1542
1024	1280	1792	1103	1258	1555
1280	1280	1792	1291	1270	1553
1536	1280	1792	1490	1274	1558
1792	1280	1792	1670	1276	1543
2048	1280	1792	1843	1277	1537
2303	1280	1792	2016	1279	1527
2559	1280	1792	2196	1281	1531
2815	1280	1792	2381	1284	1534
3071	1280	1792	2563	1286	1530
3327	1280	1792	2737	1284	1520
3583	1280	1792	2904	1286	1519
3839	1280	1792	3073	1289	1517
4095	1280	1792	3242	1295	1514
0	1536	1792	393	1450	1514
256	1536	1792	579	1467	1536
512	1536	1792	775	1483	1553
768	1536	1792	972	1501	1557
1024	1536	1792	1160	1513	1572
1280	1536	1792	1353	1526	1583
1536	1536	1792	1555	1539	1582
1792	1536	1792	1732	1536	1565
2048	1536	1792	1905	1536	1564
2303	1536	1792	2079	1539	1559
2559	1536	1792	2257	1541	1554
2815	1536	1792	2443	1540	1549
3071	1536	1792	2622	1538	1541
3327	1536	1792	2795	1537	1534
3583	1536	1792	2967	1540	1533
3839	1536	1792	3135	1541	1531
4095	1536	1792	3300	1545	1529
0	1792	1792	447	1691	1534
256	1792	1792	635	1706	1556
512	1792	1792	827	1719	1552
768	1792	1792	1021	1735	1562
1024	1792	1792	1206	1749	1571
1280	1792	1792	1407	1761	1579
1536	1792	1792	1603	1770	1584
1792	1792	1792	1782	1775	1585
2048	1792	1792	1957	1776	1578
2303	1792	1792	2136	1776	1575
2559	1792	1792	2317	1777	1571
2815	1792	1792	2503	1777	1565
3071	1792	1792	2678	1776	1557
3327	1792	1792	2851	1776	1548
3583	1792	1792	3022	1777	1542
3839	1792	1792	3194	1780	1543
4095	1792	1792	3359	1785	1544
0	2048	1792	501	1918	1546
256	2048	1792	692	1936	1555
512	2048	1792	884	1947	1565
768	2048	1792	1073	1960	1575
1024	2048	1792	1259	1976	1584
1280	2048	1792	1461	1983	1588
1536	2048	1792	1652	1991	1593
1792	2048	1792	1834	1998	1596
2048	2048	1792	2010	2008	1599
2303	2048	1792	2191	2007	1595
2559	2048	1792	2375	2005	1580
2815	2048	1792	2554	2002	1572
3071	2048	1792	2729	2005	1568
3327	2048	1792	2898	2004	1560
3583	2048	1792	3068	2006	1557
3839	2048	1792	3240	2012	1557
4095	2048	1792	3406	2019	1560
0	2303	1792	554	2161	1556
256	2303	1792	744	2179	1567
512	2303	1792	937	2195	1576
768	2303	1792	1121	2210	1584
1024	2303	1792	1308	2225	1590
1280	2303	1792	1509	2239	1595
1536	2303	1792	1694	2247	1600
1792	2303	1792	1875	2254	1604
2048	2303	1792	2056	2261	1605
2303	2303	1792	2243	2266	1606
2559	2303	1792	2426	2261	1600
2815	2303	1792	2605	2256	1580
3071	2303	1792	2780	2254	1576
3327	2303	1792	2944	2256	1570
3583	2303	1792	3117	2259	1571
3839	2303	1792	3289	2262	1574
4095	2303	1792	3458	2265	1576
0	2559	1792	607	2400	1564
256	2559	1792	794	2416	1574
512	2559	1792	985	2429	1584
768	2559	1792	1167	2443	1592
1024	2559	1792	1360	2457	1598
1280	2559	1792	1556	2469	1603
1536	2559	1792	1743	2478	1607
1792	2559	1792	1917	2482	1610
2048	2559	1792	2099	2487	1612
2303	2559	1792	2286	2492	1610
2559	2559	1792	2477	2491	1607
2815	2559	1792	2655	2489	1602
3071	2559	1792	2825	2490	1585
3327	2559	1792	2992	2493	1582
3583	2559	1792	3170	2495	1584
3839	2559	1792	3345	2502	1586
4095	2559	1792	3510	2508	1591
0	2815	1792	659	2634	1574
256	2815	1792	847	2647	1582
512	2815	1792	1033	2659	1590
768	2815	1792	1212	2670	1596
1024	2815	1792	1412	2686	1604
1280	2815	1792	1604	2699	1609
1536	2815	1792	1789	2708	1613
1792	2815	1792	1960	2714	1617
2048	2815	1792	2146	2718	1617
2303	2815	1792	2335	2718	1616
2559	2815	1792	2525	2715	1612
2815	2815	1792	2701	2713	1613
3071	2815	1792	2871	2715	1608
3327	2815	1792	3043	2718	1593
3583	2815	1792	3222	2723	1597
3839	2815	1792	3394	2732	1601
4095	2815	1792	3552	2740	1605
0	3071	1792	712	2865	1581
256	3071	1792	899	2877	1591
512	3071	1792	1080	2890	1599
768	3071	1792	1265	2903	1605
1024	3071	1792	1465	2921	1612
1280	3071	1792	1654	2934	1617
1536	3071	1792	1835	2943	1621
1792	3071	1792	2011	2950	1622
2048	3071	1792	2192	2957	1624
2303	3071	1792	2384	2959	1622
2559	3071	1792	2568	2957	1619
2815	3071	1792	2743	2957	1616
3071	3071	1792	2918	2959	1619
3327	3071	1792	3097	2965	1614
3583	3071	1792	3274	2974	1613
3839	3071	1792	3444	2982	1618
4095	3071	1792	3598	2992	1622
0	3327	1792	766	3100	1597
256	3327	1792	956	3114	1603
512	3327	1792	1134	3129	1611
768	3327	1792	1323	3144	1619
1024	3327	1792	1521	3159	1627
1280	3327	1792	1708	3171	1630
1536	3327	1792	1886	3179	1632
1792	3327	1792	2065	3183	1632
2048	3327	1792	2247	3185	1630
2303	3327	1792	2442	3186	1634
2559	3327	1792	2624	3183	1628
2815	3327	1792	2801	3184	1626
3071	3327	1792	2977	3188	1626
3327	3327	1792	3153	3197	1629
3583	3327	1792	3326	3205	1632
3839	3327	1792	3494	3214	1636
4095	3327	1792	3654	3224	1641
0	3583	1792	824	3328	1613
256	3583	1792	1012	3341	1622
512	3583	1792	1190	3355	1627
768	3583	1792	1384	3368	1634
1024	3583	1792	1576	3379	1641
1280	3583	1792	1763	3390	1643
1536	3583	1792	1938	3395	1645
1792	3583	1792	2119	3396	1647
2048	3583	1792	2307	3396	1644
2303	3583	1792	2499	3395	1641
2559	3583	1792	2679	3397	1645
2815	3583	1792	2856	3399	1642
3071	3583	1792	3033	3403	1643
3327	3583	1792	3213	3411	1648
3583	3583	1792	3389	3425	1652
3839	3583	1792	3553	3434	1656
4095	3583	1792	3713	3440	1660
0	3839	1792	884	3546	1631
256	3839	1792	1067	3559	1639
512	3839	1792	1249	3572	1647
768	3839	1792	1445	3586	1652
1024	3839	1792	1633	3597	1657
1280	3839	1792	1815	3605	1659
1536	3839	1792	1992	3607	1659
1792	3839	1792	2176	3610	1663
2048	3839	1792	2367	3610	1661
2303	3839	1792	2554	3609	1656
2559	3839	1792	2733	3610	1657
2815	3839	1792	2908	3613	1661
3071	3839	1792	3088	3618	1662
3327	3839	1792	3270	3626	1666
3583	3839	1792	3446	3641	1672
3839	3839	1792	3607	3649	1678
4095	3839	1792	3769	3663	1682
0	4095	1792	945	3763	1651
256	4095	1792	1124	3775	1659
512	4095	1792	1311	3787	1666
768	4095	1792	1507	3799	1670
1024	4095	1792	1691	3807	1675
1280	4095	1792	1871	3811	1677
1536	4095	1792	2052	3816	1678
1792	4095	1792	2236	3823	1678
2048	4095	1792	2428	3817	1680
2303	4095	1792	2613	3815	1677
2559	4095	1792	2792	3816	1674
2815	4095	1792	2965	3817	1678
3071	4095	1792	3150	3828	1681
3327	4095	1792	3328	3839	1685
3583	4095	1792	3499	3852	1694
3839	4095	1792	3663	3870	1698
4095	4095	1792	3833	3882	1702
0	0	2048	79	8	1653
256	0	2048	261	16	1639
512	0	2048	441	25	1642
768	0	2048	627	33	1642
1024	0	2048	814	43	1641
1280	0	2048	1005	51	1641
1536	0	2048	1183	59	1640
1792	0	2048	1371	66	1641
2048	0	2048	1563	74	1642
2303	0	2048	1744	83	1641
2559	0	2048	1917	90	1640
2815	0	2048	2099	98	1640
3071	0	2048	2289	105	1638
3327	0	2048	2469	112	1636
3583	0	2048	2649	119	1633
3839	0	2048	2820	126	1630
4095	0	2048	2983	134	1630
0	256	2048	133	245	1701
256	256	2048	311	251	1650
512	256	2048	487	260	1664
768	256	2048	673	268	1663
1024	256	2048	860	276	1659
1280	256	2048	1044	285	1656
1536	256	2048	1221	293	1658
1792	256	2048	1417	300	1658
2048	256	2048	1604	307	1654
2303	256	2048	1779	314	1648
2559	256	2048	1947	320	1648
2815	256	2048	2132	326	1641
3071	256	2048	2314	332	1634
3327	256	2048	2493	337	1624
3583	256	2048	2671	343	1624
3839	256	2048	2838	348	1617
4095	256	2048	3005	355	1612
0	512	2048	185	480	1679
256	512	2048	369	489	1673
512	512	2048	554	502	1686
768	512	2048	742	509	1696
1024	512	2048	932	516	1691
1280	512	2048	1113	524	1689
1536	512	2048	1294	533	1688
1792	512	2048	1494	540	1691
2048	512	2048	1675	545	1687
2303	512	2048	1849	551	1679
2559	512	2048	2020	557	1673
2815	512	2048	2205	563	1673
3071	512	2048	2388	567	1664
3327	512	2048	2569	572	1655
3583	512	2048	2749	576	1647
3839	512	2048	2908	580	1647
4095	512	2048	3080	588	1642
0	768	2048	240	718	1692
256	768	2048	423	733	1688
512	768	2048	614	748	1711
768	768	2048	807	760	1712
1024	768	2048	996	768	1718
1280	768	2048	1177	776	1716
1536	768	2048	1365	783	1716
1792	768	2048	1560	790	1711
2048	768	2048	1742	795	1712
2303	768	2048	1912	800	1705
2559	768	2048	2089	806	1697
2815	768	2048	2273	811	1688
3071	768	2048	2457	813	1689
3327	768	2048	2638	817	1680
3583	768	2048	2812	820	1671
3839	768	2048	2971	821	1665
4095	768	2048	3145	828	1668
0	1024	2048	295	968	1693
256	1024	2048	477	986	1703
512	1024	2048	670	1000	1723
768	1024	2048	866	1015	1738
1024	1024	2048	1059	1027	1738
1280	1024	2048	1238	1034	1742
1536	1024	2048	1435	1039	1742
1792	1024	2048	1624	1043	1737
2048	1024	2048	1802	1046	1730
2303	1024	2048	1975	1050	1730
2559	1024	2048	2157	1055	1721
2815	1024	2048	2342	1057	1712
3071	1024	2048	2525	1056	1702
3327	1024	2048	2705	1058	1704
3583	1024	2048	2870	1059	1694
3839	1024	2048	3035	1061	1689
4095	1024	2048	3210	1067	1692
0	1280	2048	349	1204	1709
256	1280	2048	533	1222	1731
512	1280	2048	727	1236	1736
768	1280	2048	925	1250	1749
1024	1280	2048	1115	1263	1760
1280	1280	2048	1304	1275	1759
1536	1280	2048	1503	1279	1767
1792	1280	2048	1688	1283	1761
2048	1280	2048	1865	1288	1751
2303	1280	2048	2038	1291	1744
2559	1280	2048	2224	1295	1746
2815	1280	2048	2408	1294	1733
3071	1280	2048	2589	1293	1724
3327	1280	2048	2764	1295	1727
3583	1280	2048	2928	1298	1716
3839	1280	2048	3101	1301	1711
4095	1280	2048	3273	1307	1710
0	1536	2048	404	1458	1724
256	1536	2048	591	1476	1745
512	1536	2048	786	1490	1757
768	1536	2048	981	1504	1762
1024	1536	2048	1170	1518	1773
1280	1536	2048	1365	1532	1783
1536	1536	2048	1570	1545	1784
1792	1536	2048	1751	1549	1782
2048	1536	2048	1925	1551	1772
2303	1536	2048	2102	1552	1765
2559	1536	2048	2286	1554	1751
2815	1536	2048	2472	1552	1754
3071	1536	2048	2651	1552	1744
3327	1536	2048	2824	1553	1735
3583	1536	2048	2993	1552	1738
3839	1536	2048	3164	1554	1734
4095	1536	2048	3336	1562	1734
0	1792	2048	460	1701	1741
256	1792	2048	651	1717	1759
512	1792	2048	845	1731	1772
768	1792	2048	1038	1744	1783
1024	1792	2048	1223	1758	1787
1280	1792	2048	1426	1772	1798
1536	1792	2048	1624	1785	1804
1792	1792	2048	1812	1795	1801
2048	1792	2048	1990	1797	1798
2303	1792	2048	2168	1796	1785
2559	1792	2048	2349	1796	1777
2815	1792	2048	2537	1795	1781
3071	1792	2048	2712	1794	1768
3327	1792	2048	2882	1792	1755
3583	1792	2048	3051	1792	1751
3839	1792	2048	3223	1796	1756
4095	1792	2048	3399	1805	1752
0	2048	2048	515	1932	1767
256	2048	2048	707	1947	1772
512	2048	2048	900	1960	1782
768	2048	2048	1090	1975	1794
1024	2048	2048	1276	1989	1804
1280	2048	2048	1480	2000	1810
1536	2048	2048	1676	2010	1817
1792	2048	2048	1863	2020	1823
2048	2048	2048	2042	2031	1819
2303	2048	2048	2222	2025	1799
2559	2048	2048	2405	2022	1790
2815	2048	2048	2586	2022	1784
3071	2048	2048	2758	2023	1773
3327	2048	2048	2932	2023	1768
3583	2048	2048	3105	2026	1765
3839	2048	2048	3278	2033	1763
4095	2048	2048	3450	2041	1769
0	2303	2048	568	2182	1776
256	2303	2048	758	2201	1788
512	2303	2048	951	2218	1792
768	2303	2048	1137	2230	1802
1024	2303	2048	1328	2243	1809
1280	2303	2048	1529	2253	1818
1536	2303	2048	1719	2265	1822
1792	2303	2048	1903	2275	1815
2048	2303	2048	2085	2281	1815
2303	2303	2048	2267	2282	1808
2559	2303	2048	2458	2280	1805
2815	2303	2048	2637	2277	1788
3071	2303	2048	2809	2275	1782
3327	2303	2048	2979	2278	1775
3583	2303	2048	3152	2281	1778
3839	2303	2048	3327	2285	1779
4095	2303	2048	3500	2290	1779
0	2559	2048	621	2423	1778
256	2559	2048	810	2439	1790
512	2559	2048	1002	2453	1787
768	2559	2048	1187	2465	1794
1024	2559	2048	1383	2478	1801
1280	2559	2048	1581	2491	1810
1536	2559	2048	1772	2502	1821
1792	2559	2048	1947	2506	1822
2048	2559	2048	2131	2510	1821
2303	2559	2048	2318	2515	1817
2559	2559	2048	2511	2514	1812
2815	2559	2048	2685	2512	1808
3071	2559	2048	2857	2512	1791
3327	2559	2048	3031	2517	1787
3583	2559	2048	3211	2520	1789
3839	2559	2048	3382	2524	1791
4095	2559	2048	3544	2530	1796
0	2815	2048	674	2652	1775
256	2815	2048	864	2666	1784
512	2815	2048	1052	2680	1794
768	2815	2048	1233	2692	1803
1024	2815	2048	1433	2709	1806
1280	2815	2048	1629	2723	1816
1536	2815	2048	1817	2733	1824
1792	2815	2048	1989	2738	1824
2048	2815	2048	2175	2741	1823
2303	2815	2048	2366	2741	1822
2559	2815	2048	2557	2737	1818
2815	2815	2048	2734	2737	1817
3071	2815	2048	2906	2740	1810
3327	2815	2048	3082	2744	1799
3583	2815	2048	3263	2749	1802
3839	2815	2048	3435	2757	1808
4095	2815	2048	3593	2764	1813
0	3071	2048	726	2885	1785
256	3071	2048	917	2901	1794
512	3071	2048	1102	2917	1802
768	3071	2048	1287	2933	1809
1024	3071	2048	1488	2944	1816
1280	3071	2048	1680	2960	1824
1536	3071	2048	1862	2969	1829
1792	3071	2048	2038	2973	1829
2048	3071	2048	2223	2983	1830
2303	3071	2048	2415	2982	1826
2559	3071	2048	2600	2981	1822
2815	3071	2048	2778	2983	1820
3071	3071	2048	2952	2987	1821
3327	3071	2048	3133	2992	1819
3583	3071	2048	3311	3001	1822
3839	3071	2048	3484	3012	1826
4095	3071	2048	3635	3021	1829
0	3327	2048	783	3123	1800
256	3327	2048	974	3138	1810
512	3327	2048	1154	3155	1816
768	3327	2048	1346	3169	1823
1024	3327	2048	1544	3183	1831
1280	3327	2048	1734	3197	1837
1536	3327	2048	1914	3204	1839
1792	3327	2048	2093	3208	1838
2048	3327	2048	2275	3211	1835
2303	3327	2048	2473	3209	1837
2559	3327	2048	2656	3210	1833
2815	3327	2048	2835	3212	1832
3071	3327	2048	3014	3217	1831
3327	3327	2048	3195	3227	1836
3583	3327	2048	3365	3235	1839
3839	3327	2048	3529	3242	1843
4095	3327	2048	3688	3248	1848
0	3583	2048	842	3350	1818
256	3583	2048	1030	3363	1826
512	3583	2048	1210	3376	1831
768	3583	2048	1407	3392	1838
1024	3583	2048	1599	3404	1845
1280	3583	2048	1786	3414	1849
1536	3583	2048	1964	3422	1851
1792	3583	2048	2148	3424	1851
2048	3583	2048	2336	3423	1848
2303	3583	2048	2528	3421	1844
2559	3583	2048	2712	3425	1847
2815	3583	2048	2891	3428	1847
3071	3583	2048	3070	3434	1849
3327	3583	2048	3250	3443	1855
3583	3583	2048	3422	3450	1859
3839	3583	2048	3586	3457	1862
4095	3583	2048	3747	3465	1865
0	3839	2048	902	3568	1835
256	3839	2048	1087	3581	1843
512	3839	2048	1270	3594	1851
768	3839	2048	1467	3611	1855
1024	3839	2048	1656	3619	1860
1280	3839	2048	1838	3628	1862
1536	3839	2048	2019	3635	1864
1792	3839	2048	2205	3638	1865
2048	3839	2048	2398	3637	1865
2303	3839	2048	2585	3636	1862
2559	3839	2048	2766	3637	1861
2815	3839	2048	2944	3643	1866
3071	3839	2048	3124	3647	1867
3327	3839	2048	3304	3655	1872
3583	3839	2048	3481	3669	1878
3839	3839	2048	3640	3674	1881
4095	3839	2048	3802	3688	1884
0	4095	2048	963	3787	1854
256	4095	2048	1143	3798	1861
512	4095	2048	1333	3810	1867
768	4095	2048	1527	3823	1871
1024	4095	2048	1713	3834	1877
1280	4095	2048	1895	3839	1880
1536	4095	2048	2078	3844	1881
1792	4095	2048	2266	3850	1881
2048	4095	2048	2459	3847	1883
2303	4095	2048	2645	3846	1882
2559	4095	2048	2826	3847	1881
2815	4095	2048	3002	3850	1883
3071	4095	2048	3190	3860	1888
3327	4095	2048	3364	3870	1891
3583	4095	2048	3531	3882	1897
3839	4095	2048	3696	3899	1901
4095	4095	2048	3863	3909	1907
0	0	2303	89	10	1858
256	0	2303	274	17	1838
512	0	2303	455	26	1837
768	0	2303	641	34	1836
1024	0	2303	830	44	1836
1280	0	2303	1022	52	1837
1536	0	2303	1202	61	1837
1792	0	2303	1391	69	1837
2048	0	2303	1583	76	1838
2303	0	2303	1767	84	1838
2559	0	2303	1942	92	1839
2815	0	2303	2129	100	1837
3071	0	2303	2317	108	1832
3327	0	2303	2498	115	1829
3583	0	2303	2679	122	1821
3839	0	2303	2848	129	1816
4095	0	2303	3012	136	1814
0	256	2303	143	248	1884
256	256	2303	321	254	1854
512	256	2303	499	262	1873
768	256	2303	687	270	1870
1024	256	2303	873	278	1866
1280	256	2303	1057	287	1863
1536	256	2303	1235	296	1864
1792	256	2303	1433	303	1861
2048	256	2303	1622	310	1862
2303	256	2303	1802	317	1862
2559	256	2303	1973	325	1860
2815	256	2303	2158	331	1853
3071	256	2303	2340	338	1844
3327	256	2303	2520	343	1833
3583	256	2303	2699	349	1830
3839	256	2303	2864	353	1821
4095	256	2303	3035	360	1817
0	512	2303	196	483	1876
256	512	2303	381	493	1877
512	512	2303	566	505	1890
768	512	2303	755	513	1899
1024	512	2303	945	518	1897
1280	512	2303	1126	527	1893
1536	512	2303	1308	535	1891
1792	512	2303	1509	543	1894
2048	512	2303	1696	550	1895
2303	512	2303	1872	557	1891
2559	512	2303	2045	564	1884
2815	512	2303	2231	570	1880
3071	512	2303	2415	574	1870
3327	512	2303	2595	578	1861
3583	512	2303	2772	583	1852
3839	512	2303	2934	587	1850
4095	512	2303	3109	594	1846
0	768	2303	250	721	1873
256	768	2303	433	739	1891
512	768	2303	626	752	1912
768	768	2303	819	764	1914
1024	768	2303	1009	771	1921
1280	768	2303	1189	779	1918
1536	768	2303	1379	787	1919
1792	768	2303	1576	793	1918
2048	768	2303	1765	801	1921
2303	768	2303	1935	808	1916
2559	768	2303	2112	814	1908
2815	768	2303	2297	819	1898
3071	768	2303	2482	820	1895
3327	768	2303	2662	824	1884
3583	768	2303	2833	828	1874
3839	768	2303	2997	830	1867
4095	768	2303	3176	838	1870
0	1024	2303	306	973	1892
256	1024	2303	488	991	1905
512	1024	2303	681	1005	1923
768	1024	2303	878	1018	1936
1024	1024	2303	1070	1030	1936
1280	1024	2303	1252	1038	1944
1536	1024	2303	1447	1042	1944
1792	1024	2303	1640	1048	1944
2048	1024	2303	1826	1055	1940
2303	1024	2303	1998	1060	1940
2559	1024	2303	2181	1064	1932
2815	1024	2303	2366	1065	1921
3071	1024	2303	2551	1065	1909
3327	1024	2303	2725	1067	1908
3583	1024	2303	2894	1068	1896
3839	1024	2303	3066	1072	1891
4095	1024	2303	3245	1079	1892
0	1280	2303	359	1209	1908
256	1280	2303	545	1227	1928
512	1280	2303	739	1241	1935
768	1280	2303	937	1255	1948
1024	1280	2303	1129	1268	1958
1280	1280	2303	1318	1279	1960
1536	1280	2303	1516	1283	1966
1792	1280	2303	1705	1289	1966
2048	1280	2303	1886	1297	1963
2303	1280	2303	2064	1303	1955
2559	1280	2303	2251	1305	1956
2815	1280	2303	2433	1304	1942
3071	1280	2303	2613	1304	1930
3327	1280	2303	2789	1305	1918
3583	1280	2303	2957	1308	1918
3839	1280	2303	3134	1314	1914
4095	1280	2303	3309	1320	1913
0	1536	2303	416	1464	1923
256	1536	2303	605	1482	1943
512	1536	2303	798	1495	1956
768	1536	2303	993	1509	1962
1024	1536	2303	1182	1523	1973
1280	1536	2303	1379	1537	1983
1536	1536	2303	1584	1550	1984
1792	1536	2303	1768	1556	1990
2048	1536	2303	1946	1560	1985
2303	1536	2303	2126	1562	1978
2559	1536	2303	2312	1564	1963
2815	1536	2303	2497	1562	1962
3071	1536	2303	2676	1562	1949
3327	1536	2303	2849	1562	1940
3583	1536	2303	3017	1561	1940
3839	1536	2303	3197	1569	1938
4095	1536	2303	3370	1575	1937
0	1792	2303	472	1711	1941
256	1792	2303	665	1727	1958
512	1792	2303	860	1741	1972
768	1792	2303	1053	1753	1982
1024	1792	2303	1237	1765	1986
1280	1792	2303	1440	1779	1996
1536	1792	2303	1640	1793	2003
1792	1792	2303	1833	1808	2007
2048	1792	2303	2008	1810	2006
2303	1792	2303	2188	1810	1998
2559	1792	2303	2374	1808	1983
2815	1792	2303	2558	1803	1971
3071	1792	2303	2733	1803	1971
3327	1792	2303	2906	1804	1960
3583	1792	2303	3081	1806	1957
3839	1792	2303	3261	1814	1959
4095	1792	2303	3430	1819	1958
0	2048	2303	530	1945	1969
256	2048	2303	721	1960	1974
512	2048	2303	916	1975	1985
768	2048	2303	1107	1989	1996
1024	2048	2303	1295	2002	2004
1280	2048	2303	1500	2011	2008
1536	2048	2303	1697	2024	2018
1792	2048	2303	1884	2036	2027
2048	2048	2303	2067	2045	2023
2303	2048	2303	2250	2044	2014
2559	2048	2303	2435	2041	2001
2815	2048	2303	2616	2039	1986
3071	2048	2303	2790	2042	1988
3327	2048	2303	2964	2041	1978
3583	2048	2303	3141	2046	1973
3839	2048	2303	3319	2056	1972
4095	2048	2303	3487	2063	1976
0	2303	2303	583	2199	1979
256	2303	2303	774	2215	1990
512	2303	2303	969	2231	1995
768	2303	2303	1156	2243	2007
1024	2303	2303	1350	2256	2016
1280	2303	2303	1553	2270	2024
1536	2303	2303	1744	2282	2029
1792	2303	2303	1928	2294	2038
2048	2303	2303	2112	2303	2040
2303	2303	2303	2303	2308	2034
2559	2303	2303	2489	2301	2036
2815	2303	2303	2667	2297	1995
3071	2303	2303	2841	2296	1987
3327	2303	2303	3014	2299	1989
3583	2303	2303	3191	2304	1985
3839	2303	2303	3367	2308	1988
4095	2303	2303	3539	2313	1991
0	2559	2303	637	2439	1987
256	2559	2303	828	2455	1997
512	2559	2303	1023	2471	2008
768	2559	2303	1205	2485	2013
1024	2559	2303	1406	2497	2021
1280	2559	2303	1603	2508	2033
1536	2559	2303	1788	2513	2038
1792	2559	2303	1971	2523	2043
2048	2559	2303	2157	2531	2046
2303	2559	2303	2347	2535	2040
2559	2559	2303	2542	2536	2044
2815	2559	2303	2717	2534	2031
3071	2559	2303	2892	2536	1995
3327	2559	2303	3069	2541	1992
3583	2559	2303	3242	2544	1997
3839	2559	2303	3420	2548	1999
4095	2559	2303	3586	2554	2007
0	2815	2303	691	2671	1989
256	2815	2303	883	2688	2001
512	2815	2303	1070	2703	2014
768	2815	2303	1256	2716	2026
1024	2815	2303	1460	2731	2029
1280	2815	2303	1651	2738	2034
1536	2815	2303	1835	2745	2036
1792	2815	2303	2018	2763	2040
2048	2815	2303	2204	2762	2051
2303	2815	2303	2396	2761	2042
2559	2815	2303	2587	2760	2033
2815	2815	2303	2765	2759	2038
3071	2815	2303	2942	2764	2010
3327	2815	2303	3120	2768	2003
3583	2815	2303	3298	2772	2005
3839	2815	2303	3469	2778	2011
4095	2815	2303	3628	2787	2016
0	3071	2303	744	2912	2003
256	3071	2303	937	2926	2008
512	3071	2303	1123	2942	2017
768	3071	2303	1311	2956	2028
1024	3071	2303	1511	2964	2033
1280	3071	2303	1700	2976	2037
1536	3071	2303	1885	2988	2042
1792	3071	2303	2067	2997	2033
2048	3071	2303	2250	3002	2030
2303	3071	2303	2445	3004	2024
2559	3071	2303	2632	3005	2021
2815	3071	2303	2810	3007	2020
3071	3071	2303	2989	3016	2023
3327	3071	2303	3169	3019	2022
3583	3071	2303	3347	3026	2028
3839	3071	2303	3520	3037	2030
4095	3071	2303	3671	3044	2031
0	3327	2303	801	3153	2010
256	3327	2303	993	3168	2017
512	3327	2303	1177	3184	2016
768	3327	2303	1368	3192	2023
1024	3327	2303	1562	3199	2031
1280	3327	2303	1756	3217	2040
1536	3327	2303	1938	3224	2042
1792	3327	2303	2120	3231	2041
2048	3327	2303	2306	3235	2037
2303	3327	2303	2501	3235	2036
2559	3327	2303	2688	3239	2036
2815	3327	2303	2871	3241	2036
3071	3327	2303	3049	3244	2038
3327	3327	2303	3233	3257	2043
3583	3327	2303	3402	3266	2045
3839	3327	2303	3563	3271	2048
4095	3327	2303	3723	3275	2048
0	3583	2303	860	3375	2019
256	3583	2303	1048	3389	2024
512	3583	2303	1229	3400	2027
768	3583	2303	1429	3411	2038
1024	3583	2303	1620	3423	2046
1280	3583	2303	1805	3432	2051
1536	3583	2303	1990	3445	2053
1792	3583	2303	2175	3448	2056
2048	3583	2303	2366	3449	2053
2303	3583	2303	2559	3450	2049
2559	3583	2303	2744	3450	2051
2815	3583	2303	2924	3453	2053
3071	3583	2303	3105	3461	2056
3327	3583	2303	3285	3471	2061
3583	3583	2303	3452	3473	2062
3839	3583	2303	3616	3479	2064
4095	3583	2303	3778	3488	2067
0	3839	2303	919	3589	2036
256	3839	2303	1104	3602	2043
512	3839	2303	1290	3617	2050
768	3839	2303	1491	3635	2054
1024	3839	2303	1676	3640	2060
1280	3839	2303	1860	3649	2066
1536	3839	2303	2046	3662	2070
1792	3839	2303	2234	3666	2070
2048	3839	2303	2427	3665	2071
2303	3839	2303	2617	3664	2070
2559	3839	2303	2799	3664	2068
2815	3839	2303	2977	3671	2070
3071	3839	2303	3159	3676	2073
3327	3839	2303	3338	3682	2076
3583	3839	2303	3510	3690	2078
3839	3839	2303	3671	3699	2083
4095	3839	2303	3834	3710	2086
0	4095	2303	978	3807	2056
256	4095	2303	1161	3821	2063
512	4095	2303	1353	3834	2069
768	4095	2303	1548	3847	2074
1024	4095	2303	1734	3856	2079
1280	4095	2303	1918	3864	2084
1536	4095	2303	2104	3871	2087
1792	4095	2303	2295	3874	2088
2048	4095	2303	2488	3875	2088
2303	4095	2303	2675	3874	2088
2559	4095	2303	2858	3875	2087
2815	4095	2303	3035	3878	2088
3071	4095	2303	3222	3886	2091
3327	4095	2303	3395	3896	2094
3583	4095	2303	3561	3906	2097
3839	4095	2303	3726	3919	2103
4095	4095	2303	3890	3930	2107
0	0	2559	100	11	2080
256	0	2559	286	18	2072
512	0	2559	469	27	2076
768	0	2559	656	35	2070
1024	0	2559	846	45	2066
1280	0	2559	1035	53	2069
1536	0	2559	1216	62	2073
1792	0	2559	1409	70	2076
2048	0	2559	1602	77	2082
2303	0	2559	1787	86	2087
2559	0	2559	1966	94	2093
2815	0	2559	2151	102	2025
3071	0	2559	2338	110	2023
3327	0	2559	2527	117	2019
3583	0	2559	2706	126	2007
3839	0	2559	2876	132	1999
4095	0	2559	3043	139	1996
0	256	2559	153	250	2048
256	256	2559	332	255	2041
512	256	2559	510	264	2038
768	256	2559	698	272	2042
1024	256	2559	885	280	2038
1280	256	2559	1069	289	2035
1536	256	2559	1248	297	2063
1792	256	2559	1448	305	2060
2048	256	2559	1637	312	2064
2303	256	2559	1819	321	2068
2559	256	2559	1994	329	2070
2815	256	2559	2179	336	2065
3071	256	2559	2366	342	2056
3327	256	2559	2551	347	2043
3583	256	2559	2724	353	2039
3839	256	2559	2893	358	2030
4095	256	2559	3065	366	2026
0	512	2559	207	485	2116
256	512	2559	391	496	2068
512	512	2559	578	507	2085
768	512	2559	767	514	2094
1024	512	2559	957	520	2096
1280	512	2559	1138	529	2094
1536	512	2559	1323	538	2093
1792	512	2559	1523	545	2095
2048	512	2559	1712	554	2097
2303	512	2559	1893	561	2095
2559	512	2559	2071	569	2092
2815	512	2559	2256	575	2087
3071	512	2559	2440	579	2078
3327	512	2559	2620	584	2068
3583	512	2559	2794	589	2059
3839	512	2559	2964	594	2055
4095	512	2559	3138	601	2052
0	768	2559	261	724	2069
256	768	2559	445	742	2090
512	768	2559	637	754	2105
768	768	2559	829	765	2112
1024	768	2559	1021	774	2121
1280	768	2559	1201	782	2120
1536	768	2559	1395	789	2119
1792	768	2559	1593	797	2120
2048	768	2559	1781	806	2124
2303	768	2559	1955	814	2121
2559	768	2559	2136	820	2116
2815	768	2559	2321	823	2108
3071	768	2559	2508	827	2101
3327	768	2559	2685	831	2088
3583	768	2559	2858	835	2079
3839	768	2559	3030	840	2073
4095	768	2559	3209	848	2076
0	1024	2559	316	977	2087
256	1024	2559	499	994	2108
512	1024	2559	693	1008	2120
768	1024	2559	890	1022	2133
1024	1024	2559	1082	1033	2138
1280	1024	2559	1265	1041	2147
1536	1024	2559	1463	1046	2145
1792	1024	2559	1658	1054	2146
2048	1024	2559	1845	1062	2147
2303	1024	2559	2019	1068	2148
2559	1024	2559	2204	1070	2141
2815	1024	2559	2391	1072	2131
3071	1024	2559	2574	1074	2118
3327	1024	2559	2747	1075	2112
3583	1024	2559	2922	1077	2101
3839	1024	2559	3099	1083	2096
4095	1024	2559	3278	1090	2098
0	1280	2559	371	1214	2104
256	1280	2559	557	1231	2123
512	1280	2559	751	1246	2135
768	1280	2559	950	1260	2148
1024	1280	2559	1142	1273	2159
1280	1280	2559	1333	1284	2164
1536	1280	2559	1531	1288	2166
1792	1280	2559	1721	1295	2169
2048	1280	2559	1905	1304	2170
2303	1280	2559	2085	1311	2165
2559	1280	2559	2272	1312	2163
2815	1280	2559	2456	1313	2151
3071	1280	2559	2636	1313	2139
3327	1280	2559	2812	1314	2126
3583	1280	2559	2984	1318	2123
3839	1280	2559	3163	1324	2120
4095	1280	2559	3339	1332	2120
0	1536	2559	427	1469	2121
256	1536	2559	618	1487	2141
512	1536	2559	812	1501	2155
768	1536	2559	1009	1515	2162
1024	1536	2559	1196	1529	2172
1280	1536	2559	1394	1543	2181
1536	1536	2559	1598	1555	2184
1792	1536	2559	1783	1560	2190
2048	1536	2559	1964	1567	2190
2303	1536	2559	2148	1571	2184
2559	1536	2559	2335	1574	2174
2815	1536	2559	2520	1571	2168
3071	1536	2559	2699	1571	2157
3327	1536	2559	2873	1572	2148
3583	1536	2559	3045	1575	2142
3839	1536	2559	3225	1582	2145
4095	1536	2559	3399	1587	2144
0	1792	2559	484	1719	2144
256	1792	2559	677	1734	2159
512	1792	2559	874	1749	2172
768	1792	2559	1067	1763	2182
1024	1792	2559	1253	1773	2187
1280	1792	2559	1457	1785	2197
1536	1792	2559	1656	1799	2204
1792	1792	2559	1845	1813	2207
2048	1792	2559	2023	1817	2210
2303	1792	2559	2209	1818	2205
2559	1792	2559	2396	1816	2192
2815	1792	2559	2579	1813	2181
3071	1792	2559	2755	1815	2177
3327	1792	2559	2934	1818	2167
3583	1792	2559	3112	1821	2164
3839	1792	2559	3290	1827	2166
4095	1792	2559	3461	1833	2166
0	2048	2559	542	1957	2167
256	2048	2559	735	1972	2175
512	2048	2559	932	1986	2186
768	2048	2559	1122	1999	2198
1024	2048	2559	1312	2012	2206
1280	2048	2559	1517	2020	2213
1536	2048	2559	1713	2033	2221
1792	2048	2559	1901	2044	2226
2048	2048	2559	2083	2052	2227
2303	2048	2559	2270	2058	2221
2559	2048	2559	2458	2055	2209
2815	2048	2559	2642	2052	2195
3071	2048	2559	2817	2054	2186
3327	2048	2559	2993	2055	2186
3583	2048	2559	3170	2060	2182
3839	2048	2559	3347	2067	2183
4095	2048	2559	3521	2079	2186
0	2303	2559	598	2214	2182
256	2303	2559	791	2229	2193
512	2303	2559	987	2243	2200
768	2303	2559	1174	2256	2210
1024	2303	2559	1369	2269	2219
1280	2303	2559	1573	2283	2227
1536	2303	2559	1766	2294	2233
1792	2303	2559	1948	2307	2240
2048	2303	2559	2134	2316	2242
2303	2303	2559	2325	2319	2238
2559	2303	2559	2513	2314	2222
2815	2303	2559	2696	2314	2207
3071	2303	2559	2874	2316	2199
3327	2303	2559	3052	2315	2199
3583	2303	2559	3228	2320	2198
3839	2303	2559	3401	2326	2199
4095	2303	2559	3570	2333	2199
0	2559	2559	653	2456	2192
256	2559	2559	847	2471	2203
512	2559	2559	1040	2485	2214
768	2559	2559	1223	2498	2218
1024	2559	2559	1424	2509	2226
1280	2559	2559	1621	2519	2234
1536	2559	2559	1811	2526	2240
1792	2559	2559	1993	2539	2246
2048	2559	2559	2179	2545	2249
2303	2559	2559	2371	2549	2245
2559	2559	2559	2566	2550	2237
2815	2559	2559	2745	2553	2237
3071	2559	2559	2923	2554	2209
3327	2559	2559	3102	2557	2207
3583	2559	2559	3280	2565	2212
3839	2559	2559	3449	2568	2211
4095	2559	2559	3612	2571	2211
0	2815	2559	707	2686	2197
256	2815	2559	900	2703	2206
512	2815	2559	1089	2717	2217
768	2815	2559	1274	2728	2225
1024	2815	2559	1476	2741	2230
1280	2815	2559	1668	2750	2236
1536	2815	2559	1854	2760	2241
1792	2815	2559	2037	2771	2248
2048	2815	2559	2225	2777	2250
2303	2815	2559	2418	2780	2249
2559	2815	2559	2612	2780	2244
2815	2815	2559	2795	2778	2247
3071	2815	2559	2974	2780	2238
3327	2815	2559	3152	2787	2222
3583	2815	2559	3328	2794	2220
3839	2815	2559	3495	2792	2224
4095	2815	2559	3655	2800	2222
0	3071	2559	759	2922	2203
256	3071	2559	955	2941	2211
512	3071	2559	1139	2955	2220
768	3071	2559	1329	2968	2229
1024	3071	2559	1528	2982	2236
1280	3071	2559	1718	2990	2241
1536	3071	2559	1903	2998	2246
1792	3071	2559	2086	3006	2249
2048	3071	2559	2275	3017	2252
2303	3071	2559	2474	3022	2251
2559	3071	2559	2662	3026	2248
2815	3071	2559	2843	3028	2243
3071	3071	2559	3021	3036	2245
3327	3071	2559	3199	3038	2244
3583	3071	2559	3373	3041	2229
3839	3071	2559	3542	3048	2229
4095	3071	2559	3704	3060	2233
0	3327	2559	817	3164	2213
256	3327	2559	1012	3182	2223
512	3327	2559	1192	3193	2227
768	3327	2559	1385	3207	2234
1024	3327	2559	1581	3219	2241
1280	3327	2559	1774	3226	2247
1536	3327	2559	1954	3232	2252
1792	3327	2559	2141	3240	2257
2048	3327	2559	2333	3250	2256
2303	3327	2559	2531	3262	2260
2559	3327	2559	2715	3263	2258
2815	3327	2559	2896	3263	2256
3071	3327	2559	3078	3266	2252
3327	3327	2559	3265	3278	2257
3583	3327	2559	3434	3283	2257
3839	3327	2559	3594	3289	2249
4095	3327	2559	3750	3298	2252
0	3583	2559	878	3392	2230
256	3583	2559	1066	3403	2237
512	3583	2559	1248	3414	2245
768	3583	2559	1445	3426	2248
1024	3583	2559	1637	3436	2255
1280	3583	2559	1825	3444	2262
1536	3583	2559	2009	3454	2266
1792	3583	2559	2196	3464	2271
2048	3583	2559	2390	3471	2270
2303	3583	2559	2583	3473	2268
2559	3583	2559	2766	3467	2273
2815	3583	2559	2948	3470	2271
3071	3583	2559	3132	3477	2258
3327	3583	2559	3315	3488	2260
3583	3583	2559	3479	3496	2264
3839	3583	2559	3639	3498	2268
4095	3583	2559	3804	3503	2272
0	3839	2559	937	3608	2243
256	3839	2559	1121	3620	2254
512	3839	2559	1308	3631	2260
768	3839	2559	1507	3642	2264
1024	3839	2559	1694	3655	2268
1280	3839	2559	1880	3668	2276
1536	3839	2559	2068	3682	2281
1792	3839	2559	2257	3686	2281
2048	3839	2559	2453	3686	2279
2303	3839	2559	2641	3684	2278
2559	3839	2559	2824	3682	2276
2815	3839	2559	3009	3691	2276
3071	3839	2559	3190	3698	2278
3327	3839	2559	3364	3703	2281
3583	3839	2559	3530	3705	2284
3839	3839	2559	3696	3722	2287
4095	3839	2559	3858	3726	2293
0	4095	2559	994	3827	2263
256	4095	2559	1177	3836	2267
512	4095	2559	1370	3848	2277
768	4095	2559	1565	3860	2282
1024	4095	2559	1753	3869	2290
1280	4095	2559	1937	3883	2294
1536	4095	2559	2125	3890	2299
1792	4095	2559	2319	3892	2304
2048	4095	2559	2516	3893	2300
2303	4095	2559	2703	3895	2299
2559	4095	2559	2884	3895	2297
2815	4095	2559	3061	3896	2295
3071	4095	2559	3245	3903	2298
3327	4095	2559	3421	3913	2301
3583	4095	2559	3590	3923	2306
3839	4095	2559	3751	3932	2313
4095	4095	2559	3918	3947	2315
0	0	2815	111	12	2286
256	0	2815	299	20	2270
512	0	2815	481	28	2273
768	0	2815	670	37	2268
1024	0	2815	862	46	2263
1280	0	2815	1052	54	2262
1536	0	2815	1230	63	2267
1792	0	2815	1427	71	2270
2048	0	2815	1621	80	2275
2303	0	2815	1806	87	2281
2559	0	2815	1988	95	2285
2815	0	2815	2176	104	2289
3071	0	2815	2364	112	2285
3327	0	2815	2549	119	2286
3583	0	2815	2726	127	2283
3839	0	2815	2898	134	2282
4095	0	2815	3072	142	2286
0	256	2815	162	252	2253
256	256	2815	342	258	2249
512	256	2815	521	266	2247
768	256	2815	710	274	2249
1024	256	2815	898	283	2242
1280	256	2815	1082	291	2241
1536	256	2815	1262	299	2243
1792	256	2815	1467	307	2246
2048	256	2815	1655	315	2244
2303	256	2815	1835	323	2245
2559	256	2815	2014	331	2247
2815	256	2815	2205	339	2248
3071	256	2815	2391	345	2239
3327	256	2815	2571	351	2225
3583	256	2815	2745	357	2228
3839	256	2815	2919	364	2217
4095	256	2815	3098	371	2214
0	512	2815	217	488	2313
256	512	2815	402	499	2272
512	512	2815	589	509	2285
768	512	2815	780	516	2281
1024	512	2815	969	525	2283
1280	512	2815	1152	533	2279
1536	512	2815	1342	541	2281
1792	512	2815	1544	548	2284
2048	512	2815	1731	556	2286
2303	512	2815	1908	565	2284
2559	512	2815	2087	573	2281
2815	512	2815	2280	580	2285
3071	512	2815	2464	584	2278
3327	512	2815	2644	589	2265
3583	512	2815	2820	595	2249
3839	512	2815	2993	601	2253
4095	512	2815	3174	609	2261
0	768	2815	272	730	2281
256	768	2815	456	745	2287
512	768	2815	649	757	2312
768	768	2815	842	768	2308
1024	768	2815	1034	778	2304
1280	768	2815	1214	786	2307
1536	768	2815	1412	793	2310
1792	768	2815	1609	801	2312
2048	768	2815	1795	810	2315
2303	768	2815	1970	818	2311
2559	768	2815	2155	825	2311
2815	768	2815	2346	830	2321
3071	768	2815	2533	833	2309
3327	768	2815	2711	837	2297
3583	768	2815	2887	842	2290
3839	768	2815	3062	848	2285
4095	768	2815	3240	855	2285
0	1024	2815	328	984	2289
256	1024	2815	511	1001	2316
512	1024	2815	706	1015	2320
768	1024	2815	906	1028	2333
1024	1024	2815	1099	1039	2336
1280	1024	2815	1278	1045	2333
1536	1024	2815	1482	1050	2348
1792	1024	2815	1675	1058	2351
2048	1024	2815	1858	1066	2350
2303	1024	2815	2032	1070	2348
2559	1024	2815	2223	1075	2346
2815	1024	2815	2412	1078	2338
3071	1024	2815	2598	1080	2329
3327	1024	2815	2776	1082	2322
3583	1024	2815	2952	1087	2313
3839	1024	2815	3126	1091	2309
4095	1024	2815	3302	1096	2310
0	1280	2815	383	1220	2301
256	1280	2815	570	1239	2330
512	1280	2815	766	1252	2334
768	1280	2815	962	1263	2348
1024	1280	2815	1154	1276	2358
1280	1280	2815	1346	1286	2365
1536	1280	2815	1547	1293	2371
1792	1280	2815	1738	1300	2373
2048	1280	2815	1920	1307	2373
2303	1280	2815	2098	1314	2372
2559	1280	2815	2286	1317	2368
2815	1280	2815	2475	1318	2358
3071	1280	2815	2658	1320	2349
3327	1280	2815	2836	1322	2340
3583	1280	2815	3010	1328	2334
3839	1280	2815	3189	1335	2333
4095	1280	2815	3363	1341	2334
0	1536	2815	439	1475	2329
256	1536	2815	630	1492	2343
512	1536	2815	826	1506	2354
768	1536	2815	1024	1520	2365
1024	1536	2815	1209	1535	2378
1280	1536	2815	1410	1548	2386
1536	1536	2815	1611	1559	2390
1792	1536	2815	1797	1561	2392
2048	1536	2815	1978	1571	2394
2303	1536	2815	2164	1578	2392
2559	1536	2815	2355	1580	2385
2815	1536	2815	2540	1578	2379
3071	1536	2815	2720	1579	2372
3327	1536	2815	2897	1582	2361
3583	1536	2815	3073	1587	2354
3839	1536	2815	3251	1593	2356
4095	1536	2815	3427	1599	2357
0	1792	2815	495	1722	2352
256	1792	2815	690	1739	2364
512	1792	2815	886	1755	2376
768	1792	2815	1080	1770	2387
1024	1792	2815	1268	1781	2397
1280	1792	2815	1473	1792	2405
1536	1792	2815	1669	1803	2410
1792	1792	2815	1854	1815	2412
2048	1792	2815	2036	1820	2417
2303	1792	2815	2225	1822	2415
2559	1792	2815	2415	1823	2408
2815	1792	2815	2603	1825	2398
3071	1792	2815	2781	1827	2391
3327	1792	2815	2959	1829	2382
3583	1792	2815	3138	1832	2379
3839	1792	2815	3316	1838	2379
4095	1792	2815	3489	1845	2381
0	2048	2815	554	1964	2372
256	2048	2815	747	1980	2382
512	2048	2815	945	1992	2394
768	2048	2815	1135	2005	2404
1024	2048	2815	1327	2017	2414
1280	2048	2815	1531	2027	2421
1536	2048	2815	1725	2038	2427
1792	2048	2815	1912	2048	2432
2048	2048	2815	2096	2055	2435
2303	2048	2815	2285	2063	2431
2559	2048	2815	2477	2063	2423
2815	2048	2815	2664	2064	2413
3071	2048	2815	2842	2066	2404
3327	2048	2815	3021	2068	2402
3583	2048	2815	3198	2072	2399
3839	2048	2815	3373	2079	2400
4095	2048	2815	3547	2091	2402
0	2303	2815	612	2222	2391
256	2303	2815	805	2238	2403
512	2303	2815	1001	2252	2412
768	2303	2815	1188	2266	2420
1024	2303	2815	1384	2279	2429
1280	2303	2815	1589	2292	2436
1536	2303	2815	1781	2300	2441
1792	2303	2815	1963	2312	2448
2048	2303	2815	2150	2322	2453
2303	2303	2815	2342	2326	2451
2559	2303	2815	2537	2326	2435
2815	2303	2815	2720	2326	2425
3071	2303	2815	2900	2327	2417
3327	2303	2815	3081	2328	2414
3583	2303	2815	3257	2331	2417
3839	2303	2815	3430	2338	2416
4095	2303	2815	3598	2345	2417
0	2559	2815	668	2468	2404
256	2559	2815	862	2483	2415
512	2559	2815	1055	2497	2424
768	2559	2815	1239	2507	2430
1024	2559	2815	1439	2519	2437
1280	2559	2815	1637	2531	2443
1536	2559	2815	1830	2540	2451
1792	2559	2815	2011	2550	2457
2048	2559	2815	2200	2558	2461
2303	2559	2815	2394	2564	2460
2559	2559	2815	2591	2569	2454
2815	2559	2815	2774	2570	2453
3071	2559	2815	2955	2570	2430
3327	2559	2815	3133	2572	2430
3583	2559	2815	3310	2578	2432
3839	2559	2815	3479	2582	2430
4095	2559	2815	3641	2586	2431
0	2815	2815	721	2700	2410
256	2815	2815	916	2715	2420
512	2815	2815	1105	2728	2429
768	2815	2815	1290	2738	2436
1024	2815	2815	1494	2752	2442
1280	2815	2815	1686	2761	2448
1536	2815	2815	1872	2772	2456
1792	2815	2815	2056	2782	2460
2048	2815	2815	2245	2788	2463
2303	2815	2815	2444	2794	2465
2559	2815	2815	2641	2799	2463
2815	2815	2815	2825	2798	2456
3071	2815	2815	3004	2797	2457
3327	2815	2815	3181	2801	2442
3583	2815	2815	3354	2807	2440
3839	2815	2815	3520	2811	2443
4095	2815	2815	3680	2817	2442
0	3071	2815	774	2935	2415
256	3071	2815	970	2951	2424
512	3071	2815	1154	2965	2433
768	3071	2815	1345	2978	2438
1024	3071	2815	1544	2989	2446
1280	3071	2815	1734	3000	2453
1536	3071	2815	1920	3010	2460
1792	3071	2815	2107	3021	2463
2048	3071	2815	2298	3032	2465
2303	3071	2815	2499	3039	2469
2559	3071	2815	2688	3044	2470
2815	3071	2815	2871	3048	2467
3071	3071	2815	3050	3051	2469
3327	3071	2815	3226	3057	2467
3583	3071	2815	3398	3062	2454
3839	3071	2815	3565	3065	2453
4095	3071	2815	3725	3070	2457
0	3327	2815	831	3176	2427
256	3327	2815	1025	3191	2436
512	3327	2815	1208	3204	2441
768	3327	2815	1402	3215	2448
1024	3327	2815	1598	3227	2457
1280	3327	2815	1788	3236	2463
1536	3327	2815	1975	3248	2469
1792	3327	2815	2162	3258	2473
2048	3327	2815	2355	3266	2475
2303	3327	2815	2555	3274	2479
2559	3327	2815	2741	3279	2480
2815	3327	2815	2922	3284	2481
3071	3327	2815	3103	3287	2477
3327	3327	2815	3286	3291	2480
3583	3327	2815	3454	3294	2479
3839	3327	2815	3618	3302	2473
4095	3327	2815	3780	3312	2472
0	3583	2815	891	3401	2444
256	3583	2815	1079	3415	2452
512	3583	2815	1264	3428	2461
768	3583	2815	1463	3439	2466
1024	3583	2815	1655	3448	2473
1280	3583	2815	1842	3458	2479
1536	3583	2815	2030	3475	2486
1792	3583	2815	2220	3481	2489
2048	3583	2815	2416	3486	2490
2303	3583	2815	2609	3490	2492
2559	3583	2815	2792	3492	2496
2815	3583	2815	2972	3496	2496
3071	3583	2815	3154	3497	2492
3327	3583	2815	3337	3501	2491
3583	3583	2815	3512	3513	2495
3839	3583	2815	3670	3521	2494
4095	3583	2815	3833	3528	2500
0	3839	2815	951	3620	2461
256	3839	2815	1135	3634	2468
512	3839	2815	1324	3647	2477
768	3839	2815	1524	3661	2483
1024	3839	2815	1710	3668	2489
1280	3839	2815	1901	3684	2496
1536	3839	2815	2090	3697	2502
1792	3839	2815	2278	3699	2505
2048	3839	2815	2478	3703	2507
2303	3839	2815	2667	3705	2507
2559	3839	2815	2849	3705	2506
2815	3839	2815	3029	3705	2510
3071	3839	2815	3215	3713	2507
3327	3839	2815	3393	3723	2507
3583	3839	2815	3558	3731	2511
3839	3839	2815	3721	3736	2515
4095	3839	2815	3888	3750	2520
0	4095	2815	1010	3842	2483
256	4095	2815	1192	3849	2488
512	4095	2815	1387	3863	2495
768	4095	2815	1584	3878	2503
1024	4095	2815	1770	3887	2508
1280	4095	2815	1960	3901	2517
1536	4095	2815	2149	3905	2523
1792	4095	2815	2338	3908	2525
2048	4095	2815	2542	3915	2530
2303	4095	2815	2727	3915	2530
2559	4095	2815	2907	3914	2522
2815	4095	2815	3085	3915	2520
3071	4095	2815	3273	3930	2523
3327	4095	2815	3449	3938	2528
3583	4095	2815	3615	3945	2532
3839	4095	2815	3773	3954	2533
4095	4095	2815	3946	3970	2537
0	0	3071	123	13	2496
256	0	3071	310	21	2473
512	0	3071	494	29	2476
768	0	3071	684	38	2470
1024	0	3071	876	47	2467
1280	0	3071	1066	55	2467
1536	0	3071	1246	64	2471
1792	0	3071	1444	72	2475
2048	0	3071	1638	81	2479
2303	0	3071	1823	88	2483
2559	0	3071	2001	97	2487
2815	0	3071	2192	105	2491
3071	0	3071	2384	114	2491
3327	0	3071	2571	122	2487
3583	0	3071	2752	129	2488
3839	0	3071	2926	137	2485
4095	0	3071	3101	144	2488
0	256	3071	172	253	2469
256	256	3071	353	260	2465
512	256	3071	534	268	2470
768	256	3071	722	276	2468
1024	256	3071	911	285	2463
1280	256	3071	1095	293	2462
1536	256	3071	1275	301	2462
1792	256	3071	1477	309	2465
2048	256	3071	1666	317	2466
2303	256	3071	1848	324	2466
2559	256	3071	2026	333	2465
2815	256	3071	2218	341	2467
3071	256	3071	2408	348	2462
3327	256	3071	2593	354	2451
3583	256	3071	2772	360	2451
3839	256	3071	2947	368	2439
4095	256	3071	3125	374	2436
0	512	3071	228	488	2518
256	512	3071	412	501	2505
512	512	3071	601	512	2501
768	512	3071	793	518	2501
1024	512	3071	983	527	2504
1280	512	3071	1165	535	2500
1536	512	3071	1353	542	2500
1792	512	3071	1551	549	2502
2048	512	3071	1740	558	2504
2303	512	3071	1917	566	2503
2559	512	3071	2098	574	2500
2815	512	3071	2291	582	2495
3071	512	3071	2482	588	2497
3327	512	3071	2665	593	2488
3583	512	3071	2842	599	2476
3839	512	3071	3016	606	2477
4095	512	3071	3200	613	2476
0	768	3071	283	734	2493
256	768	3071	466	749	2504
512	768	3071	661	761	2531
768	768	3071	856	772	2531
1024	768	3071	1046	781	2531
1280	768	3071	1227	789	2533
1536	768	3071	1423	795	2533
1792	768	3071	1617	802	2531
2048	768	3071	1803	812	2530
2303	768	3071	1979	818	2533
2559	768	3071	2165	825	2528
2815	768	3071	2357	832	2523
3071	768	3071	2551	838	2525
3327	768	3071	2731	842	2515
3583	768	3071	2907	848	2501
3839	768	3071	3081	854	2497
4095	768	3071	3265	861	2501
0	1024	3071	338	986	2505
256	1024	3071	523	1006	2534
512	1024	3071	718	1018	2541
768	1024	3071	917	1030	2553
1024	1024	3071	1109	1041	2558
1280	1024	3071	1292	1048	2556
1536	1024	3071	1490	1051	2559
1792	1024	3071	1682	1058	2561
2048	1024	3071	1866	1066	2558
2303	1024	3071	2042	1071	2561
2559	1024	3071	2231	1077	2558
2815	1024	3071	2423	1081	2551
3071	1024	3071	2616	1085	2541
3327	1024	3071	2798	1089	2544
3583	1024	3071	2974	1093	2531
3839	1024	3071	3151	1099	2524
4095	1024	3071	3328	1106	2521
0	1280	3071	392	1222	2521
256	1280	3071	580	1240	2549
512	1280	3071	778	1255	2567
768	1280	3071	975	1267	2571
1024	1280	3071	1167	1279	2585
1280	1280	3071	1359	1289	2583
1536	1280	3071	1556	1292	2586
1792	1280	3071	1747	1301	2591
2048	1280	3071	1929	1309	2583
2303	1280	3071	2109	1315	2582
2559	1280	3071	2298	1321	2585
2815	1280	3071	2490	1323	2580
3071	1280	3071	2678	1327	2561
3327	1280	3071	2862	1332	2548
3583	1280	3071	3037	1336	2553
3839	1280	3071	3218	1343	2549
4095	1280	3071	3393	1351	2561
0	1536	3071	449	1480	2540
256	1536	3071	642	1497	2563
512	1536	3071	837	1510	2581
768	1536	3071	1032	1523	2593
1024	1536	3071	1218	1537	2598
1280	1536	3071	1419	1550	2611
1536	1536	3071	1619	1561	2609
1792	1536	3071	1810	1568	2615
2048	1536	3071	1989	1573	2614
2303	1536	3071	2175	1579	2606
2559	1536	3071	2368	1584	2595
2815	1536	3071	2560	1588	2603
3071	1536	3071	2746	1591	2596
3327	1536	3071	2923	1591	2586
3583	1536	3071	3095	1592	2576
3839	1536	3071	3280	1601	2578
4095	1536	3071	3455	1609	2578
0	1792	3071	505	1729	2578
256	1792	3071	699	1741	2583
512	1792	3071	893	1754	2599
768	1792	3071	1087	1768	2606
1024	1792	3071	1273	1782	2611
1280	1792	3071	1480	1794	2625
1536	1792	3071	1678	1808	2631
1792	1792	3071	1866	1818	2635
2048	1792	3071	2046	1821	2639
2303	1792	3071	2234	1825	2638
2559	1792	3071	2430	1830	2633
2815	1792	3071	2627	1837	2624
3071	1792	3071	2804	1835	2614
3327	1792	3071	2979	1837	2603
3583	1792	3071	3159	1842	2599
3839	1792	3071	3343	1849	2599
4095	1792	3071	3511	1855	2599
0	2048	3071	564	1962	2594
256	2048	3071	758	1980	2606
512	2048	3071	955	1993	2618
768	2048	3071	1145	2008	2624
1024	2048	3071	1338	2020	2632
1280	2048	3071	1543	2030	2642
1536	2048	3071	1736	2039	2643
1792	2048	3071	1923	2049	2650
2048	2048	3071	2108	2058	2656
2303	2048	3071	2298	2063	2651
2559	2048	3071	2494	2070	2645
2815	2048	3071	2685	2075	2636
3071	2048	3071	2867	2080	2625
3327	2048	3071	3046	2080	2622
3583	2048	3071	3224	2085	2620
3839	2048	3071	3399	2092	2618
4095	2048	3071	3569	2101	2618
0	2303	3071	622	2224	2606
256	2303	3071	816	2241	2618
512	2303	3071	1012	2256	2628
768	2303	3071	1199	2272	2639
1024	2303	3071	1397	2285	2648
1280	2303	3071	1601	2296	2654
1536	2303	3071	1789	2302	2655
1792	2303	3071	1974	2313	2663
2048	2303	3071	2164	2324	2670
2303	2303	3071	2359	2333	2668
2559	2303	3071	2559	2337	2654
2815	2303	3071	2740	2334	2647
3071	2303	3071	2921	2334	2640
3327	2303	3071	3106	2338	2636
3583	2303	3071	3281	2341	2637
3839	2303	3071	3454	2347	2635
4095	2303	3071	3620	2354	2635
0	2559	3071	680	2476	2620
256	2559	3071	875	2490	2631
512	2559	3071	1067	2504	2641
768	2559	3071	1253	2514	2650
1024	2559	3071	1454	2530	2655
1280	2559	3071	1653	2540	2659
1536	2559	3071	1845	2550	2664
1792	2559	3071	2027	2558	2670
2048	2559	3071	2220	2568	2675
2303	2559	3071	2416	2577	2675
2559	2559	3071	2615	2584	2671
2815	2559	3071	2800	2584	2657
3071	2559	3071	2980	2584	2651
3327	2559	3071	3158	2586	2648
3583	2559	3071	3334	2589	2646
3839	2559	3071	3504	2592	2647
4095	2559	3071	3667	2598	2647
0	2815	3071	735	2712	2627
256	2815	3071	932	2726	2637
512	2815	3071	1119	2737	2644
768	2815	3071	1305	2747	2649
1024	2815	3071	1510	2763	2655
1280	2815	3071	1702	2771	2663
1536	2815	3071	1891	2781	2670
1792	2815	3071	2076	2795	2675
2048	2815	3071	2266	2799	2677
2303	2815	3071	2470	2807	2679
2559	2815	3071	2667	2813	2679
2815	2815	3071	2851	2814	2675
3071	2815	3071	3031	2813	2673
3327	2815	3071	3208	2815	2658
3583	2815	3071	3380	2820	2657
3839	2815	3071	3548	2827	2658
4095	2815	3071	3705	2832	2656
0	3071	3071	789	2949	2629
256	3071	3071	984	2961	2638
512	3071	3071	1170	2974	2646
768	3071	3071	1362	2987	2652
1024	3071	3071	1559	2997	2659
1280	3071	3071	1751	3012	2667
1536	3071	3071	1939	3025	2675
1792	3071	3071	2129	3037	2678
2048	3071	3071	2320	3047	2682
2303	3071	3071	2522	3056	2684
2559	3071	3071	2713	3062	2685
2815	3071	3071	2897	3065	2683
3071	3071	3071	3078	3067	2679
3327	3071	3071	3254	3072	2680
3583	3071	3071	3427	3077	2670
3839	3071	3071	3593	3081	2668
4095	3071	3071	3747	3084	2669
0	3327	3071	846	3186	2643
256	3327	3071	1039	3200	2652
512	3327	3071	1223	3214	2655
768	3327	3071	1420	3225	2664
1024	3327	3071	1615	3239	2673
1280	3327	3071	1809	3255	2681
1536	3327	3071	1996	3267	2687
1792	3327	3071	2184	3276	2691
2048	3327	3071	2378	3284	2694
2303	3327	3071	2578	3292	2695
2559	3327	3071	2766	3296	2697
2815	3327	3071	2949	3300	2695
3071	3327	3071	3129	3302	2691
3327	3327	3071	3311	3306	2694
3583	3327	3071	3478	3312	2692
3839	3327	3071	3640	3316	2685
4095	3327	3071	3801	3321	2685
0	3583	3071	905	3414	2658
256	3583	3071	1095	3427	2666
512	3583	3071	1280	3440	2672
768	3583	3071	1481	3452	2680
1024	3583	3071	1673	3465	2688
1280	3583	3071	1862	3478	2697
1536	3583	3071	2052	3490	2702
1792	3583	3071	2242	3500	2706
2048	3583	3071	2438	3503	2708
2303	3583	3071	2632	3505	2708
2559	3583	3071	2818	3510	2710
2815	3583	3071	3000	3514	2707
3071	3583	3071	3183	3518	2704
3327	3583	3071	3361	3521	2705
3583	3583	3071	3530	3524	2708
3839	3583	3071	3692	3535	2707
4095	3583	3071	3860	3548	2710
0	3839	3071	965	3635	2676
256	3839	3071	1150	3648	2684
512	3839	3071	1342	3662	2693
768	3839	3071	1542	3675	2702
1024	3839	3071	1730	3687	2706
1280	3839	3071	1920	3700	2713
1536	3839	3071	2110	3710	2718
1792	3839	3071	2299	3714	2721
2048	3839	3071	2500	3720	2725
2303	3839	3071	2692	3722	2722
2559	3839	3071	2875	3724	2719
2815	3839	3071	3052	3728	2720
3071	3839	3071	3239	3732	2719
3327	3839	3071	3414	3739	2720
3583	3839	3071	3578	3748	2720
3839	3839	3071	3747	3760	2726
4095	3839	3071	3919	3771	2726
0	4095	3071	1025	3858	2701
256	4095	3071	1208	3866	2705
512	4095	3071	1406	3881	2713
768	4095	3071	1602	3895	2721
1024	4095	3071	1789	3905	2726
1280	4095	3071	1981	3915	2732
1536	4095	3071	2169	3920	2737
1792	4095	3071	2361	3926	2739
2048	4095	3071	2563	3931	2741
2303	4095	3071	2749	3932	2740
2559	4095	3071	2930	3933	2736
2815	4095	3071	3110	3937	2732
3071	4095	3071	3298	3949	2735
3327	4095	3071	3466	3954	2736
3583	4095	3071	3634	3962	2735
3839	4095	3071	3806	3977	2747
4095	4095	3071	3980	3994	2750
0	0	3327	133	14	2704
256	0	3327	322	22	2672
512	0	3327	505	30	2673
768	0	3327	698	39	2670
1024	0	3327	890	48	2667
1280	0	3327	1078	56	2667
1536	0	3327	1261	65	2671
1792	0	3327	1460	73	2673
2048	0	3327	1654	82	2675
2303	0	3327	1838	90	2679
2559	0	3327	2015	98	2681
2815	0	3327	2207	107	2686
3071	0	3327	2401	115	2686
3327	0	3327	2592	124	2684
3583	0	3327	2777	131	2683
3839	0	3327	2952	139	2680
4095	0	3327	3129	146	2682
0	256	3327	182	255	2683
256	256	3327	364	261	2680
512	256	3327	545	271	2693
768	256	3327	735	278	2687
1024	256	3327	924	286	2683
1280	256	3327	1107	294	2680
1536	256	3327	1289	303	2679
1792	256	3327	1489	310	2680
2048	256	3327	1678	319	2680
2303	256	3327	1860	326	2680
2559	256	3327	2039	335	2680
2815	256	3327	2230	343	2679
3071	256	3327	2425	350	2677
3327	256	3327	2615	357	2671
3583	256	3327	2797	364	2662
3839	256	3327	2976	371	2660
4095	256	3327	3154	378	2659
0	512	3327	238	489	2716
256	512	3327	423	503	2706
512	512	3327	613	513	2714
768	512	3327	805	520	2717
1024	512	3327	996	529	2719
1280	512	3327	1176	537	2715
1536	512	3327	1365	544	2714
1792	512	3327	1564	551	2712
2048	512	3327	1752	561	2713
2303	512	3327	1928	569	2714
2559	512	3327	2111	576	2712
2815	512	3327	2304	584	2709
3071	512	3327	2501	592	2709
3327	512	3327	2688	598	2704
3583	512	3327	2870	605	2695
3839	512	3327	3046	611	2693
4095	512	3327	3227	619	2693
0	768	3327	293	736	2699
256	768	3327	477	752	2715
512	768	3327	672	766	2739
768	768	3327	868	775	2741
1024	768	3327	1057	784	2743
1280	768	3327	1237	792	2744
1536	768	3327	1435	797	2741
1792	768	3327	1629	804	2738
2048	768	3327	1816	814	2740
2303	768	3327	1992	821	2742
2559	768	3327	2179	828	2739
2815	768	3327	2374	835	2735
3071	768	3327	2571	842	2729
3327	768	3327	2755	849	2729
3583	768	3327	2935	854	2720
3839	768	3327	3111	860	2715
4095	768	3327	3292	868	2718
0	1024	3327	348	988	2713
256	1024	3327	535	1009	2741
512	1024	3327	730	1021	2749
768	1024	3327	930	1033	2762
1024	1024	3327	1119	1043	2764
1280	1024	3327	1302	1050	2766
1536	1024	3327	1503	1053	2767
1792	1024	3327	1695	1060	2767
2048	1024	3327	1878	1067	2768
2303	1024	3327	2056	1073	2764
2559	1024	3327	2246	1079	2766
2815	1024	3327	2441	1085	2763
3071	1024	3327	2635	1090	2754
3327	1024	3327	2822	1096	2754
3583	1024	3327	2998	1100	2745
3839	1024	3327	3178	1105	2742
4095	1024	3327	3355	1112	2740
0	1280	3327	402	1225	2728
256	1280	3327	591	1242	2754
512	1280	3327	788	1258	2769
768	1280	3327	985	1271	2776
1024	1280	3327	1176	1283	2789
1280	1280	3327	1369	1291	2790
1536	1280	3327	1568	1294	2793
1792	1280	3327	1758	1303	2795
2048	1280	3327	1940	1310	2793
2303	1280	3327	2122	1316	2791
2559	1280	3327	2311	1321	2793
2815	1280	3327	2508	1328	2788
3071	1280	3327	2698	1333	2778
3327	1280	3327	2882	1338	2769
3583	1280	3327	3063	1344	2771
3839	1280	3327	3241	1352	2764
4095	1280	3327	3416	1359	2762
0	1536	3327	460	1484	2747
256	1536	3327	654	1500	2769
512	1536	3327	850	1514	2784
768	1536	3327	1045	1528	2795
1024	1536	3327	1231	1541	2801
1280	1536	3327	1432	1554	2812
1536	1536	3327	1632	1563	2814
1792	1536	3327	1825	1569	2811
2048	1536	3327	2002	1575	2813
2303	1536	3327	2187	1582	2812
2559	1536	3327	2383	1588	2810
2815	1536	3327	2579	1592	2811
3071	1536	3327	2765	1596	2801
3327	1536	3327	2946	1599	2789
3583	1536	3327	3124	1603	2784
3839	1536	3327	3303	1612	2788
4095	1536	3327	3477	1618	2788
0	1792	3327	517	1736	2782
256	1792	3327	712	1748	2787
512	1792	3327	908	1762	2799
768	1792	3327	1101	1775	2811
1024	1792	3327	1286	1785	2824
1280	1792	3327	1495	1797	2829
1536	1792	3327	1692	1810	2833
1792	1792	3327	1878	1821	2835
2048	1792	3327	2060	1824	2834
2303	1792	3327	2251	1833	2838
2559	1792	3327	2447	1839	2828
2815	1792	3327	2644	1842	2821
3071	1792	3327	2827	1844	2823
3327	1792	3327	3006	1847	2815
3583	1792	3327	3187	1852	2811
3839	1792	3327	3366	1859	2808
4095	1792	3327	3535	1866	2811
0	2048	3327	576	1973	2797
256	2048	3327	769	1986	2808
512	2048	3327	966	1998	2813
768	2048	3327	1156	2011	2826
1024	2048	3327	1350	2022	2838
1280	2048	3327	1554	2033	2842
1536	2048	3327	1748	2043	2851
1792	2048	3327	1936	2053	2856
2048	2048	3327	2123	2063	2852
2303	2048	3327	2316	2073	2862
2559	2048	3327	2513	2078	2849
2815	2048	3327	2706	2083	2845
3071	2048	3327	2890	2089	2831
3327	2048	3327	3071	2091	2836
3583	2048	3327	3247	2095	2830
3839	2048	3327	3422	2101	2826
4095	2048	3327	3594	2109	2827
0	2303	3327	633	2228	2812
256	2303	3327	826	2243	2826
512	2303	3327	1025	2257	2839
768	2303	3327	1209	2270	2844
1024	2303	3327	1409	2284	2855
1280	2303	3327	1611	2298	2858
1536	2303	3327	1803	2308	2862
1792	2303	3327	1991	2320	2868
2048	2303	3327	2181	2331	2882
2303	2303	3327	2375	2338	2880
2559	2303	3327	2573	2340	2866
2815	2303	3327	2760	2344	2856
3071	2303	3327	2946	2347	2854
3327	2303	3327	3127	2350	2847
3583	2303	3327	3305	2354	2845
3839	2303	3327	3475	2359	2843
4095	2303	3327	3638	2364	2843
0	2559	3327	691	2480	2823
256	2559	3327	886	2493	2837
512	2559	3327	1077	2505	2849
768	2559	3327	1262	2515	2854
1024	2559	3327	1466	2531	2867
1280	2559	3327	1666	2543	2875
1536	2559	3327	1857	2554	2882
1792	2559	3327	2045	2567	2876
2048	2559	3327	2235	2574	2879
2303	2559	3327	2431	2580	2881
2559	2559	3327	2632	2586	2881
2815	2559	3327	2818	2592	2869
3071	2559	3327	2998	2595	2863
3327	2559	3327	3177	2598	2859
3583	2559	3327	3353	2600	2857
3839	2559	3327	3521	2599	2856
4095	2559	3327	3686	2607	2855
0	2815	3327	747	2720	2836
256	2815	3327	945	2734	2847
512	2815	3327	1131	2743	2845
768	2815	3327	1318	2752	2857
1024	2815	3327	1525	2768	2865
1280	2815	3327	1718	2780	2871
1536	2815	3327	1909	2792	2880
1792	2815	3327	2099	2805	2888
2048	2815	3327	2289	2812	2886
2303	2815	3327	2491	2818	2889
2559	2815	3327	2686	2822	2890
2815	2815	3327	2871	2824	2886
3071	2815	3327	3054	2825	2881
3327	2815	3327	3232	2830	2869
3583	2815	3327	3406	2835	2866
3839	2815	3327	3574	2839	2864
4095	2815	3327	3729	2845	2864
0	3071	3327	804	2958	2836
256	3071	3327	999	2972	2843
512	3071	3327	1184	2984	2856
768	3071	3327	1378	2998	2864
1024	3071	3327	1579	3013	2869
1280	3071	3327	1772	3029	2883
1536	3071	3327	1960	3041	2887
1792	3071	3327	2150	3053	2891
2048	3071	3327	2343	3064	2895
2303	3071	3327	2545	3074	2896
2559	3071	3327	2735	3077	2895
2815	3071	3327	2920	3080	2892
3071	3071	3327	3105	3083	2890
3327	3071	3327	3282	3085	2889
3583	3071	3327	3455	3090	2882
3839	3071	3327	3620	3096	2881
4095	3071	3327	3774	3102	2880
0	3327	3327	862	3199	2856
256	3327	3327	1054	3212	2865
512	3327	3327	1238	3227	2867
768	3327	3327	1438	3241	2874
1024	3327	3327	1635	3258	2885
1280	3327	3327	1830	3275	2898
1536	3327	3327	2016	3284	2901
1792	3327	3327	2206	3294	2905
2048	3327	3327	2402	3303	2908
2303	3327	3327	2600	3311	2908
2559	3327	3327	2789	3313	2907
2815	3327	3327	2973	3315	2903
3071	3327	3327	3155	3318	2902
3327	3327	3327	3338	3322	2902
3583	3327	3327	3508	3333	2902
3839	3327	3327	3668	3337	2897
4095	3327	3327	3828	3341	2901
0	3583	3327	922	3431	2870
256	3583	3327	1111	3443	2879
512	3583	3327	1297	3455	2885
768	3583	3327	1499	3468	2892
1024	3583	3327	1694	3485	2902
1280	3583	3327	1884	3499	2910
1536	3583	3327	2074	3507	2914
1792	3583	3327	2264	3518	2919
2048	3583	3327	2460	3519	2920
2303	3583	3327	2653	3520	2918
2559	3583	3327	2841	3526	2917
2815	3583	3327	3026	3530	2915
3071	3583	3327	3209	3536	2914
3327	3583	3327	3387	3541	2915
3583	3583	3327	3556	3545	2918
3839	3583	3327	3720	3554	2919
4095	3583	3327	3890	3566	2922
0	3839	3327	982	3655	2890
256	3839	3327	1168	3666	2897
512	3839	3327	1361	3678	2905
768	3839	3327	1561	3692	2916
1024	3839	3327	1751	3706	2920
1280	3839	3327	1941	3717	2926
1536	3839	3327	2131	3726	2929
1792	3839	3327	2321	3730	2934
2048	3839	3327	2520	3736	2937
2303	3839	3327	2712	3739	2934
2559	3839	3327	2898	3742	2932
2815	3839	3327	3078	3749	2930
3071	3839	3327	3264	3752	2929
3327	3839	3327	3439	3758	2932
3583	3839	3327	3610	3769	2934
3839	3839	3327	3779	3783	2939
4095	3839	3327	3949	3792	2942
0	4095	3327	1042	3878	2914
256	4095	3327	1225	3886	2918
512	4095	3327	1426	3901	2926
768	4095	3327	1622	3913	2935
1024	4095	3327	1811	3923	2941
1280	4095	3327	2002	3931	2946
1536	4095	3327	2190	3938	2948
1792	4095	3327	2383	3942	2950
2048	4095	3327	2581	3945	2948
2303	4095	3327	2773	3950	2951
2559	4095	3327	2956	3955	2948
2815	4095	3327	3136	3961	2945
3071	4095	3327	3324	3968	2949
3327	4095	3327	3499	3977	2949
3583	4095	3327	3668	3989	2953
3839	4095	3327	3836	4000	2959
4095	4095	3327	4009	4011	2961
0	0	3583	144	15	2961
256	0	3583	333	23	2857
512	0	3583	517	32	2856
768	0	3583	711	41	2855
1024	0	3583	902	49	2852
1280	0	3583	1092	58	2852
1536	0	3583	1277	66	2857
1792	0	3583	1477	75	2858
2048	0	3583	1669	83	2859
2303	0	3583	1852	92	2861
2559	0	3583	2033	99	2864
2815	0	3583	2226	108	2869
3071	0	3583	2420	116	2870
3327	0	3583	2613	125	2870
3583	0	3583	2797	133	2871
3839	0	3583	2975	140	2869
4095	0	3583	3157	147	2869
0	256	3583	192	256	2887
256	256	3583	374	263	2885
512	256	3583	557	273	2900
768	256	3583	747	280	2897
1024	256	3583	936	288	2893
1280	256	3583	1119	296	2890
1536	256	3583	1303	305	2887
1792	256	3583	1504	312	2888
2048	256	3583	1691	321	2887
2303	256	3583	1872	330	2888
2559	256	3583	2054	337	2889
2815	256	3583	2245	345	2888
3071	256	3583	2442	352	2889
3327	256	3583	2635	360	2886
3583	256	3583	2819	368	2879
3839	256	3583	3002	375	2877
4095	256	3583	3182	383	2875
0	512	3583	248	492	2896
256	512	3583	434	506	2902
512	512	3583	625	515	2917
768	512	3583	816	523	2923
1024	512	3583	1008	531	2922
1280	512	3583	1186	539	2918
1536	512	3583	1379	546	2916
1792	512	3583	1580	554	2915
2048	512	3583	1767	564	2916
2303	512	3583	1944	573	2919
2559	512	3583	2127	580	2920
2815	512	3583	2321	587	2918
3071	512	3583	2520	595	2916
3327	512	3583	2710	603	2912
3583	512	3583	2893	610	2907
3839	512	3583	3073	616	2904
4095	512	3583	3253	624	2904
0	768	3583	304	739	2899
256	768	3583	489	755	2921
512	768	3583	685	770	2940
768	768	3583	879	780	2943
1024	768	3583	1068	786	2948
1280	768	3583	1247	795	2946
1536	768	3583	1447	800	2945
1792	768	3583	1643	807	2943
2048	768	3583	1830	817	2945
2303	768	3583	2008	825	2950
2559	768	3583	2197	832	2948
2815	768	3583	2393	839	2944
3071	768	3583	2590	847	2939
3327	768	3583	2777	854	2937
3583	768	3583	2958	860	2932
3839	768	3583	3136	866	2927
4095	768	3583	3316	874	2928
0	1024	3583	358	991	2915
256	1024	3583	546	1011	2943
512	1024	3583	742	1023	2952
768	1024	3583	940	1035	2965
1024	1024	3583	1129	1044	2966
1280	1024	3583	1312	1052	2972
1536	1024	3583	1517	1054	2973
1792	1024	3583	1708	1062	2971
2048	1024	3583	1893	1070	2974
2303	1024	3583	2072	1076	2974
2559	1024	3583	2265	1085	2976
2815	1024	3583	2462	1090	2970
3071	1024	3583	2655	1096	2962
3327	1024	3583	2843	1102	2958
3583	1024	3583	3023	1107	2958
3839	1024	3583	3202	1113	2953
4095	1024	3583	3378	1120	2951
0	1280	3583	413	1228	2932
256	1280	3583	603	1246	2956
512	1280	3583	798	1260	2967
768	1280	3583	995	1273	2977
1024	1280	3583	1186	1284	2989
1280	1280	3583	1380	1292	2994
1536	1280	3583	1582	1296	2995
1792	1280	3583	1770	1304	2996
2048	1280	3583	1953	1312	2998
2303	1280	3583	2139	1320	2998
2559	1280	3583	2329	1328	2994
2815	1280	3583	2527	1333	2992
3071	1280	3583	2717	1339	2988
3327	1280	3583	2903	1345	2983
3583	1280	3583	3087	1352	2982
3839	1280	3583	3266	1360	2977
4095	1280	3583	3441	1367	2975
0	1536	3583	472	1488	2952
256	1536	3583	665	1502	2972
512	1536	3583	862	1516	2983
768	1536	3583	1058	1530	2996
1024	1536	3583	1244	1543	3004
1280	1536	3583	1445	1556	3015
1536	1536	3583	1643	1565	3015
1792	1536	3583	1836	1571	3019
2048	1536	3583	2016	1581	3020
2303	1536	3583	2203	1588	3021
2559	1536	3583	2399	1593	3017
2815	1536	3583	2597	1597	3016
3071	1536	3583	2784	1603	3012
3327	1536	3583	2966	1607	3003
3583	1536	3583	3147	1612	2998
3839	1536	3583	3328	1620	3001
4095	1536	3583	3505	1627	2999
0	1792	3583	531	1740	2983
256	1792	3583	724	1753	2989
512	1792	3583	921	1767	3000
768	1792	3583	1113	1780	3013
1024	1792	3583	1300	1790	3025
1280	1792	3583	1507	1800	3030
1536	1792	3583	1705	1814	3037
1792	1792	3583	1895	1826	3038
2048	1792	3583	2080	1833	3043
2303	1792	3583	2269	1840	3043
2559	1792	3583	2466	1846	3039
2815	1792	3583	2662	1850	3032
3071	1792	3583	2846	1856	3034
3327	1792	3583	3029	1859	3025
3583	1792	3583	3211	1863	3023
3839	1792	3583	3391	1869	3020
4095	1792	3583	3564	1876	3021
0	2048	3583	589	1979	3001
256	2048	3583	782	1992	3012
512	2048	3583	979	2003	3019
768	2048	3583	1169	2016	3030
1024	2048	3583	1363	2029	3038
1280	2048	3583	1568	2041	3046
1536	2048	3583	1765	2054	3052
1792	2048	3583	1955	2064	3061
2048	2048	3583	2144	2074	3063
2303	2048	3583	2336	2084	3062
2559	2048	3583	2533	2087	3058
2815	2048	3583	2724	2094	3052
3071	2048	3583	2912	2099	3044
3327	2048	3583	3095	2102	3047
3583	2048	3583	3274	2110	3044
3839	2048	3583	3449	2117	3041
4095	2048	3583	3618	2122	3035
0	2303	3583	646	2235	3015
256	2303	3583	840	2250	3028
512	2303	3583	1038	2265	3040
768	2303	3583	1224	2277	3047
1024	2303	3583	1423	2291	3055
1280	2303	3583	1625	2303	3062
1536	2303	3583	1822	2315	3065
1792	2303	3583	2011	2331	3076
2048	2303	3583	2199	2341	3087
2303	2303	3583	2390	2348	3079
2559	2303	3583	2591	2351	3073
2815	2303	3583	2778	2354	3062
3071	2303	3583	2962	2357	3057
3327	2303	3583	3146	2361	3054
3583	2303	3583	3329	2364	3058
3839	2303	3583	3503	2371	3057
4095	2303	3583	3665	2376	3051
0	2559	3583	704	2487	3025
256	2559	3583	900	2502	3036
512	2559	3583	1094	2515	3048
768	2559	3583	1279	2526	3061
1024	2559	3583	1482	2539	3066
1280	2559	3583	1681	2551	3075
1536	2559	3583	1873	2562	3081
1792	2559	3583	2062	2574	3086
2048	2559	3583	2252	2586	3095
2303	2559	3583	2451	2593	3094
2559	2559	3583	2650	2595	3092
2815	2559	3583	2835	2599	3078
3071	2559	3583	3022	2604	3072
3327	2559	3583	3204	2609	3073
3583	2559	3583	3379	2613	3063
3839	2559	3583	3544	2613	3067
4095	2559	3583	3705	2620	3070
0	2815	3583	759	2725	3039
256	2815	3583	959	2741	3043
512	2815	3583	1147	2753	3053
768	2815	3583	1337	2764	3066
1024	2815	3583	1542	2778	3071
1280	2815	3583	1737	2793	3080
1536	2815	3583	1928	2805	3090
1792	2815	3583	2118	2817	3099
2048	2815	3583	2306	2825	3103
2303	2815	3583	2509	2827	3108
2559	2815	3583	2705	2830	3108
2815	2815	3583	2892	2835	3097
3071	2815	3583	3073	2837	3089
3327	2815	3583	3254	2845	3087
3583	2815	3583	3425	2852	3079
3839	2815	3583	3588	2852	3079
4095	2815	3583	3755	2860	3083
0	3071	3583	818	2972	3048
256	3071	3583	1017	2985	3051
512	3071	3583	1203	3004	3063
768	3071	3583	1399	3018	3078
1024	3071	3583	1598	3030	3090
1280	3071	3583	1790	3048	3095
1536	3071	3583	1983	3059	3103
1792	3071	3583	2172	3071	3109
2048	3071	3583	2363	3082	3109
2303	3071	3583	2570	3087	3113
2559	3071	3583	2758	3089	3115
2815	3071	3583	2944	3095	3115
3071	3071	3583	3131	3102	3110
3327	3071	3583	3310	3104	3103
3583	3071	3583	3477	3104	3098
3839	3071	3583	3642	3108	3097
4095	3071	3583	3810	3119	3095
0	3327	3583	879	3221	3061
256	3327	3583	1073	3237	3074
512	3327	3583	1261	3254	3078
768	3327	3583	1460	3263	3095
1024	3327	3583	1656	3275	3100
1280	3327	3583	1848	3291	3106
1536	3327	3583	2041	3310	3109
1792	3327	3583	2230	3315	3115
2048	3327	3583	2425	3319	3117
2303	3327	3583	2626	3324	3123
2559	3327	3583	2810	3329	3121
2815	3327	3583	2996	3334	3118
3071	3327	3583	3181	3336	3117
3327	3327	3583	3362	3338	3116
3583	3327	3583	3539	3351	3117
3839	3327	3583	3702	3362	3116
4095	3327	3583	3863	3369	3122
0	3583	3583	940	3452	3083
256	3583	3583	1129	3466	3090
512	3583	3583	1318	3478	3102
768	3583	3583	1523	3488	3108
1024	3583	3583	1715	3502	3112
1280	3583	3583	1906	3517	3120
1536	3583	3583	2096	3532	3129
1792	3583	3583	2287	3533	3131
2048	3583	3583	2485	3534	3129
2303	3583	3583	2677	3538	3130
2559	3583	3583	2864	3546	3132
2815	3583	3583	3047	3544	3129
3071	3583	3583	3233	3550	3128
3327	3583	3583	3418	3561	3129
3583	3583	3583	3594	3578	3131
3839	3583	3583	3754	3578	3137
4095	3583	3583	3924	3585	3136
0	3839	3583	1001	3676	3112
256	3839	3583	1186	3687	3108
512	3839	3583	1380	3700	3114
768	3839	3583	1583	3714	3127
1024	3839	3583	1773	3724	3137
1280	3839	3583	1963	3736	3141
1536	3839	3583	2154	3745	3144
1792	3839	3583	2345	3749	3146
2048	3839	3583	2542	3753	3147
2303	3839	3583	2733	3756	3146
2559	3839	3583	2921	3759	3145
2815	3839	3583	3104	3765	3142
3071	3839	3583	3290	3775	3142
3327	3839	3583	3471	3785	3148
3583	3839	3583	3645	3794	3154
3839	3839	3583	3810	3803	3153
4095	3839	3583	3978	3813	3157
0	4095	3583	1061	3903	3126
256	4095	3583	1244	3909	3133
512	4095	3583	1446	3922	3140
768	4095	3583	1643	3933	3150
1024	4095	3583	1834	3942	3161
1280	4095	3583	2024	3951	3162
1536	4095	3583	2213	3957	3162
1792	4095	3583	2405	3960	3162
2048	4095	3583	2601	3963	3159
2303	4095	3583	2796	3969	3162
2559	4095	3583	2980	3978	3159
2815	4095	3583	3163	3986	3160
3071	4095	3583	3354	3992	3167
3327	4095	3583	3534	4003	3166
3583	4095	3583	3701	4013	3171
3839	4095	3583	3865	4022	3173
4095	4095	3583	4034	4028	3176
0	0	3839	154	16	3161
256	0	3839	345	24	3138
512	0	3839	532	33	3131
768	0	3839	723	42	3136
1024	0	3839	916	50	3131
1280	0	3839	1107	59	3132
1536	0	3839	1288	67	3136
1792	0	3839	1493	76	3138
2048	0	3839	1684	84	3145
2303	0	3839	1866	93	3154
2559	0	3839	2049	100	3160
2815	0	3839	2243	109	3169
3071	0	3839	2440	117	3177
3327	0	3839	2636	127	3180
3583	0	3839	2819	134	3186
3839	0	3839	2998	142	3185
4095	0	3839	3180	151	3046
0	256	3839	204	258	3086
256	256	3839	385	265	3074
512	256	3839	567	274	3068
768	256	3839	755	283	3062
1024	256	3839	945	290	3065
1280	256	3839	1127	298	3058
1536	256	3839	1313	306	3061
1792	256	3839	1517	315	3063
2048	256	3839	1704	323	3066
2303	256	3839	1886	331	3064
2559	256	3839	2070	338	3068
2815	256	3839	2260	347	3104
3071	256	3839	2460	355	3101
3327	256	3839	2653	363	3096
3583	256	3839	2837	371	3090
3839	256	3839	3025	378	3092
4095	256	3839	3205	386	3092
0	512	3839	259	494	3102
256	512	3839	446	509	3125
512	512	3839	636	519	3120
768	512	3839	826	527	3114
1024	512	3839	1018	533	3117
1280	512	3839	1196	542	3110
1536	512	3839	1390	549	3122
1792	512	3839	1591	556	3122
2048	512	3839	1779	566	3124
2303	512	3839	1962	575	3130
2559	512	3839	2149	583	3132
2815	512	3839	2340	591	3127
3071	512	3839	2537	598	3123
3327	512	3839	2726	606	3122
3583	512	3839	2911	614	3120
3839	512	3839	3095	621	3118
4095	512	3839	3276	629	3119
0	768	3839	315	743	3111
256	768	3839	500	760	3114
512	768	3839	697	773	3137
768	768	3839	890	781	3149
1024	768	3839	1078	787	3155
1280	768	3839	1258	796	3151
1536	768	3839	1460	801	3152
1792	768	3839	1657	810	3152
2048	768	3839	1845	820	3154
2303	768	3839	2027	829	3161
2559	768	3839	2219	838	3160
2815	768	3839	2413	845	3152
3071	768	3839	2608	851	3144
3327	768	3839	2795	858	3146
3583	768	3839	2978	865	3142
3839	768	3839	3160	873	3140
4095	768	3839	3341	881	3138
0	1024	3839	370	995	3122
256	1024	3839	558	1012	3147
512	1024	3839	752	1025	3158
768	1024	3839	951	1037	3170
1024	1024	3839	1139	1045	3173
1280	1024	3839	1326	1052	3181
1536	1024	3839	1531	1057	3180
1792	1024	3839	1722	1065	3178
2048	1024	3839	1907	1073	3181
2303	1024	3839	2090	1081	3186
2559	1024	3839	2285	1092	3189
2815	1024	3839	2482	1096	3179
3071	1024	3839	2675	1101	3174
3327	1024	3839	2862	1107	3171
3583	1024	3839	3045	1114	3168
3839	1024	3839	3227	1121	3167
4095	1024	3839	3404	1129	3166
0	1280	3839	424	1232	3137
256	1280	3839	615	1249	3158
512	1280	3839	809	1261	3170
768	1280	3839	1008	1274	3183
1024	1280	3839	1197	1287	3195
1280	1280	3839	1395	1294	3201
1536	1280	3839	1597	1299	3204
1792	1280	3839	1785	1308	3203
2048	1280	3839	1970	1318	3207
2303	1280	3839	2158	1328	3211
2559	1280	3839	2351	1336	3209
2815	1280	3839	2549	1340	3202
3071	1280	3839	2739	1346	3199
3327	1280	3839	2925	1354	3197
3583	1280	3839	3110	1361	3194
3839	1280	3839	3292	1369	3195
4095	1280	3839	3468	1377	3193
0	1536	3839	483	1491	3159
256	1536	3839	676	1506	3177
512	1536	3839	873	1520	3189
768	1536	3839	1069	1534	3202
1024	1536	3839	1258	1547	3211
1280	1536	3839	1460	1560	3222
1536	1536	3839	1659	1571	3222
1792	1536	3839	1849	1577	3232
2048	1536	3839	2032	1588	3233
2303	1536	3839	2222	1595	3234
2559	1536	3839	2418	1601	3229
2815	1536	3839	2619	1605	3225
3071	1536	3839	2804	1611	3224
3327	1536	3839	2988	1616	3218
3583	1536	3839	3171	1621	3214
3839	1536	3839	3356	1630	3219
4095	1536	3839	3529	1636	3215
0	1792	3839	543	1745	3190
256	1792	3839	735	1758	3197
512	1792	3839	934	1771	3208
768	1792	3839	1126	1785	3219
1024	1792	3839	1315	1798	3230
1280	1792	3839	1521	1810	3236
1536	1792	3839	1721	1823	3246
1792	1792	3839	1914	1834	3254
2048	1792	3839	2098	1843	3260
2303	1792	3839	2287	1849	3258
2559	1792	3839	2485	1854	3254
2815	1792	3839	2681	1859	3247
3071	1792	3839	2865	1863	3246
3327	1792	3839	3050	1867	3240
3583	1792	3839	3235	1873	3241
3839	1792	3839	3417	1881	3239
4095	1792	3839	3588	1885	3239
0	2048	3839	601	1986	3208
256	2048	3839	797	2000	3221
512	2048	3839	994	2012	3228
768	2048	3839	1184	2025	3239
1024	2048	3839	1379	2038	3248
1280	2048	3839	1584	2051	3257
1536	2048	3839	1782	2064	3263
1792	2048	3839	1976	2076	3277
2048	2048	3839	2166	2087	3279
2303	2048	3839	2354	2096	3271
2559	2048	3839	2553	2099	3274
2815	2048	3839	2743	2105	3265
3071	2048	3839	2930	2109	3260
3327	2048	3839	3117	2113	3262
3583	2048	3839	3299	2122	3262
3839	2048	3839	3475	2129	3261
4095	2048	3839	3644	2134	3259
0	2303	3839	659	2244	3225
256	2303	3839	856	2260	3236
512	2303	3839	1053	2276	3248
768	2303	3839	1240	2287	3256
1024	2303	3839	1441	2301	3266
1280	2303	3839	1642	2313	3274
1536	2303	3839	1838	2324	3284
1792	2303	3839	2029	2342	3289
2048	2303	3839	2219	2351	3298
2303	2303	3839	2411	2355	3294
2559	2303	3839	2615	2360	3290
2815	2303	3839	2799	2362	3279
3071	2303	3839	2983	2366	3276
3327	2303	3839	3167	2372	3274
3583	2303	3839	3351	2379	3276
3839	2303	3839	3527	2384	3275
4095	2303	3839	3693	2390	3273
0	2559	3839	717	2497	3238
256	2559	3839	914	2513	3246
512	2559	3839	1108	2527	3259
768	2559	3839	1296	2539	3270
1024	2559	3839	1503	2552	3276
1280	2559	3839	1699	2562	3286
1536	2559	3839	1891	2573	3295
1792	2559	3839	2081	2589	3302
2048	2559	3839	2273	2599	3310
2303	2559	3839	2475	2606	3311
2559	2559	3839	2675	2611	3309
2815	2559	3839	2861	2614	3298
3071	2559	3839	3044	2621	3292
3327	2559	3839	3225	2624	3289
3583	2559	3839	3405	2627	3286
3839	2559	3839	3582	2633	3287
4095	2559	3839	3744	2641	3287
0	2815	3839	775	2737	3251
256	2815	3839	974	2753	3258
512	2815	3839	1163	2766	3268
768	2815	3839	1356	2779	3280
1024	2815	3839	1563	2794	3291
1280	2815	3839	1756	2804	3298
1536	2815	3839	1947	2817	3305
1792	2815	3839	2137	2829	3314
2048	2815	3839	2325	2832	3318
2303	2815	3839	2531	2837	3325
2559	2815	3839	2727	2845	3322
2815	2815	3839	2913	2853	3317
3071	2815	3839	3094	2849	3305
3327	2815	3839	3278	2858	3303
3583	2815	3839	3459	2868	3299
3839	2815	3839	3632	2876	3298
4095	2815	3839	3788	2883	3302
0	3071	3839	834	2988	3268
256	3071	3839	1033	3002	3275
512	3071	3839	1218	3021	3282
768	3071	3839	1418	3034	3292
1024	3071	3839	1618	3046	3306
1280	3071	3839	1811	3059	3310
1536	3071	3839	2003	3074	3320
1792	3071	3839	2193	3084	3324
2048	3071	3839	2387	3094	3326
2303	3071	3839	2590	3103	3329
2559	3071	3839	2780	3103	3331
2815	3071	3839	2965	3106	3330
3071	3071	3839	3151	3114	3324
3327	3071	3839	3336	3119	3328
3583	3071	3839	3511	3123	3316
3839	3071	3839	3678	3128	3317
4095	3071	3839	3842	3137	3313
0	3327	3839	896	3242	3285
256	3327	3839	1091	3256	3292
512	3327	3839	1276	3271	3297
768	3327	3839	1481	3283	3309
1024	3327	3839	1678	3298	3320
1280	3327	3839	1869	3312	3328
1536	3327	3839	2063	3324	3334
1792	3327	3839	2251	3333	3343
2048	3327	3839	2448	3339	3345
2303	3327	3839	2649	3342	3343
2559	3327	3839	2838	3347	3346
2815	3327	3839	3021	3347	3343
3071	3327	3839	3206	3353	3339
3327	3327	3839	3397	3366	3339
3583	3327	3839	3566	3368	3342
3839	3327	3839	3729	3379	3327
4095	3327	3839	3893	3390	3331
0	3583	3839	958	3476	3305
256	3583	3839	1148	3488	3315
512	3583	3839	1341	3500	3326
768	3583	3839	1546	3514	3331
1024	3583	3839	1737	3528	3342
1280	3583	3839	1927	3537	3352
1536	3583	3839	2117	3543	3358
1792	3583	3839	2308	3549	3362
2048	3583	3839	2508	3554	3360
2303	3583	3839	2706	3559	3357
2559	3583	3839	2895	3565	3354
2815	3583	3839	3069	3560	3358
3071	3583	3839	3261	3570	3352
3327	3583	3839	3448	3585	3360
3583	3583	3839	3621	3598	3353
3839	3583	3839	3782	3603	3357
4095	3583	3839	3949	3605	3351
0	3839	3839	1020	3703	3325
256	3839	3839	1206	3713	3335
512	3839	3839	1404	3726	3345
768	3839	3839	1607	3739	3353
1024	3839	3839	1794	3746	3357
1280	3839	3839	1985	3754	3365
1536	3839	3839	2175	3761	3372
1792	3839	3839	2367	3768	3370
2048	3839	3839	2570	3773	3375
2303	3839	3839	2760	3778	3368
2559	3839	3839	2945	3781	3362
2815	3839	3839	3128	3783	3361
3071	3839	3839	3323	3802	3362
3327	3839	3839	3503	3813	3363
3583	3839	3839	3671	3821	3367
3839	3839	3839	3832	3825	3373
4095	3839	3839	4010	3833	3370
0	4095	3839	1079	3928	3354
256	4095	3839	1264	3937	3358
512	4095	3839	1469	3946	3366
768	4095	3839	1665	3955	3372
1024	4095	3839	1853	3965	3379
1280	4095	3839	2044	3971	3382
1536	4095	3839	2236	3980	3388
1792	4095	3839	2430	3987	3381
2048	4095	3839	2628	3990	3377
2303	4095	3839	2816	3987	3375
2559	4095	3839	3002	3995	3374
2815	4095	3839	3191	4008	3376
3071	4095	3839	3384	4023	3378
3327	4095	3839	3557	4025	3381
3583	4095	3839	3727	4032	3384
3839	4095	3839	3896	4042	3386
4095	4095	3839	4059	4050	3389
0	0	4095	166	17	3363
256	0	4095	358	25	3335
512	0	4095	546	34	3326
768	0	4095	738	44	3329
1024	0	4095	935	52	3326
1280	0	4095	1125	60	3325
1536	0	4095	1307	69	3328
1792	0	4095	1512	77	3334
2048	0	4095	1706	86	3343
2303	0	4095	1894	95	3353
2559	0	4095	2077	102	3359
2815	0	4095	2271	111	3368
3071	0	4095	2470	119	3375
3327	0	4095	2664	128	3377
3583	0	4095	2847	137	3382
3839	0	4095	3027	144	3380
4095	0	4095	3210	153	3383
0	256	4095	215	261	3292
256	256	4095	396	268	3288
512	256	4095	580	277	3287
768	256	4095	770	286	3280
1024	256	4095	961	293	3282
1280	256	4095	1145	301	3280
1536	256	4095	1333	310	3279
1792	256	4095	1531	317	3282
2048	256	4095	1725	326	3288
2303	256	4095	1910	334	3291
2559	256	4095	2093	343	3295
2815	256	4095	2287	350	3298
3071	256	4095	2485	358	3297
3327	256	4095	2677	366	3292
3583	256	4095	2864	374	3286
3839	256	4095	3050	382	3289
4095	256	4095	3235	390	3288
0	512	4095	270	498	3302
256	512	4095	458	513	3329
512	512	4095	647	524	3324
768	512	4095	838	531	3324
1024	512	4095	1031	536	3320
1280	512	4095	1213	544	3322
1536	512	4095	1409	553	3321
1792	512	4095	1608	562	3326
2048	512	4095	1798	570	3331
2303	512	4095	1982	579	3335
2559	512	4095	2170	588	3340
2815	512	4095	2363	595	3337
3071	512	4095	2560	601	3340
3327	512	4095	2749	610	3334
3583	512	4095	2937	618	3329
3839	512	4095	3123	627	3326
4095	512	4095	3306	636	3330
0	768	4095	326	748	3318
256	768	4095	512	767	3350
512	768	4095	708	778	3352
768	768	4095	903	786	3354
1024	768	4095	1094	791	3351
1280	768	4095	1277	798	3354
1536	768	4095	1478	807	3353
1792	768	4095	1674	816	3359
2048	768	4095	1862	824	3364
2303	768	4095	2048	834	3367
2559	768	4095	2239	845	3372
2815	768	4095	2434	851	3363
3071	768	4095	2630	857	3355
3327	768	4095	2815	863	3360
3583	768	4095	3002	871	3359
3839	768	4095	3189	880	3355
4095	768	4095	3373	891	3367
0	1024	4095	383	1000	3329
256	1024	4095	571	1019	3358
512	1024	4095	767	1031	3363
768	1024	4095	966	1043	3385
1024	1024	4095	1156	1050	3379
1280	1024	4095	1346	1056	3381
1536	1024	4095	1549	1065	3384
1792	1024	4095	1740	1072	3391
2048	1024	4095	1928	1080	3388
2303	1024	4095	2114	1091	3394
2559	1024	4095	2305	1100	3398
2815	1024	4095	2502	1104	3387
3071	1024	4095	2696	1109	3393
3327	1024	4095	2883	1114	3385
3583	1024	4095	3066	1121	3381
3839	1024	4095	3255	1130	3385
4095	1024	4095	3435	1138	3389
0	1280	4095	438	1238	3342
256	1280	4095	631	1253	3374
512	1280	4095	827	1266	3389
768	1280	4095	1026	1278	3393
1024	1280	4095	1216	1290	3408
1280	1280	4095	1414	1299	3405
1536	1280	4095	1613	1308	3412
1792	1280	4095	1806	1318	3423
2048	1280	4095	1991	1327	3425
2303	1280	4095	2178	1336	3427
2559	1280	4095	2375	1345	3427
2815	1280	4095	2574	1350	3420
3071	1280	4095	2762	1355	3415
3327	1280	4095	2947	1362	3411
3583	1280	4095	3131	1370	3410
3839	1280	4095	3318	1379	3410
4095	1280	4095	3496	1387	3408
0	1536	4095	497	1502	3359
256	1536	4095	692	1517	3384
512	1536	4095	889	1531	3402
768	1536	4095	1085	1545	3414
1024	1536	4095	1271	1555	3420
1280	1536	4095	1479	1570	3437
1536	1536	4095	1680	1582	3443
1792	1536	4095	1868	1589	3453
2048	1536	4095	2053	1595	3449
2303	1536	4095	2244	1604	3452
2559	1536	4095	2442	1612	3450
2815	1536	4095	2643	1617	3440
3071	1536	4095	2828	1621	3437
3327	1536	4095	3013	1625	3430
3583	1536	4095	3197	1631	3426
3839	1536	4095	3381	1640	3430
4095	1536	4095	3553	1647	3430
0	1792	4095	556	1755	3398
256	1792	4095	747	1765	3408
512	1792	4095	947	1778	3421
768	1792	4095	1141	1794	3434
1024	1792	4095	1335	1812	3446
1280	1792	4095	1540	1823	3451
1536	1792	4095	1743	1835	3464
1792	1792	4095	1933	1845	3467
2048	1792	4095	2115	1853	3476
2303	1792	4095	2308	1860	3473
2559	1792	4095	2506	1864	3466
2815	1792	4095	2702	1867	3459
3071	1792	4095	2887	1869	3450
3327	1792	4095	3071	1873	3451
3583	1792	4095	3258	1882	3453
3839	1792	4095	3441	1892	3454
4095	1792	4095	3614	1897	3455
0	2048	4095	615	1995	3420
256	2048	4095	811	2010	3433
512	2048	4095	1012	2024	3439
768	2048	4095	1201	2037	3452
1024	2048	4095	1398	2050	3463
1280	2048	4095	1603	2062	3470
1536	2048	4095	1799	2075	3476
1792	2048	4095	1995	2089	3489
2048	2048	4095	2187	2100	3491
2303	2048	4095	2373	2107	3483
2559	2048	4095	2573	2110	3483
2815	2048	4095	2762	2114	3474
3071	2048	4095	2950	2117	3467
3327	2048	4095	3137	2121	3467
3583	2048	4095	3322	2133	3470
3839	2048	4095	3502	2140	3470
4095	2048	4095	3674	2147	3472
0	2303	4095	674	2257	3441
256	2303	4095	871	2272	3451
512	2303	4095	1067	2286	3459
768	2303	4095	1257	2300	3464
1024	2303	4095	1460	2312	3474
1280	2303	4095	1662	2324	3483
1536	2303	4095	1857	2336	3494
1792	2303	4095	2048	2352	3500
2048	2303	4095	2239	2360	3506
2303	2303	4095	2434	2365	3503
2559	2303	4095	2638	2371	3488
2815	2303	4095	2821	2373	3485
3071	2303	4095	3005	2377	3480
3327	2303	4095	3190	2382	3479
3583	2303	4095	3376	2392	3480
3839	2303	4095	3554	2398	3483
4095	2303	4095	3722	2405	3483
0	2559	4095	732	2510	3448
256	2559	4095	930	2524	3457
512	2559	4095	1123	2539	3467
768	2559	4095	1314	2551	3478
1024	2559	4095	1523	2567	3485
1280	2559	4095	1719	2577	3492
1536	2559	4095	1912	2587	3502
1792	2559	4095	2101	2601	3511
2048	2559	4095	2296	2611	3516
2303	2559	4095	2497	2619	3515
2559	2559	4095	2695	2625	3510
2815	2559	4095	2880	2626	3497
3071	2559	4095	3063	2631	3492
3327	2559	4095	3247	2634	3492
3583	2559	4095	3431	2640	3497
3839	2559	4095	3610	2650	3496
4095	2559	4095	3771	2656	3494
0	2815	4095	791	2752	3461
256	2815	4095	990	2766	3470
512	2815	4095	1180	2780	3478
768	2815	4095	1375	2793	3486
1024	2815	4095	1581	2809	3496
1280	2815	4095	1776	2817	3504
1536	2815	4095	1966	2829	3510
1792	2815	4095	2156	2838	3516
2048	2815	4095	2346	2845	3520
2303	2815	4095	2552	2853	3523
2559	2815	4095	2747	2859	3518
2815	2815	4095	2935	2864	3512
3071	2815	4095	3118	2865	3508
3327	2815	4095	3303	2875	3510
3583	2815	4095	3485	2884	3507
3839	2815	4095	3661	2891	3504
4095	2815	4095	3818	2899	3508
0	3071	4095	851	3005	3476
256	3071	4095	1049	3021	3483
512	3071	4095	1235	3035	3489
768	3071	4095	1436	3049	3497
1024	3071	4095	1638	3062	3507
1280	3071	4095	1832	3076	3515
1536	3071	4095	2022	3087	3522
1792	3071	4095	2214	3098	3525
2048	3071	4095	2407	3108	3528
2303	3071	4095	2611	3113	3528
2559	3071	4095	2800	3114	3526
2815	3071	4095	2986	3120	3524
3071	3071	4095	3171	3129	3525
3327	3071	4095	3362	3134	3524
3583	3071	4095	3539	3139	3521
3839	3071	4095	3707	3148	3521
4095	3071	4095	3867	3157	3523
0	3327	4095	913	3262	3491
256	3327	4095	1108	3276	3500
512	3327	4095	1294	3290	3508
768	3327	4095	1501	3300	3514
1024	3327	4095	1698	3314	3522
1280	3327	4095	1890	3328	3529
1536	3327	4095	2083	3342	3537
1792	3327	4095	2273	3348	3541
2048	3327	4095	2471	3351	3540
2303	3327	4095	2668	3353	3535
2559	3327	4095	2859	3361	3539
2815	3327	4095	3043	3364	3536
3071	3327	4095	3232	3373	3542
3327	3327	4095	3426	3386	3541
3583	3327	4095	3595	3392	3542
3839	3327	4095	3757	3396	3541
4095	3327	4095	3923	3402	3540
0	3583	4095	975	3499	3512
256	3583	4095	1167	3510	3521
512	3583	4095	1360	3522	3528
768	3583	4095	1567	3533	3533
1024	3583	4095	1759	3546	3540
1280	3583	4095	1950	3556	3547
1536	3583	4095	2141	3563	3554
1792	3583	4095	2332	3568	3557
2048	3583	4095	2528	3569	3553
2303	3583	4095	2724	3575	3549
2559	3583	4095	2917	3580	3552
2815	3583	4095	3098	3585	3555
3071	3583	4095	3290	3598	3554
3327	3583	4095	3474	3607	3558
3583	3583	4095	3648	3610	3556
3839	3583	4095	3817	3621	3558
4095	3583	4095	3981	3627	3558
0	3839	4095	1038	3725	3534
256	3839	4095	1226	3737	3539
512	3839	4095	1426	3749	3546
768	3839	4095	1627	3759	3554
1024	3839	4095	1817	3767	3559
1280	3839	4095	2008	3775	3563
1536	3839	4095	2199	3782	3566
1792	3839	4095	2391	3787	3565
2048	3839	4095	2587	3785	3565
2303	3839	4095	2784	3794	3563
2559	3839	4095	2973	3804	3563
2815	3839	4095	3155	3812	3563
3071	3839	4095	3349	3819	3568
3327	3839	4095	3531	3829	3571
3583	3839	4095	3703	3838	3578
3839	3839	4095	3863	3847	3575
4095	3839	4095	4033	3849	3578
0	4095	4095	1098	3948	3554
256	4095	4095	1283	3957	3557
512	4095	4095	1490	3967	3565
768	4095	4095	1686	3978	3574
1024	4095	4095	1877	3988	3579
1280	4095	4095	2069	3995	3582
1536	4095	4095	2259	3999	3582
1792	4095	4095	2454	4002	3579
2048	4095	4095	2652	4006	3572
2303	4095	4095	2845	4015	3576
2559	4095	4095	3028	4023	3581
2815	4095	4095	3214	4030	3583
3071	4095	4095	3410	4036	3589
3327	4095	4095	3585	4048	3593
3583	4095	4095	3756	4057	3590
3839	4095	4095	3926	4065	3594
4095	4095	4095	4095	4079	3591
