0	0	0	0	0	0
256	0	0	260	1	0
512	0	0	515	1	0
768	0	0	758	2	0
1024	0	0	1001	2	0
1280	0	0	1254	2	0
1536	0	0	1487	3	0
1792	0	0	1730	3	0
2048	0	0	1973	3	0
2303	0	0	2242	4	0
2559	0	0	2473	4	0
2815	0	0	2716	4	0
3071	0	0	2959	4	0
3327	0	0	3198	5	0
3583	0	0	3445	5	0
3839	0	0	3688	5	0
4095	0	0	3926	5	0
0	256	0	0	254	0
256	256	0	258	256	0
512	256	0	514	257	0
768	256	0	762	259	0
1024	256	0	1001	259	0
1280	256	0	1254	258	0
1536	256	0	1490	258	0
1792	256	0	1733	258	0
2048	256	0	1978	258	0
2303	256	0	2248	260	0
2559	256	0	2480	260	0
2815	256	0	2721	258	0
3071	256	0	2963	258	0
3327	256	0	3205	257	0
3583	256	0	3458	258	0
3839	256	0	3695	258	0
4095	256	0	3928	258	0
0	512	0	0	508	0
256	512	0	259	508	0
512	512	0	515	508	0
768	512	0	760	508	0
1024	512	0	998	507	0
1280	512	0	1258	507	0
1536	512	0	1492	506	0
1792	512	0	1738	507	0
2048	512	0	1980	506	0
2303	512	0	2244	506	0
2559	512	0	2473	505	0
2815	512	0	2726	505	0
3071	512	0	2961	503	0
3327	512	0	3211	504	0
3583	512	0	3452	502	0
3839	512	0	3694	503	0
4095	512	0	3930	503	0
0	768	0	0	761	0
256	768	0	259	763	0
512	768	0	516	762	0
768	768	0	762	762	0
1024	768	0	1001	761	0
1280	768	0	1260	761	0
1536	768	0	1490	756	0
1792	768	0	1734	756	0
2048	768	0	1984	759	0
2303	768	0	2246	758	0
2559	768	0	2478	757	0
2815	768	0	2722	754	0
3071	768	0	2965	754	0
3327	768	0	3217	755	0
3583	768	0	3463	754	0
3839	768	0	3698	752	0
4095	768	0	3934	753	0
0	1024	0	0	1012	0
256	1024	0	258	1011	0
512	1024	0	515	1010	0
768	1024	0	760	1009	0
1024	1024	0	1005	1012	0
1280	1024	0	1260	1008	0
1536	1024	0	1494	1006	0
1792	1024	0	1739	1006	0
2048	1024	0	1983	1005	0
2303	1024	0	2246	1004	0
2559	1024	0	2486	1008	0
2815	1024	0	2730	1003	0
3071	1024	0	2968	1000	0
3327	1024	0	3218	1001	0
3583	1024	0	3466	999	0
3839	1024	0	3714	1002	0
4095	1024	0	3929	996	0
0	1280	0	0	1268	0
256	1280	0	259	1270	0
512	1280	0	516	1269	0
768	1280	0	762	1268	0
1024	1280	0	1003	1266	0
1280	1280	0	1263	1266	0
1536	1280	0	1494	1261	0
1792	1280	0	1738	1260	0
2048	1280	0	1982	1259	0
2303	1280	0	2250	1261	0
2559	1280	0	2484	1261	0
2815	1280	0	2730	1256	0
3071	1280	0	2975	1257	0
3327	1280	0	3217	1252	0
3583	1280	0	3469	1253	0
3839	1280	0	3707	1251	0
4095	1280	0	3945	1253	0
0	1536	0	0	1517	0
256	1536	0	259	1517	0
512	1536	0	516	1515	0
768	1536	0	763	1514	0
1024	1536	0	1007	1517	0
1280	1536	0	1262	1510	0
1536	1536	0	1500	1509	0
1792	1536	0	1743	1508	0
2048	1536	0	1991	1509	0
2303	1536	0	2254	1507	0
2559	1536	0	2492	1509	0
2815	1536	0	2740	1505	0
3071	1536	0	2984	1505	0
3327	1536	0	3226	1499	0
3583	1536	0	3482	1502	0
3839	1536	0	3717	1498	0
4095	1536	0	3947	1496	0
0	1792	0	0	1770	0
256	1792	0	261	1769	0
512	1792	0	518	1766	0
768	1792	0	765	1763	0
1024	1792	0	1007	1764	0
1280	1792	0	1267	1762	0
1536	1792	0	1504	1759	0
1792	1792	0	1750	1760	0
2048	1792	0	1997	1760	0
2303	1792	0	2260	1757	0
2559	1792	0	2495	1756	0
2815	1792	0	2748	1755	0
3071	1792	0	2983	1747	0
3327	1792	0	3235	1749	0
3583	1792	0	3491	1751	0
3839	1792	0	3728	1747	0
4095	1792	0	3956	1744	0
0	2048	0	0	2022	0
256	2048	0	261	2019	0
512	2048	0	520	2017	0
768	2048	0	768	2014	0
1024	2048	0	1010	2013	0
1280	2048	0	1270	2011	0
1536	2048	0	1510	2010	0
1792	2048	0	1755	2008	0
2048	2048	0	2002	2007	0
2303	2048	0	2267	2005	0
2559	2048	0	2502	2005	0
2815	2048	0	2754	2003	0
3071	2048	0	2991	1996	0
3327	2048	0	3247	1998	0
3583	2048	0	3493	1994	0
3839	2048	0	3736	1994	0
4095	2048	0	3966	1992	0
0	2303	0	0	2283	0
256	2303	0	260	2280	0
512	2303	0	520	2280	0
768	2303	0	770	2282	0
1024	2303	0	1013	2280	0
1280	2303	0	1270	2271	0
1536	2303	0	1508	2268	0
1792	2303	0	1756	2269	0
2048	2303	0	2002	2267	0
2303	2303	0	2273	2271	0
2559	2303	0	2508	2270	0
2815	2303	0	2755	2263	0
3071	2303	0	2999	2261	0
3327	2303	0	3244	2252	0
3583	2303	0	3505	2257	0
3839	2303	0	3748	2257	0
4095	2303	0	3985	2257	0
0	2559	0	0	2539	0
256	2559	0	263	2543	0
512	2559	0	523	2540	0
768	2559	0	773	2537	0
1024	2559	0	1015	2534	0
1280	2559	0	1276	2530	0
1536	2559	0	1511	2521	0
1792	2559	0	1756	2519	0
2048	2559	0	2004	2517	0
2303	2559	0	2275	2520	0
2559	2559	0	2512	2520	0
2815	2559	0	2760	2512	0
3071	2559	0	3009	2514	0
3327	2559	0	3251	2503	0
3583	2559	0	3511	2508	0
3839	2559	0	3754	2507	0
4095	2559	0	3990	2507	0
0	2815	0	0	2792	0
256	2815	0	263	2789	0
512	2815	0	523	2786	0
768	2815	0	773	2783	0
1024	2815	0	1017	2786	0
1280	2815	0	1276	2776	0
1536	2815	0	1515	2772	0
1792	2815	0	1761	2771	0
2048	2815	0	2011	2770	0
2303	2815	0	2284	2775	0
2559	2815	0	2521	2774	0
2815	2815	0	2775	2770	0
3071	2815	0	3016	2763	0
3327	2815	0	3270	2764	0
3583	2815	0	3522	2761	0
3839	2815	0	3759	2754	0
4095	2815	0	3993	2753	0
0	3071	0	0	3045	0
256	3071	0	263	3045	0
512	3071	0	523	3039	0
768	3071	0	773	3034	0
1024	3071	0	1018	3039	0
1280	3071	0	1277	3027	0
1536	3071	0	1518	3026	0
1792	3071	0	1762	3020	0
2048	3071	0	2017	3028	0
2303	3071	0	2285	3025	0
2559	3071	0	2520	3023	0
2815	3071	0	2777	3020	0
3071	3071	0	3025	3020	0
3327	3071	0	3270	3011	0
3583	3071	0	3523	3010	0
3839	3071	0	3768	3009	0
4095	3071	0	4000	3006	0
0	3327	0	0	3302	0
256	3327	0	263	3298	0
512	3327	0	525	3296	0
768	3327	0	774	3290	0
1024	3327	0	1018	3288	0
1280	3327	0	1280	3284	0
1536	3327	0	1520	3281	0
1792	3327	0	1768	3278	0
2048	3327	0	2020	3280	0
2303	3327	0	2292	3284	0
2559	3327	0	2527	3281	0
2815	3327	0	2785	3279	0
3071	3327	0	3027	3271	0
3327	3327	0	3279	3269	0
3583	3327	0	3532	3267	0
3839	3327	0	3770	3259	0
4095	3327	0	4005	3259	0
0	3583	0	0	3551	0
256	3583	0	264	3554	0
512	3583	0	527	3550	0
768	3583	0	778	3546	0
1024	3583	0	1023	3544	0
1280	3583	0	1285	3537	0
1536	3583	0	1523	3528	0
1792	3583	0	1769	3524	0
2048	3583	0	2020	3523	0
2303	3583	0	2292	3526	0
2559	3583	0	2535	3533	0
2815	3583	0	2786	3522	0
3071	3583	0	3036	3523	0
3327	3583	0	3279	3509	0
3583	3583	0	3534	3510	0
3839	3583	0	3779	3508	0
4095	3583	0	4016	3508	0
0	3839	0	0	3803	0
256	3839	0	264	3800	0
512	3839	0	527	3796	0
768	3839	0	778	3792	0
1024	3839	0	1026	3797	0
1280	3839	0	1286	3785	0
1536	3839	0	1528	3783	0
1792	3839	0	1775	3778	0
2048	3839	0	2025	3775	0
2303	3839	0	2304	3789	0
2559	3839	0	2544	3790	0
2815	3839	0	2795	3776	0
3071	3839	0	3044	3775	0
3327	3839	0	3292	3766	0
3583	3839	0	3545	3763	0
3839	3839	0	3790	3760	0
4095	3839	0	4026	3760	1
0	4095	0	0	4052	0
256	4095	0	266	4048	0
512	4095	0	530	4044	0
768	4095	0	782	4038	0
1024	4095	0	1027	4036	0
1280	4095	0	1294	4039	0
1536	4095	0	1533	4028	0
1792	4095	0	1784	4031	0
2048	4095	0	2037	4030	0
2303	4095	0	2303	4022	0
2559	4095	0	2546	4027	0
2815	4095	0	2802	4021	0
3071	4095	0	3044	4009	0
3327	4095	0	3298	4007	0
3583	4095	0	3545	3996	0
3839	4095	0	3793	3997	0
4095	4095	0	4031	3998	0
0	0	256	0	0	230
256	0	256	259	0	231
512	0	256	514	1	232
768	0	256	762	1	233
1024	0	256	1000	2	233
1280	0	256	1259	2	233
1536	0	256	1489	2	232
1792	0	256	1730	2	232
2048	0	256	1973	2	231
2303	0	256	2242	3	232
2559	0	256	2476	3	232
2815	0	256	2723	3	231
3071	0	256	2964	3	231
3327	0	256	3206	4	230
3583	0	256	3453	4	230
3839	0	256	3695	4	230
4095	0	256	3937	4	232
0	256	256	0	255	231
256	256	256	260	257	232
512	256	256	517	259	232
768	256	256	763	259	233
1024	256	256	1001	259	233
1280	256	256	1261	259	233
1536	256	256	1492	258	232
1792	256	256	1735	258	232
2048	256	256	1982	258	232
2303	256	256	2249	259	232
2559	256	256	2484	259	232
2815	256	256	2732	258	232
3071	256	256	2974	258	231
3327	256	256	3214	257	230
3583	256	256	3462	257	230
3839	256	256	3709	258	230
4095	256	256	3943	258	232
0	512	256	0	508	236
256	512	256	258	508	237
512	512	256	514	508	236
768	512	256	760	508	236
1024	512	256	999	508	236
1280	512	256	1258	508	235
1536	512	256	1494	507	234
1792	512	256	1739	507	234
2048	512	256	1985	507	234
2303	512	256	2246	506	234
2559	512	256	2479	505	234
2815	512	256	2734	505	234
3071	512	256	2969	503	233
3327	512	256	3220	503	232
3583	512	256	3476	505	232
3839	512	256	3711	503	232
4095	512	256	3940	503	233
0	768	256	0	761	238
256	768	256	258	764	237
512	768	256	516	765	236
768	768	256	763	764	236
1024	768	256	1003	763	236
1280	768	256	1262	763	236
1536	768	256	1496	760	235
1792	768	256	1735	757	235
2048	768	256	1986	759	235
2303	768	256	2251	759	234
2559	768	256	2483	758	234
2815	768	256	2738	757	234
3071	768	256	2974	755	233
3327	768	256	3235	758	233
3583	768	256	3469	753	234
3839	768	256	3721	756	233
4095	768	256	3951	754	233
0	1024	256	0	1014	238
256	1024	256	258	1014	238
512	1024	256	515	1013	238
768	1024	256	762	1011	238
1024	1024	256	1005	1014	238
1280	1024	256	1260	1010	237
1536	1024	256	1496	1009	236
1792	1024	256	1741	1009	235
2048	1024	256	1986	1007	236
2303	1024	256	2256	1009	236
2559	1024	256	2491	1008	235
2815	1024	256	2740	1005	235
3071	1024	256	2981	1003	234
3327	1024	256	3226	1000	235
3583	1024	256	3481	1002	233
3839	1024	256	3717	1000	235
4095	1024	256	3957	1002	234
0	1280	256	0	1269	239
256	1280	256	257	1272	239
512	1280	256	516	1272	238
768	1280	256	763	1269	238
1024	1280	256	1004	1270	238
1280	1280	256	1264	1268	237
1536	1280	256	1499	1266	237
1792	1280	256	1739	1262	237
2048	1280	256	1991	1265	236
2303	1280	256	2256	1264	237
2559	1280	256	2492	1264	237
2815	1280	256	2746	1262	236
3071	1280	256	2990	1261	235
3327	1280	256	3240	1260	234
3583	1280	256	3478	1253	235
3839	1280	256	3725	1255	234
4095	1280	256	3961	1256	235
0	1536	256	0	1523	239
256	1536	256	258	1520	239
512	1536	256	516	1519	239
768	1536	256	764	1518	239
1024	1536	256	1007	1520	239
1280	1536	256	1265	1515	238
1536	1536	256	1501	1512	238
1792	1536	256	1745	1511	237
2048	1536	256	1992	1510	238
2303	1536	256	2263	1513	237
2559	1536	256	2498	1512	237
2815	1536	256	2745	1506	237
3071	1536	256	2990	1505	237
3327	1536	256	3243	1506	237
3583	1536	256	3495	1505	235
3839	1536	256	3737	1504	235
4095	1536	256	3968	1503	236
0	1792	256	0	1775	241
256	1792	256	258	1773	240
512	1792	256	517	1770	239
768	1792	256	765	1766	239
1024	1792	256	1009	1771	240
1280	1792	256	1267	1765	239
1536	1792	256	1505	1763	238
1792	1792	256	1753	1764	238
2048	1792	256	2000	1762	238
2303	1792	256	2264	1760	238
2559	1792	256	2500	1759	238
2815	1792	256	2754	1757	237
3071	1792	256	2991	1750	237
3327	1792	256	3250	1754	237
3583	1792	256	3504	1755	237
3839	1792	256	3740	1750	237
4095	1792	256	3971	1748	237
0	2048	256	0	2025	242
256	2048	256	259	2023	241
512	2048	256	519	2021	241
768	2048	256	768	2018	240
1024	2048	256	1013	2022	241
1280	2048	256	1272	2015	240
1536	2048	256	1510	2012	239
1792	2048	256	1757	2011	239
2048	2048	256	2006	2010	239
2303	2048	256	2271	2008	239
2559	2048	256	2507	2008	239
2815	2048	256	2770	2012	238
3071	2048	256	3007	2004	237
3327	2048	256	3260	2003	238
3583	2048	256	3504	1997	238
3839	2048	256	3748	1996	237
4095	2048	256	3981	1995	237
0	2303	256	0	2286	243
256	2303	256	258	2289	242
512	2303	256	519	2286	242
768	2303	256	769	2284	241
1024	2303	256	1011	2281	242
1280	2303	256	1273	2279	241
1536	2303	256	1507	2269	240
1792	2303	256	1754	2269	240
2048	2303	256	2002	2267	240
2303	2303	256	2274	2271	240
2559	2303	256	2516	2276	240
2815	2303	256	2760	2264	241
3071	2303	256	3012	2268	240
3327	2303	256	3257	2261	239
3583	2303	256	3512	2261	238
3839	2303	256	3756	2260	238
4095	2303	256	3988	2257	238
0	2559	256	0	2539	243
256	2559	256	262	2542	243
512	2559	256	522	2540	243
768	2559	256	772	2537	242
1024	2559	256	1016	2537	242
1280	2559	256	1276	2531	242
1536	2559	256	1515	2529	240
1792	2559	256	1759	2523	240
2048	2559	256	2013	2528	240
2303	2559	256	2284	2530	241
2559	2559	256	2521	2529	241
2815	2559	256	2772	2521	239
3071	2559	256	3018	2521	240
3327	2559	256	3273	2521	239
3583	2559	256	3516	2512	239
3839	2559	256	3761	2511	239
4095	2559	256	3995	2509	239
0	2815	256	0	2796	243
256	2815	256	263	2792	243
512	2815	256	523	2787	242
768	2815	256	773	2786	242
1024	2815	256	1019	2790	242
1280	2815	256	1278	2780	241
1536	2815	256	1516	2775	241
1792	2815	256	1768	2780	240
2048	2815	256	2018	2780	241
2303	2815	256	2282	2773	241
2559	2815	256	2524	2777	241
2815	2815	256	2781	2776	240
3071	2815	256	3020	2767	240
3327	2815	256	3273	2766	240
3583	2815	256	3526	2764	239
3839	2815	256	3770	2763	239
4095	2815	256	3995	2753	239
0	3071	256	0	3047	244
256	3071	256	264	3050	243
512	3071	256	523	3037	243
768	3071	256	776	3043	243
1024	3071	256	1020	3041	243
1280	3071	256	1281	3036	242
1536	3071	256	1517	3025	241
1792	3071	256	1765	3026	242
2048	3071	256	2013	3022	242
2303	3071	256	2285	3026	241
2559	3071	256	2526	3029	242
2815	3071	256	2779	3022	242
3071	3071	256	3029	3024	240
3327	3071	256	3271	3011	240
3583	3071	256	3526	3013	240
3839	3071	256	3771	3011	240
4095	3071	256	4005	3009	239
0	3327	256	0	3305	244
256	3327	256	263	3302	244
512	3327	256	524	3295	243
768	3327	256	776	3295	244
1024	3327	256	1023	3300	243
1280	3327	256	1282	3288	243
1536	3327	256	1521	3282	242
1792	3327	256	1774	3290	242
2048	3327	256	2023	3285	241
2303	3327	256	2289	3280	242
2559	3327	256	2525	3278	242
2815	3327	256	2788	3281	241
3071	3327	256	3027	3271	242
3327	3327	256	3281	3270	240
3583	3327	256	3534	3269	240
3839	3327	256	3770	3259	240
4095	3327	256	4004	3257	240
0	3583	256	0	3549	245
256	3583	256	264	3552	245
512	3583	256	526	3549	244
768	3583	256	778	3545	244
1024	3583	256	1023	3544	245
1280	3583	256	1284	3536	243
1536	3583	256	1524	3532	243
1792	3583	256	1769	3523	244
2048	3583	256	2024	3528	243
2303	3583	256	2298	3535	242
2559	3583	256	2536	3535	242
2815	3583	256	2786	3522	243
3071	3583	256	3035	3521	241
3327	3583	256	3281	3511	241
3583	3583	256	3536	3511	241
3839	3583	256	3780	3509	240
4095	3583	256	4016	3508	240
0	3839	256	0	3803	245
256	3839	256	264	3800	245
512	3839	256	526	3795	245
768	3839	256	780	3799	245
1024	3839	256	1025	3796	245
1280	3839	256	1286	3785	244
1536	3839	256	1531	3788	244
1792	3839	256	1774	3777	242
2048	3839	256	2030	3783	243
2303	3839	256	2306	3792	244
2559	3839	256	2544	3788	244
2815	3839	256	2794	3775	243
3071	3839	256	3042	3772	243
3327	3839	256	3289	3762	241
3583	3839	256	3545	3763	241
3839	3839	256	3790	3761	241
4095	3839	256	4029	3763	242
0	4095	256	0	4054	246
256	4095	256	265	4047	246
512	4095	256	529	4044	245
768	4095	256	783	4044	246
1024	4095	256	1030	4045	246
1280	4095	256	1291	4032	244
1536	4095	256	1537	4038	245
1792	4095	256	1783	4028	244
2048	4095	256	2037	4028	245
2303	4095	256	2310	4032	245
2559	4095	256	2548	4028	245
2815	4095	256	2806	4025	244
3071	4095	256	3048	4014	243
3327	4095	256	3301	4010	242
3583	4095	256	3555	4008	243
3839	4095	256	3795	3999	243
4095	4095	256	4034	4000	243
0	0	512	0	0	463
256	0	512	260	0	463
512	0	512	515	1	462
768	0	512	760	1	462
1024	0	512	1002	2	464
1280	0	512	1256	2	461
1536	0	512	1491	2	461
1792	0	512	1732	2	461
2048	0	512	1977	2	460
2303	0	512	2241	3	460
2559	0	512	2475	3	460
2815	0	512	2727	3	459
3071	0	512	2964	3	458
3327	0	512	3212	4	457
3583	0	512	3460	4	457
3839	0	512	3702	4	457
4095	0	512	3936	4	458
0	256	512	0	256	464
256	256	512	259	257	464
512	256	512	516	258	463
768	256	512	761	258	463
1024	256	512	1002	259	464
1280	256	512	1259	259	462
1536	256	512	1494	258	462
1792	256	512	1736	258	461
2048	256	512	1980	258	460
2303	256	512	2246	258	460
2559	256	512	2478	258	460
2815	256	512	2734	258	460
3071	256	512	2970	257	458
3327	256	512	3223	258	458
3583	256	512	3473	258	457
3839	256	512	3709	257	457
4095	256	512	3941	257	458
0	512	512	0	507	468
256	512	512	258	509	467
512	512	512	515	509	466
768	512	512	761	509	465
1024	512	512	1000	508	466
1280	512	512	1260	508	464
1536	512	512	1493	506	463
1792	512	512	1735	506	463
2048	512	512	1981	506	462
2303	512	512	2248	507	462
2559	512	512	2484	507	462
2815	512	512	2732	505	461
3071	512	512	2974	504	459
3327	512	512	3218	503	460
3583	512	512	3475	504	460
3839	512	512	3716	504	459
4095	512	512	3949	504	459
0	768	512	0	764	468
256	768	512	258	763	468
512	768	512	515	764	467
768	768	512	761	762	466
1024	768	512	1004	764	466
1280	768	512	1260	761	465
1536	768	512	1497	760	464
1792	768	512	1738	759	463
2048	768	512	1985	759	463
2303	768	512	2256	761	464
2559	768	512	2489	760	464
2815	768	512	2737	757	462
3071	768	512	2980	756	461
3327	768	512	3227	755	459
3583	768	512	3479	755	461
3839	768	512	3725	756	461
4095	768	512	3957	755	461
0	1024	512	0	1017	470
256	1024	512	258	1015	469
512	1024	512	515	1014	468
768	1024	512	763	1014	467
1024	1024	512	1004	1015	468
1280	1024	512	1263	1012	466
1536	1024	512	1499	1011	466
1792	1024	512	1742	1010	465
2048	1024	512	1987	1008	465
2303	1024	512	2254	1009	466
2559	1024	512	2487	1007	465
2815	1024	512	2747	1009	464
3071	1024	512	2988	1007	463
3327	1024	512	3238	1005	462
3583	1024	512	3476	1000	462
3839	1024	512	3724	1002	462
4095	1024	512	3959	1002	462
0	1280	512	0	1272	472
256	1280	512	257	1271	470
512	1280	512	514	1271	469
768	1280	512	761	1269	469
1024	1280	512	1005	1272	469
1280	1280	512	1263	1267	468
1536	1280	512	1499	1266	467
1792	1280	512	1742	1265	467
2048	1280	512	1990	1264	466
2303	1280	512	2261	1267	466
2559	1280	512	2495	1266	465
2815	1280	512	2744	1261	466
3071	1280	512	2989	1261	465
3327	1280	512	3233	1256	464
3583	1280	512	3488	1258	462
3839	1280	512	3732	1258	463
4095	1280	512	3967	1258	463
0	1536	512	0	1524	472
256	1536	512	258	1522	471
512	1536	512	515	1520	470
768	1536	512	764	1520	469
1024	1536	512	1005	1518	471
1280	1536	512	1266	1516	468
1536	1536	512	1504	1515	468
1792	1536	512	1747	1513	467
2048	1536	512	1999	1516	467
2303	1536	512	2261	1512	468
2559	1536	512	2494	1510	468
2815	1536	512	2751	1510	466
3071	1536	512	2994	1508	466
3327	1536	512	3247	1507	464
3583	1536	512	3492	1504	465
3839	1536	512	3735	1503	465
4095	1536	512	3970	1503	465
0	1792	512	0	1774	474
256	1792	512	258	1776	473
512	1792	512	517	1773	472
768	1792	512	766	1770	472
1024	1792	512	1008	1770	471
1280	1792	512	1268	1767	470
1536	1792	512	1504	1762	470
1792	1792	512	1749	1761	469
2048	1792	512	2002	1764	470
2303	1792	512	2269	1764	468
2559	1792	512	2504	1763	468
2815	1792	512	2758	1760	468
3071	1792	512	3004	1759	467
3327	1792	512	3249	1754	467
3583	1792	512	3499	1752	466
3839	1792	512	3742	1751	465
4095	1792	512	3976	1750	466
0	2048	512	0	2023	475
256	2048	512	259	2026	475
512	2048	512	518	2022	474
768	2048	512	768	2020	473
1024	2048	512	1011	2019	473
1280	2048	512	1272	2016	472
1536	2048	512	1508	2010	470
1792	2048	512	1754	2009	470
2048	2048	512	2002	2007	471
2303	2048	512	2274	2011	471
2559	2048	512	2509	2010	471
2815	2048	512	2760	2004	470
3071	2048	512	3004	2001	470
3327	2048	512	3256	2000	468
3583	2048	512	3506	1998	467
3839	2048	512	3752	1998	467
4095	2048	512	3988	1998	467
0	2303	512	0	2288	477
256	2303	512	258	2288	477
512	2303	512	518	2286	476
768	2303	512	768	2282	475
1024	2303	512	1013	2286	475
1280	2303	512	1273	2279	474
1536	2303	512	1512	2276	472
1792	2303	512	1757	2273	472
2048	2303	512	2010	2276	472
2303	2303	512	2274	2271	472
2559	2303	512	2511	2271	472
2815	2303	512	2769	2272	470
3071	2303	512	3012	2268	470
3327	2303	512	3265	2267	470
3583	2303	512	3515	2264	469
3839	2303	512	3760	2263	469
4095	2303	512	3987	2257	469
0	2559	512	0	2544	478
256	2559	512	262	2543	477
512	2559	512	522	2541	476
768	2559	512	772	2537	475
1024	2559	512	1017	2540	477
1280	2559	512	1277	2531	475
1536	2559	512	1515	2528	474
1792	2559	512	1765	2531	474
2048	2559	512	2015	2530	474
2303	2559	512	2283	2529	473
2559	2559	512	2518	2526	473
2815	2559	512	2775	2525	473
3071	2559	512	3020	2522	472
3327	2559	512	3267	2516	471
3583	2559	512	3521	2516	471
3839	2559	512	3766	2514	471
4095	2559	512	3999	2512	470
0	2815	512	0	2791	478
256	2815	512	263	2794	478
512	2815	512	524	2791	477
768	2815	512	774	2787	476
1024	2815	512	1019	2790	477
1280	2815	512	1280	2783	475
1536	2815	512	1518	2778	474
1792	2815	512	1763	2774	475
2048	2815	512	2017	2778	474
2303	2815	512	2289	2782	475
2559	2815	512	2525	2779	474
2815	2815	512	2780	2775	473
3071	2815	512	3025	2771	473
3327	2815	512	3277	2769	471
3583	2815	512	3524	2762	471
3839	2815	512	3768	2760	471
4095	2815	512	4004	2760	471
0	3071	512	0	3051	479
256	3071	512	263	3050	479
512	3071	512	524	3045	478
768	3071	512	775	3042	477
1024	3071	512	1020	3044	478
1280	3071	512	1280	3033	476
1536	3071	512	1524	3037	475
1792	3071	512	1771	3035	474
2048	3071	512	2020	3031	475
2303	3071	512	2290	3032	476
2559	3071	512	2527	3031	476
2815	3071	512	2784	3028	474
3071	3071	512	3026	3021	474
3327	3071	512	3278	3018	473
3583	3071	512	3529	3015	472
3839	3071	512	3770	3010	471
4095	3071	512	4004	3008	472
0	3327	512	0	3303	480
256	3327	512	264	3308	480
512	3327	512	525	3303	479
768	3327	512	776	3297	478
1024	3327	512	1022	3297	479
1280	3327	512	1284	3292	476
1536	3327	512	1524	3287	478
1792	3327	512	1770	3283	477
2048	3327	512	2019	3280	476
2303	3327	512	2294	3287	477
2559	3327	512	2532	3287	476
2815	3327	512	2789	3283	476
3071	3327	512	3033	3277	474
3327	3327	512	3282	3270	473
3583	3327	512	3533	3268	473
3839	3327	512	3778	3265	472
4095	3327	512	4013	3264	472
0	3583	512	0	3557	481
256	3583	512	264	3555	482
512	3583	512	526	3550	481
768	3583	512	777	3544	479
1024	3583	512	1026	3554	480
1280	3583	512	1287	3542	479
1536	3583	512	1525	3532	478
1792	3583	512	1775	3534	477
2048	3583	512	2026	3533	476
2303	3583	512	2297	3534	478
2559	3583	512	2539	3538	478
2815	3583	512	2789	3526	477
3071	3583	512	3032	3518	476
3327	3583	512	3284	3515	474
3583	3583	512	3538	3513	474
3839	3583	512	3786	3514	474
4095	3583	512	4015	3507	474
0	3839	512	0	3809	484
256	3839	512	264	3803	482
512	3839	512	526	3798	481
768	3839	512	779	3797	480
1024	3839	512	1026	3800	483
1280	3839	512	1290	3794	480
1536	3839	512	1530	3787	478
1792	3839	512	1781	3788	479
2048	3839	512	2034	3790	479
2303	3839	512	2303	3787	479
2559	3839	512	2541	3784	480
2815	3839	512	2798	3779	478
3071	3839	512	3040	3770	476
3327	3839	512	3292	3766	475
3583	3839	512	3551	3769	475
3839	3839	512	3789	3760	475
4095	3839	512	4026	3760	474
0	4095	512	0	4050	485
256	4095	512	265	4050	483
512	4095	512	529	4046	482
768	4095	512	782	4044	482
1024	4095	512	1031	4049	483
1280	4095	512	1295	4042	482
1536	4095	512	1535	4033	481
1792	4095	512	1783	4028	481
2048	4095	512	2034	4024	481
2303	4095	512	2307	4028	481
2559	4095	512	2546	4026	480
2815	4095	512	2802	4019	480
3071	4095	512	3048	4013	478
3327	4095	512	3298	4006	477
3583	4095	512	3553	4004	478
3839	4095	512	3795	3999	476
4095	4095	512	4040	4007	477
0	0	768	0	0	690
256	0	768	260	1	689
512	0	768	515	1	688
768	0	768	760	1	687
1024	0	768	1002	2	689
1280	0	768	1256	2	685
1536	0	768	1492	2	685
1792	0	768	1735	2	685
2048	0	768	1980	2	684
2303	0	768	2247	3	685
2559	0	768	2482	3	686
2815	0	768	2735	3	685
3071	0	768	2978	3	684
3327	0	768	3220	4	681
3583	0	768	3464	4	680
3839	0	768	3713	4	682
4095	0	768	3940	4	681
0	256	768	0	256	691
256	256	768	259	257	690
512	256	768	516	259	689
768	256	768	764	259	688
1024	256	768	1004	260	690
1280	256	768	1258	259	686
1536	256	768	1496	259	686
1792	256	768	1737	258	685
2048	256	768	1983	259	685
2303	256	768	2251	259	686
2559	256	768	2485	259	686
2815	256	768	2736	259	685
3071	256	768	2975	258	684
3327	256	768	3224	258	682
3583	256	768	3479	259	681
3839	256	768	3712	258	682
4095	256	768	3954	259	682
0	512	768	0	509	694
256	512	768	259	510	693
512	512	768	515	510	692
768	512	768	762	510	692
1024	512	768	1001	509	692
1280	512	768	1261	509	688
1536	512	768	1496	508	688
1792	512	768	1741	508	687
2048	512	768	1987	507	687
2303	512	768	2254	508	688
2559	512	768	2487	508	687
2815	512	768	2745	508	686
3071	512	768	2983	506	684
3327	512	768	3232	506	683
3583	512	768	3472	503	683
3839	512	768	3719	505	682
4095	512	768	3951	504	684
0	768	768	0	765	696
256	768	768	258	766	695
512	768	768	516	765	694
768	768	768	764	765	693
1024	768	768	1004	765	692
1280	768	768	1265	764	691
1536	768	768	1497	760	690
1792	768	768	1743	761	690
2048	768	768	1991	762	689
2303	768	768	2260	763	690
2559	768	768	2493	761	689
2815	768	768	2744	760	689
3071	768	768	2989	760	687
3327	768	768	3239	759	687
3583	768	768	3485	757	683
3839	768	768	3730	758	685
4095	768	768	3962	757	684
0	1024	768	0	1018	697
256	1024	768	258	1017	697
512	1024	768	515	1015	695
768	1024	768	764	1015	695
1024	1024	768	1007	1017	695
1280	1024	768	1264	1014	694
1536	1024	768	1501	1012	691
1792	1024	768	1746	1012	691
2048	1024	768	1993	1011	691
2303	1024	768	2259	1011	692
2559	1024	768	2501	1014	692
2815	1024	768	2747	1009	690
3071	1024	768	2992	1008	689
3327	1024	768	3243	1007	689
3583	1024	768	3490	1005	687
3839	1024	768	3736	1006	688
4095	1024	768	3962	1003	687
0	1280	768	0	1274	699
256	1280	768	257	1275	698
512	1280	768	516	1274	696
768	1280	768	764	1273	696
1024	1280	768	1006	1273	697
1280	1280	768	1266	1271	694
1536	1280	768	1499	1266	693
1792	1280	768	1744	1266	693
2048	1280	768	1993	1266	692
2303	1280	768	2261	1267	692
2559	1280	768	2496	1266	694
2815	1280	768	2747	1263	691
3071	1280	768	2994	1263	691
3327	1280	768	3238	1259	689
3583	1280	768	3492	1259	689
3839	1280	768	3735	1259	689
4095	1280	768	3968	1258	688
0	1536	768	0	1525	700
256	1536	768	258	1524	700
512	1536	768	516	1522	699
768	1536	768	764	1519	697
1024	1536	768	1008	1523	698
1280	1536	768	1266	1517	696
1536	1536	768	1504	1515	693
1792	1536	768	1749	1515	693
2048	1536	768	1998	1515	694
2303	1536	768	2265	1515	694
2559	1536	768	2505	1517	694
2815	1536	768	2757	1514	693
3071	1536	768	3002	1512	692
3327	1536	768	3248	1508	690
3583	1536	768	3498	1507	690
3839	1536	768	3740	1505	690
4095	1536	768	3973	1504	690
0	1792	768	0	1777	702
256	1792	768	258	1777	701
512	1792	768	518	1775	700
768	1792	768	766	1771	698
1024	1792	768	1008	1771	700
1280	1792	768	1268	1768	697
1536	1792	768	1510	1769	697
1792	1792	768	1753	1765	696
2048	1792	768	2003	1765	696
2303	1792	768	2272	1767	696
2559	1792	768	2509	1766	698
2815	1792	768	2765	1765	696
3071	1792	768	3004	1759	695
3327	1792	768	3253	1757	693
3583	1792	768	3506	1756	692
3839	1792	768	3745	1752	691
4095	1792	768	3979	1752	691
0	2048	768	0	2027	705
256	2048	768	259	2027	704
512	2048	768	518	2024	703
768	2048	768	769	2022	701
1024	2048	768	1010	2019	701
1280	2048	768	1271	2016	699
1536	2048	768	1509	2012	700
1792	2048	768	1761	2016	699
2048	2048	768	2011	2016	699
2303	2048	768	2275	2012	699
2559	2048	768	2510	2010	699
2815	2048	768	2769	2011	699
3071	2048	768	3011	2006	696
3327	2048	768	3261	2004	695
3583	2048	768	3508	1999	695
3839	2048	768	3754	2000	693
4095	2048	768	3991	2000	694
0	2303	768	0	2291	707
256	2303	768	258	2289	706
512	2303	768	518	2286	705
768	2303	768	769	2287	704
1024	2303	768	1013	2287	703
1280	2303	768	1273	2281	702
1536	2303	768	1516	2282	701
1792	2303	768	1759	2276	702
2048	2303	768	2010	2276	702
2303	2303	768	2283	2280	701
2559	2303	768	2519	2279	701
2815	2303	768	2773	2275	701
3071	2303	768	3016	2272	699
3327	2303	768	3265	2267	698
3583	2303	768	3516	2265	696
3839	2303	768	3763	2265	696
4095	2303	768	3994	2261	697
0	2559	768	0	2544	708
256	2559	768	262	2548	707
512	2559	768	523	2545	706
768	2559	768	773	2542	706
1024	2559	768	1017	2541	706
1280	2559	768	1279	2536	704
1536	2559	768	1517	2532	704
1792	2559	768	1764	2530	702
2048	2559	768	2016	2531	702
2303	2559	768	2288	2534	704
2559	2559	768	2524	2532	704
2815	2559	768	2775	2525	702
3071	2559	768	3022	2524	701
3327	2559	768	3267	2516	698
3583	2559	768	3520	2515	698
3839	2559	768	3767	2515	698
4095	2559	768	4001	2513	698
0	2815	768	0	2796	708
256	2815	768	263	2797	709
512	2815	768	524	2792	708
768	2815	768	774	2789	706
1024	2815	768	1022	2797	707
1280	2815	768	1282	2789	705
1536	2815	768	1520	2781	703
1792	2815	768	1770	2783	703
2048	2815	768	2021	2783	704
2303	2815	768	2290	2783	704
2559	2815	768	2527	2781	704
2815	2815	768	2781	2776	701
3071	2815	768	3026	2772	701
3327	2815	768	3277	2769	699
3583	2815	768	3528	2766	698
3839	2815	768	3767	2760	698
4095	2815	768	4002	2758	698
0	3071	768	0	3050	710
256	3071	768	262	3048	709
512	3071	768	523	3044	708
768	3071	768	774	3041	707
1024	3071	768	1020	3045	709
1280	3071	768	1280	3035	706
1536	3071	768	1524	3039	705
1792	3071	768	1770	3032	705
2048	3071	768	2020	3031	705
2303	3071	768	2295	3038	706
2559	3071	768	2533	3037	706
2815	3071	768	2784	3028	703
3071	3071	768	3032	3026	702
3327	3071	768	3279	3018	701
3583	3071	768	3532	3018	701
3839	3071	768	3773	3012	699
4095	3071	768	4009	3012	699
0	3327	768	0	3308	711
256	3327	768	263	3308	710
512	3327	768	525	3303	709
768	3327	768	776	3298	708
1024	3327	768	1022	3300	709
1280	3327	768	1286	3297	707
1536	3327	768	1525	3290	707
1792	3327	768	1775	3291	706
2048	3327	768	2025	3289	706
2303	3327	768	2296	3290	708
2559	3327	768	2535	3290	708
2815	3327	768	2790	3285	705
3071	3327	768	3033	3276	704
3327	3327	768	3286	3274	702
3583	3327	768	3538	3272	702
3839	3327	768	3779	3266	701
4095	3327	768	4015	3266	701
0	3583	768	0	3556	713
256	3583	768	264	3559	713
512	3583	768	526	3553	712
768	3583	768	778	3549	710
1024	3583	768	1027	3557	712
1280	3583	768	1291	3552	711
1536	3583	768	1529	3541	708
1792	3583	768	1778	3539	709
2048	3583	768	2028	3536	708
2303	3583	768	2302	3541	709
2559	3583	768	2540	3538	709
2815	3583	768	2793	3530	707
3071	3583	768	3039	3525	705
3327	3583	768	3289	3519	704
3583	3583	768	3541	3516	703
3839	3583	768	3788	3515	702
4095	3583	768	4021	3512	702
0	3839	768	0	3811	715
256	3839	768	264	3807	715
512	3839	768	527	3802	713
768	3839	768	779	3797	712
1024	3839	768	1029	3810	715
1280	3839	768	1292	3799	713
1536	3839	768	1532	3793	711
1792	3839	768	1783	3793	711
2048	3839	768	2034	3790	710
2303	3839	768	2307	3794	712
2559	3839	768	2547	3792	711
2815	3839	768	2800	3783	709
3071	3839	768	3046	3778	708
3327	3839	768	3296	3771	706
3583	3839	768	3552	3770	705
3839	3839	768	3795	3766	705
4095	3839	768	4037	3771	705
0	4095	768	0	4061	718
256	4095	768	265	4052	716
512	4095	768	530	4053	715
768	4095	768	784	4051	714
1024	4095	768	1030	4046	717
1280	4095	768	1296	4045	714
1536	4095	768	1537	4038	713
1792	4095	768	1790	4039	714
2048	4095	768	2039	4033	713
2303	4095	768	2311	4035	714
2559	4095	768	2550	4031	713
2815	4095	768	2808	4027	712
3071	4095	768	3052	4018	710
3327	4095	768	3305	4014	709
3583	4095	768	3554	4005	708
3839	4095	768	3804	4009	708
4095	4095	768	4042	4010	709
0	0	1024	0	0	916
256	0	1024	261	1	915
512	0	1024	516	1	913
768	0	1024	762	1	912
1024	0	1024	1004	2	915
1280	0	1024	1259	2	910
1536	0	1024	1495	2	909
1792	0	1024	1738	2	909
2048	0	1024	1984	3	908
2303	0	1024	2250	3	908
2559	0	1024	2488	3	910
2815	0	1024	2739	3	908
3071	0	1024	2982	3	907
3327	0	1024	3229	4	906
3583	0	1024	3476	4	905
3839	0	1024	3715	4	903
4095	0	1024	3945	4	903
0	256	1024	0	256	917
256	256	1024	260	258	916
512	256	1024	517	260	914
768	256	1024	764	260	913
1024	256	1024	1005	260	915
1280	256	1024	1260	259	910
1536	256	1024	1498	260	910
1792	256	1024	1741	259	909
2048	256	1024	1988	260	909
2303	256	1024	2255	260	909
2559	256	1024	2488	260	910
2815	256	1024	2740	259	908
3071	256	1024	2983	259	907
3327	256	1024	3231	259	906
3583	256	1024	3485	260	906
3839	256	1024	3725	259	904
4095	256	1024	3956	259	904
0	512	1024	0	510	920
256	512	1024	259	511	918
512	512	1024	517	512	917
768	512	1024	764	511	916
1024	512	1024	1003	511	917
1280	512	1024	1264	511	913
1536	512	1024	1497	509	912
1792	512	1024	1741	508	911
2048	512	1024	1987	507	911
2303	512	1024	2258	509	912
2559	512	1024	2495	510	912
2815	512	1024	2746	509	910
3071	512	1024	2988	508	909
3327	512	1024	3237	507	908
3583	512	1024	3482	506	907
3839	512	1024	3728	506	907
4095	512	1024	3957	505	906
0	768	1024	0	766	921
256	768	1024	258	766	920
512	768	1024	516	765	919
768	768	1024	763	765	918
1024	768	1024	1006	766	918
1280	768	1024	1263	764	916
1536	768	1024	1499	762	913
1792	768	1024	1744	762	913
2048	768	1024	1992	762	912
2303	768	1024	2267	765	915
2559	768	1024	2501	765	916
2815	768	1024	2751	762	913
3071	768	1024	2996	762	912
3327	768	1024	3242	760	910
3583	768	1024	3490	759	908
3839	768	1024	3736	759	909
4095	768	1024	3966	758	908
0	1024	1024	0	1019	923
256	1024	1024	259	1019	922
512	1024	1024	516	1017	920
768	1024	1024	764	1016	919
1024	1024	1024	1006	1016	920
1280	1024	1024	1265	1015	917
1536	1024	1024	1503	1014	916
1792	1024	1024	1747	1013	916
2048	1024	1024	1995	1012	915
2303	1024	1024	2262	1012	918
2559	1024	1024	2500	1013	918
2815	1024	1024	2750	1010	915
3071	1024	1024	2991	1007	914
3327	1024	1024	3247	1009	913
3583	1024	1024	3495	1007	911
3839	1024	1024	3737	1006	911
4095	1024	1024	3969	1005	911
0	1280	1024	0	1276	926
256	1280	1024	258	1277	924
512	1280	1024	516	1275	922
768	1280	1024	764	1274	921
1024	1280	1024	1007	1275	922
1280	1280	1024	1266	1271	919
1536	1280	1024	1505	1271	919
1792	1280	1024	1748	1269	918
2048	1280	1024	1996	1268	917
2303	1280	1024	2269	1272	918
2559	1280	1024	2505	1271	919
2815	1280	1024	2755	1267	916
3071	1280	1024	3002	1267	915
3327	1280	1024	3246	1263	915
3583	1280	1024	3497	1262	913
3839	1280	1024	3741	1261	913
4095	1280	1024	3973	1260	912
0	1536	1024	0	1528	927
256	1536	1024	258	1526	926
512	1536	1024	517	1524	924
768	1536	1024	765	1522	923
1024	1536	1024	1007	1523	924
1280	1536	1024	1268	1520	921
1536	1536	1024	1506	1518	921
1792	1536	1024	1752	1517	919
2048	1536	1024	1999	1516	919
2303	1536	1024	2272	1520	922
2559	1536	1024	2508	1519	922
2815	1536	1024	2761	1516	919
3071	1536	1024	3003	1513	919
3327	1536	1024	3253	1511	916
3583	1536	1024	3505	1510	915
3839	1536	1024	3741	1506	914
4095	1536	1024	3976	1505	914
0	1792	1024	0	1778	930
256	1792	1024	258	1778	928
512	1792	1024	518	1776	927
768	1792	1024	767	1774	926
1024	1792	1024	1010	1774	926
1280	1792	1024	1271	1771	924
1536	1792	1024	1507	1767	922
1792	1792	1024	1752	1764	921
2048	1792	1024	2006	1768	922
2303	1792	1024	2277	1771	924
2559	1792	1024	2514	1770	924
2815	1792	1024	2766	1766	922
3071	1792	1024	3009	1763	920
3327	1792	1024	3261	1761	919
3583	1792	1024	3508	1757	918
3839	1792	1024	3749	1755	915
4095	1792	1024	3984	1755	915
0	2048	1024	0	2029	932
256	2048	1024	259	2030	932
512	2048	1024	519	2027	930
768	2048	1024	770	2026	930
1024	2048	1024	1012	2023	929
1280	2048	1024	1274	2021	927
1536	2048	1024	1513	2017	925
1792	2048	1024	1760	2016	924
2048	2048	1024	2012	2018	926
2303	2048	1024	2281	2018	927
2559	2048	1024	2517	2016	927
2815	2048	1024	2772	2014	925
3071	2048	1024	3015	2010	923
3327	2048	1024	3264	2006	922
3583	2048	1024	3513	2003	919
3839	2048	1024	3759	2003	919
4095	2048	1024	3994	2002	919
0	2303	1024	0	2293	935
256	2303	1024	257	2291	935
512	2303	1024	518	2289	933
768	2303	1024	769	2288	933
1024	2303	1024	1014	2290	932
1280	2303	1024	1273	2282	930
1536	2303	1024	1518	2286	930
1792	2303	1024	1761	2279	928
2048	2303	1024	2010	2277	928
2303	2303	1024	2284	2282	929
2559	2303	1024	2521	2281	929
2815	2303	1024	2776	2278	927
3071	2303	1024	3017	2272	926
3327	2303	1024	3268	2270	924
3583	2303	1024	3520	2268	922
3839	2303	1024	3766	2267	923
4095	2303	1024	3996	2263	922
0	2559	1024	0	2550	937
256	2559	1024	262	2548	935
512	2559	1024	523	2546	934
768	2559	1024	773	2543	933
1024	2559	1024	1019	2545	935
1280	2559	1024	1279	2537	931
1536	2559	1024	1521	2538	933
1792	2559	1024	1765	2531	929
2048	2559	1024	2015	2530	928
2303	2559	1024	2292	2539	932
2559	2559	1024	2529	2537	931
2815	2559	1024	2781	2530	929
3071	2559	1024	3028	2528	927
3327	2559	1024	3272	2519	925
3583	2559	1024	3525	2519	925
3839	2559	1024	3771	2518	925
4095	2559	1024	4004	2516	923
0	2815	1024	0	2797	938
256	2815	1024	262	2800	937
512	2815	1024	524	2797	936
768	2815	1024	775	2793	935
1024	2815	1024	1021	2795	936
1280	2815	1024	1284	2793	933
1536	2815	1024	1524	2789	933
1792	2815	1024	1771	2786	931
2048	2815	1024	2025	2788	931
2303	2815	1024	2293	2786	933
2559	2815	1024	2531	2785	933
2815	2815	1024	2785	2779	930
3071	2815	1024	3029	2774	929
3327	2815	1024	3282	2773	926
3583	2815	1024	3530	2767	925
3839	2815	1024	3772	2763	925
4095	2815	1024	4006	2761	924
0	3071	1024	0	3053	939
256	3071	1024	262	3051	939
512	3071	1024	524	3048	938
768	3071	1024	775	3044	936
1024	3071	1024	1023	3053	938
1280	3071	1024	1284	3043	936
1536	3071	1024	1526	3042	935
1792	3071	1024	1772	3037	934
2048	3071	1024	2023	3036	935
2303	3071	1024	2295	3039	934
2559	3071	1024	2533	3037	934
2815	3071	1024	2786	3029	931
3071	3071	1024	3032	3026	930
3327	3071	1024	3282	3021	929
3583	3071	1024	3536	3020	927
3839	3071	1024	3774	3014	925
4095	3071	1024	4010	3013	925
0	3327	1024	0	3308	941
256	3327	1024	263	3310	940
512	3327	1024	526	3306	939
768	3327	1024	777	3303	937
1024	3327	1024	1024	3307	941
1280	3327	1024	1289	3304	938
1536	3327	1024	1526	3294	936
1792	3327	1024	1776	3293	935
2048	3327	1024	2031	3298	936
2303	3327	1024	2299	3295	936
2559	3327	1024	2537	3292	935
2815	3327	1024	2791	3285	933
3071	3327	1024	3037	3280	931
3327	3327	1024	3288	3276	929
3583	3327	1024	3540	3273	929
3839	3327	1024	3783	3270	927
4095	3327	1024	4024	3274	928
0	3583	1024	0	3565	944
256	3583	1024	264	3561	944
512	3583	1024	528	3560	943
768	3583	1024	780	3556	941
1024	3583	1024	1027	3558	943
1280	3583	1024	1292	3554	942
1536	3583	1024	1532	3548	938
1792	3583	1024	1781	3543	938
2048	3583	1024	2032	3542	939
2303	3583	1024	2302	3541	938
2559	3583	1024	2545	3544	938
2815	3583	1024	2797	3534	935
3071	3583	1024	3040	3526	933
3327	3583	1024	3292	3523	932
3583	3583	1024	3545	3519	931
3839	3583	1024	3796	3523	931
4095	3583	1024	4024	3515	931
0	3839	1024	0	3821	949
256	3839	1024	264	3810	946
512	3839	1024	529	3814	946
768	3839	1024	781	3806	944
1024	3839	1024	1028	3806	945
1280	3839	1024	1293	3804	944
1536	3839	1024	1535	3799	942
1792	3839	1024	1786	3798	941
2048	3839	1024	2037	3795	940
2303	3839	1024	2310	3797	940
2559	3839	1024	2549	3795	941
2815	3839	1024	2805	3789	939
3071	3839	1024	3050	3782	936
3327	3839	1024	3302	3778	935
3583	3839	1024	3558	3776	934
3839	3839	1024	3804	3775	935
4095	3839	1024	4037	3771	933
0	4095	1024	0	4068	952
256	4095	1024	266	4064	949
512	4095	1024	531	4064	950
768	4095	1024	786	4060	948
1024	4095	1024	1032	4053	947
1280	4095	1024	1298	4051	946
1536	4095	1024	1539	4041	944
1792	4095	1024	1790	4041	944
2048	4095	1024	2041	4036	943
2303	4095	1024	2316	4041	944
2559	4095	1024	2555	4038	944
2815	4095	1024	2810	4030	942
3071	4095	1024	3056	4023	940
3327	4095	1024	3312	4023	939
3583	4095	1024	3560	4012	938
3839	4095	1024	3813	4019	938
4095	4095	1024	4044	4012	937
0	0	1280	0	0	1147
256	0	1280	261	1	1144
512	0	1280	517	1	1142
768	0	1280	763	2	1142
1024	0	1280	1004	2	1145
1280	0	1280	1259	2	1139
1536	0	1280	1496	2	1139
1792	0	1280	1738	2	1137
2048	0	1280	1984	3	1137
2303	0	1280	2249	3	1136
2559	0	1280	2484	3	1137
2815	0	1280	2737	3	1136
3071	0	1280	2975	4	1132
3327	0	1280	3230	4	1134
3583	0	1280	3479	4	1133
3839	0	1280	3717	4	1131
4095	0	1280	3944	4	1129
0	256	1280	0	257	1148
256	256	1280	259	258	1145
512	256	1280	516	259	1144
768	256	1280	762	259	1143
1024	256	1280	1005	261	1146
1280	256	1280	1260	260	1140
1536	256	1280	1498	260	1140
1792	256	1280	1742	260	1139
2048	256	1280	1988	260	1138
2303	256	1280	2257	261	1138
2559	256	1280	2493	261	1139
2815	256	1280	2745	260	1138
3071	256	1280	2983	260	1134
3327	256	1280	3235	260	1135
3583	256	1280	3484	260	1134
3839	256	1280	3730	260	1134
4095	256	1280	3953	259	1131
0	512	1280	0	510	1150
256	512	1280	259	512	1148
512	512	1280	517	512	1147
768	512	1280	764	511	1146
1024	512	1280	1003	511	1147
1280	512	1280	1264	511	1143
1536	512	1280	1496	508	1141
1792	512	1280	1741	509	1141
2048	512	1280	1987	508	1140
2303	512	1280	2258	510	1142
2559	512	1280	2494	510	1143
2815	512	1280	2740	507	1139
3071	512	1280	2990	508	1138
3327	512	1280	3233	507	1136
3583	512	1280	3485	507	1136
3839	512	1280	3727	507	1136
4095	512	1280	3960	506	1134
0	768	1280	0	766	1151
256	768	1280	258	765	1150
512	768	1280	515	765	1149
768	768	1280	764	765	1148
1024	768	1280	1005	766	1148
1280	768	1280	1262	763	1146
1536	768	1280	1499	762	1143
1792	768	1280	1743	762	1143
2048	768	1280	1990	761	1142
2303	768	1280	2265	765	1145
2559	768	1280	2504	766	1146
2815	768	1280	2748	761	1140
3071	768	1280	2998	762	1143
3327	768	1280	3240	759	1138
3583	768	1280	3491	759	1138
3839	768	1280	3736	759	1138
4095	768	1280	3967	758	1137
0	1024	1280	0	1020	1155
256	1024	1280	258	1019	1152
512	1024	1280	516	1018	1151
768	1024	1280	765	1017	1150
1024	1024	1280	1004	1015	1150
1280	1024	1280	1264	1014	1147
1536	1024	1280	1503	1014	1146
1792	1024	1280	1749	1014	1146
2048	1024	1280	1998	1014	1146
2303	1024	1280	2264	1013	1147
2559	1024	1280	2500	1013	1149
2815	1024	1280	2754	1012	1144
3071	1024	1280	2992	1008	1144
3327	1024	1280	3248	1009	1142
3583	1024	1280	3495	1007	1141
3839	1024	1280	3734	1005	1140
4095	1024	1280	3969	1005	1139
0	1280	1280	0	1276	1157
256	1280	1280	257	1275	1155
512	1280	1280	515	1274	1153
768	1280	1280	763	1273	1152
1024	1280	1280	1007	1275	1152
1280	1280	1280	1264	1270	1149
1536	1280	1280	1503	1270	1149
1792	1280	1280	1747	1268	1149
2048	1280	1280	1994	1267	1148
2303	1280	1280	2272	1274	1151
2559	1280	1280	2508	1273	1150
2815	1280	1280	2757	1267	1148
3071	1280	1280	3002	1266	1145
3327	1280	1280	3247	1263	1144
3583	1280	1280	3497	1261	1142
3839	1280	1280	3741	1261	1141
4095	1280	1280	3973	1260	1141
0	1536	1280	0	1527	1159
256	1536	1280	258	1526	1157
512	1536	1280	517	1524	1155
768	1536	1280	765	1522	1154
1024	1536	1280	1010	1526	1157
1280	1536	1280	1270	1522	1152
1536	1536	1280	1506	1518	1151
1792	1536	1280	1754	1520	1151
2048	1536	1280	2002	1518	1150
2303	1536	1280	2268	1518	1153
2559	1536	1280	2508	1519	1153
2815	1536	1280	2763	1517	1150
3071	1536	1280	3002	1512	1148
3327	1536	1280	3253	1511	1146
3583	1536	1280	3505	1510	1145
3839	1536	1280	3739	1505	1143
4095	1536	1280	3975	1504	1143
0	1792	1280	0	1776	1161
256	1792	1280	258	1779	1161
512	1792	1280	518	1777	1159
768	1792	1280	767	1775	1158
1024	1792	1280	1011	1776	1160
1280	1792	1280	1273	1775	1158
1536	1792	1280	1508	1767	1154
1792	1792	1280	1754	1765	1154
2048	1792	1280	2009	1771	1155
2303	1792	1280	2274	1769	1153
2559	1792	1280	2514	1770	1155
2815	1792	1280	2764	1764	1152
3071	1792	1280	3009	1762	1150
3327	1792	1280	3262	1762	1149
3583	1792	1280	3506	1756	1147
3839	1792	1280	3750	1755	1145
4095	1792	1280	3989	1758	1146
0	2048	1280	0	2027	1164
256	2048	1280	259	2030	1165
512	2048	1280	519	2027	1164
768	2048	1280	769	2025	1162
1024	2048	1280	1012	2023	1163
1280	2048	1280	1275	2022	1161
1536	2048	1280	1514	2019	1158
1792	2048	1280	1759	2015	1156
2048	2048	1280	2012	2018	1159
2303	2048	1280	2283	2020	1159
2559	2048	1280	2520	2019	1159
2815	2048	1280	2770	2012	1155
3071	2048	1280	3015	2010	1154
3327	2048	1280	3263	2006	1152
3583	2048	1280	3513	2003	1149
3839	2048	1280	3759	2003	1150
4095	2048	1280	3994	2002	1151
0	2303	1280	0	2293	1168
256	2303	1280	257	2291	1168
512	2303	1280	517	2289	1166
768	2303	1280	768	2287	1165
1024	2303	1280	1015	2293	1167
1280	2303	1280	1274	2284	1163
1536	2303	1280	1514	2283	1162
1792	2303	1280	1762	2282	1161
2048	2303	1280	2012	2280	1161
2303	2303	1280	2282	2280	1162
2559	2303	1280	2522	2282	1162
2815	2303	1280	2776	2278	1159
3071	2303	1280	3014	2270	1156
3327	2303	1280	3269	2270	1154
3583	2303	1280	3521	2268	1153
3839	2303	1280	3765	2266	1153
4095	2303	1280	3999	2264	1153
0	2559	1280	0	2551	1171
256	2559	1280	261	2548	1169
512	2559	1280	522	2545	1167
768	2559	1280	772	2540	1165
1024	2559	1280	1020	2549	1170
1280	2559	1280	1280	2540	1165
1536	2559	1280	1518	2535	1163
1792	2559	1280	1767	2535	1163
2048	2559	1280	2015	2532	1162
2303	2559	1280	2292	2539	1163
2559	2559	1280	2529	2537	1164
2815	2559	1280	2783	2532	1161
3071	2559	1280	3029	2529	1158
3327	2559	1280	3274	2521	1156
3583	2559	1280	3532	2524	1157
3839	2559	1280	3772	2519	1156
4095	2559	1280	4009	2519	1156
0	2815	1280	0	2795	1172
256	2815	1280	262	2800	1171
512	2815	1280	525	2800	1170
768	2815	1280	775	2796	1168
1024	2815	1280	1018	2791	1169
1280	2815	1280	1283	2791	1167
1536	2815	1280	1525	2792	1166
1792	2815	1280	1770	2784	1164
2048	2815	1280	2025	2789	1165
2303	2815	1280	2293	2787	1166
2559	2815	1280	2532	2785	1165
2815	2815	1280	2787	2781	1163
3071	2815	1280	3031	2775	1161
3327	2815	1280	3284	2775	1159
3583	2815	1280	3529	2765	1158
3839	2815	1280	3777	2767	1157
4095	2815	1280	4007	2762	1157
0	3071	1280	0	3054	1173
256	3071	1280	262	3052	1173
512	3071	1280	524	3049	1173
768	3071	1280	774	3044	1171
1024	3071	1280	1024	3055	1172
1280	3071	1280	1285	3046	1169
1536	3071	1280	1526	3043	1169
1792	3071	1280	1773	3040	1167
2048	3071	1280	2025	3039	1168
2303	3071	1280	2293	3036	1167
2559	3071	1280	2530	3033	1166
2815	3071	1280	2787	3029	1164
3071	3071	1280	3029	3022	1161
3327	3071	1280	3283	3021	1161
3583	3071	1280	3536	3020	1159
3839	3071	1280	3778	3016	1159
4095	3071	1280	4013	3016	1158
0	3327	1280	0	3310	1177
256	3327	1280	263	3310	1175
512	3327	1280	526	3311	1175
768	3327	1280	778	3306	1173
1024	3327	1280	1023	3305	1175
1280	3327	1280	1289	3305	1173
1536	3327	1280	1526	3294	1170
1792	3327	1280	1774	3291	1169
2048	3327	1280	2030	3297	1170
2303	3327	1280	2299	3294	1169
2559	3327	1280	2537	3292	1168
2815	3327	1280	2789	3283	1165
3071	3327	1280	3042	3285	1164
3327	3327	1280	3290	3278	1162
3583	3327	1280	3539	3272	1161
3839	3327	1280	3787	3273	1161
4095	3327	1280	4023	3273	1161
0	3583	1280	0	3564	1180
256	3583	1280	263	3561	1179
512	3583	1280	527	3561	1180
768	3583	1280	780	3556	1177
1024	3583	1280	1027	3558	1177
1280	3583	1280	1290	3551	1176
1536	3583	1280	1530	3545	1172
1792	3583	1280	1779	3541	1171
2048	3583	1280	2031	3541	1172
2303	3583	1280	2300	3538	1171
2559	3583	1280	2545	3544	1172
2815	3583	1280	2796	3533	1168
3071	3583	1280	3042	3527	1168
3327	3583	1280	3295	3525	1166
3583	3583	1280	3549	3523	1164
3839	3583	1280	3800	3527	1166
4095	3583	1280	4030	3520	1164
0	3839	1280	0	3819	1184
256	3839	1280	264	3815	1183
512	3839	1280	529	3816	1183
768	3839	1280	782	3810	1180
1024	3839	1280	1028	3808	1181
1280	3839	1280	1293	3803	1178
1536	3839	1280	1535	3800	1177
1792	3839	1280	1784	3796	1175
2048	3839	1280	2037	3794	1174
2303	3839	1280	2308	3794	1174
2559	3839	1280	2546	3791	1175
2815	3839	1280	2804	3787	1172
3071	3839	1280	3048	3779	1169
3327	3839	1280	3306	3782	1170
3583	3839	1280	3562	3780	1170
3839	3839	1280	3806	3777	1170
4095	3839	1280	4037	3770	1167
0	4095	1280	0	4061	1187
256	4095	1280	266	4069	1188
512	4095	1280	531	4065	1187
768	4095	1280	786	4060	1185
1024	4095	1280	1032	4055	1184
1280	4095	1280	1299	4052	1182
1536	4095	1280	1537	4039	1180
1792	4095	1280	1787	4036	1178
2048	4095	1280	2042	4037	1178
2303	4095	1280	2315	4040	1179
2559	4095	1280	2554	4036	1177
2815	4095	1280	2807	4025	1175
3071	4095	1280	3055	4022	1173
3327	4095	1280	3311	4022	1174
3583	4095	1280	3565	4017	1174
3839	4095	1280	3810	4016	1172
4095	4095	1280	4047	4015	1171
0	0	1536	0	0	1374
256	0	1536	260	1	1374
512	0	1536	516	1	1372
768	0	1536	762	2	1370
1024	0	1536	1003	2	1372
1280	0	1536	1259	2	1368
1536	0	1536	1493	2	1365
1792	0	1536	1736	3	1364
2048	0	1536	1981	3	1363
2303	0	1536	2252	3	1367
2559	0	1536	2484	3	1365
2815	0	1536	2736	3	1363
3071	0	1536	2975	4	1360
3327	0	1536	3226	4	1360
3583	0	1536	3475	4	1359
3839	0	1536	3718	4	1359
4095	0	1536	3943	4	1356
0	256	1536	0	256	1376
256	256	1536	259	258	1375
512	256	1536	516	259	1374
768	256	1536	763	260	1372
1024	256	1536	1003	260	1374
1280	256	1536	1261	260	1369
1536	256	1536	1496	259	1367
1792	256	1536	1742	260	1367
2048	256	1536	1990	260	1367
2303	256	1536	2256	261	1368
2559	256	1536	2493	261	1368
2815	256	1536	2745	261	1366
3071	256	1536	2983	260	1363
3327	256	1536	3236	260	1363
3583	256	1536	3483	260	1361
3839	256	1536	3727	260	1361
4095	256	1536	3953	259	1359
0	512	1536	0	510	1380
256	512	1536	258	511	1378
512	512	1536	516	511	1376
768	512	1536	762	511	1375
1024	512	1536	1003	511	1376
1280	512	1536	1262	510	1372
1536	512	1536	1498	509	1370
1792	512	1536	1742	509	1370
2048	512	1536	1989	509	1370
2303	512	1536	2257	510	1371
2559	512	1536	2492	509	1371
2815	512	1536	2741	508	1368
3071	512	1536	2989	508	1366
3327	512	1536	3233	507	1364
3583	512	1536	3485	507	1364
3839	512	1536	3726	507	1363
4095	512	1536	3956	506	1361
0	768	1536	0	766	1383
256	768	1536	258	766	1381
512	768	1536	515	766	1379
768	768	1536	764	766	1377
1024	768	1536	1004	765	1377
1280	768	1536	1262	764	1374
1536	768	1536	1501	764	1374
1792	768	1536	1743	762	1372
2048	768	1536	1993	763	1372
2303	768	1536	2260	763	1373
2559	768	1536	2499	764	1374
2815	768	1536	2747	761	1370
3071	768	1536	2994	761	1370
3327	768	1536	3240	759	1366
3583	768	1536	3487	758	1365
3839	768	1536	3731	758	1365
4095	768	1536	3964	757	1364
0	1024	1536	0	1019	1386
256	1024	1536	258	1018	1383
512	1024	1536	515	1017	1381
768	1024	1536	765	1017	1381
1024	1024	1536	1005	1016	1380
1280	1024	1536	1264	1015	1377
1536	1024	1536	1500	1013	1376
1792	1024	1536	1750	1015	1376
2048	1024	1536	1997	1014	1376
2303	1024	1536	2266	1014	1377
2559	1024	1536	2503	1015	1378
2815	1024	1536	2755	1012	1374
3071	1024	1536	2996	1009	1373
3327	1024	1536	3243	1008	1369
3583	1024	1536	3494	1007	1368
3839	1024	1536	3733	1005	1367
4095	1024	1536	3967	1005	1367
0	1280	1536	0	1276	1388
256	1280	1536	257	1275	1385
512	1280	1536	515	1274	1383
768	1280	1536	763	1273	1383
1024	1280	1536	1005	1273	1382
1280	1280	1536	1263	1270	1379
1536	1280	1536	1503	1270	1379
1792	1280	1536	1748	1269	1379
2048	1280	1536	1996	1268	1378
2303	1280	1536	2269	1272	1381
2559	1280	1536	2503	1270	1380
2815	1280	1536	2756	1267	1377
3071	1280	1536	2998	1264	1375
3327	1280	1536	3246	1262	1372
3583	1280	1536	3493	1260	1370
3839	1280	1536	3737	1259	1369
4095	1280	1536	3969	1259	1369
0	1536	1536	0	1525	1390
256	1536	1536	257	1526	1389
512	1536	1536	517	1526	1388
768	1536	1536	766	1524	1386
1024	1536	1536	1010	1527	1387
1280	1536	1536	1270	1523	1383
1536	1536	1536	1506	1519	1382
1792	1536	1536	1753	1519	1381
2048	1536	1536	2003	1520	1382
2303	1536	1536	2268	1518	1383
2559	1536	1536	2508	1519	1383
2815	1536	1536	2761	1516	1380
3071	1536	1536	3002	1512	1377
3327	1536	1536	3251	1509	1374
3583	1536	1536	3501	1508	1373
3839	1536	1536	3741	1505	1371
4095	1536	1536	3975	1505	1371
0	1792	1536	0	1776	1392
256	1792	1536	257	1778	1393
512	1792	1536	518	1779	1393
768	1792	1536	767	1775	1391
1024	1792	1536	1011	1776	1392
1280	1792	1536	1272	1773	1389
1536	1792	1536	1511	1771	1387
1792	1792	1536	1755	1766	1384
2048	1792	1536	2008	1770	1387
2303	1792	1536	2272	1767	1384
2559	1792	1536	2515	1771	1387
2815	1792	1536	2764	1764	1383
3071	1792	1536	3006	1760	1379
3327	1792	1536	3258	1759	1378
3583	1792	1536	3506	1756	1376
3839	1792	1536	3750	1756	1375
4095	1792	1536	3986	1756	1376
0	2048	1536	0	2027	1397
256	2048	1536	258	2027	1397
512	2048	1536	518	2024	1396
768	2048	1536	769	2025	1395
1024	2048	1536	1012	2023	1395
1280	2048	1536	1274	2022	1392
1536	2048	1536	1513	2019	1391
1792	2048	1536	1761	2017	1389
2048	2048	1536	2013	2019	1391
2303	2048	1536	2281	2018	1389
2559	2048	1536	2521	2020	1392
2815	2048	1536	2772	2013	1386
3071	2048	1536	3013	2008	1383
3327	2048	1536	3265	2006	1382
3583	2048	1536	3514	2003	1380
3839	2048	1536	3759	2003	1380
4095	2048	1536	3991	2000	1380
0	2303	1536	0	2292	1401
256	2303	1536	257	2294	1401
512	2303	1536	518	2292	1399
768	2303	1536	769	2289	1398
1024	2303	1536	1015	2294	1400
1280	2303	1536	1274	2285	1395
1536	2303	1536	1512	2280	1393
1792	2303	1536	1762	2282	1393
2048	2303	1536	2014	2283	1394
2303	2303	1536	2282	2281	1393
2559	2303	1536	2523	2284	1395
2815	2303	1536	2772	2275	1389
3071	2303	1536	3015	2270	1386
3327	2303	1536	3268	2269	1385
3583	2303	1536	3518	2265	1384
3839	2303	1536	3767	2267	1385
4095	2303	1536	4000	2265	1383
0	2559	1536	0	2553	1405
256	2559	1536	261	2552	1404
512	2559	1536	523	2548	1402
768	2559	1536	772	2543	1399
1024	2559	1536	1018	2546	1402
1280	2559	1536	1282	2543	1398
1536	2559	1536	1518	2536	1395
1792	2559	1536	1769	2538	1396
2048	2559	1536	2018	2535	1395
2303	2559	1536	2289	2537	1395
2559	2559	1536	2526	2534	1395
2815	2559	1536	2782	2530	1392
3071	2559	1536	3026	2526	1389
3327	2559	1536	3278	2524	1388
3583	2559	1536	3529	2521	1386
3839	2559	1536	3773	2520	1387
4095	2559	1536	4008	2518	1387
0	2815	1536	0	2797	1406
256	2815	1536	261	2798	1405
512	2815	1536	524	2798	1404
768	2815	1536	774	2794	1401
1024	2815	1536	1019	2795	1402
1280	2815	1536	1282	2790	1400
1536	2815	1536	1524	2790	1399
1792	2815	1536	1770	2785	1398
2048	2815	1536	2022	2785	1397
2303	2815	1536	2293	2787	1398
2559	2815	1536	2531	2784	1397
2815	2815	1536	2787	2780	1395
3071	2815	1536	3032	2776	1393
3327	2815	1536	3282	2772	1391
3583	2815	1536	3533	2768	1389
3839	2815	1536	3778	2768	1389
4095	2815	1536	4011	2766	1389
0	3071	1536	0	3051	1406
256	3071	1536	262	3056	1407
512	3071	1536	524	3051	1406
768	3071	1536	775	3048	1404
1024	3071	1536	1022	3052	1406
1280	3071	1536	1284	3046	1402
1536	3071	1536	1524	3040	1401
1792	3071	1536	1772	3038	1399
2048	3071	1536	2023	3036	1399
2303	3071	1536	2294	3037	1400
2559	3071	1536	2531	3034	1399
2815	3071	1536	2786	3029	1396
3071	3071	1536	3030	3023	1393
3327	3071	1536	3283	3022	1392
3583	3071	1536	3537	3021	1391
3839	3071	1536	3782	3020	1391
4095	3071	1536	4018	3020	1391
0	3327	1536	0	3311	1410
256	3327	1536	262	3310	1411
512	3327	1536	525	3309	1409
768	3327	1536	777	3307	1408
1024	3327	1536	1023	3306	1409
1280	3327	1536	1287	3303	1406
1536	3327	1536	1525	3294	1402
1792	3327	1536	1774	3292	1402
2048	3327	1536	2026	3292	1401
2303	3327	1536	2296	3290	1401
2559	3327	1536	2537	3291	1401
2815	3327	1536	2788	3282	1397
3071	3327	1536	3039	3282	1396
3327	3327	1536	3290	3277	1395
3583	3327	1536	3543	3274	1394
3839	3327	1536	3787	3273	1394
4095	3327	1536	4019	3269	1393
0	3583	1536	0	3558	1414
256	3583	1536	262	3559	1413
512	3583	1536	527	3559	1413
768	3583	1536	779	3554	1411
1024	3583	1536	1025	3556	1412
1280	3583	1536	1289	3550	1409
1536	3583	1536	1529	3543	1406
1792	3583	1536	1775	3536	1403
2048	3583	1536	2029	3539	1404
2303	3583	1536	2299	3537	1404
2559	3583	1536	2541	3539	1405
2815	3583	1536	2795	3532	1401
3071	3583	1536	3044	3529	1401
3327	3583	1536	3296	3526	1399
3583	3583	1536	3547	3520	1397
3839	3583	1536	3797	3523	1398
4095	3583	1536	4034	3523	1397
0	3839	1536	0	3813	1418
256	3839	1536	264	3817	1418
512	3839	1536	528	3813	1418
768	3839	1536	781	3809	1415
1024	3839	1536	1029	3811	1416
1280	3839	1536	1293	3803	1413
1536	3839	1536	1533	3795	1410
1792	3839	1536	1781	3790	1407
2048	3839	1536	2034	3790	1407
2303	3839	1536	2305	3791	1408
2559	3839	1536	2545	3790	1408
2815	3839	1536	2802	3785	1406
3071	3839	1536	3050	3781	1404
3327	3839	1536	3306	3780	1404
3583	3839	1536	3562	3779	1403
3839	3839	1536	3806	3776	1403
4095	3839	1536	4041	3773	1402
0	4095	1536	0	4060	1423
256	4095	1536	265	4064	1424
512	4095	1536	530	4059	1422
768	4095	1536	784	4055	1420
1024	4095	1536	1031	4053	1420
1280	4095	1536	1297	4047	1417
1536	4095	1536	1536	4037	1413
1792	4095	1536	1786	4034	1412
2048	4095	1536	2040	4035	1412
2303	4095	1536	2314	4038	1413
2559	4095	1536	2553	4035	1412
2815	4095	1536	2808	4028	1410
3071	4095	1536	3055	4022	1407
3327	4095	1536	3310	4020	1407
3583	4095	1536	3568	4021	1408
3839	4095	1536	3811	4016	1406
4095	4095	1536	4048	4015	1405
0	0	1792	0	1	1595
256	0	1792	260	1	1597
512	0	1792	517	2	1595
768	0	1792	763	2	1594
1024	0	1792	1002	2	1593
1280	0	1792	1261	3	1591
1536	0	1792	1494	3	1586
1792	0	1792	1736	3	1584
2048	0	1792	1982	3	1583
2303	0	1792	2259	3	1593
2559	0	1792	2492	3	1591
2815	0	1792	2739	4	1585
3071	0	1792	2983	4	1584
3327	0	1792	3228	4	1580
3583	0	1792	3477	4	1579
3839	0	1792	3719	5	1579
4095	0	1792	3950	4	1579
0	256	1792	0	256	1598
256	256	1792	260	259	1600
512	256	1792	517	260	1598
768	256	1792	765	261	1597
1024	256	1792	1004	261	1596
1280	256	1792	1266	262	1595
1536	256	1792	1496	260	1588
1792	256	1792	1745	261	1590
2048	256	1792	1995	262	1591
2303	256	1792	2258	261	1592
2559	256	1792	2492	261	1591
2815	256	1792	2746	261	1588
3071	256	1792	2989	261	1587
3327	256	1792	3237	261	1583
3583	256	1792	3486	260	1582
3839	256	1792	3728	260	1581
4095	256	1792	3959	260	1582
0	512	1792	0	512	1604
256	512	1792	258	511	1602
512	512	1792	515	511	1600
768	512	1792	762	511	1598
1024	512	1792	1004	512	1599
1280	512	1792	1261	510	1596
1536	512	1792	1502	511	1594
1792	512	1792	1742	509	1592
2048	512	1792	1990	509	1593
2303	512	1792	2260	511	1594
2559	512	1792	2495	510	1594
2815	512	1792	2749	510	1592
3071	512	1792	2989	508	1588
3327	512	1792	3240	508	1587
3583	512	1792	3492	508	1586
3839	512	1792	3731	507	1584
4095	512	1792	3957	505	1583
0	768	1792	0	767	1608
256	768	1792	258	768	1606
512	768	1792	516	768	1603
768	768	1792	764	767	1601
1024	768	1792	1004	766	1601
1280	768	1792	1264	765	1598
1536	768	1792	1505	767	1600
1792	768	1792	1744	763	1594
2048	768	1792	1999	766	1597
2303	768	1792	2263	765	1597
2559	768	1792	2498	764	1597
2815	768	1792	2754	764	1596
3071	768	1792	2992	761	1590
3327	768	1792	3243	760	1590
3583	768	1792	3486	758	1586
3839	768	1792	3730	758	1586
4095	768	1792	3963	757	1585
0	1024	1792	0	1018	1609
256	1024	1792	257	1017	1607
512	1024	1792	515	1017	1605
768	1024	1792	764	1017	1605
1024	1024	1792	1008	1019	1606
1280	1024	1792	1266	1017	1602
1536	1024	1792	1500	1013	1599
1792	1024	1792	1750	1015	1599
2048	1024	1792	1996	1013	1600
2303	1024	1792	2269	1016	1602
2559	1024	1792	2505	1016	1602
2815	1024	1792	2755	1012	1598
3071	1024	1792	3000	1011	1595
3327	1024	1792	3243	1007	1591
3583	1024	1792	3496	1007	1590
3839	1024	1792	3739	1007	1589
4095	1024	1792	3973	1007	1590
0	1280	1792	0	1279	1613
256	1280	1792	257	1278	1610
512	1280	1792	516	1277	1609
768	1280	1792	765	1276	1608
1024	1280	1792	1005	1273	1607
1280	1280	1792	1267	1273	1605
1536	1280	1792	1508	1275	1604
1792	1280	1792	1752	1272	1604
2048	1280	1792	2002	1272	1604
2303	1280	1792	2269	1272	1605
2559	1280	1792	2504	1270	1604
2815	1280	1792	2756	1267	1600
3071	1280	1792	2999	1265	1597
3327	1280	1792	3251	1265	1595
3583	1280	1792	3494	1260	1591
3839	1280	1792	3741	1261	1593
4095	1280	1792	3972	1260	1592
0	1536	1792	0	1526	1615
256	1536	1792	257	1526	1614
512	1536	1792	518	1530	1615
768	1536	1792	767	1528	1613
1024	1536	1792	1008	1524	1609
1280	1536	1792	1269	1522	1607
1536	1536	1792	1509	1522	1609
1792	1536	1792	1752	1518	1605
2048	1536	1792	2003	1520	1606
2303	1536	1792	2275	1523	1609
2559	1536	1792	2510	1521	1607
2815	1536	1792	2761	1516	1602
3071	1536	1792	3006	1514	1600
3327	1536	1792	3251	1509	1597
3583	1536	1792	3503	1509	1595
3839	1536	1792	3750	1509	1596
4095	1536	1792	3981	1508	1595
0	1792	1792	0	1779	1619
256	1792	1792	257	1779	1618
512	1792	1792	519	1781	1620
768	1792	1792	768	1779	1618
1024	1792	1792	1011	1778	1616
1280	1792	1792	1269	1770	1610
1536	1792	1792	1513	1774	1613
1792	1792	1792	1756	1768	1608
2048	1792	1792	2008	1770	1610
2303	1792	1792	2275	1770	1611
2559	1792	1792	2516	1772	1612
2815	1792	1792	2768	1767	1607
3071	1792	1792	3008	1761	1603
3327	1792	1792	3257	1759	1600
3583	1792	1792	3512	1760	1601
3839	1792	1792	3756	1759	1601
4095	1792	1792	3983	1754	1598
0	2048	1792	0	2033	1626
256	2048	1792	258	2028	1623
512	2048	1792	518	2027	1622
768	2048	1792	770	2029	1622
1024	2048	1792	1015	2029	1622
1280	2048	1792	1276	2025	1617
1536	2048	1792	1515	2022	1617
1792	2048	1792	1764	2020	1615
2048	2048	1792	2014	2020	1616
2303	2048	1792	2281	2019	1614
2559	2048	1792	2522	2021	1616
2815	2048	1792	2775	2016	1612
3071	2048	1792	3015	2009	1607
3327	2048	1792	3268	2008	1606
3583	2048	1792	3520	2006	1606
3839	2048	1792	3765	2006	1605
4095	2048	1792	3992	2000	1602
0	2303	1792	0	2293	1628
256	2303	1792	258	2300	1630
512	2303	1792	520	2298	1628
768	2303	1792	771	2295	1627
1024	2303	1792	1016	2294	1626
1280	2303	1792	1276	2288	1622
1536	2303	1792	1515	2284	1619
1792	2303	1792	1762	2281	1618
2048	2303	1792	2015	2283	1619
2303	2303	1792	2286	2285	1619
2559	2303	1792	2524	2284	1620
2815	2303	1792	2772	2274	1614
3071	2303	1792	3020	2273	1611
3327	2303	1792	3272	2271	1611
3583	2303	1792	3520	2266	1608
3839	2303	1792	3774	2271	1611
4095	2303	1792	4004	2267	1609
0	2559	1792	0	2557	1633
256	2559	1792	262	2557	1634
512	2559	1792	524	2555	1632
768	2559	1792	775	2551	1629
1024	2559	1792	1018	2545	1626
1280	2559	1792	1283	2546	1625
1536	2559	1792	1523	2543	1623
1792	2559	1792	1769	2538	1620
2048	2559	1792	2021	2538	1621
2303	2559	1792	2291	2538	1622
2559	2559	1792	2526	2533	1619
2815	2559	1792	2783	2531	1616
3071	2559	1792	3025	2525	1613
3327	2559	1792	3286	2530	1616
3583	2559	1792	3526	2518	1608
3839	2559	1792	3780	2524	1613
4095	2559	1792	4005	2516	1610
0	2815	1792	0	2804	1635
256	2815	1792	261	2798	1632
512	2815	1792	523	2799	1631
768	2815	1792	774	2794	1628
1024	2815	1792	1023	2804	1631
1280	2815	1792	1284	2794	1627
1536	2815	1792	1525	2791	1626
1792	2815	1792	1773	2789	1624
2048	2815	1792	2022	2785	1622
2303	2815	1792	2295	2788	1624
2559	2815	1792	2534	2787	1623
2815	2815	1792	2786	2780	1619
3071	2815	1792	3033	2777	1617
3327	2815	1792	3281	2771	1616
3583	2815	1792	3542	2776	1615
3839	2815	1792	3782	2771	1615
4095	2815	1792	4019	2771	1614
0	3071	1792	0	3052	1634
256	3071	1792	263	3063	1637
512	3071	1792	525	3057	1634
768	3071	1792	777	3056	1633
1024	3071	1792	1023	3054	1634
1280	3071	1792	1286	3050	1630
1536	3071	1792	1524	3040	1626
1792	3071	1792	1772	3038	1625
2048	3071	1792	2023	3036	1624
2303	3071	1792	2297	3042	1627
2559	3071	1792	2534	3038	1626
2815	3071	1792	2787	3030	1621
3071	3071	1792	3035	3028	1620
3327	3071	1792	3288	3026	1618
3583	3071	1792	3544	3027	1619
3839	3071	1792	3788	3025	1618
4095	3071	1792	4023	3024	1618
0	3327	1792	0	3313	1638
256	3327	1792	262	3315	1640
512	3327	1792	525	3307	1635
768	3327	1792	778	3309	1636
1024	3327	1792	1026	3314	1638
1280	3327	1792	1288	3304	1633
1536	3327	1792	1527	3298	1629
1792	3327	1792	1777	3297	1629
2048	3327	1792	2027	3293	1627
2303	3327	1792	2296	3291	1627
2559	3327	1792	2539	3294	1628
2815	3327	1792	2792	3286	1624
3071	3327	1792	3035	3278	1620
3327	3327	1792	3289	3277	1620
3583	3327	1792	3551	3282	1622
3839	3327	1792	3788	3274	1619
4095	3327	1792	4024	3273	1619
0	3583	1792	0	3561	1642
256	3583	1792	262	3562	1642
512	3583	1792	527	3563	1640
768	3583	1792	779	3558	1639
1024	3583	1792	1025	3557	1640
1280	3583	1792	1290	3554	1637
1536	3583	1792	1530	3547	1633
1792	3583	1792	1776	3538	1630
2048	3583	1792	2030	3541	1631
2303	3583	1792	2301	3541	1631
2559	3583	1792	2541	3540	1631
2815	3583	1792	2798	3536	1629
3071	3583	1792	3047	3533	1627
3327	3583	1792	3298	3528	1625
3583	3583	1792	3548	3520	1623
3839	3583	1792	3798	3524	1623
4095	3583	1792	4036	3525	1624
0	3839	1792	0	3817	1647
256	3839	1792	263	3817	1647
512	3839	1792	528	3815	1646
768	3839	1792	782	3813	1645
1024	3839	1792	1029	3811	1644
1280	3839	1792	1293	3806	1642
1536	3839	1792	1532	3795	1637
1792	3839	1792	1782	3793	1635
2048	3839	1792	2034	3791	1635
2303	3839	1792	2308	3797	1637
2559	3839	1792	2549	3796	1637
2815	3839	1792	2807	3793	1635
3071	3839	1792	3056	3789	1634
3327	3839	1792	3306	3781	1631
3583	3839	1792	3563	3780	1629
3839	3839	1792	3809	3779	1630
4095	3839	1792	4047	3779	1630
0	4095	1792	0	4069	1655
256	4095	1792	264	4062	1652
512	4095	1792	529	4059	1650
768	4095	1792	784	4055	1649
1024	4095	1792	1032	4058	1650
1280	4095	1792	1296	4048	1645
1536	4095	1792	1537	4041	1642
1792	4095	1792	1788	4039	1641
2048	4095	1792	2041	4037	1640
2303	4095	1792	2316	4043	1643
2559	4095	1792	2557	4042	1643
2815	4095	1792	2816	4040	1642
3071	4095	1792	3059	4028	1637
3327	4095	1792	3315	4027	1636
3583	4095	1792	3573	4026	1636
3839	4095	1792	3816	4022	1634
4095	4095	1792	4051	4017	1633
0	0	2048	0	1	1821
256	0	2048	261	1	1820
512	0	2048	517	2	1817
768	0	2048	766	2	1819
1024	0	2048	1005	2	1818
1280	0	2048	1266	3	1817
1536	0	2048	1501	3	1813
1792	0	2048	1742	3	1809
2048	0	2048	1990	3	1809
2303	0	2048	2263	4	1816
2559	0	2048	2498	3	1816
2815	0	2048	2747	4	1810
3071	0	2048	2989	4	1807
3327	0	2048	3236	4	1804
3583	0	2048	3485	4	1802
3839	0	2048	3726	5	1800
4095	0	2048	3961	5	1802
0	256	2048	0	258	1825
256	256	2048	261	260	1826
512	256	2048	519	261	1824
768	256	2048	767	262	1823
1024	256	2048	1006	262	1821
1280	256	2048	1271	263	1823
1536	256	2048	1502	261	1815
1792	256	2048	1751	262	1817
2048	256	2048	1999	263	1816
2303	256	2048	2269	263	1819
2559	256	2048	2502	263	1818
2815	256	2048	2754	262	1813
3071	256	2048	2997	262	1811
3327	256	2048	3239	261	1805
3583	256	2048	3492	261	1805
3839	256	2048	3734	261	1803
4095	256	2048	3968	261	1805
0	512	2048	0	513	1830
256	512	2048	259	513	1827
512	512	2048	516	512	1824
768	512	2048	763	512	1822
1024	512	2048	1006	513	1824
1280	512	2048	1265	512	1821
1536	512	2048	1504	512	1819
1792	512	2048	1748	511	1818
2048	512	2048	1995	511	1817
2303	512	2048	2267	513	1821
2559	512	2048	2503	513	1820
2815	512	2048	2755	511	1816
3071	512	2048	2997	510	1813
3327	512	2048	3247	510	1810
3583	512	2048	3498	510	1809
3839	512	2048	3735	508	1806
4095	512	2048	3971	508	1808
0	768	2048	0	769	1832
256	768	2048	259	770	1832
512	768	2048	518	771	1831
768	768	2048	767	770	1828
1024	768	2048	1009	770	1829
1280	768	2048	1268	769	1825
1536	768	2048	1509	769	1826
1792	768	2048	1748	765	1819
2048	768	2048	2003	768	1823
2303	768	2048	2269	768	1823
2559	768	2048	2505	767	1822
2815	768	2048	2758	765	1819
3071	768	2048	2998	763	1814
3327	768	2048	3250	762	1813
3583	768	2048	3496	760	1810
3839	768	2048	3740	761	1809
4095	768	2048	3971	759	1809
0	1024	2048	0	1022	1835
256	1024	2048	258	1021	1833
512	1024	2048	517	1021	1833
768	1024	2048	765	1018	1829
1024	1024	2048	1012	1024	1835
1280	1024	2048	1270	1020	1829
1536	1024	2048	1504	1016	1824
1792	1024	2048	1754	1018	1825
2048	1024	2048	2002	1017	1826
2303	1024	2048	2274	1019	1827
2559	1024	2048	2510	1018	1827
2815	1024	2048	2759	1014	1821
3071	1024	2048	3004	1013	1819
3327	1024	2048	3250	1010	1815
3583	1024	2048	3503	1010	1814
3839	1024	2048	3747	1010	1814
4095	1024	2048	3983	1010	1815
0	1280	2048	0	1282	1840
256	1280	2048	258	1282	1839
512	1280	2048	518	1283	1839
768	1280	2048	768	1281	1836
1024	1280	2048	1009	1279	1835
1280	1280	2048	1272	1279	1833
1536	1280	2048	1512	1278	1831
1792	1280	2048	1754	1274	1828
2048	1280	2048	2006	1275	1829
2303	1280	2048	2274	1275	1830
2559	1280	2048	2511	1274	1829
2815	1280	2048	2759	1269	1823
3071	1280	2048	3005	1268	1821
3327	1280	2048	3257	1267	1819
3583	1280	2048	3503	1264	1816
3839	1280	2048	3751	1266	1818
4095	1280	2048	3980	1262	1816
0	1536	2048	0	1530	1842
256	1536	2048	258	1529	1840
512	1536	2048	518	1531	1841
768	1536	2048	768	1529	1839
1024	1536	2048	1011	1529	1838
1280	1536	2048	1270	1524	1833
1536	1536	2048	1513	1526	1835
1792	1536	2048	1757	1523	1831
2048	1536	2048	2007	1523	1831
2303	1536	2048	2278	1525	1833
2559	1536	2048	2515	1524	1833
2815	1536	2048	2765	1518	1826
3071	1536	2048	3010	1517	1825
3327	1536	2048	3259	1513	1822
3583	1536	2048	3512	1513	1820
3839	1536	2048	3761	1515	1823
4095	1536	2048	3992	1512	1821
0	1792	2048	0	1783	1846
256	1792	2048	258	1785	1846
512	1792	2048	519	1782	1844
768	1792	2048	770	1782	1844
1024	1792	2048	1015	1784	1846
1280	1792	2048	1273	1775	1836
1536	1792	2048	1515	1777	1838
1792	1792	2048	1762	1775	1836
2048	1792	2048	2012	1774	1835
2303	1792	2048	2280	1774	1836
2559	1792	2048	2517	1773	1835
2815	1792	2048	2771	1770	1831
3071	1792	2048	3015	1766	1829
3327	1792	2048	3264	1763	1825
3583	1792	2048	3522	1765	1827
3839	1792	2048	3764	1763	1826
4095	1792	2048	3997	1761	1826
0	2048	2048	0	2040	1857
256	2048	2048	258	2033	1851
512	2048	2048	521	2034	1851
768	2048	2048	772	2032	1850
1024	2048	2048	1019	2036	1852
1280	2048	2048	1279	2028	1845
1536	2048	2048	1519	2027	1844
1792	2048	2048	1767	2024	1842
2048	2048	2048	2018	2024	1842
2303	2048	2048	2286	2023	1841
2559	2048	2048	2524	2022	1840
2815	2048	2048	2778	2019	1837
3071	2048	2048	3021	2013	1833
3327	2048	2048	3273	2012	1832
3583	2048	2048	3525	2009	1830
3839	2048	2048	3773	2011	1832
4095	2048	2048	4001	2005	1829
0	2303	2048	0	2297	1856
256	2303	2048	258	2303	1858
512	2303	2048	521	2302	1857
768	2303	2048	772	2299	1854
1024	2303	2048	1017	2298	1854
1280	2303	2048	1281	2295	1851
1536	2303	2048	1519	2289	1847
1792	2303	2048	1767	2287	1845
2048	2303	2048	2017	2285	1844
2303	2303	2048	2290	2288	1846
2559	2303	2048	2527	2287	1845
2815	2303	2048	2779	2280	1840
3071	2303	2048	3024	2277	1837
3327	2303	2048	3279	2276	1837
3583	2303	2048	3530	2273	1834
3839	2303	2048	3778	2274	1836
4095	2303	2048	4016	2274	1836
0	2559	2048	0	2557	1859
256	2559	2048	262	2562	1862
512	2559	2048	526	2560	1860
768	2559	2048	777	2556	1857
1024	2559	2048	1023	2555	1857
1280	2559	2048	1286	2550	1853
1536	2559	2048	1525	2545	1850
1792	2559	2048	1771	2540	1846
2048	2559	2048	2025	2543	1848
2303	2559	2048	2295	2542	1848
2559	2559	2048	2531	2538	1846
2815	2559	2048	2785	2533	1842
3071	2559	2048	3031	2530	1839
3327	2559	2048	3292	2535	1843
3583	2559	2048	3538	2527	1837
3839	2559	2048	3787	2529	1839
4095	2559	2048	4016	2523	1837
0	2815	2048	0	2813	1865
256	2815	2048	262	2806	1860
512	2815	2048	525	2807	1860
768	2815	2048	778	2805	1859
1024	2815	2048	1025	2809	1861
1280	2815	2048	1286	2799	1855
1536	2815	2048	1526	2795	1852
1792	2815	2048	1775	2792	1850
2048	2815	2048	2027	2791	1850
2303	2815	2048	2297	2791	1850
2559	2815	2048	2539	2792	1851
2815	2815	2048	2792	2786	1846
3071	2815	2048	3036	2779	1843
3327	2815	2048	3289	2778	1842
3583	2815	2048	3548	2780	1842
3839	2815	2048	3793	2779	1843
4095	2815	2048	4025	2774	1840
0	3071	2048	0	3061	1864
256	3071	2048	263	3068	1866
512	3071	2048	525	3061	1862
768	3071	2048	779	3062	1862
1024	3071	2048	1025	3060	1862
1280	3071	2048	1289	3056	1858
1536	3071	2048	1527	3046	1853
1792	3071	2048	1776	3045	1853
2048	3071	2048	2028	3044	1852
2303	3071	2048	2301	3047	1854
2559	3071	2048	2540	3045	1853
2815	3071	2048	2792	3037	1848
3071	3071	2048	3041	3035	1846
3327	3071	2048	3295	3033	1845
3583	3071	2048	3550	3032	1845
3839	3071	2048	3795	3031	1845
4095	3071	2048	4032	3030	1844
0	3327	2048	0	3325	1870
256	3327	2048	263	3321	1868
512	3327	2048	526	3316	1864
768	3327	2048	780	3318	1865
1024	3327	2048	1028	3320	1867
1280	3327	2048	1289	3308	1859
1536	3327	2048	1530	3304	1857
1792	3327	2048	1781	3304	1857
2048	3327	2048	2032	3300	1855
2303	3327	2048	2302	3299	1855
2559	3327	2048	2543	3299	1856
2815	3327	2048	2800	3296	1854
3071	3327	2048	3044	3288	1849
3327	3327	2048	3296	3285	1847
3583	3327	2048	3558	3289	1850
3839	3327	2048	3798	3283	1847
4095	3327	2048	4037	3283	1848
0	3583	2048	0	3572	1874
256	3583	2048	264	3575	1874
512	3583	2048	528	3570	1870
768	3583	2048	781	3567	1869
1024	3583	2048	1027	3564	1868
1280	3583	2048	1292	3561	1865
1536	3583	2048	1532	3552	1861
1792	3583	2048	1781	3549	1860
2048	3583	2048	2033	3546	1858
2303	3583	2048	2307	3551	1861
2559	3583	2048	2548	3549	1861
2815	3583	2048	2804	3545	1859
3071	3583	2048	3054	3543	1857
3327	3583	2048	3304	3535	1853
3583	3583	2048	3561	3534	1853
3839	3583	2048	3806	3532	1852
4095	3583	2048	4045	3532	1853
0	3839	2048	0	3826	1879
256	3839	2048	263	3824	1877
512	3839	2048	528	3820	1874
768	3839	2048	783	3821	1875
1024	3839	2048	1030	3818	1873
1280	3839	2048	1293	3809	1869
1536	3839	2048	1536	3806	1866
1792	3839	2048	1786	3803	1865
2048	3839	2048	2038	3800	1863
2303	3839	2048	2315	3808	1868
2559	3839	2048	2556	3807	1868
2815	3839	2048	2814	3804	1866
3071	3839	2048	3062	3797	1863
3327	3839	2048	3314	3791	1860
3583	3839	2048	3568	3787	1858
3839	3839	2048	3815	3786	1858
4095	3839	2048	4053	3785	1858
0	4095	2048	0	4075	1886
256	4095	2048	265	4069	1881
512	4095	2048	530	4065	1879
768	4095	2048	785	4062	1878
1024	4095	2048	1034	4066	1880
1280	4095	2048	1297	4054	1873
1536	4095	2048	1541	4050	1872
1792	4095	2048	1792	4049	1871
2048	4095	2048	2045	4046	1870
2303	4095	2048	2320	4052	1873
2559	4095	2048	2562	4051	1874
2815	4095	2048	2821	4048	1872
3071	4095	2048	3065	4038	1867
3327	4095	2048	3321	4035	1865
3583	4095	2048	3577	4032	1864
3839	4095	2048	3818	4024	1861
4095	4095	2048	4059	4025	1862
0	0	2303	0	1	2049
256	0	2303	262	1	2051
512	0	2303	520	2	2048
768	0	2303	767	2	2046
1024	0	2303	1010	2	2048
1280	0	2303	1271	3	2047
1536	0	2303	1505	3	2041
1792	0	2303	1752	3	2042
2048	0	2303	2002	3	2043
2303	0	2303	2268	4	2043
2559	0	2303	2501	4	2041
2815	0	2303	2756	4	2039
3071	0	2303	2995	4	2033
3327	0	2303	3245	4	2032
3583	0	2303	3492	4	2028
3839	0	2303	3732	5	2026
4095	0	2303	3968	5	2028
0	256	2303	0	259	2057
256	256	2303	261	261	2054
512	256	2303	520	262	2052
768	256	2303	769	263	2052
1024	256	2303	1008	262	2048
1280	256	2303	1269	263	2047
1536	256	2303	1510	263	2048
1792	256	2303	1758	263	2048
2048	256	2303	2006	264	2048
2303	256	2303	2272	264	2046
2559	256	2303	2507	264	2045
2815	256	2303	2762	263	2043
3071	256	2303	3001	262	2037
3327	256	2303	3252	262	2035
3583	256	2303	3498	262	2031
3839	256	2303	3740	262	2030
4095	256	2303	3975	261	2031
0	512	2303	0	514	2059
256	512	2303	259	513	2053
512	512	2303	518	514	2052
768	512	2303	765	514	2049
1024	512	2303	1012	516	2055
1280	512	2303	1269	514	2048
1536	512	2303	1504	512	2044
1792	512	2303	1754	514	2047
2048	512	2303	2002	514	2047
2303	512	2303	2275	515	2050
2559	512	2303	2512	515	2050
2815	512	2303	2758	512	2043
3071	512	2303	3006	512	2042
3327	512	2303	3247	510	2034
3583	512	2303	3501	510	2035
3839	512	2303	3744	510	2034
4095	512	2303	3986	511	2039
0	768	2303	0	772	2063
256	768	2303	259	772	2060
512	768	2303	518	771	2056
768	768	2303	767	770	2053
1024	768	2303	1014	774	2061
1280	768	2303	1273	772	2054
1536	768	2303	1511	770	2051
1792	768	2303	1759	771	2052
2048	768	2303	2007	770	2050
2303	768	2303	2272	769	2049
2559	768	2303	2510	769	2050
2815	768	2303	2762	767	2046
3071	768	2303	3001	764	2040
3327	768	2303	3255	764	2040
3583	768	2303	3507	764	2039
3839	768	2303	3754	765	2040
4095	768	2303	3979	761	2036
0	1024	2303	0	1024	2063
256	1024	2303	259	1026	2065
512	1024	2303	519	1025	2062
768	1024	2303	768	1023	2059
1024	1024	2303	1013	1025	2063
1280	1024	2303	1276	1025	2061
1536	1024	2303	1512	1021	2055
1792	1024	2303	1757	1020	2053
2048	1024	2303	2011	1021	2056
2303	1024	2303	2278	1021	2055
2559	1024	2303	2515	1021	2054
2815	1024	2303	2763	1016	2048
3071	1024	2303	3010	1015	2047
3327	1024	2303	3256	1013	2042
3583	1024	2303	3508	1012	2041
3839	1024	2303	3753	1012	2042
4095	1024	2303	3997	1015	2046
0	1280	2303	0	1285	2069
256	1280	2303	259	1286	2070
512	1280	2303	519	1285	2068
768	1280	2303	769	1283	2064
1024	1280	2303	1015	1286	2069
1280	1280	2303	1275	1282	2062
1536	1280	2303	1515	1280	2060
1792	1280	2303	1761	1279	2058
2048	1280	2303	2009	1277	2057
2303	1280	2303	2277	1277	2056
2559	1280	2303	2514	1276	2056
2815	1280	2303	2771	1275	2054
3071	1280	2303	3011	1271	2049
3327	1280	2303	3262	1270	2047
3583	1280	2303	3515	1269	2047
3839	1280	2303	3754	1266	2043
4095	1280	2303	3987	1264	2043
0	1536	2303	0	1533	2070
256	1536	2303	259	1539	2076
512	1536	2303	519	1534	2069
768	1536	2303	772	1536	2071
1024	1536	2303	1015	1535	2070
1280	1536	2303	1278	1534	2067
1536	1536	2303	1518	1531	2065
1792	1536	2303	1761	1526	2059
2048	1536	2303	2014	1529	2062
2303	1536	2303	2280	1526	2059
2559	1536	2303	2519	1526	2060
2815	1536	2303	2770	1521	2055
3071	1536	2303	3019	1521	2054
3327	1536	2303	3271	1520	2052
3583	1536	2303	3522	1518	2050
3839	1536	2303	3763	1516	2048
4095	1536	2303	4003	1517	2050
0	1792	2303	0	1788	2076
256	1792	2303	259	1790	2078
512	1792	2303	519	1783	2071
768	1792	2303	773	1789	2077
1024	1792	2303	1017	1787	2075
1280	1792	2303	1278	1782	2069
1536	1792	2303	1517	1779	2066
1792	1792	2303	1763	1776	2063
2048	1792	2303	2014	1776	2063
2303	1792	2303	2288	1780	2067
2559	1792	2303	2524	1779	2066
2815	1792	2303	2776	1773	2060
3071	1792	2303	3027	1774	2061
3327	1792	2303	3270	1767	2053
3583	1792	2303	3530	1770	2057
3839	1792	2303	3770	1767	2053
4095	1792	2303	4013	1769	2058
0	2048	2303	0	2043	2087
256	2048	2303	259	2040	2083
512	2048	2303	522	2038	2080
768	2048	2303	773	2036	2079
1024	2048	2303	1020	2040	2082
1280	2048	2303	1280	2031	2073
1536	2048	2303	1521	2030	2072
1792	2048	2303	1768	2026	2069
2048	2048	2303	2020	2026	2069
2303	2048	2303	2294	2030	2073
2559	2048	2303	2532	2029	2073
2815	2048	2303	2783	2022	2066
3071	2048	2303	3030	2020	2064
3327	2048	2303	3283	2019	2062
3583	2048	2303	3532	2014	2059
3839	2048	2303	3784	2017	2062
4095	2048	2303	4014	2013	2060
0	2303	2303	0	2305	2088
256	2303	2303	259	2308	2089
512	2303	2303	522	2306	2086
768	2303	2303	774	2304	2085
1024	2303	2303	1019	2302	2083
1280	2303	2303	1283	2299	2080
1536	2303	2303	1524	2297	2078
1792	2303	2303	1773	2295	2077
2048	2303	2303	2024	2293	2075
2303	2303	2303	2291	2289	2073
2559	2303	2303	2530	2289	2073
2815	2303	2303	2789	2289	2072
3071	2303	2303	3031	2282	2067
3327	2303	2303	3285	2281	2066
3583	2303	2303	3541	2281	2065
3839	2303	2303	3780	2275	2062
4095	2303	2303	4020	2276	2064
0	2559	2303	0	2562	2090
256	2559	2303	262	2564	2090
512	2559	2303	526	2563	2089
768	2559	2303	778	2559	2086
1024	2559	2303	1026	2562	2089
1280	2559	2303	1287	2554	2081
1536	2559	2303	1528	2550	2079
1792	2559	2303	1777	2548	2078
2048	2559	2303	2028	2546	2077
2303	2559	2303	2297	2544	2075
2559	2559	2303	2537	2543	2075
2815	2559	2303	2793	2541	2073
3071	2559	2303	3038	2536	2069
3327	2559	2303	3297	2540	2072
3583	2559	2303	3552	2539	2071
3839	2559	2303	3793	2534	2067
4095	2559	2303	4030	2532	2067
0	2815	2303	0	2817	2095
256	2815	2303	263	2815	2093
512	2815	2303	526	2811	2090
768	2815	2303	781	2815	2092
1024	2815	2303	1026	2810	2089
1280	2815	2303	1290	2807	2087
1536	2815	2303	1528	2798	2080
1792	2815	2303	1776	2795	2078
2048	2815	2303	2029	2794	2078
2303	2815	2303	2306	2801	2083
2559	2815	2303	2543	2797	2081
2815	2815	2303	2799	2793	2078
3071	2815	2303	3047	2791	2076
3327	2815	2303	3297	2786	2072
3583	2815	2303	3549	2781	2069
3839	2815	2303	3798	2783	2071
4095	2815	2303	4037	2783	2072
0	3071	2303	0	3071	2097
256	3071	2303	263	3073	2097
512	3071	2303	527	3068	2093
768	3071	2303	780	3065	2092
1024	3071	2303	1026	3063	2091
1280	3071	2303	1291	3061	2089
1536	3071	2303	1532	3055	2085
1792	3071	2303	1782	3054	2085
2048	3071	2303	2034	3052	2084
2303	3071	2303	2306	3052	2084
2559	3071	2303	2545	3050	2083
2815	3071	2303	2804	3049	2082
3071	3071	2303	3046	3040	2076
3327	3071	2303	3299	3037	2073
3583	3071	2303	3553	3035	2071
3839	3071	2303	3798	3034	2071
4095	3071	2303	4038	3035	2073
0	3327	2303	0	3329	2101
256	3327	2303	263	3326	2098
512	3327	2303	527	3322	2095
768	3327	2303	782	3326	2098
1024	3327	2303	1029	3324	2097
1280	3327	2303	1291	3313	2090
1536	3327	2303	1533	3309	2087
1792	3327	2303	1783	3307	2087
2048	3327	2303	2035	3304	2085
2303	3327	2303	2310	3310	2089
2559	3327	2303	2550	3308	2088
2815	3327	2303	2808	3305	2087
3071	3327	2303	3056	3300	2084
3327	3327	2303	3303	3292	2077
3583	3327	2303	3563	3294	2079
3839	3327	2303	3810	3293	2079
4095	3327	2303	4050	3294	2080
0	3583	2303	0	3585	2109
256	3583	2303	264	3581	2105
512	3583	2303	528	3576	2103
768	3583	2303	782	3572	2101
1024	3583	2303	1029	3571	2100
1280	3583	2303	1294	3565	2096
1536	3583	2303	1536	3560	2093
1792	3583	2303	1787	3560	2093
2048	3583	2303	2040	3557	2092
2303	3583	2303	2314	3561	2095
2559	3583	2303	2555	3559	2094
2815	3583	2303	2814	3557	2093
3071	3583	2303	3059	3549	2088
3327	3583	2303	3314	3546	2086
3583	3583	2303	3570	3544	2085
3839	3583	2303	3811	3537	2081
4095	3583	2303	4050	3536	2082
0	3839	2303	0	3834	2112
256	3839	2303	264	3837	2113
512	3839	2303	530	3830	2108
768	3839	2303	784	3827	2106
1024	3839	2303	1032	3825	2105
1280	3839	2303	1297	3820	2102
1536	3839	2303	1540	3816	2100
1792	3839	2303	1789	3809	2096
2048	3839	2303	2046	3812	2098
2303	3839	2303	2319	3815	2100
2559	3839	2303	2561	3814	2100
2815	3839	2303	2819	3811	2098
3071	3839	2303	3067	3804	2094
3327	3839	2303	3323	3802	2094
3583	3839	2303	3573	3792	2088
3839	3839	2303	3819	3791	2087
4095	3839	2303	4059	3790	2088
0	4095	2303	0	4079	2117
256	4095	2303	264	4074	2113
512	4095	2303	530	4069	2110
768	4095	2303	785	4067	2109
1024	4095	2303	1035	4072	2112
1280	4095	2303	1298	4058	2104
1536	4095	2303	1543	4057	2104
1792	4095	2303	1794	4055	2102
2048	4095	2303	2048	4054	2102
2303	4095	2303	2323	4058	2104
2559	4095	2303	2568	4061	2107
2815	4095	2303	2823	4052	2102
3071	4095	2303	3074	4050	2101
3327	4095	2303	3323	4039	2095
3583	4095	2303	3579	4035	2093
3839	4095	2303	3827	4034	2093
4095	4095	2303	4070	4036	2095
0	0	2559	0	1	2289
256	0	2559	262	1	2285
512	0	2559	521	2	2286
768	0	2559	769	2	2284
1024	0	2559	1008	2	2278
1280	0	2559	1269	3	2276
1536	0	2559	1510	3	2280
1792	0	2559	1756	3	2279
2048	0	2559	2005	3	2279
2303	0	2559	2269	4	2276
2559	0	2559	2506	4	2276
2815	0	2559	2762	4	2275
3071	0	2559	2998	4	2267
3327	0	2559	3249	5	2266
3583	0	2559	3494	5	2260
3839	0	2559	3738	5	2260
4095	0	2559	3971	5	2260
0	256	2559	0	260	2293
256	256	2559	261	262	2289
512	256	2559	521	263	2288
768	256	2559	769	263	2286
1024	256	2559	1013	264	2288
1280	256	2559	1275	264	2286
1536	256	2559	1511	263	2281
1792	256	2559	1759	264	2282
2048	256	2559	2007	264	2281
2303	256	2559	2275	264	2281
2559	256	2559	2510	264	2280
2815	256	2559	2766	264	2278
3071	256	2559	3002	263	2270
3327	256	2559	3253	263	2269
3583	256	2559	3500	262	2263
3839	256	2559	3744	262	2263
4095	256	2559	3986	263	2269
0	512	2559	0	515	2294
256	512	2559	259	515	2288
512	512	2559	519	516	2291
768	512	2559	768	516	2288
1024	512	2559	1011	516	2289
1280	512	2559	1269	514	2281
1536	512	2559	1510	515	2283
1792	512	2559	1756	515	2282
2048	512	2559	2006	515	2283
2303	512	2559	2278	516	2286
2559	512	2559	2513	515	2285
2815	512	2559	2761	513	2277
3071	512	2559	3010	513	2277
3327	512	2559	3253	511	2270
3583	512	2559	3507	512	2269
3839	512	2559	3756	513	2273
4095	512	2559	3985	511	2270
0	768	2559	0	776	2305
256	768	2559	259	772	2294
512	768	2559	520	774	2297
768	768	2559	770	774	2295
1024	768	2559	1012	773	2293
1280	768	2559	1274	773	2290
1536	768	2559	1513	771	2289
1792	768	2559	1761	771	2288
2048	768	2559	2010	771	2287
2303	768	2559	2276	770	2286
2559	768	2559	2519	772	2290
2815	768	2559	2768	769	2283
3071	768	2559	3008	766	2277
3327	768	2559	3259	765	2275
3583	768	2559	3513	766	2275
3839	768	2559	3765	767	2280
4095	768	2559	3985	763	2270
0	1024	2559	0	1025	2300
256	1024	2559	260	1030	2307
512	1024	2559	521	1030	2304
768	1024	2559	772	1028	2303
1024	1024	2559	1016	1028	2301
1280	1024	2559	1277	1026	2297
1536	1024	2559	1518	1026	2296
1792	1024	2559	1761	1022	2291
2048	1024	2559	2013	1023	2293
2303	1024	2559	2282	1023	2293
2559	1024	2559	2518	1022	2292
2815	1024	2559	2767	1018	2284
3071	1024	2559	3014	1017	2282
3327	1024	2559	3266	1016	2281
3583	1024	2559	3515	1014	2277
3839	1024	2559	3760	1014	2277
4095	1024	2559	4001	1016	2281
0	1280	2559	0	1288	2310
256	1280	2559	258	1286	2304
512	1280	2559	520	1288	2306
768	1280	2559	770	1285	2303
1024	1280	2559	1016	1288	2307
1280	1280	2559	1277	1284	2300
1536	1280	2559	1516	1282	2297
1792	1280	2559	1765	1282	2297
2048	1280	2559	2014	1281	2296
2303	1280	2559	2281	1280	2294
2559	1280	2559	2517	1278	2292
2815	1280	2559	2774	1277	2291
3071	1280	2559	3015	1273	2284
3327	1280	2559	3269	1273	2284
3583	1280	2559	3521	1272	2282
3839	1280	2559	3773	1274	2287
4095	1280	2559	3999	1270	2282
0	1536	2559	0	1539	2312
256	1536	2559	260	1541	2313
512	1536	2559	522	1540	2312
768	1536	2559	772	1538	2308
1024	1536	2559	1016	1536	2306
1280	1536	2559	1281	1536	2306
1536	1536	2559	1520	1533	2303
1792	1536	2559	1763	1528	2296
2048	1536	2559	2017	1531	2300
2303	1536	2559	2286	1530	2299
2559	1536	2559	2525	1530	2300
2815	1536	2559	2781	1528	2298
3071	1536	2559	3028	1527	2295
3327	1536	2559	3282	1526	2295
3583	1536	2559	3524	1519	2285
3839	1536	2559	3774	1521	2289
4095	1536	2559	4003	1517	2284
0	1792	2559	0	1794	2320
256	1792	2559	260	1796	2321
512	1792	2559	522	1792	2315
768	1792	2559	775	1792	2316
1024	1792	2559	1019	1790	2314
1280	1792	2559	1284	1790	2313
1536	1792	2559	1521	1783	2305
1792	1792	2559	1768	1781	2302
2048	1792	2559	2018	1780	2302
2303	1792	2559	2292	1785	2306
2559	1792	2559	2531	1784	2306
2815	1792	2559	2781	1777	2299
3071	1792	2559	3038	1782	2304
3327	1792	2559	3283	1775	2296
3583	1792	2559	3532	1771	2291
3839	1792	2559	3781	1773	2294
4095	1792	2559	4012	1769	2291
0	2048	2559	0	2044	2325
256	2048	2559	259	2039	2318
512	2048	2559	523	2042	2320
768	2048	2559	777	2043	2322
1024	2048	2559	1022	2043	2322
1280	2048	2559	1283	2035	2313
1536	2048	2559	1522	2031	2309
1792	2048	2559	1772	2031	2309
2048	2048	2559	2024	2031	2309
2303	2048	2559	2297	2034	2313
2559	2048	2559	2536	2032	2312
2815	2048	2559	2788	2026	2305
3071	2048	2559	3035	2024	2303
3327	2048	2559	3285	2020	2299
3583	2048	2559	3544	2022	2301
3839	2048	2559	3790	2021	2301
4095	2048	2559	4025	2019	2301
0	2303	2559	0	2314	2332
256	2303	2559	259	2311	2328
512	2303	2559	522	2309	2325
768	2303	2559	775	2307	2324
1024	2303	2559	1021	2306	2322
1280	2303	2559	1284	2302	2318
1536	2303	2559	1527	2301	2319
1792	2303	2559	1775	2297	2315
2048	2303	2559	2027	2296	2315
2303	2303	2559	2295	2294	2312
2559	2303	2559	2535	2293	2312
2815	2303	2559	2799	2297	2317
3071	2303	2559	3040	2289	2309
3327	2303	2559	3296	2289	2309
3583	2303	2559	3550	2287	2307
3839	2303	2559	3789	2281	2302
4095	2303	2559	4026	2280	2303
0	2559	2559	0	2571	2334
256	2559	2559	263	2567	2330
512	2559	2559	526	2565	2328
768	2559	2559	778	2561	2324
1024	2559	2559	1026	2563	2327
1280	2559	2559	1288	2556	2320
1536	2559	2559	1530	2553	2318
1792	2559	2559	1779	2551	2317
2048	2559	2559	2032	2550	2316
2303	2559	2559	2300	2548	2314
2559	2559	2559	2538	2545	2312
2815	2559	2559	2802	2549	2316
3071	2559	2559	3043	2541	2308
3327	2559	2559	3299	2542	2309
3583	2559	2559	3550	2537	2304
3839	2559	2559	3799	2538	2307
4095	2559	2559	4031	2533	2303
0	2815	2559	0	2819	2334
256	2815	2559	263	2822	2336
512	2815	2559	528	2818	2332
768	2815	2559	780	2813	2328
1024	2815	2559	1027	2813	2329
1280	2815	2559	1292	2811	2327
1536	2815	2559	1530	2800	2319
1792	2815	2559	1778	2797	2316
2048	2815	2559	2031	2797	2316
2303	2815	2559	2307	2802	2321
2559	2815	2559	2546	2800	2320
2815	2815	2559	2799	2793	2313
3071	2815	2559	3046	2790	2311
3327	2815	2559	3299	2787	2309
3583	2815	2559	3557	2789	2310
3839	2815	2559	3799	2784	2307
4095	2815	2559	4040	2786	2310
0	3071	2559	0	3081	2342
256	3071	2559	263	3076	2337
512	3071	2559	528	3071	2334
768	3071	2559	781	3068	2332
1024	3071	2559	1026	3063	2328
1280	3071	2559	1292	3062	2327
1536	3071	2559	1533	3057	2324
1792	3071	2559	1783	3055	2323
2048	3071	2559	2036	3054	2322
2303	3071	2559	2310	3057	2325
2559	3071	2559	2550	3056	2324
2815	3071	2559	2809	3054	2323
3071	3071	2559	3053	3047	2317
3327	3071	2559	3308	3046	2316
3583	3071	2559	3557	3038	2309
3839	3071	2559	3803	3038	2310
4095	3071	2559	4042	3037	2310
0	3327	2559	0	3333	2342
256	3327	2559	263	3330	2338
512	3327	2559	527	3324	2334
768	3327	2559	782	3327	2336
1024	3327	2559	1030	3325	2336
1280	3327	2559	1295	3322	2333
1536	3327	2559	1534	3311	2326
1792	3327	2559	1786	3312	2327
2048	3327	2559	2038	3308	2325
2303	3327	2559	2311	3311	2327
2559	3327	2559	2551	3309	2326
2815	3327	2559	2804	3301	2320
3071	3327	2559	3053	3298	2318
3327	3327	2559	3310	3298	2318
3583	3327	2559	3565	3296	2317
3839	3327	2559	3812	3295	2317
4095	3327	2559	4050	3293	2317
0	3583	2559	0	3586	2349
256	3583	2559	264	3582	2345
512	3583	2559	529	3580	2344
768	3583	2559	784	3577	2342
1024	3583	2559	1034	3583	2346
1280	3583	2559	1296	3571	2337
1536	3583	2559	1538	3563	2333
1792	3583	2559	1793	3569	2338
2048	3583	2559	2047	3566	2336
2303	3583	2559	2312	3557	2329
2559	3583	2559	2554	3558	2330
2815	3583	2559	2816	3559	2332
3071	3583	2559	3060	3550	2325
3327	3583	2559	3316	3548	2324
3583	3583	2559	3574	3548	2325
3839	3583	2559	3814	3540	2319
4095	3583	2559	4052	3538	2319
0	3839	2559	0	3834	2350
256	3839	2559	264	3838	2352
512	3839	2559	530	3832	2348
768	3839	2559	785	3831	2347
1024	3839	2559	1033	3829	2346
1280	3839	2559	1299	3824	2343
1536	3839	2559	1543	3821	2341
1792	3839	2559	1794	3818	2339
2048	3839	2559	2052	3824	2343
2303	3839	2559	2322	3819	2340
2559	3839	2559	2558	3811	2335
2815	3839	2559	2822	3814	2338
3071	3839	2559	3067	3804	2332
3327	3839	2559	3323	3802	2331
3583	3839	2559	3577	3796	2328
3839	3839	2559	3822	3793	2326
4095	3839	2559	4061	3792	2326
0	4095	2559	0	4084	2359
256	4095	2559	265	4078	2354
512	4095	2559	531	4074	2352
768	4095	2559	788	4078	2355
1024	4095	2559	1037	4076	2354
1280	4095	2559	1300	4063	2345
1536	4095	2559	1548	4067	2348
1792	4095	2559	1797	4060	2343
2048	4095	2559	2055	4065	2347
2303	4095	2559	2330	4068	2349
2559	4095	2559	2571	4066	2349
2815	4095	2559	2824	4054	2341
3071	4095	2559	3074	4049	2338
3327	4095	2559	3327	4043	2334
3583	4095	2559	3583	4040	2334
3839	4095	2559	3831	4038	2333
4095	4095	2559	4071	4037	2333
0	0	2815	0	1	2514
256	0	2815	261	1	2508
512	0	2815	520	2	2506
768	0	2815	771	2	2512
1024	0	2815	1010	3	2508
1280	0	2815	1271	3	2505
1536	0	2815	1502	3	2496
1792	0	2815	1749	3	2496
2048	0	2815	2000	3	2500
2303	0	2815	2267	4	2500
2559	0	2815	2501	4	2498
2815	0	2815	2752	4	2492
3071	0	2815	2996	4	2490
3327	0	2815	3249	5	2490
3583	0	2815	3492	5	2482
3839	0	2815	3735	5	2482
4095	0	2815	3976	5	2488
0	256	2815	0	259	2514
256	256	2815	262	263	2509
512	256	2815	521	264	2507
768	256	2815	770	264	2512
1024	256	2815	1012	264	2509
1280	256	2815	1272	264	2505
1536	256	2815	1512	264	2496
1792	256	2815	1752	263	2496
2048	256	2815	2004	264	2500
2303	256	2815	2272	264	2500
2559	256	2815	2507	264	2498
2815	256	2815	2756	263	2492
3071	256	2815	3001	263	2490
3327	256	2815	3254	263	2490
3583	256	2815	3504	263	2482
3839	256	2815	3738	262	2482
4095	256	2815	3984	263	2489
0	512	2815	0	515	2512
256	512	2815	259	515	2521
512	512	2815	519	516	2518
768	512	2815	767	516	2515
1024	512	2815	1014	518	2515
1280	512	2815	1270	515	2510
1536	512	2815	1509	515	2509
1792	512	2815	1755	514	2500
2048	512	2815	2002	514	2504
2303	512	2815	2270	514	2504
2559	512	2815	2513	515	2503
2815	512	2815	2763	514	2495
3071	512	2815	3000	511	2494
3327	512	2815	3249	511	2494
3583	512	2815	3501	511	2491
3839	512	2815	3754	513	2484
4095	512	2815	3979	510	2493
0	768	2815	0	773	2522
256	768	2815	258	771	2513
512	768	2815	517	770	2517
768	768	2815	768	772	2514
1024	768	2815	1010	772	2522
1280	768	2815	1272	771	2510
1536	768	2815	1510	770	2509
1792	768	2815	1757	770	2507
2048	768	2815	2006	770	2505
2303	768	2815	2274	770	2504
2559	768	2815	2510	768	2511
2815	768	2815	2765	768	2504
3071	768	2815	3005	765	2494
3327	768	2815	3256	765	2492
3583	768	2815	3516	767	2491
3839	768	2815	3744	762	2498
4095	768	2815	3986	763	2491
0	1024	2815	0	1027	2528
256	1024	2815	259	1029	2518
512	1024	2815	520	1026	2514
768	1024	2815	770	1026	2518
1024	1024	2815	1013	1025	2517
1280	1024	2815	1276	1025	2514
1536	1024	2815	1511	1021	2512
1792	1024	2815	1757	1020	2512
2048	1024	2815	2005	1019	2511
2303	1024	2815	2278	1022	2511
2559	1024	2815	2514	1020	2509
2815	1024	2815	2768	1019	2507
3071	1024	2815	3017	1019	2500
3327	1024	2815	3263	1015	2498
3583	1024	2815	3509	1013	2503
3839	1024	2815	3760	1015	2491
4095	1024	2815	3988	1012	2497
0	1280	2815	0	1284	2530
256	1280	2815	258	1286	2532
512	1280	2815	519	1285	2528
768	1280	2815	768	1282	2527
1024	1280	2815	1012	1282	2524
1280	1280	2815	1274	1281	2523
1536	1280	2815	1514	1280	2516
1792	1280	2815	1760	1279	2513
2048	1280	2815	2010	1278	2511
2303	1280	2815	2276	1277	2516
2559	1280	2815	2515	1277	2515
2815	1280	2815	2770	1275	2512
3071	1280	2815	3012	1272	2512
3327	1280	2815	3265	1272	2505
3583	1280	2815	3516	1270	2498
3839	1280	2815	3754	1266	2504
4095	1280	2815	3995	1268	2500
0	1536	2815	0	1537	2531
256	1536	2815	259	1540	2532
512	1536	2815	521	1538	2529
768	1536	2815	771	1536	2525
1024	1536	2815	1014	1535	2525
1280	1536	2815	1279	1534	2523
1536	1536	2815	1514	1528	2521
1792	1536	2815	1762	1527	2520
2048	1536	2815	2011	1526	2519
2303	1536	2815	2283	1529	2516
2559	1536	2815	2521	1528	2517
2815	1536	2815	2773	1523	2515
3071	1536	2815	3017	1521	2508
3327	1536	2815	3264	1516	2508
3583	1536	2815	3523	1519	2506
3839	1536	2815	3769	1519	2500
4095	1536	2815	4003	1517	2506
0	1792	2815	0	1790	2538
256	1792	2815	258	1788	2540
512	1792	2815	520	1787	2537
768	1792	2815	770	1784	2534
1024	1792	2815	1017	1788	2532
1280	1792	2815	1277	1782	2532
1536	1792	2815	1516	1779	2522
1792	1792	2815	1763	1777	2522
2048	1792	2815	2014	1777	2520
2303	1792	2815	2281	1775	2524
2559	1792	2815	2525	1780	2524
2815	1792	2815	2778	1775	2517
3071	1792	2815	3031	1778	2514
3327	1792	2815	3276	1771	2507
3583	1792	2815	3535	1773	2511
3839	1792	2815	3779	1771	2513
4095	1792	2815	4016	1771	2511
0	2048	2815	0	2043	2544
256	2048	2815	259	2042	2540
512	2048	2815	521	2038	2538
768	2048	2815	772	2035	2534
1024	2048	2815	1018	2038	2541
1280	2048	2815	1280	2031	2531
1536	2048	2815	1520	2029	2528
1792	2048	2815	1768	2027	2525
2048	2048	2815	2019	2026	2525
2303	2048	2815	2286	2023	2523
2559	2048	2815	2529	2027	2530
2815	2048	2815	2785	2024	2523
3071	2048	2815	3026	2017	2528
3327	2048	2815	3283	2019	2520
3583	2048	2815	3539	2019	2521
3839	2048	2815	3784	2018	2521
4095	2048	2815	4015	2013	2522
0	2303	2815	0	2305	2554
256	2303	2815	258	2307	2551
512	2303	2815	521	2305	2546
768	2303	2815	773	2303	2542
1024	2303	2815	1017	2300	2546
1280	2303	2815	1281	2297	2538
1536	2303	2815	1522	2294	2536
1792	2303	2815	1766	2287	2534
2048	2303	2815	2022	2290	2533
2303	2303	2815	2289	2287	2529
2559	2303	2815	2526	2285	2534
2815	2303	2815	2792	2292	2531
3071	2303	2815	3034	2285	2523
3327	2303	2815	3289	2285	2527
3583	2303	2815	3539	2280	2526
3839	2303	2815	3783	2277	2526
4095	2303	2815	4021	2277	2521
0	2559	2815	0	2565	2553
256	2559	2815	261	2562	2554
512	2559	2815	524	2559	2552
768	2559	2815	777	2556	2549
1024	2559	2815	1021	2554	2546
1280	2559	2815	1286	2553	2543
1536	2559	2815	1529	2551	2540
1792	2559	2815	1780	2552	2533
2048	2559	2815	2031	2550	2538
2303	2559	2815	2295	2543	2535
2559	2559	2815	2535	2543	2533
2815	2559	2815	2800	2549	2540
3071	2559	2815	3041	2540	2533
3327	2559	2815	3294	2538	2533
3583	2559	2815	3545	2533	2527
3839	2559	2815	3787	2529	2526
4095	2559	2815	4028	2531	2528
0	2815	2815	0	2813	2560
256	2815	2815	262	2811	2556
512	2815	2815	526	2812	2552
768	2815	2815	777	2806	2549
1024	2815	2815	1025	2810	2548
1280	2815	2815	1286	2800	2546
1536	2815	2815	1528	2797	2546
1792	2815	2815	1778	2797	2548
2048	2815	2815	2030	2795	2544
2303	2815	2815	2308	2804	2538
2559	2815	2815	2548	2802	2539
2815	2815	2815	2801	2795	2544
3071	2815	2815	3051	2794	2535
3327	2815	2815	3298	2786	2534
3583	2815	2815	3553	2785	2529
3839	2815	2815	3798	2783	2527
4095	2815	2815	4034	2780	2530
0	3071	2815	0	3069	2559
256	3071	2815	263	3071	2556
512	3071	2815	526	3067	2557
768	3071	2815	779	3063	2552
1024	3071	2815	1024	3060	2556
1280	3071	2815	1290	3058	2547
1536	3071	2815	1530	3053	2544
1792	3071	2815	1776	3045	2544
2048	3071	2815	2038	3057	2543
2303	3071	2815	2309	3057	2553
2559	3071	2815	2549	3055	2552
2815	3071	2815	2802	3047	2544
3071	3071	2815	3051	3045	2544
3327	3071	2815	3303	3042	2537
3583	3071	2815	3552	3035	2536
3839	3071	2815	3797	3033	2536
4095	3071	2815	4037	3033	2535
0	3327	2815	0	3329	2563
256	3327	2815	262	3326	2564
512	3327	2815	527	3321	2560
768	3327	2815	780	3318	2558
1024	3327	2815	1027	3319	2555
1280	3327	2815	1290	3311	2554
1536	3327	2815	1531	3305	2550
1792	3327	2815	1781	3304	2542
2048	3327	2815	2034	3302	2555
2303	3327	2815	2309	3308	2553
2559	3327	2815	2552	3311	2552
2815	3327	2815	2805	3302	2546
3071	3327	2815	3055	3300	2544
3327	3327	2815	3304	3293	2541
3583	3327	2815	3559	3291	2535
3839	3327	2815	3806	3290	2535
4095	3327	2815	4044	3288	2537
0	3583	2815	0	3581	2570
256	3583	2815	263	3577	2566
512	3583	2815	528	3573	2562
768	3583	2815	781	3569	2560
1024	3583	2815	1030	3574	2563
1280	3583	2815	1294	3564	2555
1536	3583	2815	1536	3559	2551
1792	3583	2815	1791	3565	2551
2048	3583	2815	2042	3559	2548
2303	3583	2815	2309	3552	2554
2559	3583	2815	2555	3558	2558
2815	3583	2815	2811	3553	2551
3071	3583	2815	3056	3545	2550
3327	3583	2815	3313	3545	2544
3583	3583	2815	3563	3537	2543
3839	3583	2815	3809	3536	2544
4095	3583	2815	4050	3537	2543
0	3839	2815	0	3831	2577
256	3839	2815	263	3833	2573
512	3839	2815	529	3830	2570
768	3839	2815	783	3822	2567
1024	3839	2815	1033	3828	2572
1280	3839	2815	1300	3826	2564
1536	3839	2815	1537	3808	2561
1792	3839	2815	1792	3813	2567
2048	3839	2815	2044	3809	2562
2303	3839	2815	2319	3813	2556
2559	3839	2815	2560	3813	2562
2815	3839	2815	2813	3802	2559
3071	3839	2815	3063	3799	2552
3327	3839	2815	3314	3792	2553
3583	3839	2815	3572	3791	2547
3839	3839	2815	3818	3789	2547
4095	3839	2815	4058	3789	2548
0	4095	2815	0	4076	2580
256	4095	2815	264	4072	2580
512	4095	2815	530	4069	2578
768	4095	2815	784	4064	2572
1024	4095	2815	1035	4070	2577
1280	4095	2815	1301	4066	2576
1536	4095	2815	1542	4057	2562
1792	4095	2815	1798	4063	2567
2048	4095	2815	2052	4060	2564
2303	4095	2815	2324	4058	2569
2559	4095	2815	2568	4062	2568
2815	4095	2815	2823	4052	2561
3071	4095	2815	3069	4043	2561
3327	4095	2815	3325	4041	2555
3583	4095	2815	3582	4039	2556
3839	4095	2815	3831	4039	2554
4095	4095	2815	4061	4027	2555
0	0	3071	0	1	2740
256	0	3071	262	2	2744
512	0	3071	521	2	2741
768	0	3071	769	2	2739
1024	0	3071	1009	3	2735
1280	0	3071	1270	3	2733
1536	0	3071	1507	3	2731
1792	0	3071	1747	3	2722
2048	0	3071	1999	4	2728
2303	0	3071	2266	4	2727
2559	0	3071	2500	4	2725
2815	0	3071	2747	4	2715
3071	0	3071	2994	4	2715
3327	0	3071	3252	5	2721
3583	0	3071	3489	5	2707
3839	0	3071	3740	5	2714
4095	0	3071	3974	5	2715
0	256	3071	0	259	2740
256	256	3071	260	262	2743
512	256	3071	520	263	2741
768	256	3071	769	263	2739
1024	256	3071	1010	264	2735
1280	256	3071	1272	264	2733
1536	256	3071	1509	263	2731
1792	256	3071	1750	263	2722
2048	256	3071	2004	264	2728
2303	256	3071	2269	264	2727
2559	256	3071	2504	263	2725
2815	256	3071	2759	263	2717
3071	256	3071	2999	263	2716
3327	256	3071	3251	263	2721
3583	256	3071	3502	263	2708
3839	256	3071	3743	263	2715
4095	256	3071	3979	262	2715
0	512	3071	0	515	2744
256	512	3071	259	516	2742
512	512	3071	519	516	2744
768	512	3071	768	516	2741
1024	512	3071	1012	517	2740
1280	512	3071	1269	515	2738
1536	512	3071	1507	514	2735
1792	512	3071	1753	514	2728
2048	512	3071	2001	513	2733
2303	512	3071	2266	513	2730
2559	512	3071	2509	515	2730
2815	512	3071	2757	513	2727
3071	512	3071	3003	512	2721
3327	512	3071	3255	512	2719
3583	512	3071	3506	512	2718
3839	512	3071	3753	512	2717
4095	512	3071	3976	510	2717
0	768	3071	0	774	2751
256	768	3071	258	773	2747
512	768	3071	518	773	2745
768	768	3071	769	773	2744
1024	768	3071	1012	774	2748
1280	768	3071	1271	771	2738
1536	768	3071	1510	770	2736
1792	768	3071	1756	769	2734
2048	768	3071	2006	770	2733
2303	768	3071	2270	768	2729
2559	768	3071	2508	768	2735
2815	768	3071	2768	769	2728
3071	768	3071	3009	766	2727
3327	768	3071	3260	766	2724
3583	768	3071	3509	765	2722
3839	768	3071	3745	762	2725
4095	768	3071	3985	763	2717
0	1024	3071	0	1026	2757
256	1024	3071	259	1028	2752
512	1024	3071	520	1027	2751
768	1024	3071	770	1027	2750
1024	1024	3071	1012	1025	2751
1280	1024	3071	1275	1025	2743
1536	1024	3071	1510	1021	2742
1792	1024	3071	1755	1019	2741
2048	1024	3071	2006	1019	2740
2303	1024	3071	2278	1021	2736
2559	1024	3071	2516	1021	2737
2815	1024	3071	2765	1017	2739
3071	1024	3071	3013	1017	2732
3327	1024	3071	3265	1017	2731
3583	1024	3071	3516	1015	2726
3839	1024	3071	3762	1015	2722
4095	1024	3071	3993	1013	2725
0	1280	3071	0	1287	2760
256	1280	3071	257	1285	2760
512	1280	3071	518	1285	2759
768	1280	3071	768	1283	2757
1024	1280	3071	1011	1282	2753
1280	1280	3071	1274	1281	2752
1536	1280	3071	1513	1280	2743
1792	1280	3071	1758	1278	2742
2048	1280	3071	2009	1277	2741
2303	1280	3071	2276	1276	2745
2559	1280	3071	2514	1276	2746
2815	1280	3071	2775	1278	2738
3071	1280	3071	3015	1273	2737
3327	1280	3071	3268	1272	2736
3583	1280	3071	3523	1273	2733
3839	1280	3071	3758	1268	2734
4095	1280	3071	3996	1268	2732
0	1536	3071	0	1537	2767
256	1536	3071	259	1539	2763
512	1536	3071	521	1539	2761
768	1536	3071	771	1536	2758
1024	1536	3071	1014	1534	2756
1280	1536	3071	1276	1532	2753
1536	1536	3071	1512	1527	2751
1792	1536	3071	1761	1527	2748
2048	1536	3071	2009	1525	2747
2303	1536	3071	2286	1531	2746
2559	1536	3071	2524	1530	2748
2815	1536	3071	2775	1525	2749
3071	1536	3071	3022	1523	2742
3327	1536	3071	3268	1519	2740
3583	1536	3071	3523	1519	2740
3839	1536	3071	3769	1519	2734
4095	1536	3071	4003	1517	2736
0	1792	3071	0	1790	2769
256	1792	3071	257	1788	2771
512	1792	3071	520	1788	2769
768	1792	3071	770	1786	2766
1024	1792	3071	1016	1788	2764
1280	1792	3071	1277	1782	2760
1536	1792	3071	1517	1780	2751
1792	1792	3071	1763	1777	2752
2048	1792	3071	2014	1777	2749
2303	1792	3071	2292	1784	2759
2559	1792	3071	2531	1784	2759
2815	1792	3071	2783	1778	2751
3071	1792	3071	3031	1778	2749
3327	1792	3071	3275	1770	2741
3583	1792	3071	3531	1770	2741
3839	1792	3071	3778	1770	2743
4095	1792	3071	4013	1769	2742
0	2048	3071	0	2043	2777
256	2048	3071	258	2038	2772
512	2048	3071	520	2036	2771
768	2048	3071	771	2033	2768
1024	2048	3071	1018	2037	2773
1280	2048	3071	1279	2031	2763
1536	2048	3071	1520	2029	2761
1792	2048	3071	1769	2028	2757
2048	2048	3071	2023	2030	2757
2303	2048	3071	2293	2030	2766
2559	2048	3071	2531	2029	2766
2815	2048	3071	2788	2026	2759
3071	2048	3071	3036	2025	2759
3327	2048	3071	3284	2020	2750
3583	2048	3071	3542	2021	2750
3839	2048	3071	3785	2018	2751
4095	2048	3071	4020	2016	2751
0	2303	3071	0	2304	2786
256	2303	3071	257	2308	2779
512	2303	3071	521	2307	2777
768	2303	3071	773	2304	2772
1024	2303	3071	1016	2299	2777
1280	2303	3071	1281	2297	2769
1536	2303	3071	1522	2295	2768
1792	2303	3071	1768	2289	2765
2048	2303	3071	2022	2291	2769
2303	2303	3071	2297	2295	2768
2559	2303	3071	2536	2295	2768
2815	2303	3071	2794	2294	2766
3071	2303	3071	3035	2286	2764
3327	2303	3071	3290	2285	2758
3583	2303	3071	3539	2280	2759
3839	2303	3071	3786	2279	2757
4095	2303	3071	4021	2276	2756
0	2559	3071	0	2566	2785
256	2559	3071	261	2562	2787
512	2559	3071	525	2560	2786
768	2559	3071	777	2557	2783
1024	2559	3071	1021	2555	2778
1280	2559	3071	1285	2551	2776
1536	2559	3071	1530	2554	2775
1792	2559	3071	1776	2547	2767
2048	2559	3071	2029	2547	2770
2303	2559	3071	2301	2549	2774
2559	2559	3071	2540	2548	2774
2815	2559	3071	2799	2548	2774
3071	2559	3071	3040	2539	2765
3327	2559	3071	3296	2540	2765
3583	2559	3071	3549	2536	2758
3839	2559	3071	3789	2531	2759
4095	2559	3071	4027	2529	2758
0	2815	3071	0	2813	2794
256	2815	3071	261	2809	2788
512	2815	3071	525	2809	2786
768	2815	3071	778	2810	2783
1024	2815	3071	1024	2808	2782
1280	2815	3071	1288	2804	2777
1536	2815	3071	1527	2797	2780
1792	2815	3071	1778	2798	2774
2048	2815	3071	2031	2796	2774
2303	2815	3071	2303	2798	2775
2559	2815	3071	2541	2796	2774
2815	2815	3071	2798	2793	2774
3071	2815	3071	3046	2790	2767
3327	2815	3071	3296	2785	2766
3583	2815	3071	3551	2784	2764
3839	2815	3071	3796	2781	2760
4095	2815	3071	4033	2779	2760
0	3071	3071	0	3064	2792
256	3071	3071	261	3068	2788
512	3071	3071	525	3062	2787
768	3071	3071	778	3061	2789
1024	3071	3071	1024	3060	2787
1280	3071	3071	1290	3060	2784
1536	3071	3071	1534	3059	2776
1792	3071	3071	1776	3046	2777
2048	3071	3071	2033	3050	2776
2303	3071	3071	2307	3054	2779
2559	3071	3071	2547	3053	2777
2815	3071	3071	2805	3051	2774
3071	3071	3071	3049	3044	2773
3327	3071	3071	3304	3043	2767
3583	3071	3071	3551	3034	2766
3839	3071	3071	3796	3031	2766
4095	3071	3071	4038	3034	2765
0	3327	3071	0	3325	2793
256	3327	3071	262	3322	2795
512	3327	3071	525	3318	2790
768	3327	3071	779	3314	2788
1024	3327	3071	1029	3325	2789
1280	3327	3071	1292	3316	2787
1536	3327	3071	1532	3308	2788
1792	3327	3071	1785	3310	2776
2048	3327	3071	2039	3309	2780
2303	3327	3071	2312	3313	2784
2559	3327	3071	2555	3315	2784
2815	3327	3071	2806	3303	2782
3071	3327	3071	3054	3300	2776
3327	3327	3071	3306	3294	2774
3583	3327	3071	3561	3293	2767
3839	3327	3071	3810	3294	2766
4095	3327	3071	4048	3291	2770
0	3583	3071	0	3582	2802
256	3583	3071	262	3576	2797
512	3583	3071	528	3574	2794
768	3583	3071	782	3571	2791
1024	3583	3071	1029	3568	2800
1280	3583	3071	1296	3570	2793
1536	3583	3071	1538	3564	2786
1792	3583	3071	1791	3565	2790
2048	3583	3071	2044	3562	2788
2303	3583	3071	2312	3557	2792
2559	3583	3071	2553	3556	2793
2815	3583	3071	2812	3554	2784
3071	3583	3071	3056	3546	2782
3327	3583	3071	3312	3544	2777
3583	3583	3071	3563	3537	2777
3839	3583	3071	3809	3536	2778
4095	3583	3071	4049	3536	2777
0	3839	3071	0	3830	2812
256	3839	3071	263	3832	2807
512	3839	3071	529	3828	2805
768	3839	3071	783	3823	2803
1024	3839	3071	1030	3821	2799
1280	3839	3071	1299	3824	2802
1536	3839	3071	1540	3815	2798
1792	3839	3071	1791	3812	2799
2048	3839	3071	2048	3815	2797
2303	3839	3071	2319	3814	2793
2559	3839	3071	2560	3812	2793
2815	3839	3071	2814	3803	2792
3071	3839	3071	3063	3799	2786
3327	3839	3071	3319	3798	2785
3583	3839	3071	3568	3788	2778
3839	3839	3071	3817	3789	2778
4095	3839	3071	4057	3788	2779
0	4095	3071	0	4074	2813
256	4095	3071	263	4073	2814
512	4095	3071	531	4074	2811
768	4095	3071	786	4072	2807
1024	4095	3071	1034	4069	2806
1280	4095	3071	1297	4057	2807
1536	4095	3071	1545	4062	2801
1792	4095	3071	1797	4060	2800
2048	4095	3071	2049	4057	2803
2303	4095	3071	2321	4054	2802
2559	4095	3071	2567	4060	2803
2815	4095	3071	2822	4050	2795
3071	4095	3071	3071	4045	2794
3327	4095	3071	3324	4039	2792
3583	4095	3071	3580	4037	2786
3839	4095	3071	3826	4034	2786
4095	4095	3071	4068	4035	2786
0	0	3327	0	1	2967
256	0	3327	262	2	2964
512	0	3327	520	2	2961
768	0	3327	768	2	2960
1024	0	3327	1011	3	2961
1280	0	3327	1269	3	2953
1536	0	3327	1507	3	2952
1792	0	3327	1751	3	2949
2048	0	3327	2000	4	2949
2303	0	3327	2265	4	2947
2559	0	3327	2501	4	2946
2815	0	3327	2759	4	2949
3071	0	3327	2998	5	2940
3327	0	3327	3251	5	2941
3583	0	3327	3495	5	2932
3839	0	3327	3740	5	2933
4095	0	3327	3974	5	2935
0	256	3327	0	260	2967
256	256	3327	260	262	2965
512	256	3327	519	263	2962
768	256	3327	767	263	2960
1024	256	3327	1012	264	2962
1280	256	3327	1270	264	2954
1536	256	3327	1507	263	2953
1792	256	3327	1752	263	2950
2048	256	3327	2002	264	2950
2303	256	3327	2269	264	2948
2559	256	3327	2503	263	2947
2815	256	3327	2759	263	2949
3071	256	3327	2999	263	2940
3327	256	3327	3250	263	2941
3583	256	3327	3509	264	2934
3839	256	3327	3753	264	2936
4095	256	3327	3981	263	2936
0	512	3327	0	515	2968
256	512	3327	259	517	2969
512	512	3327	519	517	2967
768	512	3327	768	517	2963
1024	512	3327	1009	516	2967
1280	512	3327	1270	516	2959
1536	512	3327	1506	514	2955
1792	512	3327	1751	513	2952
2048	512	3327	1999	513	2953
2303	512	3327	2271	514	2953
2559	512	3327	2507	514	2950
2815	512	3327	2762	514	2950
3071	512	3327	3008	513	2943
3327	512	3327	3254	512	2940
3583	512	3327	3508	512	2944
3839	512	3327	3755	513	2945
4095	512	3327	3985	511	2941
0	768	3327	0	774	2974
256	768	3327	258	773	2974
512	768	3327	518	773	2973
768	768	3327	769	774	2972
1024	768	3327	1012	774	2968
1280	768	3327	1270	771	2963
1536	768	3327	1509	770	2958
1792	768	3327	1756	770	2956
2048	768	3327	2004	769	2953
2303	768	3327	2276	771	2958
2559	768	3327	2512	770	2957
2815	768	3327	2770	770	2956
3071	768	3327	3015	769	2954
3327	768	3327	3259	766	2946
3583	768	3327	3515	767	2946
3839	768	3327	3756	765	2948
4095	768	3327	3993	766	2946
0	1024	3327	0	1028	2982
256	1024	3327	259	1028	2977
512	1024	3327	519	1027	2974
768	1024	3327	769	1026	2976
1024	1024	3327	1011	1025	2976
1280	1024	3327	1274	1024	2966
1536	1024	3327	1512	1023	2965
1792	1024	3327	1759	1022	2964
2048	1024	3327	2008	1021	2960
2303	1024	3327	2280	1022	2965
2559	1024	3327	2518	1022	2965
2815	1024	3327	2774	1021	2964
3071	1024	3327	3015	1018	2960
3327	1024	3327	3267	1017	2952
3583	1024	3327	3515	1015	2952
3839	1024	3327	3759	1014	2951
4095	1024	3327	3993	1013	2953
0	1280	3327	0	1285	2988
256	1280	3327	257	1284	2984
512	1280	3327	517	1283	2981
768	1280	3327	767	1281	2978
1024	1280	3327	1012	1284	2977
1280	1280	3327	1271	1279	2973
1536	1280	3327	1511	1278	2970
1792	1280	3327	1761	1280	2970
2048	1280	3327	2010	1278	2967
2303	1280	3327	2278	1278	2971
2559	1280	3327	2516	1278	2971
2815	1280	3327	2773	1277	2969
3071	1280	3327	3019	1275	2962
3327	1280	3327	3267	1272	2960
3583	1280	3327	3522	1272	2955
3839	1280	3327	3764	1270	2954
4095	1280	3327	4001	1270	2955
0	1536	3327	0	1539	2988
256	1536	3327	258	1538	2985
512	1536	3327	520	1538	2982
768	1536	3327	770	1535	2979
1024	1536	3327	1012	1532	2981
1280	1536	3327	1276	1532	2973
1536	1536	3327	1515	1529	2971
1792	1536	3327	1762	1528	2975
2048	1536	3327	2015	1529	2973
2303	1536	3327	2285	1530	2972
2559	1536	3327	2522	1529	2973
2815	1536	3327	2778	1527	2971
3071	1536	3327	3020	1523	2968
3327	1536	3327	3271	1521	2962
3583	1536	3327	3527	1521	2962
3839	1536	3327	3766	1517	2960
4095	1536	3327	4001	1516	2962
0	1792	3327	0	1789	2996
256	1792	3327	258	1790	2993
512	1792	3327	520	1790	2993
768	1792	3327	770	1786	2988
1024	1792	3327	1015	1787	2985
1280	1792	3327	1277	1783	2982
1536	1792	3327	1519	1783	2979
1792	1792	3327	1762	1776	2976
2048	1792	3327	2017	1779	2979
2303	1792	3327	2290	1783	2981
2559	1792	3327	2528	1782	2980
2815	1792	3327	2780	1777	2976
3071	1792	3327	3029	1776	2971
3327	1792	3327	3279	1773	2968
3583	1792	3327	3529	1769	2967
3839	1792	3327	3775	1769	2964
4095	1792	3327	4012	1768	2963
0	2048	3327	0	2040	3000
256	2048	3327	258	2041	3001
512	2048	3327	521	2039	2998
768	2048	3327	772	2037	2994
1024	2048	3327	1017	2035	2994
1280	2048	3327	1283	2037	2991
1536	2048	3327	1520	2029	2989
1792	2048	3327	1770	2030	2980
2048	2048	3327	2022	2028	2984
2303	2048	3327	2292	2029	2988
2559	2048	3327	2529	2027	2987
2815	2048	3327	2786	2026	2981
3071	2048	3327	3034	2024	2980
3327	2048	3327	3281	2018	2976
3583	2048	3327	3538	2019	2971
3839	2048	3327	3780	2015	2973
4095	2048	3327	4021	2016	2973
0	2303	3327	0	2307	3008
256	2303	3327	257	2306	3007
512	2303	3327	520	2304	3004
768	2303	3327	772	2301	3001
1024	2303	3327	1018	2302	3000
1280	2303	3327	1280	2296	3000
1536	2303	3327	1523	2297	2992
1792	2303	3327	1769	2291	2992
2048	2303	3327	2025	2294	2992
2303	2303	3327	2296	2295	2991
2559	2303	3327	2539	2298	2991
2815	2303	3327	2793	2293	2989
3071	2303	3327	3032	2284	2985
3327	2303	3327	3287	2283	2980
3583	2303	3327	3540	2280	2980
3839	2303	3327	3786	2279	2978
4095	2303	3327	4019	2275	2979
0	2559	3327	0	2563	3013
256	2559	3327	260	2560	3010
512	2559	3327	523	2556	3007
768	2559	3327	775	2554	3004
1024	2559	3327	1023	2558	3007
1280	2559	3327	1284	2550	2997
1536	2559	3327	1529	2553	3000
1792	2559	3327	1778	2551	2994
2048	2559	3327	2030	2549	2997
2303	2559	3327	2306	2555	2999
2559	2559	3327	2544	2552	3003
2815	2559	3327	2796	2545	2996
3071	2559	3327	3044	2543	2987
3327	2559	3327	3293	2537	2986
3583	2559	3327	3548	2536	2984
3839	2559	3327	3793	2534	2984
4095	2559	3327	4031	2532	2981
0	2815	3327	0	2812	3016
256	2815	3327	261	2813	3011
512	2815	3327	525	2811	3007
768	2815	3327	778	2810	3006
1024	2815	3327	1025	2812	3010
1280	2815	3327	1290	2809	3001
1536	2815	3327	1530	2802	3004
1792	2815	3327	1779	2799	3002
2048	2815	3327	2035	2802	3001
2303	2815	3327	2306	2802	3006
2559	2815	3327	2545	2800	3004
2815	2815	3327	2804	2799	2997
3071	2815	3327	3046	2790	2995
3327	2815	3327	3302	2790	2990
3583	2815	3327	3550	2783	2988
3839	2815	3327	3797	2782	2988
4095	2815	3327	4031	2777	2987
0	3071	3327	0	3067	3017
256	3071	3327	261	3069	3018
512	3071	3327	526	3069	3016
768	3071	3327	779	3065	3015
1024	3071	3327	1025	3064	3016
1280	3071	3327	1288	3056	3012
1536	3071	3327	1534	3060	3007
1792	3071	3327	1782	3055	3004
2048	3071	3327	2035	3053	3007
2303	3071	3327	2305	3054	3006
2559	3071	3327	2545	3052	3006
2815	3071	3327	2806	3052	3006
3071	3071	3327	3048	3043	2997
3327	3071	3327	3305	3043	2998
3583	3071	3327	3555	3038	2991
3839	3071	3327	3800	3035	2991
4095	3071	3327	4035	3031	2988
0	3327	3327	0	3324	3022
256	3327	3327	262	3327	3022
512	3327	3327	526	3323	3021
768	3327	3327	779	3319	3018
1024	3327	3327	1028	3323	3018
1280	3327	3327	1293	3319	3009
1536	3327	3327	1534	3312	3013
1792	3327	3327	1783	3308	3009
2048	3327	3327	2041	3313	3008
2303	3327	3327	2312	3314	3009
2559	3327	3327	2551	3311	3008
2815	3327	3327	2803	3301	3007
3071	3327	3327	3052	3298	3001
3327	3327	3327	3309	3297	3000
3583	3327	3327	3560	3291	2996
3839	3327	3327	3805	3288	2994
4095	3327	3327	4044	3287	2992
0	3583	3327	0	3574	3026
256	3583	3327	261	3573	3027
512	3583	3327	526	3569	3023
768	3583	3327	779	3565	3020
1024	3583	3327	1030	3574	3026
1280	3583	3327	1294	3566	3022
1536	3583	3327	1537	3562	3015
1792	3583	3327	1787	3560	3013
2048	3583	3327	2041	3558	3017
2303	3583	3327	2312	3558	3018
2559	3583	3327	2555	3560	3018
2815	3583	3327	2810	3552	3009
3071	3583	3327	3059	3549	3007
3327	3583	3327	3312	3543	3005
3583	3583	3327	3565	3540	3001
3839	3583	3327	3812	3539	3000
4095	3583	3327	4050	3537	3000
0	3839	3327	0	3832	3034
256	3839	3327	262	3830	3031
512	3839	3327	528	3825	3027
768	3839	3327	782	3821	3024
1024	3839	3327	1033	3830	3033
1280	3839	3327	1297	3822	3025
1536	3839	3327	1539	3815	3022
1792	3839	3327	1792	3815	3022
2048	3839	3327	2046	3813	3020
2303	3839	3327	2316	3810	3019
2559	3839	3327	2558	3811	3023
2815	3839	3327	2816	3806	3018
3071	3839	3327	3061	3797	3014
3327	3839	3327	3318	3796	3010
3583	3839	3327	3572	3793	3007
3839	3839	3327	3815	3787	3007
4095	3839	3327	4057	3789	3006
0	4095	3327	0	4080	3044
256	4095	3327	263	4077	3040
512	4095	3327	531	4079	3037
768	4095	3327	786	4074	3034
1024	4095	3327	1035	4075	3041
1280	4095	3327	1301	4068	3034
1536	4095	3327	1542	4059	3029
1792	4095	3327	1795	4058	3029
2048	4095	3327	2051	4061	3030
2303	4095	3327	2324	4058	3027
2559	4095	3327	2566	4058	3029
2815	4095	3327	2820	4048	3025
3071	4095	3327	3069	4043	3019
3327	4095	3327	3326	4042	3018
3583	4095	3327	3578	4035	3015
3839	4095	3327	3824	4032	3011
4095	4095	3327	4067	4034	3013
0	0	3583	0	1	3191
256	0	3583	262	2	3193
512	0	3583	520	2	3190
768	0	3583	770	3	3190
1024	0	3583	1011	3	3189
1280	0	3583	1271	3	3184
1536	0	3583	1505	3	3175
1792	0	3583	1751	4	3174
2048	0	3583	1998	4	3172
2303	0	3583	2269	4	3176
2559	0	3583	2504	4	3176
2815	0	3583	2757	4	3172
3071	0	3583	3000	5	3168
3327	0	3583	3247	5	3161
3583	0	3583	3503	5	3163
3839	0	3583	3743	5	3161
4095	0	3583	3979	5	3163
0	256	3583	0	260	3193
256	256	3583	261	263	3195
512	256	3583	520	264	3192
768	256	3583	769	264	3191
1024	256	3583	1012	265	3190
1280	256	3583	1272	264	3185
1536	256	3583	1506	263	3176
1792	256	3583	1753	263	3176
2048	256	3583	2002	263	3174
2303	256	3583	2276	265	3179
2559	256	3583	2511	265	3178
2815	256	3583	2763	264	3174
3071	256	3583	3007	264	3170
3327	256	3583	3254	263	3163
3583	256	3583	3510	264	3165
3839	256	3583	3754	264	3164
4095	256	3583	3985	263	3164
0	512	3583	0	517	3199
256	512	3583	259	517	3200
512	512	3583	519	517	3197
768	512	3583	767	516	3193
1024	512	3583	1011	517	3194
1280	512	3583	1270	516	3188
1536	512	3583	1507	515	3181
1792	512	3583	1757	515	3182
2048	512	3583	2007	516	3181
2303	512	3583	2270	515	3185
2559	512	3583	2507	514	3183
2815	512	3583	2761	514	3179
3071	512	3583	3008	513	3175
3327	512	3583	3259	513	3171
3583	512	3583	3513	513	3171
3839	512	3583	3750	512	3170
4095	512	3583	3986	511	3168
0	768	3583	0	775	3206
256	768	3583	259	775	3202
512	768	3583	519	774	3199
768	768	3583	769	774	3196
1024	768	3583	1011	773	3198
1280	768	3583	1271	772	3190
1536	768	3583	1510	771	3187
1792	768	3583	1758	771	3190
2048	768	3583	2006	770	3188
2303	768	3583	2275	770	3184
2559	768	3583	2511	770	3184
2815	768	3583	2767	769	3181
3071	768	3583	3009	767	3178
3327	768	3583	3265	768	3178
3583	768	3583	3513	766	3175
3839	768	3583	3758	766	3171
4095	768	3583	3995	765	3173
0	1024	3583	0	1028	3211
256	1024	3583	258	1027	3207
512	1024	3583	518	1026	3203
768	1024	3583	770	1027	3203
1024	1024	3583	1012	1026	3202
1280	1024	3583	1272	1023	3194
1536	1024	3583	1511	1022	3194
1792	1024	3583	1758	1021	3192
2048	1024	3583	2011	1022	3191
2303	1024	3583	2282	1024	3192
2559	1024	3583	2521	1023	3192
2815	1024	3583	2773	1021	3189
3071	1024	3583	3018	1019	3183
3327	1024	3583	3267	1017	3184
3583	1024	3583	3518	1016	3177
3839	1024	3583	3763	1015	3178
4095	1024	3583	3998	1014	3180
0	1280	3583	0	1285	3214
256	1280	3583	257	1286	3210
512	1280	3583	518	1285	3207
768	1280	3583	768	1283	3208
1024	1280	3583	1012	1284	3206
1280	1280	3583	1273	1281	3198
1536	1280	3583	1512	1280	3197
1792	1280	3583	1761	1280	3196
2048	1280	3583	2011	1279	3197
2303	1280	3583	2283	1281	3202
2559	1280	3583	2521	1280	3202
2815	1280	3583	2777	1279	3197
3071	1280	3583	3020	1276	3192
3327	1280	3583	3271	1274	3187
3583	1280	3583	3521	1272	3183
3839	1280	3583	3764	1270	3183
4095	1280	3583	4002	1270	3184
0	1536	3583	0	1538	3216
256	1536	3583	257	1535	3214
512	1536	3583	519	1536	3212
768	1536	3583	770	1536	3211
1024	1536	3583	1014	1534	3211
1280	1536	3583	1278	1535	3207
1536	1536	3583	1514	1528	3201
1792	1536	3583	1765	1530	3203
2048	1536	3583	2016	1530	3201
2303	1536	3583	2283	1529	3204
2559	1536	3583	2525	1531	3205
2815	1536	3583	2777	1527	3201
3071	1536	3583	3022	1524	3196
3327	1536	3583	3271	1521	3191
3583	1536	3583	3527	1521	3188
3839	1536	3583	3769	1519	3187
4095	1536	3583	4006	1518	3188
0	1792	3583	0	1791	3225
256	1792	3583	257	1790	3218
512	1792	3583	519	1788	3217
768	1792	3583	769	1786	3217
1024	1792	3583	1015	1787	3216
1280	1792	3583	1278	1786	3216
1536	1792	3583	1518	1782	3206
1792	1792	3583	1768	1782	3209
2048	1792	3583	2021	1783	3210
2303	1792	3583	2286	1780	3206
2559	1792	3583	2531	1784	3212
2815	1792	3583	2782	1778	3204
3071	1792	3583	3026	1774	3199
3327	1792	3583	3278	1772	3194
3583	1792	3583	3532	1771	3195
3839	1792	3583	3777	1770	3193
4095	1792	3583	4009	1767	3193
0	2048	3583	0	2041	3232
256	2048	3583	257	2041	3229
512	2048	3583	520	2039	3225
768	2048	3583	772	2037	3221
1024	2048	3583	1018	2038	3224
1280	2048	3583	1281	2035	3220
1536	2048	3583	1524	2035	3218
1792	2048	3583	1773	2033	3217
2048	2048	3583	2025	2031	3218
2303	2048	3583	2293	2031	3213
2559	2048	3583	2532	2030	3219
2815	2048	3583	2790	2029	3212
3071	2048	3583	3031	2023	3205
3327	2048	3583	3285	2021	3203
3583	2048	3583	3540	2020	3202
3839	2048	3583	3784	2018	3202
4095	2048	3583	4018	2015	3198
0	2303	3583	0	2306	3238
256	2303	3583	256	2307	3236
512	2303	3583	520	2305	3233
768	2303	3583	772	2303	3231
1024	2303	3583	1020	2306	3234
1280	2303	3583	1284	2303	3228
1536	2303	3583	1521	2294	3226
1792	2303	3583	1772	2294	3224
2048	2303	3583	2026	2295	3223
2303	2303	3583	2297	2296	3223
2559	2303	3583	2538	2297	3223
2815	2303	3583	2790	2291	3220
3071	2303	3583	3035	2287	3212
3327	2303	3583	3285	2281	3210
3583	2303	3583	3539	2280	3208
3839	2303	3583	3786	2279	3208
4095	2303	3583	4022	2276	3206
0	2559	3583	0	2559	3240
256	2559	3583	260	2561	3240
512	2559	3583	523	2558	3237
768	2559	3583	775	2556	3235
1024	2559	3583	1023	2560	3239
1280	2559	3583	1287	2556	3235
1536	2559	3583	1527	2551	3225
1792	2559	3583	1779	2553	3227
2048	2559	3583	2034	2553	3228
2303	2559	3583	2304	2553	3229
2559	2559	3583	2542	2550	3230
2815	2559	3583	2798	2547	3223
3071	2559	3583	3043	2542	3218
3327	2559	3583	3295	2539	3212
3583	2559	3583	3545	2533	3210
3839	2559	3583	3792	2533	3211
4095	2559	3583	4031	2532	3210
0	2815	3583	0	2813	3242
256	2815	3583	261	2814	3242
512	2815	3583	525	2814	3240
768	2815	3583	778	2812	3238
1024	2815	3583	1025	2811	3240
1280	2815	3583	1288	2805	3235
1536	2815	3583	1531	2805	3232
1792	2815	3583	1781	2803	3234
2048	2815	3583	2035	2803	3234
2303	2815	3583	2305	2802	3233
2559	2815	3583	2546	2802	3232
2815	2815	3583	2803	2797	3228
3071	2815	3583	3046	2790	3222
3327	2815	3583	3301	2789	3220
3583	2815	3583	3551	2784	3214
3839	2815	3583	3798	2783	3216
4095	2815	3583	4031	2778	3214
0	3071	3583	0	3069	3248
256	3071	3583	261	3070	3248
512	3071	3583	526	3069	3248
768	3071	3583	778	3064	3245
1024	3071	3583	1027	3068	3245
1280	3071	3583	1291	3062	3238
1536	3071	3583	1533	3061	3238
1792	3071	3583	1784	3058	3236
2048	3071	3583	2036	3055	3236
2303	3071	3583	2309	3058	3236
2559	3071	3583	2548	3056	3238
2815	3071	3583	2803	3049	3232
3071	3071	3583	3049	3044	3226
3327	3071	3583	3301	3039	3223
3583	3071	3583	3556	3038	3220
3839	3071	3583	3802	3036	3221
4095	3071	3583	4038	3033	3216
0	3327	3583	0	3331	3255
256	3327	3583	261	3326	3253
512	3327	3583	527	3327	3251
768	3327	3583	780	3323	3247
1024	3327	3583	1028	3324	3251
1280	3327	3583	1294	3320	3245
1536	3327	3583	1536	3316	3243
1792	3327	3583	1785	3312	3240
2048	3327	3583	2039	3311	3238
2303	3327	3583	2311	3313	3242
2559	3327	3583	2555	3316	3242
2815	3327	3583	2808	3306	3235
3071	3327	3583	3052	3298	3230
3327	3327	3583	3310	3299	3227
3583	3327	3583	3564	3295	3226
3839	3327	3583	3809	3292	3225
4095	3327	3583	4043	3287	3223
0	3583	3583	0	3577	3263
256	3583	3583	262	3582	3259
512	3583	3583	528	3579	3259
768	3583	3583	781	3575	3255
1024	3583	3583	1030	3575	3256
1280	3583	3583	1296	3570	3252
1536	3583	3583	1539	3568	3250
1792	3583	3583	1787	3560	3245
2048	3583	3583	2042	3561	3246
2303	3583	3583	2313	3560	3246
2559	3583	3583	2555	3561	3250
2815	3583	3583	2807	3550	3241
3071	3583	3583	3058	3549	3236
3327	3583	3583	3315	3547	3237
3583	3583	3583	3565	3539	3233
3839	3583	3583	3814	3540	3232
4095	3583	3583	4050	3537	3229
0	3839	3583	0	3832	3266
256	3839	3583	263	3841	3272
512	3839	3583	528	3831	3267
768	3839	3583	784	3832	3265
1024	3839	3583	1033	3832	3265
1280	3839	3583	1299	3827	3260
1536	3839	3583	1541	3820	3257
1792	3839	3583	1792	3815	3252
2048	3839	3583	2045	3813	3252
2303	3839	3583	2320	3817	3253
2559	3839	3583	2560	3814	3253
2815	3839	3583	2816	3806	3245
3071	3839	3583	3065	3803	3245
3327	3839	3583	3318	3797	3241
3583	3839	3583	3573	3795	3237
3839	3839	3583	3820	3792	3238
4095	3839	3583	4060	3792	3236
0	4095	3583	0	4082	3275
256	4095	3583	263	4083	3279
512	4095	3583	531	4083	3273
768	4095	3583	786	4076	3273
1024	4095	3583	1037	4081	3274
1280	4095	3583	1302	4071	3269
1536	4095	3583	1545	4065	3263
1792	4095	3583	1797	4061	3261
2048	4095	3583	2052	4062	3260
2303	4095	3583	2324	4060	3263
2559	4095	3583	2565	4058	3261
2815	4095	3583	2824	4053	3256
3071	4095	3583	3069	4044	3252
3327	4095	3583	3327	4043	3248
3583	4095	3583	3581	4040	3247
3839	4095	3583	3829	4038	3245
4095	4095	3583	4065	4033	3244
0	0	3839	0	2	3418
256	0	3839	261	2	3414
512	0	3839	521	2	3413
768	0	3839	769	3	3411
1024	0	3839	1013	3	3414
1280	0	3839	1272	3	3406
1536	0	3839	1508	3	3400
1792	0	3839	1753	4	3399
2048	0	3839	2004	4	3402
2303	0	3839	2274	4	3404
2559	0	3839	2509	4	3403
2815	0	3839	2762	5	3397
3071	0	3839	3009	5	3397
3327	0	3839	3254	5	3389
3583	0	3839	3509	5	3389
3839	0	3839	3749	6	3387
4095	0	3839	3986	5	3389
0	256	3839	0	261	3420
256	256	3839	261	263	3417
512	256	3839	520	264	3414
768	256	3839	769	264	3412
1024	256	3839	1013	265	3415
1280	256	3839	1272	265	3407
1536	256	3839	1509	264	3402
1792	256	3839	1755	264	3400
2048	256	3839	2004	264	3401
2303	256	3839	2279	266	3407
2559	256	3839	2519	266	3407
2815	256	3839	2768	265	3401
3071	256	3839	3015	265	3399
3327	256	3839	3260	264	3391
3583	256	3839	3512	264	3390
3839	256	3839	3757	264	3389
4095	256	3839	3992	264	3390
0	512	3839	0	517	3424
256	512	3839	259	518	3423
512	512	3839	519	518	3418
768	512	3839	768	517	3416
1024	512	3839	1011	518	3418
1280	512	3839	1270	516	3410
1536	512	3839	1510	516	3407
1792	512	3839	1758	516	3406
2048	512	3839	2012	517	3407
2303	512	3839	2277	517	3411
2559	512	3839	2513	516	3413
2815	512	3839	2767	515	3406
3071	512	3839	3012	515	3403
3327	512	3839	3265	515	3398
3583	512	3839	3514	514	3393
3839	512	3839	3752	512	3392
4095	512	3839	3988	512	3392
0	768	3839	0	779	3428
256	768	3839	246	781	3427
512	768	3839	520	775	3424
768	768	3839	770	775	3421
1024	768	3839	1012	774	3421
1280	768	3839	1274	773	3415
1536	768	3839	1511	771	3412
1792	768	3839	1762	773	3415
2048	768	3839	2010	771	3416
2303	768	3839	2280	773	3413
2559	768	3839	2513	770	3411
2815	768	3839	2770	770	3408
3071	768	3839	3014	769	3404
3327	768	3839	3266	768	3403
3583	768	3839	3515	766	3396
3839	768	3839	3762	767	3394
4095	768	3839	3996	766	3395
0	1024	3839	0	1033	3434
256	1024	3839	245	1033	3432
512	1024	3839	504	1033	3429
768	1024	3839	769	1027	3427
1024	1024	3839	1014	1028	3427
1280	1024	3839	1273	1024	3420
1536	1024	3839	1515	1025	3418
1792	1024	3839	1760	1022	3418
2048	1024	3839	2011	1022	3416
2303	1024	3839	2283	1025	3420
2559	1024	3839	2520	1024	3416
2815	1024	3839	2775	1022	3414
3071	1024	3839	3018	1020	3408
3327	1024	3839	3269	1019	3406
3583	1024	3839	3523	1018	3402
3839	1024	3839	3771	1018	3405
4095	1024	3839	4000	1015	3402
0	1280	3839	0	1287	3439
256	1280	3839	243	1293	3435
512	1280	3839	503	1294	3434
768	1280	3839	769	1286	3432
1024	1280	3839	1014	1287	3434
1280	1280	3839	1278	1286	3426
1536	1280	3839	1513	1281	3424
1792	1280	3839	1762	1281	3420
2048	1280	3839	2013	1280	3421
2303	1280	3839	2284	1282	3425
2559	1280	3839	2524	1282	3426
2815	1280	3839	2778	1280	3421
3071	1280	3839	3023	1277	3415
3327	1280	3839	3272	1275	3411
3583	1280	3839	3525	1274	3409
3839	1280	3839	3767	1272	3410
4095	1280	3839	4005	1272	3407
0	1536	3839	0	1540	3443
256	1536	3839	256	1537	3440
512	1536	3839	518	1537	3440
768	1536	3839	770	1536	3437
1024	1536	3839	1016	1538	3439
1280	1536	3839	1280	1537	3437
1536	1536	3839	1518	1533	3427
1792	1536	3839	1768	1533	3428
2048	1536	3839	2019	1533	3427
2303	1536	3839	2286	1531	3428
2559	1536	3839	2528	1533	3433
2815	1536	3839	2778	1527	3425
3071	1536	3839	3020	1523	3419
3327	1536	3839	3273	1522	3414
3583	1536	3839	3530	1523	3414
3839	1536	3839	3776	1522	3413
4095	1536	3839	4006	1518	3411
0	1792	3839	0	1795	3452
256	1792	3839	258	1793	3446
512	1792	3839	520	1791	3444
768	1792	3839	771	1788	3442
1024	1792	3839	1015	1788	3443
1280	1792	3839	1282	1790	3443
1536	1792	3839	1521	1786	3438
1792	1792	3839	1773	1787	3439
2048	1792	3839	2026	1788	3438
2303	1792	3839	2290	1783	3433
2559	1792	3839	2532	1785	3438
2815	1792	3839	2788	1782	3430
3071	1792	3839	3029	1776	3422
3327	1792	3839	3282	1775	3420
3583	1792	3839	3534	1773	3420
3839	1792	3839	3779	1771	3421
4095	1792	3839	4013	1768	3416
0	2048	3839	0	2045	3461
256	2048	3839	258	2044	3457
512	2048	3839	521	2042	3453
768	2048	3839	773	2040	3449
1024	2048	3839	1000	2050	3451
1280	2048	3839	1262	2048	3450
1536	2048	3839	1526	2037	3447
1792	2048	3839	1777	2037	3448
2048	2048	3839	2028	2035	3447
2303	2048	3839	2297	2034	3442
2559	2048	3839	2535	2033	3444
2815	2048	3839	2793	2032	3441
3071	2048	3839	3034	2025	3432
3327	2048	3839	3291	2025	3431
3583	2048	3839	3540	2021	3426
3839	2048	3839	3785	2019	3426
4095	2048	3839	4021	2017	3424
0	2303	3839	0	2307	3466
256	2303	3839	256	2308	3463
512	2303	3839	520	2306	3460
768	2303	3839	773	2306	3458
1024	2303	3839	1018	2307	3462
1280	2303	3839	1283	2306	3457
1536	2303	3839	1523	2298	3453
1792	2303	3839	1775	2299	3454
2048	2303	3839	2028	2298	3451
2303	2303	3839	2301	2301	3452
2559	2303	3839	2540	2299	3451
2815	2303	3839	2792	2293	3446
3071	2303	3839	3040	2290	3440
3327	2303	3839	3288	2284	3437
3583	2303	3839	3542	2282	3433
3839	2303	3839	3789	2281	3433
4095	2303	3839	4026	2279	3432
0	2559	3839	0	2561	3466
256	2559	3839	260	2565	3467
512	2559	3839	524	2563	3464
768	2559	3839	777	2561	3464
1024	2559	3839	1025	2565	3466
1280	2559	3839	1290	2562	3463
1536	2559	3839	1528	2554	3453
1792	2559	3839	1780	2555	3455
2048	2559	3839	2034	2554	3454
2303	2559	3839	2304	2554	3457
2559	2559	3839	2544	2553	3456
2815	2559	3839	2799	2548	3448
3071	2559	3839	3044	2543	3445
3327	2559	3839	3296	2539	3438
3583	2559	3839	3547	2535	3436
3839	2559	3839	3796	2535	3438
4095	2559	3839	4034	2534	3437
0	2815	3839	0	2818	3470
256	2815	3839	261	2819	3473
512	2815	3839	526	2818	3471
768	2815	3839	779	2815	3468
1024	2815	3839	1026	2814	3470
1280	2815	3839	1290	2809	3465
1536	2815	3839	1533	2808	3459
1792	2815	3839	1784	2806	3460
2048	2815	3839	2038	2806	3459
2303	2815	3839	2307	2804	3458
2559	2815	3839	2547	2803	3458
2815	2815	3839	2805	2799	3453
3071	2815	3839	3049	2792	3447
3327	2815	3839	3303	2791	3444
3583	2815	3839	3557	2788	3441
3839	2815	3839	3800	2784	3441
4095	2815	3839	4036	2782	3440
0	3071	3839	0	3076	3480
256	3071	3839	261	3072	3477
512	3071	3839	526	3072	3476
768	3071	3839	779	3069	3473
1024	3071	3839	1028	3070	3473
1280	3071	3839	1292	3066	3467
1536	3071	3839	1534	3062	3466
1792	3071	3839	1785	3060	3464
2048	3071	3839	2037	3058	3463
2303	3071	3839	2313	3063	3465
2559	3071	3839	2552	3060	3464
2815	3071	3839	2806	3052	3459
3071	3071	3839	3054	3048	3453
3327	3071	3839	3304	3041	3449
3583	3071	3839	3560	3041	3449
3839	3071	3839	3804	3038	3446
4095	3071	3839	4043	3037	3444
0	3327	3839	0	3334	3487
256	3327	3839	261	3331	3481
512	3327	3839	527	3331	3480
768	3327	3839	782	3329	3477
1024	3327	3839	1029	3327	3478
1280	3327	3839	1294	3322	3473
1536	3327	3839	1538	3322	3471
1792	3327	3839	1788	3317	3468
2048	3327	3839	2042	3316	3467
2303	3327	3839	2313	3315	3471
2559	3327	3839	2556	3317	3471
2815	3327	3839	2813	3311	3464
3071	3327	3839	3055	3301	3458
3327	3327	3839	3312	3299	3454
3583	3327	3839	3564	3294	3452
3839	3327	3839	3812	3295	3452
4095	3327	3839	4048	3291	3451
0	3583	3839	0	3581	3492
256	3583	3839	262	3586	3491
512	3583	3839	527	3580	3488
768	3583	3839	783	3582	3488
1024	3583	3839	1031	3578	3485
1280	3583	3839	1298	3576	3481
1536	3583	3839	1540	3569	3479
1792	3583	3839	1789	3563	3474
2048	3583	3839	2044	3565	3475
2303	3583	3839	2316	3564	3474
2559	3583	3839	2557	3564	3477
2815	3583	3839	2812	3555	3471
3071	3583	3839	3061	3552	3464
3327	3583	3839	3316	3547	3463
3583	3583	3839	3568	3542	3458
3839	3583	3839	3816	3542	3459
4095	3583	3839	4054	3540	3457
0	3839	3839	0	3835	3496
256	3839	3839	263	3845	3502
512	3839	3839	529	3836	3494
768	3839	3839	784	3835	3496
1024	3839	3839	1034	3835	3494
1280	3839	3839	1300	3829	3491
1536	3839	3839	1543	3822	3484
1792	3839	3839	1794	3820	3481
2048	3839	3839	2048	3817	3481
2303	3839	3839	2321	3818	3482
2559	3839	3839	2564	3820	3483
2815	3839	3839	2819	3810	3475
3071	3839	3839	3066	3804	3472
3327	3839	3839	3319	3798	3467
3583	3839	3839	3576	3797	3465
3839	3839	3839	3826	3798	3466
4095	3839	3839	4060	3791	3463
0	4095	3839	0	4088	3506
256	4095	3839	264	4089	3511
512	4095	3839	531	4085	3504
768	4095	3839	786	4079	3502
1024	4095	3839	1036	4080	3503
1280	4095	3839	1302	4072	3496
1536	4095	3839	1547	4069	3493
1792	4095	3839	1800	4067	3492
2048	4095	3839	2053	4065	3489
2303	4095	3839	2326	4063	3490
2559	4095	3839	2568	4062	3492
2815	4095	3839	2829	4059	3486
3071	4095	3839	3073	4049	3479
3327	4095	3839	3330	4047	3476
3583	4095	3839	3584	4042	3475
3839	4095	3839	3831	4040	3474
4095	4095	3839	4069	4036	3470
0	0	4095	0	2	3646
256	0	4095	262	2	3636
512	0	4095	522	3	3636
768	0	4095	770	3	3632
1024	0	4095	1015	3	3639
1280	0	4095	1272	4	3628
1536	0	4095	1513	4	3630
1792	0	4095	1757	4	3624
2048	0	4095	2008	4	3626
2303	0	4095	2278	4	3629
2559	0	4095	2515	4	3628
2815	0	4095	2770	5	3626
3071	0	4095	3014	5	3621
3327	0	4095	3264	5	3617
3583	0	4095	3515	5	3614
3839	0	4095	3756	6	3611
4095	0	4095	3992	5	3612
0	256	4095	0	262	3648
256	256	4095	261	264	3640
512	256	4095	521	265	3638
768	256	4095	770	265	3634
1024	256	4095	1015	266	3641
1280	256	4095	1276	266	3632
1536	256	4095	1513	265	3630
1792	256	4095	1762	265	3628
2048	256	4095	2012	266	3628
2303	256	4095	2278	266	3629
2559	256	4095	2521	266	3633
2815	256	4095	2773	266	3628
3071	256	4095	3018	265	3623
3327	256	4095	3267	265	3619
3583	256	4095	3519	265	3616
3839	256	4095	3764	265	3614
4095	256	4095	3996	264	3613
0	512	4095	0	517	3649
256	512	4095	260	519	3648
512	512	4095	521	519	3644
768	512	4095	770	519	3641
1024	512	4095	1013	519	3643
1280	512	4095	1274	518	3637
1536	512	4095	1515	518	3634
1792	512	4095	1759	516	3632
2048	512	4095	2015	518	3635
2303	512	4095	2284	519	3634
2559	512	4095	2520	518	3638
2815	512	4095	2773	517	3631
3071	512	4095	3020	517	3628
3327	512	4095	3267	515	3621
3583	512	4095	3518	515	3618
3839	512	4095	3761	514	3618
4095	512	4095	3997	514	3616
0	768	4095	0	779	3652
256	768	4095	249	781	3653
512	768	4095	521	777	3650
768	768	4095	771	776	3647
1024	768	4095	1015	777	3647
1280	768	4095	1275	775	3640
1536	768	4095	1515	774	3640
1792	768	4095	1766	775	3638
2048	768	4095	2015	774	3641
2303	768	4095	2289	776	3645
2559	768	4095	2523	774	3641
2815	768	4095	2778	773	3636
3071	768	4095	3024	772	3633
3327	768	4095	3271	770	3625
3583	768	4095	3523	769	3621
3839	768	4095	3769	769	3622
4095	768	4095	4005	768	3622
0	1024	4095	0	1039	3661
256	1024	4095	237	1040	3658
512	1024	4095	496	1040	3655
768	1024	4095	770	1028	3651
1024	1024	4095	1016	1030	3654
1280	1024	4095	1277	1028	3646
1536	1024	4095	1520	1029	3648
1792	1024	4095	1765	1025	3646
2048	1024	4095	2017	1026	3645
2303	1024	4095	2288	1027	3650
2559	1024	4095	2523	1025	3645
2815	1024	4095	2781	1025	3643
3071	1024	4095	3022	1021	3636
3327	1024	4095	3276	1021	3631
3583	1024	4095	3526	1019	3627
3839	1024	4095	3773	1019	3629
4095	1024	4095	4005	1017	3627
0	1280	4095	0	1290	3666
256	1280	4095	233	1298	3662
512	1280	4095	493	1299	3659
768	1280	4095	770	1288	3656
1024	1280	4095	1016	1289	3661
1280	1280	4095	1280	1289	3655
1536	1280	4095	1517	1284	3653
1792	1280	4095	1766	1284	3649
2048	1280	4095	2017	1283	3649
2303	1280	4095	2289	1285	3652
2559	1280	4095	2528	1284	3651
2815	1280	4095	2781	1281	3647
3071	1280	4095	3028	1280	3641
3327	1280	4095	3275	1276	3636
3583	1280	4095	3529	1276	3633
3839	1280	4095	3774	1274	3633
4095	1280	4095	4010	1274	3631
0	1536	4095	0	1542	3670
256	1536	4095	257	1541	3666
512	1536	4095	519	1542	3666
768	1536	4095	772	1540	3663
1024	1536	4095	1016	1538	3664
1280	1536	4095	1280	1538	3661
1536	1536	4095	1523	1538	3658
1792	1536	4095	1771	1536	3656
2048	1536	4095	2023	1536	3655
2303	1536	4095	2291	1535	3656
2559	1536	4095	2530	1535	3657
2815	1536	4095	2785	1532	3651
3071	1536	4095	3026	1526	3645
3327	1536	4095	3281	1526	3640
3583	1536	4095	3538	1527	3640
3839	1536	4095	3779	1524	3638
4095	1536	4095	4012	1521	3636
0	1792	4095	0	1797	3678
256	1792	4095	258	1798	3675
512	1792	4095	522	1798	3676
768	1792	4095	774	1795	3672
1024	1792	4095	1017	1791	3668
1280	1792	4095	1283	1792	3667
1536	1792	4095	1524	1790	3667
1792	1792	4095	1774	1789	3665
2048	1792	4095	2030	1791	3666
2303	1792	4095	2297	1789	3663
2559	1792	4095	2535	1787	3662
2815	1792	4095	2791	1784	3658
3071	1792	4095	3036	1781	3650
3327	1792	4095	3291	1780	3650
3583	1792	4095	3539	1776	3647
3839	1792	4095	3784	1774	3644
4095	1792	4095	4021	1773	3643
0	2048	4095	0	2048	3686
256	2048	4095	258	2048	3685
512	2048	4095	522	2046	3684
768	2048	4095	775	2044	3680
1024	2048	4095	1007	2052	3680
1280	2048	4095	1270	2051	3679
1536	2048	4095	1527	2039	3673
1792	2048	4095	1778	2039	3673
2048	2048	4095	2031	2038	3673
2303	2048	4095	2301	2038	3672
2559	2048	4095	2540	2037	3670
2815	2048	4095	2795	2034	3665
3071	2048	4095	3041	2030	3661
3327	2048	4095	3293	2027	3657
3583	2048	4095	3545	2023	3652
3839	2048	4095	3791	2022	3652
4095	2048	4095	4030	2022	3653
0	2303	4095	0	2316	3695
256	2303	4095	257	2311	3690
512	2303	4095	521	2311	3689
768	2303	4095	774	2310	3686
1024	2303	4095	1019	2309	3688
1280	2303	4095	1285	2308	3686
1536	2303	4095	1527	2304	3679
1792	2303	4095	1779	2303	3679
2048	2303	4095	2030	2301	3677
2303	2303	4095	2303	2302	3678
2559	2303	4095	2542	2301	3677
2815	2303	4095	2798	2297	3672
3071	2303	4095	3043	2292	3667
3327	2303	4095	3294	2288	3661
3583	2303	4095	3550	2288	3660
3839	2303	4095	3795	2285	3660
4095	2303	4095	4030	2282	3659
0	2559	4095	0	2570	3700
256	2559	4095	260	2567	3692
512	2559	4095	525	2568	3693
768	2559	4095	778	2566	3691
1024	2559	4095	1028	2570	3693
1280	2559	4095	1291	2564	3687
1536	2559	4095	1531	2559	3683
1792	2559	4095	1783	2558	3682
2048	2559	4095	2036	2556	3680
2303	2559	4095	2309	2558	3682
2559	2559	4095	2549	2558	3682
2815	2559	4095	2803	2550	3675
3071	2559	4095	3050	2547	3670
3327	2559	4095	3301	2543	3664
3583	2559	4095	3554	2540	3665
3839	2559	4095	3801	2539	3665
4095	2559	4095	4040	2538	3663
0	2815	4095	0	2820	3700
256	2815	4095	262	2826	3701
512	2815	4095	526	2820	3697
768	2815	4095	780	2819	3696
1024	2815	4095	1028	2818	3698
1280	2815	4095	1294	2816	3693
1536	2815	4095	1536	2813	3688
1792	2815	4095	1785	2807	3685
2048	2815	4095	2040	2809	3685
2303	2815	4095	2310	2807	3686
2559	2815	4095	2549	2805	3685
2815	2815	4095	2806	2800	3678
3071	2815	4095	3053	2796	3674
3327	2815	4095	3309	2795	3671
3583	2815	4095	3559	2790	3668
3839	2815	4095	3804	2788	3667
4095	2815	4095	4041	2785	3667
0	3071	4095	0	3083	3708
256	3071	4095	261	3078	3707
512	3071	4095	527	3077	3703
768	3071	4095	781	3074	3701
1024	3071	4095	1030	3076	3702
1280	3071	4095	1294	3069	3696
1536	3071	4095	1537	3068	3694
1792	3071	4095	1788	3065	3690
2048	3071	4095	2041	3062	3690
2303	3071	4095	2313	3064	3690
2559	3071	4095	2552	3060	3687
2815	3071	4095	2810	3056	3683
3071	3071	4095	3055	3049	3678
3327	3071	4095	3309	3046	3676
3583	3071	4095	3563	3044	3673
3839	3071	4095	3806	3039	3670
4095	3071	4095	4043	3036	3669
0	3327	4095	0	3333	3714
256	3327	4095	262	3339	3712
512	3327	4095	528	3336	3710
768	3327	4095	783	3334	3707
1024	3327	4095	1030	3331	3707
1280	3327	4095	1297	3328	3701
1536	3327	4095	1539	3323	3698
1792	3327	4095	1790	3321	3696
2048	3327	4095	2044	3319	3694
2303	3327	4095	2317	3320	3697
2559	3327	4095	2558	3319	3695
2815	3327	4095	2814	3312	3690
3071	3327	4095	3061	3306	3684
3327	3327	4095	3314	3300	3680
3583	3327	4095	3567	3297	3678
3839	3327	4095	3816	3297	3677
4095	3327	4095	4053	3295	3675
0	3583	4095	0	3588	3718
256	3583	4095	262	3589	3721
512	3583	4095	528	3582	3716
768	3583	4095	784	3584	3716
1024	3583	4095	1032	3583	3714
1280	3583	4095	1299	3579	3710
1536	3583	4095	1541	3572	3704
1792	3583	4095	1792	3569	3702
2048	3583	4095	2046	3568	3702
2303	3583	4095	2318	3568	3703
2559	3583	4095	2562	3570	3704
2815	3583	4095	2817	3561	3697
3071	3583	4095	3064	3554	3692
3327	3583	4095	3319	3550	3687
3583	3583	4095	3574	3549	3686
3839	3583	4095	3821	3547	3686
4095	3583	4095	4058	3543	3684
0	3839	4095	0	3845	3730
256	3839	4095	263	3847	3729
512	3839	4095	529	3840	3722
768	3839	4095	785	3836	3721
1024	3839	4095	1035	3837	3723
1280	3839	4095	1301	3831	3717
1536	3839	4095	1544	3826	3712
1792	3839	4095	1797	3825	3710
2048	3839	4095	2050	3822	3709
2303	3839	4095	2323	3821	3708
2559	3839	4095	2565	3821	3711
2815	3839	4095	2825	3817	3706
3071	3839	4095	3067	3805	3697
3327	3839	4095	3324	3803	3694
3583	3839	4095	3582	3803	3695
3839	3839	4095	3828	3799	3693
4095	3839	4095	4064	3794	3689
0	4095	4095	0	4093	3739
256	4095	4095	264	4095	3739
512	4095	4095	531	4089	3733
768	4095	4095	788	4085	3730
1024	4095	4095	1036	4080	3728
1280	4095	4095	1304	4078	3725
1536	4095	4095	1547	4071	3720
1792	4095	4095	1801	4070	3719
2048	4095	4095	2055	4067	3717
2303	4095	4095	2330	4069	3718
2559	4095	4095	2572	4068	3719
2815	4095	4095	2830	4061	3715
3071	4095	4095	3076	4053	3706
3327	4095	4095	3331	4048	3702
3583	4095	4095	3587	4046	3702
3839	4095	4095	3833	4042	3699
4095	4095	4095	4078	4046	3700
