0	0	0	0	0	0
256	0	0	259	1	0
512	0	0	514	1	0
768	0	0	756	2	0
1024	0	0	999	2	0
1280	0	0	1251	2	0
1536	0	0	1483	3	0
1792	0	0	1726	3	0
2048	0	0	1968	3	0
2303	0	0	2238	4	0
2559	0	0	2468	4	0
2815	0	0	2710	4	0
3071	0	0	2953	4	0
3327	0	0	3191	5	0
3583	0	0	3438	5	0
3839	0	0	3680	5	0
4095	0	0	3917	5	0
0	256	0	0	253	0
256	256	0	257	255	0
512	256	0	513	256	0
768	256	0	760	258	0
1024	256	0	999	258	0
1280	256	0	1251	257	0
1536	256	0	1486	257	0
1792	256	0	1729	257	0
2048	256	0	1973	257	0
2303	256	0	2244	259	0
2559	256	0	2475	259	0
2815	256	0	2715	257	0
3071	256	0	2957	257	0
3327	256	0	3198	256	0
3583	256	0	3451	257	0
3839	256	0	3687	257	0
4095	256	0	3919	257	0
0	512	0	0	507	0
256	512	0	258	507	0
512	512	0	514	507	0
768	512	0	758	507	0
1024	512	0	996	506	0
1280	512	0	1255	506	0
1536	512	0	1488	505	0
1792	512	0	1734	506	0
2048	512	0	1975	505	0
2303	512	0	2240	505	0
2559	512	0	2468	504	0
2815	512	0	2720	504	0
3071	512	0	2955	502	0
3327	512	0	3204	503	0
3583	512	0	3445	501	0
3839	512	0	3686	502	0
4095	512	0	3921	502	0
0	768	0	0	759	0
256	768	0	258	761	0
512	768	0	515	760	0
768	768	0	760	760	0
1024	768	0	999	759	0
1280	768	0	1257	759	0
1536	768	0	1486	754	0
1792	768	0	1730	754	0
2048	768	0	1979	757	0
2303	768	0	2242	756	0
2559	768	0	2473	755	0
2815	768	0	2716	752	0
3071	768	0	2959	752	0
3327	768	0	3210	753	0
3583	768	0	3456	752	0
3839	768	0	3690	750	0
4095	768	0	3925	751	0
0	1024	0	0	1011	0
256	1024	0	257	1010	0
512	1024	0	514	1009	0
768	1024	0	758	1008	0
1024	1024	0	1003	1011	0
1280	1024	0	1257	1007	0
1536	1024	0	1490	1005	0
1792	1024	0	1735	1005	0
2048	1024	0	1978	1004	0
2303	1024	0	2242	1003	0
2559	1024	0	2481	1007	0
2815	1024	0	2724	1002	0
3071	1024	0	2962	999	0
3327	1024	0	3211	1000	0
3583	1024	0	3459	998	0
3839	1024	0	3706	1001	0
4095	1024	0	3920	995	0
0	1280	0	0	1266	0
256	1280	0	258	1268	0
512	1280	0	515	1267	0
768	1280	0	760	1266	0
1024	1280	0	1001	1264	0
1280	1280	0	1260	1264	0
1536	1280	0	1490	1259	0
1792	1280	0	1734	1258	0
2048	1280	0	1977	1257	0
2303	1280	0	2246	1259	0
2559	1280	0	2479	1259	0
2815	1280	0	2724	1254	0
3071	1280	0	2969	1255	0
3327	1280	0	3210	1250	0
3583	1280	0	3462	1251	0
3839	1280	0	3699	1249	0
4095	1280	0	3936	1251	0
0	1536	0	0	1514	0
256	1536	0	258	1514	0
512	1536	0	515	1512	0
768	1536	0	761	1511	0
1024	1536	0	1005	1514	0
1280	1536	0	1259	1507	0
1536	1536	0	1496	1506	0
1792	1536	0	1739	1505	0
2048	1536	0	1986	1506	0
2303	1536	0	2250	1504	0
2559	1536	0	2487	1506	0
2815	1536	0	2734	1502	0
3071	1536	0	2978	1502	0
3327	1536	0	3219	1496	0
3583	1536	0	3475	1499	0
3839	1536	0	3709	1495	0
4095	1536	0	3938	1493	0
0	1792	0	0	1767	0
256	1792	0	260	1766	0
512	1792	0	517	1763	0
768	1792	0	763	1760	0
1024	1792	0	1005	1761	0
1280	1792	0	1264	1759	0
1536	1792	0	1500	1756	0
1792	1792	0	1746	1757	0
2048	1792	0	1992	1757	0
2303	1792	0	2255	1754	0
2559	1792	0	2490	1753	0
2815	1792	0	2742	1752	0
3071	1792	0	2976	1744	0
3327	1792	0	3228	1746	0
3583	1792	0	3483	1748	0
3839	1792	0	3720	1744	0
4095	1792	0	3947	1741	0
0	2048	0	0	2019	0
256	2048	0	260	2016	0
512	2048	0	519	2014	0
768	2048	0	766	2011	0
1024	2048	0	1008	2010	0
1280	2048	0	1267	2008	0
1536	2048	0	1506	2007	0
1792	2048	0	1751	2005	0
2048	2048	0	1997	2004	0
2303	2048	0	2262	2002	0
2559	2048	0	2497	2002	0
2815	2048	0	2748	2000	0
3071	2048	0	2985	1992	0
3327	2048	0	3240	1995	0
3583	2048	0	3485	1991	0
3839	2048	0	3729	1991	0
4095	2048	0	3957	1988	0
0	2303	0	0	2280	0
256	2303	0	259	2277	0
512	2303	0	519	2277	0
768	2303	0	768	2279	0
1024	2303	0	1011	2277	0
1280	2303	0	1267	2268	0
1536	2303	0	1503	2265	0
1792	2303	0	1752	2267	0
2048	2303	0	1997	2264	0
2303	2303	0	2268	2268	0
2559	2303	0	2503	2267	0
2815	2303	0	2749	2260	0
3071	2303	0	2993	2258	0
3327	2303	0	3237	2250	0
3583	2303	0	3497	2255	0
3839	2303	0	3741	2254	0
4095	2303	0	3976	2254	0
0	2559	0	0	2537	0
256	2559	0	262	2542	0
512	2559	0	522	2538	0
768	2559	0	771	2535	0
1024	2559	0	1013	2532	0
1280	2559	0	1273	2528	0
1536	2559	0	1507	2519	0
1792	2559	0	1752	2517	0
2048	2559	0	1999	2515	0
2303	2559	0	2270	2518	0
2559	2559	0	2507	2518	0
2815	2559	0	2754	2510	0
3071	2559	0	3003	2512	0
3327	2559	0	3244	2501	0
3583	2559	0	3503	2506	0
3839	2559	0	3747	2505	0
4095	2559	0	3981	2505	0
0	2815	0	0	2789	0
256	2815	0	262	2786	0
512	2815	0	522	2783	0
768	2815	0	771	2780	0
1024	2815	0	1016	2783	0
1280	2815	0	1273	2773	0
1536	2815	0	1511	2769	0
1792	2815	0	1757	2768	0
2048	2815	0	2006	2767	0
2303	2815	0	2279	2772	0
2559	2815	0	2516	2771	0
2815	2815	0	2769	2767	0
3071	2815	0	3010	2760	0
3327	2815	0	3264	2761	0
3583	2815	0	3514	2758	0
3839	2815	0	3751	2751	0
4095	2815	0	3984	2750	0
0	3071	0	0	3042	0
256	3071	0	262	3042	0
512	3071	0	522	3036	0
768	3071	0	771	3031	0
1024	3071	0	1016	3036	0
1280	3071	0	1274	3024	0
1536	3071	0	1514	3023	0
1792	3071	0	1758	3017	0
2048	3071	0	2012	3025	0
2303	3071	0	2280	3022	0
2559	3071	0	2515	3020	0
2815	3071	0	2771	3017	0
3071	3071	0	3019	3017	0
3327	3071	0	3263	3008	0
3583	3071	0	3515	3007	0
3839	3071	0	3760	3006	0
4095	3071	0	3992	3003	0
0	3327	0	0	3298	0
256	3327	0	262	3294	0
512	3327	0	524	3292	0
768	3327	0	773	3286	0
1024	3327	0	1016	3284	0
1280	3327	0	1277	3280	0
1536	3327	0	1516	3277	0
1792	3327	0	1764	3274	0
2048	3327	0	2015	3276	0
2303	3327	0	2288	3280	0
2559	3327	0	2523	3277	0
2815	3327	0	2779	3275	0
3071	3327	0	3021	3267	0
3327	3327	0	3273	3265	0
3583	3327	0	3524	3263	0
3839	3327	0	3762	3255	0
4095	3327	0	3996	3255	0
0	3583	0	0	3545	0
256	3583	0	263	3549	0
512	3583	0	526	3545	0
768	3583	0	776	3541	0
1024	3583	0	1021	3539	0
1280	3583	0	1282	3532	0
1536	3583	0	1519	3523	0
1792	3583	0	1765	3518	0
2048	3583	0	2015	3517	0
2303	3583	0	2287	3521	0
2559	3583	0	2530	3527	0
2815	3583	0	2780	3517	0
3071	3583	0	3031	3518	0
3327	3583	0	3272	3504	0
3583	3583	0	3526	3505	0
3839	3583	0	3771	3502	0
4095	3583	0	4007	3503	0
0	3839	0	0	3798	0
256	3839	0	263	3795	0
512	3839	0	526	3791	0
768	3839	0	776	3787	0
1024	3839	0	1024	3792	0
1280	3839	0	1283	3780	0
1536	3839	0	1524	3778	0
1792	3839	0	1771	3773	0
2048	3839	0	2020	3770	0
2303	3839	0	2299	3784	0
2559	3839	0	2540	3785	0
2815	3839	0	2789	3771	0
3071	3839	0	3038	3770	0
3327	3839	0	3285	3761	0
3583	3839	0	3537	3758	0
3839	3839	0	3782	3755	0
4095	3839	0	4017	3755	1
0	4095	0	0	4047	0
256	4095	0	265	4043	0
512	4095	0	529	4039	0
768	4095	0	780	4033	0
1024	4095	0	1024	4031	0
1280	4095	0	1292	4034	0
1536	4095	0	1529	4023	0
1792	4095	0	1781	4026	0
2048	4095	0	2032	4025	0
2303	4095	0	2298	4017	0
2559	4095	0	2541	4021	0
2815	4095	0	2796	4016	0
3071	4095	0	3038	4004	0
3327	4095	0	3291	4002	0
3583	4095	0	3537	3991	0
3839	4095	0	3785	3991	0
4095	4095	0	4022	3993	0
0	0	256	0	0	248
256	0	256	258	0	249
512	0	256	513	1	250
768	0	256	760	1	251
1024	0	256	998	2	251
1280	0	256	1256	2	251
1536	0	256	1486	2	250
1792	0	256	1726	2	249
2048	0	256	1968	2	249
2303	0	256	2238	3	250
2559	0	256	2471	3	250
2815	0	256	2718	3	249
3071	0	256	2958	3	249
3327	0	256	3199	4	248
3583	0	256	3447	4	248
3839	0	256	3687	4	248
4095	0	256	3928	4	250
0	256	256	0	254	248
256	256	256	259	256	249
512	256	256	516	258	250
768	256	256	761	258	251
1024	256	256	999	258	251
1280	256	256	1259	258	251
1536	256	256	1488	257	250
1792	256	256	1731	257	250
2048	256	256	1977	257	249
2303	256	256	2245	258	250
2559	256	256	2479	258	250
2815	256	256	2727	257	249
3071	256	256	2968	257	249
3327	256	256	3208	256	248
3583	256	256	3455	255	248
3839	256	256	3702	256	248
4095	256	256	3935	257	250
0	512	256	0	508	254
256	512	256	257	507	255
512	512	256	513	507	255
768	512	256	758	507	254
1024	512	256	997	507	254
1280	512	256	1255	507	254
1536	512	256	1491	506	252
1792	512	256	1735	506	252
2048	512	256	1980	506	252
2303	512	256	2242	505	252
2559	512	256	2474	504	252
2815	512	256	2729	504	252
3071	512	256	2964	502	251
3327	512	256	3213	502	250
3583	512	256	3471	504	250
3839	512	256	3705	502	250
4095	512	256	3932	502	251
0	768	256	0	759	256
256	768	256	257	762	255
512	768	256	515	763	255
768	768	256	762	762	254
1024	768	256	1001	762	254
1280	768	256	1259	761	254
1536	768	256	1492	758	254
1792	768	256	1731	755	254
2048	768	256	1981	757	253
2303	768	256	2247	757	252
2559	768	256	2479	756	252
2815	768	256	2733	756	252
3071	768	256	2969	753	251
3327	768	256	3229	756	251
3583	768	256	3463	751	252
3839	768	256	3715	754	251
4095	768	256	3943	752	251
0	1024	256	0	1014	256
256	1024	256	257	1013	257
512	1024	256	514	1012	257
768	1024	256	760	1010	256
1024	1024	256	1003	1013	256
1280	1024	256	1257	1009	255
1536	1024	256	1492	1008	254
1792	1024	256	1738	1008	253
2048	1024	256	1981	1006	254
2303	1024	256	2252	1009	254
2559	1024	256	2486	1007	254
2815	1024	256	2735	1005	254
3071	1024	256	2976	1003	252
3327	1024	256	3219	999	253
3583	1024	256	3476	1001	251
3839	1024	256	3710	999	253
4095	1024	256	3950	1001	252
0	1280	256	0	1267	258
256	1280	256	256	1271	257
512	1280	256	515	1270	256
768	1280	256	761	1268	256
1024	1280	256	1002	1269	257
1280	1280	256	1261	1266	255
1536	1280	256	1496	1264	255
1792	1280	256	1736	1260	255
2048	1280	256	1987	1264	254
2303	1280	256	2252	1262	255
2559	1280	256	2488	1262	255
2815	1280	256	2741	1260	254
3071	1280	256	2985	1259	254
3327	1280	256	3235	1258	252
3583	1280	256	3472	1252	253
3839	1280	256	3719	1253	252
4095	1280	256	3953	1254	253
0	1536	256	0	1520	258
256	1536	256	256	1517	258
512	1536	256	515	1516	258
768	1536	256	762	1515	257
1024	1536	256	1005	1518	257
1280	1536	256	1262	1512	257
1536	1536	256	1497	1509	256
1792	1536	256	1741	1508	255
2048	1536	256	1987	1507	256
2303	1536	256	2259	1511	256
2559	1536	256	2493	1509	256
2815	1536	256	2739	1503	255
3071	1536	256	2984	1502	255
3327	1536	256	3237	1503	255
3583	1536	256	3488	1502	253
3839	1536	256	3730	1502	254
4095	1536	256	3961	1500	254
0	1792	256	0	1773	259
256	1792	256	257	1770	258
512	1792	256	516	1768	258
768	1792	256	763	1764	258
1024	1792	256	1008	1769	258
1280	1792	256	1264	1762	257
1536	1792	256	1501	1760	256
1792	1792	256	1749	1761	256
2048	1792	256	1995	1759	256
2303	1792	256	2260	1757	257
2559	1792	256	2495	1757	257
2815	1792	256	2748	1754	255
3071	1792	256	2986	1747	255
3327	1792	256	3244	1751	255
3583	1792	256	3497	1752	255
3839	1792	256	3733	1747	255
4095	1792	256	3963	1746	255
0	2048	256	0	2022	261
256	2048	256	258	2020	260
512	2048	256	518	2018	259
768	2048	256	766	2016	258
1024	2048	256	1011	2020	259
1280	2048	256	1269	2013	258
1536	2048	256	1506	2009	258
1792	2048	256	1753	2008	258
2048	2048	256	2001	2008	257
2303	2048	256	2266	2005	257
2559	2048	256	2502	2005	257
2815	2048	256	2766	2010	257
3071	2048	256	3002	2001	255
3327	2048	256	3254	2000	256
3583	2048	256	3497	1994	257
3839	2048	256	3740	1993	256
4095	2048	256	3973	1992	255
0	2303	256	0	2284	261
256	2303	256	257	2287	261
512	2303	256	518	2284	261
768	2303	256	767	2281	260
1024	2303	256	1009	2279	261
1280	2303	256	1270	2277	260
1536	2303	256	1502	2266	259
1792	2303	256	1750	2266	259
2048	2303	256	1997	2264	259
2303	2303	256	2270	2269	258
2559	2303	256	2512	2274	258
2815	2303	256	2754	2261	259
3071	2303	256	3008	2266	258
3327	2303	256	3251	2259	258
3583	2303	256	3504	2259	257
3839	2303	256	3748	2257	257
4095	2303	256	3979	2255	257
0	2559	256	0	2537	262
256	2559	256	261	2540	262
512	2559	256	521	2538	262
768	2559	256	770	2535	261
1024	2559	256	1014	2535	261
1280	2559	256	1273	2529	260
1536	2559	256	1512	2527	259
1792	2559	256	1755	2521	259
2048	2559	256	2009	2527	259
2303	2559	256	2280	2529	259
2559	2559	256	2517	2527	260
2815	2559	256	2767	2520	258
3071	2559	256	3013	2519	259
3327	2559	256	3267	2520	258
3583	2559	256	3508	2510	258
3839	2559	256	3754	2510	258
4095	2559	256	3987	2507	257
0	2815	256	0	2793	261
256	2815	256	262	2789	262
512	2815	256	522	2784	261
768	2815	256	771	2783	261
1024	2815	256	1017	2787	261
1280	2815	256	1275	2778	260
1536	2815	256	1512	2772	260
1792	2815	256	1764	2778	259
2048	2815	256	2014	2777	260
2303	2815	256	2277	2770	260
2559	2815	256	2519	2774	260
2815	2815	256	2776	2773	259
3071	2815	256	3014	2764	259
3327	2815	256	3266	2763	259
3583	2815	256	3518	2762	258
3839	2815	256	3763	2761	258
4095	2815	256	3986	2750	257
0	3071	256	0	3044	263
256	3071	256	263	3047	262
512	3071	256	521	3034	261
768	3071	256	775	3041	261
1024	3071	256	1018	3038	262
1280	3071	256	1278	3033	261
1536	3071	256	1512	3022	260
1792	3071	256	1762	3023	261
2048	3071	256	2008	3019	261
2303	3071	256	2280	3023	260
2559	3071	256	2521	3026	260
2815	3071	256	2773	3019	260
3071	3071	256	3023	3021	259
3327	3071	256	3264	3008	259
3583	3071	256	3518	3010	259
3839	3071	256	3763	3008	259
4095	3071	256	3997	3006	258
0	3327	256	0	3301	263
256	3327	256	262	3298	263
512	3327	256	523	3291	261
768	3327	256	774	3292	263
1024	3327	256	1021	3297	262
1280	3327	256	1280	3285	262
1536	3327	256	1517	3278	260
1792	3327	256	1771	3287	260
2048	3327	256	2018	3282	260
2303	3327	256	2283	3275	261
2559	3327	256	2520	3273	261
2815	3327	256	2782	3278	260
3071	3327	256	3021	3267	260
3327	3327	256	3274	3266	258
3583	3327	256	3527	3265	259
3839	3327	256	3762	3255	259
4095	3327	256	3995	3253	259
0	3583	256	0	3543	264
256	3583	256	263	3546	264
512	3583	256	525	3543	263
768	3583	256	776	3539	263
1024	3583	256	1021	3539	264
1280	3583	256	1281	3531	262
1536	3583	256	1521	3527	262
1792	3583	256	1765	3518	263
2048	3583	256	2019	3524	262
2303	3583	256	2294	3531	261
2559	3583	256	2532	3530	261
2815	3583	256	2780	3517	262
3071	3583	256	3029	3516	260
3327	3583	256	3274	3506	260
3583	3583	256	3528	3506	260
3839	3583	256	3773	3504	259
4095	3583	256	4007	3503	258
0	3839	256	0	3798	264
256	3839	256	263	3795	264
512	3839	256	525	3790	264
768	3839	256	778	3795	264
1024	3839	256	1023	3791	264
1280	3839	256	1283	3780	263
1536	3839	256	1527	3784	262
1792	3839	256	1770	3772	261
2048	3839	256	2025	3778	262
2303	3839	256	2302	3787	263
2559	3839	256	2539	3783	263
2815	3839	256	2788	3770	261
3071	3839	256	3036	3767	261
3327	3839	256	3282	3757	260
3583	3839	256	3537	3758	260
3839	3839	256	3783	3756	260
4095	3839	256	4021	3758	261
0	4095	256	0	4049	265
256	4095	256	264	4042	265
512	4095	256	528	4039	264
768	4095	256	781	4039	265
1024	4095	256	1027	4041	264
1280	4095	256	1288	4027	263
1536	4095	256	1534	4033	264
1792	4095	256	1779	4022	263
2048	4095	256	2032	4022	263
2303	4095	256	2305	4027	264
2559	4095	256	2543	4023	264
2815	4095	256	2801	4021	263
3071	4095	256	3043	4009	262
3327	4095	256	3295	4005	261
3583	4095	256	3549	4004	262
3839	4095	256	3788	3994	262
4095	4095	256	4025	3995	262
0	0	512	0	0	498
256	0	512	259	0	498
512	0	512	514	1	497
768	0	512	758	1	497
1024	0	512	1000	2	499
1280	0	512	1253	2	495
1536	0	512	1487	2	495
1792	0	512	1728	2	495
2048	0	512	1972	2	494
2303	0	512	2237	3	494
2559	0	512	2470	3	494
2815	0	512	2722	3	493
3071	0	512	2958	3	491
3327	0	512	3205	4	491
3583	0	512	3454	4	491
3839	0	512	3695	4	491
4095	0	512	3926	4	492
0	256	512	0	255	498
256	256	512	258	256	498
512	256	512	515	257	497
768	256	512	759	257	497
1024	256	512	1000	258	499
1280	256	512	1256	258	496
1536	256	512	1490	257	496
1792	256	512	1733	257	495
2048	256	512	1975	257	495
2303	256	512	2241	257	494
2559	256	512	2472	257	494
2815	256	512	2728	257	493
3071	256	512	2963	256	492
3327	256	512	3217	257	491
3583	256	512	3468	257	491
3839	256	512	3701	256	491
4095	256	512	3931	256	492
0	512	512	0	506	502
256	512	512	257	508	501
512	512	512	514	508	500
768	512	512	759	508	499
1024	512	512	998	507	500
1280	512	512	1257	507	498
1536	512	512	1488	505	497
1792	512	512	1730	505	497
2048	512	512	1976	505	496
2303	512	512	2245	506	496
2559	512	512	2480	506	495
2815	512	512	2725	504	495
3071	512	512	2969	503	493
3327	512	512	3210	502	494
3583	512	512	3467	503	494
3839	512	512	3708	503	492
4095	512	512	3941	503	493
0	768	512	0	762	502
256	768	512	256	761	502
512	768	512	513	761	501
768	768	512	759	760	501
1024	768	512	1002	762	500
1280	768	512	1256	759	500
1536	768	512	1493	758	498
1792	768	512	1735	757	497
2048	768	512	1980	757	497
2303	768	512	2252	759	498
2559	768	512	2485	758	498
2815	768	512	2731	755	495
3071	768	512	2975	754	495
3327	768	512	3218	752	493
3583	768	512	3474	754	494
3839	768	512	3717	754	494
4095	768	512	3948	754	495
0	1024	512	0	1016	504
256	1024	512	257	1015	503
512	1024	512	514	1013	502
768	1024	512	761	1013	501
1024	1024	512	1002	1014	503
1280	1024	512	1260	1012	500
1536	1024	512	1495	1010	500
1792	1024	512	1738	1009	499
2048	1024	512	1982	1007	499
2303	1024	512	2250	1008	500
2559	1024	512	2481	1006	500
2815	1024	512	2742	1008	497
3071	1024	512	2983	1006	497
3327	1024	512	3233	1005	495
3583	1024	512	3468	999	496
3839	1024	512	3717	1001	496
4095	1024	512	3950	1001	496
0	1280	512	0	1270	506
256	1280	512	256	1269	505
512	1280	512	513	1269	504
768	1280	512	759	1266	504
1024	1280	512	1003	1270	503
1280	1280	512	1259	1265	502
1536	1280	512	1495	1264	501
1792	1280	512	1739	1263	501
2048	1280	512	1984	1262	500
2303	1280	512	2257	1265	500
2559	1280	512	2491	1264	499
2815	1280	512	2737	1259	500
3071	1280	512	2982	1258	499
3327	1280	512	3225	1254	499
3583	1280	512	3482	1257	495
3839	1280	512	3725	1256	497
4095	1280	512	3959	1256	497
0	1536	512	0	1521	506
256	1536	512	257	1520	505
512	1536	512	514	1517	505
768	1536	512	763	1517	503
1024	1536	512	1003	1515	505
1280	1536	512	1263	1513	503
1536	1536	512	1501	1513	502
1792	1536	512	1744	1510	502
2048	1536	512	1995	1514	501
2303	1536	512	2256	1509	503
2559	1536	512	2488	1506	502
2815	1536	512	2746	1507	500
3071	1536	512	2989	1505	500
3327	1536	512	3240	1504	497
3583	1536	512	3483	1500	499
3839	1536	512	3726	1499	499
4095	1536	512	3961	1500	499
0	1792	512	0	1771	508
256	1792	512	257	1773	508
512	1792	512	516	1770	506
768	1792	512	764	1768	506
1024	1792	512	1006	1767	505
1280	1792	512	1266	1764	504
1536	1792	512	1500	1759	504
1792	1792	512	1745	1757	503
2048	1792	512	1998	1762	505
2303	1792	512	2264	1761	502
2559	1792	512	2500	1760	502
2815	1792	512	2753	1758	502
3071	1792	512	3000	1757	502
3327	1792	512	3242	1751	501
3583	1792	512	3490	1748	500
3839	1792	512	3735	1748	499
4095	1792	512	3968	1747	500
0	2048	512	0	2020	510
256	2048	512	258	2024	510
512	2048	512	517	2020	509
768	2048	512	766	2017	508
1024	2048	512	1008	2015	507
1280	2048	512	1269	2013	506
1536	2048	512	1504	2007	505
1792	2048	512	1750	2005	504
2048	2048	512	1996	2003	506
2303	2048	512	2269	2008	505
2559	2048	512	2504	2007	505
2815	2048	512	2752	1999	504
3071	2048	512	2997	1998	504
3327	2048	512	3249	1997	502
3583	2048	512	3498	1995	501
3839	2048	512	3745	1996	501
4095	2048	512	3980	1996	501
0	2303	512	0	2285	511
256	2303	512	257	2285	512
512	2303	512	517	2283	510
768	2303	512	766	2279	510
1024	2303	512	1011	2284	509
1280	2303	512	1270	2276	508
1536	2303	512	1509	2275	507
1792	2303	512	1754	2271	506
2048	2303	512	2006	2274	506
2303	2303	512	2269	2268	507
2559	2303	512	2505	2268	507
2815	2303	512	2765	2270	504
3071	2303	512	3006	2265	504
3327	2303	512	3259	2265	504
3583	2303	512	3508	2261	503
3839	2303	512	3753	2261	504
4095	2303	512	3978	2254	504
0	2559	512	0	2543	513
256	2559	512	261	2541	512
512	2559	512	522	2539	511
768	2559	512	770	2535	510
1024	2559	512	1016	2539	512
1280	2559	512	1274	2529	509
1536	2559	512	1511	2526	509
1792	2559	512	1762	2530	509
2048	2559	512	2010	2528	510
2303	2559	512	2278	2527	507
2559	2559	512	2512	2523	507
2815	2559	512	2770	2523	508
3071	2559	512	3014	2520	507
3327	2559	512	3258	2512	506
3583	2559	512	3514	2515	506
3839	2559	512	3758	2513	506
4095	2559	512	3991	2511	504
0	2815	512	0	2787	513
256	2815	512	262	2791	513
512	2815	512	523	2789	512
768	2815	512	772	2785	511
1024	2815	512	1017	2786	512
1280	2815	512	1277	2781	509
1536	2815	512	1514	2775	508
1792	2815	512	1758	2769	510
2048	2815	512	2011	2774	509
2303	2815	512	2285	2780	509
2559	2815	512	2521	2776	508
2815	2815	512	2774	2771	508
3071	2815	512	3020	2769	507
3327	2815	512	3271	2767	505
3583	2815	512	3516	2759	506
3839	2815	512	3759	2757	506
4095	2815	512	3996	2758	505
0	3071	512	0	3048	513
256	3071	512	262	3047	514
512	3071	512	523	3043	513
768	3071	512	773	3038	512
1024	3071	512	1019	3042	512
1280	3071	512	1277	3030	511
1536	3071	512	1521	3036	510
1792	3071	512	1769	3034	508
2048	3071	512	2016	3030	510
2303	3071	512	2286	3030	511
2559	3071	512	2522	3028	510
2815	3071	512	2779	3026	509
3071	3071	512	3020	3017	509
3327	3071	512	3272	3016	508
3583	3071	512	3522	3012	506
3839	3071	512	3762	3007	506
4095	3071	512	3995	3004	506
0	3327	512	0	3299	516
256	3327	512	263	3305	515
512	3327	512	525	3300	514
768	3327	512	774	3294	513
1024	3327	512	1019	3293	514
1280	3327	512	1281	3288	511
1536	3327	512	1521	3284	513
1792	3327	512	1765	3277	513
2048	3327	512	2013	3275	511
2303	3327	512	2290	3285	512
2559	3327	512	2529	3284	511
2815	3327	512	2783	3279	511
3071	3327	512	3028	3274	509
3327	3327	512	3275	3266	508
3583	3327	512	3525	3263	508
3839	3327	512	3771	3263	506
4095	3327	512	4005	3262	506
0	3583	512	0	3554	516
256	3583	512	263	3551	517
512	3583	512	525	3545	516
768	3583	512	775	3539	515
1024	3583	512	1024	3550	515
1280	3583	512	1285	3538	514
1536	3583	512	1521	3526	513
1792	3583	512	1772	3531	511
2048	3583	512	2022	3528	511
2303	3583	512	2292	3529	513
2559	3583	512	2535	3534	513
2815	3583	512	2784	3521	512
3071	3583	512	3026	3513	511
3327	3583	512	3278	3510	509
3583	3583	512	3531	3509	508
3839	3583	512	3780	3510	508
4095	3583	512	4006	3502	508
0	3839	512	0	3805	519
256	3839	512	263	3799	518
512	3839	512	525	3794	517
768	3839	512	777	3792	515
1024	3839	512	1024	3795	518
1280	3839	512	1287	3790	515
1536	3839	512	1526	3782	513
1792	3839	512	1778	3785	515
2048	3839	512	2030	3786	514
2303	3839	512	2297	3781	514
2559	3839	512	2536	3779	515
2815	3839	512	2792	3775	512
3071	3839	512	3034	3765	510
3327	3839	512	3286	3762	510
3583	3839	512	3544	3765	510
3839	3839	512	3781	3754	510
4095	3839	512	4017	3755	509
0	4095	512	0	4045	520
256	4095	512	264	4045	519
512	4095	512	528	4041	518
768	4095	512	780	4039	517
1024	4095	512	1028	4044	518
1280	4095	512	1293	4039	517
1536	4095	512	1531	4027	516
1792	4095	512	1779	4023	516
2048	4095	512	2029	4019	517
2303	4095	512	2302	4022	516
2559	4095	512	2541	4021	515
2815	4095	512	2795	4012	515
3071	4095	512	3042	4008	513
3327	4095	512	3290	4000	512
3583	4095	512	3544	3998	513
3839	4095	512	3787	3994	511
4095	4095	512	4032	4003	511
0	0	768	0	0	742
256	0	768	259	1	740
512	0	768	514	1	739
768	0	768	758	1	738
1024	0	768	1000	2	740
1280	0	768	1254	2	736
1536	0	768	1489	2	736
1792	0	768	1731	2	736
2048	0	768	1976	3	735
2303	0	768	2245	3	737
2559	0	768	2479	3	737
2815	0	768	2731	3	736
3071	0	768	2977	3	736
3327	0	768	3216	4	733
3583	0	768	3458	4	730
3839	0	768	3708	4	733
4095	0	768	3933	4	732
0	256	768	0	255	742
256	256	768	258	257	740
512	256	768	515	258	739
768	256	768	762	259	738
1024	256	768	1002	259	741
1280	256	768	1255	258	737
1536	256	768	1492	258	736
1792	256	768	1733	258	736
2048	256	768	1979	258	735
2303	256	768	2249	259	737
2559	256	768	2482	259	737
2815	256	768	2730	258	736
3071	256	768	2971	257	736
3327	256	768	3217	257	733
3583	256	768	3473	258	731
3839	256	768	3705	257	733
4095	256	768	3949	258	732
0	512	768	0	509	745
256	512	768	258	510	743
512	512	768	514	509	743
768	512	768	761	509	744
1024	512	768	999	508	743
1280	512	768	1258	508	738
1536	512	768	1493	508	739
1792	512	768	1739	508	737
2048	512	768	1983	507	737
2303	512	768	2252	508	739
2559	512	768	2483	507	739
2815	512	768	2743	508	736
3071	512	768	2980	506	735
3327	512	768	3229	506	733
3583	512	768	3464	502	735
3839	512	768	3712	504	732
4095	512	768	3942	503	736
0	768	768	0	763	748
256	768	768	258	765	746
512	768	768	515	764	745
768	768	768	763	764	744
1024	768	768	1002	763	743
1280	768	768	1263	764	742
1536	768	768	1493	759	741
1792	768	768	1740	760	741
2048	768	768	1989	760	740
2303	768	768	2256	761	741
2559	768	768	2489	760	740
2815	768	768	2741	759	742
3071	768	768	2986	758	738
3327	768	768	3236	758	738
3583	768	768	3479	755	733
3839	768	768	3723	756	735
4095	768	768	3955	756	734
0	1024	768	0	1017	748
256	1024	768	257	1016	749
512	1024	768	514	1014	747
768	1024	768	762	1014	747
1024	1024	768	1006	1017	746
1280	1024	768	1261	1013	746
1536	1024	768	1497	1012	741
1792	1024	768	1743	1012	742
2048	1024	768	1989	1010	743
2303	1024	768	2255	1010	743
2559	1024	768	2501	1015	743
2815	1024	768	2741	1007	741
3071	1024	768	2987	1007	741
3327	1024	768	3236	1007	740
3583	1024	768	3486	1006	738
3839	1024	768	3731	1006	739
4095	1024	768	3954	1003	738
0	1280	768	0	1272	750
256	1280	768	257	1274	749
512	1280	768	515	1273	747
768	1280	768	763	1272	747
1024	1280	768	1004	1271	749
1280	1280	768	1264	1270	745
1536	1280	768	1495	1264	744
1792	1280	768	1741	1264	744
2048	1280	768	1990	1265	744
2303	1280	768	2256	1264	743
2559	1280	768	2492	1264	747
2815	1280	768	2742	1261	742
3071	1280	768	2989	1261	742
3327	1280	768	3233	1257	741
3583	1280	768	3484	1257	741
3839	1280	768	3728	1257	741
4095	1280	768	3959	1256	739
0	1536	768	0	1523	751
256	1536	768	257	1522	752
512	1536	768	515	1519	750
768	1536	768	762	1516	750
1024	1536	768	1007	1521	749
1280	1536	768	1263	1515	748
1536	1536	768	1499	1512	744
1792	1536	768	1746	1512	744
2048	1536	768	1993	1512	745
2303	1536	768	2262	1513	745
2559	1536	768	2504	1517	745
2815	1536	768	2753	1512	743
3071	1536	768	2998	1510	743
3327	1536	768	3241	1505	741
3583	1536	768	3492	1505	741
3839	1536	768	3733	1503	741
4095	1536	768	3966	1502	740
0	1792	768	0	1775	754
256	1792	768	257	1774	752
512	1792	768	517	1772	751
768	1792	768	764	1768	749
1024	1792	768	1006	1769	752
1280	1792	768	1265	1765	748
1536	1792	768	1507	1768	747
1792	1792	768	1750	1763	747
2048	1792	768	1998	1762	746
2303	1792	768	2268	1765	747
2559	1792	768	2505	1764	750
2815	1792	768	2761	1763	747
3071	1792	768	2997	1756	746
3327	1792	768	3247	1754	744
3583	1792	768	3501	1755	743
3839	1792	768	3737	1750	742
4095	1792	768	3971	1749	742
0	2048	768	0	2025	757
256	2048	768	258	2024	755
512	2048	768	518	2021	754
768	2048	768	767	2020	752
1024	2048	768	1008	2017	752
1280	2048	768	1268	2013	750
1536	2048	768	1505	2009	752
1792	2048	768	1759	2015	750
2048	2048	768	2009	2016	750
2303	2048	768	2270	2009	751
2559	2048	768	2505	2008	751
2815	2048	768	2767	2011	751
3071	2048	768	3007	2005	747
3327	2048	768	3256	2002	746
3583	2048	768	3500	1996	746
3839	2048	768	3746	1997	744
4095	2048	768	3983	1997	744
0	2303	768	0	2289	759
256	2303	768	257	2286	758
512	2303	768	517	2283	757
768	2303	768	768	2286	756
1024	2303	768	1011	2284	755
1280	2303	768	1270	2278	753
1536	2303	768	1512	2280	752
1792	2303	768	1755	2274	755
2048	2303	768	2004	2272	755
2303	2303	768	2281	2280	752
2559	2303	768	2517	2279	752
2815	2303	768	2767	2272	753
3071	2303	768	3012	2270	751
3327	2303	768	3258	2264	749
3583	2303	768	3508	2262	747
3839	2303	768	3755	2262	747
4095	2303	768	3987	2260	748
0	2559	768	0	2542	760
256	2559	768	261	2547	759
512	2559	768	523	2545	757
768	2559	768	772	2541	759
1024	2559	768	1015	2539	758
1280	2559	768	1277	2536	755
1536	2559	768	1514	2531	757
1792	2559	768	1760	2527	754
2048	2559	768	2012	2529	753
2303	2559	768	2284	2534	757
2559	2559	768	2521	2532	757
2815	2559	768	2769	2523	754
3071	2559	768	3017	2522	753
3327	2559	768	3261	2514	750
3583	2559	768	3511	2512	750
3839	2559	768	3759	2513	750
4095	2559	768	3993	2511	750
0	2815	768	0	2795	760
256	2815	768	262	2795	761
512	2815	768	522	2789	760
768	2815	768	772	2786	759
1024	2815	768	1021	2796	758
1280	2815	768	1280	2787	757
1536	2815	768	1516	2779	755
1792	2815	768	1768	2783	754
2048	2815	768	2018	2782	755
2303	2815	768	2285	2779	757
2559	2815	768	2523	2778	756
2815	2815	768	2776	2773	753
3071	2815	768	3020	2768	753
3327	2815	768	3269	2765	750
3583	2815	768	3521	2764	749
3839	2815	768	3759	2756	750
4095	2815	768	3992	2754	750
0	3071	768	0	3047	763
256	3071	768	261	3045	762
512	3071	768	522	3040	760
768	3071	768	772	3038	759
1024	3071	768	1018	3042	763
1280	3071	768	1277	3032	759
1536	3071	768	1520	3035	757
1792	3071	768	1765	3028	758
2048	3071	768	2014	3027	758
2303	3071	768	2291	3037	757
2559	3071	768	2530	3036	757
2815	3071	768	2778	3024	755
3071	3071	768	3028	3025	754
3327	3071	768	3272	3015	753
3583	3071	768	3525	3015	753
3839	3071	768	3766	3010	750
4095	3071	768	4002	3011	750
0	3327	768	0	3305	763
256	3327	768	262	3303	762
512	3327	768	524	3298	760
768	3327	768	774	3294	759
1024	3327	768	1020	3297	761
1280	3327	768	1284	3295	758
1536	3327	768	1521	3287	759
1792	3327	768	1773	3290	757
2048	3327	768	2022	3288	757
2303	3327	768	2291	3286	760
2559	3327	768	2530	3286	760
2815	3327	768	2785	3281	756
3071	3327	768	3026	3272	757
3327	3327	768	3280	3271	753
3583	3327	768	3531	3269	754
3839	3327	768	3771	3262	752
4095	3327	768	4006	3262	753
0	3583	768	0	3550	766
256	3583	768	263	3555	765
512	3583	768	525	3549	763
768	3583	768	777	3546	762
1024	3583	768	1024	3552	763
1280	3583	768	1289	3549	763
1536	3583	768	1527	3539	760
1792	3583	768	1775	3534	762
2048	3583	768	2024	3532	761
2303	3583	768	2298	3538	761
2559	3583	768	2535	3533	761
2815	3583	768	2788	3527	759
3071	3583	768	3035	3523	756
3327	3583	768	3283	3515	757
3583	3583	768	3534	3511	756
3839	3583	768	3780	3510	754
4095	3583	768	4014	3508	754
0	3839	768	0	3806	767
256	3839	768	263	3803	768
512	3839	768	526	3798	766
768	3839	768	776	3792	765
1024	3839	768	1027	3808	768
1280	3839	768	1289	3795	766
1536	3839	768	1529	3789	764
1792	3839	768	1780	3788	762
2048	3839	768	2029	3784	762
2303	3839	768	2304	3791	764
2559	3839	768	2543	3789	763
2815	3839	768	2794	3778	761
3071	3839	768	3043	3775	760
3327	3839	768	3290	3767	757
3583	3839	768	3544	3765	756
3839	3839	768	3788	3762	756
4095	3839	768	4032	3770	757
0	4095	768	0	4060	770
256	4095	768	264	4047	769
512	4095	768	529	4050	767
768	4095	768	782	4048	766
1024	4095	768	1026	4039	770
1280	4095	768	1293	4040	767
1536	4095	768	1534	4035	766
1792	4095	768	1788	4038	766
2048	4095	768	2035	4030	765
2303	4095	768	2308	4031	767
2559	4095	768	2546	4027	767
2815	4095	768	2805	4025	763
3071	4095	768	3047	4014	763
3327	4095	768	3300	4011	761
3583	4095	768	3546	4001	760
3839	4095	768	3800	4007	760
4095	4095	768	4033	4005	762
0	0	1024	0	0	985
256	0	1024	260	1	984
512	0	1024	516	1	982
768	0	1024	761	1	981
1024	0	1024	1003	2	984
1280	0	1024	1257	2	978
1536	0	1024	1492	2	978
1792	0	1024	1736	2	977
2048	0	1024	1980	3	976
2303	0	1024	2246	3	975
2559	0	1024	2484	3	979
2815	0	1024	2733	3	976
3071	0	1024	2975	3	975
3327	0	1024	3225	4	975
3583	0	1024	3473	4	974
3839	0	1024	3706	4	970
4095	0	1024	3937	4	970
0	256	1024	0	256	986
256	256	1024	259	257	984
512	256	1024	517	259	982
768	256	1024	762	259	981
1024	256	1024	1004	260	984
1280	256	1024	1257	259	978
1536	256	1024	1495	259	978
1792	256	1024	1738	259	978
2048	256	1024	1985	259	977
2303	256	1024	2251	259	976
2559	256	1024	2483	259	979
2815	256	1024	2736	259	976
3071	256	1024	2979	259	975
3327	256	1024	3228	259	975
3583	256	1024	3480	259	974
3839	256	1024	3722	259	971
4095	256	1024	3945	258	971
0	512	1024	0	509	988
256	512	1024	258	511	986
512	512	1024	516	511	986
768	512	1024	762	511	984
1024	512	1024	1002	510	986
1280	512	1024	1262	510	980
1536	512	1024	1493	508	980
1792	512	1024	1736	507	980
2048	512	1024	1980	506	980
2303	512	1024	2254	509	979
2559	512	1024	2493	510	979
2815	512	1024	2738	507	978
3071	512	1024	2983	507	977
3327	512	1024	3230	506	976
3583	512	1024	3480	506	976
3839	512	1024	3723	506	976
4095	512	1024	3951	505	973
0	768	1024	0	764	988
256	768	1024	257	763	989
512	768	1024	514	763	988
768	768	1024	761	762	986
1024	768	1024	1004	765	986
1280	768	1024	1259	761	985
1536	768	1024	1496	760	981
1792	768	1024	1740	760	980
2048	768	1024	1986	759	979
2303	768	1024	2265	765	983
2559	768	1024	2499	764	985
2815	768	1024	2747	761	980
3071	768	1024	2992	760	980
3327	768	1024	3234	758	977
3583	768	1024	3484	757	977
3839	768	1024	3729	758	977
4095	768	1024	3958	756	976
0	1024	1024	0	1019	991
256	1024	1024	258	1018	988
512	1024	1024	516	1017	987
768	1024	1024	762	1015	986
1024	1024	1024	1003	1014	989
1280	1024	1024	1262	1014	984
1536	1024	1024	1500	1014	984
1792	1024	1024	1743	1012	983
2048	1024	1024	1991	1012	982
2303	1024	1024	2257	1011	988
2559	1024	1024	2493	1011	988
2815	1024	1024	2746	1009	984
3071	1024	1024	2984	1006	983
3327	1024	1024	3242	1008	980
3583	1024	1024	3487	1006	979
3839	1024	1024	3728	1005	979
4095	1024	1024	3962	1005	978
0	1280	1024	0	1275	995
256	1280	1024	257	1275	993
512	1280	1024	515	1272	991
768	1280	1024	762	1272	989
1024	1280	1024	1006	1275	989
1280	1280	1024	1262	1269	987
1536	1280	1024	1503	1271	988
1792	1280	1024	1745	1268	986
2048	1280	1024	1992	1266	986
2303	1280	1024	2268	1272	985
2559	1280	1024	2504	1271	986
2815	1280	1024	2752	1266	984
3071	1280	1024	2999	1266	981
3327	1280	1024	3242	1262	983
3583	1280	1024	3492	1261	981
3839	1280	1024	3735	1260	980
4095	1280	1024	3966	1258	980
0	1536	1024	0	1526	995
256	1536	1024	257	1524	995
512	1536	1024	516	1522	992
768	1536	1024	764	1520	991
1024	1536	1024	1005	1518	994
1280	1536	1024	1266	1518	989
1536	1536	1024	1503	1516	991
1792	1536	1024	1749	1515	988
2048	1536	1024	1995	1513	987
2303	1536	1024	2269	1518	992
2559	1536	1024	2503	1516	992
2815	1536	1024	2756	1514	988
3071	1536	1024	2997	1510	988
3327	1536	1024	3247	1508	984
3583	1536	1024	3499	1508	984
3839	1536	1024	3732	1502	983
4095	1536	1024	3967	1502	982
0	1792	1024	0	1774	999
256	1792	1024	257	1776	997
512	1792	1024	517	1774	995
768	1792	1024	766	1773	994
1024	1792	1024	1008	1772	993
1280	1792	1024	1269	1770	992
1536	1792	1024	1501	1762	991
1792	1792	1024	1747	1760	990
2048	1792	1024	2002	1766	989
2303	1792	1024	2274	1769	993
2559	1792	1024	2510	1768	991
2815	1792	1024	2760	1763	990
3071	1792	1024	3006	1762	988
3327	1792	1024	3256	1760	987
3583	1792	1024	3499	1754	986
3839	1792	1024	3743	1753	982
4095	1792	1024	3977	1753	983
0	2048	1024	0	2026	1000
256	2048	1024	258	2029	1000
512	2048	1024	518	2025	999
768	2048	1024	768	2024	998
1024	2048	1024	1011	2022	998
1280	2048	1024	1272	2020	996
1536	2048	1024	1510	2017	991
1792	2048	1024	1754	2011	990
2048	2048	1024	2007	2014	994
2303	2048	1024	2279	2018	996
2559	2048	1024	2515	2016	996
2815	2048	1024	2765	2010	992
3071	2048	1024	3010	2008	992
3327	2048	1024	3257	2003	991
3583	2048	1024	3506	2001	987
3839	2048	1024	3753	2002	987
4095	2048	1024	3986	2000	987
0	2303	1024	0	2291	1004
256	2303	1024	256	2289	1005
512	2303	1024	517	2287	1003
768	2303	1024	767	2285	1002
1024	2303	1024	1013	2288	1001
1280	2303	1024	1270	2280	1000
1536	2303	1024	1514	2284	999
1792	2303	1024	1757	2277	996
2048	2303	1024	2006	2275	997
2303	2303	1024	2279	2279	999
2559	2303	1024	2515	2277	998
2815	2303	1024	2772	2277	995
3071	2303	1024	3011	2269	994
3327	2303	1024	3263	2268	991
3583	2303	1024	3514	2266	990
3839	2303	1024	3759	2265	991
4095	2303	1024	3987	2260	990
0	2559	1024	0	2550	1007
256	2559	1024	261	2546	1004
512	2559	1024	522	2544	1004
768	2559	1024	771	2540	1003
1024	2559	1024	1018	2545	1004
1280	2559	1024	1275	2535	999
1536	2559	1024	1518	2538	1003
1792	2559	1024	1761	2530	998
2048	2559	1024	2009	2527	998
2303	2559	1024	2289	2539	1000
2559	2559	1024	2525	2536	999
2815	2559	1024	2778	2530	999
3071	2559	1024	3024	2528	995
3327	2559	1024	3266	2519	995
3583	2559	1024	3520	2519	994
3839	2559	1024	3764	2518	993
4095	2559	1024	3997	2515	991
0	2815	1024	0	2794	1009
256	2815	1024	261	2798	1006
512	2815	1024	524	2796	1005
768	2815	1024	773	2791	1003
1024	2815	1024	1017	2790	1005
1280	2815	1024	1282	2792	1001
1536	2815	1024	1522	2789	1003
1792	2815	1024	1767	2782	999
2048	2815	1024	2021	2787	998
2303	2815	1024	2289	2785	1003
2559	2815	1024	2528	2783	1003
2815	2815	1024	2780	2777	1000
3071	2815	1024	3025	2772	999
3327	2815	1024	3278	2772	994
3583	2815	1024	3522	2764	994
3839	2815	1024	3766	2762	994
4095	2815	1024	3999	2760	993
0	3071	1024	0	3052	1008
256	3071	1024	261	3049	1009
512	3071	1024	523	3047	1008
768	3071	1024	773	3042	1006
1024	3071	1024	1023	3054	1006
1280	3071	1024	1282	3043	1007
1536	3071	1024	1522	3040	1006
1792	3071	1024	1770	3037	1003
2048	3071	1024	2020	3036	1005
2303	3071	1024	2289	3035	1003
2559	3071	1024	2527	3032	1004
2815	3071	1024	2781	3027	1001
3071	3071	1024	3025	3021	999
3327	3071	1024	3276	3019	999
3583	3071	1024	3529	3018	995
3839	3071	1024	3766	3011	995
4095	3071	1024	4000	3009	994
0	3327	1024	0	3303	1011
256	3327	1024	262	3308	1010
512	3327	1024	525	3304	1009
768	3327	1024	776	3301	1006
1024	3327	1024	1024	3306	1012
1280	3327	1024	1287	3302	1007
1536	3327	1024	1523	3291	1006
1792	3327	1024	1772	3289	1005
2048	3327	1024	2028	3296	1005
2303	3327	1024	2296	3293	1004
2559	3327	1024	2534	3290	1003
2815	3327	1024	2785	3281	1001
3071	3327	1024	3033	3278	999
3327	3327	1024	3281	3272	998
3583	3327	1024	3533	3269	998
3839	3327	1024	3778	3268	995
4095	3327	1024	4019	3273	995
0	3583	1024	0	3565	1012
256	3583	1024	263	3557	1014
512	3583	1024	527	3558	1012
768	3583	1024	778	3553	1011
1024	3583	1024	1024	3553	1012
1280	3583	1024	1289	3549	1011
1536	3583	1024	1528	3544	1007
1792	3583	1024	1777	3540	1006
2048	3583	1024	2028	3539	1009
2303	3583	1024	2297	3535	1008
2559	3583	1024	2542	3542	1007
2815	3583	1024	2792	3530	1004
3071	3583	1024	3033	3519	1003
3327	3583	1024	3287	3519	1001
3583	3583	1024	3539	3515	1000
3839	3583	1024	3792	3522	1000
4095	3583	1024	4016	3510	1002
0	3839	1024	0	3820	1020
256	3839	1024	263	3806	1016
512	3839	1024	529	3814	1017
768	3839	1024	780	3805	1015
1024	3839	1024	1024	3798	1014
1280	3839	1024	1291	3801	1013
1536	3839	1024	1533	3797	1012
1792	3839	1024	1783	3796	1010
2048	3839	1024	2034	3792	1010
2303	3839	1024	2305	3792	1008
2559	3839	1024	2545	3790	1011
2815	3839	1024	2802	3787	1007
3071	3839	1024	3045	3777	1003
3327	3839	1024	3298	3775	1003
3583	3839	1024	3553	3775	1002
3839	3839	1024	3799	3773	1005
4095	3839	1024	4027	3764	1000
0	4095	1024	0	4064	1023
256	4095	1024	265	4065	1018
512	4095	1024	531	4062	1021
768	4095	1024	784	4058	1017
1024	4095	1024	1030	4052	1015
1280	4095	1024	1297	4049	1016
1536	4095	1024	1535	4037	1015
1792	4095	1024	1785	4034	1014
2048	4095	1024	2037	4031	1013
2303	4095	1024	2312	4038	1014
2559	4095	1024	2552	4035	1013
2815	4095	1024	2804	4024	1012
3071	4095	1024	3051	4020	1009
3327	4095	1024	3307	4020	1009
3583	4095	1024	3554	4009	1009
3839	4095	1024	3807	4016	1008
4095	4095	1024	4037	4008	1005
0	0	1280	0	0	1236
256	0	1280	259	1	1233
512	0	1280	515	1	1232
768	0	1280	760	2	1231
1024	0	1280	1002	2	1234
1280	0	1280	1256	2	1228
1536	0	1280	1491	2	1228
1792	0	1280	1733	2	1226
2048	0	1280	1978	3	1226
2303	0	1280	2244	3	1225
2559	0	1280	2475	3	1224
2815	0	1280	2730	3	1224
3071	0	1280	2966	4	1220
3327	0	1280	3221	4	1222
3583	0	1280	3470	4	1222
3839	0	1280	3711	4	1221
4095	0	1280	3933	4	1217
0	256	1280	0	255	1237
256	256	1280	258	257	1234
512	256	1280	515	258	1232
768	256	1280	760	258	1231
1024	256	1280	1002	259	1234
1280	256	1280	1256	259	1228
1536	256	1280	1493	259	1228
1792	256	1280	1737	259	1226
2048	256	1280	1982	259	1226
2303	256	1280	2253	260	1226
2559	256	1280	2491	260	1225
2815	256	1280	2740	259	1225
3071	256	1280	2975	258	1220
3327	256	1280	3228	259	1223
3583	256	1280	3475	259	1222
3839	256	1280	3720	259	1222
4095	256	1280	3943	258	1218
0	512	1280	0	509	1239
256	512	1280	258	511	1236
512	512	1280	515	511	1235
768	512	1280	761	510	1234
1024	512	1280	1000	509	1236
1280	512	1280	1260	510	1231
1536	512	1280	1492	507	1231
1792	512	1280	1739	508	1230
2048	512	1280	1984	508	1229
2303	512	1280	2252	508	1232
2559	512	1280	2487	508	1234
2815	512	1280	2732	506	1230
3071	512	1280	2984	508	1226
3327	512	1280	3224	505	1225
3583	512	1280	3475	505	1224
3839	512	1280	3716	505	1225
4095	512	1280	3951	505	1222
0	768	1280	0	764	1240
256	768	1280	257	763	1241
512	768	1280	514	763	1239
768	768	1280	762	764	1237
1024	768	1280	1003	764	1236
1280	768	1280	1259	762	1235
1536	768	1280	1495	760	1231
1792	768	1280	1739	760	1233
2048	768	1280	1984	759	1232
2303	768	1280	2256	761	1232
2559	768	1280	2498	764	1233
2815	768	1280	2737	758	1227
3071	768	1280	2991	760	1231
3327	768	1280	3232	757	1225
3583	768	1280	3483	757	1225
3839	768	1280	3726	757	1225
4095	768	1280	3957	756	1225
0	1024	1280	0	1019	1244
256	1024	1280	257	1018	1241
512	1024	1280	515	1017	1240
768	1024	1280	763	1016	1240
1024	1024	1280	1002	1014	1240
1280	1024	1280	1261	1013	1236
1536	1024	1280	1498	1013	1234
1792	1024	1280	1747	1014	1234
2048	1024	1280	1994	1014	1233
2303	1024	1280	2260	1013	1236
2559	1024	1280	2497	1013	1239
2815	1024	1280	2750	1011	1231
3071	1024	1280	2988	1007	1234
3327	1024	1280	3239	1008	1230
3583	1024	1280	3487	1006	1229
3839	1024	1280	3724	1004	1229
4095	1024	1280	3958	1003	1228
0	1280	1280	0	1273	1248
256	1280	1280	256	1272	1245
512	1280	1280	514	1272	1243
768	1280	1280	761	1270	1242
1024	1280	1280	1004	1272	1240
1280	1280	1280	1260	1267	1238
1536	1280	1280	1497	1266	1238
1792	1280	1280	1742	1265	1240
2048	1280	1280	1988	1264	1240
2303	1280	1280	2266	1271	1239
2559	1280	1280	2501	1270	1239
2815	1280	1280	2750	1265	1238
3071	1280	1280	2993	1263	1233
3327	1280	1280	3238	1260	1233
3583	1280	1280	3487	1258	1231
3839	1280	1280	3731	1258	1229
4095	1280	1280	3962	1257	1229
0	1536	1280	0	1523	1247
256	1536	1280	257	1523	1245
512	1536	1280	515	1520	1244
768	1536	1280	762	1518	1243
1024	1536	1280	1010	1526	1245
1280	1536	1280	1267	1520	1239
1536	1536	1280	1501	1514	1239
1792	1536	1280	1751	1517	1238
2048	1536	1280	1998	1516	1237
2303	1536	1280	2259	1512	1243
2559	1536	1280	2503	1516	1243
2815	1536	1280	2757	1514	1239
3071	1536	1280	2995	1508	1237
3327	1536	1280	3245	1507	1233
3583	1536	1280	3494	1506	1232
3839	1536	1280	3730	1501	1232
4095	1536	1280	3965	1501	1231
0	1792	1280	0	1772	1251
256	1792	1280	257	1776	1250
512	1792	1280	517	1775	1248
768	1792	1280	764	1770	1246
1024	1792	1280	1010	1774	1253
1280	1792	1280	1272	1773	1248
1536	1792	1280	1505	1766	1243
1792	1792	1280	1751	1764	1245
2048	1792	1280	2005	1769	1245
2303	1792	1280	2266	1763	1240
2559	1792	1280	2509	1767	1244
2815	1792	1280	2756	1760	1242
3071	1792	1280	3000	1757	1238
3327	1792	1280	3253	1758	1237
3583	1792	1280	3497	1753	1236
3839	1792	1280	3740	1752	1232
4095	1792	1280	3983	1756	1233
0	2048	1280	0	2022	1252
256	2048	1280	257	2025	1255
512	2048	1280	518	2022	1253
768	2048	1280	766	2020	1250
1024	2048	1280	1009	2019	1253
1280	2048	1280	1271	2018	1252
1536	2048	1280	1509	2016	1248
1792	2048	1280	1755	2012	1246
2048	2048	1280	2008	2016	1250
2303	2048	1280	2277	2016	1245
2559	2048	1280	2515	2016	1248
2815	2048	1280	2765	2009	1243
3071	2048	1280	3008	2006	1241
3327	2048	1280	3256	2003	1242
3583	2048	1280	3504	1999	1238
3839	2048	1280	3749	1999	1237
4095	2048	1280	3984	1998	1241
0	2303	1280	0	2289	1257
256	2303	1280	256	2287	1258
512	2303	1280	516	2285	1256
768	2303	1280	765	2283	1254
1024	2303	1280	1014	2292	1255
1280	2303	1280	1271	2282	1253
1536	2303	1280	1508	2277	1252
1792	2303	1280	1759	2280	1250
2048	2303	1280	2008	2279	1252
2303	2303	1280	2275	2277	1252
2559	2303	1280	2519	2281	1252
2815	2303	1280	2769	2274	1248
3071	2303	1280	3007	2265	1245
3327	2303	1280	3260	2266	1243
3583	2303	1280	3512	2264	1242
3839	2303	1280	3755	2263	1242
4095	2303	1280	3991	2263	1242
0	2559	1280	0	2548	1261
256	2559	1280	260	2546	1259
512	2559	1280	521	2542	1257
768	2559	1280	769	2537	1255
1024	2559	1280	1019	2548	1262
1280	2559	1280	1278	2540	1256
1536	2559	1280	1511	2529	1252
1792	2559	1280	1764	2535	1254
2048	2559	1280	2012	2532	1253
2303	2559	1280	2285	2536	1252
2559	2559	1280	2523	2534	1255
2815	2559	1280	2775	2528	1251
3071	2559	1280	3022	2526	1246
3327	2559	1280	3267	2518	1246
3583	2559	1280	3526	2524	1246
3839	2559	1280	3763	2517	1245
4095	2559	1280	4002	2519	1246
0	2815	1280	0	2791	1263
256	2815	1280	261	2796	1262
512	2815	1280	523	2798	1259
768	2815	1280	774	2794	1256
1024	2815	1280	1015	2787	1262
1280	2815	1280	1278	2786	1258
1536	2815	1280	1520	2788	1253
1792	2815	1280	1765	2780	1255
2048	2815	1280	2019	2785	1254
2303	2815	1280	2288	2783	1256
2559	2815	1280	2526	2781	1255
2815	2815	1280	2782	2779	1252
3071	2815	1280	3024	2772	1251
3327	2815	1280	3277	2771	1247
3583	2815	1280	3520	2761	1250
3839	2815	1280	3771	2766	1247
4095	2815	1280	3997	2759	1248
0	3071	1280	0	3050	1262
256	3071	1280	261	3048	1264
512	3071	1280	522	3045	1265
768	3071	1280	772	3041	1263
1024	3071	1280	1021	3050	1259
1280	3071	1280	1281	3042	1258
1536	3071	1280	1521	3039	1260
1792	3071	1280	1769	3036	1256
2048	3071	1280	2019	3036	1259
2303	3071	1280	2287	3032	1258
2559	3071	1280	2525	3030	1257
2815	3071	1280	2780	3026	1256
3071	3071	1280	3022	3018	1252
3327	3071	1280	3275	3018	1252
3583	3071	1280	3527	3016	1247
3839	3071	1280	3772	3015	1250
4095	3071	1280	4007	3015	1247
0	3327	1280	0	3309	1267
256	3327	1280	261	3304	1265
512	3327	1280	525	3309	1264
768	3327	1280	776	3303	1262
1024	3327	1280	1020	3298	1266
1280	3327	1280	1285	3300	1262
1536	3327	1280	1521	3289	1260
1792	3327	1280	1770	3286	1260
2048	3327	1280	2023	3290	1260
2303	3327	1280	2292	3288	1258
2559	3327	1280	2531	3287	1257
2815	3327	1280	2782	3277	1255
3071	3327	1280	3038	3283	1252
3327	3327	1280	3285	3275	1252
3583	3327	1280	3530	3266	1251
3839	3327	1280	3780	3270	1251
4095	3327	1280	4011	3265	1251
0	3583	1280	0	3554	1271
256	3583	1280	262	3556	1269
512	3583	1280	526	3555	1271
768	3583	1280	777	3549	1268
1024	3583	1280	1024	3553	1266
1280	3583	1280	1286	3544	1266
1536	3583	1280	1525	3538	1261
1792	3583	1280	1773	3534	1260
2048	3583	1280	2024	3534	1262
2303	3583	1280	2294	3532	1261
2559	3583	1280	2538	3536	1261
2815	3583	1280	2789	3527	1257
3071	3583	1280	3037	3524	1260
3327	3583	1280	3289	3521	1257
3583	3583	1280	3543	3519	1253
3839	3583	1280	3792	3521	1255
4095	3583	1280	4025	3518	1253
0	3839	1280	0	3809	1273
256	3839	1280	263	3812	1273
512	3839	1280	527	3808	1273
768	3839	1280	779	3804	1270
1024	3839	1280	1027	3807	1272
1280	3839	1280	1289	3796	1268
1536	3839	1280	1530	3794	1266
1792	3839	1280	1778	3788	1264
2048	3839	1280	2030	3787	1263
2303	3839	1280	2301	3786	1263
2559	3839	1280	2539	3783	1265
2815	3839	1280	2795	3779	1261
3071	3839	1280	3040	3772	1260
3327	3839	1280	3300	3777	1259
3583	3839	1280	3555	3775	1260
3839	3839	1280	3797	3771	1260
4095	3839	1280	4029	3766	1259
0	4095	1280	0	4051	1277
256	4095	1280	265	4063	1278
512	4095	1280	530	4057	1277
768	4095	1280	783	4053	1275
1024	4095	1280	1029	4048	1276
1280	4095	1280	1295	4045	1271
1536	4095	1280	1532	4032	1271
1792	4095	1280	1782	4029	1268
2048	4095	1280	2037	4032	1268
2303	4095	1280	2309	4032	1268
2559	4095	1280	2547	4027	1266
2815	4095	1280	2799	4017	1265
3071	4095	1280	3047	4014	1262
3327	4095	1280	3301	4013	1265
3583	4095	1280	3558	4013	1265
3839	4095	1280	3799	4007	1262
4095	4095	1280	4040	4010	1261
0	0	1536	0	1	1474
256	0	1536	259	1	1476
512	0	1536	516	1	1475
768	0	1536	760	2	1472
1024	0	1536	1000	2	1472
1280	0	1536	1256	3	1469
1536	0	1536	1488	2	1464
1792	0	1536	1731	3	1463
2048	0	1536	1975	3	1462
2303	0	1536	2252	3	1471
2559	0	1536	2483	3	1469
2815	0	1536	2730	3	1464
3071	0	1536	2974	4	1463
3327	0	1536	3219	4	1460
3583	0	1536	3467	4	1459
3839	0	1536	3708	4	1459
4095	0	1536	3936	4	1458
0	256	1536	0	255	1474
256	256	1536	258	257	1477
512	256	1536	515	259	1475
768	256	1536	761	259	1473
1024	256	1536	1001	259	1473
1280	256	1536	1259	260	1470
1536	256	1536	1490	258	1464
1792	256	1536	1739	259	1464
2048	256	1536	1989	260	1464
2303	256	1536	2250	260	1470
2559	256	1536	2483	260	1469
2815	256	1536	2737	259	1465
3071	256	1536	2979	259	1464
3327	256	1536	3230	260	1461
3583	256	1536	3476	259	1459
3839	256	1536	3718	259	1459
4095	256	1536	3946	259	1458
0	512	1536	0	510	1479
256	512	1536	257	510	1479
512	512	1536	514	510	1478
768	512	1536	759	509	1477
1024	512	1536	1002	510	1476
1280	512	1536	1258	509	1473
1536	512	1536	1496	509	1468
1792	512	1536	1736	507	1471
2048	512	1536	1984	508	1473
2303	512	1536	2253	509	1469
2559	512	1536	2487	509	1469
2815	512	1536	2740	508	1468
3071	512	1536	2981	507	1466
3327	512	1536	3228	506	1466
3583	512	1536	3481	507	1464
3839	512	1536	3721	506	1463
4095	512	1536	3944	504	1462
0	768	1536	0	765	1485
256	768	1536	257	765	1481
512	768	1536	514	764	1478
768	768	1536	761	763	1476
1024	768	1536	1001	763	1479
1280	768	1536	1259	762	1474
1536	768	1536	1499	763	1475
1792	768	1536	1740	760	1471
2048	768	1536	1991	762	1472
2303	768	1536	2255	762	1474
2559	768	1536	2491	761	1473
2815	768	1536	2745	761	1471
3071	768	1536	2984	758	1468
3327	768	1536	3234	758	1466
3583	768	1536	3477	755	1466
3839	768	1536	3720	755	1465
4095	768	1536	3952	754	1462
0	1024	1536	0	1016	1487
256	1024	1536	256	1016	1485
512	1024	1536	514	1015	1482
768	1024	1536	763	1016	1481
1024	1024	1536	1003	1016	1480
1280	1024	1536	1262	1015	1477
1536	1024	1536	1495	1011	1479
1792	1024	1536	1745	1013	1475
2048	1024	1536	1990	1011	1478
2303	1024	1536	2262	1014	1477
2559	1024	1536	2499	1014	1477
2815	1024	1536	2748	1010	1475
3071	1024	1536	2992	1009	1471
3327	1024	1536	3234	1005	1470
3583	1024	1536	3485	1005	1466
3839	1024	1536	3727	1005	1466
4095	1024	1536	3960	1004	1466
0	1280	1536	0	1275	1488
256	1280	1536	256	1274	1485
512	1280	1536	514	1272	1483
768	1280	1536	761	1271	1485
1024	1280	1536	1002	1270	1484
1280	1280	1536	1261	1268	1482
1536	1280	1536	1502	1271	1477
1792	1280	1536	1747	1269	1480
2048	1280	1536	1994	1269	1478
2303	1280	1536	2263	1269	1482
2559	1280	1536	2496	1267	1482
2815	1280	1536	2751	1266	1478
3071	1280	1536	2991	1262	1476
3327	1280	1536	3241	1261	1471
3583	1280	1536	3484	1257	1471
3839	1280	1536	3727	1257	1470
4095	1280	1536	3959	1256	1470
0	1536	1536	0	1521	1492
256	1536	1536	256	1523	1490
512	1536	1536	517	1526	1488
768	1536	1536	765	1524	1487
1024	1536	1536	1005	1520	1484
1280	1536	1536	1266	1519	1483
1536	1536	1536	1503	1517	1485
1792	1536	1536	1746	1514	1483
2048	1536	1536	1998	1516	1484
2303	1536	1536	2268	1518	1484
2559	1536	1536	2503	1516	1482
2815	1536	1536	2754	1512	1481
3071	1536	1536	2998	1509	1477
3327	1536	1536	3243	1505	1476
3583	1536	1536	3493	1504	1471
3839	1536	1536	3735	1503	1471
4095	1536	1536	3968	1503	1471
0	1792	1536	0	1774	1493
256	1792	1536	256	1774	1494
512	1792	1536	517	1777	1496
768	1792	1536	766	1774	1494
1024	1792	1536	1008	1772	1490
1280	1792	1536	1266	1767	1489
1536	1792	1536	1507	1769	1487
1792	1792	1536	1749	1762	1483
2048	1792	1536	2001	1765	1486
2303	1792	1536	2268	1765	1488
2559	1792	1536	2511	1769	1488
2815	1792	1536	2760	1763	1483
3071	1792	1536	3000	1757	1481
3327	1792	1536	3248	1754	1477
3583	1792	1536	3500	1754	1476
3839	1792	1536	3744	1754	1476
4095	1792	1536	3971	1750	1475
0	2048	1536	0	2026	1499
256	2048	1536	257	2024	1497
512	2048	1536	517	2020	1498
768	2048	1536	767	2024	1497
1024	2048	1536	1011	2022	1495
1280	2048	1536	1272	2020	1491
1536	2048	1536	1510	2016	1493
1792	2048	1536	1758	2015	1488
2048	2048	1536	2008	2016	1490
2303	2048	1536	2275	2015	1489
2559	2048	1536	2518	2019	1493
2815	2048	1536	2767	2011	1488
3071	2048	1536	3008	2005	1483
3327	2048	1536	3259	2004	1481
3583	2048	1536	3509	2002	1481
3839	2048	1536	3753	2001	1481
4095	2048	1536	3981	1996	1478
0	2303	1536	0	2289	1504
256	2303	1536	257	2295	1502
512	2303	1536	518	2293	1499
768	2303	1536	768	2290	1501
1024	2303	1536	1013	2290	1500
1280	2303	1536	1271	2282	1498
1536	2303	1536	1509	2278	1496
1792	2303	1536	1757	2277	1495
2048	2303	1536	2010	2280	1496
2303	2303	1536	2278	2279	1495
2559	2303	1536	2518	2280	1498
2815	2303	1536	2765	2270	1492
3071	2303	1536	3012	2269	1487
3327	2303	1536	3262	2266	1487
3583	2303	1536	3509	2261	1485
3839	2303	1536	3762	2267	1486
4095	2303	1536	3990	2261	1483
0	2559	1536	0	2555	1506
256	2559	1536	261	2552	1509
512	2559	1536	523	2550	1507
768	2559	1536	772	2545	1505
1024	2559	1536	1014	2539	1504
1280	2559	1536	1279	2542	1499
1536	2559	1536	1518	2539	1497
1792	2559	1536	1765	2536	1496
2048	2559	1536	2013	2533	1498
2303	2559	1536	2284	2534	1498
2559	2559	1536	2520	2530	1498
2815	2559	1536	2776	2529	1492
3071	2559	1536	3018	2522	1491
3327	2559	1536	3276	2526	1490
3583	2559	1536	3516	2514	1486
3839	2559	1536	3768	2520	1490
4095	2559	1536	3995	2513	1487
0	2815	1536	0	2796	1513
256	2815	1536	260	2793	1510
512	2815	1536	522	2793	1508
768	2815	1536	771	2788	1505
1024	2815	1536	1019	2797	1502
1280	2815	1536	1280	2789	1504
1536	2815	1536	1520	2787	1502
1792	2815	1536	1768	2784	1501
2048	2815	1536	2015	2780	1499
2303	2815	1536	2290	2785	1500
2559	2815	1536	2526	2782	1497
2815	2815	1536	2779	2776	1496
3071	2815	1536	3028	2774	1493
3327	2815	1536	3272	2767	1495
3583	2815	1536	3530	2770	1488
3839	2815	1536	3769	2764	1491
4095	2815	1536	4008	2767	1488
0	3071	1536	0	3046	1509
256	3071	1536	262	3057	1508
512	3071	1536	524	3052	1507
768	3071	1536	774	3049	1504
1024	3071	1536	1020	3049	1510
1280	3071	1536	1282	3044	1505
1536	3071	1536	1519	3036	1504
1792	3071	1536	1767	3033	1502
2048	3071	1536	2016	3031	1500
2303	3071	1536	2290	3036	1504
2559	3071	1536	2527	3032	1502
2815	3071	1536	2779	3026	1498
3071	3071	1536	3026	3022	1498
3327	3071	1536	3278	3020	1493
3583	3071	1536	3532	3020	1495
3839	3071	1536	3776	3019	1492
4095	3071	1536	4010	3018	1495
0	3327	1536	0	3304	1510
256	3327	1536	261	3308	1516
512	3327	1536	523	3301	1512
768	3327	1536	775	3302	1511
1024	3327	1536	1023	3306	1511
1280	3327	1536	1284	3299	1508
1536	3327	1536	1522	3291	1504
1792	3327	1536	1771	3290	1503
2048	3327	1536	2020	3286	1502
2303	3327	1536	2290	3285	1504
2559	3327	1536	2533	3289	1503
2815	3327	1536	2783	3278	1499
3071	3327	1536	3028	3272	1497
3327	3327	1536	3281	3271	1496
3583	3327	1536	3539	3274	1496
3839	3327	1536	3777	3267	1496
4095	3327	1536	4010	3265	1495
0	3583	1536	0	3552	1515
256	3583	1536	261	3552	1516
512	3583	1536	525	3555	1512
768	3583	1536	776	3549	1513
1024	3583	1536	1023	3550	1515
1280	3583	1536	1286	3546	1511
1536	3583	1536	1525	3540	1508
1792	3583	1536	1770	3529	1507
2048	3583	1536	2025	3535	1506
2303	3583	1536	2294	3533	1505
2559	3583	1536	2534	3532	1507
2815	3583	1536	2790	3527	1503
3071	3583	1536	3038	3524	1499
3327	3583	1536	3290	3521	1499
3583	3583	1536	3535	3510	1500
3839	3583	1536	3787	3516	1497
4095	3583	1536	4024	3517	1496
0	3839	1536	0	3809	1519
256	3839	1536	262	3811	1518
512	3839	1536	527	3809	1520
768	3839	1536	779	3805	1517
1024	3839	1536	1025	3804	1517
1280	3839	1536	1291	3800	1515
1536	3839	1536	1527	3787	1512
1792	3839	1536	1776	3784	1507
2048	3839	1536	2028	3784	1510
2303	3839	1536	2301	3787	1510
2559	3839	1536	2541	3786	1509
2815	3839	1536	2797	3782	1508
3071	3839	1536	3047	3780	1507
3327	3839	1536	3297	3774	1505
3583	3839	1536	3553	3773	1499
3839	3839	1536	3798	3771	1503
4095	3839	1536	4035	3771	1504
0	4095	1536	0	4060	1526
256	4095	1536	263	4056	1526
512	4095	1536	528	4052	1525
768	4095	1536	781	4047	1523
1024	4095	1536	1028	4049	1523
1280	4095	1536	1293	4040	1521
1536	4095	1536	1532	4032	1515
1792	4095	1536	1782	4029	1514
2048	4095	1536	2034	4029	1513
2303	4095	1536	2309	4034	1515
2559	4095	1536	2550	4033	1515
2815	4095	1536	2807	4029	1513
3071	4095	1536	3051	4019	1512
3327	4095	1536	3305	4017	1510
3583	4095	1536	3562	4018	1510
3839	4095	1536	3807	4016	1509
4095	4095	1536	4039	4009	1509
0	0	1792	0	1	1716
256	0	1792	259	1	1714
512	0	1792	515	2	1712
768	0	1792	763	2	1714
1024	0	1792	1001	2	1712
1280	0	1792	1260	3	1711
1536	0	1792	1494	3	1708
1792	0	1792	1735	3	1703
2048	0	1792	1980	3	1702
2303	0	1792	2256	4	1712
2559	0	1792	2492	3	1712
2815	0	1792	2737	4	1704
3071	0	1792	2980	4	1703
3327	0	1792	3225	4	1699
3583	0	1792	3475	4	1698
3839	0	1792	3715	5	1697
4095	0	1792	3948	4	1698
0	256	1792	0	256	1717
256	256	1792	259	259	1715
512	256	1792	517	260	1713
768	256	1792	764	260	1715
1024	256	1792	1003	260	1713
1280	256	1792	1267	262	1712
1536	256	1792	1495	260	1708
1792	256	1792	1744	261	1705
2048	256	1792	1992	261	1704
2303	256	1792	2260	262	1712
2559	256	1792	2494	261	1712
2815	256	1792	2744	261	1705
3071	256	1792	2988	261	1703
3327	256	1792	3228	259	1699
3583	256	1792	3481	260	1698
3839	256	1792	3723	260	1697
4095	256	1792	3956	259	1698
0	512	1792	0	511	1721
256	512	1792	257	511	1723
512	512	1792	515	511	1720
768	512	1792	761	510	1719
1024	512	1792	1002	511	1717
1280	512	1792	1260	510	1720
1536	512	1792	1500	511	1710
1792	512	1792	1741	509	1713
2048	512	1792	1987	509	1713
2303	512	1792	2258	511	1715
2559	512	1792	2493	510	1714
2815	512	1792	2747	510	1710
3071	512	1792	2987	508	1708
3327	512	1792	3239	509	1701
3583	512	1792	3489	508	1702
3839	512	1792	3725	507	1701
4095	512	1792	3954	506	1702
0	768	1792	0	766	1726
256	768	1792	258	767	1723
512	768	1792	517	768	1720
768	768	1792	765	767	1718
1024	768	1792	1005	766	1719
1280	768	1792	1263	765	1715
1536	768	1792	1504	766	1718
1792	768	1792	1740	761	1712
2048	768	1792	1997	765	1712
2303	768	1792	2263	765	1716
2559	768	1792	2498	764	1715
2815	768	1792	2750	763	1713
3071	768	1792	2990	760	1709
3327	768	1792	3240	760	1708
3583	768	1792	3482	757	1707
3839	768	1792	3727	757	1703
4095	768	1792	3959	756	1702
0	1024	1792	0	1020	1727
256	1024	1792	257	1018	1728
512	1024	1792	515	1018	1729
768	1024	1792	762	1016	1726
1024	1024	1792	1009	1021	1724
1280	1024	1792	1265	1017	1721
1536	1024	1792	1497	1013	1722
1792	1024	1792	1749	1016	1714
2048	1024	1792	1994	1014	1720
2303	1024	1792	2267	1017	1720
2559	1024	1792	2503	1016	1719
2815	1024	1792	2752	1013	1716
3071	1024	1792	2996	1011	1712
3327	1024	1792	3240	1008	1710
3583	1024	1792	3492	1008	1705
3839	1024	1792	3736	1008	1705
4095	1024	1792	3969	1007	1706
0	1280	1792	0	1279	1732
256	1280	1792	257	1278	1728
512	1280	1792	517	1279	1727
768	1280	1792	765	1278	1724
1024	1280	1792	1004	1273	1730
1280	1280	1792	1268	1275	1724
1536	1280	1792	1506	1275	1719
1792	1280	1792	1748	1270	1722
2048	1280	1792	1999	1272	1720
2303	1280	1792	2267	1272	1724
2559	1280	1792	2503	1271	1724
2815	1280	1792	2749	1265	1717
3071	1280	1792	2996	1265	1716
3327	1280	1792	3248	1264	1712
3583	1280	1792	3490	1259	1711
3839	1280	1792	3741	1263	1711
4095	1280	1792	3968	1259	1711
0	1536	1792	0	1525	1736
256	1536	1792	256	1523	1734
512	1536	1792	517	1527	1735
768	1536	1792	765	1524	1733
1024	1536	1792	1007	1523	1728
1280	1536	1792	1265	1518	1728
1536	1536	1792	1506	1521	1729
1792	1536	1792	1751	1518	1723
2048	1536	1792	1999	1518	1726
2303	1536	1792	2272	1521	1726
2559	1536	1792	2509	1520	1725
2815	1536	1792	2757	1514	1718
3071	1536	1792	3002	1512	1717
3327	1536	1792	3247	1508	1716
3583	1536	1792	3500	1508	1711
3839	1536	1792	3750	1511	1715
4095	1536	1792	3978	1507	1712
0	1792	1792	0	1779	1737
256	1792	1792	257	1779	1734
512	1792	1792	518	1779	1737
768	1792	1792	767	1777	1734
1024	1792	1792	1012	1779	1733
1280	1792	1792	1268	1769	1726
1536	1792	1792	1511	1773	1730
1792	1792	1792	1757	1770	1727
2048	1792	1792	2006	1770	1726
2303	1792	1792	2272	1768	1729
2559	1792	1792	2510	1769	1729
2815	1792	1792	2763	1765	1724
3071	1792	1792	3005	1761	1721
3327	1792	1792	3255	1759	1717
3583	1792	1792	3510	1760	1717
3839	1792	1792	3753	1759	1720
4095	1792	1792	3981	1754	1717
0	2048	1792	0	2035	1744
256	2048	1792	257	2027	1743
512	2048	1792	519	2029	1742
768	2048	1792	769	2028	1740
1024	2048	1792	1015	2030	1743
1280	2048	1792	1275	2024	1733
1536	2048	1792	1514	2022	1736
1792	2048	1792	1762	2020	1734
2048	2048	1792	2011	2020	1733
2303	2048	1792	2279	2018	1731
2559	2048	1792	2516	2017	1731
2815	2048	1792	2771	2014	1729
3071	2048	1792	3011	2008	1724
3327	2048	1792	3263	2006	1723
3583	2048	1792	3514	2005	1723
3839	2048	1792	3761	2005	1723
4095	2048	1792	3987	1999	1720
0	2303	1792	0	2292	1752
256	2303	1792	257	2299	1746
512	2303	1792	519	2298	1747
768	2303	1792	769	2294	1746
1024	2303	1792	1015	2294	1748
1280	2303	1792	1276	2290	1742
1536	2303	1792	1513	2283	1740
1792	2303	1792	1760	2280	1739
2048	2303	1792	2009	2279	1738
2303	2303	1792	2284	2285	1737
2559	2303	1792	2521	2283	1736
2815	2303	1792	2770	2274	1734
3071	2303	1792	3016	2272	1729
3327	2303	1792	3269	2271	1728
3583	2303	1792	3517	2266	1727
3839	2303	1792	3769	2270	1728
4095	2303	1792	4004	2269	1725
0	2559	1792	0	2554	1749
256	2559	1792	261	2559	1754
512	2559	1792	524	2556	1753
768	2559	1792	775	2552	1750
1024	2559	1792	1019	2549	1749
1280	2559	1792	1282	2546	1746
1536	2559	1792	1520	2542	1741
1792	2559	1792	1765	2536	1739
2048	2559	1792	2019	2539	1738
2303	2559	1792	2289	2539	1742
2559	2559	1792	2524	2534	1741
2815	2559	1792	2777	2529	1735
3071	2559	1792	3022	2525	1733
3327	2559	1792	3283	2531	1734
3583	2559	1792	3523	2520	1729
3839	2559	1792	3776	2525	1733
4095	2559	1792	4001	2517	1733
0	2815	1792	0	2808	1755
256	2815	1792	260	2799	1756
512	2815	1792	524	2801	1755
768	2815	1792	774	2797	1752
1024	2815	1792	1023	2805	1751
1280	2815	1792	1282	2793	1747
1536	2815	1792	1521	2790	1745
1792	2815	1792	1771	2788	1741
2048	2815	1792	2020	2786	1744
2303	2815	1792	2289	2785	1743
2559	2815	1792	2532	2787	1740
2815	2815	1792	2783	2779	1737
3071	2815	1792	3026	2773	1734
3327	2815	1792	3278	2771	1738
3583	2815	1792	3539	2777	1731
3839	2815	1792	3781	2773	1735
4095	2815	1792	4011	2768	1730
0	3071	1792	0	3053	1759
256	3071	1792	262	3063	1753
512	3071	1792	524	3055	1754
768	3071	1792	777	3057	1752
1024	3071	1792	1022	3054	1757
1280	3071	1792	1285	3050	1749
1536	3071	1792	1520	3039	1747
1792	3071	1792	1770	3039	1746
2048	3071	1792	2021	3037	1745
2303	3071	1792	2294	3041	1744
2559	3071	1792	2532	3039	1747
2815	3071	1792	2782	3029	1741
3071	3071	1792	3033	3029	1738
3327	3071	1792	3285	3028	1736
3583	3071	1792	3540	3028	1740
3839	3071	1792	3785	3026	1738
4095	3071	1792	4019	3025	1736
0	3327	1792	0	3317	1756
256	3327	1792	262	3315	1762
512	3327	1792	525	3309	1756
768	3327	1792	777	3309	1758
1024	3327	1792	1024	3314	1756
1280	3327	1792	1285	3302	1753
1536	3327	1792	1525	3298	1747
1792	3327	1792	1775	3298	1747
2048	3327	1792	2025	3293	1746
2303	3327	1792	2294	3291	1748
2559	3327	1792	2535	3291	1748
2815	3327	1792	2790	3288	1742
3071	3327	1792	3033	3278	1742
3327	3327	1792	3286	3278	1741
3583	3327	1792	3548	3283	1741
3839	3327	1792	3785	3274	1740
4095	3327	1792	4022	3274	1740
0	3583	1792	0	3561	1765
256	3583	1792	262	3566	1763
512	3583	1792	526	3562	1759
768	3583	1792	779	3559	1759
1024	3583	1792	1024	3556	1762
1280	3583	1792	1289	3553	1755
1536	3583	1792	1527	3544	1752
1792	3583	1792	1775	3539	1752
2048	3583	1792	2026	3538	1750
2303	3583	1792	2299	3540	1749
2559	3583	1792	2539	3539	1750
2815	3583	1792	2794	3535	1749
3071	3583	1792	3045	3534	1743
3327	3583	1792	3293	3526	1742
3583	3583	1792	3548	3523	1746
3839	3583	1792	3795	3524	1742
4095	3583	1792	4033	3524	1742
0	3839	1792	0	3818	1767
256	3839	1792	262	3815	1768
512	3839	1792	527	3811	1766
768	3839	1792	781	3813	1765
1024	3839	1792	1026	3810	1762
1280	3839	1792	1289	3801	1761
1536	3839	1792	1530	3796	1756
1792	3839	1792	1781	3795	1754
2048	3839	1792	2031	3790	1753
2303	3839	1792	2308	3799	1756
2559	3839	1792	2548	3797	1756
2815	3839	1792	2806	3795	1753
3071	3839	1792	3054	3789	1754
3327	3839	1792	3303	3781	1748
3583	3839	1792	3558	3779	1747
3839	3839	1792	3804	3778	1749
4095	3839	1792	4041	3777	1749
0	4095	1792	0	4068	1774
256	4095	1792	263	4061	1771
512	4095	1792	529	4058	1769
768	4095	1792	782	4054	1770
1024	4095	1792	1031	4058	1769
1280	4095	1792	1294	4046	1763
1536	4095	1792	1536	4042	1761
1792	4095	1792	1787	4041	1761
2048	4095	1792	2039	4037	1758
2303	4095	1792	2314	4043	1764
2559	4095	1792	2554	4041	1763
2815	4095	1792	2814	4040	1762
3071	4095	1792	3055	4028	1759
3327	4095	1792	3312	4027	1755
3583	4095	1792	3568	4025	1755
3839	4095	1792	3807	4016	1754
4095	4095	1792	4045	4015	1753
0	0	2048	0	1	1960
256	0	2048	261	1	1962
512	0	2048	518	2	1958
768	0	2048	765	2	1956
1024	0	2048	1007	2	1959
1280	0	2048	1267	3	1958
1536	0	2048	1499	3	1951
1792	0	2048	1745	3	1950
2048	0	2048	1993	3	1952
2303	0	2048	2261	4	1953
2559	0	2048	2495	4	1952
2815	0	2048	2747	4	1949
3071	0	2048	2987	4	1944
3327	0	2048	3235	4	1942
3583	0	2048	3482	4	1939
3839	0	2048	3722	5	1937
4095	0	2048	3957	5	1939
0	256	2048	0	258	1961
256	256	2048	260	260	1962
512	256	2048	518	261	1959
768	256	2048	766	261	1957
1024	256	2048	1005	261	1959
1280	256	2048	1265	261	1958
1536	256	2048	1504	262	1952
1792	256	2048	1752	262	1952
2048	256	2048	2000	262	1953
2303	256	2048	2266	263	1954
2559	256	2048	2501	262	1952
2815	256	2048	2753	262	1950
3071	256	2048	2994	261	1945
3327	256	2048	3242	261	1943
3583	256	2048	3488	261	1940
3839	256	2048	3730	260	1937
4095	256	2048	3962	260	1940
0	512	2048	0	513	1969
256	512	2048	258	512	1965
512	512	2048	516	512	1963
768	512	2048	763	512	1963
1024	512	2048	1008	515	1960
1280	512	2048	1265	513	1958
1536	512	2048	1499	511	1958
1792	512	2048	1748	512	1959
2048	512	2048	1995	512	1958
2303	512	2048	2268	514	1958
2559	512	2048	2505	514	1957
2815	512	2048	2751	511	1953
3071	512	2048	2997	511	1950
3327	512	2048	3239	509	1946
3583	512	2048	3491	509	1943
3839	512	2048	3732	508	1942
4095	512	2048	3974	510	1943
0	768	2048	0	769	1970
256	768	2048	258	770	1965
512	768	2048	517	769	1963
768	768	2048	765	768	1960
1024	768	2048	1011	771	1968
1280	768	2048	1269	769	1961
1536	768	2048	1506	768	1956
1792	768	2048	1752	767	1958
2048	768	2048	2000	767	1957
2303	768	2048	2266	766	1961
2559	768	2048	2503	766	1961
2815	768	2048	2754	764	1954
3071	768	2048	2993	761	1953
3327	768	2048	3247	762	1946
3583	768	2048	3496	761	1947
3839	768	2048	3741	761	1945
4095	768	2048	3968	759	1949
0	1024	2048	0	1022	1973
256	1024	2048	258	1023	1973
512	1024	2048	517	1022	1969
768	1024	2048	765	1020	1966
1024	1024	2048	1010	1023	1973
1280	1024	2048	1272	1023	1967
1536	1024	2048	1505	1018	1964
1792	1024	2048	1752	1018	1963
2048	1024	2048	2004	1019	1964
2303	1024	2048	2272	1019	1961
2559	1024	2048	2509	1019	1961
2815	1024	2048	2755	1014	1957
3071	1024	2048	3002	1014	1952
3327	1024	2048	3246	1011	1952
3583	1024	2048	3498	1010	1950
3839	1024	2048	3743	1010	1950
4095	1024	2048	3984	1012	1948
0	1280	2048	0	1282	1976
256	1280	2048	258	1283	1976
512	1280	2048	518	1282	1974
768	1280	2048	767	1281	1970
1024	1280	2048	1012	1282	1975
1280	1280	2048	1271	1279	1972
1536	1280	2048	1510	1278	1965
1792	1280	2048	1755	1275	1965
2048	1280	2048	2002	1274	1967
2303	1280	2048	2271	1274	1967
2559	1280	2048	2508	1273	1967
2815	1280	2048	2761	1271	1960
3071	1280	2048	3003	1268	1959
3327	1280	2048	3253	1267	1953
3583	1280	2048	3504	1266	1953
3839	1280	2048	3742	1263	1952
4095	1280	2048	3974	1261	1957
0	1536	2048	0	1528	1981
256	1536	2048	258	1533	1982
512	1536	2048	517	1529	1979
768	1536	2048	769	1531	1977
1024	1536	2048	1012	1530	1980
1280	1536	2048	1273	1528	1973
1536	1536	2048	1512	1526	1973
1792	1536	2048	1755	1522	1969
2048	1536	2048	2007	1524	1969
2303	1536	2048	2273	1522	1968
2559	1536	2048	2512	1522	1968
2815	1536	2048	2761	1516	1965
3071	1536	2048	3009	1516	1961
3327	1536	2048	3259	1515	1959
3583	1536	2048	3512	1514	1958
3839	1536	2048	3753	1512	1954
4095	1536	2048	3992	1513	1954
0	1792	2048	0	1783	1981
256	1792	2048	258	1784	1986
512	1792	2048	518	1779	1980
768	1792	2048	770	1784	1983
1024	1792	2048	1015	1783	1981
1280	1792	2048	1273	1776	1977
1536	1792	2048	1512	1774	1976
1792	1792	2048	1758	1771	1971
2048	1792	2048	2008	1772	1973
2303	1792	2048	2280	1775	1972
2559	1792	2048	2517	1774	1972
2815	1792	2048	2768	1769	1966
3071	1792	2048	3016	1768	1966
3327	1792	2048	3259	1762	1963
3583	1792	2048	3520	1766	1963
3839	1792	2048	3759	1762	1961
4095	1792	2048	4001	1765	1964
0	2048	2048	0	2039	1989
256	2048	2048	258	2036	1989
512	2048	2048	520	2033	1983
768	2048	2048	770	2031	1988
1024	2048	2048	1018	2035	1988
1280	2048	2048	1276	2027	1979
1536	2048	2048	1517	2026	1978
1792	2048	2048	1763	2022	1975
2048	2048	2048	2014	2022	1975
2303	2048	2048	2286	2025	1979
2559	2048	2048	2525	2024	1977
2815	2048	2048	2775	2018	1972
3071	2048	2048	3021	2014	1972
3327	2048	2048	3274	2014	1965
3583	2048	2048	3521	2009	1969
3839	2048	2048	3772	2012	1966
4095	2048	2048	4001	2007	1969
0	2303	2048	0	2299	1999
256	2303	2048	258	2304	1995
512	2303	2048	520	2302	1993
768	2303	2048	771	2299	1990
1024	2303	2048	1016	2297	1994
1280	2303	2048	1279	2295	1986
1536	2303	2048	1518	2291	1985
1792	2303	2048	1768	2290	1983
2048	2303	2048	2017	2288	1982
2303	2303	2048	2285	2285	1984
2559	2303	2048	2524	2285	1984
2815	2303	2048	2779	2282	1978
3071	2303	2048	3022	2277	1975
3327	2303	2048	3275	2275	1975
3583	2303	2048	3529	2275	1970
3839	2303	2048	3770	2271	1974
4095	2303	2048	4009	2272	1971
0	2559	2048	0	2558	1997
256	2559	2048	261	2561	2000
512	2559	2048	525	2560	1998
768	2559	2048	776	2556	1996
1024	2559	2048	1023	2559	1994
1280	2559	2048	1284	2550	1991
1536	2559	2048	1523	2546	1989
1792	2559	2048	1771	2543	1988
2048	2559	2048	2022	2543	1986
2303	2559	2048	2291	2541	1984
2559	2559	2048	2530	2540	1984
2815	2559	2048	2784	2536	1982
3071	2559	2048	3029	2532	1977
3327	2559	2048	3289	2537	1978
3583	2559	2048	3541	2534	1977
3839	2559	2048	3783	2530	1974
4095	2559	2048	4017	2528	1976
0	2815	2048	0	2812	2001
256	2815	2048	261	2809	2001
512	2815	2048	525	2806	2000
768	2815	2048	778	2810	1998
1024	2815	2048	1023	2806	2000
1280	2815	2048	1286	2802	1993
1536	2815	2048	1524	2794	1990
1792	2815	2048	1772	2791	1988
2048	2815	2048	2023	2790	1988
2303	2815	2048	2299	2796	1988
2559	2815	2048	2537	2792	1987
2815	2815	2048	2792	2789	1984
3071	2815	2048	3039	2785	1981
3327	2815	2048	3288	2780	1983
3583	2815	2048	3539	2777	1981
3839	2815	2048	3789	2779	1980
4095	2815	2048	4025	2778	1979
0	3071	2048	0	3064	2006
256	3071	2048	262	3069	2003
512	3071	2048	525	3062	2000
768	3071	2048	778	3061	2003
1024	3071	2048	1024	3060	2000
1280	3071	2048	1288	3056	1997
1536	3071	2048	1527	3050	1992
1792	3071	2048	1777	3049	1990
2048	3071	2048	2028	3047	1990
2303	3071	2048	2299	3047	1994
2559	3071	2048	2539	3045	1993
2815	3071	2048	2794	3042	1990
3071	3071	2048	3038	3034	1987
3327	3071	2048	3289	3032	1983
3583	3071	2048	3544	3031	1980
3839	3071	2048	3789	3029	1983
4095	3071	2048	4027	3030	1983
0	3327	2048	0	3323	2006
256	3327	2048	262	3320	2008
512	3327	2048	526	3316	2004
768	3327	2048	780	3320	2003
1024	3327	2048	1025	3319	2003
1280	3327	2048	1287	3307	1999
1536	3327	2048	1528	3303	1996
1792	3327	2048	1778	3301	1996
2048	3327	2048	2029	3299	1995
2303	3327	2048	2303	3303	1995
2559	3327	2048	2543	3302	1994
2815	3327	2048	2801	3300	1993
3071	3327	2048	3048	3294	1987
3327	3327	2048	3294	3285	1984
3583	3327	2048	3554	3289	1984
3839	3327	2048	3799	3287	1984
4095	3327	2048	4038	3287	1985
0	3583	2048	0	3577	2013
256	3583	2048	263	3574	2009
512	3583	2048	527	3569	2007
768	3583	2048	779	3565	2009
1024	3583	2048	1025	3563	2008
1280	3583	2048	1290	3559	2000
1536	3583	2048	1531	3553	1999
1792	3583	2048	1781	3551	1998
2048	3583	2048	2032	3548	1996
2303	3583	2048	2308	3554	2000
2559	3583	2048	2549	3552	2000
2815	3583	2048	2806	3549	1999
3071	3583	2048	3052	3542	1996
3327	3583	2048	3304	3538	1989
3583	3583	2048	3560	3536	1992
3839	3583	2048	3801	3530	1990
4095	3583	2048	4040	3530	1992
0	3839	2048	0	3827	2020
256	3839	2048	263	3829	2018
512	3839	2048	528	3822	2014
768	3839	2048	782	3820	2012
1024	3839	2048	1028	3818	2010
1280	3839	2048	1293	3812	2008
1536	3839	2048	1535	3808	2005
1792	3839	2048	1783	3801	2004
2048	3839	2048	2038	3803	2003
2303	3839	2048	2313	3808	2007
2559	3839	2048	2555	3808	2006
2815	3839	2048	2812	3803	2004
3071	3839	2048	3059	3797	2000
3327	3839	2048	3314	3794	1998
3583	3839	2048	3563	3785	1996
3839	3839	2048	3810	3784	1993
4095	3839	2048	4048	3783	1994
0	4095	2048	0	4072	2023
256	4095	2048	263	4067	2022
512	4095	2048	529	4062	2019
768	4095	2048	783	4059	2017
1024	4095	2048	1032	4065	2017
1280	4095	2048	1295	4051	2013
1536	4095	2048	1537	4048	2011
1792	4095	2048	1789	4047	2007
2048	4095	2048	2042	4045	2008
2303	4095	2048	2317	4049	2012
2559	4095	2048	2561	4053	2012
2815	4095	2048	2816	4046	2010
3071	4095	2048	3066	4042	2006
3327	4095	2048	3315	4032	2005
3583	4095	2048	3570	4029	2000
3839	4095	2048	3816	4026	2000
4095	4095	2048	4059	4028	2000
0	0	2303	0	1	2217
256	0	2303	261	1	2214
512	0	2303	520	2	2215
768	0	2303	767	2	2212
1024	0	2303	1006	2	2208
1280	0	2303	1266	3	2206
1536	0	2303	1505	3	2208
1792	0	2303	1752	3	2208
2048	0	2303	2000	3	2208
2303	0	2303	2264	4	2205
2559	0	2303	2500	4	2205
2815	0	2303	2755	4	2204
3071	0	2303	2992	4	2196
3327	0	2303	3241	4	2195
3583	0	2303	3486	5	2189
3839	0	2303	3728	5	2189
4095	0	2303	3961	5	2189
0	256	2303	0	259	2218
256	256	2303	260	260	2215
512	256	2303	519	262	2215
768	256	2303	767	262	2213
1024	256	2303	1010	263	2209
1280	256	2303	1271	263	2208
1536	256	2303	1506	262	2209
1792	256	2303	1755	263	2209
2048	256	2303	2002	263	2208
2303	256	2303	2269	263	2206
2559	256	2303	2505	263	2206
2815	256	2303	2759	263	2205
3071	256	2303	2996	262	2197
3327	256	2303	3246	261	2196
3583	256	2303	3491	261	2190
3839	256	2303	3735	261	2189
4095	256	2303	3975	261	2191
0	512	2303	0	514	2222
256	512	2303	258	513	2218
512	512	2303	518	514	2217
768	512	2303	765	514	2216
1024	512	2303	1009	515	2217
1280	512	2303	1266	513	2214
1536	512	2303	1505	513	2210
1792	512	2303	1752	513	2212
2048	512	2303	2001	514	2211
2303	512	2303	2273	515	2211
2559	512	2303	2508	514	2210
2815	512	2303	2754	512	2207
3071	512	2303	3003	512	2201
3327	512	2303	3245	510	2198
3583	512	2303	3498	510	2194
3839	512	2303	3746	511	2194
4095	512	2303	3976	510	2198
0	768	2303	0	773	2224
256	768	2303	258	770	2218
512	768	2303	519	772	2220
768	768	2303	768	771	2217
1024	768	2303	1010	771	2219
1280	768	2303	1271	770	2212
1536	768	2303	1509	769	2212
1792	768	2303	1757	769	2212
2048	768	2303	2004	769	2212
2303	768	2303	2270	768	2215
2559	768	2303	2512	770	2215
2815	768	2303	2761	767	2206
3071	768	2303	3001	764	2206
3327	768	2303	3251	763	2200
3583	768	2303	3504	763	2199
3839	768	2303	3756	765	2203
4095	768	2303	3974	760	2200
0	1024	2303	0	1024	2232
256	1024	2303	259	1027	2226
512	1024	2303	520	1027	2227
768	1024	2303	769	1025	2224
1024	1024	2303	1013	1025	2224
1280	1024	2303	1274	1024	2221
1536	1024	2303	1513	1024	2219
1792	1024	2303	1756	1021	2218
2048	1024	2303	2008	1022	2217
2303	1024	2303	2276	1022	2215
2559	1024	2303	2513	1021	2219
2815	1024	2303	2760	1016	2212
3071	1024	2303	3007	1015	2206
3327	1024	2303	3257	1015	2205
3583	1024	2303	3506	1013	2204
3839	1024	2303	3750	1013	2208
4095	1024	2303	3992	1015	2201
0	1280	2303	0	1286	2230
256	1280	2303	257	1284	2234
512	1280	2303	519	1285	2233
768	1280	2303	768	1283	2230
1024	1280	2303	1015	1286	2231
1280	1280	2303	1274	1281	2227
1536	1280	2303	1512	1279	2225
1792	1280	2303	1760	1280	2221
2048	1280	2303	2008	1278	2223
2303	1280	2303	2275	1277	2222
2559	1280	2303	2512	1276	2221
2815	1280	2303	2768	1275	2214
3071	1280	2303	3008	1270	2212
3327	1280	2303	3260	1270	2210
3583	1280	2303	3512	1269	2207
3839	1280	2303	3762	1271	2207
4095	1280	2303	3988	1267	2211
0	1536	2303	0	1534	2238
256	1536	2303	258	1538	2235
512	1536	2303	520	1536	2235
768	1536	2303	770	1534	2232
1024	1536	2303	1014	1533	2236
1280	1536	2303	1277	1533	2229
1536	1536	2303	1516	1530	2227
1792	1536	2303	1759	1525	2226
2048	1536	2303	2012	1528	2225
2303	1536	2303	2280	1526	2223
2559	1536	2303	2519	1527	2222
2815	1536	2303	2773	1524	2221
3071	1536	2303	3021	1523	2215
3327	1536	2303	3274	1523	2215
3583	1536	2303	3515	1516	2212
3839	1536	2303	3764	1517	2215
4095	1536	2303	3994	1514	2210
0	1792	2303	0	1790	2240
256	1792	2303	259	1792	2243
512	1792	2303	520	1787	2240
768	1792	2303	773	1789	2238
1024	1792	2303	1017	1787	2236
1280	1792	2303	1280	1786	2235
1536	1792	2303	1516	1779	2232
1792	1792	2303	1763	1777	2226
2048	1792	2303	2012	1776	2229
2303	1792	2303	2287	1781	2229
2559	1792	2303	2525	1780	2229
2815	1792	2303	2774	1773	2226
3071	1792	2303	3030	1777	2225
3327	1792	2303	3273	1770	2224
3583	1792	2303	3523	1768	2215
3839	1792	2303	3771	1768	2218
4095	1792	2303	4003	1766	2215
0	2048	2303	0	2041	2249
256	2048	2303	258	2036	2249
512	2048	2303	522	2039	2243
768	2048	2303	774	2039	2246
1024	2048	2303	1020	2039	2244
1280	2048	2303	1279	2031	2240
1536	2048	2303	1518	2028	2234
1792	2048	2303	1768	2027	2232
2048	2048	2303	2019	2027	2231
2303	2048	2303	2292	2031	2237
2559	2048	2303	2530	2029	2236
2815	2048	2303	2781	2022	2228
3071	2048	2303	3029	2020	2232
3327	2048	2303	3278	2017	2224
3583	2048	2303	3534	2018	2222
3839	2048	2303	3781	2017	2224
4095	2048	2303	4014	2015	2222
0	2303	2303	0	2310	2253
256	2303	2303	258	2308	2248
512	2303	2303	521	2306	2249
768	2303	2303	773	2304	2250
1024	2303	2303	1018	2302	2250
1280	2303	2303	1281	2298	2242
1536	2303	2303	1523	2298	2240
1792	2303	2303	1771	2294	2239
2048	2303	2303	2021	2293	2239
2303	2303	2303	2290	2290	2241
2559	2303	2303	2529	2290	2240
2815	2303	2303	2791	2293	2235
3071	2303	2303	3032	2285	2233
3327	2303	2303	3287	2285	2229
3583	2303	2303	3541	2284	2230
3839	2303	2303	3779	2277	2230
4095	2303	2303	4016	2277	2229
0	2559	2303	0	2567	2258
256	2559	2303	262	2565	2255
512	2559	2303	526	2563	2253
768	2559	2303	777	2559	2252
1024	2559	2303	1024	2562	2251
1280	2559	2303	1285	2554	2247
1536	2559	2303	1526	2550	2247
1792	2559	2303	1775	2549	2244
2048	2559	2303	2026	2547	2243
2303	2559	2303	2295	2545	2241
2559	2559	2303	2533	2543	2240
2815	2559	2303	2794	2545	2244
3071	2559	2303	3036	2538	2236
3327	2559	2303	3292	2540	2237
3583	2559	2303	3543	2535	2235
3839	2559	2303	3791	2536	2230
4095	2559	2303	4022	2531	2231
0	2815	2303	0	2816	2260
256	2815	2303	262	2819	2258
512	2815	2303	526	2814	2256
768	2815	2303	778	2811	2252
1024	2815	2303	1024	2810	2255
1280	2815	2303	1289	2807	2250
1536	2815	2303	1526	2797	2246
1792	2815	2303	1774	2793	2245
2048	2815	2303	2026	2793	2244
2303	2815	2303	2302	2799	2243
2559	2815	2303	2540	2796	2242
2815	2815	2303	2793	2790	2242
3071	2815	2303	3040	2787	2237
3327	2815	2303	3292	2784	2237
3583	2815	2303	3548	2784	2234
3839	2815	2303	3791	2780	2235
4095	2815	2303	4031	2782	2233
0	3071	2303	0	3076	2262
256	3071	2303	262	3072	2263
512	3071	2303	527	3068	2259
768	3071	2303	779	3065	2256
1024	3071	2303	1024	3060	2256
1280	3071	2303	1289	3059	2254
1536	3071	2303	1529	3054	2248
1792	3071	2303	1779	3053	2246
2048	3071	2303	2030	3050	2245
2303	3071	2303	2304	3053	2250
2559	3071	2303	2544	3052	2249
2815	3071	2303	2802	3051	2244
3071	3071	2303	3046	3043	2241
3327	3071	2303	3299	3041	2238
3583	3071	2303	3548	3035	2237
3839	3071	2303	3795	3034	2236
4095	3071	2303	4032	3034	2238
0	3327	2303	0	3329	2269
256	3327	2303	262	3325	2264
512	3327	2303	526	3320	2261
768	3327	2303	780	3323	2260
1024	3327	2303	1027	3321	2256
1280	3327	2303	1292	3316	2255
1536	3327	2303	1530	3307	2252
1792	3327	2303	1781	3307	2252
2048	3327	2303	2033	3304	2250
2303	3327	2303	2306	3307	2252
2559	3327	2303	2546	3305	2252
2815	3327	2303	2799	3298	2251
3071	3327	2303	3048	3294	2245
3327	3327	2303	3302	3293	2244
3583	3327	2303	3557	3292	2239
3839	3327	2303	3804	3291	2240
4095	3327	2303	4041	3290	2240
0	3583	2303	0	3581	2270
256	3583	2303	263	3577	2266
512	3583	2303	528	3574	2263
768	3583	2303	782	3572	2265
1024	3583	2303	1030	3576	2265
1280	3583	2303	1293	3565	2260
1536	3583	2303	1534	3558	2255
1792	3583	2303	1788	3562	2256
2048	3583	2303	2041	3560	2254
2303	3583	2303	2308	3553	2255
2559	3583	2303	2549	3553	2254
2815	3583	2303	2810	3554	2251
3071	3583	2303	3054	3545	2248
3327	3583	2303	3309	3543	2247
3583	3583	2303	3566	3542	2247
3839	3583	2303	3806	3534	2246
4095	3583	2303	4042	3533	2246
0	3839	2303	0	3829	2276
256	3839	2303	263	3833	2274
512	3839	2303	529	3827	2272
768	3839	2303	783	3825	2270
1024	3839	2303	1030	3823	2272
1280	3839	2303	1296	3818	2265
1536	3839	2303	1539	3815	2262
1792	3839	2303	1789	3811	2264
2048	3839	2303	2047	3817	2264
2303	3839	2303	2317	3813	2259
2559	3839	2303	2554	3806	2259
2815	3839	2303	2816	3809	2261
3071	3839	2303	3061	3799	2254
3327	3839	2303	3317	3797	2253
3583	3839	2303	3568	3791	2253
3839	3839	2303	3814	3787	2248
4095	3839	2303	4052	3787	2248
0	4095	2303	0	4078	2279
256	4095	2303	264	4072	2280
512	4095	2303	530	4068	2276
768	4095	2303	786	4071	2275
1024	4095	2303	1034	4070	2274
1280	4095	2303	1297	4056	2270
1536	4095	2303	1543	4060	2269
1792	4095	2303	1793	4054	2266
2048	4095	2303	2050	4058	2270
2303	4095	2303	2324	4062	2269
2559	4095	2303	2566	4060	2265
2815	4095	2303	2818	4049	2266
3071	4095	2303	3068	4044	2261
3327	4095	2303	3319	4037	2259
3583	4095	2303	3575	4034	2256
3839	4095	2303	3822	4032	2254
4095	4095	2303	4063	4033	2255
0	0	2559	0	1	2461
256	0	2559	261	1	2456
512	0	2559	519	2	2455
768	0	2559	768	2	2459
1024	0	2559	1008	2	2455
1280	0	2559	1267	3	2452
1536	0	2559	1500	3	2445
1792	0	2559	1746	3	2445
2048	0	2559	1996	3	2448
2303	0	2559	2262	4	2448
2559	0	2559	2497	4	2446
2815	0	2559	2748	4	2441
3071	0	2559	2990	4	2438
3327	0	2559	3242	5	2438
3583	0	2559	3484	5	2430
3839	0	2559	3727	5	2430
4095	0	2559	3966	5	2435
0	256	2559	0	258	2461
256	256	2559	260	261	2458
512	256	2559	520	262	2457
768	256	2559	767	263	2459
1024	256	2559	1011	263	2456
1280	256	2559	1270	263	2453
1536	256	2559	1507	263	2448
1792	256	2559	1749	262	2446
2048	256	2559	1999	263	2449
2303	256	2559	2267	263	2449
2559	256	2559	2503	263	2447
2815	256	2559	2752	262	2442
3071	256	2559	2995	262	2439
3327	256	2559	3247	262	2439
3583	256	2559	3495	262	2432
3839	256	2559	3732	261	2431
4095	256	2559	3975	262	2436
0	512	2559	0	514	2462
256	512	2559	258	514	2466
512	512	2559	518	515	2465
768	512	2559	766	515	2462
1024	512	2559	1011	517	2464
1280	512	2559	1267	514	2458
1536	512	2559	1505	514	2456
1792	512	2559	1751	513	2450
2048	512	2559	1998	513	2453
2303	512	2559	2266	514	2452
2559	512	2559	2508	514	2452
2815	512	2559	2756	512	2445
3071	512	2559	2996	511	2442
3327	512	2559	3243	510	2441
3583	512	2559	3494	510	2438
3839	512	2559	3747	512	2435
4095	512	2559	3971	509	2441
0	768	2559	0	772	2470
256	768	2559	257	770	2462
512	768	2559	516	769	2464
768	768	2559	767	770	2462
1024	768	2559	1009	770	2467
1280	768	2559	1269	770	2458
1536	768	2559	1506	768	2457
1792	768	2559	1754	768	2456
2048	768	2559	2002	768	2454
2303	768	2559	2270	768	2454
2559	768	2559	2507	767	2458
2815	768	2559	2760	766	2452
3071	768	2559	3000	763	2444
3327	768	2559	3250	763	2441
3583	768	2559	3508	764	2441
3839	768	2559	3740	761	2444
4095	768	2559	3977	761	2440
0	1024	2559	0	1024	2476
256	1024	2559	259	1027	2469
512	1024	2559	519	1025	2466
768	1024	2559	769	1025	2468
1024	1024	2559	1011	1024	2466
1280	1024	2559	1273	1024	2464
1536	1024	2559	1509	1021	2461
1792	1024	2559	1754	1020	2460
2048	1024	2559	2002	1019	2459
2303	1024	2559	2274	1021	2460
2559	1024	2559	2510	1019	2459
2815	1024	2559	2762	1017	2456
3071	1024	2559	3011	1017	2450
3327	1024	2559	3257	1015	2447
3583	1024	2559	3503	1012	2449
3839	1024	2559	3752	1014	2443
4095	1024	2559	3982	1012	2445
0	1280	2559	0	1283	2477
256	1280	2559	257	1284	2480
512	1280	2559	518	1283	2476
768	1280	2559	767	1281	2474
1024	1280	2559	1011	1282	2473
1280	1280	2559	1272	1280	2471
1536	1280	2559	1510	1278	2465
1792	1280	2559	1757	1278	2463
2048	1280	2559	2006	1277	2462
2303	1280	2559	2272	1275	2464
2559	1280	2559	2510	1275	2463
2815	1280	2559	2765	1274	2459
3071	1280	2559	3007	1270	2458
3327	1280	2559	3259	1270	2453
3583	1280	2559	3509	1268	2448
3839	1280	2559	3750	1266	2451
4095	1280	2559	3987	1267	2450
0	1536	2559	0	1534	2480
256	1536	2559	258	1537	2480
512	1536	2559	520	1536	2479
768	1536	2559	770	1534	2475
1024	1536	2559	1013	1532	2475
1280	1536	2559	1276	1532	2473
1536	1536	2559	1511	1526	2470
1792	1536	2559	1758	1525	2468
2048	1536	2559	2007	1524	2467
2303	1536	2559	2279	1526	2466
2559	1536	2559	2517	1525	2466
2815	1536	2559	2768	1521	2463
3071	1536	2559	3014	1519	2457
3327	1536	2559	3261	1515	2456
3583	1536	2559	3515	1516	2454
3839	1536	2559	3762	1516	2452
4095	1536	2559	3994	1514	2454
0	1792	2559	0	1788	2486
256	1792	2559	257	1787	2487
512	1792	2559	519	1785	2485
768	1792	2559	769	1783	2482
1024	1792	2559	1015	1786	2481
1280	1792	2559	1276	1781	2479
1536	1792	2559	1513	1777	2472
1792	1792	2559	1760	1774	2470
2048	1792	2559	2010	1774	2469
2303	1792	2559	2278	1774	2472
2559	1792	2559	2522	1778	2473
2815	1792	2559	2772	1772	2467
3071	1792	2559	3027	1775	2466
3327	1792	2559	3271	1769	2460
3583	1792	2559	3526	1769	2460
3839	1792	2559	3771	1769	2462
4095	1792	2559	4006	1767	2460
0	2048	2559	0	2041	2493
256	2048	2559	258	2038	2490
512	2048	2559	520	2036	2487
768	2048	2559	771	2034	2485
1024	2048	2559	1017	2036	2489
1280	2048	2559	1277	2029	2481
1536	2048	2559	1516	2026	2478
1792	2048	2559	1765	2025	2475
2048	2048	2559	2015	2024	2474
2303	2048	2559	2283	2022	2473
2559	2048	2559	2526	2025	2478
2815	2048	2559	2779	2021	2472
3071	2048	2559	3022	2016	2475
3327	2048	2559	3277	2016	2469
3583	2048	2559	3532	2017	2469
3839	2048	2559	3777	2015	2469
4095	2048	2559	4008	2012	2469
0	2303	2559	0	2304	2501
256	2303	2559	257	2305	2497
512	2303	2559	520	2303	2495
768	2303	2559	771	2301	2492
1024	2303	2559	1016	2298	2494
1280	2303	2559	1279	2295	2486
1536	2303	2559	1519	2292	2484
1792	2303	2559	1764	2286	2482
2048	2303	2559	2018	2289	2482
2303	2303	2559	2285	2286	2479
2559	2303	2559	2523	2284	2482
2815	2303	2559	2787	2290	2480
3071	2303	2559	3029	2283	2473
3327	2303	2559	3284	2283	2475
3583	2303	2559	3533	2278	2474
3839	2303	2559	3776	2275	2474
4095	2303	2559	4013	2275	2471
0	2559	2559	0	2565	2502
256	2559	2559	261	2561	2502
512	2559	2559	524	2558	2499
768	2559	2559	775	2555	2497
1024	2559	2559	1020	2554	2494
1280	2559	2559	1284	2551	2491
1536	2559	2559	1525	2550	2489
1792	2559	2559	1776	2550	2484
2048	2559	2559	2026	2548	2487
2303	2559	2559	2291	2542	2483
2559	2559	2559	2531	2541	2482
2815	2559	2559	2795	2547	2489
3071	2559	2559	3035	2538	2481
3327	2559	2559	3288	2537	2481
3583	2559	2559	3538	2532	2476
3839	2559	2559	3782	2529	2474
4095	2559	2559	4020	2530	2476
0	2815	2559	0	2811	2507
256	2815	2559	261	2810	2503
512	2815	2559	525	2810	2500
768	2815	2559	776	2804	2497
1024	2815	2559	1024	2808	2498
1280	2815	2559	1285	2799	2494
1536	2815	2559	1524	2795	2492
1792	2815	2559	1774	2794	2494
2048	2815	2559	2025	2792	2491
2303	2815	2559	2303	2801	2488
2559	2815	2559	2543	2799	2488
2815	2815	2559	2794	2792	2491
3071	2815	2559	3044	2790	2484
3327	2815	2559	3291	2784	2482
3583	2815	2559	3546	2783	2478
3839	2815	2559	3791	2780	2477
4095	2815	2559	4027	2778	2478
0	3071	2559	0	3068	2508
256	3071	2559	262	3069	2506
512	3071	2559	526	3065	2505
768	3071	2559	778	3061	2501
1024	3071	2559	1023	3057	2503
1280	3071	2559	1288	3056	2496
1536	3071	2559	1527	3051	2493
1792	3071	2559	1774	3044	2491
2048	3071	2559	2033	3054	2492
2303	3071	2559	2304	3054	2499
2559	3071	2559	2544	3053	2498
2815	3071	2559	2797	3046	2491
3071	3071	2559	3045	3042	2490
3327	3071	2559	3297	3040	2485
3583	3071	2559	3545	3032	2483
3839	3071	2559	3791	3031	2483
4095	3071	2559	4029	3031	2483
0	3327	2559	0	3326	2513
256	3327	2559	262	3322	2511
512	3327	2559	526	3317	2508
768	3327	2559	778	3316	2506
1024	3327	2559	1025	3317	2503
1280	3327	2559	1288	3309	2502
1536	3327	2559	1527	3302	2497
1792	3327	2559	1778	3301	2493
2048	3327	2559	2030	3299	2500
2303	3327	2559	2304	3305	2500
2559	3327	2559	2547	3307	2500
2815	3327	2559	2799	3297	2494
3071	3327	2559	3049	3296	2492
3327	3327	2559	3299	3290	2489
3583	3327	2559	3552	3288	2484
3839	3327	2559	3800	3287	2484
4095	3327	2559	4037	3285	2486
0	3583	2559	0	3577	2518
256	3583	2559	262	3573	2514
512	3583	2559	527	3569	2510
768	3583	2559	780	3566	2509
1024	3583	2559	1028	3571	2512
1280	3583	2559	1292	3560	2505
1536	3583	2559	1532	3555	2500
1792	3583	2559	1788	3561	2502
2048	3583	2559	2038	3556	2499
2303	3583	2559	2305	3548	2502
2559	3583	2559	2549	3553	2505
2815	3583	2559	2806	3549	2499
3071	3583	2559	3051	3541	2497
3327	3583	2559	3307	3541	2493
3583	3583	2559	3558	3535	2492
3839	3583	2559	3802	3532	2491
4095	3583	2559	4041	3532	2491
0	3839	2559	0	3826	2525
256	3839	2559	263	3829	2521
512	3839	2559	528	3825	2519
768	3839	2559	781	3819	2516
1024	3839	2559	1030	3823	2520
1280	3839	2559	1297	3821	2513
1536	3839	2559	1534	3806	2508
1792	3839	2559	1788	3809	2514
2048	3839	2559	2041	3807	2510
2303	3839	2559	2314	3810	2505
2559	3839	2559	2555	3807	2509
2815	3839	2559	2809	3799	2507
3071	3839	2559	3058	3795	2501
3327	3839	2559	3309	3789	2500
3583	3839	2559	3565	3787	2497
3839	3839	2559	3811	3785	2495
4095	3839	2559	4050	3784	2496
0	4095	2559	0	4073	2528
256	4095	2559	263	4068	2527
512	4095	2559	529	4065	2525
768	4095	2559	783	4062	2521
1024	4095	2559	1032	4066	2524
1280	4095	2559	1298	4061	2522
1536	4095	2559	1540	4054	2513
1792	4095	2559	1794	4057	2515
2048	4095	2559	2048	4056	2515
2303	4095	2559	2320	4055	2517
2559	4095	2559	2564	4058	2516
2815	4095	2559	2818	4047	2511
3071	4095	2559	3064	4039	2509
3327	4095	2559	3319	4037	2505
3583	4095	2559	3574	4034	2504
3839	4095	2559	3823	4034	2503
4095	4095	2559	4054	4024	2502
0	0	2815	0	1	2705
256	0	2815	261	2	2707
512	0	2815	520	2	2705
768	0	2815	767	2	2703
1024	0	2815	1007	3	2700
1280	0	2815	1267	3	2697
1536	0	2815	1502	3	2694
1792	0	2815	1743	3	2686
2048	0	2815	1994	4	2692
2303	0	2815	2261	4	2692
2559	0	2815	2495	4	2689
2815	0	2815	2742	4	2681
3071	0	2815	2988	4	2680
3327	0	2815	3244	5	2685
3583	0	2815	3481	5	2672
3839	0	2815	3732	5	2678
4095	0	2815	3965	5	2680
0	256	2815	0	258	2705
256	256	2815	259	261	2707
512	256	2815	519	262	2705
768	256	2815	767	262	2704
1024	256	2815	1008	263	2701
1280	256	2815	1269	263	2698
1536	256	2815	1505	263	2696
1792	256	2815	1747	262	2688
2048	256	2815	1999	263	2693
2303	256	2815	2264	263	2692
2559	256	2815	2500	262	2690
2815	256	2815	2753	262	2683
3071	256	2815	2993	262	2681
3327	256	2815	3244	262	2685
3583	256	2815	3495	262	2674
3839	256	2815	3734	261	2679
4095	256	2815	3971	261	2680
0	512	2815	0	514	2709
256	512	2815	258	515	2708
512	512	2815	518	515	2709
768	512	2815	766	515	2706
1024	512	2815	1010	516	2706
1280	512	2815	1266	514	2703
1536	512	2815	1503	513	2700
1792	512	2815	1749	513	2693
2048	512	2815	1996	512	2697
2303	512	2815	2262	512	2694
2559	512	2815	2504	514	2696
2815	512	2815	2752	512	2691
3071	512	2815	2997	511	2686
3327	512	2815	3247	511	2685
3583	512	2815	3498	511	2683
3839	512	2815	3745	511	2682
4095	512	2815	3967	509	2682
0	768	2815	0	772	2716
256	768	2815	257	771	2711
512	768	2815	517	770	2710
768	768	2815	767	771	2709
1024	768	2815	1010	772	2713
1280	768	2815	1268	769	2703
1536	768	2815	1506	768	2701
1792	768	2815	1752	767	2700
2048	768	2815	2001	768	2698
2303	768	2815	2266	766	2695
2559	768	2815	2503	766	2700
2815	768	2815	2762	767	2695
3071	768	2815	3002	764	2691
3327	768	2815	3253	764	2689
3583	768	2815	3502	763	2687
3839	768	2815	3737	760	2689
4095	768	2815	3976	761	2683
0	1024	2815	0	1024	2722
256	1024	2815	258	1026	2717
512	1024	2815	519	1025	2715
768	1024	2815	768	1025	2715
1024	1024	2815	1010	1024	2715
1280	1024	2815	1272	1024	2709
1536	1024	2815	1506	1020	2706
1792	1024	2815	1752	1018	2705
2048	1024	2815	2001	1018	2704
2303	1024	2815	2273	1020	2703
2559	1024	2815	2510	1020	2702
2815	1024	2815	2759	1016	2703
3071	1024	2815	3008	1016	2697
3327	1024	2815	3258	1016	2695
3583	1024	2815	3507	1014	2692
3839	1024	2815	3753	1014	2688
4095	1024	2815	3983	1012	2690
0	1280	2815	0	1284	2725
256	1280	2815	257	1283	2725
512	1280	2815	518	1283	2724
768	1280	2815	766	1281	2721
1024	1280	2815	1009	1280	2718
1280	1280	2815	1271	1279	2716
1536	1280	2815	1509	1278	2709
1792	1280	2815	1754	1276	2707
2048	1280	2815	2004	1276	2706
2303	1280	2815	2271	1274	2710
2559	1280	2815	2509	1274	2710
2815	1280	2815	2768	1276	2704
3071	1280	2815	3009	1271	2703
3327	1280	2815	3260	1270	2701
3583	1280	2815	3514	1270	2698
3839	1280	2815	3750	1266	2698
4095	1280	2815	3987	1266	2697
0	1536	2815	0	1534	2730
256	1536	2815	258	1536	2728
512	1536	2815	520	1535	2727
768	1536	2815	769	1533	2723
1024	1536	2815	1012	1531	2721
1280	1536	2815	1274	1529	2719
1536	1536	2815	1508	1524	2715
1792	1536	2815	1757	1524	2713
2048	1536	2815	2004	1522	2712
2303	1536	2815	2281	1528	2712
2559	1536	2815	2519	1527	2713
2815	1536	2815	2769	1522	2713
3071	1536	2815	3015	1520	2707
3327	1536	2815	3261	1516	2704
3583	1536	2815	3515	1516	2704
3839	1536	2815	3761	1516	2699
4095	1536	2815	3994	1514	2701
0	1792	2815	0	1787	2734
256	1792	2815	256	1785	2735
512	1792	2815	519	1785	2733
768	1792	2815	768	1782	2730
1024	1792	2815	1015	1785	2730
1280	1792	2815	1274	1779	2725
1536	1792	2815	1513	1777	2717
1792	1792	2815	1759	1774	2716
2048	1792	2815	2009	1774	2714
2303	1792	2815	2286	1780	2723
2559	1792	2815	2525	1781	2723
2815	1792	2815	2776	1775	2716
3071	1792	2815	3025	1775	2714
3327	1792	2815	3268	1767	2706
3583	1792	2815	3523	1767	2706
3839	1792	2815	3770	1767	2708
4095	1792	2815	4005	1766	2707
0	2048	2815	0	2040	2742
256	2048	2815	257	2036	2737
512	2048	2815	519	2034	2736
768	2048	2815	769	2030	2732
1024	2048	2815	1016	2034	2737
1280	2048	2815	1276	2028	2728
1536	2048	2815	1516	2026	2726
1792	2048	2815	1765	2024	2722
2048	2048	2815	2018	2026	2723
2303	2048	2815	2287	2026	2728
2559	2048	2815	2526	2025	2730
2815	2048	2815	2781	2023	2723
3071	2048	2815	3029	2021	2723
3327	2048	2815	3277	2016	2715
3583	2048	2815	3534	2018	2715
3839	2048	2815	3777	2015	2716
4095	2048	2815	4010	2013	2716
0	2303	2815	0	2301	2749
256	2303	2815	256	2305	2744
512	2303	2815	520	2304	2742
768	2303	2815	771	2301	2738
1024	2303	2815	1014	2296	2741
1280	2303	2815	1278	2295	2734
1536	2303	2815	1518	2292	2732
1792	2303	2815	1763	2286	2729
2048	2303	2815	2017	2288	2732
2303	2303	2815	2291	2291	2732
2559	2303	2815	2529	2290	2732
2815	2303	2815	2788	2291	2730
3071	2303	2815	3029	2283	2727
3327	2303	2815	3283	2282	2723
3583	2303	2815	3531	2277	2723
3839	2303	2815	3778	2276	2722
4095	2303	2815	4012	2274	2720
0	2559	2815	0	2564	2750
256	2559	2815	260	2560	2751
512	2559	2815	524	2558	2749
768	2559	2815	775	2555	2746
1024	2559	2815	1019	2553	2742
1280	2559	2815	1282	2549	2740
1536	2559	2815	1526	2552	2739
1792	2559	2815	1772	2546	2732
2048	2559	2815	2024	2546	2734
2303	2559	2815	2295	2546	2738
2559	2559	2815	2534	2545	2737
2815	2559	2815	2793	2546	2738
3071	2559	2815	3034	2537	2729
3327	2559	2815	3289	2538	2729
3583	2559	2815	3540	2534	2723
3839	2559	2815	3781	2528	2723
4095	2559	2815	4018	2528	2723
0	2815	2815	0	2810	2757
256	2815	2815	260	2806	2752
512	2815	2815	524	2806	2750
768	2815	2815	776	2806	2747
1024	2815	2815	1022	2805	2746
1280	2815	2815	1285	2801	2742
1536	2815	2815	1523	2794	2743
1792	2815	2815	1774	2794	2739
2048	2815	2815	2026	2793	2738
2303	2815	2815	2299	2796	2739
2559	2815	2815	2537	2794	2739
2815	2815	2815	2792	2790	2738
3071	2815	2815	3041	2788	2732
3327	2815	2815	3289	2782	2730
3583	2815	2815	3543	2781	2728
3839	2815	2815	3789	2778	2725
4095	2815	2815	4024	2776	2725
0	3071	2815	0	3061	2756
256	3071	2815	261	3065	2753
512	3071	2815	524	3060	2752
768	3071	2815	776	3058	2752
1024	3071	2815	1022	3057	2751
1280	3071	2815	1287	3056	2748
1536	3071	2815	1530	3056	2742
1792	3071	2815	1772	3043	2740
2048	3071	2815	2029	3048	2741
2303	3071	2815	2302	3052	2744
2559	3071	2815	2542	3051	2743
2815	3071	2815	2798	3048	2739
3071	3071	2815	3043	3041	2737
3327	3071	2815	3297	3040	2732
3583	3071	2815	3543	3031	2730
3839	3071	2815	3788	3029	2730
4095	3071	2815	4029	3031	2730
0	3327	2815	0	3322	2758
256	3327	2815	261	3318	2759
512	3327	2815	525	3314	2754
768	3327	2815	777	3311	2752
1024	3327	2815	1026	3320	2754
1280	3327	2815	1289	3311	2752
1536	3327	2815	1528	3304	2751
1792	3327	2815	1780	3306	2741
2048	3327	2815	2033	3304	2745
2303	3327	2815	2307	3309	2749
2559	3327	2815	2550	3310	2749
2815	3327	2815	2800	3299	2745
3071	3327	2815	3049	3296	2741
3327	3327	2815	3299	3290	2739
3583	3327	2815	3553	3288	2733
3839	3327	2815	3802	3289	2732
4095	3327	2815	4039	3287	2735
0	3583	2815	0	3577	2768
256	3583	2815	261	3571	2763
512	3583	2815	527	3569	2759
768	3583	2815	780	3566	2756
1024	3583	2815	1026	3564	2764
1280	3583	2815	1293	3564	2757
1536	3583	2815	1534	3559	2751
1792	3583	2815	1787	3560	2755
2048	3583	2815	2039	3556	2753
2303	3583	2815	2307	3551	2755
2559	3583	2815	2548	3552	2757
2815	3583	2815	2806	3549	2749
3071	3583	2815	3050	3541	2747
3327	3583	2815	3305	3539	2742
3583	3583	2815	3555	3532	2741
3839	3583	2815	3801	3531	2742
4095	3583	2815	4040	3531	2741
0	3839	2815	0	3825	2776
256	3839	2815	262	3827	2772
512	3839	2815	528	3823	2770
768	3839	2815	781	3818	2767
1024	3839	2815	1027	3817	2765
1280	3839	2815	1296	3820	2766
1536	3839	2815	1535	3809	2762
1792	3839	2815	1787	3807	2763
2048	3839	2815	2043	3809	2761
2303	3839	2815	2314	3809	2758
2559	3839	2815	2555	3807	2758
2815	3839	2815	2808	3797	2756
3071	3839	2815	3057	3794	2751
3327	3839	2815	3312	3792	2750
3583	3839	2815	3561	3783	2744
3839	3839	2815	3809	3784	2743
4095	3839	2815	4048	3783	2744
0	4095	2815	0	4069	2778
256	4095	2815	262	4068	2778
512	4095	2815	530	4068	2775
768	4095	2815	784	4066	2772
1024	4095	2815	1031	4064	2772
1280	4095	2815	1295	4053	2771
1536	4095	2815	1540	4056	2766
1792	4095	2815	1793	4055	2765
2048	4095	2815	2046	4052	2767
2303	4095	2815	2316	4049	2767
2559	4095	2815	2562	4055	2768
2815	4095	2815	2816	4045	2760
3071	4095	2815	3065	4040	2759
3327	4095	2815	3317	4034	2756
3583	4095	2815	3573	4032	2751
3839	4095	2815	3819	4029	2751
4095	4095	2815	4058	4028	2751
0	0	3071	0	1	2948
256	0	3071	261	2	2946
512	0	3071	519	2	2943
768	0	3071	766	2	2941
1024	0	3071	1008	3	2943
1280	0	3071	1266	3	2935
1536	0	3071	1503	3	2934
1792	0	3071	1747	3	2931
2048	0	3071	1995	4	2930
2303	0	3071	2261	4	2929
2559	0	3071	2496	4	2928
2815	0	3071	2753	4	2930
3071	0	3071	2992	5	2922
3327	0	3071	3244	5	2923
3583	0	3071	3486	5	2913
3839	0	3071	3732	5	2915
4095	0	3071	3965	5	2917
0	256	3071	0	259	2948
256	256	3071	259	261	2947
512	256	3071	518	262	2944
768	256	3071	765	262	2942
1024	256	3071	1009	263	2944
1280	256	3071	1267	263	2936
1536	256	3071	1503	262	2935
1792	256	3071	1748	262	2931
2048	256	3071	1997	263	2932
2303	256	3071	2264	263	2930
2559	256	3071	2498	262	2929
2815	256	3071	2753	262	2930
3071	256	3071	2993	262	2922
3327	256	3071	3243	262	2922
3583	256	3071	3501	263	2916
3839	256	3071	3744	263	2918
4095	256	3071	3972	262	2918
0	512	3071	0	514	2950
256	512	3071	258	516	2950
512	512	3071	518	516	2949
768	512	3071	766	516	2946
1024	512	3071	1007	515	2948
1280	512	3071	1267	515	2941
1536	512	3071	1502	513	2937
1792	512	3071	1747	512	2934
2048	512	3071	1994	512	2934
2303	512	3071	2265	513	2934
2559	512	3071	2502	513	2932
2815	512	3071	2756	513	2932
3071	512	3071	3002	512	2925
3327	512	3071	3247	511	2922
3583	512	3071	3500	511	2925
3839	512	3071	3747	512	2927
4095	512	3071	3976	510	2923
0	768	3071	0	772	2956
256	768	3071	257	771	2956
512	768	3071	517	771	2954
768	768	3071	767	772	2953
1024	768	3071	1010	772	2951
1280	768	3071	1267	769	2945
1536	768	3071	1505	768	2940
1792	768	3071	1752	768	2938
2048	768	3071	1999	767	2935
2303	768	3071	2271	768	2940
2559	768	3071	2507	768	2939
2815	768	3071	2764	768	2938
3071	768	3071	3008	766	2936
3327	768	3071	3252	764	2928
3583	768	3071	3507	765	2928
3839	768	3071	3748	763	2930
4095	768	3071	3984	763	2928
0	1024	3071	0	1026	2964
256	1024	3071	258	1026	2959
512	1024	3071	518	1025	2957
768	1024	3071	767	1024	2958
1024	1024	3071	1009	1024	2957
1280	1024	3071	1271	1023	2948
1536	1024	3071	1508	1021	2947
1792	1024	3071	1755	1020	2946
2048	1024	3071	2003	1020	2943
2303	1024	3071	2275	1021	2947
2559	1024	3071	2513	1021	2946
2815	1024	3071	2767	1020	2946
3071	1024	3071	3009	1017	2941
3327	1024	3071	3260	1016	2935
3583	1024	3071	3507	1014	2933
3839	1024	3071	3751	1013	2933
4095	1024	3071	3984	1012	2934
0	1280	3071	0	1283	2969
256	1280	3071	256	1282	2965
512	1280	3071	516	1281	2963
768	1280	3071	765	1279	2960
1024	1280	3071	1010	1282	2959
1280	1280	3071	1269	1277	2955
1536	1280	3071	1507	1276	2952
1792	1280	3071	1757	1278	2951
2048	1280	3071	2005	1276	2949
2303	1280	3071	2273	1276	2952
2559	1280	3071	2511	1275	2952
2815	1280	3071	2767	1275	2950
3071	1280	3071	3013	1273	2944
3327	1280	3071	3260	1270	2942
3583	1280	3071	3514	1270	2937
3839	1280	3071	3756	1268	2937
4095	1280	3071	3992	1268	2937
0	1536	3071	0	1535	2970
256	1536	3071	257	1535	2967
512	1536	3071	519	1535	2965
768	1536	3071	768	1532	2961
1024	1536	3071	1010	1529	2963
1280	1536	3071	1273	1529	2956
1536	1536	3071	1511	1526	2953
1792	1536	3071	1758	1525	2957
2048	1536	3071	2010	1526	2955
2303	1536	3071	2280	1527	2954
2559	1536	3071	2517	1526	2955
2815	1536	3071	2772	1524	2953
3071	1536	3071	3015	1520	2949
3327	1536	3071	3264	1518	2944
3583	1536	3071	3519	1518	2944
3839	1536	3071	3758	1514	2942
4095	1536	3071	3992	1513	2943
0	1792	3071	0	1786	2977
256	1792	3071	257	1787	2975
512	1792	3071	519	1787	2975
768	1792	3071	768	1783	2970
1024	1792	3071	1013	1784	2967
1280	1792	3071	1274	1780	2964
1536	1792	3071	1515	1780	2961
1792	1792	3071	1758	1773	2958
2048	1792	3071	2012	1776	2960
2303	1792	3071	2285	1780	2963
2559	1792	3071	2523	1779	2962
2815	1792	3071	2774	1774	2958
3071	1792	3071	3023	1773	2953
3327	1792	3071	3272	1769	2950
3583	1792	3071	3521	1766	2949
3839	1792	3071	3767	1766	2946
4095	1792	3071	4003	1765	2946
0	2048	3071	0	2037	2982
256	2048	3071	257	2038	2982
512	2048	3071	520	2036	2980
768	2048	3071	770	2034	2976
1024	2048	3071	1015	2032	2976
1280	2048	3071	1280	2034	2973
1536	2048	3071	1516	2026	2971
1792	2048	3071	1766	2027	2963
2048	2048	3071	2017	2026	2966
2303	2048	3071	2287	2026	2970
2559	2048	3071	2524	2024	2969
2815	2048	3071	2780	2023	2963
3071	2048	3071	3028	2021	2963
3327	2048	3071	3274	2015	2958
3583	2048	3071	3530	2016	2954
3839	2048	3071	3773	2012	2955
4095	2048	3071	4012	2013	2955
0	2303	3071	0	2304	2990
256	2303	3071	256	2303	2988
512	2303	3071	519	2301	2985
768	2303	3071	770	2299	2983
1024	2303	3071	1016	2299	2982
1280	2303	3071	1277	2293	2981
1536	2303	3071	1519	2294	2974
1792	2303	3071	1765	2288	2974
2048	2303	3071	2020	2291	2974
2303	2303	3071	2291	2292	2973
2559	2303	3071	2534	2295	2974
2815	2303	3071	2787	2290	2971
3071	2303	3071	3026	2281	2967
3327	2303	3071	3280	2280	2962
3583	2303	3071	3532	2277	2962
3839	2303	3071	3778	2276	2960
4095	2303	3071	4010	2272	2961
0	2559	3071	0	2562	2995
256	2559	3071	259	2558	2991
512	2559	3071	522	2554	2988
768	2559	3071	773	2553	2986
1024	2559	3071	1021	2556	2988
1280	2559	3071	1281	2548	2979
1536	2559	3071	1525	2552	2982
1792	2559	3071	1774	2548	2976
2048	2559	3071	2025	2547	2979
2303	2559	3071	2301	2553	2981
2559	2559	3071	2538	2550	2984
2815	2559	3071	2790	2543	2978
3071	2559	3071	3038	2541	2969
3327	2559	3071	3286	2536	2968
3583	2559	3071	3541	2534	2966
3839	2559	3071	3785	2531	2966
4095	2559	3071	4022	2530	2963
0	2815	3071	0	2809	2998
256	2815	3071	260	2810	2993
512	2815	3071	524	2808	2989
768	2815	3071	776	2807	2988
1024	2815	3071	1023	2809	2991
1280	2815	3071	1287	2806	2984
1536	2815	3071	1526	2798	2985
1792	2815	3071	1775	2796	2983
2048	2815	3071	2030	2799	2982
2303	2815	3071	2300	2799	2987
2559	2815	3071	2540	2797	2985
2815	2815	3071	2797	2795	2979
3071	2815	3071	3040	2787	2977
3327	2815	3071	3295	2787	2972
3583	2815	3071	3542	2780	2970
3839	2815	3071	3789	2779	2969
4095	2815	3071	4022	2774	2969
0	3071	3071	0	3064	2999
256	3071	3071	260	3066	2999
512	3071	3071	525	3065	2998
768	3071	3071	777	3062	2996
1024	3071	3071	1023	3061	2997
1280	3071	3071	1285	3053	2993
1536	3071	3071	1530	3057	2988
1792	3071	3071	1778	3052	2986
2048	3071	3071	2029	3050	2988
2303	3071	3071	2301	3051	2988
2559	3071	3071	2540	3049	2987
2815	3071	3071	2800	3049	2987
3071	3071	3071	3042	3040	2979
3327	3071	3071	3298	3040	2979
3583	3071	3071	3547	3034	2972
3839	3071	3071	3792	3032	2973
4095	3071	3071	4026	3028	2970
0	3327	3071	0	3320	3003
256	3327	3071	261	3323	3004
512	3327	3071	525	3319	3002
768	3327	3071	777	3315	2999
1024	3327	3071	1025	3320	2999
1280	3327	3071	1290	3315	2992
1536	3327	3071	1530	3307	2995
1792	3327	3071	1779	3305	2990
2048	3327	3071	2036	3309	2990
2303	3327	3071	2307	3310	2991
2559	3327	3071	2547	3307	2990
2815	3327	3071	2797	3297	2988
3071	3327	3071	3046	3294	2983
3327	3327	3071	3301	3293	2982
3583	3327	3071	3552	3288	2977
3839	3327	3071	3797	3285	2976
4095	3327	3071	4035	3284	2974
0	3583	3071	0	3570	3008
256	3583	3071	260	3568	3009
512	3583	3071	525	3564	3005
768	3583	3071	777	3560	3002
1024	3583	3071	1027	3569	3008
1280	3583	3071	1291	3561	3003
1536	3583	3071	1533	3557	2997
1792	3583	3071	1784	3555	2996
2048	3583	3071	2036	3553	2999
2303	3583	3071	2307	3553	3000
2559	3583	3071	2550	3555	3000
2815	3583	3071	2804	3548	2991
3071	3583	3071	3053	3544	2989
3327	3583	3071	3305	3538	2987
3583	3583	3071	3556	3534	2983
3839	3583	3071	3804	3534	2982
4095	3583	3071	4041	3532	2982
0	3839	3071	0	3827	3016
256	3839	3071	261	3825	3013
512	3839	3071	527	3820	3009
768	3839	3071	780	3816	3006
1024	3839	3071	1030	3825	3014
1280	3839	3071	1295	3817	3007
1536	3839	3071	1535	3810	3004
1792	3839	3071	1788	3810	3004
2048	3839	3071	2041	3808	3002
2303	3839	3071	2311	3806	3001
2559	3839	3071	2553	3806	3004
2815	3839	3071	2810	3801	3000
3071	3839	3071	3055	3792	2996
3327	3839	3071	3311	3791	2992
3583	3839	3071	3564	3787	2989
3839	3839	3071	3807	3782	2989
4095	3839	3071	4048	3784	2988
0	4095	3071	0	4075	3025
256	4095	3071	262	4071	3022
512	4095	3071	530	4073	3019
768	4095	3071	784	4069	3016
1024	4095	3071	1032	4069	3022
1280	4095	3071	1298	4062	3016
1536	4095	3071	1538	4054	3011
1792	4095	3071	1791	4053	3011
2048	4095	3071	2047	4056	3012
2303	4095	3071	2318	4053	3009
2559	4095	3071	2561	4053	3011
2815	4095	3071	2814	4043	3006
3071	4095	3071	3063	4038	3001
3327	4095	3071	3319	4037	3000
3583	4095	3071	3570	4030	2997
3839	4095	3071	3816	4027	2993
4095	4095	3071	4058	4029	2994
0	0	3327	0	1	3190
256	0	3327	261	2	3192
512	0	3327	519	2	3189
768	0	3327	768	3	3189
1024	0	3327	1009	3	3188
1280	0	3327	1269	3	3183
1536	0	3327	1501	3	3174
1792	0	3327	1747	4	3173
2048	0	3327	1993	4	3171
2303	0	3327	2264	4	3175
2559	0	3327	2499	4	3175
2815	0	3327	2751	4	3170
3071	0	3327	2994	5	3167
3327	0	3327	3239	5	3160
3583	0	3327	3495	5	3162
3839	0	3327	3735	5	3160
4095	0	3327	3970	5	3162
0	256	3327	0	259	3192
256	256	3327	260	262	3194
512	256	3327	519	263	3191
768	256	3327	767	263	3189
1024	256	3327	1010	264	3189
1280	256	3327	1269	263	3184
1536	256	3327	1502	262	3175
1792	256	3327	1749	262	3174
2048	256	3327	1997	262	3173
2303	256	3327	2271	264	3178
2559	256	3327	2506	264	3177
2815	256	3327	2757	263	3172
3071	256	3327	3002	263	3169
3327	256	3327	3248	262	3162
3583	256	3327	3501	263	3164
3839	256	3327	3746	263	3163
4095	256	3327	3976	262	3163
0	512	3327	0	516	3198
256	512	3327	258	516	3199
512	512	3327	518	516	3195
768	512	3327	765	515	3192
1024	512	3327	1009	516	3193
1280	512	3327	1267	515	3187
1536	512	3327	1503	514	3180
1792	512	3327	1753	515	3181
2048	512	3327	2002	515	3179
2303	512	3327	2265	514	3184
2559	512	3327	2502	513	3183
2815	512	3327	2755	513	3178
3071	512	3327	3002	512	3174
3327	512	3327	3252	512	3170
3583	512	3327	3506	513	3169
3839	512	3327	3742	511	3169
4095	512	3327	3977	510	3167
0	768	3327	0	773	3205
256	768	3327	258	773	3201
512	768	3327	518	772	3198
768	768	3327	766	771	3195
1024	768	3327	1009	771	3197
1280	768	3327	1268	770	3189
1536	768	3327	1506	769	3186
1792	768	3327	1754	769	3189
2048	768	3327	2001	768	3187
2303	768	3327	2270	768	3183
2559	768	3327	2506	768	3182
2815	768	3327	2761	767	3179
3071	768	3327	3003	765	3176
3327	768	3327	3259	766	3176
3583	768	3327	3505	764	3174
3839	768	3327	3750	764	3169
4095	768	3327	3986	763	3171
0	1024	3327	0	1026	3210
256	1024	3327	257	1025	3206
512	1024	3327	517	1024	3202
768	1024	3327	768	1025	3202
1024	1024	3327	1010	1024	3200
1280	1024	3327	1269	1022	3193
1536	1024	3327	1507	1021	3193
1792	1024	3327	1754	1020	3190
2048	1024	3327	2006	1021	3189
2303	1024	3327	2277	1023	3191
2559	1024	3327	2516	1022	3191
2815	1024	3327	2767	1020	3187
3071	1024	3327	3012	1018	3181
3327	1024	3327	3260	1016	3183
3583	1024	3327	3510	1015	3176
3839	1024	3327	3755	1014	3177
4095	1024	3327	3989	1013	3178
0	1280	3327	0	1283	3213
256	1280	3327	256	1284	3208
512	1280	3327	517	1283	3206
768	1280	3327	766	1281	3207
1024	1280	3327	1010	1282	3205
1280	1280	3327	1270	1279	3197
1536	1280	3327	1508	1278	3196
1792	1280	3327	1757	1278	3194
2048	1280	3327	2006	1277	3196
2303	1280	3327	2278	1279	3201
2559	1280	3327	2516	1278	3201
2815	1280	3327	2771	1277	3196
3071	1280	3327	3014	1274	3191
3327	1280	3327	3264	1272	3186
3583	1280	3327	3513	1270	3182
3839	1280	3327	3756	1268	3182
4095	1280	3327	3993	1268	3183
0	1536	3327	0	1535	3215
256	1536	3327	256	1532	3213
512	1536	3327	518	1532	3211
768	1536	3327	768	1533	3209
1024	1536	3327	1012	1532	3209
1280	1536	3327	1276	1532	3206
1536	1536	3327	1510	1525	3200
1792	1536	3327	1761	1527	3202
2048	1536	3327	2011	1527	3200
2303	1536	3327	2278	1526	3203
2559	1536	3327	2520	1528	3204
2815	1536	3327	2771	1524	3201
3071	1536	3327	3016	1521	3195
3327	1536	3327	3264	1518	3190
3583	1536	3327	3519	1518	3187
3839	1536	3327	3761	1516	3185
4095	1536	3327	3997	1515	3187
0	1792	3327	0	1788	3223
256	1792	3327	256	1787	3217
512	1792	3327	518	1785	3216
768	1792	3327	767	1783	3216
1024	1792	3327	1013	1784	3215
1280	1792	3327	1275	1783	3215
1536	1792	3327	1514	1779	3205
1792	1792	3327	1764	1780	3208
2048	1792	3327	2017	1781	3208
2303	1792	3327	2281	1777	3204
2559	1792	3327	2526	1781	3211
2815	1792	3327	2776	1775	3203
3071	1792	3327	3019	1771	3198
3327	1792	3327	3271	1769	3193
3583	1792	3327	3524	1768	3194
3839	1792	3327	3769	1767	3192
4095	1792	3327	4000	1764	3191
0	2048	3327	0	2038	3231
256	2048	3327	256	2038	3228
512	2048	3327	519	2036	3223
768	2048	3327	770	2034	3220
1024	2048	3327	1016	2036	3223
1280	2048	3327	1278	2032	3219
1536	2048	3327	1520	2032	3216
1792	2048	3327	1769	2030	3216
2048	2048	3327	2020	2028	3217
2303	2048	3327	2288	2028	3211
2559	2048	3327	2527	2027	3218
2815	2048	3327	2784	2026	3211
3071	2048	3327	3025	2020	3204
3327	2048	3327	3278	2018	3202
3583	2048	3327	3532	2017	3201
3839	2048	3327	3776	2015	3201
4095	2048	3327	4009	2011	3197
0	2303	3327	0	2303	3236
256	2303	3327	255	2304	3235
512	2303	3327	519	2302	3232
768	2303	3327	770	2300	3229
1024	2303	3327	1018	2303	3233
1280	2303	3327	1281	2300	3227
1536	2303	3327	1517	2291	3225
1792	2303	3327	1768	2292	3223
2048	2303	3327	2021	2292	3222
2303	2303	3327	2292	2294	3221
2559	2303	3327	2533	2294	3221
2815	2303	3327	2784	2288	3219
3071	2303	3327	3029	2284	3211
3327	2303	3327	3278	2278	3209
3583	2303	3327	3530	2277	3207
3839	2303	3327	3778	2276	3207
4095	2303	3327	4013	2274	3204
0	2559	3327	0	2557	3239
256	2559	3327	259	2559	3239
512	2559	3327	522	2556	3236
768	2559	3327	773	2554	3234
1024	2559	3327	1021	2558	3238
1280	2559	3327	1284	2554	3234
1536	2559	3327	1523	2549	3224
1792	2559	3327	1775	2551	3226
2048	2559	3327	2029	2552	3227
2303	2559	3327	2299	2551	3228
2559	2559	3327	2537	2548	3229
2815	2559	3327	2793	2545	3222
3071	2559	3327	3037	2540	3216
3327	2559	3327	3288	2537	3211
3583	2559	3327	3537	2531	3208
3839	2559	3327	3784	2531	3210
4095	2559	3327	4022	2530	3209
0	2815	3327	0	2810	3240
256	2815	3327	260	2811	3241
512	2815	3327	524	2811	3238
768	2815	3327	776	2809	3236
1024	2815	3327	1023	2808	3239
1280	2815	3327	1285	2801	3234
1536	2815	3327	1527	2802	3231
1792	2815	3327	1777	2800	3233
2048	2815	3327	2030	2800	3233
2303	2815	3327	2300	2799	3232
2559	2815	3327	2542	2799	3231
2815	2815	3327	2796	2794	3227
3071	2815	3327	3040	2787	3221
3327	2815	3327	3293	2785	3218
3583	2815	3327	3543	2781	3213
3839	2815	3327	3790	2780	3214
4095	2815	3327	4022	2774	3213
0	3071	3327	0	3066	3247
256	3071	3327	260	3067	3247
512	3071	3327	525	3066	3247
768	3071	3327	776	3061	3244
1024	3071	3327	1024	3065	3244
1280	3071	3327	1288	3060	3237
1536	3071	3327	1529	3058	3237
1792	3071	3327	1780	3055	3235
2048	3071	3327	2031	3052	3235
2303	3071	3327	2304	3056	3235
2559	3071	3327	2543	3053	3237
2815	3071	3327	2797	3046	3231
3071	3071	3327	3043	3041	3224
3327	3071	3327	3294	3036	3222
3583	3071	3327	3548	3035	3219
3839	3071	3327	3794	3033	3220
4095	3071	3327	4029	3030	3215
0	3327	3327	0	3327	3253
256	3327	3327	260	3322	3252
512	3327	3327	526	3323	3250
768	3327	3327	778	3319	3246
1024	3327	3327	1025	3320	3249
1280	3327	3327	1291	3316	3244
1536	3327	3327	1532	3313	3242
1792	3327	3327	1781	3308	3239
2048	3327	3327	2034	3307	3237
2303	3327	3327	2306	3309	3241
2559	3327	3327	2550	3312	3241
2815	3327	3327	2802	3302	3234
3071	3327	3327	3046	3294	3229
3327	3327	3327	3304	3295	3226
3583	3327	3327	3556	3291	3225
3839	3327	3327	3801	3288	3224
4095	3327	3327	4035	3283	3222
0	3583	3327	0	3572	3262
256	3583	3327	261	3578	3258
512	3583	3327	527	3575	3258
768	3583	3327	779	3570	3254
1024	3583	3327	1027	3570	3255
1280	3583	3327	1293	3565	3251
1536	3583	3327	1535	3563	3249
1792	3583	3327	1783	3555	3244
2048	3583	3327	2038	3556	3245
2303	3583	3327	2308	3555	3245
2559	3583	3327	2550	3555	3249
2815	3583	3327	2801	3545	3240
3071	3583	3327	3052	3544	3235
3327	3583	3327	3308	3542	3236
3583	3583	3327	3556	3534	3232
3839	3583	3327	3806	3535	3231
4095	3583	3327	4041	3532	3227
0	3839	3327	0	3827	3265
256	3839	3327	262	3836	3271
512	3839	3327	527	3826	3266
768	3839	3327	782	3827	3264
1024	3839	3327	1030	3827	3263
1280	3839	3327	1297	3822	3259
1536	3839	3327	1537	3815	3256
1792	3839	3327	1788	3810	3250
2048	3839	3327	2040	3808	3251
2303	3839	3327	2316	3812	3252
2559	3839	3327	2555	3809	3252
2815	3839	3327	2810	3801	3244
3071	3839	3327	3060	3798	3244
3327	3839	3327	3312	3792	3240
3583	3839	3327	3566	3790	3235
3839	3839	3327	3812	3787	3236
4095	3839	3327	4051	3787	3235
0	4095	3327	0	4077	3274
256	4095	3327	262	4078	3279
512	4095	3327	530	4078	3272
768	4095	3327	784	4071	3272
1024	4095	3327	1034	4076	3273
1280	4095	3327	1299	4066	3268
1536	4095	3327	1541	4060	3262
1792	4095	3327	1793	4056	3259
2048	4095	3327	2048	4057	3259
2303	4095	3327	2319	4055	3262
2559	4095	3327	2560	4053	3260
2815	4095	3327	2818	4048	3255
3071	4095	3327	3063	4038	3251
3327	4095	3327	3320	4038	3247
3583	4095	3327	3574	4035	3246
3839	4095	3327	3821	4033	3244
4095	4095	3327	4056	4027	3243
0	0	3583	0	2	3436
256	0	3583	260	2	3430
512	0	3583	520	2	3429
768	0	3583	767	3	3427
1024	0	3583	1011	3	3431
1280	0	3583	1268	4	3422
1536	0	3583	1504	3	3417
1792	0	3583	1750	4	3416
2048	0	3583	2000	4	3420
2303	0	3583	2269	4	3421
2559	0	3583	2505	4	3420
2815	0	3583	2757	5	3415
3071	0	3583	3004	5	3414
3327	0	3583	3248	5	3406
3583	0	3583	3501	5	3406
3839	0	3583	3742	6	3404
4095	0	3583	3978	5	3406
0	256	3583	0	260	3437
256	256	3583	259	262	3433
512	256	3583	519	263	3430
768	256	3583	767	263	3428
1024	256	3583	1011	264	3432
1280	256	3583	1269	264	3423
1536	256	3583	1506	263	3419
1792	256	3583	1751	263	3417
2048	256	3583	2000	263	3419
2303	256	3583	2274	265	3423
2559	256	3583	2514	265	3423
2815	256	3583	2763	264	3417
3071	256	3583	3010	264	3416
3327	256	3583	3254	263	3408
3583	256	3583	3504	263	3407
3839	256	3583	3750	263	3406
4095	256	3583	3984	263	3407
0	512	3583	0	516	3441
256	512	3583	258	517	3439
512	512	3583	518	517	3434
768	512	3583	766	516	3432
1024	512	3583	1009	517	3435
1280	512	3583	1268	515	3426
1536	512	3583	1507	515	3424
1792	512	3583	1754	515	3422
2048	512	3583	2007	516	3423
2303	512	3583	2273	516	3428
2559	512	3583	2509	515	3431
2815	512	3583	2762	515	3423
3071	512	3583	3007	514	3421
3327	512	3583	3259	514	3414
3583	512	3583	3505	513	3409
3839	512	3583	3745	511	3409
4095	512	3583	3979	511	3409
0	768	3583	0	778	3443
256	768	3583	243	780	3444
512	768	3583	519	774	3441
768	768	3583	768	773	3437
1024	768	3583	1010	772	3438
1280	768	3583	1271	772	3431
1536	768	3583	1507	769	3429
1792	768	3583	1758	771	3431
2048	768	3583	2005	769	3433
2303	768	3583	2276	771	3431
2559	768	3583	2508	768	3428
2815	768	3583	2765	768	3426
3071	768	3583	3009	767	3421
3327	768	3583	3258	766	3419
3583	768	3583	3507	765	3412
3839	768	3583	3755	765	3410
4095	768	3583	3988	764	3411
0	1024	3583	0	1032	3450
256	1024	3583	242	1032	3449
512	1024	3583	501	1032	3446
768	1024	3583	767	1025	3443
1024	1024	3583	1013	1026	3443
1280	1024	3583	1271	1024	3438
1536	1024	3583	1511	1024	3434
1792	1024	3583	1756	1021	3436
2048	1024	3583	2006	1021	3433
2303	1024	3583	2278	1024	3437
2559	1024	3583	2515	1023	3431
2815	1024	3583	2769	1021	3430
3071	1024	3583	3012	1019	3425
3327	1024	3583	3263	1018	3421
3583	1024	3583	3516	1017	3418
3839	1024	3583	3764	1018	3421
4095	1024	3583	3991	1014	3418
0	1280	3583	0	1285	3456
256	1280	3583	240	1292	3452
512	1280	3583	500	1294	3450
768	1280	3583	768	1284	3447
1024	1280	3583	1012	1285	3451
1280	1280	3583	1275	1285	3442
1536	1280	3583	1509	1279	3441
1792	1280	3583	1758	1279	3437
2048	1280	3583	2008	1278	3437
2303	1280	3583	2279	1280	3441
2559	1280	3583	2520	1281	3441
2815	1280	3583	2772	1278	3437
3071	1280	3583	3018	1276	3431
3327	1280	3583	3265	1273	3427
3583	1280	3583	3518	1272	3426
3839	1280	3583	3760	1270	3428
4095	1280	3583	3996	1270	3423
0	1536	3583	0	1537	3459
256	1536	3583	256	1535	3457
512	1536	3583	517	1535	3457
768	1536	3583	768	1533	3454
1024	1536	3583	1014	1535	3457
1280	1536	3583	1277	1534	3453
1536	1536	3583	1515	1531	3443
1792	1536	3583	1764	1531	3444
2048	1536	3583	2015	1530	3443
2303	1536	3583	2281	1528	3444
2559	1536	3583	2523	1531	3449
2815	1536	3583	2772	1525	3442
3071	1536	3583	3014	1520	3436
3327	1536	3583	3266	1519	3430
3583	1536	3583	3523	1520	3431
3839	1536	3583	3769	1520	3430
4095	1536	3583	3997	1515	3428
0	1792	3583	0	1792	3468
256	1792	3583	257	1790	3462
512	1792	3583	519	1788	3460
768	1792	3583	769	1786	3458
1024	1792	3583	1013	1785	3459
1280	1792	3583	1279	1788	3460
1536	1792	3583	1518	1784	3455
1792	1792	3583	1769	1785	3455
2048	1792	3583	2022	1785	3454
2303	1792	3583	2286	1781	3449
2559	1792	3583	2527	1782	3454
2815	1792	3583	2782	1780	3446
3071	1792	3583	3023	1774	3437
3327	1792	3583	3276	1772	3436
3583	1792	3583	3526	1770	3437
3839	1792	3583	3772	1768	3437
4095	1792	3583	4005	1766	3432
0	2048	3583	0	2043	3478
256	2048	3583	257	2041	3473
512	2048	3583	520	2039	3469
768	2048	3583	771	2037	3465
1024	2048	3583	995	2049	3466
1280	2048	3583	1256	2047	3468
1536	2048	3583	1522	2034	3463
1792	2048	3583	1773	2035	3465
2048	2048	3583	2024	2032	3463
2303	2048	3583	2292	2031	3458
2559	2048	3583	2530	2030	3460
2815	2048	3583	2788	2029	3457
3071	2048	3583	3029	2023	3448
3327	2048	3583	3284	2023	3447
3583	2048	3583	3532	2018	3442
3839	2048	3583	3777	2016	3442
4095	2048	3583	4013	2014	3441
0	2303	3583	0	2305	3483
256	2303	3583	255	2305	3480
512	2303	3583	519	2303	3477
768	2303	3583	771	2304	3475
1024	2303	3583	1016	2304	3479
1280	2303	3583	1280	2303	3474
1536	2303	3583	1520	2296	3470
1792	2303	3583	1772	2297	3471
2048	2303	3583	2024	2295	3468
2303	2303	3583	2297	2298	3468
2559	2303	3583	2535	2297	3467
2815	2303	3583	2787	2290	3463
3071	2303	3583	3035	2288	3457
3327	2303	3583	3282	2282	3454
3583	2303	3583	3535	2280	3449
3839	2303	3583	3782	2279	3449
4095	2303	3583	4017	2276	3449
0	2559	3583	0	2560	3482
256	2559	3583	260	2564	3482
512	2559	3583	524	2562	3480
768	2559	3583	775	2560	3481
1024	2559	3583	1024	2563	3481
1280	2559	3583	1288	2560	3479
1536	2559	3583	1525	2552	3471
1792	2559	3583	1777	2553	3472
2048	2559	3583	2029	2552	3471
2303	2559	3583	2300	2552	3474
2559	2559	3583	2540	2551	3473
2815	2559	3583	2793	2546	3464
3071	2559	3583	3039	2541	3462
3327	2559	3583	3289	2537	3455
3583	2559	3583	3540	2533	3453
3839	2559	3583	3788	2534	3455
4095	2559	3583	4026	2533	3454
0	2815	3583	0	2816	3486
256	2815	3583	260	2817	3489
512	2815	3583	525	2816	3486
768	2815	3583	777	2813	3483
1024	2815	3583	1024	2812	3486
1280	2815	3583	1288	2807	3482
1536	2815	3583	1530	2806	3475
1792	2815	3583	1780	2804	3476
2048	2815	3583	2033	2803	3476
2303	2815	3583	2303	2801	3475
2559	2815	3583	2542	2800	3475
2815	2815	3583	2800	2797	3469
3071	2815	3583	3043	2790	3464
3327	2815	3583	3297	2788	3460
3583	2815	3583	3550	2786	3457
3839	2815	3583	3792	2781	3458
4095	2815	3583	4028	2779	3457
0	3071	3583	0	3074	3497
256	3071	3583	260	3069	3494
512	3071	3583	525	3069	3493
768	3071	3583	778	3067	3489
1024	3071	3583	1025	3067	3489
1280	3071	3583	1289	3063	3483
1536	3071	3583	1531	3060	3482
1792	3071	3583	1781	3058	3481
2048	3071	3583	2033	3055	3480
2303	3071	3583	2309	3061	3481
2559	3071	3583	2548	3058	3480
2815	3071	3583	2801	3050	3476
3071	3071	3583	3048	3046	3470
3327	3071	3583	3298	3039	3467
3583	3071	3583	3552	3038	3466
3839	3071	3583	3796	3035	3462
4095	3071	3583	4034	3034	3461
0	3327	3583	0	3330	3503
256	3327	3583	260	3328	3496
512	3327	3583	526	3328	3496
768	3327	3583	780	3326	3493
1024	3327	3583	1026	3323	3493
1280	3327	3583	1291	3318	3488
1536	3327	3583	1534	3318	3486
1792	3327	3583	1784	3313	3483
2048	3327	3583	2037	3312	3482
2303	3327	3583	2308	3311	3487
2559	3327	3583	2551	3313	3486
2815	3327	3583	2807	3307	3480
3071	3327	3583	3050	3297	3475
3327	3327	3583	3305	3295	3470
3583	3327	3583	3556	3290	3469
3839	3327	3583	3805	3291	3468
4095	3327	3583	4040	3287	3468
0	3583	3583	0	3576	3507
256	3583	3583	261	3581	3506
512	3583	3583	526	3574	3503
768	3583	3583	782	3578	3504
1024	3583	3583	1028	3574	3500
1280	3583	3583	1295	3572	3497
1536	3583	3583	1535	3564	3495
1792	3583	3583	1785	3558	3490
2048	3583	3583	2039	3560	3491
2303	3583	3583	2311	3560	3490
2559	3583	3583	2552	3559	3492
2815	3583	3583	2807	3551	3487
3071	3583	3583	3056	3548	3480
3327	3583	3583	3309	3542	3479
3583	3583	3583	3560	3538	3474
3839	3583	3583	3809	3537	3476
4095	3583	3583	4045	3535	3474
0	3839	3583	0	3830	3512
256	3839	3583	262	3840	3517
512	3839	3583	528	3831	3509
768	3839	3583	782	3829	3512
1024	3839	3583	1032	3831	3510
1280	3839	3583	1297	3823	3507
1536	3839	3583	1539	3818	3499
1792	3839	3583	1791	3816	3496
2048	3839	3583	2043	3812	3497
2303	3839	3583	2316	3813	3497
2559	3839	3583	2560	3816	3499
2815	3839	3583	2814	3806	3491
3071	3839	3583	3059	3798	3488
3327	3839	3583	3313	3793	3482
3583	3839	3583	3569	3793	3481
3839	3839	3583	3819	3794	3481
4095	3839	3583	4051	3786	3480
0	4095	3583	0	4084	3522
256	4095	3583	263	4085	3527
512	4095	3583	530	4080	3519
768	4095	3583	784	4075	3517
1024	4095	3583	1033	4075	3519
1280	4095	3583	1299	4067	3511
1536	4095	3583	1543	4064	3508
1792	4095	3583	1796	4062	3507
2048	4095	3583	2050	4060	3505
2303	4095	3583	2322	4058	3505
2559	4095	3583	2564	4058	3508
2815	4095	3583	2823	4054	3502
3071	4095	3583	3067	4044	3494
3327	4095	3583	3324	4042	3491
3583	4095	3583	3576	4037	3490
3839	4095	3583	3823	4035	3490
4095	4095	3583	4061	4032	3485
0	0	3839	0	2	3679
256	0	3839	261	2	3669
512	0	3839	521	3	3669
768	0	3839	768	3	3665
1024	0	3839	1013	3	3672
1280	0	3839	1270	4	3661
1536	0	3839	1510	4	3664
1792	0	3839	1754	4	3657
2048	0	3839	2003	4	3657
2303	0	3839	2274	5	3662
2559	0	3839	2511	4	3661
2815	0	3839	2765	5	3659
3071	0	3839	3008	5	3653
3327	0	3839	3258	5	3650
3583	0	3839	3509	5	3647
3839	0	3839	3749	6	3644
4095	0	3839	3984	5	3644
0	256	3839	0	261	3680
256	256	3839	260	263	3672
512	256	3839	520	264	3671
768	256	3839	768	264	3666
1024	256	3839	1014	265	3673
1280	256	3839	1274	265	3664
1536	256	3839	1510	264	3664
1792	256	3839	1760	265	3660
2048	256	3839	2009	265	3660
2303	256	3839	2273	265	3661
2559	256	3839	2516	265	3664
2815	256	3839	2767	265	3660
3071	256	3839	3011	264	3654
3327	256	3839	3262	264	3651
3583	256	3839	3513	264	3648
3839	256	3839	3757	264	3646
4095	256	3839	3987	263	3644
0	512	3839	0	517	3682
256	512	3839	259	519	3679
512	512	3839	520	519	3676
768	512	3839	769	518	3672
1024	512	3839	1011	518	3676
1280	512	3839	1272	517	3671
1536	512	3839	1512	517	3666
1792	512	3839	1755	516	3666
2048	512	3839	2011	518	3668
2303	512	3839	2280	518	3664
2559	512	3839	2516	518	3670
2815	512	3839	2767	516	3663
3071	512	3839	3015	516	3659
3327	512	3839	3260	514	3653
3583	512	3839	3511	514	3651
3839	512	3839	3756	514	3651
4095	512	3839	3991	513	3647
0	768	3839	0	777	3684
256	768	3839	252	778	3686
512	768	3839	520	775	3682
768	768	3839	769	774	3679
1024	768	3839	1014	776	3679
1280	768	3839	1272	773	3672
1536	768	3839	1513	773	3673
1792	768	3839	1763	773	3668
2048	768	3839	2011	772	3673
2303	768	3839	2286	775	3677
2559	768	3839	2520	773	3674
2815	768	3839	2773	771	3667
3071	768	3839	3019	771	3665
3327	768	3839	3266	768	3656
3583	768	3839	3517	767	3654
3839	768	3839	3762	767	3654
4095	768	3839	3998	767	3654
0	1024	3839	0	1038	3693
256	1024	3839	236	1038	3689
512	1024	3839	495	1039	3686
768	1024	3839	769	1027	3683
1024	1024	3839	1015	1028	3686
1280	1024	3839	1275	1027	3677
1536	1024	3839	1517	1028	3680
1792	1024	3839	1762	1024	3679
2048	1024	3839	2014	1025	3678
2303	1024	3839	2284	1025	3684
2559	1024	3839	2520	1024	3679
2815	1024	3839	2776	1024	3675
3071	1024	3839	3018	1021	3670
3327	1024	3839	3271	1021	3664
3583	1024	3839	3518	1018	3660
3839	1024	3839	3764	1018	3660
4095	1024	3839	3997	1016	3660
0	1280	3839	0	1288	3699
256	1280	3839	232	1297	3695
512	1280	3839	491	1297	3691
768	1280	3839	768	1286	3688
1024	1280	3839	1015	1288	3692
1280	1280	3839	1277	1287	3686
1536	1280	3839	1514	1283	3688
1792	1280	3839	1763	1283	3682
2048	1280	3839	2013	1282	3683
2303	1280	3839	2286	1284	3685
2559	1280	3839	2524	1283	3682
2815	1280	3839	2776	1280	3680
3071	1280	3839	3023	1278	3673
3327	1280	3839	3269	1274	3669
3583	1280	3839	3522	1274	3664
3839	1280	3839	3767	1273	3664
4095	1280	3839	4002	1272	3663
0	1536	3839	0	1540	3702
256	1536	3839	256	1539	3698
512	1536	3839	519	1540	3697
768	1536	3839	770	1538	3694
1024	1536	3839	1014	1535	3696
1280	1536	3839	1277	1535	3693
1536	1536	3839	1519	1536	3690
1792	1536	3839	1768	1534	3689
2048	1536	3839	2019	1534	3687
2303	1536	3839	2287	1533	3690
2559	1536	3839	2526	1532	3689
2815	1536	3839	2781	1530	3684
3071	1536	3839	3022	1524	3679
3327	1536	3839	3276	1524	3671
3583	1536	3839	3531	1525	3671
3839	1536	3839	3771	1521	3669
4095	1536	3839	4006	1519	3668
0	1792	3839	0	1794	3709
256	1792	3839	257	1795	3707
512	1792	3839	522	1796	3709
768	1792	3839	772	1793	3704
1024	1792	3839	1016	1789	3699
1280	1792	3839	1280	1789	3697
1536	1792	3839	1520	1787	3699
1792	1792	3839	1770	1785	3696
2048	1792	3839	2025	1788	3697
2303	1792	3839	2293	1787	3695
2559	1792	3839	2530	1785	3694
2815	1792	3839	2785	1781	3690
3071	1792	3839	3031	1779	3682
3327	1792	3839	3285	1778	3681
3583	1792	3839	3532	1773	3679
3839	1792	3839	3777	1772	3675
4095	1792	3839	4014	1771	3674
0	2048	3839	0	2044	3717
256	2048	3839	258	2046	3718
512	2048	3839	521	2044	3717
768	2048	3839	773	2042	3713
1024	2048	3839	1011	2049	3711
1280	2048	3839	1274	2047	3709
1536	2048	3839	1523	2036	3704
1792	2048	3839	1774	2036	3703
2048	2048	3839	2026	2035	3706
2303	2048	3839	2297	2036	3704
2559	2048	3839	2536	2035	3702
2815	2048	3839	2790	2031	3696
3071	2048	3839	3037	2028	3693
3327	2048	3839	3286	2024	3689
3583	2048	3839	3538	2021	3684
3839	2048	3839	3785	2021	3683
4095	2048	3839	4023	2020	3684
0	2303	3839	0	2315	3727
256	2303	3839	256	2309	3723
512	2303	3839	521	2310	3722
768	2303	3839	773	2308	3718
1024	2303	3839	1018	2306	3722
1280	2303	3839	1283	2305	3719
1536	2303	3839	1524	2302	3711
1792	2303	3839	1775	2301	3711
2048	2303	3839	2026	2298	3708
2303	2303	3839	2298	2299	3709
2559	2303	3839	2537	2298	3709
2815	2303	3839	2794	2295	3703
3071	2303	3839	3037	2289	3699
3327	2303	3839	3288	2286	3692
3583	2303	3839	3544	2286	3692
3839	2303	3839	3789	2283	3692
4095	2303	3839	4022	2279	3691
0	2559	3839	0	2570	3735
256	2559	3839	259	2565	3725
512	2559	3839	525	2567	3726
768	2559	3839	777	2564	3724
1024	2559	3839	1026	2569	3724
1280	2559	3839	1288	2562	3720
1536	2559	3839	1528	2558	3716
1792	2559	3839	1780	2557	3715
2048	2559	3839	2031	2555	3712
2303	2559	3839	2305	2557	3714
2559	2559	3839	2545	2557	3713
2815	2559	3839	2798	2549	3709
3071	2559	3839	3045	2546	3702
3327	2559	3839	3295	2542	3697
3583	2559	3839	3548	2539	3698
3839	2559	3839	3794	2538	3697
4095	2559	3839	4033	2537	3694
0	2815	3839	0	2817	3734
256	2815	3839	261	2824	3730
512	2815	3839	525	2817	3729
768	2815	3839	779	2817	3727
1024	2815	3839	1025	2816	3731
1280	2815	3839	1292	2814	3724
1536	2815	3839	1533	2811	3719
1792	2815	3839	1781	2804	3718
2048	2815	3839	2035	2806	3717
2303	2815	3839	2305	2804	3718
2559	2815	3839	2545	2802	3718
2815	2815	3839	2799	2796	3710
3071	2815	3839	3048	2794	3707
3327	2815	3839	3303	2793	3702
3583	2815	3839	3551	2787	3699
3839	2815	3839	3797	2785	3700
4095	2815	3839	4033	2783	3700
0	3071	3839	0	3080	3738
256	3071	3839	261	3075	3741
512	3071	3839	526	3074	3734
768	3071	3839	779	3071	3734
1024	3071	3839	1028	3074	3734
1280	3071	3839	1291	3067	3729
1536	3071	3839	1534	3066	3727
1792	3071	3839	1785	3063	3721
2048	3071	3839	2036	3060	3722
2303	3071	3839	2308	3060	3721
2559	3071	3839	2547	3057	3719
2815	3071	3839	2804	3053	3714
3071	3071	3839	3048	3045	3710
3327	3071	3839	3303	3043	3708
3583	3071	3839	3556	3041	3704
3839	3071	3839	3799	3037	3702
4095	3071	3839	4033	3033	3700
0	3327	3839	0	3329	3747
256	3327	3839	261	3337	3743
512	3327	3839	527	3334	3742
768	3327	3839	781	3331	3739
1024	3327	3839	1028	3328	3741
1280	3327	3839	1294	3325	3732
1536	3327	3839	1534	3318	3730
1792	3327	3839	1786	3317	3728
2048	3327	3839	2039	3315	3726
2303	3327	3839	2313	3317	3728
2559	3327	3839	2553	3316	3726
2815	3327	3839	2808	3308	3721
3071	3327	3839	3056	3304	3715
3327	3327	3839	3307	3297	3711
3583	3327	3839	3561	3295	3710
3839	3327	3839	3809	3294	3707
4095	3327	3839	4044	3291	3705
0	3583	3839	0	3585	3748
256	3583	3839	261	3585	3754
512	3583	3839	527	3579	3749
768	3583	3839	782	3578	3747
1024	3583	3839	1030	3579	3746
1280	3583	3839	1296	3574	3742
1536	3583	3839	1537	3568	3735
1792	3583	3839	1789	3566	3734
2048	3583	3839	2042	3564	3733
2303	3583	3839	2314	3563	3735
2559	3583	3839	2558	3566	3736
2815	3583	3839	2811	3556	3729
3071	3583	3839	3058	3549	3724
3327	3583	3839	3313	3546	3719
3583	3583	3839	3568	3545	3718
3839	3583	3839	3815	3543	3718
4095	3583	3839	4049	3538	3715
0	3839	3839	0	3843	3763
256	3839	3839	262	3842	3761
512	3839	3839	529	3836	3754
768	3839	3839	783	3831	3753
1024	3839	3839	1031	3832	3755
1280	3839	3839	1298	3828	3749
1536	3839	3839	1541	3822	3744
1792	3839	3839	1793	3820	3742
2048	3839	3839	2047	3819	3741
2303	3839	3839	2319	3817	3740
2559	3839	3839	2560	3816	3743
2815	3839	3839	2820	3814	3737
3071	3839	3839	3061	3801	3728
3327	3839	3839	3318	3799	3726
3583	3839	3839	3576	3800	3727
3839	3839	3839	3820	3794	3724
4095	3839	3839	4056	3790	3721
0	4095	3839	0	4088	3772
256	4095	3839	263	4091	3771
512	4095	3839	530	4085	3765
768	4095	3839	786	4081	3761
1024	4095	3839	1033	4075	3760
1280	4095	3839	1302	4074	3757
1536	4095	3839	1543	4066	3751
1792	4095	3839	1797	4065	3751
2048	4095	3839	2051	4062	3749
2303	4095	3839	2326	4065	3750
2559	4095	3839	2567	4064	3749
2815	4095	3839	2823	4055	3747
3071	4095	3839	3070	4049	3736
3327	4095	3839	3324	4043	3734
3583	4095	3839	3580	4042	3735
3839	4095	3839	3826	4038	3730
4095	4095	3839	4072	4043	3731
0	0	4095	0	2	3922
256	0	4095	262	2	3921
512	0	4095	522	3	3919
768	0	4095	771	3	3915
1024	0	4095	1014	3	3916
1280	0	4095	1274	4	3911
1536	0	4095	1516	4	3916
1792	0	4095	1759	4	3906
2048	0	4095	2007	4	3905
2303	0	4095	2279	5	3911
2559	0	4095	2517	5	3912
2815	0	4095	2773	5	3910
3071	0	4095	3012	5	3899
3327	0	4095	3265	5	3899
3583	0	4095	3511	6	3891
3839	0	4095	3752	6	3889
4095	0	4095	3988	6	3890
0	256	4095	0	262	3926
256	256	4095	260	264	3922
512	256	4095	521	264	3920
768	256	4095	770	265	3916
1024	256	4095	1014	265	3917
1280	256	4095	1278	266	3914
1536	256	4095	1513	265	3914
1792	256	4095	1766	266	3911
2048	256	4095	2016	266	3909
2303	256	4095	2279	266	3911
2559	256	4095	2519	266	3912
2815	256	4095	2774	266	3911
3071	256	4095	3016	265	3900
3327	256	4095	3269	265	3900
3583	256	4095	3516	265	3892
3839	256	4095	3761	265	3890
4095	256	4095	3992	264	3890
0	512	4095	0	518	3933
256	512	4095	259	519	3927
512	512	4095	520	519	3923
768	512	4095	771	520	3922
1024	512	4095	1014	520	3922
1280	512	4095	1274	518	3919
1536	512	4095	1516	519	3915
1792	512	4095	1759	517	3916
2048	512	4095	2010	517	3916
2303	512	4095	2285	520	3915
2559	512	4095	2523	519	3917
2815	512	4095	2774	518	3912
3071	512	4095	3022	518	3906
3327	512	4095	3266	516	3902
3583	512	4095	3520	516	3897
3839	512	4095	3763	515	3896
4095	512	4095	4000	515	3894
0	768	4095	0	782	3935
256	768	4095	243	783	3933
512	768	4095	522	778	3930
768	768	4095	772	778	3931
1024	768	4095	1017	778	3930
1280	768	4095	1275	775	3918
1536	768	4095	1518	776	3925
1792	768	4095	1767	776	3917
2048	768	4095	2017	775	3917
2303	768	4095	2288	776	3925
2559	768	4095	2525	775	3924
2815	768	4095	2781	774	3917
3071	768	4095	3024	772	3914
3327	768	4095	3274	771	3905
3583	768	4095	3527	771	3905
3839	768	4095	3770	769	3903
4095	768	4095	4005	768	3903
0	1024	4095	0	1039	3942
256	1024	4095	234	1041	3939
512	1024	4095	494	1042	3939
768	1024	4095	771	1031	3937
1024	1024	4095	1019	1033	3938
1280	1024	4095	1281	1032	3928
1536	1024	4095	1520	1029	3932
1792	1024	4095	1768	1028	3930
2048	1024	4095	2021	1029	3930
2303	1024	4095	2290	1028	3931
2559	1024	4095	2528	1028	3929
2815	1024	4095	2781	1025	3925
3071	1024	4095	3027	1024	3918
3327	1024	4095	3282	1024	3915
3583	1024	4095	3527	1021	3911
3839	1024	4095	3772	1021	3910
4095	1024	4095	4008	1020	3909
0	1280	4095	0	1295	3949
256	1280	4095	232	1301	3945
512	1280	4095	493	1304	3943
768	1280	4095	771	1291	3941
1024	1280	4095	1018	1292	3945
1280	1280	4095	1281	1290	3941
1536	1280	4095	1520	1288	3937
1792	1280	4095	1770	1288	3934
2048	1280	4095	2021	1287	3937
2303	1280	4095	2290	1287	3936
2559	1280	4095	2528	1285	3935
2815	1280	4095	2782	1283	3928
3071	1280	4095	3026	1280	3923
3327	1280	4095	3278	1279	3921
3583	1280	4095	3531	1278	3914
3839	1280	4095	3772	1275	3912
4095	1280	4095	4008	1274	3913
0	1536	4095	0	1542	3956
256	1536	4095	257	1546	3951
512	1536	4095	521	1546	3952
768	1536	4095	774	1544	3949
1024	1536	4095	1018	1542	3948
1280	1536	4095	1280	1538	3943
1536	1536	4095	1523	1540	3942
1792	1536	4095	1771	1537	3940
2048	1536	4095	2025	1539	3941
2303	1536	4095	2294	1538	3940
2559	1536	4095	2531	1536	3937
2815	1536	4095	2785	1532	3932
3071	1536	4095	3031	1530	3926
3327	1536	4095	3284	1529	3922
3583	1536	4095	3536	1527	3921
3839	1536	4095	3777	1524	3916
4095	1536	4095	4016	1524	3917
0	1792	4095	0	1797	3956
256	1792	4095	258	1800	3962
512	1792	4095	522	1798	3960
768	1792	4095	775	1800	3959
1024	1792	4095	1020	1797	3954
1280	1792	4095	1282	1792	3946
1536	1792	4095	1523	1790	3948
1792	1792	4095	1774	1789	3944
2048	1792	4095	2027	1790	3947
2303	1792	4095	2300	1793	3948
2559	1792	4095	2539	1791	3946
2815	1792	4095	2791	1785	3938
3071	1792	4095	3038	1783	3934
3327	1792	4095	3289	1781	3931
3583	1792	4095	3540	1778	3926
3839	1792	4095	3784	1776	3923
4095	1792	4095	4023	1776	3925
0	2048	4095	0	2051	3968
256	2048	4095	257	2048	3967
512	2048	4095	523	2049	3966
768	2048	4095	774	2045	3965
1024	2048	4095	1024	2049	3965
1280	2048	4095	1286	2044	3956
1536	2048	4095	1526	2040	3953
1792	2048	4095	1778	2040	3952
2048	2048	4095	2030	2039	3953
2303	2048	4095	2304	2043	3958
2559	2048	4095	2543	2041	3957
2815	2048	4095	2795	2034	3947
3071	2048	4095	3045	2034	3945
3327	2048	4095	3292	2027	3937
3583	2048	4095	3546	2026	3934
3839	2048	4095	3793	2025	3934
4095	2048	4095	4031	2024	3935
0	2303	4095	0	2320	3980
256	2303	4095	257	2318	3973
512	2303	4095	523	2317	3974
768	2303	4095	775	2314	3968
1024	2303	4095	1022	2312	3972
1280	2303	4095	1286	2310	3966
1536	2303	4095	1528	2308	3962
1792	2303	4095	1779	2306	3961
2048	2303	4095	2031	2304	3959
2303	2303	4095	2303	2304	3963
2559	2303	4095	2544	2304	3962
2815	2303	4095	2800	2300	3954
3071	2303	4095	3043	2294	3951
3327	2303	4095	3295	2291	3942
3583	2303	4095	3548	2289	3941
3839	2303	4095	3793	2286	3941
4095	2303	4095	4031	2285	3942
0	2559	4095	0	2579	3987
256	2559	4095	260	2575	3982
512	2559	4095	526	2574	3980
768	2559	4095	779	2570	3976
1024	2559	4095	1029	2576	3977
1280	2559	4095	1291	2567	3971
1536	2559	4095	1533	2565	3970
1792	2559	4095	1784	2563	3967
2048	2559	4095	2035	2560	3964
2303	2559	4095	2309	2561	3965
2559	2559	4095	2548	2559	3964
2815	2559	4095	2804	2555	3960
3071	2559	4095	3049	2550	3951
3327	2559	4095	3301	2546	3947
3583	2559	4095	3556	2545	3946
3839	2559	4095	3797	2539	3943
4095	2559	4095	4036	2540	3944
0	2815	4095	0	2826	3990
256	2815	4095	262	2832	3986
512	2815	4095	526	2822	3981
768	2815	4095	781	2824	3979
1024	2815	4095	1028	2823	3985
1280	2815	4095	1294	2820	3975
1536	2815	4095	1533	2813	3971
1792	2815	4095	1784	2809	3969
2048	2815	4095	2036	2807	3966
2303	2815	4095	2310	2810	3969
2559	2815	4095	2551	2809	3967
2815	2815	4095	2803	2800	3960
3071	2815	4095	3055	2801	3956
3327	2815	4095	3305	2795	3950
3583	2815	4095	3556	2791	3950
3839	2815	4095	3805	2792	3947
4095	2815	4095	4042	2790	3948
0	3071	4095	0	3087	3993
256	3071	4095	261	3084	3995
512	3071	4095	527	3081	3985
768	3071	4095	781	3078	3986
1024	3071	4095	1028	3077	3986
1280	3071	4095	1294	3072	3981
1536	3071	4095	1536	3070	3975
1792	3071	4095	1788	3068	3972
2048	3071	4095	2039	3064	3969
2303	3071	4095	2310	3062	3971
2559	3071	4095	2549	3059	3970
2815	3071	4095	2809	3058	3964
3071	3071	4095	3052	3049	3960
3327	3071	4095	3309	3049	3955
3583	3071	4095	3559	3044	3952
3839	3071	4095	3805	3041	3953
4095	3071	4095	4042	3039	3953
0	3327	4095	0	3338	4001
256	3327	4095	261	3341	3997
512	3327	4095	527	3335	3993
768	3327	4095	783	3337	3991
1024	3327	4095	1030	3335	3990
1280	3327	4095	1296	3329	3984
1536	3327	4095	1536	3323	3980
1792	3327	4095	1789	3322	3979
2048	3327	4095	2042	3319	3976
2303	3327	4095	2317	3323	3976
2559	3327	4095	2557	3321	3974
2815	3327	4095	2810	3310	3971
3071	3327	4095	3062	3309	3964
3327	3327	4095	3310	3300	3960
3583	3327	4095	3565	3299	3958
3839	3327	4095	3814	3299	3957
4095	3327	4095	4053	3299	3957
0	3583	4095	0	3593	4004
256	3583	4095	261	3591	4004
512	3583	4095	528	3585	3997
768	3583	4095	783	3583	3999
1024	3583	4095	1031	3583	3997
1280	3583	4095	1297	3578	3990
1536	3583	4095	1541	3575	3986
1792	3583	4095	1792	3572	3985
2048	3583	4095	2045	3570	3984
2303	3583	4095	2317	3567	3986
2559	3583	4095	2559	3568	3986
2815	3583	4095	2816	3562	3977
3071	3583	4095	3061	3553	3975
3327	3583	4095	3318	3551	3967
3583	3583	4095	3575	3552	3968
3839	3583	4095	3817	3544	3966
4095	3583	4095	4059	3547	3969
0	3839	4095	0	3846	4015
256	3839	4095	262	3846	4012
512	3839	4095	529	3843	4007
768	3839	4095	784	3838	4003
1024	3839	4095	1033	3837	4003
1280	3839	4095	1300	3833	3999
1536	3839	4095	1544	3831	3997
1792	3839	4095	1794	3823	3992
2048	3839	4095	2051	3826	3992
2303	3839	4095	2322	3822	3990
2559	3839	4095	2563	3822	3991
2815	3839	4095	2825	3820	3988
3071	3839	4095	3067	3808	3979
3327	3839	4095	3325	3807	3978
3583	3839	4095	3583	3807	3980
3839	3839	4095	3824	3798	3971
4095	3839	4095	4070	3803	3977
0	4095	4095	0	4095	4022
256	4095	4095	263	4093	4020
512	4095	4095	531	4087	4016
768	4095	4095	786	4082	4012
1024	4095	4095	1035	4082	4011
1280	4095	4095	1302	4076	4007
1536	4095	4095	1545	4069	4004
1792	4095	4095	1798	4068	3999
2048	4095	4095	2053	4066	4000
2303	4095	4095	2329	4071	4000
2559	4095	4095	2571	4069	4001
2815	4095	4095	2825	4060	3997
3071	4095	4095	3074	4055	3989
3327	4095	4095	3328	4048	3986
3583	4095	4095	3589	4052	3988
3839	4095	4095	3831	4042	3980
4095	4095	4095	4081	4052	3989
