0	0	0	0	0	0
256	0	0	187	9	4
512	0	0	372	19	8
768	0	0	553	27	12
1024	0	0	729	37	16
1280	0	0	904	46	20
1536	0	0	1080	56	24
1792	0	0	1263	65	28
2048	0	0	1431	73	31
2303	0	0	1602	82	35
2559	0	0	1777	91	39
2815	0	0	1953	100	43
3071	0	0	2145	110	47
3327	0	0	2327	119	51
3583	0	0	2496	127	55
3839	0	0	2670	137	59
4095	0	0	2845	146	63
0	256	0	65	244	18
256	256	0	251	254	22
512	256	0	436	263	27
768	256	0	615	273	31
1024	256	0	793	282	35
1280	256	0	965	291	39
1536	256	0	1145	300	43
1792	256	0	1323	307	47
2048	256	0	1492	316	51
2303	256	0	1668	325	54
2559	256	0	1842	334	58
2815	256	0	2023	343	62
3071	256	0	2216	351	66
3327	256	0	2387	359	70
3583	256	0	2559	368	74
3839	256	0	2738	376	78
4095	256	0	2909	385	82
0	512	0	130	485	37
256	512	0	315	494	41
512	512	0	500	503	45
768	512	0	678	512	49
1024	512	0	851	521	53
1280	512	0	1024	528	57
1536	512	0	1211	537	61
1792	512	0	1384	546	65
2048	512	0	1556	554	69
2303	512	0	1731	563	72
2559	512	0	1907	571	76
2815	512	0	2091	580	80
3071	512	0	2278	589	84
3327	512	0	2445	597	88
3583	512	0	2622	605	92
3839	512	0	2799	613	96
4095	512	0	2971	620	100
0	768	0	196	728	56
256	768	0	380	738	60
512	768	0	563	747	64
768	768	0	741	756	68
1024	768	0	914	763	72
1280	768	0	1093	772	76
1536	768	0	1277	780	80
1792	768	0	1444	786	84
2048	768	0	1616	794	88
2303	768	0	1791	802	91
2559	768	0	1971	812	95
2815	768	0	2160	820	99
3071	768	0	2341	829	103
3327	768	0	2510	838	107
3583	768	0	2689	844	111
3839	768	0	2863	851	115
4095	768	0	3039	859	119
0	1024	0	260	969	74
256	1024	0	445	977	78
512	1024	0	625	984	82
768	1024	0	801	993	86
1024	1024	0	976	1004	90
1280	1024	0	1159	1011	94
1536	1024	0	1336	1017	98
1792	1024	0	1506	1025	102
2048	1024	0	1682	1033	106
2303	1024	0	1857	1042	110
2559	1024	0	2036	1050	114
2815	1024	0	2230	1060	118
3071	1024	0	2404	1070	122
3327	1024	0	2578	1077	125
3583	1024	0	2757	1084	130
3839	1024	0	2930	1091	134
4095	1024	0	3106	1099	138
0	1280	0	325	1214	93
256	1280	0	510	1222	97
512	1280	0	688	1230	101
768	1280	0	862	1239	105
1024	1280	0	1039	1248	109
1280	1280	0	1226	1256	113
1536	1280	0	1397	1262	117
1792	1280	0	1568	1269	121
2048	1280	0	1742	1276	125
2303	1280	0	1921	1286	130
2559	1280	0	2107	1295	134
2815	1280	0	2296	1303	137
3071	1280	0	2466	1312	141
3327	1280	0	2643	1319	145
3583	1280	0	2822	1326	149
3839	1280	0	2999	1334	153
4095	1280	0	3177	1341	157
0	1536	0	390	1453	112
256	1536	0	573	1461	116
512	1536	0	751	1468	120
768	1536	0	927	1479	124
1024	1536	0	1106	1485	129
1280	1536	0	1289	1491	133
1536	1536	0	1460	1498	137
1792	1536	0	1633	1505	140
2048	1536	0	1809	1514	144
2303	1536	0	1987	1523	148
2559	1536	0	2182	1531	153
2815	1536	0	2362	1541	156
3071	1536	0	2532	1549	160
3327	1536	0	2712	1554	164
3583	1536	0	2887	1561	168
3839	1536	0	3064	1568	172
4095	1536	0	3246	1576	176
0	1792	0	456	1692	131
256	1792	0	636	1699	135
512	1792	0	813	1707	139
768	1792	0	989	1717	144
1024	1792	0	1174	1723	148
1280	1792	0	1352	1730	151
1536	1792	0	1524	1737	155
1792	1792	0	1701	1746	159
2048	1792	0	1879	1754	163
2303	1792	0	2060	1762	167
2559	1792	0	2252	1769	171
2815	1792	0	2423	1777	176
3071	1792	0	2600	1785	179
3327	1792	0	2782	1792	183
3583	1792	0	2953	1796	187
3839	1792	0	3134	1804	191
4095	1792	0	3319	1815	195
0	2048	0	522	1932	151
256	2048	0	701	1937	155
512	2048	0	878	1947	159
768	2048	0	1055	1956	163
1024	2048	0	1242	1962	167
1280	2048	0	1417	1968	171
1536	2048	0	1590	1976	175
1792	2048	0	1769	1983	179
2048	2048	0	1947	1992	183
2303	2048	0	2133	1999	187
2559	2048	0	2320	2007	190
2815	2048	0	2490	2015	195
3071	2048	0	2676	2025	198
3327	2048	0	2856	2033	202
3583	2048	0	3029	2037	206
3839	2048	0	3211	2046	210
4095	2048	0	3388	2052	214
0	2303	0	585	2178	170
256	2303	0	765	2186	174
512	2303	0	941	2195	178
768	2303	0	1122	2203	182
1024	2303	0	1306	2209	186
1280	2303	0	1476	2212	190
1536	2303	0	1651	2221	194
1792	2303	0	1830	2229	198
2048	2303	0	2008	2237	202
2303	2303	0	2204	2249	206
2559	2303	0	2385	2261	210
2815	2303	0	2559	2270	214
3071	2303	0	2736	2271	217
3327	2303	0	2915	2281	222
3583	2303	0	3096	2290	225
3839	2303	0	3272	2294	229
4095	2303	0	3456	2303	233
0	2559	0	651	2427	189
256	2559	0	829	2436	193
512	2559	0	1003	2444	197
768	2559	0	1190	2450	201
1024	2559	0	1369	2454	205
1280	2559	0	1540	2460	208
1536	2559	0	1716	2466	212
1792	2559	0	1896	2476	216
2048	2559	0	2083	2487	221
2303	2559	0	2280	2497	225
2559	2559	0	2453	2507	229
2815	2559	0	2629	2513	234
3071	2559	0	2809	2517	235
3327	2559	0	2987	2526	239
3583	2559	0	3169	2534	244
3839	2559	0	3349	2541	247
4095	2559	0	3525	2543	251
0	2815	0	715	2667	208
256	2815	0	892	2676	212
512	2815	0	1071	2683	216
768	2815	0	1259	2688	220
1024	2815	0	1432	2693	223
1280	2815	0	1606	2701	227
1536	2815	0	1786	2711	231
1792	2815	0	1968	2721	236
2048	2815	0	2156	2727	240
2303	2815	0	2342	2734	244
2559	2815	0	2516	2745	249
2815	2815	0	2700	2753	252
3071	2815	0	2878	2758	256
3327	2815	0	3052	2760	259
3583	2815	0	3234	2768	263
3839	2815	0	3415	2776	267
4095	2815	0	3596	2784	271
0	3071	0	780	2907	227
256	3071	0	956	2917	231
512	3071	0	1138	2923	235
768	3071	0	1322	2926	238
1024	3071	0	1493	2929	242
1280	3071	0	1672	2939	247
1536	3071	0	1851	2949	251
1792	3071	0	2030	2955	255
2048	3071	0	2225	2964	259
2303	3071	0	2404	2975	263
2559	3071	0	2581	2985	268
2815	3071	0	2764	2989	271
3071	3071	0	2944	2997	275
3327	3071	0	3120	3002	278
3583	3071	0	3295	3004	281
3839	3071	0	3480	3013	285
4095	3071	0	3657	3020	289
0	3327	0	843	3152	247
256	3327	0	1019	3161	251
512	3327	0	1207	3165	254
768	3327	0	1384	3168	258
1024	3327	0	1556	3172	261
1280	3327	0	1738	3183	265
1536	3327	0	1916	3191	272
1792	3327	0	2102	3198	275
2048	3327	0	2296	3207	278
2303	3327	0	2468	3216	282
2559	3327	0	2647	3224	286
2815	3327	0	2832	3232	291
3071	3327	0	3007	3236	294
3327	3327	0	3185	3242	297
3583	3327	0	3368	3249	300
3839	3327	0	3550	3257	304
4095	3327	0	3722	3260	307
0	3583	0	907	3395	266
256	3583	0	1087	3403	270
512	3583	0	1274	3403	274
768	3583	0	1447	3407	278
1024	3583	0	1624	3415	281
1280	3583	0	1804	3424	285
1536	3583	0	1984	3432	289
1792	3583	0	2177	3441	294
2048	3583	0	2363	3449	298
2303	3583	0	2534	3458	302
2559	3583	0	2717	3463	305
2815	3583	0	2896	3467	308
3071	3583	0	3073	3472	312
3327	3583	0	3252	3475	315
3583	3583	0	3434	3482	318
3839	3583	0	3614	3490	322
4095	3583	0	3791	3497	326
0	3839	0	969	3630	286
256	3839	0	1154	3635	289
512	3839	0	1337	3638	293
768	3839	0	1512	3645	297
1024	3839	0	1688	3648	301
1280	3839	0	1866	3656	304
1536	3839	0	2053	3670	309
1792	3839	0	2252	3683	313
2048	3839	0	2432	3693	317
2303	3839	0	2605	3698	321
2559	3839	0	2786	3698	324
2815	3839	0	2964	3703	328
3071	3839	0	3141	3707	331
3327	3839	0	3321	3712	334
3583	3839	0	3506	3721	339
3839	3839	0	3684	3729	341
4095	3839	0	3859	3736	345
0	4095	0	1034	3870	306
256	4095	0	1222	3872	309
512	4095	0	1402	3879	313
768	4095	0	1579	3888	317
1024	4095	0	1756	3890	320
1280	4095	0	1939	3899	324
1536	4095	0	2128	3911	328
1792	4095	0	2325	3923	332
2048	4095	0	2497	3928	336
2303	4095	0	2674	3932	340
2559	4095	0	2857	3935	343
2815	4095	0	3033	3938	347
3071	4095	0	3214	3942	350
3327	4095	0	3395	3948	354
3583	4095	0	3578	3956	358
3839	4095	0	3753	3960	360
4095	4095	0	3925	3968	364
0	0	256	8	3	211
256	0	256	196	12	215
512	0	256	379	22	219
768	0	256	562	32	224
1024	0	256	740	41	228
1280	0	256	912	49	232
1536	0	256	1090	58	236
1792	0	256	1275	68	240
2048	0	256	1441	77	243
2303	0	256	1611	86	247
2559	0	256	1786	94	250
2815	0	256	1963	103	254
3071	0	256	2154	113	261
3327	0	256	2337	122	264
3583	0	256	2507	132	268
3839	0	256	2685	140	271
4095	0	256	2861	149	275
0	256	256	74	247	228
256	256	256	261	258	233
512	256	256	445	268	241
768	256	256	625	277	245
1024	256	256	801	285	249
1280	256	256	973	294	253
1536	256	256	1157	303	257
1792	256	256	1335	312	260
2048	256	256	1503	320	264
2303	256	256	1677	328	268
2559	256	256	1853	337	272
2815	256	256	2034	345	276
3071	256	256	2226	354	279
3327	256	256	2398	363	282
3583	256	256	2572	370	286
3839	256	256	2754	379	289
4095	256	256	2924	388	292
0	512	256	139	489	251
256	512	256	323	498	256
512	512	256	508	506	260
768	512	256	685	515	266
1024	512	256	858	524	269
1280	512	256	1034	533	273
1536	512	256	1220	542	276
1792	512	256	1394	549	279
2048	512	256	1565	558	283
2303	512	256	1740	566	286
2559	512	256	1917	575	290
2815	512	256	2102	584	294
3071	512	256	2289	592	298
3327	512	256	2458	600	302
3583	512	256	2636	609	304
3839	512	256	2815	617	308
4095	512	256	2985	624	311
0	768	256	204	733	271
256	768	256	389	743	276
512	768	256	572	752	279
768	768	256	750	760	283
1024	768	256	924	769	287
1280	768	256	1102	776	291
1536	768	256	1286	784	294
1792	768	256	1456	791	297
2048	768	256	1626	799	301
2303	768	256	1801	807	305
2559	768	256	1980	816	308
2815	768	256	2173	824	313
3071	768	256	2353	833	317
3327	768	256	2523	841	320
3583	768	256	2706	849	323
3839	768	256	2879	857	326
4095	768	256	3055	864	330
0	1024	256	268	974	290
256	1024	256	454	982	293
512	1024	256	633	990	297
768	1024	256	810	999	301
1024	1024	256	985	1008	305
1280	1024	256	1168	1015	308
1536	1024	256	1345	1022	311
1792	1024	256	1515	1030	316
2048	1024	256	1692	1039	319
2303	1024	256	1866	1046	323
2559	1024	256	2048	1055	327
2815	1024	256	2245	1065	331
3071	1024	256	2415	1074	335
3327	1024	256	2591	1082	339
3583	1024	256	2772	1089	342
3839	1024	256	2947	1097	345
4095	1024	256	3123	1104	348
0	1280	256	333	1219	308
256	1280	256	518	1228	312
512	1280	256	696	1234	315
768	1280	256	871	1244	319
1024	1280	256	1048	1253	324
1280	1280	256	1234	1260	327
1536	1280	256	1407	1268	330
1792	1280	256	1578	1275	334
2048	1280	256	1752	1281	338
2303	1280	256	1932	1291	342
2559	1280	256	2121	1301	346
2815	1280	256	2309	1310	350
3071	1280	256	2478	1318	354
3327	1280	256	2657	1324	357
3583	1280	256	2836	1331	361
3839	1280	256	3013	1339	363
4095	1280	256	3191	1346	367
0	1536	256	398	1459	328
256	1536	256	580	1466	330
512	1536	256	760	1474	334
768	1536	256	934	1483	338
1024	1536	256	1114	1491	342
1280	1536	256	1299	1497	345
1536	1536	256	1469	1503	349
1792	1536	256	1642	1511	352
2048	1536	256	1820	1519	356
2303	1536	256	2000	1529	360
2559	1536	256	2193	1538	365
2815	1536	256	2371	1545	369
3071	1536	256	2542	1552	372
3327	1536	256	2724	1559	376
3583	1536	256	2900	1566	379
3839	1536	256	3079	1574	383
4095	1536	256	3261	1582	387
0	1792	256	464	1698	347
256	1792	256	645	1705	349
512	1792	256	822	1713	353
768	1792	256	997	1723	357
1024	1792	256	1183	1729	361
1280	1792	256	1360	1734	364
1536	1792	256	1532	1741	367
1792	1792	256	1710	1750	371
2048	1792	256	1888	1759	375
2303	1792	256	2072	1768	379
2559	1792	256	2265	1775	383
2815	1792	256	2437	1783	388
3071	1792	256	2613	1791	392
3327	1792	256	2794	1798	396
3583	1792	256	2970	1804	399
3839	1792	256	3148	1811	403
4095	1792	256	3328	1818	405
0	2048	256	530	1937	366
256	2048	256	710	1944	370
512	2048	256	885	1953	372
768	2048	256	1064	1961	376
1024	2048	256	1252	1966	380
1280	2048	256	1424	1972	383
1536	2048	256	1598	1979	387
1792	2048	256	1775	1987	391
2048	2048	256	1954	1994	395
2303	2048	256	2143	2003	399
2559	2048	256	2331	2012	403
2815	2048	256	2501	2020	407
3071	2048	256	2682	2027	410
3327	2048	256	2862	2033	414
3583	2048	256	3037	2039	418
3839	2048	256	3218	2048	422
4095	2048	256	3398	2056	425
0	2303	256	593	2184	386
256	2303	256	773	2191	388
512	2303	256	948	2200	393
768	2303	256	1130	2208	396
1024	2303	256	1315	2214	399
1280	2303	256	1485	2220	403
1536	2303	256	1661	2227	406
1792	2303	256	1839	2235	410
2048	2303	256	2020	2245	414
2303	2303	256	2214	2254	418
2559	2303	256	2392	2263	422
2815	2303	256	2567	2273	425
3071	2303	256	2750	2279	429
3327	2303	256	2928	2288	432
3583	2303	256	3106	2296	436
3839	2303	256	3287	2303	440
4095	2303	256	3469	2310	443
0	2559	256	659	2430	404
256	2559	256	836	2439	408
512	2559	256	1012	2450	411
768	2559	256	1200	2454	415
1024	2559	256	1377	2459	417
1280	2559	256	1550	2466	421
1536	2559	256	1729	2474	425
1792	2559	256	1909	2484	429
2048	2559	256	2096	2493	433
2303	2559	256	2289	2502	437
2559	2559	256	2460	2509	440
2815	2559	256	2637	2516	444
3071	2559	256	2820	2523	448
3327	2559	256	2997	2530	452
3583	2559	256	3174	2536	455
3839	2559	256	3355	2542	458
4095	2559	256	3538	2550	462
0	2815	256	724	2671	423
256	2815	256	901	2680	427
512	2815	256	1081	2690	429
768	2815	256	1268	2693	433
1024	2815	256	1441	2698	436
1280	2815	256	1616	2705	439
1536	2815	256	1794	2713	443
1792	2815	256	1975	2723	448
2048	2815	256	2167	2733	452
2303	2815	256	2355	2742	456
2559	2815	256	2525	2749	459
2815	2815	256	2708	2756	463
3071	2815	256	2887	2762	466
3327	2815	256	3064	2768	469
3583	2815	256	3246	2775	473
3839	2815	256	3424	2780	476
4095	2815	256	3601	2784	480
0	3071	256	788	2911	441
256	3071	256	964	2922	446
512	3071	256	1148	2928	449
768	3071	256	1331	2931	451
1024	3071	256	1505	2939	455
1280	3071	256	1682	2947	458
1536	3071	256	1860	2955	462
1792	3071	256	2042	2964	467
2048	3071	256	2239	2974	471
2303	3071	256	2416	2982	475
2559	3071	256	2591	2990	478
2815	3071	256	2776	2996	482
3071	3071	256	2952	3001	485
3327	3071	256	3129	3005	489
3583	3071	256	3311	3013	492
3839	3071	256	3491	3019	496
4095	3071	256	3666	3024	498
0	3327	256	850	3156	461
256	3327	256	1028	3165	463
512	3327	256	1215	3167	467
768	3327	256	1394	3174	471
1024	3327	256	1570	3183	474
1280	3327	256	1747	3190	478
1536	3327	256	1927	3195	482
1792	3327	256	2112	3205	485
2048	3327	256	2309	3217	489
2303	3327	256	2481	3226	493
2559	3327	256	2659	3233	497
2815	3327	256	2843	3238	500
3071	3327	256	3018	3243	504
3327	3327	256	3197	3247	506
3583	3327	256	3377	3253	510
3839	3327	256	3557	3260	513
4095	3327	256	3735	3268	517
0	3583	256	915	3398	480
256	3583	256	1096	3406	483
512	3583	256	1284	3410	487
768	3583	256	1458	3414	490
1024	3583	256	1632	3419	492
1280	3583	256	1811	3426	495
1536	3583	256	1991	3433	499
1792	3583	256	2186	3445	504
2048	3583	256	2374	3457	509
2303	3583	256	2547	3468	513
2559	3583	256	2729	3469	517
2815	3583	256	2905	3472	519
3071	3583	256	3081	3475	522
3327	3583	256	3263	3481	526
3583	3583	256	3444	3488	530
3839	3583	256	3626	3495	534
4095	3583	256	3805	3505	538
0	3839	256	981	3641	500
256	3839	256	1166	3646	503
512	3839	256	1348	3647	505
768	3839	256	1519	3648	509
1024	3839	256	1700	3659	513
1280	3839	256	1881	3669	516
1536	3839	256	2064	3678	520
1792	3839	256	2259	3685	524
2048	3839	256	2439	3693	528
2303	3839	256	2614	3701	533
2559	3839	256	2797	3704	537
2815	3839	256	2972	3706	539
3071	3839	256	3151	3712	542
3327	3839	256	3334	3720	546
3583	3839	256	3519	3729	551
3839	3839	256	3695	3735	554
4095	3839	256	3866	3740	557
0	4095	256	1043	3878	518
256	4095	256	1234	3883	522
512	4095	256	1413	3886	525
768	4095	256	1587	3890	529
1024	4095	256	1768	3900	534
1280	4095	256	1950	3908	536
1536	4095	256	2137	3915	540
1792	4095	256	2331	3921	545
2048	4095	256	2502	3928	549
2303	4095	256	2682	3934	552
2559	4095	256	2864	3938	555
2815	4095	256	3042	3942	559
3071	4095	256	3222	3945	562
3327	4095	256	3403	3951	565
3583	4095	256	3587	3958	568
3839	4095	256	3761	3963	572
4095	4095	256	3935	3975	577
0	0	512	17	7	423
256	0	512	204	16	427
512	0	512	389	25	429
768	0	512	570	35	433
1024	0	512	746	44	437
1280	0	512	921	53	442
1536	0	512	1099	63	444
1792	0	512	1281	71	447
2048	0	512	1450	80	451
2303	0	512	1621	89	454
2559	0	512	1796	98	458
2815	0	512	1972	107	462
3071	0	512	2162	115	465
3327	0	512	2342	125	469
3583	0	512	2511	134	473
3839	0	512	2695	144	476
4095	0	512	2867	152	479
0	256	512	82	251	440
256	256	512	268	261	447
512	256	512	454	271	451
768	256	512	632	280	453
1024	256	512	809	289	457
1280	256	512	981	297	461
1536	256	512	1165	306	463
1792	256	512	1342	315	467
2048	256	512	1511	323	470
2303	256	512	1685	331	474
2559	256	512	1859	339	477
2815	256	512	2040	348	480
3071	256	512	2234	357	484
3327	256	512	2404	366	488
3583	256	512	2579	374	492
3839	256	512	2760	381	494
4095	256	512	2931	391	498
0	512	512	147	492	462
256	512	512	332	502	465
512	512	512	517	511	468
768	512	512	694	519	471
1024	512	512	868	528	475
1280	512	512	1043	536	478
1536	512	512	1230	545	482
1792	512	512	1401	553	485
2048	512	512	1571	561	488
2303	512	512	1745	569	491
2559	512	512	1923	577	495
2815	512	512	2111	587	499
3071	512	512	2300	597	504
3327	512	512	2470	606	508
3583	512	512	2646	612	510
3839	512	512	2822	620	514
4095	512	512	2999	628	518
0	768	512	211	736	479
256	768	512	397	745	483
512	768	512	578	753	487
768	768	512	756	761	491
1024	768	512	931	771	493
1280	768	512	1110	780	496
1536	768	512	1293	787	500
1792	768	512	1463	794	504
2048	768	512	1637	802	507
2303	768	512	1811	811	510
2559	768	512	1988	819	515
2815	768	512	2184	829	519
3071	768	512	2363	837	523
3327	768	512	2534	845	527
3583	768	512	2715	853	531
3839	768	512	2891	861	535
4095	768	512	3068	869	538
0	1024	512	277	978	498
256	1024	512	462	986	502
512	1024	512	642	994	505
768	1024	512	819	1003	508
1024	1024	512	992	1013	512
1280	1024	512	1178	1020	517
1536	1024	512	1355	1027	520
1792	1024	512	1525	1035	524
2048	1024	512	1701	1043	527
2303	1024	512	1875	1051	531
2559	1024	512	2058	1060	535
2815	1024	512	2252	1068	539
3071	1024	512	2422	1077	543
3327	1024	512	2600	1086	546
3583	1024	512	2783	1094	548
3839	1024	512	2959	1102	552
4095	1024	512	3135	1109	555
0	1280	512	340	1222	517
256	1280	512	525	1230	521
512	1280	512	704	1238	524
768	1280	512	879	1248	529
1024	1280	512	1056	1257	533
1280	1280	512	1242	1263	534
1536	1280	512	1415	1271	537
1792	1280	512	1587	1279	541
2048	1280	512	1763	1287	546
2303	1280	512	1941	1294	551
2559	1280	512	2130	1304	554
2815	1280	512	2319	1314	557
3071	1280	512	2488	1322	561
3327	1280	512	2665	1328	565
3583	1280	512	2844	1334	568
3839	1280	512	3021	1342	571
4095	1280	512	3197	1348	574
0	1536	512	406	1462	537
256	1536	512	589	1470	540
512	1536	512	768	1479	544
768	1536	512	941	1486	548
1024	1536	512	1123	1493	551
1280	1536	512	1307	1501	554
1536	1536	512	1479	1509	557
1792	1536	512	1653	1517	560
2048	1536	512	1831	1524	564
2303	1536	512	2012	1535	568
2559	1536	512	2202	1541	573
2815	1536	512	2379	1549	577
3071	1536	512	2552	1557	581
3327	1536	512	2738	1565	585
3583	1536	512	2914	1573	588
3839	1536	512	3091	1580	591
4095	1536	512	3271	1587	593
0	1792	512	472	1703	557
256	1792	512	654	1710	560
512	1792	512	830	1717	563
768	1792	512	1005	1726	567
1024	1792	512	1192	1733	570
1280	1792	512	1369	1740	573
1536	1792	512	1541	1745	575
1792	1792	512	1717	1752	579
2048	1792	512	1896	1763	583
2303	1792	512	2083	1773	587
2559	1792	512	2278	1782	591
2815	1792	512	2448	1790	596
3071	1792	512	2625	1797	600
3327	1792	512	2807	1804	603
3583	1792	512	2983	1811	606
3839	1792	512	3158	1816	609
4095	1792	512	3338	1823	612
0	2048	512	539	1942	576
256	2048	512	718	1949	580
512	2048	512	892	1956	583
768	2048	512	1072	1963	586
1024	2048	512	1260	1970	589
1280	2048	512	1433	1975	592
1536	2048	512	1606	1982	596
1792	2048	512	1784	1991	599
2048	2048	512	1965	1999	602
2303	2048	512	2153	2009	606
2559	2048	512	2341	2017	610
2815	2048	512	2510	2024	614
3071	2048	512	2692	2030	618
3327	2048	512	2870	2038	622
3583	2048	512	3047	2045	625
3839	2048	512	3229	2052	629
4095	2048	512	3407	2060	632
0	2303	512	601	2187	595
256	2303	512	781	2196	598
512	2303	512	956	2206	603
768	2303	512	1140	2213	606
1024	2303	512	1323	2218	608
1280	2303	512	1496	2227	612
1536	2303	512	1673	2234	614
1792	2303	512	1850	2243	618
2048	2303	512	2033	2253	622
2303	2303	512	2226	2261	626
2559	2303	512	2404	2270	630
2815	2303	512	2578	2279	633
3071	2303	512	2764	2288	637
3327	2303	512	2939	2295	641
3583	2303	512	3117	2301	644
3839	2303	512	3298	2307	647
4095	2303	512	3478	2314	651
0	2559	512	667	2437	613
256	2559	512	845	2445	617
512	2559	512	1022	2455	621
768	2559	512	1209	2459	624
1024	2559	512	1386	2465	627
1280	2559	512	1561	2472	630
1536	2559	512	1739	2481	634
1792	2559	512	1919	2489	637
2048	2559	512	2106	2498	642
2303	2559	512	2301	2508	646
2559	2559	512	2471	2516	650
2815	2559	512	2647	2522	653
3071	2559	512	2829	2527	656
3327	2559	512	3007	2535	660
3583	2559	512	3183	2538	663
3839	2559	512	3362	2544	665
4095	2559	512	3545	2553	670
0	2815	512	733	2677	632
256	2815	512	911	2686	636
512	2815	512	1091	2696	641
768	2815	512	1278	2700	644
1024	2815	512	1451	2705	646
1280	2815	512	1625	2711	649
1536	2815	512	1804	2719	653
1792	2815	512	1986	2729	657
2048	2815	512	2179	2739	661
2303	2815	512	2364	2748	665
2559	2815	512	2534	2755	669
2815	2815	512	2718	2759	672
3071	2815	512	2896	2765	674
3327	2815	512	3073	2772	677
3583	2815	512	3255	2778	681
3839	2815	512	3434	2785	683
4095	2815	512	3612	2790	687
0	3071	512	796	2915	651
256	3071	512	974	2928	656
512	3071	512	1158	2933	659
768	3071	512	1341	2937	661
1024	3071	512	1514	2946	666
1280	3071	512	1692	2953	669
1536	3071	512	1871	2960	673
1792	3071	512	2053	2969	677
2048	3071	512	2250	2981	680
2303	3071	512	2428	2990	684
2559	3071	512	2603	2996	687
2815	3071	512	2785	2999	691
3071	3071	512	2963	3006	693
3327	3071	512	3141	3012	696
3583	3071	512	3320	3017	699
3839	3071	512	3502	3024	703
4095	3071	512	3677	3030	706
0	3327	512	859	3159	670
256	3327	512	1036	3169	673
512	3327	512	1224	3173	677
768	3327	512	1403	3180	681
1024	3327	512	1578	3188	684
1280	3327	512	1757	3194	688
1536	3327	512	1937	3203	691
1792	3327	512	2124	3213	696
2048	3327	512	2320	3224	700
2303	3327	512	2491	3232	704
2559	3327	512	2670	3238	707
2815	3327	512	2851	3243	709
3071	3327	512	3027	3247	712
3327	3327	512	3208	3252	715
3583	3327	512	3389	3259	718
3839	3327	512	3571	3266	721
4095	3327	512	3744	3272	725
0	3583	512	923	3404	691
256	3583	512	1105	3413	695
512	3583	512	1296	3419	697
768	3583	512	1467	3422	700
1024	3583	512	1643	3428	704
1280	3583	512	1824	3437	708
1536	3583	512	2004	3443	711
1792	3583	512	2199	3453	716
2048	3583	512	2384	3464	720
2303	3583	512	2556	3471	722
2559	3583	512	2739	3475	726
2815	3583	512	2917	3480	728
3071	3583	512	3095	3483	730
3327	3583	512	3276	3488	734
3583	3583	512	3458	3494	738
3839	3583	512	3636	3501	740
4095	3583	512	3812	3509	743
0	3839	512	989	3648	712
256	3839	512	1177	3655	715
512	3839	512	1359	3658	717
768	3839	512	1531	3661	721
1024	3839	512	1711	3668	724
1280	3839	512	1890	3674	727
1536	3839	512	2074	3682	732
1792	3839	512	2273	3695	736
2048	3839	512	2451	3703	740
2303	3839	512	2626	3709	741
2559	3839	512	2808	3710	745
2815	3839	512	2987	3718	748
3071	3839	512	3165	3723	750
3327	3839	512	3345	3727	752
3583	3839	512	3529	3734	756
3839	3839	512	3705	3740	759
4095	3839	512	3882	3750	763
0	4095	512	1054	3889	729
256	4095	512	1244	3890	734
512	4095	512	1422	3894	736
768	4095	512	1598	3899	740
1024	4095	512	1780	3908	744
1280	4095	512	1960	3914	747
1536	4095	512	2149	3923	752
1792	4095	512	2344	3934	757
2048	4095	512	2516	3941	761
2303	4095	512	2697	3944	763
2559	4095	512	2878	3948	764
2815	4095	512	3055	3951	768
3071	4095	512	3236	3956	771
3327	4095	512	3417	3960	773
3583	4095	512	3596	3963	777
3839	4095	512	3777	3976	781
4095	4095	512	3951	3986	787
0	0	768	25	10	629
256	0	768	213	20	633
512	0	768	398	29	636
768	0	768	578	38	639
1024	0	768	755	47	644
1280	0	768	929	56	649
1536	0	768	1107	66	650
1792	0	768	1289	75	652
2048	0	768	1459	83	656
2303	0	768	1631	92	659
2559	0	768	1806	101	662
2815	0	768	1983	110	666
3071	0	768	2176	120	670
3327	0	768	2355	129	674
3583	0	768	2526	138	678
3839	0	768	2708	147	681
4095	0	768	2882	156	685
0	256	768	90	255	648
256	256	768	277	265	653
512	256	768	462	274	656
768	256	768	642	284	660
1024	256	768	818	293	664
1280	256	768	990	302	667
1536	256	768	1174	310	669
1792	256	768	1350	318	672
2048	256	768	1521	326	674
2303	256	768	1695	335	678
2559	256	768	1870	344	681
2815	256	768	2054	353	686
3071	256	768	2248	361	689
3327	256	768	2418	370	693
3583	256	768	2593	379	696
3839	256	768	2775	388	699
4095	256	768	2948	396	702
0	512	768	157	497	668
256	512	768	341	506	670
512	512	768	525	515	674
768	512	768	703	524	679
1024	512	768	876	533	682
1280	512	768	1053	540	685
1536	512	768	1240	549	689
1792	512	768	1412	557	691
2048	512	768	1584	566	693
2303	512	768	1759	575	697
2559	512	768	1938	583	701
2815	512	768	2125	592	705
3071	512	768	2312	601	709
3327	512	768	2481	610	712
3583	512	768	2662	619	717
3839	512	768	2842	626	719
4095	512	768	3016	634	722
0	768	768	221	741	687
256	768	768	406	750	690
512	768	768	588	759	693
768	768	768	767	768	696
1024	768	768	940	776	702
1280	768	768	1121	785	705
1536	768	768	1304	793	706
1792	768	768	1472	799	709
2048	768	768	1647	808	713
2303	768	768	1825	816	717
2559	768	768	2004	825	721
2815	768	768	2198	834	725
3071	768	768	2377	844	728
3327	768	768	2549	852	731
3583	768	768	2728	858	735
3839	768	768	2905	866	738
4095	768	768	3084	875	742
0	1024	768	285	983	705
256	1024	768	470	991	709
512	1024	768	651	998	712
768	1024	768	828	1008	715
1024	1024	768	1004	1019	720
1280	1024	768	1188	1025	723
1536	1024	768	1364	1032	725
1792	1024	768	1536	1039	729
2048	1024	768	1713	1048	733
2303	1024	768	1889	1057	735
2559	1024	768	2072	1065	739
2815	1024	768	2266	1074	743
3071	1024	768	2441	1085	749
3327	1024	768	2615	1092	750
3583	1024	768	2792	1098	752
3839	1024	768	2969	1107	756
4095	1024	768	3147	1115	760
0	1280	768	349	1229	724
256	1280	768	535	1237	726
512	1280	768	714	1245	730
768	1280	768	888	1254	734
1024	1280	768	1067	1262	739
1280	1280	768	1254	1271	743
1536	1280	768	1424	1275	743
1792	1280	768	1595	1282	746
2048	1280	768	1772	1291	751
2303	1280	768	1952	1300	755
2559	1280	768	2141	1309	757
2815	1280	768	2327	1317	761
3071	1280	768	2498	1326	765
3327	1280	768	2678	1333	773
3583	1280	768	2858	1341	775
3839	1280	768	3036	1349	778
4095	1280	768	3213	1354	780
0	1536	768	416	1468	743
256	1536	768	597	1475	746
512	1536	768	775	1482	749
768	1536	768	952	1494	754
1024	1536	768	1133	1500	756
1280	1536	768	1314	1505	759
1536	1536	768	1486	1512	763
1792	1536	768	1661	1520	763
2048	1536	768	1840	1529	770
2303	1536	768	2019	1536	777
2559	1536	768	2215	1547	781
2815	1536	768	2395	1558	785
3071	1536	768	2571	1568	789
3327	1536	768	2753	1573	792
3583	1536	768	2927	1580	794
3839	1536	768	3104	1585	796
4095	1536	768	3282	1591	800
0	1792	768	482	1708	762
256	1792	768	662	1714	764
512	1792	768	838	1722	767
768	1792	768	1014	1731	774
1024	1792	768	1200	1737	776
1280	1792	768	1379	1746	781
1536	1792	768	1554	1756	785
1792	1792	768	1729	1761	787
2048	1792	768	1907	1768	790
2303	1792	768	2094	1777	794
2559	1792	768	2289	1788	799
2815	1792	768	2459	1796	804
3071	1792	768	2638	1804	808
3327	1792	768	2820	1811	811
3583	1792	768	2991	1814	814
3839	1792	768	3171	1822	816
4095	1792	768	3352	1829	819
0	2048	768	547	1947	784
256	2048	768	726	1953	787
512	2048	768	902	1961	790
768	2048	768	1080	1968	793
1024	2048	768	1269	1974	796
1280	2048	768	1442	1981	799
1536	2048	768	1617	1991	804
1792	2048	768	1799	2001	808
2048	2048	768	1980	2010	813
2303	2048	768	2168	2016	815
2559	2048	768	2350	2023	818
2815	2048	768	2521	2030	821
3071	2048	768	2708	2040	828
3327	2048	768	2886	2047	830
3583	2048	768	3062	2053	832
3839	2048	768	3241	2060	835
4095	2048	768	3418	2066	838
0	2303	768	609	2193	803
256	2303	768	790	2202	807
512	2303	768	965	2211	811
768	2303	768	1148	2217	813
1024	2303	768	1332	2224	816
1280	2303	768	1506	2234	821
1536	2303	768	1682	2240	823
1792	2303	768	1860	2248	826
2048	2303	768	2042	2257	830
2303	2303	768	2241	2271	836
2559	2303	768	2418	2280	840
2815	2303	768	2593	2287	842
3071	2303	768	2775	2293	845
3327	2303	768	2950	2300	848
3583	2303	768	3127	2306	850
3839	2303	768	3307	2312	852
4095	2303	768	3488	2318	856
0	2559	768	676	2443	822
256	2559	768	854	2452	825
512	2559	768	1030	2460	829
768	2559	768	1218	2465	832
1024	2559	768	1396	2472	835
1280	2559	768	1571	2479	838
1536	2559	768	1747	2484	841
1792	2559	768	1927	2492	844
2048	2559	768	2116	2504	849
2303	2559	768	2313	2517	855
2559	2559	768	2484	2524	859
2815	2559	768	2661	2529	860
3071	2559	768	2840	2533	862
3327	2559	768	3020	2542	866
3583	2559	768	3195	2544	868
3839	2559	768	3373	2550	870
4095	2559	768	3556	2558	875
0	2815	768	742	2683	840
256	2815	768	919	2694	845
512	2815	768	1100	2702	849
768	2815	768	1289	2707	851
1024	2815	768	1461	2712	854
1280	2815	768	1636	2719	857
1536	2815	768	1816	2727	861
1792	2815	768	1997	2736	865
2048	2815	768	2191	2745	869
2303	2815	768	2374	2754	873
2559	2815	768	2547	2761	877
2815	2815	768	2729	2766	880
3071	2815	768	2906	2771	881
3327	2815	768	3084	2776	884
3583	2815	768	3266	2784	887
3839	2815	768	3446	2790	889
4095	2815	768	3622	2795	892
0	3071	768	804	2921	859
256	3071	768	982	2934	864
512	3071	768	1169	2940	867
768	3071	768	1350	2946	869
1024	3071	768	1523	2953	873
1280	3071	768	1702	2960	876
1536	3071	768	1881	2967	880
1792	3071	768	2064	2976	884
2048	3071	768	2262	2987	888
2303	3071	768	2439	2995	892
2559	3071	768	2613	3001	895
2815	3071	768	2794	3003	899
3071	3071	768	2973	3010	900
3327	3071	768	3150	3016	903
3583	3071	768	3330	3021	906
3839	3071	768	3514	3030	910
4095	3071	768	3687	3034	912
0	3327	768	867	3165	879
256	3327	768	1046	3178	883
512	3327	768	1236	3182	887
768	3327	768	1413	3188	889
1024	3327	768	1588	3193	891
1280	3327	768	1766	3202	897
1536	3327	768	1948	3212	900
1792	3327	768	2137	3222	905
2048	3327	768	2330	3231	909
2303	3327	768	2501	3237	912
2559	3327	768	2680	3242	915
2815	3327	768	2861	3246	917
3071	3327	768	3038	3252	920
3327	3327	768	3218	3258	922
3583	3327	768	3400	3265	925
3839	3327	768	3581	3271	928
4095	3327	768	3756	3278	932
0	3583	768	932	3411	901
256	3583	768	1116	3421	905
512	3583	768	1306	3428	907
768	3583	768	1477	3429	910
1024	3583	768	1654	3435	913
1280	3583	768	1834	3444	917
1536	3583	768	2017	3453	921
1792	3583	768	2210	3462	925
2048	3583	768	2394	3470	928
2303	3583	768	2568	3478	932
2559	3583	768	2750	3481	935
2815	3583	768	2927	3484	936
3071	3583	768	3104	3488	939
3327	3583	768	3287	3494	942
3583	3583	768	3469	3500	944
3839	3583	768	3649	3508	948
4095	3583	768	3829	3519	952
0	3839	768	998	3653	921
256	3839	768	1186	3659	924
512	3839	768	1368	3665	927
768	3839	768	1542	3669	930
1024	3839	768	1722	3676	934
1280	3839	768	1901	3683	937
1536	3839	768	2086	3691	940
1792	3839	768	2283	3700	944
2048	3839	768	2462	3709	949
2303	3839	768	2637	3717	952
2559	3839	768	2821	3721	953
2815	3839	768	2997	3724	957
3071	3839	768	3176	3728	959
3327	3839	768	3359	3736	962
3583	3839	768	3543	3744	965
3839	3839	768	3724	3753	968
4095	3839	768	3895	3759	973
0	4095	768	1063	3890	941
256	4095	768	1254	3897	945
512	4095	768	1433	3902	947
768	4095	768	1608	3908	950
1024	4095	768	1789	3916	954
1280	4095	768	1971	3921	957
1536	4095	768	2161	3930	962
1792	4095	768	2354	3940	966
2048	4095	768	2527	3946	969
2303	4095	768	2709	3951	972
2559	4095	768	2889	3954	974
2815	4095	768	3066	3958	978
3071	4095	768	3250	3965	981
3327	4095	768	3431	3971	984
3583	4095	768	3611	3976	986
3839	4095	768	3793	3987	991
4095	4095	768	3961	3992	993
0	0	1024	35	13	835
256	0	1024	222	23	838
512	0	1024	406	32	841
768	0	1024	587	42	844
1024	0	1024	764	51	848
1280	0	1024	938	60	853
1536	0	1024	1117	69	854
1792	0	1024	1297	78	856
2048	0	1024	1469	87	860
2303	0	1024	1641	96	863
2559	0	1024	1818	104	866
2815	0	1024	1995	114	870
3071	0	1024	2188	123	873
3327	0	1024	2367	133	877
3583	0	1024	2539	142	881
3839	0	1024	2720	150	884
4095	0	1024	2895	159	887
0	256	1024	99	259	853
256	256	1024	286	269	858
512	256	1024	471	279	861
768	256	1024	651	287	864
1024	256	1024	826	297	868
1280	256	1024	1000	306	871
1536	256	1024	1183	314	873
1792	256	1024	1359	322	876
2048	256	1024	1531	330	878
2303	256	1024	1705	339	882
2559	256	1024	1882	347	885
2815	256	1024	2065	356	889
3071	256	1024	2261	366	893
3327	256	1024	2429	374	898
3583	256	1024	2605	382	901
3839	256	1024	2786	392	903
4095	256	1024	2961	400	907
0	512	1024	165	502	872
256	512	1024	349	511	875
512	512	1024	535	519	879
768	512	1024	712	528	883
1024	512	1024	886	537	886
1280	512	1024	1063	545	889
1536	512	1024	1250	554	892
1792	512	1024	1421	561	894
2048	512	1024	1592	569	898
2303	512	1024	1768	578	901
2559	512	1024	1945	587	905
2815	512	1024	2136	597	910
3071	512	1024	2326	606	916
3327	512	1024	2495	615	919
3583	512	1024	2675	623	921
3839	512	1024	2853	631	923
4095	512	1024	3029	641	926
0	768	1024	229	745	891
256	768	1024	415	754	894
512	768	1024	596	762	898
768	768	1024	774	771	901
1024	768	1024	949	781	907
1280	768	1024	1130	788	908
1536	768	1024	1312	795	911
1792	768	1024	1481	803	914
2048	768	1024	1656	812	918
2303	768	1024	1833	820	921
2559	768	1024	2012	828	927
2815	768	1024	2212	839	931
3071	768	1024	2389	848	936
3327	768	1024	2561	857	937
3583	768	1024	2742	864	941
3839	768	1024	2916	871	943
4095	768	1024	3094	878	945
0	1024	1024	294	987	910
256	1024	1024	480	995	913
512	1024	1024	660	1003	916
768	1024	1024	836	1012	919
1024	1024	1024	1010	1020	924
1280	1024	1024	1196	1028	926
1536	1024	1024	1373	1036	931
1792	1024	1024	1546	1045	934
2048	1024	1024	1722	1053	937
2303	1024	1024	1898	1061	941
2559	1024	1024	2084	1070	944
2815	1024	1024	2277	1079	950
3071	1024	1024	2448	1089	953
3327	1024	1024	2625	1097	956
3583	1024	1024	2804	1103	956
3839	1024	1024	2979	1111	960
4095	1024	1024	3160	1119	964
0	1280	1024	359	1233	930
256	1280	1024	543	1241	932
512	1280	1024	722	1248	936
768	1280	1024	898	1258	939
1024	1280	1024	1076	1267	942
1280	1280	1024	1262	1273	945
1536	1280	1024	1435	1283	948
1792	1280	1024	1608	1291	953
2048	1280	1024	1785	1297	956
2303	1280	1024	1962	1305	960
2559	1280	1024	2157	1316	967
2815	1280	1024	2345	1327	971
3071	1280	1024	2516	1335	975
3327	1280	1024	2695	1340	976
3583	1280	1024	2872	1347	979
3839	1280	1024	3050	1355	980
4095	1280	1024	3227	1361	984
0	1536	1024	425	1473	949
256	1536	1024	606	1480	951
512	1536	1024	785	1487	954
768	1536	1024	959	1496	958
1024	1536	1024	1142	1504	963
1280	1536	1024	1325	1511	963
1536	1536	1024	1497	1518	967
1792	1536	1024	1674	1526	972
2048	1536	1024	1850	1534	974
2303	1536	1024	2031	1542	982
2559	1536	1024	2229	1555	986
2815	1536	1024	2405	1562	989
3071	1536	1024	2579	1570	992
3327	1536	1024	2762	1577	995
3583	1536	1024	2937	1583	997
3839	1536	1024	3115	1590	999
4095	1536	1024	3296	1598	1002
0	1792	1024	490	1712	968
256	1792	1024	672	1720	971
512	1792	1024	848	1728	974
768	1792	1024	1023	1737	977
1024	1792	1024	1212	1743	981
1280	1792	1024	1386	1748	983
1536	1792	1024	1557	1753	986
1792	1792	1024	1734	1761	990
2048	1792	1024	1916	1773	993
2303	1792	1024	2106	1785	996
2559	1792	1024	2302	1795	1007
2815	1792	1024	2473	1803	1011
3071	1792	1024	2649	1809	1011
3327	1792	1024	2828	1815	1015
3583	1792	1024	3007	1823	1019
3839	1792	1024	3185	1829	1022
4095	1792	1024	3364	1835	1024
0	2048	1024	555	1953	989
256	2048	1024	736	1961	992
512	2048	1024	912	1969	995
768	2048	1024	1092	1975	998
1024	2048	1024	1280	1982	1000
1280	2048	1024	1452	1988	1004
1536	2048	1024	1626	1994	1004
1792	2048	1024	1803	2000	1007
2048	2048	1024	1985	2011	1011
2303	2048	1024	2181	2023	1018
2559	2048	1024	2367	2033	1028
2815	2048	1024	2537	2040	1031
3071	2048	1024	2717	2044	1035
3327	2048	1024	2894	2050	1037
3583	2048	1024	3071	2058	1039
3839	2048	1024	3250	2064	1043
4095	2048	1024	3430	2072	1046
0	2303	1024	618	2199	1010
256	2303	1024	798	2208	1013
512	2303	1024	974	2217	1017
768	2303	1024	1159	2223	1020
1024	2303	1024	1341	2230	1022
1280	2303	1024	1516	2242	1026
1536	2303	1024	1692	2246	1030
1792	2303	1024	1868	2252	1033
2048	2303	1024	2051	2262	1037
2303	2303	1024	2248	2273	1042
2559	2303	1024	2424	2282	1046
2815	2303	1024	2600	2291	1050
3071	2303	1024	2786	2299	1054
3327	2303	1024	2958	2303	1054
3583	2303	1024	3136	2309	1059
3839	2303	1024	3318	2318	1060
4095	2303	1024	3501	2325	1065
0	2559	1024	684	2446	1029
256	2559	1024	862	2456	1033
512	2559	1024	1040	2467	1038
768	2559	1024	1227	2469	1038
1024	2559	1024	1405	2478	1042
1280	2559	1024	1581	2486	1046
1536	2559	1024	1757	2490	1048
1792	2559	1024	1935	2496	1051
2048	2559	1024	2126	2508	1056
2303	2559	1024	2323	2523	1064
2559	2559	1024	2494	2530	1067
2815	2559	1024	2673	2535	1070
3071	2559	1024	2855	2541	1072
3327	2559	1024	3032	2548	1076
3583	2559	1024	3207	2551	1077
3839	2559	1024	3387	2557	1082
4095	2559	1024	3570	2566	1083
0	2815	1024	750	2688	1051
256	2815	1024	927	2697	1054
512	2815	1024	1109	2705	1056
768	2815	1024	1297	2712	1061
1024	2815	1024	1471	2720	1065
1280	2815	1024	1646	2725	1067
1536	2815	1024	1824	2731	1069
1792	2815	1024	2007	2742	1075
2048	2815	1024	2202	2752	1079
2303	2815	1024	2385	2759	1083
2559	2815	1024	2558	2767	1087
2815	2815	1024	2740	2771	1089
3071	2815	1024	2918	2777	1091
3327	2815	1024	3096	2783	1094
3583	2815	1024	3279	2790	1098
3839	2815	1024	3456	2793	1099
4095	2815	1024	3631	2798	1102
0	3071	1024	813	2928	1069
256	3071	1024	991	2939	1077
512	3071	1024	1178	2947	1078
768	3071	1024	1360	2954	1080
1024	3071	1024	1534	2961	1083
1280	3071	1024	1711	2966	1087
1536	3071	1024	1891	2974	1090
1792	3071	1024	2076	2984	1094
2048	3071	1024	2270	2989	1098
2303	3071	1024	2445	2996	1101
2559	3071	1024	2620	3003	1104
2815	3071	1024	2804	3008	1107
3071	3071	1024	2979	3012	1109
3327	3071	1024	3158	3018	1112
3583	3071	1024	3341	3026	1116
3839	3071	1024	3523	3034	1120
4095	3071	1024	3697	3039	1122
0	3327	1024	876	3174	1092
256	3327	1024	1058	3187	1096
512	3327	1024	1246	3190	1100
768	3327	1024	1423	3194	1100
1024	3327	1024	1596	3200	1102
1280	3327	1024	1775	3207	1106
1536	3327	1024	1959	3217	1111
1792	3327	1024	2147	3227	1115
2048	3327	1024	2338	3234	1118
2303	3327	1024	2509	3241	1122
2559	3327	1024	2689	3245	1124
2815	3327	1024	2869	3249	1127
3071	3327	1024	3049	3258	1131
3327	3327	1024	3230	3263	1133
3583	3327	1024	3409	3268	1136
3839	3327	1024	3588	3274	1139
4095	3327	1024	3767	3283	1143
0	3583	1024	942	3417	1113
256	3583	1024	1125	3425	1117
512	3583	1024	1313	3432	1119
768	3583	1024	1485	3434	1121
1024	3583	1024	1661	3439	1123
1280	3583	1024	1842	3446	1127
1536	3583	1024	2025	3458	1131
1792	3583	1024	2218	3465	1135
2048	3583	1024	2402	3473	1139
2303	3583	1024	2577	3483	1143
2559	3583	1024	2758	3483	1145
2815	3583	1024	2936	3487	1147
3071	3583	1024	3116	3493	1151
3327	3583	1024	3297	3499	1156
3583	3583	1024	3480	3506	1158
3839	3583	1024	3661	3514	1162
4095	3583	1024	3840	3525	1167
0	3839	1024	1005	3656	1134
256	3839	1024	1193	3662	1137
512	3839	1024	1376	3667	1140
768	3839	1024	1550	3672	1143
1024	3839	1024	1729	3678	1145
1280	3839	1024	1909	3686	1149
1536	3839	1024	2094	3693	1153
1792	3839	1024	2291	3701	1157
2048	3839	1024	2468	3710	1161
2303	3839	1024	2645	3718	1164
2559	3839	1024	2828	3722	1166
2815	3839	1024	3004	3725	1169
3071	3839	1024	3186	3733	1173
3327	3839	1024	3371	3741	1177
3583	3839	1024	3556	3750	1181
3839	3839	1024	3733	3757	1185
4095	3839	1024	3904	3763	1188
0	4095	1024	1071	3894	1157
256	4095	1024	1263	3901	1160
512	4095	1024	1441	3905	1162
768	4095	1024	1616	3910	1164
1024	4095	1024	1796	3916	1167
1280	4095	1024	1978	3924	1171
1536	4095	1024	2168	3933	1175
1792	4095	1024	2361	3940	1179
2048	4095	1024	2532	3946	1183
2303	4095	1024	2714	3950	1185
2559	4095	1024	2894	3954	1187
2815	4095	1024	3072	3958	1191
3071	4095	1024	3257	3968	1195
3327	4095	1024	3440	3975	1199
3583	4095	1024	3623	3981	1203
3839	4095	1024	3798	3987	1206
4095	4095	1024	3970	3995	1209
0	0	1280	43	18	1043
256	0	1280	230	26	1044
512	0	1280	416	36	1048
768	0	1280	596	45	1051
1024	0	1280	773	54	1054
1280	0	1280	948	64	1059
1536	0	1280	1127	72	1061
1792	0	1280	1307	81	1062
2048	0	1280	1478	90	1066
2303	0	1280	1651	100	1070
2559	0	1280	1827	109	1073
2815	0	1280	2005	117	1077
3071	0	1280	2199	127	1081
3327	0	1280	2375	137	1085
3583	0	1280	2548	146	1089
3839	0	1280	2731	155	1092
4095	0	1280	2903	164	1094
0	256	1280	108	263	1062
256	256	1280	295	273	1066
512	256	1280	480	282	1068
768	256	1280	659	291	1071
1024	256	1280	834	301	1075
1280	256	1280	1008	309	1078
1536	256	1280	1192	317	1081
1792	256	1280	1368	326	1083
2048	256	1280	1539	334	1085
2303	256	1280	1714	343	1089
2559	256	1280	1890	351	1092
2815	256	1280	2076	360	1097
3071	256	1280	2270	369	1102
3327	256	1280	2440	378	1107
3583	256	1280	2615	388	1109
3839	256	1280	2793	395	1110
4095	256	1280	2970	404	1115
0	512	1280	173	505	1080
256	512	1280	359	515	1084
512	512	1280	543	524	1087
768	512	1280	722	532	1090
1024	512	1280	894	540	1094
1280	512	1280	1072	549	1098
1536	512	1280	1260	558	1099
1792	512	1280	1428	565	1101
2048	512	1280	1599	573	1105
2303	512	1280	1775	581	1108
2559	512	1280	1952	590	1112
2815	512	1280	2145	600	1118
3071	512	1280	2333	610	1124
3327	512	1280	2505	620	1129
3583	512	1280	2680	625	1129
3839	512	1280	2858	634	1132
4095	512	1280	3038	644	1135
0	768	1280	238	748	1098
256	768	1280	423	757	1102
512	768	1280	603	765	1105
768	768	1280	782	774	1109
1024	768	1280	957	784	1114
1280	768	1280	1138	792	1115
1536	768	1280	1318	799	1119
1792	768	1280	1489	806	1123
2048	768	1280	1666	815	1126
2303	768	1280	1840	823	1130
2559	768	1280	2021	832	1136
2815	768	1280	2219	843	1139
3071	768	1280	2396	852	1144
3327	768	1280	2571	860	1146
3583	768	1280	2749	866	1150
3839	768	1280	2925	874	1153
4095	768	1280	3102	883	1156
0	1024	1280	303	991	1119
256	1024	1280	488	999	1123
512	1024	1280	669	1007	1125
768	1024	1280	843	1015	1129
1024	1024	1280	1016	1023	1132
1280	1024	1280	1204	1031	1135
1536	1024	1280	1380	1039	1139
1792	1024	1280	1554	1048	1143
2048	1024	1280	1731	1057	1147
2303	1024	1280	1909	1066	1150
2559	1024	1280	2094	1075	1156
2815	1024	1280	2287	1083	1162
3071	1024	1280	2458	1092	1165
3327	1024	1280	2635	1100	1168
3583	1024	1280	2814	1108	1169
3839	1024	1280	2988	1114	1173
4095	1024	1280	3167	1122	1175
0	1280	1280	366	1236	1140
256	1280	1280	550	1244	1142
512	1280	1280	730	1252	1146
768	1280	1280	905	1262	1150
1024	1280	1280	1084	1269	1151
1280	1280	1280	1269	1275	1154
1536	1280	1280	1441	1284	1158
1792	1280	1280	1615	1292	1163
2048	1280	1280	1791	1300	1167
2303	1280	1280	1969	1306	1171
2559	1280	1280	2164	1319	1178
2815	1280	1280	2353	1330	1182
3071	1280	1280	2523	1338	1184
3327	1280	1280	2703	1343	1188
3583	1280	1280	2879	1349	1190
3839	1280	1280	3055	1356	1191
4095	1280	1280	3232	1362	1195
0	1536	1280	432	1476	1160
256	1536	1280	614	1483	1163
512	1536	1280	793	1490	1166
768	1536	1280	969	1502	1172
1024	1536	1280	1154	1510	1176
1280	1536	1280	1334	1516	1175
1536	1536	1280	1504	1521	1178
1792	1536	1280	1683	1531	1182
2048	1536	1280	1861	1539	1189
2303	1536	1280	2041	1547	1192
2559	1536	1280	2232	1554	1196
2815	1536	1280	2410	1564	1202
3071	1536	1280	2587	1573	1205
3327	1536	1280	2771	1579	1208
3583	1536	1280	2942	1584	1209
3839	1536	1280	3120	1591	1212
4095	1536	1280	3302	1600	1215
0	1792	1280	499	1717	1182
256	1792	1280	679	1723	1185
512	1792	1280	855	1732	1188
768	1792	1280	1034	1742	1194
1024	1792	1280	1222	1750	1199
1280	1792	1280	1396	1755	1198
1536	1792	1280	1568	1759	1199
1792	1792	1280	1745	1766	1203
2048	1792	1280	1929	1778	1209
2303	1792	1280	2114	1788	1212
2559	1792	1280	2304	1794	1220
2815	1792	1280	2478	1804	1224
3071	1792	1280	2654	1810	1224
3327	1792	1280	2833	1814	1226
3583	1792	1280	3009	1822	1230
3839	1792	1280	3191	1830	1234
4095	1792	1280	3369	1836	1235
0	2048	1280	563	1955	1203
256	2048	1280	743	1961	1207
512	2048	1280	919	1970	1210
768	2048	1280	1100	1978	1215
1024	2048	1280	1288	1986	1217
1280	2048	1280	1460	1991	1221
1536	2048	1280	1634	1998	1221
1792	2048	1280	1812	2005	1224
2048	2048	1280	1996	2017	1228
2303	2048	1280	2189	2026	1235
2559	2048	1280	2372	2034	1236
2815	2048	1280	2544	2042	1242
3071	2048	1280	2725	2047	1246
3327	2048	1280	2901	2053	1248
3583	2048	1280	3077	2060	1249
3839	2048	1280	3257	2066	1254
4095	2048	1280	3436	2073	1256
0	2303	1280	625	2200	1224
256	2303	1280	805	2209	1227
512	2303	1280	983	2222	1232
768	2303	1280	1168	2227	1235
1024	2303	1280	1347	2233	1237
1280	2303	1280	1520	2240	1239
1536	2303	1280	1699	2250	1243
1792	2303	1280	1878	2259	1247
2048	2303	1280	2062	2268	1252
2303	2303	1280	2256	2275	1256
2559	2303	1280	2434	2287	1260
2815	2303	1280	2610	2296	1264
3071	2303	1280	2791	2300	1263
3327	2303	1280	2963	2303	1266
3583	2303	1280	3141	2309	1270
3839	2303	1280	3324	2318	1274
4095	2303	1280	3507	2327	1278
0	2559	1280	691	2448	1243
256	2559	1280	869	2459	1249
512	2559	1280	1050	2472	1254
768	2559	1280	1237	2476	1258
1024	2559	1280	1412	2478	1257
1280	2559	1280	1585	2484	1260
1536	2559	1280	1766	2497	1263
1792	2559	1280	1947	2503	1268
2048	2559	1280	2135	2512	1271
2303	2559	1280	2327	2523	1275
2559	2559	1280	2499	2531	1278
2815	2559	1280	2679	2537	1285
3071	2559	1280	2859	2541	1284
3327	2559	1280	3037	2549	1289
3583	2559	1280	3215	2553	1290
3839	2559	1280	3398	2562	1296
4095	2559	1280	3581	2572	1297
0	2815	1280	757	2690	1263
256	2815	1280	935	2700	1268
512	2815	1280	1116	2707	1273
768	2815	1280	1303	2713	1273
1024	2815	1280	1476	2720	1277
1280	2815	1280	1652	2727	1278
1536	2815	1280	1832	2734	1283
1792	2815	1280	2014	2745	1287
2048	2815	1280	2208	2753	1294
2303	2815	1280	2390	2761	1298
2559	2815	1280	2563	2768	1301
2815	2815	1280	2749	2774	1304
3071	2815	1280	2926	2779	1306
3327	2815	1280	3104	2785	1308
3583	2815	1280	3286	2792	1311
3839	2815	1280	3462	2795	1312
4095	2815	1280	3640	2802	1316
0	3071	1280	821	2931	1284
256	3071	1280	997	2939	1288
512	3071	1280	1184	2947	1290
768	3071	1280	1366	2954	1294
1024	3071	1280	1540	2962	1300
1280	3071	1280	1717	2967	1303
1536	3071	1280	1898	2976	1307
1792	3071	1280	2083	2985	1309
2048	3071	1280	2278	2992	1312
2303	3071	1280	2451	2998	1315
2559	3071	1280	2628	3004	1318
2815	3071	1280	2812	3011	1320
3071	3071	1280	2986	3014	1322
3327	3071	1280	3166	3021	1325
3583	3071	1280	3348	3028	1328
3839	3071	1280	3531	3036	1332
4095	3071	1280	3707	3044	1335
0	3327	1280	884	3175	1308
256	3327	1280	1063	3185	1310
512	3327	1280	1254	3191	1315
768	3327	1280	1429	3195	1316
1024	3327	1280	1603	3201	1318
1280	3327	1280	1782	3209	1321
1536	3327	1280	1964	3218	1326
1792	3327	1280	2153	3227	1329
2048	3327	1280	2343	3233	1332
2303	3327	1280	2516	3242	1336
2559	3327	1280	2696	3246	1337
2815	3327	1280	2876	3252	1340
3071	3327	1280	3059	3262	1345
3327	3327	1280	3239	3266	1346
3583	3327	1280	3417	3271	1349
3839	3327	1280	3598	3278	1351
4095	3327	1280	3775	3287	1356
0	3583	1280	948	3418	1330
256	3583	1280	1131	3425	1333
512	3583	1280	1319	3431	1334
768	3583	1280	1491	3433	1336
1024	3583	1280	1669	3439	1338
1280	3583	1280	1847	3446	1341
1536	3583	1280	2029	3456	1345
1792	3583	1280	2225	3464	1349
2048	3583	1280	2407	3473	1352
2303	3583	1280	2583	3481	1356
2559	3583	1280	2765	3484	1358
2815	3583	1280	2946	3490	1361
3071	3583	1280	3126	3497	1364
3327	3583	1280	3307	3503	1367
3583	3583	1280	3489	3508	1369
3839	3583	1280	3668	3517	1373
4095	3583	1280	3845	3527	1377
0	3839	1280	1013	3660	1352
256	3839	1280	1201	3663	1353
512	3839	1280	1381	3667	1355
768	3839	1280	1555	3672	1357
1024	3839	1280	1734	3677	1359
1280	3839	1280	1914	3684	1362
1536	3839	1280	2101	3693	1366
1792	3839	1280	2297	3702	1370
2048	3839	1280	2472	3712	1373
2303	3839	1280	2650	3718	1376
2559	3839	1280	2834	3722	1378
2815	3839	1280	3013	3728	1381
3071	3839	1280	3195	3736	1385
3327	3839	1280	3380	3745	1389
3583	3839	1280	3563	3752	1393
3839	3839	1280	3740	3759	1395
4095	3839	1280	3913	3766	1399
0	4095	1280	1081	3900	1371
256	4095	1280	1271	3902	1374
512	4095	1280	1446	3906	1375
768	4095	1280	1622	3909	1377
1024	4095	1280	1801	3914	1380
1280	4095	1280	1983	3923	1384
1536	4095	1280	2177	3933	1389
1792	4095	1280	2366	3941	1393
2048	4095	1280	2539	3947	1396
2303	4095	1280	2721	3952	1397
2559	4095	1280	2902	3956	1399
2815	4095	1280	3081	3961	1402
3071	4095	1280	3265	3971	1405
3327	4095	1280	3450	3979	1411
3583	4095	1280	3632	3986	1414
3839	4095	1280	3808	3991	1417
4095	4095	1280	3979	3998	1420
0	0	1536	51	21	1251
256	0	1536	239	30	1255
512	0	1536	423	40	1257
768	0	1536	603	48	1260
1024	0	1536	780	57	1266
1280	0	1536	954	67	1273
1536	0	1536	1134	76	1273
1792	0	1536	1314	85	1274
2048	0	1536	1484	94	1278
2303	0	1536	1657	103	1281
2559	0	1536	1833	112	1284
2815	0	1536	2013	121	1288
3071	0	1536	2208	132	1293
3327	0	1536	2383	140	1298
3583	0	1536	2557	149	1302
3839	0	1536	2739	158	1303
4095	0	1536	2910	167	1304
0	256	1536	116	266	1270
256	256	1536	302	275	1279
512	256	1536	486	285	1282
768	256	1536	666	294	1284
1024	256	1536	840	303	1287
1280	256	1536	1015	313	1290
1536	256	1536	1200	321	1293
1792	256	1536	1374	329	1294
2048	256	1536	1547	337	1296
2303	256	1536	1722	346	1301
2559	256	1536	1899	355	1304
2815	256	1536	2084	364	1308
3071	256	1536	2277	373	1312
3327	256	1536	2448	381	1316
3583	256	1536	2623	391	1318
3839	256	1536	2801	399	1319
4095	256	1536	2977	408	1324
0	512	1536	182	508	1293
256	512	1536	366	517	1296
512	512	1536	551	526	1299
768	512	1536	728	535	1304
1024	512	1536	902	544	1307
1280	512	1536	1080	552	1309
1536	512	1536	1266	560	1311
1792	512	1536	1435	568	1313
2048	512	1536	1609	577	1316
2303	512	1536	1784	586	1319
2559	512	1536	1963	594	1323
2815	512	1536	2153	603	1327
3071	512	1536	2338	612	1332
3327	512	1536	2509	622	1337
3583	512	1536	2686	629	1337
3839	512	1536	2866	636	1340
4095	512	1536	3044	647	1343
0	768	1536	246	752	1311
256	768	1536	431	761	1314
512	768	1536	613	770	1317
768	768	1536	791	778	1323
1024	768	1536	964	787	1326
1280	768	1536	1145	795	1328
1536	768	1536	1326	802	1330
1792	768	1536	1498	811	1333
2048	768	1536	1673	819	1337
2303	768	1536	1850	827	1341
2559	768	1536	2031	836	1345
2815	768	1536	2225	845	1349
3071	768	1536	2403	855	1354
3327	768	1536	2577	864	1356
3583	768	1536	2757	869	1358
3839	768	1536	2932	877	1360
4095	768	1536	3109	885	1362
0	1024	1536	310	994	1331
256	1024	1536	497	1002	1333
512	1024	1536	676	1010	1337
768	1024	1536	851	1019	1340
1024	1024	1536	1026	1027	1343
1280	1024	1536	1212	1035	1346
1536	1024	1536	1387	1043	1349
1792	1024	1536	1560	1051	1354
2048	1024	1536	1740	1061	1356
2303	1024	1536	1917	1069	1359
2559	1024	1536	2103	1078	1364
2815	1024	1536	2296	1088	1370
3071	1024	1536	2466	1096	1373
3327	1024	1536	2643	1104	1375
3583	1024	1536	2823	1111	1376
3839	1024	1536	2997	1118	1379
4095	1024	1536	3174	1125	1381
0	1280	1536	374	1238	1349
256	1280	1536	559	1246	1352
512	1280	1536	737	1255	1355
768	1280	1536	913	1264	1359
1024	1280	1536	1091	1272	1361
1280	1280	1536	1276	1278	1363
1536	1280	1536	1449	1287	1370
1792	1280	1536	1623	1295	1373
2048	1280	1536	1801	1303	1377
2303	1280	1536	1978	1312	1380
2559	1280	1536	2173	1323	1385
2815	1280	1536	2357	1331	1388
3071	1280	1536	2527	1339	1391
3327	1280	1536	2710	1345	1394
3583	1280	1536	2886	1352	1395
3839	1280	1536	3061	1359	1397
4095	1280	1536	3241	1365	1400
0	1536	1536	441	1479	1370
256	1536	1536	622	1487	1373
512	1536	1536	801	1496	1376
768	1536	1536	977	1507	1381
1024	1536	1536	1162	1513	1383
1280	1536	1536	1342	1519	1384
1536	1536	1536	1512	1525	1387
1792	1536	1536	1689	1533	1391
2048	1536	1536	1868	1543	1398
2303	1536	1536	2050	1551	1401
2559	1536	1536	2243	1559	1404
2815	1536	1536	2419	1568	1410
3071	1536	1536	2596	1576	1413
3327	1536	1536	2777	1582	1413
3583	1536	1536	2951	1587	1416
3839	1536	1536	3128	1594	1417
4095	1536	1536	3308	1601	1420
0	1792	1536	508	1721	1392
256	1792	1536	687	1728	1395
512	1792	1536	864	1736	1398
768	1792	1536	1041	1744	1402
1024	1792	1536	1229	1751	1405
1280	1792	1536	1404	1758	1407
1536	1792	1536	1578	1765	1409
1792	1792	1536	1754	1770	1412
2048	1792	1536	1936	1780	1416
2303	1792	1536	2122	1789	1420
2559	1792	1536	2311	1797	1429
2815	1792	1536	2486	1809	1433
3071	1792	1536	2665	1815	1433
3327	1792	1536	2842	1818	1433
3583	1792	1536	3016	1823	1436
3839	1792	1536	3196	1831	1438
4095	1792	1536	3377	1839	1441
0	2048	1536	571	1958	1413
256	2048	1536	752	1965	1417
512	2048	1536	927	1973	1420
768	2048	1536	1108	1981	1423
1024	2048	1536	1296	1988	1425
1280	2048	1536	1468	1995	1428
1536	2048	1536	1643	2002	1431
1792	2048	1536	1823	2010	1433
2048	2048	1536	2004	2020	1437
2303	2048	1536	2197	2028	1442
2559	2048	1536	2380	2038	1444
2815	2048	1536	2555	2047	1450
3071	2048	1536	2735	2051	1453
3327	2048	1536	2909	2056	1453
3583	2048	1536	3086	2063	1456
3839	2048	1536	3268	2071	1460
4095	2048	1536	3448	2078	1462
0	2303	1536	634	2206	1434
256	2303	1536	814	2215	1437
512	2303	1536	991	2226	1442
768	2303	1536	1176	2232	1444
1024	2303	1536	1356	2237	1445
1280	2303	1536	1528	2243	1448
1536	2303	1536	1706	2252	1451
1792	2303	1536	1887	2262	1455
2048	2303	1536	2072	2273	1460
2303	2303	1536	2266	2281	1463
2559	2303	1536	2442	2290	1466
2815	2303	1536	2617	2297	1471
3071	2303	1536	2796	2300	1470
3327	2303	1536	2973	2308	1473
3583	2303	1536	3153	2315	1476
3839	2303	1536	3334	2321	1477
4095	2303	1536	3513	2326	1480
0	2559	1536	700	2456	1454
256	2559	1536	878	2464	1458
512	2559	1536	1056	2472	1460
768	2559	1536	1246	2479	1464
1024	2559	1536	1422	2485	1464
1280	2559	1536	1596	2492	1467
1536	2559	1536	1776	2500	1471
1792	2559	1536	1955	2508	1474
2048	2559	1536	2144	2517	1479
2303	2559	1536	2334	2525	1483
2559	2559	1536	2505	2531	1485
2815	2559	1536	2686	2538	1489
3071	2559	1536	2867	2545	1487
3327	2559	1536	3043	2549	1490
3583	2559	1536	3229	2560	1498
3839	2559	1536	3406	2565	1495
4095	2559	1536	3582	2568	1502
0	2815	1536	766	2695	1472
256	2815	1536	942	2705	1475
512	2815	1536	1125	2712	1479
768	2815	1536	1313	2719	1482
1024	2815	1536	1486	2726	1486
1280	2815	1536	1663	2733	1488
1536	2815	1536	1841	2739	1491
1792	2815	1536	2020	2744	1494
2048	2815	1536	2218	2756	1498
2303	2815	1536	2399	2765	1502
2559	2815	1536	2572	2771	1503
2815	2815	1536	2755	2776	1506
3071	2815	1536	2935	2782	1509
3327	2815	1536	3113	2788	1509
3583	2815	1536	3289	2791	1513
3839	2815	1536	3477	2803	1520
4095	2815	1536	3654	2810	1520
0	3071	1536	828	2936	1492
256	3071	1536	1006	2948	1496
512	3071	1536	1195	2953	1500
768	3071	1536	1374	2959	1501
1024	3071	1536	1547	2964	1504
1280	3071	1536	1726	2971	1507
1536	3071	1536	1904	2976	1510
1792	3071	1536	2090	2985	1513
2048	3071	1536	2289	2998	1517
2303	3071	1536	2462	3004	1523
2559	3071	1536	2637	3009	1525
2815	3071	1536	2819	3013	1524
3071	3071	1536	2997	3019	1528
3327	3071	1536	3176	3026	1531
3583	3071	1536	3360	3034	1530
3839	3071	1536	3544	3044	1538
4095	3071	1536	3720	3051	1542
0	3327	1536	892	3182	1513
256	3327	1536	1073	3190	1516
512	3327	1536	1262	3196	1519
768	3327	1536	1436	3200	1520
1024	3327	1536	1611	3204	1521
1280	3327	1536	1790	3212	1524
1536	3327	1536	1970	3219	1528
1792	3327	1536	2161	3228	1532
2048	3327	1536	2351	3238	1537
2303	3327	1536	2525	3247	1541
2559	3327	1536	2705	3250	1543
2815	3327	1536	2884	3253	1546
3071	3327	1536	3060	3258	1545
3327	3327	1536	3242	3266	1549
3583	3327	1536	3429	3277	1555
3839	3327	1536	3612	3286	1559
4095	3327	1536	3783	3289	1560
0	3583	1536	956	3424	1534
256	3583	1536	1141	3431	1536
512	3583	1536	1327	3436	1537
768	3583	1536	1500	3438	1541
1024	3583	1536	1677	3443	1543
1280	3583	1536	1855	3449	1545
1536	3583	1536	2038	3459	1553
1792	3583	1536	2233	3468	1556
2048	3583	1536	2414	3475	1560
2303	3583	1536	2590	3484	1563
2559	3583	1536	2775	3488	1566
2815	3583	1536	2954	3494	1569
3071	3583	1536	3132	3500	1570
3327	3583	1536	3316	3506	1573
3583	3583	1536	3495	3508	1573
3839	3583	1536	3673	3517	1577
4095	3583	1536	3853	3528	1583
0	3839	1536	1020	3660	1553
256	3839	1536	1210	3667	1556
512	3839	1536	1390	3671	1563
768	3839	1536	1563	3674	1562
1024	3839	1536	1740	3677	1566
1280	3839	1536	1923	3687	1569
1536	3839	1536	2110	3697	1573
1792	3839	1536	2307	3707	1579
2048	3839	1536	2482	3716	1583
2303	3839	1536	2660	3724	1586
2559	3839	1536	2846	3731	1589
2815	3839	1536	3026	3738	1592
3071	3839	1536	3207	3742	1594
3327	3839	1536	3387	3747	1595
3583	3839	1536	3571	3754	1599
3839	3839	1536	3750	3764	1602
4095	3839	1536	3923	3773	1606
0	4095	1536	1089	3902	1581
256	4095	1536	1280	3907	1581
512	4095	1536	1454	3907	1583
768	4095	1536	1629	3911	1586
1024	4095	1536	1809	3919	1589
1280	4095	1536	1992	3925	1592
1536	4095	1536	2186	3936	1597
1792	4095	1536	2377	3948	1603
2048	4095	1536	2551	3957	1607
2303	4095	1536	2736	3963	1609
2559	4095	1536	2916	3968	1611
2815	4095	1536	3094	3972	1611
3071	4095	1536	3277	3978	1615
3327	4095	1536	3462	3986	1618
3583	4095	1536	3645	3994	1621
3839	4095	1536	3820	3999	1624
4095	4095	1536	3990	4004	1627
0	0	1792	60	24	1456
256	0	1792	247	33	1460
512	0	1792	431	43	1462
768	0	1792	612	52	1464
1024	0	1792	788	61	1468
1280	0	1792	961	70	1471
1536	0	1792	1142	80	1473
1792	0	1792	1321	89	1473
2048	0	1792	1490	98	1476
2303	0	1792	1663	107	1478
2559	0	1792	1842	115	1481
2815	0	1792	2023	125	1488
3071	0	1792	2218	135	1491
3327	0	1792	2392	144	1498
3583	0	1792	2564	153	1499
3839	0	1792	2746	161	1503
4095	0	1792	2921	170	1504
0	256	1792	124	269	1476
256	256	1792	310	279	1479
512	256	1792	496	289	1482
768	256	1792	674	297	1485
1024	256	1792	849	307	1488
1280	256	1792	1023	316	1490
1536	256	1792	1209	325	1494
1792	256	1792	1383	333	1493
2048	256	1792	1554	340	1498
2303	256	1792	1731	349	1501
2559	256	1792	1909	359	1508
2815	256	1792	2094	368	1508
3071	256	1792	2284	377	1515
3327	256	1792	2453	385	1519
3583	256	1792	2631	394	1522
3839	256	1792	2812	402	1524
4095	256	1792	2985	411	1525
0	512	1792	189	512	1492
256	512	1792	374	520	1496
512	512	1792	557	528	1497
768	512	1792	734	537	1501
1024	512	1792	910	547	1508
1280	512	1792	1088	556	1507
1536	512	1792	1272	564	1512
1792	512	1792	1446	573	1516
2048	512	1792	1618	581	1522
2303	512	1792	1792	588	1523
2559	512	1792	1972	598	1530
2815	512	1792	2164	608	1533
3071	512	1792	2347	616	1535
3327	512	1792	2516	625	1538
3583	512	1792	2701	633	1542
3839	512	1792	2876	642	1543
4095	512	1792	3050	650	1544
0	768	1792	254	756	1515
256	768	1792	440	764	1516
512	768	1792	619	772	1516
768	768	1792	798	781	1528
1024	768	1792	970	790	1531
1280	768	1792	1154	798	1533
1536	768	1792	1336	806	1534
1792	768	1792	1508	816	1534
2048	768	1792	1682	823	1540
2303	768	1792	1859	832	1544
2559	768	1792	2043	840	1548
2815	768	1792	2237	850	1554
3071	768	1792	2410	858	1558
3327	768	1792	2586	867	1560
3583	768	1792	2769	875	1560
3839	768	1792	2941	881	1563
4095	768	1792	3118	888	1564
0	1024	1792	318	996	1532
256	1024	1792	504	1004	1535
512	1024	1792	683	1014	1540
768	1024	1792	860	1023	1544
1024	1024	1792	1036	1031	1547
1280	1024	1792	1223	1039	1551
1536	1024	1792	1395	1046	1555
1792	1024	1792	1567	1054	1560
2048	1024	1792	1748	1065	1563
2303	1024	1792	1924	1072	1566
2559	1024	1792	2112	1082	1571
2815	1024	1792	2305	1092	1574
3071	1024	1792	2475	1101	1577
3327	1024	1792	2652	1108	1578
3583	1024	1792	2831	1114	1579
3839	1024	1792	3007	1122	1581
4095	1024	1792	3184	1129	1584
0	1280	1792	383	1243	1554
256	1280	1792	567	1251	1557
512	1280	1792	747	1259	1560
768	1280	1792	920	1267	1562
1024	1280	1792	1099	1275	1565
1280	1280	1792	1286	1284	1568
1536	1280	1792	1461	1295	1576
1792	1280	1792	1636	1302	1578
2048	1280	1792	1812	1309	1580
2303	1280	1792	1992	1318	1585
2559	1280	1792	2185	1327	1591
2815	1280	1792	2365	1336	1595
3071	1280	1792	2536	1342	1597
3327	1280	1792	2718	1349	1597
3583	1280	1792	2894	1355	1599
3839	1280	1792	3072	1363	1601
4095	1280	1792	3252	1370	1602
0	1536	1792	450	1486	1578
256	1536	1792	632	1494	1581
512	1536	1792	810	1501	1583
768	1536	1792	983	1507	1584
1024	1536	1792	1169	1515	1586
1280	1536	1792	1349	1523	1589
1536	1536	1792	1522	1530	1593
1792	1536	1792	1698	1536	1595
2048	1536	1792	1876	1545	1602
2303	1536	1792	2061	1556	1607
2559	1536	1792	2258	1567	1611
2815	1536	1792	2432	1574	1615
3071	1536	1792	2606	1580	1617
3327	1536	1792	2786	1586	1618
3583	1536	1792	2962	1593	1619
3839	1536	1792	3138	1599	1620
4095	1536	1792	3317	1605	1622
0	1792	1792	516	1726	1598
256	1792	1792	697	1734	1602
512	1792	1792	872	1741	1604
768	1792	1792	1049	1749	1606
1024	1792	1792	1236	1752	1606
1280	1792	1792	1413	1761	1610
1536	1792	1792	1588	1770	1614
1792	1792	1792	1763	1775	1614
2048	1792	1792	1944	1786	1619
2303	1792	1792	2132	1794	1628
2559	1792	1792	2321	1803	1633
2815	1792	1792	2496	1813	1637
3071	1792	1792	2675	1820	1638
3327	1792	1792	2854	1825	1638
3583	1792	1792	3027	1829	1639
3839	1792	1792	3207	1836	1641
4095	1792	1792	3390	1844	1645
0	2048	1792	580	1963	1618
256	2048	1792	761	1973	1623
512	2048	1792	937	1981	1627
768	2048	1792	1119	1987	1629
1024	2048	1792	1304	1993	1629
1280	2048	1792	1477	2001	1632
1536	2048	1792	1654	2009	1636
1792	2048	1792	1833	2017	1638
2048	2048	1792	2015	2025	1642
2303	2048	1792	2207	2033	1646
2559	2048	1792	2389	2042	1649
2815	2048	1792	2563	2051	1656
3071	2048	1792	2745	2057	1657
3327	2048	1792	2920	2061	1658
3583	2048	1792	3097	2068	1661
3839	2048	1792	3280	2076	1663
4095	2048	1792	3461	2084	1666
0	2303	1792	645	2215	1641
256	2303	1792	824	2223	1645
512	2303	1792	999	2231	1648
768	2303	1792	1187	2238	1650
1024	2303	1792	1366	2244	1651
1280	2303	1792	1538	2250	1652
1536	2303	1792	1717	2258	1656
1792	2303	1792	1896	2266	1659
2048	2303	1792	2083	2276	1663
2303	2303	1792	2279	2288	1669
2559	2303	1792	2453	2297	1672
2815	2303	1792	2627	2303	1675
3071	2303	1792	2806	2305	1674
3327	2303	1792	2985	2313	1679
3583	2303	1792	3166	2321	1683
3839	2303	1792	3348	2329	1683
4095	2303	1792	3526	2334	1685
0	2559	1792	711	2465	1662
256	2559	1792	887	2471	1663
512	2559	1792	1067	2478	1666
768	2559	1792	1257	2486	1670
1024	2559	1792	1432	2492	1672
1280	2559	1792	1607	2498	1673
1536	2559	1792	1784	2503	1675
1792	2559	1792	1966	2513	1679
2048	2559	1792	2157	2523	1684
2303	2559	1792	2346	2532	1689
2559	2559	1792	2515	2536	1692
2815	2559	1792	2697	2542	1694
3071	2559	1792	2877	2549	1693
3327	2559	1792	3054	2555	1696
3583	2559	1792	3242	2568	1704
3839	2559	1792	3420	2572	1701
4095	2559	1792	3596	2576	1709
0	2815	1792	775	2703	1681
256	2815	1792	953	2713	1684
512	2815	1792	1137	2721	1687
768	2815	1792	1322	2726	1688
1024	2815	1792	1496	2731	1691
1280	2815	1792	1673	2738	1694
1536	2815	1792	1851	2745	1696
1792	2815	1792	2033	2753	1700
2048	2815	1792	2229	2762	1704
2303	2815	1792	2409	2770	1707
2559	2815	1792	2585	2778	1709
2815	2815	1792	2767	2782	1712
3071	2815	1792	2944	2787	1713
3327	2815	1792	3121	2792	1715
3583	2815	1792	3303	2798	1721
3839	2815	1792	3492	2811	1726
4095	2815	1792	3671	2820	1729
0	3071	1792	838	2946	1702
256	3071	1792	1017	2958	1704
512	3071	1792	1205	2961	1707
768	3071	1792	1383	2965	1707
1024	3071	1792	1557	2969	1709
1280	3071	1792	1736	2977	1713
1536	3071	1792	1916	2985	1716
1792	3071	1792	2102	2993	1719
2048	3071	1792	2300	3004	1723
2303	3071	1792	2473	3012	1727
2559	3071	1792	2649	3017	1731
2815	3071	1792	2830	3020	1730
3071	3071	1792	3010	3029	1734
3327	3071	1792	3192	3036	1735
3583	3071	1792	3375	3044	1738
3839	3071	1792	3559	3053	1741
4095	3071	1792	3736	3061	1748
0	3327	1792	904	3192	1722
256	3327	1792	1083	3198	1725
512	3327	1792	1272	3203	1726
768	3327	1792	1447	3207	1726
1024	3327	1792	1621	3213	1728
1280	3327	1792	1801	3222	1731
1536	3327	1792	1983	3228	1734
1792	3327	1792	2173	3237	1739
2048	3327	1792	2363	3245	1743
2303	3327	1792	2535	3254	1748
2559	3327	1792	2719	3260	1749
2815	3327	1792	2897	3264	1749
3071	3327	1792	3074	3268	1752
3327	3327	1792	3258	3276	1756
3583	3327	1792	3444	3288	1760
3839	3327	1792	3628	3297	1763
4095	3327	1792	3799	3299	1766
0	3583	1792	967	3434	1743
256	3583	1792	1151	3439	1744
512	3583	1792	1337	3443	1744
768	3583	1792	1509	3447	1747
1024	3583	1792	1688	3453	1750
1280	3583	1792	1868	3460	1753
1536	3583	1792	2049	3467	1755
1792	3583	1792	2246	3476	1759
2048	3583	1792	2427	3485	1762
2303	3583	1792	2603	3492	1766
2559	3583	1792	2788	3498	1770
2815	3583	1792	2968	3505	1772
3071	3583	1792	3147	3511	1771
3327	3583	1792	3328	3515	1775
3583	3583	1792	3513	3524	1779
3839	3583	1792	3693	3531	1785
4095	3583	1792	3868	3540	1785
0	3839	1792	1029	3669	1763
256	3839	1792	1220	3676	1766
512	3839	1792	1399	3680	1766
768	3839	1792	1573	3683	1765
1024	3839	1792	1753	3690	1769
1280	3839	1792	1934	3697	1772
1536	3839	1792	2122	3706	1777
1792	3839	1792	2322	3721	1782
2048	3839	1792	2496	3729	1786
2303	3839	1792	2675	3736	1788
2559	3839	1792	2860	3743	1791
2815	3839	1792	3040	3750	1795
3071	3839	1792	3220	3753	1797
3327	3839	1792	3401	3757	1804
3583	3839	1792	3587	3765	1808
3839	3839	1792	3764	3774	1811
4095	3839	1792	3937	3782	1815
0	4095	1792	1098	3911	1782
256	4095	1792	1288	3911	1786
512	4095	1792	1464	3917	1787
768	4095	1792	1641	3924	1789
1024	4095	1792	1823	3932	1791
1280	4095	1792	2004	3937	1795
1536	4095	1792	2201	3950	1802
1792	4095	1792	2390	3961	1807
2048	4095	1792	2563	3969	1811
2303	4095	1792	2750	3977	1820
2559	4095	1792	2929	3981	1821
2815	4095	1792	3107	3983	1820
3071	4095	1792	3291	3989	1824
3327	4095	1792	3477	3996	1828
3583	4095	1792	3656	4001	1830
3839	4095	1792	3829	4004	1830
4095	4095	1792	4003	4013	1835
0	0	2048	68	28	1659
256	0	2048	255	37	1662
512	0	2048	441	46	1666
768	0	2048	620	56	1669
1024	0	2048	798	65	1672
1280	0	2048	970	74	1675
1536	0	2048	1154	83	1678
1792	0	2048	1334	92	1680
2048	0	2048	1501	101	1681
2303	0	2048	1677	111	1683
2559	0	2048	1854	120	1686
2815	0	2048	2036	129	1693
3071	0	2048	2234	139	1696
3327	0	2048	2407	148	1704
3583	0	2048	2581	157	1705
3839	0	2048	2761	166	1704
4095	0	2048	2935	175	1707
0	256	2048	134	273	1683
256	256	2048	320	284	1684
512	256	2048	505	293	1687
768	256	2048	684	302	1689
1024	256	2048	859	311	1692
1280	256	2048	1033	320	1697
1536	256	2048	1223	329	1700
1792	256	2048	1395	337	1699
2048	256	2048	1566	346	1703
2303	256	2048	1743	355	1706
2559	256	2048	1921	363	1711
2815	256	2048	2109	372	1715
3071	256	2048	2300	381	1719
3327	256	2048	2468	391	1723
3583	256	2048	2647	399	1725
3839	256	2048	2826	407	1726
4095	256	2048	3001	415	1728
0	512	2048	199	516	1698
256	512	2048	383	525	1702
512	512	2048	566	534	1703
768	512	2048	745	542	1707
1024	512	2048	919	551	1711
1280	512	2048	1097	560	1712
1536	512	2048	1283	568	1717
1792	512	2048	1457	578	1721
2048	512	2048	1630	585	1721
2303	512	2048	1803	593	1723
2559	512	2048	1985	603	1727
2815	512	2048	2179	613	1733
3071	512	2048	2360	622	1738
3327	512	2048	2532	630	1740
3583	512	2048	2714	638	1744
3839	512	2048	2889	647	1745
4095	512	2048	3066	655	1746
0	768	2048	264	762	1718
256	768	2048	450	772	1722
512	768	2048	632	780	1727
768	768	2048	809	788	1729
1024	768	2048	982	796	1733
1280	768	2048	1167	805	1734
1536	768	2048	1347	813	1739
1792	768	2048	1520	821	1735
2048	768	2048	1693	827	1740
2303	768	2048	1870	837	1747
2559	768	2048	2057	847	1752
2815	768	2048	2251	857	1756
3071	768	2048	2424	864	1759
3327	768	2048	2599	872	1761
3583	768	2048	2780	879	1760
3839	768	2048	2955	887	1767
4095	768	2048	3131	894	1769
0	1024	2048	327	1001	1740
256	1024	2048	513	1010	1744
512	1024	2048	692	1018	1748
768	1024	2048	869	1028	1749
1024	1024	2048	1049	1040	1750
1280	1024	2048	1234	1045	1755
1536	1024	2048	1405	1052	1752
1792	1024	2048	1579	1060	1760
2048	1024	2048	1760	1071	1763
2303	1024	2048	1937	1079	1766
2559	1024	2048	2125	1088	1775
2815	1024	2048	2317	1098	1779
3071	1024	2048	2488	1106	1782
3327	1024	2048	2664	1113	1781
3583	1024	2048	2843	1120	1782
3839	1024	2048	3019	1128	1785
4095	1024	2048	3197	1135	1789
0	1280	2048	394	1251	1756
256	1280	2048	578	1260	1759
512	1280	2048	758	1269	1763
768	1280	2048	931	1275	1763
1024	1280	2048	1112	1283	1776
1280	1280	2048	1300	1293	1771
1536	1280	2048	1473	1302	1780
1792	1280	2048	1646	1308	1783
2048	1280	2048	1822	1315	1786
2303	1280	2048	2003	1324	1789
2559	1280	2048	2197	1333	1795
2815	1280	2048	2378	1341	1800
3071	1280	2048	2550	1349	1802
3327	1280	2048	2728	1354	1802
3583	1280	2048	2906	1360	1803
3839	1280	2048	3085	1368	1806
4095	1280	2048	3266	1376	1807
0	1536	2048	459	1491	1782
256	1536	2048	642	1499	1785
512	1536	2048	818	1505	1787
768	1536	2048	994	1514	1791
1024	1536	2048	1178	1519	1789
1280	1536	2048	1358	1527	1792
1536	1536	2048	1534	1537	1798
1792	1536	2048	1710	1544	1806
2048	1536	2048	1888	1552	1809
2303	1536	2048	2072	1561	1812
2559	1536	2048	2270	1572	1815
2815	1536	2048	2443	1580	1819
3071	1536	2048	2618	1587	1821
3327	1536	2048	2798	1591	1823
3583	1536	2048	2975	1598	1825
3839	1536	2048	3152	1605	1826
4095	1536	2048	3333	1613	1829
0	1792	2048	526	1732	1805
256	1792	2048	706	1738	1808
512	1792	2048	882	1748	1812
768	1792	2048	1062	1757	1816
1024	1792	2048	1247	1759	1812
1280	1792	2048	1424	1769	1815
1536	1792	2048	1599	1777	1820
1792	1792	2048	1777	1785	1823
2048	1792	2048	1958	1793	1826
2303	1792	2048	2145	1802	1835
2559	1792	2048	2334	1810	1838
2815	1792	2048	2504	1817	1841
3071	1792	2048	2686	1824	1843
3327	1792	2048	2866	1831	1844
3583	1792	2048	3041	1837	1845
3839	1792	2048	3222	1844	1849
4095	1792	2048	3404	1851	1852
0	2048	2048	590	1971	1828
256	2048	2048	770	1979	1831
512	2048	2048	949	1990	1836
768	2048	2048	1130	1997	1838
1024	2048	2048	1315	2000	1838
1280	2048	2048	1489	2008	1840
1536	2048	2048	1666	2016	1843
1792	2048	2048	1845	2023	1845
2048	2048	2048	2026	2032	1849
2303	2048	2048	2220	2040	1852
2559	2048	2048	2400	2048	1857
2815	2048	2048	2573	2056	1862
3071	2048	2048	2758	2063	1864
3327	2048	2048	2933	2069	1864
3583	2048	2048	3112	2076	1867
3839	2048	2048	3294	2084	1870
4095	2048	2048	3475	2091	1873
0	2303	2048	654	2222	1850
256	2303	2048	833	2230	1853
512	2303	2048	1010	2240	1856
768	2303	2048	1198	2246	1859
1024	2303	2048	1377	2252	1858
1280	2303	2048	1550	2258	1859
1536	2303	2048	1729	2266	1863
1792	2303	2048	1908	2274	1865
2048	2303	2048	2094	2283	1869
2303	2303	2048	2291	2294	1874
2559	2303	2048	2463	2303	1877
2815	2303	2048	2639	2309	1880
3071	2303	2048	2821	2315	1881
3327	2303	2048	2998	2321	1884
3583	2303	2048	3179	2328	1889
3839	2303	2048	3363	2337	1892
4095	2303	2048	3544	2344	1894
0	2559	2048	720	2473	1870
256	2559	2048	899	2481	1873
512	2559	2048	1079	2487	1876
768	2559	2048	1268	2493	1877
1024	2559	2048	1443	2499	1879
1280	2559	2048	1617	2505	1879
1536	2559	2048	1795	2511	1881
1792	2559	2048	1978	2520	1886
2048	2559	2048	2169	2530	1889
2303	2559	2048	2357	2538	1893
2559	2559	2048	2528	2544	1896
2815	2559	2048	2710	2550	1899
3071	2559	2048	2889	2556	1900
3327	2559	2048	3067	2563	1901
3583	2559	2048	3257	2576	1909
3839	2559	2048	3437	2583	1911
4095	2559	2048	3617	2589	1915
0	2815	2048	786	2713	1889
256	2815	2048	964	2723	1894
512	2815	2048	1147	2729	1895
768	2815	2048	1333	2733	1895
1024	2815	2048	1505	2738	1898
1280	2815	2048	1683	2744	1899
1536	2815	2048	1863	2751	1901
1792	2815	2048	2045	2760	1905
2048	2815	2048	2242	2770	1910
2303	2815	2048	2422	2779	1914
2559	2815	2048	2598	2787	1917
2815	2815	2048	2782	2791	1919
3071	2815	2048	2959	2796	1921
3327	2815	2048	3138	2803	1923
3583	2815	2048	3319	2809	1928
3839	2815	2048	3503	2817	1931
4095	2815	2048	3683	2826	1936
0	3071	2048	849	2956	1909
256	3071	2048	1026	2965	1913
512	3071	2048	1215	2970	1915
768	3071	2048	1394	2974	1915
1024	3071	2048	1568	2978	1916
1280	3071	2048	1748	2986	1921
1536	3071	2048	1929	2994	1923
1792	3071	2048	2116	3003	1927
2048	3071	2048	2314	3013	1932
2303	3071	2048	2485	3020	1936
2559	3071	2048	2664	3026	1939
2815	3071	2048	2846	3032	1940
3071	3071	2048	3024	3037	1943
3327	3071	2048	3205	3044	1944
3583	3071	2048	3387	3051	1945
3839	3071	2048	3571	3060	1948
4095	3071	2048	3747	3067	1952
0	3327	2048	913	3201	1931
256	3327	2048	1093	3208	1933
512	3327	2048	1283	3211	1934
768	3327	2048	1457	3215	1936
1024	3327	2048	1633	3222	1938
1280	3327	2048	1814	3231	1941
1536	3327	2048	1995	3238	1944
1792	3327	2048	2189	3248	1948
2048	3327	2048	2377	3256	1952
2303	3327	2048	2550	3265	1956
2559	3327	2048	2735	3272	1959
2815	3327	2048	2915	3278	1960
3071	3327	2048	3093	3283	1961
3327	3327	2048	3273	3286	1963
3583	3327	2048	3459	3296	1966
3839	3327	2048	3642	3306	1970
4095	3327	2048	3818	3313	1973
0	3583	2048	976	3444	1952
256	3583	2048	1162	3447	1953
512	3583	2048	1346	3450	1953
768	3583	2048	1520	3456	1956
1024	3583	2048	1700	3464	1959
1280	3583	2048	1879	3471	1962
1536	3583	2048	2062	3477	1966
1792	3583	2048	2262	3490	1970
2048	3583	2048	2443	3499	1975
2303	3583	2048	2619	3507	1978
2559	3583	2048	2805	3514	1982
2815	3583	2048	2984	3517	1984
3071	3583	2048	3163	3522	1984
3327	3583	2048	3345	3528	1985
3583	3583	2048	3531	3536	1988
3839	3583	2048	3708	3542	1993
4095	3583	2048	3882	3547	1997
0	3839	2048	1039	3678	1972
256	3839	2048	1231	3685	1975
512	3839	2048	1411	3690	1976
768	3839	2048	1586	3696	1978
1024	3839	2048	1765	3702	1981
1280	3839	2048	1947	3709	1985
1536	3839	2048	2138	3721	1990
1792	3839	2048	2336	3734	1996
2048	3839	2048	2510	3742	1999
2303	3839	2048	2691	3750	2002
2559	3839	2048	2875	3754	2003
2815	3839	2048	3053	3759	2007
3071	3839	2048	3236	3766	2007
3327	3839	2048	3419	3771	2010
3583	3839	2048	3599	3775	2011
3839	3839	2048	3776	3782	2015
4095	3839	2048	3950	3790	2017
0	4095	2048	1109	3920	1994
256	4095	2048	1299	3923	1996
512	4095	2048	1474	3929	1998
768	4095	2048	1652	3934	2000
1024	4095	2048	1833	3940	2003
1280	4095	2048	2017	3948	2007
1536	4095	2048	2213	3960	2013
1792	4095	2048	2401	3973	2019
2048	4095	2048	2578	3981	2021
2303	4095	2048	2762	3986	2025
2559	4095	2048	2944	3991	2026
2815	4095	2048	3123	3996	2028
3071	4095	2048	3305	3999	2031
3327	4095	2048	3487	4003	2033
3583	4095	2048	3667	4008	2033
3839	4095	2048	3846	4016	2037
4095	4095	2048	4021	4026	2041
0	0	2303	76	31	1865
256	0	2303	265	41	1868
512	0	2303	450	51	1871
768	0	2303	630	59	1874
1024	0	2303	808	68	1878
1280	0	2303	981	78	1880
1536	0	2303	1167	87	1884
1792	0	2303	1346	97	1885
2048	0	2303	1515	105	1885
2303	0	2303	1691	114	1890
2559	0	2303	1869	124	1893
2815	0	2303	2053	134	1898
3071	0	2303	2248	144	1902
3327	0	2303	2421	152	1906
3583	0	2303	2595	161	1908
3839	0	2303	2776	170	1909
4095	0	2303	2951	179	1912
0	256	2303	143	278	1886
256	256	2303	329	288	1887
512	256	2303	515	297	1890
768	256	2303	694	306	1893
1024	256	2303	868	315	1896
1280	256	2303	1044	324	1901
1536	256	2303	1233	333	1903
1792	256	2303	1405	341	1904
2048	256	2303	1579	350	1908
2303	256	2303	1757	359	1911
2559	256	2303	1936	368	1915
2815	256	2303	2123	376	1919
3071	256	2303	2314	387	1925
3327	256	2303	2484	396	1929
3583	256	2303	2661	404	1930
3839	256	2303	2841	412	1930
4095	256	2303	3016	420	1931
0	512	2303	207	520	1905
256	512	2303	393	529	1907
512	512	2303	576	538	1909
768	512	2303	754	547	1911
1024	512	2303	930	557	1919
1280	512	2303	1111	566	1921
1536	512	2303	1295	574	1921
1792	512	2303	1466	582	1925
2048	512	2303	1641	591	1928
2303	512	2303	1819	600	1930
2559	512	2303	1998	608	1934
2815	512	2303	2193	618	1939
3071	512	2303	2374	627	1944
3327	512	2303	2546	636	1945
3583	512	2303	2726	644	1949
3839	512	2303	2902	651	1949
4095	512	2303	3078	659	1949
0	768	2303	272	767	1923
256	768	2303	458	776	1926
512	768	2303	641	784	1931
768	768	2303	818	792	1938
1024	768	2303	995	803	1943
1280	768	2303	1180	811	1943
1536	768	2303	1358	819	1945
1792	768	2303	1531	827	1945
2048	768	2303	1707	834	1950
2303	768	2303	1886	843	1953
2559	768	2303	2069	852	1956
2815	768	2303	2264	861	1960
3071	768	2303	2436	870	1963
3327	768	2303	2611	877	1964
3583	768	2303	2792	883	1963
3839	768	2303	2966	891	1967
4095	768	2303	3144	900	1969
0	1024	2303	337	1009	1946
256	1024	2303	524	1018	1947
512	1024	2303	702	1024	1950
768	1024	2303	879	1034	1952
1024	1024	2303	1059	1045	1961
1280	1024	2303	1247	1053	1964
1536	1024	2303	1420	1060	1963
1792	1024	2303	1592	1067	1966
2048	1024	2303	1770	1076	1971
2303	1024	2303	1951	1085	1975
2559	1024	2303	2140	1095	1978
2815	1024	2303	2329	1104	1982
3071	1024	2303	2500	1111	1986
3327	1024	2303	2678	1118	1985
3583	1024	2303	2857	1125	1986
3839	1024	2303	3033	1133	1986
4095	1024	2303	3212	1141	1989
0	1280	2303	404	1258	1966
256	1280	2303	587	1266	1968
512	1280	2303	767	1274	1971
768	1280	2303	944	1284	1973
1024	1280	2303	1125	1293	1980
1280	1280	2303	1310	1299	1983
1536	1280	2303	1483	1307	1987
1792	1280	2303	1658	1314	1988
2048	1280	2303	1836	1322	1990
2303	1280	2303	2014	1330	1994
2559	1280	2303	2209	1337	1996
2815	1280	2303	2389	1346	2000
3071	1280	2303	2562	1354	2003
3327	1280	2303	2746	1361	2006
3583	1280	2303	2922	1368	2006
3839	1280	2303	3100	1375	2007
4095	1280	2303	3281	1382	2010
0	1536	2303	469	1497	1989
256	1536	2303	651	1506	1991
512	1536	2303	831	1515	1994
768	1536	2303	1006	1524	1997
1024	1536	2303	1193	1530	2003
1280	1536	2303	1374	1538	2001
1536	1536	2303	1546	1545	2004
1792	1536	2303	1721	1551	2006
2048	1536	2303	1901	1560	2012
2303	1536	2303	2087	1569	2014
2559	1536	2303	2280	1576	2018
2815	1536	2303	2453	1585	2021
3071	1536	2303	2630	1592	2019
3327	1536	2303	2810	1597	2029
3583	1536	2303	2990	1606	2034
3839	1536	2303	3169	1613	2033
4095	1536	2303	3350	1621	2035
0	1792	2303	533	1735	2006
256	1792	2303	716	1748	2010
512	1792	2303	894	1756	2016
768	1792	2303	1072	1763	2018
1024	1792	2303	1260	1768	2022
1280	1792	2303	1434	1775	2024
1536	1792	2303	1608	1782	2025
1792	1792	2303	1786	1788	2023
2048	1792	2303	1966	1797	2030
2303	1792	2303	2158	1808	2044
2559	1792	2303	2349	1819	2050
2815	1792	2303	2520	1827	2054
3071	1792	2303	2700	1832	2052
3327	1792	2303	2880	1838	2053
3583	1792	2303	3060	1846	2055
3839	1792	2303	3237	1851	2059
4095	1792	2303	3419	1859	2061
0	2048	2303	598	1978	2027
256	2048	2303	780	1986	2035
512	2048	2303	958	1996	2039
768	2048	2303	1140	2002	2040
1024	2048	2303	1325	2007	2044
1280	2048	2303	1498	2015	2047
1536	2048	2303	1676	2020	2050
1792	2048	2303	1854	2028	2052
2048	2048	2303	2036	2037	2056
2303	2048	2303	2234	2049	2063
2559	2048	2303	2415	2058	2067
2815	2048	2303	2590	2065	2071
3071	2048	2303	2770	2070	2074
3327	2048	2303	2949	2077	2075
3583	2048	2303	3127	2085	2076
3839	2048	2303	3310	2093	2080
4095	2048	2303	3491	2099	2084
0	2303	2303	663	2229	2058
256	2303	2303	843	2237	2060
512	2303	2303	1019	2246	2063
768	2303	2303	1208	2253	2065
1024	2303	2303	1388	2261	2068
1280	2303	2303	1562	2268	2071
1536	2303	2303	1743	2276	2074
1792	2303	2303	1923	2285	2077
2048	2303	2303	2108	2292	2079
2303	2303	2303	2301	2299	2082
2559	2303	2303	2473	2308	2086
2815	2303	2303	2654	2317	2091
3071	2303	2303	2838	2325	2092
3327	2303	2303	3013	2329	2094
3583	2303	2303	3194	2337	2099
3839	2303	2303	3378	2345	2103
4095	2303	2303	3564	2354	2105
0	2559	2303	730	2479	2077
256	2559	2303	909	2488	2082
512	2559	2303	1089	2497	2086
768	2559	2303	1279	2500	2085
1024	2559	2303	1453	2506	2087
1280	2559	2303	1629	2513	2090
1536	2559	2303	1809	2521	2093
1792	2559	2303	1990	2529	2097
2048	2559	2303	2182	2536	2100
2303	2559	2303	2367	2543	2102
2559	2559	2303	2540	2552	2106
2815	2559	2303	2725	2560	2110
3071	2559	2303	2904	2566	2111
3327	2559	2303	3083	2572	2118
3583	2559	2303	3269	2583	2120
3839	2559	2303	3453	2591	2122
4095	2559	2303	3632	2598	2125
0	2815	2303	796	2723	2101
256	2815	2303	973	2731	2103
512	2815	2303	1160	2736	2105
768	2815	2303	1343	2741	2106
1024	2815	2303	1515	2745	2106
1280	2815	2303	1694	2751	2109
1536	2815	2303	1873	2758	2112
1792	2815	2303	2056	2766	2116
2048	2815	2303	2256	2779	2123
2303	2815	2303	2435	2787	2127
2559	2815	2303	2610	2793	2129
2815	2815	2303	2794	2799	2132
3071	2815	2303	2974	2805	2134
3327	2815	2303	3152	2812	2134
3583	2815	2303	3333	2817	2137
3839	2815	2303	3516	2824	2141
4095	2815	2303	3694	2833	2145
0	3071	2303	858	2963	2119
256	3071	2303	1035	2969	2122
512	3071	2303	1227	2977	2125
768	3071	2303	1405	2982	2127
1024	3071	2303	1580	2987	2128
1280	3071	2303	1760	2995	2132
1536	3071	2303	1941	3002	2135
1792	3071	2303	2130	3011	2139
2048	3071	2303	2326	3022	2145
2303	3071	2303	2498	3029	2149
2559	3071	2303	2678	3037	2152
2815	3071	2303	2861	3043	2153
3071	3071	2303	3037	3046	2154
3327	3071	2303	3219	3053	2156
3583	3071	2303	3401	3060	2157
3839	3071	2303	3582	3066	2159
4095	3071	2303	3759	3074	2163
0	3327	2303	922	3207	2142
256	3327	2303	1104	3214	2144
512	3327	2303	1294	3219	2145
768	3327	2303	1467	3224	2147
1024	3327	2303	1645	3230	2150
1280	3327	2303	1825	3238	2153
1536	3327	2303	2007	3245	2157
1792	3327	2303	2202	3256	2161
2048	3327	2303	2389	3266	2166
2303	3327	2303	2562	3273	2170
2559	3327	2303	2747	3279	2173
2815	3327	2303	2927	3285	2176
3071	3327	2303	3105	3290	2176
3327	3327	2303	3287	3296	2179
3583	3327	2303	3472	3304	2181
3839	3327	2303	3654	3313	2183
4095	3327	2303	3832	3321	2187
0	3583	2303	986	3451	2166
256	3583	2303	1173	3457	2167
512	3583	2303	1356	3459	2167
768	3583	2303	1531	3464	2170
1024	3583	2303	1711	3473	2174
1280	3583	2303	1892	3481	2178
1536	3583	2303	2077	3488	2182
1792	3583	2303	2274	3498	2185
2048	3583	2303	2454	3506	2190
2303	3583	2303	2630	3513	2193
2559	3583	2303	2818	3521	2198
2815	3583	2303	2995	3525	2198
3071	3583	2303	3175	3530	2199
3327	3583	2303	3359	3536	2202
3583	3583	2303	3545	3545	2205
3839	3583	2303	3721	3549	2208
4095	3583	2303	3893	3554	2211
0	3839	2303	1051	3691	2188
256	3839	2303	1241	3694	2191
512	3839	2303	1422	3699	2192
768	3839	2303	1597	3705	2195
1024	3839	2303	1778	3715	2198
1280	3839	2303	1963	3724	2203
1536	3839	2303	2152	3732	2207
1792	3839	2303	2346	3740	2210
2048	3839	2303	2519	3747	2213
2303	3839	2303	2702	3756	2218
2559	3839	2303	2887	3763	2220
2815	3839	2303	3063	3764	2223
3071	3839	2303	3248	3772	2224
3327	3839	2303	3430	3778	2227
3583	3839	2303	3611	3782	2229
3839	3839	2303	3789	3789	2232
4095	3839	2303	3961	3797	2232
0	4095	2303	1119	3928	2211
256	4095	2303	1309	3931	2211
512	4095	2303	1486	3939	2215
768	4095	2303	1663	3945	2217
1024	4095	2303	1846	3951	2222
1280	4095	2303	2031	3962	2226
1536	4095	2303	2227	3973	2232
1792	4095	2303	2414	3981	2235
2048	4095	2303	2588	3988	2239
2303	4095	2303	2773	3993	2241
2559	4095	2303	2954	3996	2243
2815	4095	2303	3133	4001	2244
3071	4095	2303	3316	4005	2247
3327	4095	2303	3499	4010	2250
3583	4095	2303	3680	4017	2251
3839	4095	2303	3858	4023	2253
4095	4095	2303	4032	4032	2258
0	0	2559	86	35	2077
256	0	2559	274	44	2078
512	0	2559	460	54	2081
768	0	2559	641	63	2084
1024	0	2559	817	72	2088
1280	0	2559	992	81	2090
1536	0	2559	1177	91	2093
1792	0	2559	1356	100	2095
2048	0	2559	1528	109	2099
2303	0	2559	1705	118	2104
2559	0	2559	1884	127	2108
2815	0	2559	2067	138	2111
3071	0	2559	2261	147	2115
3327	0	2559	2432	156	2117
3583	0	2559	2608	165	2120
3839	0	2559	2791	173	2121
4095	0	2559	2963	182	2123
0	256	2559	152	282	2094
256	256	2559	338	292	2096
512	256	2559	525	302	2100
768	256	2559	703	310	2103
1024	256	2559	878	319	2107
1280	256	2559	1055	329	2112
1536	256	2559	1243	337	2112
1792	256	2559	1418	346	2114
2048	256	2559	1591	354	2118
2303	256	2559	1770	363	2123
2559	256	2559	1948	372	2127
2815	256	2559	2136	382	2132
3071	256	2559	2326	392	2137
3327	256	2559	2496	400	2139
3583	256	2559	2674	407	2140
3839	256	2559	2852	415	2140
4095	256	2559	3028	424	2142
0	512	2559	215	525	2116
256	512	2559	403	533	2119
512	512	2559	585	543	2121
768	512	2559	764	552	2124
1024	512	2559	941	562	2132
1280	512	2559	1122	571	2133
1536	512	2559	1305	578	2133
1792	512	2559	1477	586	2136
2048	512	2559	1653	596	2140
2303	512	2559	1832	605	2144
2559	512	2559	2011	614	2148
2815	512	2559	2207	623	2152
3071	512	2559	2387	632	2157
3327	512	2559	2560	641	2159
3583	512	2559	2739	649	2160
3839	512	2559	2915	656	2160
4095	512	2559	3092	664	2161
0	768	2559	281	771	2133
256	768	2559	468	780	2136
512	768	2559	650	789	2145
768	768	2559	828	798	2150
1024	768	2559	1004	809	2155
1280	768	2559	1190	816	2156
1536	768	2559	1370	824	2158
1792	768	2559	1542	832	2160
2048	768	2559	1720	840	2163
2303	768	2559	1898	849	2167
2559	768	2559	2083	857	2170
2815	768	2559	2276	865	2174
3071	768	2559	2449	875	2180
3327	768	2559	2625	882	2181
3583	768	2559	2804	889	2178
3839	768	2559	2979	895	2182
4095	768	2559	3158	905	2183
0	1024	2559	347	1016	2159
256	1024	2559	534	1025	2161
512	1024	2559	713	1033	2164
768	1024	2559	891	1041	2173
1024	1024	2559	1070	1050	2177
1280	1024	2559	1259	1059	2179
1536	1024	2559	1433	1067	2180
1792	1024	2559	1605	1074	2182
2048	1024	2559	1783	1082	2187
2303	1024	2559	1964	1091	2191
2559	1024	2559	2153	1100	2194
2815	1024	2559	2340	1109	2197
3071	1024	2559	2511	1117	2201
3327	1024	2559	2691	1124	2201
3583	1024	2559	2868	1130	2202
3839	1024	2559	3046	1138	2202
4095	1024	2559	3227	1147	2206
0	1280	2559	413	1264	2183
256	1280	2559	596	1273	2185
512	1280	2559	777	1279	2187
768	1280	2559	954	1290	2193
1024	1280	2559	1136	1298	2196
1280	1280	2559	1321	1305	2199
1536	1280	2559	1493	1312	2202
1792	1280	2559	1671	1320	2204
2048	1280	2559	1848	1328	2207
2303	1280	2559	2028	1336	2211
2559	1280	2559	2222	1344	2214
2815	1280	2559	2400	1353	2218
3071	1280	2559	2576	1360	2221
3327	1280	2559	2760	1368	2224
3583	1280	2559	2937	1375	2224
3839	1280	2559	3115	1382	2225
4095	1280	2559	3298	1391	2228
0	1536	2559	479	1505	2204
256	1536	2559	662	1513	2207
512	1536	2559	840	1521	2209
768	1536	2559	1015	1529	2213
1024	1536	2559	1205	1537	2219
1280	1536	2559	1384	1545	2218
1536	1536	2559	1557	1551	2219
1792	1536	2559	1733	1556	2223
2048	1536	2559	1913	1566	2229
2303	1536	2559	2100	1576	2233
2559	1536	2559	2295	1584	2238
2815	1536	2559	2468	1592	2242
3071	1536	2559	2646	1600	2244
3327	1536	2559	2828	1607	2246
3583	1536	2559	3009	1616	2251
3839	1536	2559	3189	1624	2254
4095	1536	2559	3369	1629	2250
0	1792	2559	544	1745	2226
256	1792	2559	727	1755	2230
512	1792	2559	904	1764	2233
768	1792	2559	1084	1771	2235
1024	1792	2559	1274	1778	2238
1280	1792	2559	1446	1783	2241
1536	1792	2559	1621	1789	2242
1792	1792	2559	1799	1797	2241
2048	1792	2559	1979	1805	2250
2303	1792	2559	2172	1816	2259
2559	1792	2559	2363	1827	2263
2815	1792	2559	2534	1835	2267
3071	1792	2559	2714	1839	2264
3327	1792	2559	2896	1847	2271
3583	1792	2559	3078	1856	2270
3839	1792	2559	3255	1860	2274
4095	1792	2559	3435	1867	2272
0	2048	2559	609	1986	2250
256	2048	2559	791	1996	2255
512	2048	2559	968	2005	2258
768	2048	2559	1153	2009	2260
1024	2048	2559	1335	2014	2261
1280	2048	2559	1508	2020	2265
1536	2048	2559	1687	2028	2263
1792	2048	2559	1867	2036	2265
2048	2048	2559	2050	2045	2269
2303	2048	2559	2248	2056	2273
2559	2048	2559	2427	2065	2286
2815	2048	2559	2602	2072	2284
3071	2048	2559	2785	2078	2289
3327	2048	2559	2963	2084	2290
3583	2048	2559	3141	2092	2290
3839	2048	2559	3323	2099	2304
4095	2048	2559	3509	2110	2306
0	2303	2559	674	2237	2274
256	2303	2559	852	2245	2278
512	2303	2559	1029	2254	2279
768	2303	2559	1219	2260	2283
1024	2303	2559	1398	2268	2280
1280	2303	2559	1574	2276	2282
1536	2303	2559	1753	2283	2286
1792	2303	2559	1933	2291	2290
2048	2303	2559	2121	2299	2295
2303	2303	2559	2313	2307	2302
2559	2303	2559	2486	2316	2305
2815	2303	2559	2669	2328	2310
3071	2303	2559	2856	2337	2314
3327	2303	2559	3029	2339	2313
3583	2303	2559	3212	2347	2317
3839	2303	2559	3395	2355	2319
4095	2303	2559	3576	2362	2318
0	2559	2559	739	2485	2296
256	2559	2559	918	2494	2299
512	2559	2559	1100	2502	2299
768	2559	2559	1288	2506	2303
1024	2559	2559	1463	2514	2306
1280	2559	2559	1640	2520	2310
1536	2559	2559	1819	2527	2311
1792	2559	2559	2002	2535	2315
2048	2559	2559	2194	2543	2317
2303	2559	2559	2378	2550	2319
2559	2559	2559	2549	2556	2322
2815	2559	2559	2739	2568	2328
3071	2559	2559	2919	2574	2331
3327	2559	2559	3094	2579	2333
3583	2559	2559	3279	2588	2335
3839	2559	2559	3460	2593	2338
4095	2559	2559	3639	2600	2342
0	2815	2559	804	2726	2315
256	2815	2559	983	2736	2322
512	2815	2559	1169	2743	2325
768	2815	2559	1352	2748	2325
1024	2815	2559	1525	2750	2323
1280	2815	2559	1703	2756	2325
1536	2815	2559	1882	2764	2328
1792	2815	2559	2068	2772	2333
2048	2815	2559	2267	2785	2340
2303	2815	2559	2445	2792	2344
2559	2815	2559	2620	2798	2345
2815	2815	2559	2803	2802	2345
3071	2815	2559	2981	2809	2348
3327	2815	2559	3160	2816	2350
3583	2815	2559	3343	2822	2352
3839	2815	2559	3529	2832	2357
4095	2815	2559	3706	2838	2360
0	3071	2559	866	2968	2338
256	3071	2559	1045	2975	2339
512	3071	2559	1236	2981	2342
768	3071	2559	1415	2986	2343
1024	3071	2559	1589	2991	2345
1280	3071	2559	1768	2998	2348
1536	3071	2559	1951	3007	2351
1792	3071	2559	2140	3017	2356
2048	3071	2559	2336	3028	2362
2303	3071	2559	2509	3036	2365
2559	3071	2559	2690	3043	2368
2815	3071	2559	2873	3049	2369
3071	3071	2559	3049	3053	2370
3327	3071	2559	3233	3061	2372
3583	3071	2559	3412	3066	2373
3839	3071	2559	3590	3070	2374
4095	3071	2559	3769	3079	2384
0	3327	2559	931	3211	2360
256	3327	2559	1112	3218	2363
512	3327	2559	1303	3225	2364
768	3327	2559	1477	3229	2364
1024	3327	2559	1653	3235	2365
1280	3327	2559	1835	3243	2369
1536	3327	2559	2017	3250	2371
1792	3327	2559	2212	3260	2376
2048	3327	2559	2398	3270	2382
2303	3327	2559	2571	3279	2385
2559	3327	2559	2755	3282	2386
2815	3327	2559	2933	3286	2387
3071	3327	2559	3113	3293	2389
3327	3327	2559	3297	3301	2392
3583	3327	2559	3481	3308	2395
3839	3327	2559	3661	3316	2396
4095	3327	2559	3839	3323	2401
0	3583	2559	995	3458	2386
256	3583	2559	1183	3463	2386
512	3583	2559	1366	3466	2385
768	3583	2559	1539	3468	2387
1024	3583	2559	1721	3478	2391
1280	3583	2559	1903	3487	2395
1536	3583	2559	2087	3493	2397
1792	3583	2559	2283	3499	2397
2048	3583	2559	2461	3508	2402
2303	3583	2559	2639	3516	2406
2559	3583	2559	2825	3523	2409
2815	3583	2559	3002	3526	2409
3071	3583	2559	3183	3532	2411
3327	3583	2559	3367	3540	2414
3583	3583	2559	3551	3547	2417
3839	3583	2559	3728	3551	2419
4095	3583	2559	3900	3557	2422
0	3839	2559	1061	3698	2405
256	3839	2559	1252	3700	2408
512	3839	2559	1430	3704	2408
768	3839	2559	1606	3709	2410
1024	3839	2559	1790	3722	2414
1280	3839	2559	1973	3730	2418
1536	3839	2559	2161	3737	2421
1792	3839	2559	2353	3742	2423
2048	3839	2559	2526	3749	2425
2303	3839	2559	2710	3757	2429
2559	3839	2559	2892	3763	2432
2815	3839	2559	3070	3766	2435
3071	3839	2559	3253	3772	2436
3327	3839	2559	3435	3778	2438
3583	3839	2559	3619	3784	2440
3839	3839	2559	3795	3790	2443
4095	3839	2559	3969	3799	2446
0	4095	2559	1128	3934	2427
256	4095	2559	1319	3938	2426
512	4095	2559	1494	3942	2430
768	4095	2559	1674	3948	2434
1024	4095	2559	1855	3957	2438
1280	4095	2559	2040	3968	2442
1536	4095	2559	2237	3976	2446
1792	4095	2559	2421	3984	2450
2048	4095	2559	2596	3991	2453
2303	4095	2559	2780	3994	2454
2559	4095	2559	2960	3997	2455
2815	4095	2559	3139	4001	2456
3071	4095	2559	3322	4006	2459
3327	4095	2559	3508	4013	2461
3583	4095	2559	3688	4020	2464
3839	4095	2559	3866	4028	2467
4095	4095	2559	4036	4032	2469
0	0	2815	94	39	2293
256	0	2815	282	47	2294
512	0	2815	469	57	2296
768	0	2815	650	67	2299
1024	0	2815	827	76	2302
1280	0	2815	1000	86	2307
1536	0	2815	1186	94	2310
1792	0	2815	1366	104	2312
2048	0	2815	1538	113	2313
2303	0	2815	1715	122	2316
2559	0	2815	1893	132	2320
2815	0	2815	2077	141	2323
3071	0	2815	2270	150	2327
3327	0	2815	2441	160	2330
3583	0	2815	2618	169	2332
3839	0	2815	2799	178	2333
4095	0	2815	2971	185	2333
0	256	2815	160	286	2309
256	256	2815	347	296	2312
512	256	2815	533	306	2317
768	256	2815	712	315	2318
1024	256	2815	888	323	2322
1280	256	2815	1066	333	2325
1536	256	2815	1255	341	2324
1792	256	2815	1427	350	2328
2048	256	2815	1600	359	2331
2303	256	2815	1778	366	2334
2559	256	2815	1957	375	2338
2815	256	2815	2146	386	2343
3071	256	2815	2334	395	2348
3327	256	2815	2505	404	2352
3583	256	2815	2683	412	2351
3839	256	2815	2860	419	2351
4095	256	2815	3036	427	2352
0	512	2815	225	529	2331
256	512	2815	411	539	2335
512	512	2815	594	548	2338
768	512	2815	774	556	2341
1024	512	2815	949	566	2343
1280	512	2815	1130	574	2344
1536	512	2815	1314	582	2347
1792	512	2815	1487	592	2350
2048	512	2815	1663	599	2353
2303	512	2815	1840	608	2356
2559	512	2815	2021	617	2360
2815	512	2815	2216	627	2363
3071	512	2815	2395	636	2368
3327	512	2815	2569	645	2371
3583	512	2815	2749	652	2372
3839	512	2815	2924	660	2371
4095	512	2815	3100	668	2371
0	768	2815	289	775	2347
256	768	2815	477	784	2360
512	768	2815	659	793	2363
768	768	2815	836	802	2365
1024	768	2815	1010	811	2367
1280	768	2815	1199	820	2368
1536	768	2815	1377	828	2370
1792	768	2815	1550	835	2372
2048	768	2815	1728	843	2374
2303	768	2815	1906	852	2377
2559	768	2815	2091	861	2381
2815	768	2815	2285	870	2385
3071	768	2815	2458	878	2389
3327	768	2815	2634	885	2390
3583	768	2815	2814	893	2389
3839	768	2815	2990	901	2393
4095	768	2815	3168	909	2393
0	1024	2815	356	1021	2374
256	1024	2815	542	1030	2376
512	1024	2815	724	1038	2379
768	1024	2815	900	1046	2385
1024	1024	2815	1079	1055	2388
1280	1024	2815	1268	1062	2389
1536	1024	2815	1440	1070	2390
1792	1024	2815	1614	1078	2392
2048	1024	2815	1791	1085	2395
2303	1024	2815	1971	1094	2398
2559	1024	2815	2161	1103	2402
2815	1024	2815	2348	1112	2405
3071	1024	2815	2518	1120	2408
3327	1024	2815	2699	1127	2410
3583	1024	2815	2878	1135	2411
3839	1024	2815	3055	1142	2411
4095	1024	2815	3236	1150	2415
0	1280	2815	421	1267	2395
256	1280	2815	605	1276	2397
512	1280	2815	784	1283	2399
768	1280	2815	960	1293	2403
1024	1280	2815	1144	1300	2405
1280	1280	2815	1328	1307	2408
1536	1280	2815	1501	1315	2410
1792	1280	2815	1678	1323	2412
2048	1280	2815	1856	1332	2415
2303	1280	2815	2036	1339	2418
2559	1280	2815	2230	1347	2422
2815	1280	2815	2408	1355	2426
3071	1280	2815	2583	1363	2428
3327	1280	2815	2768	1371	2432
3583	1280	2815	2942	1376	2432
3839	1280	2815	3120	1384	2433
4095	1280	2815	3302	1391	2435
0	1536	2815	488	1510	2415
256	1536	2815	670	1517	2417
512	1536	2815	847	1524	2419
768	1536	2815	1023	1531	2423
1024	1536	2815	1213	1540	2426
1280	1536	2815	1391	1547	2426
1536	1536	2815	1563	1553	2428
1792	1536	2815	1740	1559	2432
2048	1536	2815	1921	1567	2436
2303	1536	2815	2106	1577	2441
2559	1536	2815	2302	1586	2445
2815	1536	2815	2474	1595	2450
3071	1536	2815	2652	1601	2450
3327	1536	2815	2833	1608	2451
3583	1536	2815	3012	1616	2456
3839	1536	2815	3190	1623	2456
4095	1536	2815	3370	1630	2457
0	1792	2815	552	1749	2437
256	1792	2815	733	1756	2440
512	1792	2815	911	1765	2443
768	1792	2815	1091	1773	2446
1024	1792	2815	1280	1780	2448
1280	1792	2815	1452	1785	2450
1536	1792	2815	1626	1791	2447
1792	1792	2815	1804	1798	2449
2048	1792	2815	1986	1807	2458
2303	1792	2815	2178	1816	2461
2559	1792	2815	2364	1825	2468
2815	1792	2815	2538	1835	2472
3071	1792	2815	2720	1840	2472
3327	1792	2815	2901	1848	2476
3583	1792	2815	3081	1857	2475
3839	1792	2815	3260	1862	2480
4095	1792	2815	3442	1869	2482
0	2048	2815	616	1987	2458
256	2048	2815	796	1995	2461
512	2048	2815	974	2005	2465
768	2048	2815	1159	2011	2468
1024	2048	2815	1342	2015	2467
1280	2048	2815	1514	2021	2470
1536	2048	2815	1693	2029	2471
1792	2048	2815	1873	2037	2471
2048	2048	2815	2055	2045	2474
2303	2048	2815	2250	2052	2483
2559	2048	2815	2428	2062	2489
2815	2048	2815	2606	2071	2491
3071	2048	2815	2790	2079	2496
3327	2048	2815	2964	2084	2493
3583	2048	2815	3144	2092	2497
3839	2048	2815	3328	2101	2501
4095	2048	2815	3512	2110	2504
0	2303	2815	680	2238	2481
256	2303	2815	858	2246	2484
512	2303	2815	1036	2254	2487
768	2303	2815	1225	2259	2490
1024	2303	2815	1403	2267	2489
1280	2303	2815	1578	2274	2490
1536	2303	2815	1754	2279	2492
1792	2303	2815	1937	2289	2495
2048	2303	2815	2124	2297	2498
2303	2303	2815	2316	2305	2500
2559	2303	2815	2487	2313	2503
2815	2303	2815	2672	2324	2516
3071	2303	2815	2858	2335	2515
3327	2303	2815	3032	2338	2518
3583	2303	2815	3215	2346	2521
3839	2303	2815	3396	2353	2520
4095	2303	2815	3575	2358	2522
0	2559	2815	745	2485	2502
256	2559	2815	923	2492	2504
512	2559	2815	1105	2499	2505
768	2559	2815	1294	2506	2507
1024	2559	2815	1469	2514	2511
1280	2559	2815	1646	2522	2512
1536	2559	2815	1827	2531	2512
1792	2559	2815	2009	2538	2514
2048	2559	2815	2199	2543	2520
2303	2559	2815	2381	2549	2521
2559	2559	2815	2555	2558	2524
2815	2559	2815	2747	2572	2527
3071	2559	2815	2925	2577	2538
3327	2559	2815	3101	2580	2535
3583	2559	2815	3283	2588	2539
3839	2559	2815	3464	2594	2538
4095	2559	2815	3642	2600	2540
0	2815	2815	811	2724	2519
256	2815	2815	988	2734	2523
512	2815	2815	1174	2739	2525
768	2815	2815	1357	2744	2527
1024	2815	2815	1531	2751	2530
1280	2815	2815	1711	2758	2534
1536	2815	2815	1891	2766	2539
1792	2815	2815	2075	2774	2538
2048	2815	2815	2277	2788	2543
2303	2815	2815	2454	2797	2542
2559	2815	2815	2631	2803	2547
2815	2815	2815	2813	2807	2555
3071	2815	2815	2993	2815	2559
3327	2815	2815	3171	2821	2560
3583	2815	2815	3350	2825	2563
3839	2815	2815	3535	2833	2563
4095	2815	2815	3713	2839	2566
0	3071	2815	873	2966	2541
256	3071	2815	1052	2974	2543
512	3071	2815	1242	2980	2547
768	3071	2815	1420	2985	2545
1024	3071	2815	1593	2990	2547
1280	3071	2815	1772	2995	2550
1536	3071	2815	1958	3009	2554
1792	3071	2815	2150	3022	2559
2048	3071	2815	2345	3032	2570
2303	3071	2815	2516	3039	2573
2559	3071	2815	2696	3043	2574
2815	3071	2815	2876	3048	2574
3071	3071	2815	3056	3055	2577
3327	3071	2815	3237	3062	2579
3583	3071	2815	3416	3066	2580
3839	3071	2815	3595	3070	2580
4095	3071	2815	3772	3078	2592
0	3327	2815	936	3210	2560
256	3327	2815	1119	3217	2562
512	3327	2815	1308	3222	2564
768	3327	2815	1481	3226	2568
1024	3327	2815	1658	3232	2570
1280	3327	2815	1838	3240	2574
1536	3327	2815	2023	3251	2576
1792	3327	2815	2220	3261	2584
2048	3327	2815	2405	3273	2591
2303	3327	2815	2581	3282	2596
2559	3327	2815	2762	3285	2595
2815	3327	2815	2941	3291	2597
3071	3327	2815	3122	3297	2599
3327	3327	2815	3302	3301	2599
3583	3327	2815	3486	3308	2602
3839	3327	2815	3666	3316	2605
4095	3327	2815	3844	3325	2609
0	3583	2815	1001	3456	2593
256	3583	2815	1189	3458	2593
512	3583	2815	1371	3462	2592
768	3583	2815	1544	3467	2595
1024	3583	2815	1728	3479	2602
1280	3583	2815	1908	3486	2605
1536	3583	2815	2094	3492	2606
1792	3583	2815	2290	3499	2606
2048	3583	2815	2469	3510	2613
2303	3583	2815	2647	3519	2617
2559	3583	2815	2831	3524	2618
2815	3583	2815	3008	3526	2618
3071	3583	2815	3189	3533	2621
3327	3583	2815	3372	3540	2623
3583	3583	2815	3553	3543	2624
3839	3583	2815	3731	3550	2627
4095	3583	2815	3906	3558	2631
0	3839	2815	1068	3696	2616
256	3839	2815	1259	3700	2619
512	3839	2815	1436	3703	2616
768	3839	2815	1613	3709	2616
1024	3839	2815	1796	3721	2622
1280	3839	2815	1977	3727	2625
1536	3839	2815	2167	3734	2629
1792	3839	2815	2359	3743	2635
2048	3839	2815	2535	3753	2638
2303	3839	2815	2715	3756	2638
2559	3839	2815	2897	3760	2639
2815	3839	2815	3075	3766	2642
3071	3839	2815	3258	3772	2643
3327	3839	2815	3441	3777	2645
3583	3839	2815	3622	3784	2647
3839	3839	2815	3800	3791	2651
4095	3839	2815	3975	3800	2654
0	4095	2815	1137	3935	2637
256	4095	2815	1327	3941	2636
512	4095	2815	1500	3940	2639
768	4095	2815	1680	3947	2643
1024	4095	2815	1862	3957	2648
1280	4095	2815	2046	3964	2651
1536	4095	2815	2242	3974	2654
1792	4095	2815	2427	3984	2659
2048	4095	2815	2604	3992	2664
2303	4095	2815	2786	3993	2665
2559	4095	2815	2966	3997	2664
2815	4095	2815	3146	4002	2665
3071	4095	2815	3330	4008	2668
3327	4095	2815	3514	4014	2670
3583	4095	2815	3694	4021	2673
3839	4095	2815	3872	4029	2676
4095	4095	2815	4042	4033	2678
0	0	3071	102	42	2491
256	0	3071	291	52	2494
512	0	3071	477	61	2497
768	0	3071	659	70	2503
1024	0	3071	835	80	2506
1280	0	3071	1008	89	2510
1536	0	3071	1196	98	2511
1792	0	3071	1372	108	2507
2048	0	3071	1542	116	2507
2303	0	3071	1717	125	2511
2559	0	3071	1897	135	2521
2815	0	3071	2082	145	2527
3071	0	3071	2276	154	2530
3327	0	3071	2447	162	2533
3583	0	3071	2621	171	2534
3839	0	3071	2800	180	2533
4095	0	3071	2977	189	2536
0	256	3071	169	290	2518
256	256	3071	355	300	2520
512	256	3071	541	309	2522
768	256	3071	721	318	2526
1024	256	3071	897	328	2529
1280	256	3071	1076	337	2537
1536	256	3071	1261	344	2532
1792	256	3071	1434	353	2535
2048	256	3071	1607	361	2537
2303	256	3071	1781	370	2539
2559	256	3071	1962	379	2542
2815	256	3071	2151	388	2544
3071	256	3071	2338	397	2549
3327	256	3071	2511	406	2558
3583	256	3071	2690	414	2557
3839	256	3071	2866	422	2555
4095	256	3071	3040	429	2554
0	512	3071	232	532	2529
256	512	3071	419	542	2535
512	512	3071	602	551	2539
768	512	3071	781	560	2546
1024	512	3071	958	571	2549
1280	512	3071	1140	578	2551
1536	512	3071	1321	586	2553
1792	512	3071	1494	594	2556
2048	512	3071	1670	603	2558
2303	512	3071	1847	612	2561
2559	512	3071	2026	619	2564
2815	512	3071	2220	629	2567
3071	512	3071	2399	638	2571
3327	512	3071	2574	648	2574
3583	512	3071	2757	656	2578
3839	512	3071	2930	662	2576
4095	512	3071	3106	670	2576
0	768	3071	297	777	2551
256	768	3071	484	786	2565
512	768	3071	665	796	2568
768	768	3071	842	804	2571
1024	768	3071	1018	813	2572
1280	768	3071	1206	822	2576
1536	768	3071	1382	830	2576
1792	768	3071	1555	837	2575
2048	768	3071	1733	845	2578
2303	768	3071	1911	854	2580
2559	768	3071	2097	863	2584
2815	768	3071	2292	872	2591
3071	768	3071	2461	880	2594
3327	768	3071	2639	887	2596
3583	768	3071	2822	895	2597
3839	768	3071	2998	905	2601
4095	768	3071	3177	913	2601
0	1024	3071	363	1023	2580
256	1024	3071	550	1031	2581
512	1024	3071	730	1039	2587
768	1024	3071	907	1048	2588
1024	1024	3071	1086	1056	2592
1280	1024	3071	1275	1065	2594
1536	1024	3071	1445	1072	2596
1792	1024	3071	1618	1078	2598
2048	1024	3071	1795	1087	2600
2303	1024	3071	1975	1095	2603
2559	1024	3071	2167	1105	2606
2815	1024	3071	2353	1115	2610
3071	1024	3071	2524	1122	2614
3327	1024	3071	2707	1130	2617
3583	1024	3071	2886	1138	2618
3839	1024	3071	3063	1146	2619
4095	1024	3071	3244	1155	2622
0	1280	3071	429	1269	2600
256	1280	3071	611	1277	2601
512	1280	3071	790	1284	2603
768	1280	3071	966	1293	2607
1024	1280	3071	1150	1302	2615
1280	1280	3071	1334	1309	2616
1536	1280	3071	1506	1317	2615
1792	1280	3071	1683	1324	2618
2048	1280	3071	1862	1333	2621
2303	1280	3071	2042	1341	2623
2559	1280	3071	2237	1348	2629
2815	1280	3071	2414	1357	2634
3071	1280	3071	2591	1366	2637
3327	1280	3071	2775	1373	2638
3583	1280	3071	2950	1380	2639
3839	1280	3071	3128	1387	2639
4095	1280	3071	3308	1393	2641
0	1536	3071	496	1512	2623
256	1536	3071	677	1519	2625
512	1536	3071	855	1527	2627
768	1536	3071	1030	1535	2629
1024	1536	3071	1220	1542	2632
1280	1536	3071	1396	1547	2632
1536	1536	3071	1568	1553	2637
1792	1536	3071	1747	1561	2639
2048	1536	3071	1926	1569	2642
2303	1536	3071	2114	1578	2649
2559	1536	3071	2310	1590	2654
2815	1536	3071	2482	1599	2659
3071	1536	3071	2660	1605	2659
3327	1536	3071	2840	1611	2660
3583	1536	3071	3019	1619	2664
3839	1536	3071	3195	1624	2662
4095	1536	3071	3376	1631	2664
0	1792	3071	559	1750	2643
256	1792	3071	740	1757	2645
512	1792	3071	917	1766	2650
768	1792	3071	1098	1775	2653
1024	1792	3071	1286	1779	2652
1280	1792	3071	1458	1786	2655
1536	1792	3071	1632	1793	2654
1792	1792	3071	1811	1800	2663
2048	1792	3071	1992	1809	2668
2303	1792	3071	2187	1819	2673
2559	1792	3071	2373	1830	2678
2815	1792	3071	2548	1840	2679
3071	1792	3071	2730	1845	2682
3327	1792	3071	2909	1852	2685
3583	1792	3071	3089	1859	2684
3839	1792	3071	3266	1864	2689
4095	1792	3071	3450	1872	2691
0	2048	3071	622	1988	2665
256	2048	3071	803	1994	2667
512	2048	3071	980	2006	2673
768	2048	3071	1167	2012	2676
1024	2048	3071	1348	2017	2674
1280	2048	3071	1521	2024	2677
1536	2048	3071	1700	2031	2679
1792	2048	3071	1880	2040	2681
2048	2048	3071	2065	2049	2685
2303	2048	3071	2259	2057	2697
2559	2048	3071	2438	2067	2701
2815	2048	3071	2614	2075	2703
3071	2048	3071	2799	2083	2708
3327	2048	3071	2976	2090	2708
3583	2048	3071	3155	2098	2709
3839	2048	3071	3337	2106	2712
4095	2048	3071	3521	2114	2715
0	2303	3071	687	2239	2690
256	2303	3071	865	2247	2692
512	2303	3071	1043	2255	2695
768	2303	3071	1233	2262	2698
1024	2303	3071	1411	2270	2698
1280	2303	3071	1584	2276	2700
1536	2303	3071	1762	2281	2702
1792	2303	3071	1944	2291	2706
2048	2303	3071	2134	2303	2711
2303	2303	3071	2328	2314	2715
2559	2303	3071	2500	2321	2719
2815	2303	3071	2683	2331	2727
3071	2303	3071	2866	2339	2726
3327	2303	3071	3040	2342	2728
3583	2303	3071	3223	2350	2731
3839	2303	3071	3404	2356	2731
4095	2303	3071	3584	2362	2734
0	2559	3071	754	2487	2712
256	2559	3071	930	2494	2714
512	2559	3071	1112	2501	2715
768	2559	3071	1302	2508	2717
1024	2559	3071	1477	2517	2721
1280	2559	3071	1654	2524	2723
1536	2559	3071	1833	2531	2722
1792	2559	3071	2015	2540	2726
2048	2559	3071	2210	2548	2732
2303	2559	3071	2393	2556	2738
2559	2559	3071	2567	2565	2742
2815	2559	3071	2755	2575	2745
3071	2559	3071	2932	2580	2744
3327	2559	3071	3108	2583	2747
3583	2559	3071	3292	2592	2750
3839	2559	3071	3475	2599	2752
4095	2559	3071	3652	2604	2753
0	2815	3071	818	2728	2730
256	2815	3071	995	2737	2735
512	2815	3071	1183	2742	2736
768	2815	3071	1365	2748	2738
1024	2815	3071	1538	2754	2740
1280	2815	3071	1719	2762	2745
1536	2815	3071	1899	2770	2746
1792	2815	3071	2085	2777	2749
2048	2815	3071	2282	2788	2754
2303	2815	3071	2458	2796	2758
2559	2815	3071	2634	2803	2761
2815	2815	3071	2818	2809	2765
3071	2815	3071	2998	2815	2768
3327	2815	3071	3176	2820	2765
3583	2815	3071	3357	2826	2769
3839	2815	3071	3540	2834	2772
4095	2815	3071	3718	2841	2776
0	3071	3071	880	2969	2753
256	3071	3071	1060	2977	2755
512	3071	3071	1251	2984	2759
768	3071	3071	1428	2991	2758
1024	3071	3071	1604	2996	2759
1280	3071	3071	1780	2998	2760
1536	3071	3071	1964	3010	2766
1792	3071	3071	2156	3021	2770
2048	3071	3071	2349	3032	2776
2303	3071	3071	2522	3040	2780
2559	3071	3071	2704	3047	2782
2815	3071	3071	2886	3053	2783
3071	3071	3071	3062	3057	2785
3327	3071	3071	3246	3065	2788
3583	3071	3071	3426	3070	2786
3839	3071	3071	3603	3074	2790
4095	3071	3071	3780	3080	2793
0	3327	3071	944	3214	2772
256	3327	3071	1129	3223	2776
512	3327	3071	1317	3228	2779
768	3327	3071	1492	3234	2782
1024	3327	3071	1669	3239	2782
1280	3327	3071	1849	3247	2781
1536	3327	3071	2033	3257	2784
1792	3327	3071	2231	3269	2792
2048	3327	3071	2415	3280	2799
2303	3327	3071	2590	3287	2802
2559	3327	3071	2771	3289	2806
2815	3327	3071	2952	3294	2807
3071	3327	3071	3130	3301	2806
3327	3327	3071	3312	3306	2809
3583	3327	3071	3496	3312	2812
3839	3327	3071	3677	3322	2819
4095	3327	3071	3856	3332	2824
0	3583	3071	1010	3460	2798
256	3583	3071	1199	3466	2801
512	3583	3071	1380	3470	2798
768	3583	3071	1555	3474	2801
1024	3583	3071	1738	3485	2805
1280	3583	3071	1921	3493	2810
1536	3583	3071	2106	3500	2815
1792	3583	3071	2302	3508	2819
2048	3583	3071	2478	3515	2826
2303	3583	3071	2655	3522	2828
2559	3583	3071	2840	3527	2824
2815	3583	3071	3016	3531	2831
3071	3583	3071	3197	3537	2833
3327	3583	3071	3381	3542	2834
3583	3583	3071	3561	3546	2834
3839	3583	3071	3739	3553	2837
4095	3583	3071	3913	3561	2841
0	3839	3071	1075	3694	2820
256	3839	3071	1268	3705	2824
512	3839	3071	1447	3710	2827
768	3839	3071	1622	3717	2830
1024	3839	3071	1803	3724	2832
1280	3839	3071	1988	3733	2837
1536	3839	3071	2179	3740	2846
1792	3839	3071	2369	3747	2849
2048	3839	3071	2542	3755	2852
2303	3839	3071	2725	3760	2851
2559	3839	3071	2905	3765	2852
2815	3839	3071	3083	3769	2854
3071	3839	3071	3269	3777	2858
3327	3839	3071	3449	3782	2858
3583	3839	3071	3628	3786	2857
3839	3839	3071	3808	3795	2861
4095	3839	3071	3982	3802	2864
0	4095	3071	1144	3933	2844
256	4095	3071	1334	3940	2844
512	4095	3071	1509	3947	2854
768	4095	3071	1688	3953	2858
1024	4095	3071	1870	3960	2860
1280	4095	3071	2055	3969	2862
1536	4095	3071	2250	3976	2865
1792	4095	3071	2435	3985	2871
2048	4095	3071	2611	3994	2877
2303	4095	3071	2794	3996	2876
2559	4095	3071	2975	4000	2877
2815	4095	3071	3155	4005	2878
3071	4095	3071	3338	4011	2879
3327	4095	3071	3521	4016	2882
3583	4095	3071	3701	4023	2882
3839	4095	3071	3877	4029	2885
4095	4095	3071	4052	4039	2890
0	0	3327	111	45	2702
256	0	3327	299	55	2705
512	0	3327	486	65	2709
768	0	3327	666	74	2712
1024	0	3327	842	83	2713
1280	0	3327	1016	92	2715
1536	0	3327	1203	102	2718
1792	0	3327	1379	111	2720
2048	0	3327	1551	120	2718
2303	0	3327	1725	129	2722
2559	0	3327	1904	138	2725
2815	0	3327	2090	148	2731
3071	0	3327	2283	157	2733
3327	0	3327	2452	166	2737
3583	0	3327	2628	174	2736
3839	0	3327	2809	184	2734
4095	0	3327	2983	192	2738
0	256	3327	177	293	2721
256	256	3327	363	303	2726
512	256	3327	549	313	2728
768	256	3327	728	321	2732
1024	256	3327	904	330	2734
1280	256	3327	1082	340	2737
1536	256	3327	1269	348	2740
1792	256	3327	1441	357	2741
2048	256	3327	1613	364	2740
2303	256	3327	1789	372	2744
2559	256	3327	1969	382	2747
2815	256	3327	2158	391	2752
3071	256	3327	2343	400	2753
3327	256	3327	2515	409	2758
3583	256	3327	2696	417	2760
3839	256	3327	2873	425	2760
4095	256	3327	3050	434	2759
0	512	3327	241	537	2743
256	512	3327	428	545	2745
512	512	3327	610	555	2747
768	512	3327	789	564	2754
1024	512	3327	965	573	2758
1280	512	3327	1147	582	2756
1536	512	3327	1328	588	2755
1792	512	3327	1500	597	2759
2048	512	3327	1676	605	2761
2303	512	3327	1853	614	2763
2559	512	3327	2034	623	2764
2815	512	3327	2227	631	2768
3071	512	3327	2403	641	2777
3327	512	3327	2581	650	2782
3583	512	3327	2764	659	2788
3839	512	3327	2939	667	2787
4095	512	3327	3119	675	2788
0	768	3327	306	782	2763
256	768	3327	493	791	2768
512	768	3327	674	800	2771
768	768	3327	852	809	2776
1024	768	3327	1027	819	2773
1280	768	3327	1214	825	2777
1536	768	3327	1390	832	2779
1792	768	3327	1563	840	2781
2048	768	3327	1741	849	2786
2303	768	3327	1918	857	2789
2559	768	3327	2106	865	2794
2815	768	3327	2297	874	2801
3071	768	3327	2468	883	2805
3327	768	3327	2648	892	2804
3583	768	3327	2830	900	2803
3839	768	3327	3006	907	2807
4095	768	3327	3186	916	2810
0	1024	3327	372	1026	2782
256	1024	3327	558	1035	2785
512	1024	3327	739	1044	2796
768	1024	3327	914	1051	2798
1024	1024	3327	1093	1059	2801
1280	1024	3327	1283	1068	2802
1536	1024	3327	1452	1074	2805
1792	1024	3327	1625	1082	2807
2048	1024	3327	1803	1089	2809
2303	1024	3327	1984	1098	2812
2559	1024	3327	2177	1108	2815
2815	1024	3327	2361	1118	2819
3071	1024	3327	2534	1127	2823
3327	1024	3327	2716	1135	2828
3583	1024	3327	2894	1141	2828
3839	1024	3327	3072	1149	2828
4095	1024	3327	3253	1159	2830
0	1280	3327	437	1273	2809
256	1280	3327	619	1281	2811
512	1280	3327	798	1288	2813
768	1280	3327	973	1296	2815
1024	1280	3327	1160	1305	2824
1280	1280	3327	1341	1313	2824
1536	1280	3327	1513	1320	2822
1792	1280	3327	1691	1327	2826
2048	1280	3327	1869	1335	2829
2303	1280	3327	2051	1343	2832
2559	1280	3327	2246	1353	2841
2815	1280	3327	2423	1362	2846
3071	1280	3327	2600	1369	2848
3327	1280	3327	2785	1378	2848
3583	1280	3327	2961	1384	2848
3839	1280	3327	3138	1391	2849
4095	1280	3327	3319	1398	2849
0	1536	3327	504	1515	2834
256	1536	3327	685	1522	2836
512	1536	3327	862	1529	2837
768	1536	3327	1038	1537	2838
1024	1536	3327	1228	1544	2840
1280	1536	3327	1402	1549	2845
1536	1536	3327	1576	1556	2847
1792	1536	3327	1755	1564	2847
2048	1536	3327	1934	1573	2851
2303	1536	3327	2124	1583	2859
2559	1536	3327	2320	1595	2867
2815	1536	3327	2492	1603	2871
3071	1536	3327	2670	1609	2870
3327	1536	3327	2851	1616	2870
3583	1536	3327	3028	1623	2873
3839	1536	3327	3206	1629	2871
4095	1536	3327	3387	1635	2872
0	1792	3327	568	1754	2854
256	1792	3327	748	1761	2855
512	1792	3327	925	1770	2860
768	1792	3327	1106	1778	2862
1024	1792	3327	1293	1783	2860
1280	1792	3327	1466	1790	2863
1536	1792	3327	1641	1797	2862
1792	1792	3327	1819	1804	2874
2048	1792	3327	2002	1814	2878
2303	1792	3327	2199	1825	2884
2559	1792	3327	2385	1836	2888
2815	1792	3327	2557	1843	2888
3071	1792	3327	2739	1849	2891
3327	1792	3327	2918	1856	2894
3583	1792	3327	3097	1862	2894
3839	1792	3327	3276	1867	2894
4095	1792	3327	3458	1874	2896
0	2048	3327	631	1991	2875
256	2048	3327	811	1999	2876
512	2048	3327	989	2008	2882
768	2048	3327	1175	2015	2884
1024	2048	3327	1356	2021	2884
1280	2048	3327	1529	2027	2884
1536	2048	3327	1709	2036	2888
1792	2048	3327	1890	2045	2890
2048	2048	3327	2076	2053	2895
2303	2048	3327	2271	2063	2906
2559	2048	3327	2446	2071	2910
2815	2048	3327	2623	2080	2913
3071	2048	3327	2808	2088	2915
3327	2048	3327	2986	2095	2914
3583	2048	3327	3163	2101	2914
3839	2048	3327	3344	2108	2917
4095	2048	3327	3528	2117	2918
0	2303	3327	696	2243	2898
256	2303	3327	873	2250	2900
512	2303	3327	1052	2259	2903
768	2303	3327	1241	2266	2904
1024	2303	3327	1419	2274	2906
1280	2303	3327	1594	2281	2907
1536	2303	3327	1771	2286	2908
1792	2303	3327	1954	2297	2913
2048	2303	3327	2146	2308	2918
2303	2303	3327	2339	2319	2923
2559	2303	3327	2513	2330	2933
2815	2303	3327	2694	2336	2933
3071	2303	3327	2873	2341	2931
3327	2303	3327	3046	2344	2933
3583	2303	3327	3230	2352	2935
3839	2303	3327	3412	2360	2935
4095	2303	3327	3592	2366	2939
0	2559	3327	761	2489	2918
256	2559	3327	938	2498	2920
512	2559	3327	1121	2505	2921
768	2559	3327	1308	2511	2921
1024	2559	3327	1486	2522	2927
1280	2559	3327	1662	2528	2930
1536	2559	3327	1841	2534	2930
1792	2559	3327	2024	2543	2933
2048	2559	3327	2222	2555	2940
2303	2559	3327	2406	2565	2947
2559	2559	3327	2578	2571	2951
2815	2559	3327	2763	2577	2953
3071	2559	3327	2940	2583	2954
3327	2559	3327	3119	2589	2953
3583	2559	3327	3300	2595	2957
3839	2559	3327	3483	2601	2958
4095	2559	3327	3661	2608	2960
0	2815	3327	826	2732	2939
256	2815	3327	1004	2741	2944
512	2815	3327	1192	2748	2945
768	2815	3327	1373	2753	2945
1024	2815	3327	1548	2759	2947
1280	2815	3327	1727	2766	2951
1536	2815	3327	1909	2775	2953
1792	2815	3327	2096	2785	2958
2048	2815	3327	2292	2794	2961
2303	2815	3327	2467	2801	2967
2559	2815	3327	2645	2809	2970
2815	2815	3327	2831	2816	2969
3071	2815	3327	3006	2819	2971
3327	2815	3327	3187	2826	2976
3583	2815	3327	3369	2832	2975
3839	2815	3327	3548	2837	2978
4095	2815	3327	3727	2844	2980
0	3071	3327	889	2975	2962
256	3071	3327	1069	2983	2964
512	3071	3327	1259	2987	2965
768	3071	3327	1438	2995	2967
1024	3071	3327	1613	3003	2968
1280	3071	3327	1791	3008	2970
1536	3071	3327	1975	3017	2973
1792	3071	3327	2165	3025	2979
2048	3071	3327	2357	3035	2982
2303	3071	3327	2528	3042	2986
2559	3071	3327	2714	3051	2990
2815	3071	3327	2895	3057	2992
3071	3071	3327	3070	3060	2989
3327	3071	3327	3255	3068	2993
3583	3071	3327	3435	3074	2996
3839	3071	3327	3615	3080	2998
4095	3071	3327	3791	3087	3002
0	3327	3327	953	3219	2983
256	3327	3327	1137	3226	2984
512	3327	3327	1325	3232	2986
768	3327	3327	1500	3239	2986
1024	3327	3327	1678	3245	2990
1280	3327	3327	1859	3253	2991
1536	3327	3327	2043	3263	2996
1792	3327	3327	2239	3273	3000
2048	3327	3327	2422	3282	3004
2303	3327	3327	2595	3288	3006
2559	3327	3327	2778	3291	3008
2815	3327	3327	2957	3295	3011
3071	3327	3327	3138	3303	3010
3327	3327	3327	3323	3311	3013
3583	3327	3327	3504	3316	3016
3839	3327	3327	3681	3322	3016
4095	3327	3327	3856	3328	3019
0	3583	3327	1018	3464	3006
256	3583	3327	1207	3469	3009
512	3583	3327	1389	3474	3007
768	3583	3327	1563	3478	3007
1024	3583	3327	1744	3485	3011
1280	3583	3327	1927	3493	3015
1536	3583	3327	2113	3502	3021
1792	3583	3327	2310	3511	3025
2048	3583	3327	2486	3520	3030
2303	3583	3327	2664	3525	3030
2559	3583	3327	2846	3528	3027
2815	3583	3327	3025	3535	3030
3071	3583	3327	3208	3541	3033
3327	3583	3327	3389	3546	3035
3583	3583	3327	3572	3551	3038
3839	3583	3327	3750	3560	3039
4095	3583	3327	3924	3568	3040
0	3839	3327	1085	3703	3028
256	3839	3327	1276	3706	3030
512	3839	3327	1452	3710	3030
768	3839	3327	1629	3718	3032
1024	3839	3327	1811	3726	3034
1280	3839	3327	1993	3733	3038
1536	3839	3327	2186	3741	3040
1792	3839	3327	2375	3749	3045
2048	3839	3327	2549	3758	3049
2303	3839	3327	2733	3764	3053
2559	3839	3327	2913	3768	3052
2815	3839	3327	3092	3772	3053
3071	3839	3327	3276	3779	3056
3327	3839	3327	3459	3786	3055
3583	3839	3327	3640	3792	3058
3839	3839	3327	3814	3797	3062
4095	3839	3327	3990	3806	3067
0	4095	3327	1156	3943	3052
256	4095	3327	1342	3945	3051
512	4095	3327	1515	3949	3054
768	4095	3327	1697	3956	3056
1024	4095	3327	1879	3964	3059
1280	4095	3327	2063	3975	3062
1536	4095	3327	2260	3980	3065
1792	4095	3327	2442	3988	3069
2048	4095	3327	2619	3995	3072
2303	4095	3327	2802	3998	3075
2559	4095	3327	2982	4002	3075
2815	4095	3327	3162	4007	3074
3071	4095	3327	3348	4016	3077
3327	4095	3327	3530	4019	3086
3583	4095	3327	3707	4025	3087
3839	4095	3327	3883	4032	3091
4095	4095	3327	4059	4042	3095
0	0	3583	120	49	2906
256	0	3583	308	58	2908
512	0	3583	494	68	2912
768	0	3583	673	77	2913
1024	0	3583	850	87	2916
1280	0	3583	1025	96	2918
1536	0	3583	1211	105	2920
1792	0	3583	1387	114	2921
2048	0	3583	1559	123	2922
2303	0	3583	1734	133	2925
2559	0	3583	1912	143	2928
2815	0	3583	2099	151	2931
3071	0	3583	2290	161	2934
3327	0	3583	2459	170	2937
3583	0	3583	2638	179	2940
3839	0	3583	2820	188	2944
4095	0	3583	2993	196	2946
0	256	3583	185	296	2927
256	256	3583	371	307	2930
512	256	3583	556	316	2931
768	256	3583	736	325	2934
1024	256	3583	911	334	2938
1280	256	3583	1090	343	2938
1536	256	3583	1277	351	2938
1792	256	3583	1447	359	2940
2048	256	3583	1620	368	2941
2303	256	3583	1797	375	2945
2559	256	3583	1977	385	2948
2815	256	3583	2168	395	2953
3071	256	3583	2351	404	2955
3327	256	3583	2522	412	2958
3583	256	3583	2706	421	2961
3839	256	3583	2884	429	2962
4095	256	3583	3061	437	2961
0	512	3583	250	541	2950
256	512	3583	437	550	2952
512	512	3583	618	559	2955
768	512	3583	798	567	2956
1024	512	3583	972	576	2960
1280	512	3583	1156	584	2959
1536	512	3583	1336	593	2958
1792	512	3583	1507	601	2961
2048	512	3583	1684	608	2962
2303	512	3583	1860	617	2964
2559	512	3583	2042	626	2968
2815	512	3583	2239	636	2973
3071	512	3583	2415	646	2978
3327	512	3583	2591	654	2981
3583	512	3583	2776	663	2984
3839	512	3583	2954	671	2987
4095	512	3583	3129	679	2986
0	768	3583	314	786	2969
256	768	3583	501	794	2972
512	768	3583	683	803	2977
768	768	3583	859	813	2980
1024	768	3583	1035	822	2975
1280	768	3583	1222	828	2979
1536	768	3583	1397	835	2980
1792	768	3583	1572	844	2983
2048	768	3583	1749	852	2986
2303	768	3583	1928	861	2987
2559	768	3583	2115	870	2993
2815	768	3583	2309	880	2999
3071	768	3583	2481	888	3002
3327	768	3583	2661	897	3005
3583	768	3583	2843	906	3007
3839	768	3583	3018	913	3011
4095	768	3583	3195	920	3009
0	1024	3583	380	1029	2987
256	1024	3583	566	1038	2988
512	1024	3583	746	1046	2996
768	1024	3583	921	1054	2998
1024	1024	3583	1101	1063	2999
1280	1024	3583	1289	1070	2999
1536	1024	3583	1460	1078	3003
1792	1024	3583	1636	1087	3006
2048	1024	3583	1815	1096	3008
2303	1024	3583	1994	1104	3011
2559	1024	3583	2187	1113	3017
2815	1024	3583	2371	1122	3022
3071	1024	3583	2544	1131	3026
3327	1024	3583	2728	1139	3030
3583	1024	3583	2906	1147	3028
3839	1024	3583	3083	1154	3033
4095	1024	3583	3263	1162	3032
0	1280	3583	444	1274	3010
256	1280	3583	626	1282	3012
512	1280	3583	805	1291	3013
768	1280	3583	983	1301	3020
1024	1280	3583	1167	1307	3014
1280	1280	3583	1346	1313	3015
1536	1280	3583	1520	1322	3024
1792	1280	3583	1701	1332	3028
2048	1280	3583	1879	1341	3030
2303	1280	3583	2062	1348	3032
2559	1280	3583	2257	1357	3044
2815	1280	3583	2433	1365	3047
3071	1280	3583	2609	1374	3050
3327	1280	3583	2794	1382	3052
3583	1280	3583	2970	1388	3050
3839	1280	3583	3147	1394	3051
4095	1280	3583	3328	1402	3054
0	1536	3583	512	1518	3027
256	1536	3583	692	1525	3027
512	1536	3583	868	1531	3029
768	1536	3583	1046	1538	3037
1024	1536	3583	1235	1546	3041
1280	1536	3583	1413	1554	3041
1536	1536	3583	1587	1562	3053
1792	1536	3583	1764	1569	3048
2048	1536	3583	1947	1579	3056
2303	1536	3583	2135	1588	3063
2559	1536	3583	2326	1597	3068
2815	1536	3583	2497	1606	3072
3071	1536	3583	2678	1612	3072
3327	1536	3583	2858	1619	3072
3583	1536	3583	3034	1625	3075
3839	1536	3583	3216	1633	3077
4095	1536	3583	3397	1641	3078
0	1792	3583	576	1758	3052
256	1792	3583	755	1764	3058
512	1792	3583	932	1772	3061
768	1792	3583	1114	1780	3064
1024	1792	3583	1301	1788	3066
1280	1792	3583	1477	1797	3069
1536	1792	3583	1650	1801	3068
1792	1792	3583	1829	1807	3080
2048	1792	3583	2013	1819	3082
2303	1792	3583	2208	1828	3086
2559	1792	3583	2390	1837	3089
2815	1792	3583	2563	1845	3092
3071	1792	3583	2746	1850	3095
3327	1792	3583	2924	1857	3097
3583	1792	3583	3104	1865	3097
3839	1792	3583	3285	1871	3099
4095	1792	3583	3466	1877	3101
0	2048	3583	639	1997	3082
256	2048	3583	820	2004	3084
512	2048	3583	996	2011	3086
768	2048	3583	1185	2021	3091
1024	2048	3583	1367	2028	3093
1280	2048	3583	1538	2032	3091
1536	2048	3583	1719	2041	3095
1792	2048	3583	1899	2049	3096
2048	2048	3583	2084	2057	3107
2303	2048	3583	2279	2065	3110
2559	2048	3583	2453	2074	3117
2815	2048	3583	2631	2083	3120
3071	2048	3583	2816	2092	3118
3327	2048	3583	2991	2098	3117
3583	2048	3583	3170	2103	3118
3839	2048	3583	3351	2111	3120
4095	2048	3583	3536	2120	3123
0	2303	3583	703	2246	3102
256	2303	3583	882	2255	3107
512	2303	3583	1061	2265	3111
768	2303	3583	1250	2270	3110
1024	2303	3583	1428	2277	3112
1280	2303	3583	1602	2285	3112
1536	2303	3583	1780	2292	3114
1792	2303	3583	1965	2303	3120
2048	2303	3583	2155	2312	3124
2303	2303	3583	2346	2323	3128
2559	2303	3583	2521	2334	3139
2815	2303	3583	2703	2339	3138
3071	2303	3583	2880	2344	3137
3327	2303	3583	3055	2347	3139
3583	2303	3583	3237	2354	3140
3839	2303	3583	3418	2361	3141
4095	2303	3583	3600	2369	3144
0	2559	3583	768	2492	3120
256	2559	3583	948	2502	3126
512	2559	3583	1130	2510	3129
768	2559	3583	1317	2515	3128
1024	2559	3583	1492	2524	3133
1280	2559	3583	1671	2533	3136
1536	2559	3583	1852	2542	3139
1792	2559	3583	2035	2549	3142
2048	2559	3583	2233	2561	3148
2303	2559	3583	2414	2570	3152
2559	2559	3583	2588	2576	3156
2815	2559	3583	2771	2581	3160
3071	2559	3583	2950	2587	3160
3327	2559	3583	3128	2593	3159
3583	2559	3583	3309	2598	3163
3839	2559	3583	3490	2604	3163
4095	2559	3583	3669	2611	3166
0	2815	3583	834	2735	3146
256	2815	3583	1012	2746	3151
512	2815	3583	1201	2752	3152
768	2815	3583	1382	2758	3152
1024	2815	3583	1557	2765	3155
1280	2815	3583	1738	2772	3158
1536	2815	3583	1919	2781	3162
1792	2815	3583	2106	2790	3166
2048	2815	3583	2303	2799	3169
2303	2815	3583	2476	2807	3175
2559	2815	3583	2656	2814	3177
2815	2815	3583	2839	2819	3177
3071	2815	3583	3015	2822	3177
3327	2815	3583	3195	2829	3181
3583	2815	3583	3377	2836	3181
3839	2815	3583	3558	2840	3185
4095	2815	3583	3736	2849	3189
0	3071	3583	898	2980	3168
256	3071	3583	1078	2988	3171
512	3071	3583	1269	2992	3171
768	3071	3583	1445	3001	3174
1024	3071	3583	1622	3008	3177
1280	3071	3583	1803	3015	3180
1536	3071	3583	1984	3023	3182
1792	3071	3583	2177	3032	3186
2048	3071	3583	2366	3041	3190
2303	3071	3583	2538	3048	3194
2559	3071	3583	2721	3054	3197
2815	3071	3583	2901	3059	3197
3071	3071	3583	3079	3064	3196
3327	3071	3583	3261	3070	3198
3583	3071	3583	3443	3076	3202
3839	3071	3583	3624	3084	3209
4095	3071	3583	3801	3092	3212
0	3327	3583	961	3225	3191
256	3327	3583	1147	3232	3193
512	3327	3583	1334	3237	3194
768	3327	3583	1508	3244	3196
1024	3327	3583	1688	3251	3200
1280	3327	3583	1868	3258	3202
1536	3327	3583	2051	3267	3206
1792	3327	3583	2249	3276	3209
2048	3327	3583	2430	3286	3215
2303	3327	3583	2606	3294	3218
2559	3327	3583	2789	3297	3219
2815	3327	3583	2967	3301	3218
3071	3327	3583	3147	3306	3219
3327	3327	3583	3332	3315	3220
3583	3327	3583	3515	3322	3223
3839	3327	3583	3693	3328	3226
4095	3327	3583	3869	3335	3234
0	3583	3583	1025	3468	3217
256	3583	3583	1217	3473	3218
512	3583	3583	1397	3479	3219
768	3583	3583	1573	3485	3220
1024	3583	3583	1752	3490	3222
1280	3583	3583	1935	3498	3225
1536	3583	3583	2123	3506	3230
1792	3583	3583	2319	3515	3234
2048	3583	3583	2494	3524	3238
2303	3583	3583	2671	3529	3241
2559	3583	3583	2853	3531	3238
2815	3583	3583	3034	3538	3242
3071	3583	3583	3217	3545	3242
3327	3583	3583	3400	3551	3246
3583	3583	3583	3580	3554	3247
3839	3583	3583	3759	3564	3251
4095	3583	3583	3933	3570	3254
0	3839	3583	1095	3708	3240
256	3839	3583	1285	3713	3243
512	3839	3583	1462	3719	3243
768	3839	3583	1639	3725	3244
1024	3839	3583	1819	3729	3246
1280	3839	3583	2003	3737	3249
1536	3839	3583	2196	3747	3254
1792	3839	3583	2385	3757	3258
2048	3839	3583	2559	3765	3261
2303	3839	3583	2741	3767	3262
2559	3839	3583	2923	3772	3261
2815	3839	3583	3103	3780	3264
3071	3839	3583	3286	3784	3267
3327	3839	3583	3469	3791	3268
3583	3839	3583	3650	3798	3268
3839	3839	3583	3829	3805	3271
4095	3839	3583	4002	3813	3277
0	4095	3583	1165	3949	3266
256	4095	3583	1351	3953	3265
512	4095	3583	1526	3957	3268
768	4095	3583	1706	3962	3269
1024	4095	3583	1887	3969	3271
1280	4095	3583	2073	3978	3277
1536	4095	3583	2271	3987	3280
1792	4095	3583	2453	3995	3285
2048	4095	3583	2628	4000	3286
2303	4095	3583	2814	4005	3288
2559	4095	3583	2992	4008	3288
2815	4095	3583	3172	4013	3289
3071	4095	3583	3358	4020	3289
3327	4095	3583	3541	4026	3292
3583	4095	3583	3721	4034	3295
3839	4095	3583	3897	4040	3298
4095	4095	3583	4066	4044	3302
0	0	3839	130	53	3112
256	0	3839	316	63	3116
512	0	3839	502	71	3118
768	0	3839	682	81	3120
1024	0	3839	858	90	3124
1280	0	3839	1034	100	3127
1536	0	3839	1221	109	3127
1792	0	3839	1394	117	3125
2048	0	3839	1567	126	3126
2303	0	3839	1743	136	3130
2559	0	3839	1922	146	3132
2815	0	3839	2109	155	3137
3071	0	3839	2302	165	3143
3327	0	3839	2472	173	3146
3583	0	3839	2650	182	3149
3839	0	3839	2831	191	3149
4095	0	3839	3006	200	3152
0	256	3839	194	301	3135
256	256	3839	380	310	3137
512	256	3839	565	320	3139
768	256	3839	744	329	3141
1024	256	3839	919	338	3145
1280	256	3839	1099	347	3146
1536	256	3839	1285	354	3145
1792	256	3839	1454	362	3146
2048	256	3839	1629	371	3148
2303	256	3839	1808	380	3152
2559	256	3839	1987	390	3155
2815	256	3839	2180	398	3160
3071	256	3839	2363	407	3165
3327	256	3839	2533	416	3167
3583	256	3839	2715	424	3170
3839	256	3839	2894	433	3171
4095	256	3839	3071	441	3171
0	512	3839	258	544	3156
256	512	3839	445	553	3158
512	512	3839	627	562	3160
768	512	3839	805	571	3163
1024	512	3839	980	579	3167
1280	512	3839	1165	588	3166
1536	512	3839	1344	596	3165
1792	512	3839	1516	604	3168
2048	512	3839	1695	613	3172
2303	512	3839	1872	621	3175
2559	512	3839	2055	630	3177
2815	512	3839	2249	639	3181
3071	512	3839	2422	649	3184
3327	512	3839	2598	658	3186
3583	512	3839	2782	666	3188
3839	512	3839	2958	673	3190
4095	512	3839	3137	682	3193
0	768	3839	322	790	3175
256	768	3839	510	799	3178
512	768	3839	691	808	3183
768	768	3839	866	816	3186
1024	768	3839	1044	824	3185
1280	768	3839	1230	832	3186
1536	768	3839	1406	840	3188
1792	768	3839	1580	848	3191
2048	768	3839	1758	856	3193
2303	768	3839	1938	865	3196
2559	768	3839	2125	874	3202
2815	768	3839	2318	883	3206
3071	768	3839	2489	892	3210
3327	768	3839	2669	900	3212
3583	768	3839	2849	908	3211
3839	768	3839	3024	915	3214
4095	768	3839	3207	924	3216
0	1024	3839	389	1032	3194
256	1024	3839	573	1040	3202
512	1024	3839	754	1050	3205
768	1024	3839	930	1058	3208
1024	1024	3839	1109	1066	3206
1280	1024	3839	1295	1073	3207
1536	1024	3839	1468	1082	3210
1792	1024	3839	1643	1089	3213
2048	1024	3839	1823	1098	3217
2303	1024	3839	2003	1108	3220
2559	1024	3839	2200	1118	3228
2815	1024	3839	2382	1128	3234
3071	1024	3839	2555	1136	3234
3327	1024	3839	2738	1143	3238
3583	1024	3839	2915	1151	3237
3839	1024	3839	3093	1159	3237
4095	1024	3839	3273	1167	3241
0	1280	3839	454	1279	3216
256	1280	3839	635	1287	3218
512	1280	3839	814	1295	3223
768	1280	3839	990	1305	3230
1024	1280	3839	1176	1312	3230
1280	1280	3839	1357	1319	3230
1536	1280	3839	1529	1326	3232
1792	1280	3839	1708	1336	3237
2048	1280	3839	1888	1344	3240
2303	1280	3839	2072	1352	3245
2559	1280	3839	2269	1361	3249
2815	1280	3839	2444	1371	3254
3071	1280	3839	2621	1379	3257
3327	1280	3839	2804	1386	3256
3583	1280	3839	2979	1393	3260
3839	1280	3839	3158	1398	3259
4095	1280	3839	3338	1406	3258
0	1536	3839	520	1519	3239
256	1536	3839	700	1528	3241
512	1536	3839	878	1537	3243
768	1536	3839	1056	1545	3247
1024	1536	3839	1248	1553	3251
1280	1536	3839	1421	1558	3250
1536	1536	3839	1593	1565	3257
1792	1536	3839	1776	1576	3261
2048	1536	3839	1957	1584	3265
2303	1536	3839	2144	1591	3264
2559	1536	3839	2332	1599	3272
2815	1536	3839	2509	1611	3277
3071	1536	3839	2689	1617	3276
3327	1536	3839	2866	1623	3275
3583	1536	3839	3044	1629	3272
3839	1536	3839	3223	1635	3276
4095	1536	3839	3405	1643	3279
0	1792	3839	582	1759	3259
256	1792	3839	764	1767	3262
512	1792	3839	940	1776	3268
768	1792	3839	1123	1785	3270
1024	1792	3839	1311	1793	3274
1280	1792	3839	1482	1798	3279
1536	1792	3839	1662	1808	3285
1792	1792	3839	1843	1817	3289
2048	1792	3839	2025	1826	3293
2303	1792	3839	2216	1831	3288
2559	1792	3839	2398	1841	3300
2815	1792	3839	2577	1852	3298
3071	1792	3839	2758	1857	3302
3327	1792	3839	2933	1861	3307
3583	1792	3839	3110	1866	3307
3839	1792	3839	3293	1875	3311
4095	1792	3839	3478	1883	3313
0	2048	3839	648	1999	3282
256	2048	3839	827	2007	3284
512	2048	3839	1005	2018	3288
768	2048	3839	1193	2023	3294
1024	2048	3839	1374	2031	3295
1280	2048	3839	1551	2042	3294
1536	2048	3839	1730	2047	3297
1792	2048	3839	1910	2054	3307
2048	2048	3839	2097	2063	3319
2303	2048	3839	2290	2072	3325
2559	2048	3839	2465	2081	3328
2815	2048	3839	2643	2089	3328
3071	2048	3839	2827	2097	3326
3327	2048	3839	3001	2102	3328
3583	2048	3839	3180	2109	3327
3839	2048	3839	3364	2117	3327
4095	2048	3839	3545	2124	3330
0	2303	3839	712	2250	3308
256	2303	3839	890	2261	3312
512	2303	3839	1071	2272	3317
768	2303	3839	1263	2280	3330
1024	2303	3839	1435	2283	3323
1280	2303	3839	1609	2288	3321
1536	2303	3839	1792	2299	3328
1792	2303	3839	1974	2308	3332
2048	2303	3839	2166	2318	3337
2303	2303	3839	2355	2329	3344
2559	2303	3839	2529	2336	3345
2815	2303	3839	2709	2341	3347
3071	2303	3839	2888	2347	3348
3327	2303	3839	3067	2354	3346
3583	2303	3839	3246	2359	3349
3839	2303	3839	3427	2364	3349
4095	2303	3839	3608	2372	3350
0	2559	3839	778	2498	3332
256	2559	3839	956	2509	3339
512	2559	3839	1142	2518	3343
768	2559	3839	1328	2524	3344
1024	2559	3839	1499	2527	3342
1280	2559	3839	1680	2536	3346
1536	2559	3839	1862	2547	3352
1792	2559	3839	2046	2557	3356
2048	2559	3839	2241	2563	3358
2303	2559	3839	2421	2571	3361
2559	2559	3839	2595	2578	3362
2815	2559	3839	2781	2586	3368
3071	2559	3839	2959	2590	3367
3327	2559	3839	3136	2595	3368
3583	2559	3839	3319	2602	3369
3839	2559	3839	3499	2607	3372
4095	2559	3839	3676	2614	3375
0	2815	3839	842	2742	3359
256	2815	3839	1020	2749	3360
512	2815	3839	1209	2754	3359
768	2815	3839	1390	2761	3361
1024	2815	3839	1566	2770	3366
1280	2815	3839	1747	2779	3369
1536	2815	3839	1929	2787	3372
1792	2815	3839	2116	2794	3376
2048	2815	3839	2311	2801	3378
2303	2815	3839	2485	2811	3383
2559	2815	3839	2664	2818	3385
2815	2815	3839	2848	2822	3384
3071	2815	3839	3023	2825	3385
3327	2815	3839	3204	2832	3388
3583	2815	3839	3387	2840	3389
3839	2815	3839	3570	2847	3393
4095	2815	3839	3746	2854	3396
0	3071	3839	906	2984	3378
256	3071	3839	1088	2993	3382
512	3071	3839	1278	2998	3384
768	3071	3839	1454	3006	3384
1024	3071	3839	1631	3013	3386
1280	3071	3839	1812	3020	3388
1536	3071	3839	1994	3027	3391
1792	3071	3839	2188	3038	3397
2048	3071	3839	2377	3049	3402
2303	3071	3839	2549	3056	3405
2559	3071	3839	2731	3058	3405
2815	3071	3839	2911	3063	3404
3071	3071	3839	3090	3069	3404
3327	3071	3839	3270	3073	3404
3583	3071	3839	3452	3081	3414
3839	3071	3839	3634	3089	3416
4095	3071	3839	3812	3096	3420
0	3327	3839	971	3230	3401
256	3327	3839	1157	3238	3404
512	3327	3839	1343	3244	3404
768	3327	3839	1518	3252	3408
1024	3327	3839	1697	3257	3409
1280	3327	3839	1877	3264	3411
1536	3327	3839	2061	3272	3414
1792	3327	3839	2259	3282	3418
2048	3327	3839	2442	3293	3425
2303	3327	3839	2617	3300	3428
2559	3327	3839	2802	3304	3430
2815	3327	3839	2978	3306	3426
3071	3327	3839	3157	3312	3426
3327	3327	3839	3343	3320	3427
3583	3327	3839	3524	3325	3429
3839	3327	3839	3704	3333	3433
4095	3327	3839	3880	3341	3441
0	3583	3839	1035	3473	3425
256	3583	3839	1226	3480	3428
512	3583	3839	1407	3486	3430
768	3583	3839	1583	3492	3430
1024	3583	3839	1762	3496	3431
1280	3583	3839	1945	3504	3434
1536	3583	3839	2133	3513	3438
1792	3583	3839	2329	3520	3443
2048	3583	3839	2504	3530	3446
2303	3583	3839	2682	3535	3449
2559	3583	3839	2865	3538	3447
2815	3583	3839	3044	3544	3451
3071	3583	3839	3228	3550	3449
3327	3583	3839	3410	3555	3451
3583	3583	3839	3590	3560	3452
3839	3583	3839	3770	3569	3457
4095	3583	3839	3943	3576	3461
0	3839	3839	1104	3715	3451
256	3839	3839	1296	3721	3453
512	3839	3839	1472	3726	3453
768	3839	3839	1648	3730	3453
1024	3839	3839	1829	3736	3456
1280	3839	3839	2012	3745	3459
1536	3839	3839	2207	3753	3464
1792	3839	3839	2396	3763	3468
2048	3839	3839	2570	3772	3473
2303	3839	3839	2753	3775	3472
2559	3839	3839	2933	3779	3471
2815	3839	3839	3112	3783	3472
3071	3839	3839	3295	3788	3474
3327	3839	3839	3479	3795	3475
3583	3839	3839	3662	3804	3477
3839	3839	3839	3842	3814	3481
4095	3839	3839	4011	3817	3483
0	4095	3839	1174	3954	3475
256	4095	3839	1360	3958	3475
512	4095	3839	1535	3963	3478
768	4095	3839	1716	3970	3480
1024	4095	3839	1898	3976	3482
1280	4095	3839	2083	3984	3485
1536	4095	3839	2282	3992	3489
1792	4095	3839	2462	4001	3494
2048	4095	3839	2640	4008	3496
2303	4095	3839	2826	4012	3500
2559	4095	3839	3003	4015	3497
2815	4095	3839	3184	4019	3496
3071	4095	3839	3368	4026	3497
3327	4095	3839	3551	4032	3499
3583	4095	3839	3732	4039	3503
3839	4095	3839	3906	4045	3506
4095	4095	3839	4079	4051	3510
0	0	4095	138	56	3323
256	0	4095	324	66	3326
512	0	4095	511	76	3327
768	0	4095	691	85	3329
1024	0	4095	866	93	3332
1280	0	4095	1044	103	3334
1536	0	4095	1231	112	3335
1792	0	4095	1403	121	3333
2048	0	4095	1575	131	3333
2303	0	4095	1752	140	3336
2559	0	4095	1931	149	3339
2815	0	4095	2120	159	3345
3071	0	4095	2315	169	3354
3327	0	4095	2486	178	3359
3583	0	4095	2664	186	3358
3839	0	4095	2843	195	3358
4095	0	4095	3021	204	3361
0	256	4095	202	305	3342
256	256	4095	390	315	3343
512	256	4095	574	323	3344
768	256	4095	752	332	3346
1024	256	4095	929	341	3352
1280	256	4095	1108	350	3353
1536	256	4095	1293	359	3350
1792	256	4095	1464	367	3353
2048	256	4095	1639	375	3357
2303	256	4095	1818	385	3362
2559	256	4095	1999	394	3367
2815	256	4095	2193	404	3368
3071	256	4095	2374	412	3373
3327	256	4095	2546	420	3375
3583	256	4095	2729	428	3378
3839	256	4095	2906	437	3378
4095	256	4095	3085	446	3379
0	512	4095	265	549	3363
256	512	4095	454	557	3365
512	512	4095	635	565	3366
768	512	4095	814	574	3369
1024	512	4095	989	584	3372
1280	512	4095	1173	592	3372
1536	512	4095	1353	599	3373
1792	512	4095	1526	608	3376
2048	512	4095	1705	618	3380
2303	512	4095	1884	627	3385
2559	512	4095	2069	636	3387
2815	512	4095	2262	645	3391
3071	512	4095	2434	653	3391
3327	512	4095	2610	662	3393
3583	512	4095	2793	670	3394
3839	512	4095	2969	679	3396
4095	512	4095	3149	686	3398
0	768	4095	326	797	3382
256	768	4095	518	803	3385
512	768	4095	699	812	3388
768	768	4095	875	820	3391
1024	768	4095	1053	829	3393
1280	768	4095	1241	836	3392
1536	768	4095	1416	844	3394
1792	768	4095	1590	852	3398
2048	768	4095	1769	861	3399
2303	768	4095	1948	870	3404
2559	768	4095	2138	878	3408
2815	768	4095	2328	888	3412
3071	768	4095	2498	897	3415
3327	768	4095	2678	905	3416
3583	768	4095	2859	913	3416
3839	768	4095	3035	919	3416
4095	768	4095	3216	928	3419
0	1024	4095	387	1040	3400
256	1024	4095	573	1048	3408
512	1024	4095	762	1054	3410
768	1024	4095	939	1063	3415
1024	1024	4095	1119	1071	3413
1280	1024	4095	1305	1078	3416
1536	1024	4095	1478	1087	3416
1792	1024	4095	1653	1095	3417
2048	1024	4095	1832	1102	3421
2303	1024	4095	2013	1111	3424
2559	1024	4095	2209	1122	3431
2815	1024	4095	2391	1132	3436
3071	1024	4095	2565	1140	3439
3327	1024	4095	2748	1147	3440
3583	1024	4095	2925	1155	3439
3839	1024	4095	3102	1163	3439
4095	1024	4095	3282	1171	3441
0	1280	4095	450	1290	3422
256	1280	4095	638	1296	3424
512	1280	4095	824	1301	3427
768	1280	4095	1000	1310	3437
1024	1280	4095	1189	1319	3439
1280	1280	4095	1368	1326	3436
1536	1280	4095	1538	1331	3437
1792	1280	4095	1718	1340	3441
2048	1280	4095	1898	1348	3444
2303	1280	4095	2083	1357	3449
2559	1280	4095	2279	1366	3452
2815	1280	4095	2455	1376	3460
3071	1280	4095	2632	1383	3462
3327	1280	4095	2812	1389	3459
3583	1280	4095	2988	1396	3461
3839	1280	4095	3166	1403	3460
4095	1280	4095	3349	1412	3461
0	1536	4095	526	1524	3443
256	1536	4095	709	1532	3447
512	1536	4095	886	1541	3449
768	1536	4095	1067	1550	3454
1024	1536	4095	1257	1559	3463
1280	1536	4095	1432	1565	3462
1536	1536	4095	1607	1572	3465
1792	1536	4095	1787	1581	3469
2048	1536	4095	1968	1590	3472
2303	1536	4095	2156	1598	3473
2559	1536	4095	2345	1605	3479
2815	1536	4095	2519	1616	3483
3071	1536	4095	2699	1622	3481
3327	1536	4095	2877	1627	3477
3583	1536	4095	3051	1632	3476
3839	1536	4095	3234	1641	3479
4095	1536	4095	3418	1649	3483
0	1792	4095	592	1765	3465
256	1792	4095	773	1773	3467
512	1792	4095	949	1781	3471
768	1792	4095	1134	1791	3476
1024	1792	4095	1322	1800	3479
1280	1792	4095	1495	1806	3482
1536	1792	4095	1675	1815	3492
1792	1792	4095	1855	1825	3495
2048	1792	4095	2039	1833	3495
2303	1792	4095	2230	1839	3498
2559	1792	4095	2410	1847	3502
2815	1792	4095	2585	1856	3505
3071	1792	4095	2772	1863	3508
3327	1792	4095	2947	1868	3505
3583	1792	4095	3124	1874	3504
3839	1792	4095	3308	1882	3505
4095	1792	4095	3488	1887	3508
0	2048	4095	658	2006	3490
256	2048	4095	831	2016	3491
512	2048	4095	994	2032	3496
768	2048	4095	1180	2041	3498
1024	2048	4095	1368	2045	3504
1280	2048	4095	1560	2045	3505
1536	2048	4095	1741	2055	3509
1792	2048	4095	1923	2061	3517
2048	2048	4095	2108	2070	3519
2303	2048	4095	2303	2079	3524
2559	2048	4095	2475	2087	3527
2815	2048	4095	2654	2096	3528
3071	2048	4095	2838	2103	3526
3327	2048	4095	3013	2108	3530
3583	2048	4095	3194	2116	3531
3839	2048	4095	3375	2123	3528
4095	2048	4095	3554	2129	3532
0	2303	4095	721	2257	3516
256	2303	4095	895	2268	3519
512	2303	4095	1074	2278	3525
768	2303	4095	1265	2286	3528
1024	2303	4095	1444	2290	3528
1280	2303	4095	1622	2298	3528
1536	2303	4095	1803	2306	3534
1792	2303	4095	1986	2315	3538
2048	2303	4095	2179	2326	3539
2303	2303	4095	2368	2336	3547
2559	2303	4095	2540	2344	3551
2815	2303	4095	2721	2347	3546
3071	2303	4095	2901	2353	3549
3327	2303	4095	3080	2360	3545
3583	2303	4095	3259	2365	3548
3839	2303	4095	3440	2372	3551
4095	2303	4095	3621	2380	3556
0	2559	4095	787	2505	3537
256	2559	4095	967	2516	3542
512	2559	4095	1153	2525	3544
768	2559	4095	1338	2531	3544
1024	2559	4095	1510	2535	3547
1280	2559	4095	1690	2542	3548
1536	2559	4095	1871	2551	3551
1792	2559	4095	2054	2559	3555
2048	2559	4095	2251	2568	3558
2303	2559	4095	2432	2578	3567
2559	2559	4095	2607	2585	3568
2815	2559	4095	2790	2588	3575
3071	2559	4095	2968	2594	3574
3327	2559	4095	3146	2600	3575
3583	2559	4095	3328	2606	3577
3839	2559	4095	3511	2613	3579
4095	2559	4095	3690	2621	3580
0	2815	4095	852	2749	3560
256	2815	4095	1031	2759	3566
512	2815	4095	1221	2765	3568
768	2815	4095	1402	2770	3566
1024	2815	4095	1577	2777	3562
1280	2815	4095	1757	2784	3566
1536	2815	4095	1941	2793	3578
1792	2815	4095	2128	2802	3582
2048	2815	4095	2323	2808	3584
2303	2815	4095	2494	2815	3586
2559	2815	4095	2675	2822	3589
2815	2815	4095	2859	2829	3590
3071	2815	4095	3035	2833	3595
3327	2815	4095	3219	2840	3594
3583	2815	4095	3401	2847	3596
3839	2815	4095	3583	2854	3599
4095	2815	4095	3757	2859	3599
0	3071	4095	917	2992	3582
256	3071	4095	1098	2999	3585
512	3071	4095	1288	3005	3586
768	3071	4095	1465	3012	3588
1024	3071	4095	1641	3019	3590
1280	3071	4095	1823	3027	3592
1536	3071	4095	2004	3035	3596
1792	3071	4095	2199	3044	3603
2048	3071	4095	2388	3055	3608
2303	3071	4095	2559	3061	3610
2559	3071	4095	2745	3066	3610
2815	3071	4095	2924	3071	3610
3071	3071	4095	3102	3075	3610
3327	3071	4095	3283	3080	3610
3583	3071	4095	3466	3088	3618
3839	3071	4095	3647	3095	3620
4095	3071	4095	3822	3101	3624
0	3327	4095	980	3237	3610
256	3327	4095	1167	3243	3611
512	3327	4095	1352	3249	3611
768	3327	4095	1528	3258	3615
1024	3327	4095	1707	3265	3616
1280	3327	4095	1889	3271	3619
1536	3327	4095	2073	3280	3622
1792	3327	4095	2272	3289	3625
2048	3327	4095	2451	3298	3630
2303	3327	4095	2627	3305	3633
2559	3327	4095	2813	3309	3634
2815	3327	4095	2989	3313	3633
3071	3327	4095	3169	3318	3633
3327	3327	4095	3352	3324	3633
3583	3327	4095	3534	3329	3634
3839	3327	4095	3714	3338	3640
4095	3327	4095	3890	3346	3649
0	3583	4095	1044	3480	3635
256	3583	4095	1237	3487	3638
512	3583	4095	1417	3492	3635
768	3583	4095	1591	3497	3634
1024	3583	4095	1773	3502	3636
1280	3583	4095	1955	3511	3641
1536	3583	4095	2144	3520	3645
1792	3583	4095	2340	3528	3649
2048	3583	4095	2515	3538	3654
2303	3583	4095	2696	3542	3655
2559	3583	4095	2877	3546	3654
2815	3583	4095	3056	3550	3656
3071	3583	4095	3238	3555	3655
3327	3583	4095	3420	3561	3656
3583	3583	4095	3605	3568	3659
3839	3583	4095	3783	3576	3662
4095	3583	4095	3955	3582	3666
0	3839	4095	1113	3722	3660
256	3839	4095	1306	3727	3657
512	3839	4095	1480	3730	3659
768	3839	4095	1658	3736	3660
1024	3839	4095	1840	3744	3664
1280	3839	4095	2023	3752	3666
1536	3839	4095	2218	3760	3669
1792	3839	4095	2405	3769	3673
2048	3839	4095	2580	3779	3678
2303	3839	4095	2766	3783	3680
2559	3839	4095	2945	3786	3677
2815	3839	4095	3122	3788	3675
3071	3839	4095	3306	3795	3678
3327	3839	4095	3493	3803	3681
3583	3839	4095	3674	3812	3685
3839	3839	4095	3852	3818	3687
4095	3839	4095	4022	3823	3689
0	4095	4095	1184	3959	3681
256	4095	4095	1369	3963	3682
512	4095	4095	1544	3969	3683
768	4095	4095	1727	3977	3686
1024	4095	4095	1908	3984	3688
1280	4095	4095	2095	3991	3691
1536	4095	4095	2293	3999	3695
1792	4095	4095	2473	4008	3700
2048	4095	4095	2651	4015	3703
2303	4095	4095	2837	4020	3704
2559	4095	4095	3014	4022	3703
2815	4095	4095	3194	4025	3701
3071	4095	4095	3378	4031	3702
3327	4095	4095	3563	4038	3705
3583	4095	4095	3742	4044	3709
3839	4095	4095	3919	4052	3712
4095	4095	4095	4095	4063	3716
