0	0	0	0	0	0
256	0	0	232	1	0
512	0	0	460	1	0
768	0	0	681	3	0
1024	0	0	898	4	0
1280	0	0	1115	5	0
1536	0	0	1336	6	0
1792	0	0	1546	7	0
2048	0	0	1762	8	0
2303	0	0	1977	10	0
2559	0	0	2213	10	0
2815	0	0	2433	11	0
3071	0	0	2642	12	0
3327	0	0	2859	13	0
3583	0	0	3076	14	0
3839	0	0	3291	14	0
4095	0	0	3508	16	0
0	256	0	25	253	1
256	256	0	255	255	1
512	256	0	483	258	1
768	256	0	703	258	1
1024	256	0	919	260	1
1280	256	0	1137	260	1
1536	256	0	1354	262	1
1792	256	0	1566	262	1
2048	256	0	1786	263	1
2303	256	0	2000	265	1
2559	256	0	2234	266	1
2815	256	0	2454	266	1
3071	256	0	2662	266	1
3327	256	0	2876	267	1
3583	256	0	3103	268	0
3839	256	0	3314	268	0
4095	256	0	3520	270	0
0	512	0	51	505	3
256	512	0	279	506	3
512	512	0	508	509	3
768	512	0	725	509	3
1024	512	0	942	509	3
1280	512	0	1160	509	3
1536	512	0	1378	509	3
1792	512	0	1594	511	2
2048	512	0	1811	512	2
2303	512	0	2024	513	2
2559	512	0	2261	514	2
2815	512	0	2476	514	2
3071	512	0	2685	514	2
3327	512	0	2902	515	2
3583	512	0	3126	516	2
3839	512	0	3336	516	2
4095	512	0	3540	516	2
0	768	0	76	753	4
256	768	0	304	752	4
512	768	0	531	755	4
768	768	0	752	757	4
1024	768	0	970	758	4
1280	768	0	1187	758	4
1536	768	0	1405	758	4
1792	768	0	1620	759	4
2048	768	0	1834	759	4
2303	768	0	2053	761	4
2559	768	0	2288	760	4
2815	768	0	2501	762	4
3071	768	0	2709	760	4
3327	768	0	2928	760	3
3583	768	0	3153	763	3
3839	768	0	3368	764	3
4095	768	0	3572	762	3
0	1024	0	101	1002	6
256	1024	0	328	1003	6
512	1024	0	556	1005	6
768	1024	0	774	1006	6
1024	1024	0	990	1008	6
1280	1024	0	1211	1007	6
1536	1024	0	1428	1008	5
1792	1024	0	1644	1010	5
2048	1024	0	1860	1010	5
2303	1024	0	2076	1009	5
2559	1024	0	2312	1009	5
2815	1024	0	2528	1012	5
3071	1024	0	2737	1011	5
3327	1024	0	2957	1012	5
3583	1024	0	3174	1012	5
3839	1024	0	3386	1012	5
4095	1024	0	3605	1014	5
0	1280	0	126	1253	7
256	1280	0	354	1254	7
512	1280	0	580	1257	7
768	1280	0	799	1258	7
1024	1280	0	1013	1256	7
1280	1280	0	1236	1256	7
1536	1280	0	1453	1258	7
1792	1280	0	1666	1259	7
2048	1280	0	1880	1258	7
2303	1280	0	2101	1258	7
2559	1280	0	2338	1260	7
2815	1280	0	2545	1259	7
3071	1280	0	2760	1260	7
3327	1280	0	2990	1264	6
3583	1280	0	3200	1262	6
3839	1280	0	3410	1260	6
4095	1280	0	3626	1261	6
0	1536	0	151	1498	9
256	1536	0	380	1500	9
512	1536	0	604	1500	9
768	1536	0	822	1500	9
1024	1536	0	1040	1502	9
1280	1536	0	1264	1504	8
1536	1536	0	1476	1502	8
1792	1536	0	1692	1502	8
2048	1536	0	1907	1503	8
2303	1536	0	2134	1506	8
2559	1536	0	2367	1507	8
2815	1536	0	2573	1504	8
3071	1536	0	2786	1504	8
3327	1536	0	3005	1502	8
3583	1536	0	3224	1504	8
3839	1536	0	3441	1507	8
4095	1536	0	3659	1507	8
0	1792	0	177	1745	10
256	1792	0	406	1748	10
512	1792	0	630	1747	10
768	1792	0	848	1746	10
1024	1792	0	1066	1748	10
1280	1792	0	1290	1748	10
1536	1792	0	1504	1746	10
1792	1792	0	1718	1746	10
2048	1792	0	1934	1749	10
2303	1792	0	2165	1752	10
2559	1792	0	2394	1753	10
2815	1792	0	2600	1749	10
3071	1792	0	2814	1750	9
3327	1792	0	3032	1745	9
3583	1792	0	3256	1750	9
3839	1792	0	3470	1752	9
4095	1792	0	3690	1752	9
0	2048	0	202	1987	12
256	2048	0	432	1988	12
512	2048	0	655	1990	12
768	2048	0	873	1990	12
1024	2048	0	1092	1992	11
1280	2048	0	1314	1990	11
1536	2048	0	1527	1990	11
1792	2048	0	1748	1994	11
2048	2048	0	1962	1995	11
2303	2048	0	2191	1994	11
2559	2048	0	2418	1994	11
2815	2048	0	2630	1995	11
3071	2048	0	2842	1994	11
3327	2048	0	3071	1996	11
3583	2048	0	3287	1996	11
3839	2048	0	3496	1994	11
4095	2048	0	3717	1994	11
0	2303	0	227	2253	13
256	2303	0	456	2256	13
512	2303	0	679	2260	13
768	2303	0	897	2259	13
1024	2303	0	1116	2256	13
1280	2303	0	1337	2258	13
1536	2303	0	1554	2263	13
1792	2303	0	1768	2258	13
2048	2303	0	1982	2259	13
2303	2303	0	2218	2262	13
2559	2303	0	2446	2267	13
2815	2303	0	2658	2266	12
3071	2303	0	2869	2262	12
3327	2303	0	3094	2262	12
3583	2303	0	3306	2260	12
3839	2303	0	3516	2260	12
4095	2303	0	3742	2261	12
0	2559	0	254	2506	15
256	2559	0	482	2508	15
512	2559	0	705	2507	15
768	2559	0	921	2506	15
1024	2559	0	1141	2507	14
1280	2559	0	1364	2509	14
1536	2559	0	1576	2504	14
1792	2559	0	1794	2508	14
2048	2559	0	2006	2504	14
2303	2559	0	2248	2510	14
2559	2559	0	2467	2510	14
2815	2559	0	2678	2508	14
3071	2559	0	2895	2506	14
3327	2559	0	3117	2505	14
3583	2559	0	3329	2504	14
3839	2559	0	3545	2508	14
4095	2559	0	3764	2503	14
0	2815	0	279	2746	16
256	2815	0	508	2748	16
512	2815	0	728	2748	16
768	2815	0	946	2753	16
1024	2815	0	1167	2752	16
1280	2815	0	1385	2749	16
1536	2815	0	1602	2751	16
1792	2815	0	1820	2754	16
2048	2815	0	2038	2758	16
2303	2815	0	2274	2753	16
2559	2815	0	2494	2756	15
2815	2815	0	2704	2754	15
3071	2815	0	2921	2750	15
3327	2815	0	3144	2751	15
3583	2815	0	3361	2754	15
3839	2815	0	3568	2750	15
4095	2815	0	3800	2753	15
0	3071	0	304	2996	18
256	3071	0	532	2998	18
512	3071	0	754	3002	18
768	3071	0	970	3001	17
1024	3071	0	1192	2999	17
1280	3071	0	1411	3000	17
1536	3071	0	1627	3002	17
1792	3071	0	1845	3005	17
2048	3071	0	2060	3000	17
2303	3071	0	2299	3000	17
2559	3071	0	2517	3005	17
2815	3071	0	2727	3000	17
3071	3071	0	2949	3001	17
3327	3071	0	3169	3000	17
3583	3071	0	3379	2997	17
3839	3071	0	3596	3001	17
4095	3071	0	3824	3001	17
0	3327	0	330	3250	19
256	3327	0	558	3253	19
512	3327	0	780	3258	19
768	3327	0	996	3253	19
1024	3327	0	1217	3251	19
1280	3327	0	1436	3251	19
1536	3327	0	1652	3251	19
1792	3327	0	1867	3251	19
2048	3327	0	2088	3252	19
2303	3327	0	2332	3258	18
2559	3327	0	2543	3256	18
2815	3327	0	2754	3253	18
3071	3327	0	2974	3250	18
3327	3327	0	3194	3250	18
3583	3327	0	3409	3252	18
3839	3327	0	3624	3250	18
4095	3327	0	3850	3252	18
0	3583	0	356	3500	21
256	3583	0	584	3502	21
512	3583	0	802	3496	20
768	3583	0	1020	3498	20
1024	3583	0	1245	3499	20
1280	3583	0	1459	3493	20
1536	3583	0	1674	3490	20
1792	3583	0	1892	3494	20
2048	3583	0	2119	3500	20
2303	3583	0	2355	3501	20
2559	3583	0	2566	3498	20
2815	3583	0	2778	3496	20
3071	3583	0	2996	3489	20
3327	3583	0	3217	3490	20
3583	3583	0	3429	3490	20
3839	3583	0	3645	3487	20
4095	3583	0	3868	3487	19
0	3839	0	380	3742	22
256	3839	0	607	3745	22
512	3839	0	828	3747	22
768	3839	0	1045	3746	22
1024	3839	0	1269	3744	22
1280	3839	0	1484	3742	22
1536	3839	0	1701	3744	22
1792	3839	0	1919	3747	22
2048	3839	0	2147	3750	22
2303	3839	0	2380	3751	21
2559	3839	0	2592	3748	21
2815	3839	0	2802	3742	21
3071	3839	0	3029	3744	21
3327	3839	0	3245	3743	21
3583	3839	0	3456	3739	21
3839	3839	0	3676	3739	21
4095	3839	0	3896	3739	21
0	4095	0	407	3993	24
256	4095	0	633	3994	23
512	4095	0	852	3993	23
768	4095	0	1070	3991	23
1024	4095	0	1296	3992	23
1280	4095	0	1512	3994	23
1536	4095	0	1729	3995	23
1792	4095	0	1944	3995	23
2048	4095	0	2173	3994	23
2303	4095	0	2404	3994	23
2559	4095	0	2617	3996	23
2815	4095	0	2828	3988	23
3071	4095	0	3055	3988	23
3327	4095	0	3270	3987	23
3583	4095	0	3479	3982	23
3839	4095	0	3705	3986	22
4095	4095	0	3925	3988	22
0	0	256	12	4	245
256	0	256	241	5	245
512	0	256	467	5	247
768	0	256	688	7	248
1024	0	256	904	8	248
1280	0	256	1120	9	248
1536	0	256	1340	10	249
1792	0	256	1553	11	248
2048	0	256	1760	12	247
2303	0	256	1972	13	246
2559	0	256	2212	14	248
2815	0	256	2432	14	248
3071	0	256	2641	16	247
3327	0	256	2855	17	247
3583	0	256	3076	17	247
3839	0	256	3288	18	246
4095	0	256	3492	19	246
0	256	256	36	255	244
256	256	256	264	258	246
512	256	256	492	261	251
768	256	256	712	262	251
1024	256	256	925	262	251
1280	256	256	1145	263	252
1536	256	256	1362	265	250
1792	256	256	1570	264	250
2048	256	256	1785	265	250
2303	256	256	1998	267	250
2559	256	256	2236	267	250
2815	256	256	2451	268	250
3071	256	256	2666	269	251
3327	256	256	2882	270	250
3583	256	256	3096	270	248
3839	256	256	3308	271	249
4095	256	256	3526	272	249
0	512	256	62	507	252
256	512	256	289	508	253
512	512	256	515	510	253
768	512	256	736	511	254
1024	512	256	948	510	254
1280	512	256	1169	512	253
1536	512	256	1387	513	254
1792	512	256	1596	512	251
2048	512	256	1811	513	252
2303	512	256	2026	514	252
2559	512	256	2268	517	253
2815	512	256	2480	516	252
3071	512	256	2694	518	253
3327	512	256	2910	518	252
3583	512	256	3125	517	252
3839	512	256	3341	518	252
4095	512	256	3559	521	250
0	768	256	86	754	255
256	768	256	314	756	256
512	768	256	540	758	256
768	768	256	759	758	256
1024	768	256	974	758	256
1280	768	256	1194	759	255
1536	768	256	1410	759	256
1792	768	256	1623	760	255
2048	768	256	1839	761	255
2303	768	256	2056	762	254
2559	768	256	2298	764	254
2815	768	256	2504	762	255
3071	768	256	2716	763	254
3327	768	256	2938	764	254
3583	768	256	3154	764	252
3839	768	256	3364	764	253
4095	768	256	3576	764	254
0	1024	256	111	1005	259
256	1024	256	339	1007	258
512	1024	256	565	1007	259
768	1024	256	781	1006	258
1024	1024	256	1000	1010	258
1280	1024	256	1216	1006	258
1536	1024	256	1433	1008	257
1792	1024	256	1648	1011	256
2048	1024	256	1862	1010	256
2303	1024	256	2082	1012	256
2559	1024	256	2320	1013	256
2815	1024	256	2528	1012	256
3071	1024	256	2735	1010	256
3327	1024	256	2956	1011	256
3583	1024	256	3179	1013	255
3839	1024	256	3390	1014	256
4095	1024	256	3600	1012	255
0	1280	256	137	1256	260
256	1280	256	363	1257	259
512	1280	256	589	1258	260
768	1280	256	807	1256	259
1024	1280	256	1024	1260	259
1280	1280	256	1244	1257	260
1536	1280	256	1458	1258	258
1792	1280	256	1674	1260	259
2048	1280	256	1892	1263	259
2303	1280	256	2114	1264	259
2559	1280	256	2342	1260	258
2815	1280	256	2557	1264	258
3071	1280	256	2766	1262	258
3327	1280	256	2988	1261	256
3583	1280	256	3211	1264	257
3839	1280	256	3418	1263	257
4095	1280	256	3629	1260	256
0	1536	256	161	1497	262
256	1536	256	389	1499	261
512	1536	256	614	1501	262
768	1536	256	833	1504	262
1024	1536	256	1048	1502	261
1280	1536	256	1272	1504	261
1536	1536	256	1484	1502	260
1792	1536	256	1701	1505	261
2048	1536	256	1912	1504	260
2303	1536	256	2136	1503	260
2559	1536	256	2369	1506	260
2815	1536	256	2580	1506	260
3071	1536	256	2790	1504	259
3327	1536	256	3015	1504	260
3583	1536	256	3228	1503	259
3839	1536	256	3443	1506	260
4095	1536	256	3664	1506	259
0	1792	256	186	1742	263
256	1792	256	414	1744	264
512	1792	256	640	1746	264
768	1792	256	856	1747	264
1024	1792	256	1072	1744	263
1280	1792	256	1295	1745	262
1536	1792	256	1509	1746	263
1792	1792	256	1725	1747	263
2048	1792	256	1938	1747	262
2303	1792	256	2166	1748	262
2559	1792	256	2396	1750	263
2815	1792	256	2608	1751	262
3071	1792	256	2816	1747	260
3327	1792	256	3046	1750	262
3583	1792	256	3254	1746	260
3839	1792	256	3470	1749	261
4095	1792	256	3690	1748	260
0	2048	256	213	1989	266
256	2048	256	442	1991	266
512	2048	256	664	1990	266
768	2048	256	881	1987	265
1024	2048	256	1099	1988	265
1280	2048	256	1321	1989	265
1536	2048	256	1531	1985	264
1792	2048	256	1749	1988	264
2048	2048	256	1966	1992	264
2303	2048	256	2197	1992	264
2559	2048	256	2423	1993	264
2815	2048	256	2636	1995	264
3071	2048	256	2852	1995	264
3327	2048	256	3069	1989	262
3583	2048	256	3287	1991	263
3839	2048	256	3502	1994	264
4095	2048	256	3716	1989	262
0	2303	256	237	2253	266
256	2303	256	466	2255	266
512	2303	256	688	2258	267
768	2303	256	906	2260	267
1024	2303	256	1124	2258	267
1280	2303	256	1342	2254	266
1536	2303	256	1557	2256	266
1792	2303	256	1775	2258	266
2048	2303	256	1991	2262	266
2303	2303	256	2224	2260	266
2559	2303	256	2446	2261	266
2815	2303	256	2656	2258	265
3071	2303	256	2869	2256	264
3327	2303	256	3099	2262	265
3583	2303	256	3313	2262	264
3839	2303	256	3520	2259	264
4095	2303	256	3745	2259	264
0	2559	256	264	2500	269
256	2559	256	492	2505	270
512	2559	256	714	2506	269
768	2559	256	929	2503	268
1024	2559	256	1148	2501	267
1280	2559	256	1369	2503	268
1536	2559	256	1583	2503	268
1792	2559	256	1796	2500	267
2048	2559	256	2016	2506	268
2303	2559	256	2253	2506	267
2559	2559	256	2473	2508	268
2815	2559	256	2684	2507	267
3071	2559	256	2900	2504	266
3327	2559	256	3122	2504	266
3583	2559	256	3334	2503	266
3839	2559	256	3545	2504	266
4095	2559	256	3762	2497	265
0	2815	256	290	2747	270
256	2815	256	518	2749	270
512	2815	256	738	2750	270
768	2815	256	954	2749	270
1024	2815	256	1175	2747	270
1280	2815	256	1392	2746	269
1536	2815	256	1608	2746	269
1792	2815	256	1827	2752	270
2048	2815	256	2044	2754	270
2303	2815	256	2286	2757	270
2559	2815	256	2498	2753	269
2815	2815	256	2710	2752	268
3071	2815	256	2928	2750	268
3327	2815	256	3147	2748	268
3583	2815	256	3360	2749	268
3839	2815	256	3578	2754	268
4095	2815	256	3796	2745	267
0	3071	256	314	2999	272
256	3071	256	543	3000	272
512	3071	256	763	3000	272
768	3071	256	980	3001	272
1024	3071	256	1202	3001	271
1280	3071	256	1417	2996	270
1536	3071	256	1631	2994	270
1792	3071	256	1850	3000	270
2048	3071	256	2071	3004	270
2303	3071	256	2306	2998	269
2559	3071	256	2522	3002	270
2815	3071	256	2733	3000	270
3071	3071	256	2952	2996	269
3327	3071	256	3171	2996	269
3583	3071	256	3386	2998	270
3839	3071	256	3596	2995	268
4095	3071	256	3818	2991	267
0	3327	256	340	3245	273
256	3327	256	566	3249	272
512	3327	256	788	3253	274
768	3327	256	1003	3248	273
1024	3327	256	1226	3248	272
1280	3327	256	1442	3245	272
1536	3327	256	1660	3250	273
1792	3327	256	1876	3252	273
2048	3327	256	2093	3246	272
2303	3327	256	2334	3250	272
2559	3327	256	2546	3250	271
2815	3327	256	2756	3246	270
3071	3327	256	2981	3248	271
3327	3327	256	3196	3245	270
3583	3327	256	3407	3243	270
3839	3327	256	3626	3246	270
4095	3327	256	3851	3246	270
0	3583	256	366	3492	276
256	3583	256	592	3495	275
512	3583	256	812	3494	274
768	3583	256	1028	3493	274
1024	3583	256	1252	3490	274
1280	3583	256	1470	3495	275
1536	3583	256	1684	3491	274
1792	3583	256	1898	3488	273
2048	3583	256	2124	3492	274
2303	3583	256	2360	3497	274
2559	3583	256	2569	3492	274
2815	3583	256	2781	3490	273
3071	3583	256	3000	3484	272
3327	3583	256	3219	3484	272
3583	3583	256	3432	3485	272
3839	3583	256	3650	3484	272
4095	3583	256	3871	3484	271
0	3839	256	391	3741	277
256	3839	256	616	3741	277
512	3839	256	836	3738	276
768	3839	256	1053	3740	276
1024	3839	256	1278	3742	276
1280	3839	256	1492	3738	275
1536	3839	256	1706	3737	275
1792	3839	256	1924	3740	276
2048	3839	256	2154	3745	276
2303	3839	256	2386	3747	276
2559	3839	256	2597	3743	275
2815	3839	256	2810	3742	275
3071	3839	256	3027	3732	274
3327	3839	256	3244	3732	274
3583	3839	256	3458	3732	274
3839	3839	256	3676	3732	274
4095	3839	256	3896	3732	274
0	4095	256	417	3985	278
256	4095	256	642	3986	277
512	4095	256	862	3990	278
768	4095	256	1082	3992	278
1024	4095	256	1302	3984	277
1280	4095	256	1518	3987	278
1536	4095	256	1734	3988	278
1792	4095	256	1950	3988	277
2048	4095	256	2180	3990	277
2303	4095	256	2407	3988	276
2559	4095	256	2617	3984	276
2815	4095	256	2828	3977	275
3071	4095	256	3055	3978	276
3327	4095	256	3273	3982	276
3583	4095	256	3484	3980	276
3839	4095	256	3705	3978	275
4095	4095	256	3921	3979	274
0	0	512	22	8	491
256	0	512	252	9	491
512	0	512	479	9	492
768	0	512	699	11	492
1024	0	512	914	12	492
1280	0	512	1131	14	492
1536	0	512	1350	14	492
1792	0	512	1564	15	491
2048	0	512	1774	16	490
2303	0	512	1985	16	490
2559	0	512	2225	18	491
2815	0	512	2446	18	492
3071	0	512	2653	20	490
3327	0	512	2865	20	489
3583	0	512	3088	21	490
3839	0	512	3302	22	488
4095	0	512	3508	24	488
0	256	512	46	260	496
256	256	512	276	262	496
512	256	512	504	264	496
768	256	512	723	266	497
1024	256	512	937	267	495
1280	256	512	1157	268	496
1536	256	512	1375	269	494
1792	256	512	1584	269	493
2048	256	512	1800	270	493
2303	256	512	2011	271	493
2559	256	512	2252	272	494
2815	256	512	2464	272	492
3071	256	512	2678	274	493
3327	256	512	2893	275	490
3583	256	512	3107	274	490
3839	256	512	3322	276	492
4095	256	512	3540	278	490
0	512	512	72	511	497
256	512	512	300	512	497
512	512	512	527	514	498
768	512	512	746	515	498
1024	512	512	958	514	498
1280	512	512	1180	517	498
1536	512	512	1397	517	495
1792	512	512	1608	516	495
2048	512	512	1823	517	495
2303	512	512	2037	518	496
2559	512	512	2280	521	496
2815	512	512	2490	520	495
3071	512	512	2706	522	496
3327	512	512	2922	522	494
3583	512	512	3137	522	493
3839	512	512	3352	523	495
4095	512	512	3570	526	492
0	768	512	97	758	499
256	768	512	326	760	499
512	768	512	552	763	500
768	768	512	771	762	499
1024	768	512	985	763	499
1280	768	512	1206	764	498
1536	768	512	1421	764	499
1792	768	512	1636	764	496
2048	768	512	1852	766	497
2303	768	512	2070	767	497
2559	768	512	2310	768	498
2815	768	512	2517	766	498
3071	768	512	2729	768	496
3327	768	512	2950	768	496
3583	768	512	3167	768	496
3839	768	512	3378	769	494
4095	768	512	3592	769	495
0	1024	512	122	1011	502
256	1024	512	351	1013	501
512	1024	512	577	1014	502
768	1024	512	794	1012	501
1024	1024	512	1012	1016	501
1280	1024	512	1232	1014	501
1536	1024	512	1448	1016	500
1792	1024	512	1663	1017	499
2048	1024	512	1875	1016	500
2303	1024	512	2096	1016	500
2559	1024	512	2334	1018	500
2815	1024	512	2545	1019	500
3071	1024	512	2752	1017	498
3327	1024	512	2973	1017	498
3583	1024	512	3195	1020	498
3839	1024	512	3404	1020	498
4095	1024	512	3614	1018	497
0	1280	512	147	1260	504
256	1280	512	374	1260	505
512	1280	512	600	1262	504
768	1280	512	818	1262	502
1024	1280	512	1035	1266	504
1280	1280	512	1254	1261	504
1536	1280	512	1471	1264	501
1792	1280	512	1688	1266	503
2048	1280	512	1905	1269	502
2303	1280	512	2129	1270	502
2559	1280	512	2358	1268	502
2815	1280	512	2571	1270	502
3071	1280	512	2774	1265	502
3327	1280	512	2999	1266	499
3583	1280	512	3220	1268	500
3839	1280	512	3432	1269	500
4095	1280	512	3648	1268	498
0	1536	512	172	1504	506
256	1536	512	401	1504	506
512	1536	512	625	1507	506
768	1536	512	845	1510	505
1024	1536	512	1059	1507	506
1280	1536	512	1284	1509	505
1536	1536	512	1498	1510	502
1792	1536	512	1716	1512	504
2048	1536	512	1927	1511	504
2303	1536	512	2151	1510	506
2559	1536	512	2383	1512	503
2815	1536	512	2594	1512	504
3071	1536	512	2812	1515	502
3327	1536	512	3036	1514	502
3583	1536	512	3244	1510	501
3839	1536	512	3457	1512	502
4095	1536	512	3678	1513	501
0	1792	512	198	1748	507
256	1792	512	427	1750	506
512	1792	512	652	1754	507
768	1792	512	869	1755	508
1024	1792	512	1084	1750	506
1280	1792	512	1308	1752	507
1536	1792	512	1522	1754	507
1792	1792	512	1738	1754	506
2048	1792	512	1952	1754	507
2303	1792	512	2182	1754	505
2559	1792	512	2410	1756	506
2815	1792	512	2622	1757	505
3071	1792	512	2835	1757	505
3327	1792	512	3068	1760	505
3583	1792	512	3267	1752	505
3839	1792	512	3483	1755	502
4095	1792	512	3703	1754	503
0	2048	512	225	1998	510
256	2048	512	454	2000	509
512	2048	512	675	1995	511
768	2048	512	892	1993	511
1024	2048	512	1111	1995	508
1280	2048	512	1333	1996	508
1536	2048	512	1544	1992	508
1792	2048	512	1762	1996	508
2048	2048	512	1981	2000	508
2303	2048	512	2215	2001	508
2559	2048	512	2439	2001	508
2815	2048	512	2650	2001	508
3071	2048	512	2862	1998	507
3327	2048	512	3081	1994	508
3583	2048	512	3300	1997	508
3839	2048	512	3508	1996	505
4095	2048	512	3732	1996	506
0	2303	512	249	2261	512
256	2303	512	477	2261	514
512	2303	512	700	2266	513
768	2303	512	917	2267	510
1024	2303	512	1137	2266	511
1280	2303	512	1356	2265	511
1536	2303	512	1570	2264	510
1792	2303	512	1789	2268	510
2048	2303	512	2006	2271	510
2303	2303	512	2240	2269	512
2559	2303	512	2458	2268	511
2815	2303	512	2667	2264	510
3071	2303	512	2884	2264	509
3327	2303	512	3113	2269	507
3583	2303	512	3328	2269	508
3839	2303	512	3532	2266	508
4095	2303	512	3760	2266	507
0	2559	512	275	2509	514
256	2559	512	504	2513	515
512	2559	512	726	2512	514
768	2559	512	941	2509	513
1024	2559	512	1160	2508	513
1280	2559	512	1380	2508	512
1536	2559	512	1595	2508	512
1792	2559	512	1812	2509	513
2048	2559	512	2031	2514	513
2303	2559	512	2267	2513	513
2559	2559	512	2487	2514	512
2815	2559	512	2698	2514	510
3071	2559	512	2916	2512	510
3327	2559	512	3136	2510	511
3583	2559	512	3349	2510	510
3839	2559	512	3565	2514	509
4095	2559	512	3780	2506	509
0	2815	512	301	2756	516
256	2815	512	529	2757	515
512	2815	512	749	2757	516
768	2815	512	966	2756	515
1024	2815	512	1186	2753	514
1280	2815	512	1404	2752	513
1536	2815	512	1618	2751	512
1792	2815	512	1837	2756	514
2048	2815	512	2053	2755	514
2303	2815	512	2298	2760	514
2559	2815	512	2508	2756	512
2815	2815	512	2720	2754	512
3071	2815	512	2941	2754	512
3327	2815	512	3161	2754	512
3583	2815	512	3374	2755	512
3839	2815	512	3594	2760	512
4095	2815	512	3814	2754	511
0	3071	512	326	3006	517
256	3071	512	555	3008	517
512	3071	512	774	3005	516
768	3071	512	992	3009	516
1024	3071	512	1214	3008	516
1280	3071	512	1430	3004	515
1536	3071	512	1646	3006	516
1792	3071	512	1866	3010	516
2048	3071	512	2085	3010	516
2303	3071	512	2322	3007	514
2559	3071	512	2538	3012	516
2815	3071	512	2748	3008	515
3071	3071	512	2965	3003	514
3327	3071	512	3188	3006	514
3583	3071	512	3403	3008	514
3839	3071	512	3612	3003	512
4095	3071	512	3836	3001	512
0	3327	512	352	3254	518
256	3327	512	578	3257	518
512	3327	512	800	3258	518
768	3327	512	1015	3255	517
1024	3327	512	1238	3256	517
1280	3327	512	1456	3254	516
1536	3327	512	1674	3259	518
1792	3327	512	1889	3259	518
2048	3327	512	2110	3256	516
2303	3327	512	2350	3261	518
2559	3327	512	2562	3261	516
2815	3327	512	2771	3256	516
3071	3327	512	2996	3257	516
3327	3327	512	3212	3254	515
3583	3327	512	3424	3253	514
3839	3327	512	3645	3257	515
4095	3327	512	3869	3258	515
0	3583	512	378	3505	522
256	3583	512	605	3505	522
512	3583	512	824	3504	520
768	3583	512	1041	3504	520
1024	3583	512	1264	3498	518
1280	3583	512	1482	3504	520
1536	3583	512	1698	3501	518
1792	3583	512	1914	3500	518
2048	3583	512	2140	3504	519
2303	3583	512	2376	3508	519
2559	3583	512	2586	3502	519
2815	3583	512	2796	3498	518
3071	3583	512	3017	3494	516
3327	3583	512	3237	3494	517
3583	3583	512	3450	3496	517
3839	3583	512	3670	3497	516
4095	3583	512	3892	3498	516
0	3839	512	403	3754	522
256	3839	512	629	3754	522
512	3839	512	849	3752	522
768	3839	512	1067	3752	522
1024	3839	512	1292	3754	523
1280	3839	512	1506	3750	520
1536	3839	512	1722	3749	520
1792	3839	512	1940	3752	521
2048	3839	512	2169	3754	521
2303	3839	512	2397	3752	519
2559	3839	512	2609	3750	519
2815	3839	512	2826	3752	520
3071	3839	512	3044	3742	518
3327	3839	512	3260	3741	518
3583	3839	512	3474	3742	517
3839	3839	512	3692	3740	517
4095	3839	512	3912	3741	516
0	4095	512	430	3994	524
256	4095	512	654	3999	523
512	4095	512	875	4004	524
768	4095	512	1094	4003	525
1024	4095	512	1316	3996	522
1280	4095	512	1532	3996	522
1536	4095	512	1750	4000	523
1792	4095	512	1964	3997	522
2048	4095	512	2195	3997	522
2303	4095	512	2422	3996	522
2559	4095	512	2634	3994	521
2815	4095	512	2848	3992	520
3071	4095	512	3076	3993	522
3327	4095	512	3292	3994	521
3583	4095	512	3498	3985	519
3839	4095	512	3720	3984	518
4095	4095	512	3937	3988	518
0	0	768	34	12	732
256	0	768	265	12	732
512	0	768	491	14	733
768	0	768	710	15	730
1024	0	768	925	16	733
1280	0	768	1145	17	733
1536	0	768	1363	18	731
1792	0	768	1574	19	732
2048	0	768	1790	20	731
2303	0	768	2003	21	731
2559	0	768	2243	22	732
2815	0	768	2458	22	730
3071	0	768	2669	24	730
3327	0	768	2886	24	730
3583	0	768	3106	26	729
3839	0	768	3316	26	725
4095	0	768	3515	28	725
0	256	768	58	264	734
256	256	768	287	267	735
512	256	768	514	269	735
768	256	768	732	270	734
1024	256	768	949	272	736
1280	256	768	1166	272	732
1536	256	768	1383	272	733
1792	256	768	1598	274	734
2048	256	768	1814	274	736
2303	256	768	2031	276	736
2559	256	768	2264	276	732
2815	256	768	2484	278	734
3071	256	768	2692	278	732
3327	256	768	2906	278	730
3583	256	768	3126	279	731
3839	256	768	3340	281	729
4095	256	768	3546	281	728
0	512	768	82	516	737
256	512	768	312	518	739
512	512	768	540	520	737
768	512	768	756	519	737
1024	512	768	972	520	738
1280	512	768	1193	521	736
1536	512	768	1411	522	738
1792	512	768	1626	524	737
2048	512	768	1841	524	737
2303	512	768	2058	525	734
2559	512	768	2291	524	734
2815	512	768	2510	527	736
3071	512	768	2719	527	735
3327	512	768	2936	526	733
3583	512	768	3155	527	734
3839	512	768	3368	528	731
4095	512	768	3572	527	732
0	768	768	107	762	740
256	768	768	336	764	738
512	768	768	562	766	740
768	768	768	782	767	738
1024	768	768	996	766	738
1280	768	768	1218	768	739
1536	768	768	1434	769	738
1792	768	768	1649	769	740
2048	768	768	1863	770	737
2303	768	768	2081	770	738
2559	768	768	2323	773	738
2815	768	768	2532	772	738
3071	768	768	2744	773	737
3327	768	768	2964	773	736
3583	768	768	3178	772	734
3839	768	768	3390	773	736
4095	768	768	3610	775	735
0	1024	768	132	1013	739
256	1024	768	362	1015	741
512	1024	768	588	1018	741
768	1024	768	808	1022	742
1024	1024	768	1022	1020	742
1280	1024	768	1245	1020	740
1536	1024	768	1460	1020	740
1792	1024	768	1674	1021	739
2048	1024	768	1889	1021	740
2303	1024	768	2111	1022	739
2559	1024	768	2350	1025	740
2815	1024	768	2557	1023	740
3071	1024	768	2766	1022	738
3327	1024	768	2996	1025	738
3583	1024	768	3209	1025	737
3839	1024	768	3418	1024	736
4095	1024	768	3636	1025	735
0	1280	768	158	1264	742
256	1280	768	387	1267	743
512	1280	768	613	1270	743
768	1280	768	832	1272	746
1024	1280	768	1048	1271	744
1280	1280	768	1272	1271	744
1536	1280	768	1488	1273	742
1792	1280	768	1699	1272	742
2048	1280	768	1914	1271	742
2303	1280	768	2142	1274	742
2559	1280	768	2374	1274	744
2815	1280	768	2576	1270	742
3071	1280	768	2792	1271	742
3327	1280	768	3013	1270	739
3583	1280	768	3232	1272	742
3839	1280	768	3443	1272	738
4095	1280	768	3659	1272	739
0	1536	768	185	1512	746
256	1536	768	414	1514	747
512	1536	768	636	1513	747
768	1536	768	854	1512	748
1024	1536	768	1072	1514	747
1280	1536	768	1297	1516	746
1536	1536	768	1508	1513	746
1792	1536	768	1725	1515	746
2048	1536	768	1942	1519	744
2303	1536	768	2171	1520	744
2559	1536	768	2400	1520	746
2815	1536	768	2613	1520	741
3071	1536	768	2826	1520	742
3327	1536	768	3043	1516	742
3583	1536	768	3267	1520	740
3839	1536	768	3473	1519	742
4095	1536	768	3689	1516	740
0	1792	768	209	1756	748
256	1792	768	439	1757	750
512	1792	768	661	1756	749
768	1792	768	878	1756	746
1024	1792	768	1098	1759	747
1280	1792	768	1323	1763	748
1536	1792	768	1532	1756	748
1792	1792	768	1749	1759	745
2048	1792	768	1970	1764	746
2303	1792	768	2203	1766	748
2559	1792	768	2427	1766	748
2815	1792	768	2640	1765	748
3071	1792	768	2856	1766	747
3327	1792	768	3070	1759	744
3583	1792	768	3290	1762	744
3839	1792	768	3500	1762	746
4095	1792	768	3718	1760	742
0	2048	768	235	1998	752
256	2048	768	464	2000	751
512	2048	768	686	2000	751
768	2048	768	904	2001	748
1024	2048	768	1122	2002	750
1280	2048	768	1345	2002	751
1536	2048	768	1560	2003	748
1792	2048	768	1778	2006	748
2048	2048	768	1991	2003	748
2303	2048	768	2226	2005	751
2559	2048	768	2453	2008	751
2815	2048	768	2664	2008	750
3071	2048	768	2876	2004	750
3327	2048	768	3098	2003	745
3583	2048	768	3316	2004	747
3839	2048	768	3520	2001	747
4095	2048	768	3753	2005	746
0	2303	768	260	2267	754
256	2303	768	488	2270	752
512	2303	768	712	2273	752
768	2303	768	927	2271	753
1024	2303	768	1148	2272	752
1280	2303	768	1370	2275	751
1536	2303	768	1585	2274	752
1792	2303	768	1800	2272	752
2048	2303	768	2011	2269	752
2303	2303	768	2253	2275	750
2559	2303	768	2472	2274	751
2815	2303	768	2686	2274	752
3071	2303	768	2904	2275	749
3327	2303	768	3123	2273	748
3583	2303	768	3335	2271	748
3839	2303	768	3550	2275	748
4095	2303	768	3770	2271	746
0	2559	768	288	2518	754
256	2559	768	516	2521	754
512	2559	768	736	2518	755
768	2559	768	954	2519	756
1024	2559	768	1175	2519	753
1280	2559	768	1394	2518	754
1536	2559	768	1608	2517	754
1792	2559	768	1823	2515	752
2048	2559	768	2041	2518	752
2303	2559	768	2287	2525	751
2559	2559	768	2501	2524	753
2815	2559	768	2712	2519	751
3071	2559	768	2929	2517	752
3327	2559	768	3149	2516	750
3583	2559	768	3362	2516	750
3839	2559	768	3568	2511	751
4095	2559	768	3801	2516	751
0	2815	768	312	2760	758
256	2815	768	540	2759	758
512	2815	768	760	2761	758
768	2815	768	979	2765	756
1024	2815	768	1200	2764	758
1280	2815	768	1418	2762	756
1536	2815	768	1634	2764	755
1792	2815	768	1852	2766	754
2048	2815	768	2065	2760	756
2303	2815	768	2311	2766	756
2559	2815	768	2524	2766	756
2815	2815	768	2736	2763	754
3071	2815	768	2957	2763	752
3327	2815	768	3174	2760	752
3583	2815	768	3385	2759	752
3839	2815	768	3602	2761	749
4095	2815	768	3826	2759	751
0	3071	768	337	3007	758
256	3071	768	565	3010	758
512	3071	768	786	3014	758
768	3071	768	1002	3015	758
1024	3071	768	1225	3011	759
1280	3071	768	1443	3014	758
1536	3071	768	1658	3013	757
1792	3071	768	1872	3008	758
2048	3071	768	2092	3010	755
2303	3071	768	2337	3018	757
2559	3071	768	2548	3014	757
2815	3071	768	2758	3012	757
3071	3071	768	2982	3012	756
3327	3071	768	3200	3012	755
3583	3071	768	3414	3012	752
3839	3071	768	3628	3011	755
4095	3071	768	3848	3007	753
0	3327	768	363	3262	758
256	3327	768	590	3263	760
512	3327	768	810	3261	760
768	3327	768	1028	3264	760
1024	3327	768	1253	3268	759
1280	3327	768	1468	3264	759
1536	3327	768	1685	3265	759
1792	3327	768	1902	3267	756
2048	3327	768	2127	3268	757
2303	3327	768	2363	3270	760
2559	3327	768	2576	3269	757
2815	3327	768	2790	3268	757
3071	3327	768	3010	3263	756
3327	3327	768	3227	3263	756
3583	3327	768	3438	3261	756
3839	3327	768	3654	3258	755
4095	3327	768	3874	3256	754
0	3583	768	388	3501	763
256	3583	768	615	3504	763
512	3583	768	836	3509	761
768	3583	768	1054	3511	762
1024	3583	768	1275	3502	762
1280	3583	768	1491	3504	763
1536	3583	768	1710	3508	761
1792	3583	768	1927	3510	762
2048	3583	768	2152	3509	762
2303	3583	768	2385	3508	762
2559	3583	768	2598	3507	762
2815	3583	768	2804	3498	762
3071	3583	768	3034	3503	761
3327	3583	768	3254	3505	759
3583	3583	768	3464	3503	759
3839	3583	768	3682	3500	757
4095	3583	768	3902	3502	755
0	3839	768	413	3753	764
256	3839	768	639	3755	765
512	3839	768	860	3757	765
768	3839	768	1078	3757	764
1024	3839	768	1300	3749	762
1280	3839	768	1519	3758	765
1536	3839	768	1736	3758	764
1792	3839	768	1951	3758	763
2048	3839	768	2182	3758	763
2303	3839	768	2412	3761	762
2559	3839	768	2626	3762	761
2815	3839	768	2837	3755	758
3071	3839	768	3060	3752	758
3327	3839	768	3276	3752	761
3583	3839	768	3489	3750	760
3839	3839	768	3712	3752	758
4095	3839	768	3929	3753	758
0	4095	768	441	4005	768
256	4095	768	666	4008	769
512	4095	768	886	4008	768
768	4095	768	1104	4004	767
1024	4095	768	1329	4007	768
1280	4095	768	1544	4008	766
1536	4095	768	1762	4008	767
1792	4095	768	1976	4003	766
2048	4095	768	2209	4004	765
2303	4095	768	2435	4004	764
2559	4095	768	2648	4003	764
2815	4095	768	2869	4007	766
3071	4095	768	3094	4005	765
3327	4095	768	3303	3998	763
3583	4095	768	3518	3999	763
3839	4095	768	3741	3998	762
4095	4095	768	3953	3997	761
0	0	1024	46	16	972
256	0	1024	276	16	972
512	0	1024	502	18	972
768	0	1024	722	19	973
1024	0	1024	938	20	972
1280	0	1024	1157	21	973
1536	0	1024	1377	22	972
1792	0	1024	1590	23	974
2048	0	1024	1806	24	969
2303	0	1024	2014	25	969
2559	0	1024	2255	26	970
2815	0	1024	2474	27	972
3071	0	1024	2685	28	970
3327	0	1024	2901	28	968
3583	0	1024	3120	30	967
3839	0	1024	3330	31	968
4095	0	1024	3544	32	967
0	256	1024	69	270	977
256	256	1024	300	272	976
512	256	1024	527	273	976
768	256	1024	746	274	976
1024	256	1024	961	276	975
1280	256	1024	1180	276	973
1536	256	1024	1398	277	975
1792	256	1024	1612	278	972
2048	256	1024	1824	279	972
2303	256	1024	2040	280	975
2559	256	1024	2285	282	975
2815	256	1024	2492	282	970
3071	256	1024	2703	282	970
3327	256	1024	2927	283	973
3583	256	1024	3148	284	970
3839	256	1024	3355	285	969
4095	256	1024	3567	286	969
0	512	1024	94	520	979
256	512	1024	323	522	980
512	512	1024	551	524	980
768	512	1024	770	526	980
1024	512	1024	984	526	978
1280	512	1024	1206	527	978
1536	512	1024	1424	528	978
1792	512	1024	1638	528	975
2048	512	1024	1851	528	975
2303	512	1024	2069	529	978
2559	512	1024	2313	531	975
2815	512	1024	2520	531	975
3071	512	1024	2732	532	975
3327	512	1024	2957	534	976
3583	512	1024	3176	534	973
3839	512	1024	3384	534	973
4095	512	1024	3598	534	972
0	768	1024	119	768	980
256	768	1024	349	770	980
512	768	1024	576	774	981
768	768	1024	795	772	982
1024	768	1024	1012	774	982
1280	768	1024	1234	775	982
1536	768	1024	1448	775	979
1792	768	1024	1663	775	979
2048	768	1024	1879	777	980
2303	768	1024	2102	778	983
2559	768	1024	2343	780	981
2815	768	1024	2551	780	981
3071	768	1024	2759	778	977
3327	768	1024	2978	778	974
3583	768	1024	3198	779	976
3839	768	1024	3413	781	976
4095	768	1024	3627	781	974
0	1024	1024	144	1021	983
256	1024	1024	374	1024	983
512	1024	1024	600	1025	986
768	1024	1024	818	1024	982
1024	1024	1024	1033	1023	984
1280	1024	1024	1259	1027	984
1536	1024	1024	1470	1026	982
1792	1024	1024	1685	1025	980
2048	1024	1024	1902	1027	980
2303	1024	1024	2128	1030	982
2559	1024	1024	2362	1031	980
2815	1024	1024	2570	1028	982
3071	1024	1024	2787	1030	982
3327	1024	1024	3006	1029	979
3583	1024	1024	3225	1030	978
3839	1024	1024	3438	1031	978
4095	1024	1024	3652	1030	975
0	1280	1024	169	1271	986
256	1280	1024	398	1270	986
512	1280	1024	623	1273	986
768	1280	1024	844	1277	985
1024	1280	1024	1061	1278	983
1280	1280	1024	1282	1274	983
1536	1280	1024	1496	1276	984
1792	1280	1024	1715	1279	982
2048	1280	1024	1930	1280	982
2303	1280	1024	2154	1279	984
2559	1280	1024	2384	1280	984
2815	1280	1024	2596	1279	982
3071	1280	1024	2804	1276	983
3327	1280	1024	3038	1281	982
3583	1280	1024	3251	1280	978
3839	1280	1024	3462	1280	980
4095	1280	1024	3684	1281	979
0	1536	1024	196	1516	990
256	1536	1024	425	1516	985
512	1536	1024	648	1518	985
768	1536	1024	867	1520	990
1024	1536	1024	1084	1518	989
1280	1536	1024	1306	1518	984
1536	1536	1024	1522	1521	984
1792	1536	1024	1739	1522	985
2048	1536	1024	1949	1519	987
2303	1536	1024	2180	1521	986
2559	1536	1024	2411	1524	984
2815	1536	1024	2622	1523	984
3071	1536	1024	2835	1522	981
3327	1536	1024	3062	1522	981
3583	1536	1024	3276	1523	985
3839	1536	1024	3486	1523	982
4095	1536	1024	3710	1524	981
0	1792	1024	221	1760	991
256	1792	1024	451	1764	988
512	1792	1024	674	1764	988
768	1792	1024	891	1764	989
1024	1792	1024	1110	1764	988
1280	1792	1024	1332	1764	986
1536	1792	1024	1548	1767	988
1792	1792	1024	1765	1768	988
2048	1792	1024	1982	1769	988
2303	1792	1024	2217	1772	984
2559	1792	1024	2444	1774	988
2815	1792	1024	2654	1773	986
3071	1792	1024	2866	1769	984
3327	1792	1024	3091	1769	984
3583	1792	1024	3303	1767	984
3839	1792	1024	3513	1767	983
4095	1792	1024	3740	1768	982
0	2048	1024	247	2004	989
256	2048	1024	476	2007	992
512	2048	1024	699	2008	994
768	2048	1024	916	2008	992
1024	2048	1024	1136	2010	992
1280	2048	1024	1359	2011	990
1536	2048	1024	1570	2006	992
1792	2048	1024	1790	2010	992
2048	2048	1024	2005	2010	991
2303	2048	1024	2241	2011	992
2559	2048	1024	2462	2010	993
2815	2048	1024	2672	2009	992
3071	2048	1024	2888	2009	988
3327	2048	1024	3113	2008	988
3583	2048	1024	3327	2008	987
3839	2048	1024	3541	2011	987
4095	2048	1024	3764	2009	986
0	2303	1024	273	2280	994
256	2303	1024	502	2284	994
512	2303	1024	722	2277	995
768	2303	1024	940	2279	995
1024	2303	1024	1160	2278	994
1280	2303	1024	1380	2278	996
1536	2303	1024	1598	2280	992
1792	2303	1024	1812	2279	993
2048	2303	1024	2030	2284	993
2303	2303	1024	2267	2282	993
2559	2303	1024	2487	2282	992
2815	2303	1024	2698	2282	989
3071	2303	1024	2914	2279	988
3327	2303	1024	3136	2279	988
3583	2303	1024	3355	2283	988
3839	2303	1024	3559	2278	989
4095	2303	1024	3792	2282	988
0	2559	1024	298	2518	1000
256	2559	1024	526	2521	1000
512	2559	1024	749	2527	999
768	2559	1024	963	2521	996
1024	2559	1024	1185	2519	996
1280	2559	1024	1404	2522	993
1536	2559	1024	1622	2526	996
1792	2559	1024	1842	2529	994
2048	2559	1024	2051	2520	996
2303	2559	1024	2297	2527	996
2559	2559	1024	2513	2528	993
2815	2559	1024	2723	2524	994
3071	2559	1024	2944	2524	991
3327	2559	1024	3163	2523	990
3583	2559	1024	3372	2518	992
3839	2559	1024	3590	2523	989
4095	2559	1024	3824	2528	989
0	2815	1024	324	2770	996
256	2815	1024	553	2773	997
512	2815	1024	773	2771	997
768	2815	1024	989	2767	999
1024	2815	1024	1212	2768	994
1280	2815	1024	1429	2766	996
1536	2815	1024	1644	2766	997
1792	2815	1024	1862	2768	999
2048	2815	1024	2082	2770	994
2303	2815	1024	2324	2773	995
2559	2815	1024	2537	2772	997
2815	2815	1024	2747	2767	996
3071	2815	1024	2965	2764	992
3327	2815	1024	3184	2764	994
3583	2815	1024	3400	2767	990
3839	2815	1024	3616	2767	992
4095	2815	1024	3840	2765	993
0	3071	1024	350	3021	1003
256	3071	1024	578	3025	1004
512	3071	1024	798	3022	1001
768	3071	1024	1016	3024	1000
1024	3071	1024	1238	3020	999
1280	3071	1024	1453	3018	998
1536	3071	1024	1670	3019	996
1792	3071	1024	1888	3022	997
2048	3071	1024	2110	3021	999
2303	3071	1024	2346	3022	998
2559	3071	1024	2558	3020	998
2815	3071	1024	2774	3021	998
3071	3071	1024	2996	3019	995
3327	3071	1024	3214	3019	993
3583	3071	1024	3428	3018	995
3839	3071	1024	3644	3018	994
4095	3071	1024	3869	3020	992
0	3327	1024	375	3273	1003
256	3327	1024	602	3274	1004
512	3327	1024	824	3274	1003
768	3327	1024	1042	3281	1004
1024	3327	1024	1264	3269	1002
1280	3327	1024	1481	3272	1000
1536	3327	1024	1696	3272	999
1792	3327	1024	1912	3271	1001
2048	3327	1024	2139	3272	1000
2303	3327	1024	2374	3273	999
2559	3327	1024	2586	3273	998
2815	3327	1024	2796	3268	998
3071	3327	1024	3022	3266	998
3327	3327	1024	3236	3264	996
3583	3327	1024	3447	3262	996
3839	3327	1024	3669	3265	996
4095	3327	1024	3894	3268	996
0	3583	1024	400	3511	1006
256	3583	1024	627	3514	1006
512	3583	1024	848	3518	1006
768	3583	1024	1064	3512	1006
1024	3583	1024	1292	3519	1006
1280	3583	1024	1506	3516	1002
1536	3583	1024	1721	3513	1004
1792	3583	1024	1938	3513	1001
2048	3583	1024	2165	3514	1002
2303	3583	1024	2397	3515	1002
2559	3583	1024	2616	3520	1002
2815	3583	1024	2822	3511	999
3071	3583	1024	3048	3511	999
3327	3583	1024	3259	3503	998
3583	3583	1024	3472	3504	996
3839	3583	1024	3693	3504	996
4095	3583	1024	3910	3502	997
0	3839	1024	426	3762	1006
256	3839	1024	652	3765	1006
512	3839	1024	872	3764	1008
768	3839	1024	1089	3762	1005
1024	3839	1024	1315	3765	1008
1280	3839	1024	1529	3761	1008
1536	3839	1024	1744	3760	1005
1792	3839	1024	1961	3762	1005
2048	3839	1024	2195	3766	1004
2303	3839	1024	2422	3764	1004
2559	3839	1024	2632	3759	1006
2815	3839	1024	2848	3759	1002
3071	3839	1024	3072	3756	1002
3327	3839	1024	3287	3754	1001
3583	3839	1024	3500	3755	998
3839	3839	1024	3722	3755	999
4095	3839	1024	3936	3753	996
0	4095	1024	455	4022	1008
256	4095	1024	678	4018	1010
512	4095	1024	897	4013	1009
768	4095	1024	1117	4013	1008
1024	4095	1024	1340	4012	1006
1280	4095	1024	1554	4011	1006
1536	4095	1024	1771	4009	1006
1792	4095	1024	1989	4012	1006
2048	4095	1024	2225	4016	1007
2303	4095	1024	2450	4014	1008
2559	4095	1024	2662	4012	1002
2815	4095	1024	2878	4010	1003
3071	4095	1024	3098	4000	1002
3327	4095	1024	3318	4006	1002
3583	4095	1024	3526	4001	1002
3839	4095	1024	3752	4002	1002
4095	4095	1024	3966	4004	1000
0	0	1280	57	20	1216
256	0	1280	288	21	1216
512	0	1280	513	22	1217
768	0	1280	734	23	1218
1024	0	1280	950	24	1216
1280	0	1280	1170	25	1217
1536	0	1280	1390	26	1220
1792	0	1280	1605	27	1215
2048	0	1280	1814	27	1214
2303	0	1280	2029	29	1215
2559	0	1280	2272	30	1216
2815	0	1280	2482	31	1212
3071	0	1280	2693	32	1212
3327	0	1280	2911	32	1210
3583	0	1280	3132	34	1212
3839	0	1280	3348	35	1212
4095	0	1280	3558	35	1210
0	256	1280	80	274	1223
256	256	1280	311	276	1223
512	256	1280	539	278	1219
768	256	1280	755	278	1218
1024	256	1280	972	280	1219
1280	256	1280	1196	281	1221
1536	256	1280	1410	282	1216
1792	256	1280	1623	282	1216
2048	256	1280	1839	284	1219
2303	256	1280	2058	284	1220
2559	256	1280	2300	286	1220
2815	256	1280	2513	287	1219
3071	256	1280	2725	288	1218
3327	256	1280	2942	288	1215
3583	256	1280	3158	289	1214
3839	256	1280	3370	290	1212
4095	256	1280	3581	290	1210
0	512	1280	106	526	1226
256	512	1280	336	528	1228
512	512	1280	564	530	1223
768	512	1280	782	530	1224
1024	512	1280	995	530	1222
1280	512	1280	1220	532	1224
1536	512	1280	1435	532	1219
1792	512	1280	1648	532	1220
2048	512	1280	1866	533	1223
2303	512	1280	2088	536	1221
2559	512	1280	2324	535	1220
2815	512	1280	2536	536	1220
3071	512	1280	2748	536	1219
3327	512	1280	2967	536	1217
3583	512	1280	3184	537	1216
3839	512	1280	3394	537	1214
4095	512	1280	3606	538	1213
0	768	1280	130	773	1222
256	768	1280	359	773	1223
512	768	1280	585	775	1225
768	768	1280	805	776	1224
1024	768	1280	1021	778	1224
1280	768	1280	1243	778	1224
1536	768	1280	1457	778	1221
1792	768	1280	1674	779	1224
2048	768	1280	1892	781	1224
2303	768	1280	2113	782	1222
2559	768	1280	2346	781	1224
2815	768	1280	2562	784	1220
3071	768	1280	2763	781	1217
3327	768	1280	2991	783	1221
3583	768	1280	3210	783	1219
3839	768	1280	3421	784	1217
4095	768	1280	3638	785	1218
0	1024	1280	156	1026	1229
256	1024	1280	385	1026	1224
512	1024	1280	611	1028	1225
768	1024	1280	830	1030	1226
1024	1024	1280	1049	1032	1226
1280	1024	1280	1269	1030	1226
1536	1024	1280	1484	1032	1226
1792	1024	1280	1700	1032	1224
2048	1024	1280	1915	1032	1223
2303	1024	1280	2139	1033	1224
2559	1024	1280	2374	1035	1225
2815	1024	1280	2585	1034	1224
3071	1024	1280	2796	1034	1224
3327	1024	1280	3024	1036	1224
3583	1024	1280	3236	1034	1221
3839	1024	1280	3442	1033	1218
4095	1024	1280	3664	1035	1221
0	1280	1280	181	1275	1232
256	1280	1280	410	1277	1228
512	1280	1280	635	1278	1229
768	1280	1280	854	1278	1230
1024	1280	1280	1070	1278	1231
1280	1280	1280	1292	1278	1226
1536	1280	1280	1510	1282	1227
1792	1280	1280	1726	1283	1228
2048	1280	1280	1941	1284	1228
2303	1280	1280	2168	1284	1226
2559	1280	1280	2398	1286	1228
2815	1280	1280	2613	1287	1227
3071	1280	1280	2821	1283	1225
3327	1280	1280	3047	1284	1224
3583	1280	1280	3259	1283	1222
3839	1280	1280	3470	1282	1222
4095	1280	1280	3694	1284	1224
0	1536	1280	207	1522	1231
256	1536	1280	437	1523	1232
512	1536	1280	660	1524	1233
768	1536	1280	879	1526	1232
1024	1536	1280	1098	1526	1231
1280	1536	1280	1322	1528	1229
1536	1536	1280	1534	1526	1228
1792	1536	1280	1750	1526	1232
2048	1536	1280	1963	1526	1231
2303	1536	1280	2194	1528	1231
2559	1536	1280	2420	1528	1229
2815	1536	1280	2632	1527	1232
3071	1536	1280	2850	1528	1227
3327	1536	1280	3070	1526	1226
3583	1536	1280	3283	1526	1226
3839	1536	1280	3501	1529	1224
4095	1536	1280	3718	1526	1224
0	1792	1280	233	1768	1236
256	1792	1280	462	1769	1235
512	1792	1280	687	1773	1235
768	1792	1280	904	1772	1235
1024	1792	1280	1123	1772	1234
1280	1792	1280	1346	1773	1236
1536	1792	1280	1556	1768	1233
1792	1792	1280	1776	1772	1234
2048	1792	1280	1992	1772	1232
2303	1792	1280	2227	1774	1232
2559	1792	1280	2449	1774	1231
2815	1792	1280	2661	1774	1229
3071	1792	1280	2876	1773	1230
3327	1792	1280	3098	1772	1227
3583	1792	1280	3312	1771	1227
3839	1792	1280	3530	1774	1226
4095	1792	1280	3754	1774	1228
0	2048	1280	260	2015	1240
256	2048	1280	489	2018	1239
512	2048	1280	712	2015	1240
768	2048	1280	930	2016	1242
1024	2048	1280	1149	2016	1238
1280	2048	1280	1369	2013	1238
1536	2048	1280	1586	2015	1234
1792	2048	1280	1800	2014	1236
2048	2048	1280	2022	2021	1236
2303	2048	1280	2254	2015	1235
2559	2048	1280	2476	2016	1236
2815	2048	1280	2687	2016	1234
3071	2048	1280	2902	2013	1233
3327	2048	1280	3126	2014	1232
3583	2048	1280	3344	2017	1230
3839	2048	1280	3548	2012	1230
4095	2048	1280	3778	2014	1232
0	2303	1280	283	2278	1243
256	2303	1280	512	2283	1244
512	2303	1280	733	2284	1244
768	2303	1280	950	2284	1241
1024	2303	1280	1172	2282	1242
1280	2303	1280	1390	2282	1238
1536	2303	1280	1608	2284	1240
1792	2303	1280	1828	2289	1238
2048	2303	1280	2038	2283	1238
2303	2303	1280	2279	2287	1242
2559	2303	1280	2501	2290	1236
2815	2303	1280	2709	2286	1237
3071	2303	1280	2927	2284	1233
3327	2303	1280	3149	2284	1232
3583	2303	1280	3358	2282	1234
3839	2303	1280	3574	2285	1230
4095	2303	1280	3806	2288	1230
0	2559	1280	310	2529	1240
256	2559	1280	538	2530	1242
512	2559	1280	760	2529	1242
768	2559	1280	978	2531	1242
1024	2559	1280	1199	2530	1240
1280	2559	1280	1417	2528	1238
1536	2559	1280	1631	2525	1239
1792	2559	1280	1848	2527	1242
2048	2559	1280	2070	2532	1238
2303	2559	1280	2311	2533	1237
2559	2559	1280	2523	2531	1239
2815	2559	1280	2737	2531	1239
3071	2559	1280	2955	2529	1234
3327	2559	1280	3173	2527	1236
3583	2559	1280	3390	2528	1233
3839	2559	1280	3606	2531	1234
4095	2559	1280	3828	2527	1236
0	2815	1280	335	2774	1246
256	2815	1280	564	2775	1245
512	2815	1280	785	2776	1245
768	2815	1280	1002	2774	1244
1024	2815	1280	1223	2773	1244
1280	2815	1280	1440	2771	1242
1536	2815	1280	1656	2772	1240
1792	2815	1280	1873	2774	1239
2048	2815	1280	2094	2774	1243
2303	2815	1280	2335	2776	1242
2559	2815	1280	2546	2774	1242
2815	2815	1280	2756	2770	1239
3071	2815	1280	2978	2770	1239
3327	2815	1280	3198	2770	1236
3583	2815	1280	3412	2771	1237
3839	2815	1280	3629	2770	1238
4095	2815	1280	3853	2770	1234
0	3071	1280	361	3024	1247
256	3071	1280	588	3026	1248
512	3071	1280	808	3025	1247
768	3071	1280	1026	3027	1246
1024	3071	1280	1248	3022	1244
1280	3071	1280	1466	3023	1243
1536	3071	1280	1683	3026	1242
1792	3071	1280	1899	3025	1244
2048	3071	1280	2122	3025	1243
2303	3071	1280	2358	3027	1242
2559	3071	1280	2574	3029	1242
2815	3071	1280	2782	3022	1241
3071	3071	1280	3004	3020	1237
3327	3071	1280	3220	3018	1238
3583	3071	1280	3436	3020	1238
3839	3071	1280	3656	3022	1238
4095	3071	1280	3879	3023	1236
0	3327	1280	386	3274	1248
256	3327	1280	614	3279	1248
512	3327	1280	835	3282	1247
768	3327	1280	1050	3274	1247
1024	3327	1280	1276	3279	1247
1280	3327	1280	1493	3279	1245
1536	3327	1280	1709	3277	1246
1792	3327	1280	1924	3275	1245
2048	3327	1280	2149	3274	1245
2303	3327	1280	2382	3275	1244
2559	3327	1280	2591	3270	1244
2815	3327	1280	2807	3272	1244
3071	3327	1280	3037	3275	1241
3327	3327	1280	3250	3270	1238
3583	3327	1280	3464	3271	1237
3839	3327	1280	3684	3272	1240
4095	3327	1280	3901	3270	1239
0	3583	1280	412	3521	1250
256	3583	1280	638	3522	1252
512	3583	1280	858	3518	1254
768	3583	1280	1077	3522	1249
1024	3583	1280	1301	3522	1249
1280	3583	1280	1516	3518	1251
1536	3583	1280	1730	3514	1248
1792	3583	1280	1946	3516	1248
2048	3583	1280	2178	3520	1246
2303	3583	1280	2408	3520	1246
2559	3583	1280	2621	3517	1243
2815	3583	1280	2834	3516	1245
3071	3583	1280	3060	3514	1245
3327	3583	1280	3278	3515	1246
3583	3583	1280	3488	3514	1242
3839	3583	1280	3711	3514	1244
4095	3583	1280	3930	3514	1240
0	3839	1280	439	3778	1254
256	3839	1280	663	3772	1255
512	3839	1280	882	3769	1252
768	3839	1280	1103	3773	1254
1024	3839	1280	1325	3768	1251
1280	3839	1280	1540	3766	1251
1536	3839	1280	1756	3768	1249
1792	3839	1280	1976	3773	1248
2048	3839	1280	2206	3770	1251
2303	3839	1280	2430	3766	1250
2559	3839	1280	2645	3766	1249
2815	3839	1280	2858	3762	1246
3071	3839	1280	3088	3766	1246
3327	3839	1280	3308	3771	1246
3583	3839	1280	3515	3764	1246
3839	3839	1280	3737	3762	1245
4095	3839	1280	3956	3766	1246
0	4095	1280	465	4021	1260
256	4095	1280	690	4024	1258
512	4095	1280	910	4022	1254
768	4095	1280	1128	4019	1255
1024	4095	1280	1351	4018	1253
1280	4095	1280	1570	4023	1253
1536	4095	1280	1788	4023	1253
1792	4095	1280	1999	4016	1254
2048	4095	1280	2236	4017	1255
2303	4095	1280	2460	4018	1250
2559	4095	1280	2670	4012	1250
2815	4095	1280	2885	4007	1248
3071	4095	1280	3116	4014	1250
3327	4095	1280	3328	4008	1250
3583	4095	1280	3540	4009	1251
3839	4095	1280	3765	4008	1247
4095	4095	1280	3978	4010	1246
0	0	1536	68	24	1458
256	0	1536	299	24	1460
512	0	1536	526	26	1459
768	0	1536	746	27	1458
1024	0	1536	961	27	1457
1280	0	1536	1182	29	1458
1536	0	1536	1399	30	1454
1792	0	1536	1611	31	1454
2048	0	1536	1827	32	1455
2303	0	1536	2042	33	1455
2559	0	1536	2284	34	1456
2815	0	1536	2498	36	1455
3071	0	1536	2709	36	1454
3327	0	1536	2925	36	1449
3583	0	1536	3142	37	1449
3839	0	1536	3354	39	1447
4095	0	1536	3564	39	1447
0	256	1536	91	278	1458
256	256	1536	321	279	1458
512	256	1536	548	281	1460
768	256	1536	768	283	1461
1024	256	1536	984	284	1460
1280	256	1536	1204	284	1456
1536	256	1536	1419	285	1454
1792	256	1536	1634	286	1457
2048	256	1536	1852	288	1458
2303	256	1536	2069	288	1458
2559	256	1536	2309	290	1458
2815	256	1536	2520	290	1456
3071	256	1536	2729	291	1453
3327	256	1536	2949	291	1454
3583	256	1536	3170	293	1453
3839	256	1536	3380	294	1449
4095	256	1536	3592	293	1450
0	512	1536	116	529	1462
256	512	1536	345	529	1462
512	512	1536	573	532	1464
768	512	1536	793	534	1463
1024	512	1536	1008	534	1463
1280	512	1536	1228	534	1459
1536	512	1536	1444	534	1459
1792	512	1536	1660	536	1461
2048	512	1536	1877	538	1461
2303	512	1536	2098	538	1460
2559	512	1536	2334	539	1460
2815	512	1536	2545	540	1460
3071	512	1536	2752	539	1454
3327	512	1536	2975	540	1456
3583	512	1536	3196	542	1456
3839	512	1536	3406	542	1452
4095	512	1536	3620	542	1454
0	768	1536	142	777	1465
256	768	1536	372	779	1464
512	768	1536	596	779	1466
768	768	1536	817	781	1465
1024	768	1536	1032	783	1465
1280	768	1536	1254	782	1464
1536	768	1536	1472	784	1466
1792	768	1536	1688	785	1464
2048	768	1536	1902	786	1462
2303	768	1536	2125	786	1464
2559	768	1536	2361	788	1465
2815	768	1536	2574	788	1460
3071	768	1536	2780	787	1460
3327	768	1536	3004	788	1459
3583	768	1536	3220	787	1457
3839	768	1536	3432	788	1456
4095	768	1536	3652	790	1458
0	1024	1536	167	1030	1470
256	1024	1536	397	1032	1471
512	1024	1536	623	1034	1469
768	1024	1536	842	1034	1467
1024	1024	1536	1057	1033	1469
1280	1024	1536	1283	1037	1470
1536	1024	1536	1495	1035	1467
1792	1024	1536	1708	1034	1462
2048	1024	1536	1923	1035	1464
2303	1024	1536	2151	1037	1467
2559	1024	1536	2385	1039	1465
2815	1024	1536	2596	1038	1464
3071	1024	1536	2809	1040	1464
3327	1024	1536	3032	1039	1462
3583	1024	1536	3246	1038	1459
3839	1024	1536	3457	1038	1460
4095	1024	1536	3675	1039	1457
0	1280	1536	192	1281	1470
256	1280	1536	422	1282	1470
512	1280	1536	647	1285	1472
768	1280	1536	866	1286	1472
1024	1280	1536	1082	1284	1468
1280	1280	1536	1308	1286	1471
1536	1280	1536	1523	1288	1471
1792	1280	1536	1738	1288	1467
2048	1280	1536	1954	1290	1471
2303	1280	1536	2183	1290	1469
2559	1280	1536	2410	1290	1468
2815	1280	1536	2621	1288	1471
3071	1280	1536	2839	1291	1465
3327	1280	1536	3058	1288	1464
3583	1280	1536	3271	1288	1462
3839	1280	1536	3483	1288	1462
4095	1280	1536	3700	1287	1458
0	1536	1536	218	1526	1476
256	1536	1536	448	1529	1474
512	1536	1536	671	1528	1473
768	1536	1536	890	1528	1477
1024	1536	1536	1109	1530	1472
1280	1536	1536	1331	1530	1474
1536	1536	1536	1546	1531	1473
1792	1536	1536	1760	1530	1473
2048	1536	1536	1975	1531	1472
2303	1536	1536	2212	1535	1473
2559	1536	1536	2437	1535	1472
2815	1536	1536	2644	1532	1468
3071	1536	1536	2860	1531	1472
3327	1536	1536	3082	1531	1466
3583	1536	1536	3298	1531	1466
3839	1536	1536	3502	1528	1464
4095	1536	1536	3730	1531	1463
0	1792	1536	244	1769	1474
256	1792	1536	474	1774	1476
512	1792	1536	696	1774	1477
768	1792	1536	914	1774	1473
1024	1792	1536	1133	1774	1475
1280	1792	1536	1353	1772	1474
1536	1792	1536	1571	1775	1474
1792	1792	1536	1786	1775	1474
2048	1792	1536	2003	1776	1471
2303	1792	1536	2241	1780	1472
2559	1792	1536	2464	1782	1478
2815	1792	1536	2676	1781	1471
3071	1792	1536	2888	1777	1470
3327	1792	1536	3108	1774	1466
3583	1792	1536	3328	1778	1467
3839	1792	1536	3529	1773	1466
4095	1792	1536	3762	1776	1462
0	2048	1536	270	2014	1478
256	2048	1536	499	2016	1478
512	2048	1536	722	2020	1480
768	2048	1536	938	2018	1478
1024	2048	1536	1158	2017	1480
1280	2048	1536	1381	2019	1473
1536	2048	1536	1598	2020	1476
1792	2048	1536	1816	2023	1476
2048	2048	1536	2027	2020	1475
2303	2048	1536	2265	2019	1475
2559	2048	1536	2487	2022	1479
2815	2048	1536	2700	2022	1476
3071	2048	1536	2918	2020	1474
3327	2048	1536	3140	2020	1470
3583	2048	1536	3348	2016	1472
3839	2048	1536	3566	2021	1472
4095	2048	1536	3793	2020	1466
0	2303	1536	295	2290	1481
256	2303	1536	525	2292	1481
512	2303	1536	746	2292	1482
768	2303	1536	963	2292	1484
1024	2303	1536	1185	2290	1478
1280	2303	1536	1405	2290	1480
1536	2303	1536	1621	2292	1481
1792	2303	1536	1835	2288	1482
2048	2303	1536	2055	2294	1477
2303	2303	1536	2298	2296	1478
2559	2303	1536	2512	2294	1477
2815	2303	1536	2722	2292	1479
3071	2303	1536	2938	2289	1475
3327	2303	1536	3157	2287	1475
3583	2303	1536	3375	2291	1471
3839	2303	1536	3584	2288	1473
4095	2303	1536	3818	2293	1473
0	2559	1536	322	2536	1487
256	2559	1536	551	2539	1487
512	2559	1536	772	2536	1487
768	2559	1536	988	2536	1485
1024	2559	1536	1213	2538	1484
1280	2559	1536	1430	2535	1481
1536	2559	1536	1644	2532	1483
1792	2559	1536	1862	2535	1478
2048	2559	1536	2081	2534	1482
2303	2559	1536	2324	2538	1482
2559	2559	1536	2533	2534	1482
2815	2559	1536	2750	2536	1479
3071	2559	1536	2968	2534	1477
3327	2559	1536	3185	2531	1472
3583	2559	1536	3398	2531	1476
3839	2559	1536	3610	2530	1473
4095	2559	1536	3841	2532	1474
0	2815	1536	347	2779	1488
256	2815	1536	574	2780	1488
512	2815	1536	795	2778	1487
768	2815	1536	1015	2786	1488
1024	2815	1536	1235	2779	1486
1280	2815	1536	1453	2778	1486
1536	2815	1536	1670	2779	1482
1792	2815	1536	1886	2779	1484
2048	2815	1536	2108	2779	1482
2303	2815	1536	2347	2782	1483
2559	2815	1536	2561	2782	1483
2815	2815	1536	2769	2777	1479
3071	2815	1536	2990	2774	1481
3327	2815	1536	3208	2774	1476
3583	2815	1536	3421	2774	1476
3839	2815	1536	3638	2773	1474
4095	2815	1536	3865	2776	1475
0	3071	1536	372	3027	1488
256	3071	1536	600	3031	1488
512	3071	1536	820	3034	1488
768	3071	1536	1036	3028	1486
1024	3071	1536	1262	3030	1490
1280	3071	1536	1477	3030	1483
1536	3071	1536	1692	3028	1486
1792	3071	1536	1908	3026	1485
2048	3071	1536	2132	3028	1484
2303	3071	1536	2368	3030	1484
2559	3071	1536	2580	3028	1484
2815	3071	1536	2795	3028	1485
3071	3071	1536	3019	3028	1479
3327	3071	1536	3232	3023	1477
3583	3071	1536	3446	3024	1477
3839	3071	1536	3669	3028	1476
4095	3071	1536	3889	3027	1477
0	3327	1536	398	3283	1489
256	3327	1536	624	3281	1490
512	3327	1536	843	3278	1490
768	3327	1536	1062	3283	1486
1024	3327	1536	1288	3283	1486
1280	3327	1536	1502	3280	1488
1536	3327	1536	1717	3277	1486
1792	3327	1536	1934	3279	1484
2048	3327	1536	2164	3283	1484
2303	3327	1536	2396	3284	1484
2559	3327	1536	2608	3282	1482
2815	3327	1536	2824	3282	1481
3071	3327	1536	3043	3273	1482
3327	3327	1536	3260	3274	1481
3583	3327	1536	3470	3272	1476
3839	3327	1536	3690	3271	1480
4095	3327	1536	3911	3274	1478
0	3583	1536	424	3524	1495
256	3583	1536	648	3524	1493
512	3583	1536	868	3524	1489
768	3583	1536	1088	3525	1492
1024	3583	1536	1311	3522	1491
1280	3583	1536	1525	3519	1491
1536	3583	1536	1743	3523	1488
1792	3583	1536	1961	3528	1488
2048	3583	1536	2191	3525	1490
2303	3583	1536	2418	3523	1490
2559	3583	1536	2633	3524	1488
2815	3583	1536	2842	3517	1486
3071	3583	1536	3073	3520	1487
3327	3583	1536	3292	3524	1482
3583	3583	1536	3497	3517	1482
3839	3583	1536	3717	3513	1478
4095	3583	1536	3937	3516	1480
0	3839	1536	449	3774	1494
256	3839	1536	676	3778	1495
512	3839	1536	894	3778	1495
768	3839	1536	1112	3774	1493
1024	3839	1536	1335	3772	1491
1280	3839	1536	1551	3774	1490
1536	3839	1536	1770	3779	1490
1792	3839	1536	1983	3772	1493
2048	3839	1536	2217	3773	1493
2303	3839	1536	2445	3776	1488
2559	3839	1536	2658	3774	1490
2815	3839	1536	2870	3768	1486
3071	3839	1536	3102	3776	1488
3327	3839	1536	3314	3770	1488
3583	3839	1536	3527	3770	1488
3839	3839	1536	3751	3770	1483
4095	3839	1536	3961	3766	1482
0	4095	1536	476	4028	1498
256	4095	1536	701	4030	1499
512	4095	1536	920	4028	1500
768	4095	1536	1141	4026	1496
1024	4095	1536	1363	4025	1495
1280	4095	1536	1580	4027	1496
1536	4095	1536	1794	4020	1495
1792	4095	1536	2011	4022	1495
2048	4095	1536	2250	4026	1491
2303	4095	1536	2472	4025	1495
2559	4095	1536	2686	4024	1493
2815	4095	1536	2904	4023	1490
3071	4095	1536	3126	4019	1492
3327	4095	1536	3340	4017	1489
3583	4095	1536	3555	4018	1489
3839	4095	1536	3778	4014	1490
4095	4095	1536	3985	4012	1487
0	0	1792	79	28	1695
256	0	1792	309	29	1696
512	0	1792	537	30	1696
768	0	1792	757	31	1696
1024	0	1792	974	32	1699
1280	0	1792	1193	33	1695
1536	0	1792	1410	34	1694
1792	0	1792	1625	36	1697
2048	0	1792	1843	36	1695
2303	0	1792	2058	37	1696
2559	0	1792	2300	38	1696
2815	0	1792	2512	40	1694
3071	0	1792	2720	40	1690
3327	0	1792	2941	40	1690
3583	0	1792	3162	41	1691
3839	0	1792	3374	42	1686
4095	0	1792	3580	44	1687
0	256	1792	103	282	1700
256	256	1792	334	284	1700
512	256	1792	561	286	1700
768	256	1792	780	288	1700
1024	256	1792	995	288	1697
1280	256	1792	1216	289	1696
1536	256	1792	1434	290	1698
1792	256	1792	1649	292	1696
2048	256	1792	1863	291	1696
2303	256	1792	2083	293	1697
2559	256	1792	2323	295	1698
2815	256	1792	2538	296	1699
3071	256	1792	2744	296	1694
3327	256	1792	2965	296	1693
3583	256	1792	3183	297	1690
3839	256	1792	3396	298	1690
4095	256	1792	3612	298	1689
0	512	1792	128	534	1703
256	512	1792	358	535	1705
512	512	1792	585	538	1704
768	512	1792	805	538	1702
1024	512	1792	1019	539	1701
1280	512	1792	1241	539	1700
1536	512	1792	1460	541	1704
1792	512	1792	1673	542	1697
2048	512	1792	1887	542	1700
2303	512	1792	2112	543	1699
2559	512	1792	2348	544	1703
2815	512	1792	2565	546	1702
3071	512	1792	2773	546	1699
3327	512	1792	2994	545	1695
3583	512	1792	3210	546	1694
3839	512	1792	3423	547	1694
4095	512	1792	3639	548	1691
0	768	1792	153	782	1704
256	768	1792	384	784	1707
512	768	1792	609	786	1708
768	768	1792	829	788	1702
1024	768	1792	1043	787	1705
1280	768	1792	1268	790	1705
1536	768	1792	1484	789	1704
1792	768	1792	1700	789	1702
2048	768	1792	1914	790	1702
2303	768	1792	2138	791	1703
2559	768	1792	2373	792	1702
2815	768	1792	2583	792	1702
3071	768	1792	2798	794	1701
3327	768	1792	3018	792	1697
3583	768	1792	3234	792	1696
3839	768	1792	3449	794	1698
4095	768	1792	3665	794	1691
0	1024	1792	178	1036	1709
256	1024	1792	409	1038	1712
512	1024	1792	635	1039	1710
768	1024	1792	853	1040	1710
1024	1024	1792	1072	1041	1709
1280	1024	1792	1296	1042	1709
1536	1024	1792	1505	1039	1703
1792	1024	1792	1723	1041	1706
2048	1024	1792	1939	1042	1705
2303	1024	1792	2169	1045	1710
2559	1024	1792	2400	1046	1703
2815	1024	1792	2606	1043	1704
3071	1024	1792	2822	1045	1701
3327	1024	1792	3046	1044	1701
3583	1024	1792	3262	1044	1700
3839	1024	1792	3473	1045	1699
4095	1024	1792	3692	1045	1696
0	1280	1792	204	1287	1710
256	1280	1792	434	1289	1711
512	1280	1792	658	1290	1709
768	1280	1792	877	1289	1711
1024	1280	1792	1096	1291	1713
1280	1280	1792	1321	1293	1708
1536	1280	1792	1532	1292	1708
1792	1280	1792	1747	1291	1706
2048	1280	1792	1962	1292	1708
2303	1280	1792	2196	1295	1712
2559	1280	1792	2426	1296	1709
2815	1280	1792	2635	1295	1705
3071	1280	1792	2844	1292	1701
3327	1280	1792	3066	1291	1703
3583	1280	1792	3287	1293	1703
3839	1280	1792	3492	1291	1697
4095	1280	1792	3714	1292	1698
0	1536	1792	230	1531	1712
256	1536	1792	460	1534	1715
512	1536	1792	682	1534	1715
768	1536	1792	901	1534	1712
1024	1536	1792	1120	1534	1713
1280	1536	1792	1341	1534	1714
1536	1536	1792	1556	1534	1709
1792	1536	1792	1774	1536	1710
2048	1536	1792	1992	1538	1709
2303	1536	1792	2223	1538	1709
2559	1536	1792	2449	1540	1712
2815	1536	1792	2661	1539	1708
3071	1536	1792	2873	1536	1703
3327	1536	1792	3095	1534	1708
3583	1536	1792	3317	1539	1707
3839	1536	1792	3522	1536	1702
4095	1536	1792	3745	1535	1698
0	1792	1792	255	1775	1716
256	1792	1792	486	1778	1714
512	1792	1792	708	1780	1717
768	1792	1792	926	1783	1713
1024	1792	1792	1147	1782	1715
1280	1792	1792	1367	1780	1712
1536	1792	1792	1584	1782	1711
1792	1792	1792	1804	1786	1713
2048	1792	1792	2016	1783	1713
2303	1792	1792	2250	1782	1715
2559	1792	1792	2474	1785	1712
2815	1792	1792	2686	1785	1714
3071	1792	1792	2900	1782	1708
3327	1792	1792	3124	1782	1704
3583	1792	1792	3334	1779	1708
3839	1792	1792	3547	1781	1708
4095	1792	1792	3777	1783	1704
0	2048	1792	282	2019	1717
256	2048	1792	511	2024	1718
512	2048	1792	734	2026	1720
768	2048	1792	952	2026	1720
1024	2048	1792	1172	2024	1721
1280	2048	1792	1394	2025	1716
1536	2048	1792	1610	2027	1717
1792	2048	1792	1822	2023	1719
2048	2048	1792	2042	2026	1720
2303	2048	1792	2282	2028	1716
2559	2048	1792	2500	2028	1713
2815	2048	1792	2711	2026	1716
3071	2048	1792	2926	2024	1710
3327	2048	1792	3146	2022	1711
3583	2048	1792	3362	2024	1707
3839	2048	1792	3575	2025	1708
4095	2048	1792	3805	2025	1708
0	2303	1792	306	2296	1720
256	2303	1792	537	2299	1721
512	2303	1792	757	2298	1724
768	2303	1792	974	2296	1724
1024	2303	1792	1198	2298	1722
1280	2303	1792	1416	2297	1720
1536	2303	1792	1630	2294	1721
1792	2303	1792	1849	2296	1716
2048	2303	1792	2065	2297	1719
2303	2303	1792	2310	2302	1719
2559	2303	1792	2521	2297	1719
2815	2303	1792	2734	2298	1718
3071	2303	1792	2953	2297	1714
3327	2303	1792	3173	2296	1710
3583	2303	1792	3386	2296	1712
3839	2303	1792	3596	2293	1710
4095	2303	1792	3827	2296	1710
0	2559	1792	332	2541	1727
256	2559	1792	562	2542	1728
512	2559	1792	782	2539	1728
768	2559	1792	1001	2543	1726
1024	2559	1792	1223	2540	1722
1280	2559	1792	1442	2541	1724
1536	2559	1792	1658	2542	1718
1792	2559	1792	1874	2540	1720
2048	2559	1792	2095	2541	1719
2303	2559	1792	2336	2544	1722
2559	2559	1792	2548	2542	1722
2815	2559	1792	2759	2540	1716
3071	2559	1792	2979	2538	1718
3327	2559	1792	3199	2538	1714
3583	2559	1792	3412	2537	1714
3839	2559	1792	3626	2537	1710
4095	2559	1792	3861	2544	1712
0	2815	1792	358	2784	1728
256	2815	1792	586	2787	1727
512	2815	1792	809	2790	1726
768	2815	1792	1026	2789	1726
1024	2815	1792	1249	2788	1727
1280	2815	1792	1467	2788	1722
1536	2815	1792	1684	2787	1725
1792	2815	1792	1899	2786	1723
2048	2815	1792	2122	2786	1722
2303	2815	1792	2360	2789	1723
2559	2815	1792	2569	2784	1723
2815	2815	1792	2784	2784	1720
3071	2815	1792	3008	2785	1717
3327	2815	1792	3223	2781	1715
3583	2815	1792	3436	2781	1715
3839	2815	1792	3657	2784	1713
4095	2815	1792	3877	2781	1716
0	3071	1792	384	3041	1729
256	3071	1792	612	3042	1730
512	3071	1792	831	3038	1732
768	3071	1792	1050	3041	1729
1024	3071	1792	1275	3038	1728
1280	3071	1792	1490	3038	1727
1536	3071	1792	1705	3036	1726
1792	3071	1792	1923	3036	1725
2048	3071	1792	2150	3040	1724
2303	3071	1792	2384	3041	1725
2559	3071	1792	2596	3038	1721
2815	3071	1792	2810	3037	1720
3071	3071	1792	3029	3030	1721
3327	3071	1792	3249	3032	1720
3583	3071	1792	3458	3030	1715
3839	3071	1792	3676	3029	1718
4095	3071	1792	3901	3033	1715
0	3327	1792	409	3285	1733
256	3327	1792	635	3286	1732
512	3327	1792	856	3288	1729
768	3327	1792	1074	3289	1731
1024	3327	1792	1298	3285	1730
1280	3327	1792	1512	3282	1727
1536	3327	1792	1731	3288	1727
1792	3327	1792	1950	3292	1725
2048	3327	1792	2177	3289	1728
2303	3327	1792	2405	3284	1727
2559	3327	1792	2620	3288	1724
2815	3327	1792	2832	3283	1722
3071	3327	1792	3057	3282	1722
3327	3327	1792	3273	3282	1717
3583	3327	1792	3485	3281	1719
3839	3327	1792	3706	3280	1714
4095	3327	1792	3928	3284	1716
0	3583	1792	435	3530	1732
256	3583	1792	661	3535	1730
512	3583	1792	882	3538	1732
768	3583	1792	1100	3531	1731
1024	3583	1792	1322	3528	1728
1280	3583	1792	1538	3531	1728
1536	3583	1792	1758	3536	1728
1792	3583	1792	1972	3532	1732
2048	3583	1792	2202	3528	1731
2303	3583	1792	2431	3530	1724
2559	3583	1792	2645	3531	1727
2815	3583	1792	2857	3525	1723
3071	3583	1792	3090	3531	1723
3327	3583	1792	3300	3525	1722
3583	3583	1792	3514	3527	1721
3839	3583	1792	3741	3530	1721
4095	3583	1792	3954	3526	1720
0	3839	1792	462	3788	1736
256	3839	1792	688	3792	1737
512	3839	1792	907	3790	1740
768	3839	1792	1125	3785	1733
1024	3839	1792	1349	3784	1732
1280	3839	1792	1566	3786	1734
1536	3839	1792	1780	3781	1734
1792	3839	1792	1997	3782	1734
2048	3839	1792	2234	3784	1730
2303	3839	1792	2459	3785	1730
2559	3839	1792	2672	3784	1729
2815	3839	1792	2890	3782	1726
3071	3839	1792	3109	3775	1728
3327	3839	1792	3326	3775	1728
3583	3839	1792	3544	3781	1725
3839	3839	1792	3766	3778	1726
4095	3839	1792	3976	3774	1725
0	4095	1792	488	4035	1741
256	4095	1792	712	4034	1743
512	4095	1792	930	4032	1742
768	4095	1792	1152	4033	1738
1024	4095	1792	1374	4033	1738
1280	4095	1792	1589	4028	1736
1536	4095	1792	1808	4032	1737
1792	4095	1792	2024	4030	1732
2048	4095	1792	2265	4036	1735
2303	4095	1792	2484	4032	1736
2559	4095	1792	2698	4031	1734
2815	4095	1792	2918	4031	1732
3071	4095	1792	3136	4022	1727
3327	4095	1792	3352	4022	1728
3583	4095	1792	3566	4024	1728
3839	4095	1792	3793	4023	1729
4095	4095	1792	4005	4026	1724
0	0	2048	91	32	1940
256	0	2048	321	33	1940
512	0	2048	550	34	1938
768	0	2048	768	35	1937
1024	0	2048	984	36	1939
1280	0	2048	1206	37	1938
1536	0	2048	1423	38	1935
1792	0	2048	1636	38	1936
2048	0	2048	1854	40	1937
2303	0	2048	2072	41	1940
2559	0	2048	2314	42	1938
2815	0	2048	2520	43	1932
3071	0	2048	2731	44	1931
3327	0	2048	2950	45	1930
3583	0	2048	3170	46	1930
3839	0	2048	3382	46	1925
4095	0	2048	3590	47	1926
0	256	2048	114	286	1941
256	256	2048	344	288	1942
512	256	2048	571	291	1940
768	256	2048	790	291	1939
1024	256	2048	1006	292	1939
1280	256	2048	1226	293	1936
1536	256	2048	1444	294	1937
1792	256	2048	1660	295	1938
2048	256	2048	1877	296	1942
2303	256	2048	2099	298	1936
2559	256	2048	2330	298	1938
2815	256	2048	2548	300	1939
3071	256	2048	2755	299	1934
3327	256	2048	2976	300	1932
3583	256	2048	3198	301	1934
3839	256	2048	3409	302	1930
4095	256	2048	3621	302	1927
0	512	2048	139	538	1943
256	512	2048	368	538	1944
512	512	2048	595	541	1942
768	512	2048	814	541	1946
1024	512	2048	1031	544	1944
1280	512	2048	1252	543	1941
1536	512	2048	1468	544	1941
1792	512	2048	1684	546	1940
2048	512	2048	1901	546	1944
2303	512	2048	2125	547	1939
2559	512	2048	2356	548	1943
2815	512	2048	2574	550	1940
3071	512	2048	2784	549	1939
3327	512	2048	3006	550	1937
3583	512	2048	3222	550	1936
3839	512	2048	3435	551	1934
4095	512	2048	3651	551	1931
0	768	2048	164	788	1946
256	768	2048	394	787	1947
512	768	2048	621	790	1951
768	768	2048	842	792	1946
1024	768	2048	1056	792	1948
1280	768	2048	1282	794	1948
1536	768	2048	1495	794	1946
1792	768	2048	1713	795	1947
2048	768	2048	1926	795	1942
2303	768	2048	2149	794	1943
2559	768	2048	2382	796	1944
2815	768	2048	2595	797	1942
3071	768	2048	2807	797	1940
3327	768	2048	3034	796	1942
3583	768	2048	3242	796	1934
3839	768	2048	3456	798	1936
4095	768	2048	3678	798	1934
0	1024	2048	190	1040	1950
256	1024	2048	420	1042	1952
512	1024	2048	646	1044	1952
768	1024	2048	865	1044	1952
1024	1024	2048	1082	1045	1950
1280	1024	2048	1307	1046	1951
1536	1024	2048	1521	1046	1951
1792	1024	2048	1736	1046	1948
2048	1024	2048	1952	1048	1947
2303	1024	2048	2181	1049	1951
2559	1024	2048	2413	1050	1949
2815	1024	2048	2624	1050	1944
3071	1024	2048	2833	1048	1945
3327	1024	2048	3063	1049	1944
3583	1024	2048	3275	1050	1942
3839	1024	2048	3484	1049	1940
4095	1024	2048	3706	1050	1938
0	1280	2048	216	1291	1954
256	1280	2048	444	1293	1954
512	1280	2048	670	1294	1955
768	1280	2048	889	1296	1954
1024	1280	2048	1108	1296	1953
1280	1280	2048	1331	1297	1956
1536	1280	2048	1548	1300	1955
1792	1280	2048	1759	1296	1949
2048	1280	2048	1977	1299	1953
2303	1280	2048	2212	1302	1954
2559	1280	2048	2438	1301	1952
2815	1280	2048	2647	1300	1948
3071	1280	2048	2860	1298	1944
3327	1280	2048	3079	1296	1945
3583	1280	2048	3301	1299	1945
3839	1280	2048	3509	1298	1943
4095	1280	2048	3733	1299	1942
0	1536	2048	243	1539	1956
256	1536	2048	473	1541	1956
512	1536	2048	694	1539	1956
768	1536	2048	912	1538	1956
1024	1536	2048	1133	1540	1956
1280	1536	2048	1356	1542	1951
1536	1536	2048	1566	1538	1951
1792	1536	2048	1783	1538	1951
2048	1536	2048	2004	1544	1957
2303	1536	2048	2238	1545	1952
2559	1536	2048	2460	1544	1952
2815	1536	2048	2673	1544	1952
3071	1536	2048	2888	1542	1946
3327	1536	2048	3107	1540	1949
3583	1536	2048	3329	1544	1950
3839	1536	2048	3542	1545	1950
4095	1536	2048	3764	1543	1945
0	1792	2048	268	1785	1959
256	1792	2048	498	1789	1962
512	1792	2048	722	1791	1963
768	1792	2048	940	1791	1957
1024	1792	2048	1162	1790	1958
1280	1792	2048	1382	1790	1960
1536	1792	2048	1594	1786	1952
1792	1792	2048	1813	1787	1953
2048	1792	2048	2033	1791	1953
2303	1792	2048	2268	1792	1958
2559	1792	2048	2487	1791	1954
2815	1792	2048	2701	1791	1954
3071	1792	2048	2919	1790	1953
3327	1792	2048	3140	1789	1950
3583	1792	2048	3350	1786	1947
3839	1792	2048	3561	1786	1946
4095	1792	2048	3788	1787	1947
0	2048	2048	294	2026	1964
256	2048	2048	524	2032	1965
512	2048	2048	744	2030	1968
768	2048	2048	965	2034	1968
1024	2048	2048	1186	2031	1966
1280	2048	2048	1405	2030	1964
1536	2048	2048	1622	2032	1958
1792	2048	2048	1837	2030	1959
2048	2048	2048	2055	2032	1962
2303	2048	2048	2297	2034	1963
2559	2048	2048	2514	2036	1960
2815	2048	2048	2726	2034	1958
3071	2048	2048	2944	2031	1957
3327	2048	2048	3162	2030	1955
3583	2048	2048	3376	2030	1951
3839	2048	2048	3588	2030	1950
4095	2048	2048	3826	2035	1950
0	2303	2048	318	2303	1966
256	2303	2048	548	2303	1968
512	2303	2048	771	2309	1969
768	2303	2048	986	2302	1965
1024	2303	2048	1210	2304	1969
1280	2303	2048	1429	2304	1962
1536	2303	2048	1646	2304	1964
1792	2303	2048	1863	2305	1962
2048	2303	2048	2078	2302	1962
2303	2303	2048	2320	2303	1962
2559	2303	2048	2530	2301	1962
2815	2303	2048	2746	2304	1962
3071	2303	2048	2971	2306	1958
3327	2303	2048	3188	2304	1954
3583	2303	2048	3397	2300	1954
3839	2303	2048	3612	2302	1952
4095	2303	2048	3839	2300	1956
0	2559	2048	345	2550	1970
256	2559	2048	574	2550	1970
512	2559	2048	794	2544	1968
768	2559	2048	1013	2550	1973
1024	2559	2048	1237	2549	1964
1280	2559	2048	1455	2547	1967
1536	2559	2048	1669	2545	1964
1792	2559	2048	1886	2545	1964
2048	2559	2048	2113	2551	1962
2303	2559	2048	2352	2554	1962
2559	2559	2048	2561	2548	1961
2815	2559	2048	2774	2548	1958
3071	2559	2048	2993	2544	1960
3327	2559	2048	3214	2545	1960
3583	2559	2048	3427	2545	1954
3839	2559	2048	3638	2541	1954
4095	2559	2048	3868	2545	1952
0	2815	2048	370	2788	1974
256	2815	2048	598	2791	1972
512	2815	2048	820	2796	1968
768	2815	2048	1038	2794	1968
1024	2815	2048	1262	2795	1972
1280	2815	2048	1478	2792	1968
1536	2815	2048	1694	2791	1967
1792	2815	2048	1908	2789	1963
2048	2815	2048	2132	2788	1968
2303	2815	2048	2371	2793	1970
2559	2815	2048	2584	2792	1965
2815	2815	2048	2798	2792	1964
3071	2815	2048	3022	2791	1962
3327	2815	2048	3238	2790	1957
3583	2815	2048	3451	2789	1960
3839	2815	2048	3672	2791	1954
4095	2815	2048	3894	2791	1956
0	3071	2048	396	3045	1970
256	3071	2048	623	3046	1970
512	3071	2048	843	3042	1974
768	3071	2048	1062	3045	1973
1024	3071	2048	1286	3044	1972
1280	3071	2048	1503	3046	1970
1536	3071	2048	1718	3041	1967
1792	3071	2048	1933	3040	1967
2048	3071	2048	2161	3043	1962
2303	3071	2048	2396	3046	1966
2559	3071	2048	2612	3048	1966
2815	3071	2048	2824	3045	1966
3071	3071	2048	3045	3040	1964
3327	3071	2048	3263	3041	1963
3583	3071	2048	3474	3039	1960
3839	3071	2048	3692	3038	1960
4095	3071	2048	3912	3037	1960
0	3327	2048	420	3294	1976
256	3327	2048	647	3296	1975
512	3327	2048	868	3295	1972
768	3327	2048	1085	3292	1972
1024	3327	2048	1312	3296	1972
1280	3327	2048	1524	3288	1970
1536	3327	2048	1743	3294	1971
1792	3327	2048	1960	3296	1966
2048	3327	2048	2190	3295	1968
2303	3327	2048	2420	3294	1970
2559	3327	2048	2635	3296	1970
2815	3327	2048	2850	3294	1966
3071	3327	2048	3070	3286	1965
3327	3327	2048	3284	3286	1962
3583	3327	2048	3502	3290	1962
3839	3327	2048	3721	3287	1959
4095	3327	2048	3936	3286	1957
0	3583	2048	447	3538	1977
256	3583	2048	672	3538	1976
512	3583	2048	892	3539	1977
768	3583	2048	1111	3536	1972
1024	3583	2048	1332	3530	1974
1280	3583	2048	1548	3533	1974
1536	3583	2048	1768	3536	1969
1792	3583	2048	1982	3534	1974
2048	3583	2048	2216	3534	1973
2303	3583	2048	2444	3537	1971
2559	3583	2048	2658	3536	1971
2815	3583	2048	2870	3530	1970
3071	3583	2048	3098	3532	1964
3327	3583	2048	3316	3533	1964
3583	3583	2048	3524	3530	1963
3839	3583	2048	3751	3531	1966
4095	3583	2048	3965	3530	1961
0	3839	2048	472	3788	1980
256	3839	2048	698	3789	1980
512	3839	2048	917	3791	1979
768	3839	2048	1137	3791	1977
1024	3839	2048	1360	3787	1972
1280	3839	2048	1577	3790	1976
1536	3839	2048	1791	3784	1974
1792	3839	2048	2008	3786	1974
2048	3839	2048	2244	3786	1973
2303	3839	2048	2470	3788	1973
2559	3839	2048	2685	3790	1974
2815	3839	2048	2900	3786	1968
3071	3839	2048	3122	3781	1969
3327	3839	2048	3340	3783	1969
3583	3839	2048	3553	3783	1969
3839	3839	2048	3779	3784	1965
4095	3839	2048	3987	3780	1967
0	4095	2048	498	4034	1983
256	4095	2048	723	4038	1982
512	4095	2048	941	4036	1982
768	4095	2048	1162	4035	1982
1024	4095	2048	1386	4037	1980
1280	4095	2048	1602	4035	1979
1536	4095	2048	1818	4034	1976
1792	4095	2048	2032	4030	1976
2048	4095	2048	2275	4035	1977
2303	4095	2048	2497	4038	1976
2559	4095	2048	2710	4036	1978
2815	4095	2048	2929	4034	1974
3071	4095	2048	3152	4031	1971
3327	4095	2048	3360	4022	1970
3583	4095	2048	3580	4030	1970
3839	4095	2048	3802	4025	1970
4095	4095	2048	4010	4023	1968
0	0	2303	102	36	2199
256	0	2303	331	37	2201
512	0	2303	559	38	2200
768	0	2303	778	38	2199
1024	0	2303	994	40	2200
1280	0	2303	1216	41	2200
1536	0	2303	1435	42	2202
1792	0	2303	1648	42	2197
2048	0	2303	1862	44	2196
2303	0	2303	2080	45	2199
2559	0	2303	2323	46	2194
2815	0	2303	2529	47	2194
3071	0	2303	2740	48	2192
3327	0	2303	2962	49	2192
3583	0	2303	3180	50	2191
3839	0	2303	3390	50	2187
4095	0	2303	3600	51	2185
0	256	2303	125	290	2204
256	256	2303	355	292	2205
512	256	2303	581	294	2200
768	256	2303	799	295	2199
1024	256	2303	1015	295	2200
1280	256	2303	1240	298	2203
1536	256	2303	1454	298	2198
1792	256	2303	1668	299	2197
2048	256	2303	1886	300	2202
2303	256	2303	2109	302	2200
2559	256	2303	2342	302	2198
2815	256	2303	2555	302	2198
3071	256	2303	2767	303	2198
3327	256	2303	2984	304	2192
3583	256	2303	3206	306	2196
3839	256	2303	3421	305	2194
4095	256	2303	3632	306	2188
0	512	2303	150	542	2208
256	512	2303	380	544	2210
512	512	2303	606	545	2204
768	512	2303	823	545	2205
1024	512	2303	1039	545	2208
1280	512	2303	1265	547	2206
1536	512	2303	1477	548	2201
1792	512	2303	1692	548	2202
2048	512	2303	1911	549	2205
2303	512	2303	2136	551	2204
2559	512	2303	2368	552	2203
2815	512	2303	2582	553	2202
3071	512	2303	2795	553	2203
3327	512	2303	3012	552	2196
3583	512	2303	3231	554	2197
3839	512	2303	3445	555	2198
4095	512	2303	3662	555	2193
0	768	2303	176	791	2212
256	768	2303	405	792	2211
512	768	2303	630	793	2210
768	768	2303	850	794	2208
1024	768	2303	1064	795	2209
1280	768	2303	1290	796	2208
1536	768	2303	1503	796	2206
1792	768	2303	1720	798	2209
2048	768	2303	1937	799	2208
2303	768	2303	2160	798	2204
2559	768	2303	2389	798	2204
2815	768	2303	2602	800	2207
3071	768	2303	2820	802	2200
3327	768	2303	3040	800	2202
3583	768	2303	3252	800	2198
3839	768	2303	3463	801	2196
4095	768	2303	3687	801	2197
0	1024	2303	201	1044	2213
256	1024	2303	431	1044	2215
512	1024	2303	656	1046	2215
768	1024	2303	875	1048	2217
1024	1024	2303	1095	1050	2214
1280	1024	2303	1317	1049	2217
1536	1024	2303	1534	1052	2218
1792	1024	2303	1747	1051	2212
2048	1024	2303	1962	1052	2212
2303	1024	2303	2192	1052	2213
2559	1024	2303	2421	1053	2213
2815	1024	2303	2633	1053	2205
3071	1024	2303	2840	1050	2208
3327	1024	2303	3072	1053	2206
3583	1024	2303	3286	1053	2205
3839	1024	2303	3490	1051	2200
4095	1024	2303	3715	1053	2203
0	1280	2303	228	1295	2219
256	1280	2303	456	1297	2220
512	1280	2303	681	1298	2220
768	1280	2303	900	1298	2219
1024	1280	2303	1118	1300	2216
1280	1280	2303	1340	1300	2220
1536	1280	2303	1558	1302	2216
1792	1280	2303	1771	1301	2215
2048	1280	2303	1988	1302	2217
2303	1280	2303	2221	1304	2215
2559	1280	2303	2446	1304	2216
2815	1280	2303	2658	1303	2212
3071	1280	2303	2870	1302	2208
3327	1280	2303	3090	1300	2206
3583	1280	2303	3306	1300	2205
3839	1280	2303	3522	1302	2207
4095	1280	2303	3748	1304	2207
0	1536	2303	254	1540	2221
256	1536	2303	483	1542	2222
512	1536	2303	706	1545	2224
768	1536	2303	923	1542	2218
1024	1536	2303	1144	1543	2224
1280	1536	2303	1368	1547	2219
1536	1536	2303	1580	1543	2215
1792	1536	2303	1794	1542	2215
2048	1536	2303	2012	1545	2218
2303	1536	2303	2244	1545	2214
2559	1536	2303	2469	1546	2218
2815	1536	2303	2683	1547	2214
3071	1536	2303	2899	1546	2214
3327	1536	2303	3121	1546	2208
3583	1536	2303	3329	1542	2208
3839	1536	2303	3545	1544	2210
4095	1536	2303	3764	1542	2203
0	1792	2303	278	1782	2222
256	1792	2303	508	1787	2223
512	1792	2303	732	1791	2225
768	1792	2303	948	1789	2226
1024	1792	2303	1169	1789	2220
1280	1792	2303	1392	1792	2226
1536	1792	2303	1604	1789	2220
1792	1792	2303	1819	1787	2216
2048	1792	2303	2034	1787	2216
2303	1792	2303	2275	1791	2220
2559	1792	2303	2493	1791	2217
2815	1792	2303	2708	1792	2221
3071	1792	2303	2926	1792	2215
3327	1792	2303	3144	1789	2210
3583	1792	2303	3354	1786	2214
3839	1792	2303	3572	1790	2210
4095	1792	2303	3796	1789	2208
0	2048	2303	304	2030	2225
256	2048	2303	535	2037	2226
512	2048	2303	753	2028	2228
768	2048	2303	973	2033	2231
1024	2048	2303	1195	2032	2225
1280	2048	2303	1413	2031	2228
1536	2048	2303	1628	2029	2223
1792	2048	2303	1845	2032	2220
2048	2048	2303	2068	2037	2220
2303	2048	2303	2310	2040	2220
2559	2048	2303	2522	2037	2222
2815	2048	2303	2735	2035	2220
3071	2048	2303	2952	2033	2222
3327	2048	2303	3169	2031	2216
3583	2048	2303	3382	2031	2211
3839	2048	2303	3593	2028	2215
4095	2048	2303	3826	2033	2213
0	2303	2303	328	2301	2231
256	2303	2303	558	2303	2234
512	2303	2303	779	2307	2236
768	2303	2303	996	2307	2226
1024	2303	2303	1219	2305	2231
1280	2303	2303	1438	2305	2227
1536	2303	2303	1655	2307	2225
1792	2303	2303	1872	2307	2224
2048	2303	2303	2087	2302	2229
2303	2303	2303	2330	2307	2230
2559	2303	2303	2542	2306	2230
2815	2303	2303	2752	2304	2224
3071	2303	2303	2976	2305	2223
3327	2303	2303	3194	2305	2218
3583	2303	2303	3404	2302	2217
3839	2303	2303	3624	2306	2214
4095	2303	2303	3849	2305	2216
0	2559	2303	356	2550	2232
256	2559	2303	584	2552	2233
512	2559	2303	804	2548	2235
768	2559	2303	1021	2548	2235
1024	2559	2303	1246	2549	2232
1280	2559	2303	1464	2549	2230
1536	2559	2303	1678	2545	2230
1792	2559	2303	1893	2543	2230
2048	2559	2303	2120	2548	2224
2303	2559	2303	2356	2550	2227
2559	2559	2303	2565	2546	2226
2815	2559	2303	2780	2548	2225
3071	2559	2303	2997	2542	2220
3327	2559	2303	3219	2543	2223
3583	2559	2303	3436	2547	2218
3839	2559	2303	3650	2546	2220
4095	2559	2303	3873	2544	2219
0	2815	2303	381	2795	2238
256	2815	2303	608	2796	2239
512	2815	2303	829	2794	2234
768	2815	2303	1048	2796	2236
1024	2815	2303	1273	2798	2235
1280	2815	2303	1486	2792	2234
1536	2815	2303	1702	2791	2232
1792	2815	2303	1918	2791	2226
2048	2815	2303	2145	2794	2230
2303	2815	2303	2384	2798	2232
2559	2815	2303	2591	2792	2226
2815	2815	2303	2808	2796	2226
3071	2815	2303	3032	2794	2226
3327	2815	2303	3248	2792	2219
3583	2815	2303	3460	2791	2224
3839	2815	2303	3679	2791	2222
4095	2815	2303	3901	2793	2220
0	3071	2303	406	3046	2240
256	3071	2303	633	3047	2241
512	3071	2303	852	3043	2238
768	3071	2303	1073	3049	2240
1024	3071	2303	1297	3046	2238
1280	3071	2303	1512	3048	2238
1536	3071	2303	1728	3045	2232
1792	3071	2303	1944	3044	2232
2048	3071	2303	2172	3046	2232
2303	3071	2303	2404	3048	2236
2559	3071	2303	2620	3048	2230
2815	3071	2303	2830	3045	2232
3071	3071	2303	3054	3042	2231
3327	3071	2303	3270	3042	2228
3583	3071	2303	3482	3041	2226
3839	3071	2303	3705	3042	2224
4095	3071	2303	3925	3044	2225
0	3327	2303	432	3294	2240
256	3327	2303	658	3297	2241
512	3327	2303	878	3298	2238
768	3327	2303	1096	3294	2240
1024	3327	2303	1323	3299	2237
1280	3327	2303	1536	3295	2236
1536	3327	2303	1751	3294	2237
1792	3327	2303	1966	3291	2234
2048	3327	2303	2200	3295	2235
2303	3327	2303	2431	3300	2235
2559	3327	2303	2644	3298	2236
2815	3327	2303	2858	3294	2230
3071	3327	2303	3084	3294	2230
3327	3327	2303	3293	3288	2226
3583	3327	2303	3510	3292	2226
3839	3327	2303	3733	3292	2226
4095	3327	2303	3949	3292	2226
0	3583	2303	459	3545	2243
256	3583	2303	682	3542	2244
512	3583	2303	902	3540	2244
768	3583	2303	1122	3540	2239
1024	3583	2303	1344	3538	2242
1280	3583	2303	1560	3538	2238
1536	3583	2303	1778	3539	2238
1792	3583	2303	1994	3539	2238
2048	3583	2303	2231	3543	2236
2303	3583	2303	2456	3542	2240
2559	3583	2303	2668	3540	2238
2815	3583	2303	2886	3539	2235
3071	3583	2303	3109	3535	2234
3327	3583	2303	3328	3540	2235
3583	3583	2303	3539	3538	2229
3839	3583	2303	3762	3535	2232
4095	3583	2303	3975	3534	2230
0	3839	2303	485	3798	2252
256	3839	2303	708	3795	2251
512	3839	2303	926	3793	2245
768	3839	2303	1147	3792	2246
1024	3839	2303	1369	3788	2243
1280	3839	2303	1584	3788	2243
1536	3839	2303	1804	3792	2243
1792	3839	2303	2024	3798	2244
2048	3839	2303	2259	3794	2245
2303	3839	2303	2480	3792	2245
2559	3839	2303	2695	3793	2240
2815	3839	2303	2912	3790	2241
3071	3839	2303	3133	3786	2236
3327	3839	2303	3356	3792	2239
3583	3839	2303	3560	3783	2238
3839	3839	2303	3783	3779	2235
4095	3839	2303	3998	3783	2233
0	4095	2303	510	4038	2254
256	4095	2303	734	4044	2255
512	4095	2303	953	4044	2252
768	4095	2303	1173	4038	2248
1024	4095	2303	1394	4035	2245
1280	4095	2303	1614	4040	2245
1536	4095	2303	1832	4042	2248
1792	4095	2303	2047	4040	2248
2048	4095	2303	2286	4038	2249
2303	4095	2303	2506	4040	2245
2559	4095	2303	2718	4036	2244
2815	4095	2303	2937	4034	2244
3071	4095	2303	3165	4038	2240
3327	4095	2303	3378	4036	2242
3583	4095	2303	3586	4029	2241
3839	4095	2303	3816	4031	2235
4095	4095	2303	4024	4030	2233
0	0	2559	112	40	2434
256	0	2559	342	42	2436
512	0	2559	569	42	2436
768	0	2559	789	42	2437
1024	0	2559	1004	44	2437
1280	0	2559	1226	45	2434
1536	0	2559	1442	46	2434
1792	0	2559	1656	46	2433
2048	0	2559	1872	48	2432
2303	0	2559	2090	49	2433
2559	0	2559	2330	51	2431
2815	0	2559	2541	51	2432
3071	0	2559	2748	52	2427
3327	0	2559	2970	53	2426
3583	0	2559	3187	53	2423
3839	0	2559	3398	54	2420
4095	0	2559	3610	55	2420
0	256	2559	136	294	2438
256	256	2559	366	296	2438
512	256	2559	592	298	2440
768	256	2559	812	299	2436
1024	256	2559	1025	300	2434
1280	256	2559	1250	301	2438
1536	256	2559	1464	302	2435
1792	256	2559	1679	302	2432
2048	256	2559	1894	304	2435
2303	256	2559	2117	304	2433
2559	256	2559	2351	306	2435
2815	256	2559	2568	306	2436
3071	256	2559	2777	306	2433
3327	256	2559	2998	307	2431
3583	256	2559	3213	308	2426
3839	256	2559	3426	309	2427
4095	256	2559	3641	310	2420
0	512	2559	161	545	2442
256	512	2559	391	547	2444
512	512	2559	616	549	2445
768	512	2559	836	550	2442
1024	512	2559	1051	550	2444
1280	512	2559	1277	551	2443
1536	512	2559	1488	552	2438
1792	512	2559	1704	552	2437
2048	512	2559	1920	553	2439
2303	512	2559	2146	555	2438
2559	512	2559	2379	556	2443
2815	512	2559	2596	558	2438
3071	512	2559	2806	557	2439
3327	512	2559	3026	557	2434
3583	512	2559	3239	557	2429
3839	512	2559	3453	558	2432
4095	512	2559	3670	558	2426
0	768	2559	187	795	2446
256	768	2559	416	796	2448
512	768	2559	642	798	2450
768	768	2559	861	800	2446
1024	768	2559	1077	799	2444
1280	768	2559	1300	799	2443
1536	768	2559	1514	799	2442
1792	768	2559	1729	801	2443
2048	768	2559	1944	801	2442
2303	768	2559	2173	803	2445
2559	768	2559	2402	804	2440
2815	768	2559	2612	803	2438
3071	768	2559	2827	804	2436
3327	768	2559	3049	803	2434
3583	768	2559	3264	804	2434
3839	768	2559	3479	806	2434
4095	768	2559	3699	805	2430
0	1024	2559	212	1048	2453
256	1024	2559	443	1051	2458
512	1024	2559	666	1051	2450
768	1024	2559	885	1051	2453
1024	1024	2559	1106	1054	2450
1280	1024	2559	1327	1053	2448
1536	1024	2559	1540	1053	2448
1792	1024	2559	1754	1053	2444
2048	1024	2559	1972	1055	2448
2303	1024	2559	2205	1056	2449
2559	1024	2559	2430	1056	2444
2815	1024	2559	2641	1056	2444
3071	1024	2559	2854	1056	2438
3327	1024	2559	3076	1054	2439
3583	1024	2559	3295	1056	2440
3839	1024	2559	3497	1054	2432
4095	1024	2559	3722	1055	2434
0	1280	2559	239	1301	2458
256	1280	2559	468	1304	2459
512	1280	2559	690	1301	2452
768	1280	2559	908	1300	2452
1024	1280	2559	1126	1301	2451
1280	1280	2559	1350	1302	2453
1536	1280	2559	1564	1304	2450
1792	1280	2559	1780	1304	2451
2048	1280	2559	1998	1306	2451
2303	1280	2559	2228	1304	2446
2559	1280	2559	2452	1305	2451
2815	1280	2559	2666	1306	2446
3071	1280	2559	2879	1304	2440
3327	1280	2559	3099	1302	2442
3583	1280	2559	3317	1304	2439
3839	1280	2559	3528	1305	2440
4095	1280	2559	3749	1304	2436
0	1536	2559	264	1541	2454
256	1536	2559	494	1544	2456
512	1536	2559	717	1548	2461
768	1536	2559	935	1548	2457
1024	1536	2559	1156	1548	2457
1280	1536	2559	1376	1548	2453
1536	1536	2559	1589	1546	2455
1792	1536	2559	1808	1548	2448
2048	1536	2559	2017	1546	2448
2303	1536	2559	2257	1549	2451
2559	1536	2559	2480	1550	2452
2815	1536	2559	2691	1550	2447
3071	1536	2559	2908	1549	2448
3327	1536	2559	3130	1548	2440
3583	1536	2559	3336	1544	2443
3839	1536	2559	3555	1548	2444
4095	1536	2559	3780	1548	2442
0	1792	2559	289	1785	2454
256	1792	2559	518	1789	2455
512	1792	2559	742	1794	2464
768	1792	2559	958	1792	2457
1024	1792	2559	1179	1792	2459
1280	1792	2559	1401	1794	2460
1536	1792	2559	1616	1795	2457
1792	1792	2559	1833	1794	2451
2048	1792	2559	2044	1791	2453
2303	1792	2559	2285	1794	2454
2559	1792	2559	2504	1796	2454
2815	1792	2559	2716	1794	2452
3071	1792	2559	2937	1796	2454
3327	1792	2559	3158	1796	2444
3583	1792	2559	3368	1792	2450
3839	1792	2559	3587	1796	2448
4095	1792	2559	3813	1796	2448
0	2048	2559	316	2037	2459
256	2048	2559	544	2038	2462
512	2048	2559	765	2037	2461
768	2048	2559	983	2034	2465
1024	2048	2559	1206	2036	2460
1280	2048	2559	1425	2037	2462
1536	2048	2559	1639	2035	2461
1792	2048	2559	1854	2033	2458
2048	2048	2559	2079	2040	2454
2303	2048	2559	2316	2038	2454
2559	2048	2559	2530	2038	2455
2815	2048	2559	2745	2039	2458
3071	2048	2559	2958	2034	2446
3327	2048	2559	3176	2032	2451
3583	2048	2559	3394	2036	2449
3839	2048	2559	3609	2036	2446
4095	2048	2559	3834	2035	2449
0	2303	2559	339	2306	2469
256	2303	2559	569	2308	2469
512	2303	2559	790	2310	2469
768	2303	2559	1008	2313	2466
1024	2303	2559	1228	2306	2462
1280	2303	2559	1446	2307	2464
1536	2303	2559	1664	2309	2463
1792	2303	2559	1880	2309	2456
2048	2303	2559	2100	2308	2464
2303	2303	2559	2338	2308	2459
2559	2303	2559	2551	2310	2459
2815	2303	2559	2765	2311	2458
3071	2303	2559	2988	2310	2458
3327	2303	2559	3207	2310	2447
3583	2303	2559	3419	2310	2451
3839	2303	2559	3635	2310	2452
4095	2303	2559	3864	2312	2449
0	2559	2559	366	2551	2467
256	2559	2559	594	2552	2469
512	2559	2559	814	2550	2468
768	2559	2559	1030	2548	2468
1024	2559	2559	1256	2552	2469
1280	2559	2559	1476	2554	2461
1536	2559	2559	1692	2554	2465
1792	2559	2559	1908	2553	2463
2048	2559	2559	2130	2551	2460
2303	2559	2559	2364	2551	2459
2559	2559	2559	2582	2555	2459
2815	2559	2559	2794	2553	2459
3071	2559	2559	3017	2552	2459
3327	2559	2559	3232	2549	2457
3583	2559	2559	3444	2549	2456
3839	2559	2559	3664	2551	2453
4095	2559	2559	3886	2550	2455
0	2815	2559	392	2794	2470
256	2815	2559	619	2796	2471
512	2815	2559	840	2798	2468
768	2815	2559	1058	2798	2465
1024	2815	2559	1280	2794	2464
1280	2815	2559	1500	2799	2468
1536	2815	2559	1715	2797	2470
1792	2815	2559	1928	2795	2467
2048	2815	2559	2156	2796	2464
2303	2815	2559	2390	2798	2463
2559	2815	2559	2597	2791	2464
2815	2815	2559	2814	2794	2464
3071	2815	2559	3041	2795	2461
3327	2815	2559	3258	2795	2460
3583	2815	2559	3471	2796	2455
3839	2815	2559	3690	2794	2456
4095	2815	2559	3906	2792	2454
0	3071	2559	418	3051	2471
256	3071	2559	644	3049	2472
512	3071	2559	862	3043	2472
768	3071	2559	1082	3046	2470
1024	3071	2559	1308	3052	2469
1280	3071	2559	1522	3049	2466
1536	3071	2559	1738	3047	2469
1792	3071	2559	1956	3050	2466
2048	3071	2559	2185	3051	2464
2303	3071	2559	2414	3048	2467
2559	3071	2559	2628	3050	2460
2815	3071	2559	2844	3050	2462
3071	3071	2559	3064	3044	2460
3327	3071	2559	3284	3047	2460
3583	3071	2559	3492	3044	2460
3839	3071	2559	3714	3044	2458
4095	3071	2559	3934	3047	2456
0	3327	2559	442	3293	2476
256	3327	2559	668	3298	2475
512	3327	2559	889	3302	2468
768	3327	2559	1108	3303	2470
1024	3327	2559	1332	3300	2474
1280	3327	2559	1546	3300	2473
1536	3327	2559	1764	3300	2469
1792	3327	2559	1981	3300	2468
2048	3327	2559	2214	3300	2471
2303	3327	2559	2440	3302	2467
2559	3327	2559	2652	3299	2468
2815	3327	2559	2864	3293	2466
3071	3327	2559	3094	3297	2460
3327	3327	2559	3309	3298	2460
3583	3327	2559	3519	3294	2461
3839	3327	2559	3744	3295	2457
4095	3327	2559	3959	3295	2458
0	3583	2559	470	3544	2471
256	3583	2559	693	3542	2474
512	3583	2559	913	3542	2477
768	3583	2559	1134	3544	2478
1024	3583	2559	1356	3544	2474
1280	3583	2559	1572	3544	2474
1536	3583	2559	1790	3546	2474
1792	3583	2559	2004	3541	2474
2048	3583	2559	2242	3544	2472
2303	3583	2559	2467	3547	2472
2559	3583	2559	2679	3545	2472
2815	3583	2559	2893	3538	2465
3071	3583	2559	3116	3535	2466
3327	3583	2559	3332	3537	2466
3583	3583	2559	3544	3535	2465
3839	3583	2559	3771	3537	2463
4095	3583	2559	3982	3536	2463
0	3839	2559	496	3796	2481
256	3839	2559	718	3796	2483
512	3839	2559	935	3790	2477
768	3839	2559	1157	3791	2478
1024	3839	2559	1381	3794	2479
1280	3839	2559	1595	3790	2478
1536	3839	2559	1814	3792	2478
1792	3839	2559	2030	3791	2478
2048	3839	2559	2267	3790	2474
2303	3839	2559	2486	3790	2476
2559	3839	2559	2702	3790	2476
2815	3839	2559	2920	3788	2470
3071	3839	2559	3140	3784	2466
3327	3839	2559	3360	3788	2467
3583	3839	2559	3572	3789	2467
3839	3839	2559	3794	3783	2464
4095	3839	2559	4005	3785	2465
0	4095	2559	520	4041	2484
256	4095	2559	743	4039	2485
512	4095	2559	962	4040	2482
768	4095	2559	1184	4040	2476
1024	4095	2559	1404	4038	2480
1280	4095	2559	1620	4037	2476
1536	4095	2559	1839	4040	2476
1792	4095	2559	2058	4044	2477
2048	4095	2559	2300	4046	2477
2303	4095	2559	2514	4042	2474
2559	4095	2559	2727	4038	2472
2815	4095	2559	2948	4036	2474
3071	4095	2559	3170	4036	2469
3327	4095	2559	3386	4037	2472
3583	4095	2559	3594	4031	2470
3839	4095	2559	3822	4030	2470
4095	4095	2559	4030	4030	2465
0	0	2815	124	44	2678
256	0	2815	354	46	2679
512	0	2815	581	46	2674
768	0	2815	799	48	2678
1024	0	2815	1015	48	2677
1280	0	2815	1236	49	2674
1536	0	2815	1452	50	2672
1792	0	2815	1665	50	2670
2048	0	2815	1880	52	2674
2303	0	2815	2103	53	2671
2559	0	2815	2338	53	2669
2815	0	2815	2548	55	2670
3071	0	2815	2758	56	2666
3327	0	2815	2978	57	2664
3583	0	2815	3198	57	2664
3839	0	2815	3408	59	2658
4095	0	2815	3620	60	2659
0	256	2815	147	298	2675
256	256	2815	377	299	2675
512	256	2815	602	302	2679
768	256	2815	822	303	2678
1024	256	2815	1036	304	2678
1280	256	2815	1260	305	2676
1536	256	2815	1474	306	2673
1792	256	2815	1689	306	2674
2048	256	2815	1902	307	2670
2303	256	2815	2123	307	2668
2559	256	2815	2357	308	2671
2815	256	2815	2573	310	2670
3071	256	2815	2783	310	2670
3327	256	2815	3008	311	2670
3583	256	2815	3217	311	2660
3839	256	2815	3428	311	2660
4095	256	2815	3649	313	2660
0	512	2815	172	548	2678
256	512	2815	401	549	2679
512	512	2815	626	552	2684
768	512	2815	846	554	2686
1024	512	2815	1062	554	2680
1280	512	2815	1284	554	2678
1536	512	2815	1497	555	2678
1792	512	2815	1716	556	2682
2048	512	2815	1929	556	2675
2303	512	2815	2152	557	2674
2559	512	2815	2385	559	2678
2815	512	2815	2600	560	2676
3071	512	2815	2810	560	2674
3327	512	2815	3036	561	2674
3583	512	2815	3243	560	2664
3839	512	2815	3456	560	2666
4095	512	2815	3678	562	2666
0	768	2815	198	796	2685
256	768	2815	426	799	2686
512	768	2815	652	801	2691
768	768	2815	872	803	2686
1024	768	2815	1087	802	2682
1280	768	2815	1309	802	2685
1536	768	2815	1525	804	2685
1792	768	2815	1742	806	2686
2048	768	2815	1954	805	2680
2303	768	2815	2183	806	2683
2559	768	2815	2414	807	2683
2815	768	2815	2624	807	2676
3071	768	2815	2833	805	2678
3327	768	2815	3062	807	2674
3583	768	2815	3274	808	2674
3839	768	2815	3484	808	2670
4095	768	2815	3706	808	2670
0	1024	2815	224	1052	2694
256	1024	2815	454	1054	2696
512	1024	2815	677	1054	2694
768	1024	2815	895	1055	2692
1024	1024	2815	1115	1056	2691
1280	1024	2815	1336	1057	2691
1536	1024	2815	1551	1057	2682
1792	1024	2815	1762	1054	2682
2048	1024	2815	1979	1057	2686
2303	1024	2815	2214	1058	2688
2559	1024	2815	2438	1058	2683
2815	1024	2815	2649	1058	2683
3071	1024	2815	2863	1058	2675
3327	1024	2815	3081	1056	2678
3583	1024	2815	3303	1060	2678
3839	1024	2815	3512	1059	2676
4095	1024	2815	3734	1059	2673
0	1280	2815	248	1303	2697
256	1280	2815	479	1305	2700
512	1280	2815	701	1304	2693
768	1280	2815	917	1303	2690
1024	1280	2815	1137	1304	2694
1280	1280	2815	1360	1306	2690
1536	1280	2815	1572	1305	2690
1792	1280	2815	1790	1307	2692
2048	1280	2815	2005	1308	2690
2303	1280	2815	2239	1307	2688
2559	1280	2815	2461	1308	2690
2815	1280	2815	2674	1308	2687
3071	1280	2815	2889	1308	2682
3327	1280	2815	3110	1306	2683
3583	1280	2815	3327	1308	2681
3839	1280	2815	3540	1309	2680
4095	1280	2815	3756	1306	2673
0	1536	2815	276	1546	2699
256	1536	2815	505	1549	2701
512	1536	2815	726	1549	2700
768	1536	2815	944	1550	2700
1024	1536	2815	1166	1551	2700
1280	1536	2815	1385	1552	2694
1536	1536	2815	1600	1550	2698
1792	1536	2815	1818	1553	2692
2048	1536	2815	2029	1550	2691
2303	1536	2815	2273	1556	2698
2559	1536	2815	2490	1554	2692
2815	1536	2815	2700	1552	2689
3071	1536	2815	2919	1552	2688
3327	1536	2815	3141	1553	2686
3583	1536	2815	3351	1550	2684
3839	1536	2815	3562	1550	2683
4095	1536	2815	3792	1553	2684
0	1792	2815	301	1794	2706
256	1792	2815	530	1796	2706
512	1792	2815	753	1797	2706
768	1792	2815	970	1799	2705
1024	1792	2815	1190	1796	2697
1280	1792	2815	1410	1795	2701
1536	1792	2815	1627	1798	2702
1792	1792	2815	1844	1799	2698
2048	1792	2815	2058	1797	2697
2303	1792	2815	2298	1798	2696
2559	1792	2815	2516	1800	2699
2815	1792	2815	2725	1797	2690
3071	1792	2815	2947	1798	2696
3327	1792	2815	3171	1801	2692
3583	1792	2815	3383	1798	2689
3839	1792	2815	3595	1798	2688
4095	1792	2815	3821	1798	2687
0	2048	2815	326	2038	2706
256	2048	2815	556	2040	2709
512	2048	2815	778	2043	2709
768	2048	2815	992	2036	2706
1024	2048	2815	1216	2039	2708
1280	2048	2815	1435	2040	2701
1536	2048	2815	1651	2040	2702
1792	2048	2815	1869	2042	2699
2048	2048	2815	2087	2040	2697
2303	2048	2815	2325	2040	2697
2559	2048	2815	2542	2044	2700
2815	2048	2815	2754	2043	2698
3071	2048	2815	2973	2042	2694
3327	2048	2815	3191	2040	2693
3583	2048	2815	3405	2040	2693
3839	2048	2815	3620	2040	2687
4095	2048	2815	3841	2037	2690
0	2303	2815	351	2310	2709
256	2303	2815	578	2312	2710
512	2303	2815	802	2318	2713
768	2303	2815	1017	2314	2712
1024	2303	2815	1238	2311	2702
1280	2303	2815	1458	2314	2706
1536	2303	2815	1676	2315	2703
1792	2303	2815	1891	2314	2706
2048	2303	2815	2116	2317	2703
2303	2303	2815	2353	2318	2701
2559	2303	2815	2564	2316	2699
2815	2303	2815	2777	2316	2703
3071	2303	2815	2999	2315	2698
3327	2303	2815	3218	2315	2696
3583	2303	2815	3430	2315	2692
3839	2303	2815	3644	2312	2692
4095	2303	2815	3870	2313	2693
0	2559	2815	378	2558	2712
256	2559	2815	606	2558	2712
512	2559	2815	826	2554	2714
768	2559	2815	1042	2552	2714
1024	2559	2815	1266	2551	2709
1280	2559	2815	1483	2552	2704
1536	2559	2815	1701	2556	2709
1792	2559	2815	1919	2558	2706
2048	2559	2815	2142	2556	2707
2303	2559	2815	2374	2553	2706
2559	2559	2815	2590	2558	2703
2815	2559	2815	2801	2554	2702
3071	2559	2815	3026	2554	2701
3327	2559	2815	3242	2553	2698
3583	2559	2815	3456	2553	2698
3839	2559	2815	3674	2554	2694
4095	2559	2815	3896	2554	2694
0	2815	2815	403	2797	2716
256	2815	2815	630	2799	2717
512	2815	2815	850	2802	2711
768	2815	2815	1067	2799	2707
1024	2815	2815	1290	2796	2706
1280	2815	2815	1508	2800	2707
1536	2815	2815	1726	2802	2707
1792	2815	2815	1940	2801	2711
2048	2815	2815	2168	2801	2709
2303	2815	2815	2400	2802	2703
2559	2815	2815	2613	2801	2707
2815	2815	2815	2824	2797	2701
3071	2815	2815	3051	2797	2701
3327	2815	2815	3266	2796	2700
3583	2815	2815	3476	2795	2698
3839	2815	2815	3698	2796	2696
4095	2815	2815	3916	2795	2696
0	3071	2815	429	3053	2713
256	3071	2815	655	3054	2714
512	3071	2815	874	3051	2717
768	3071	2815	1091	3048	2711
1024	3071	2815	1319	3054	2709
1280	3071	2815	1531	3050	2708
1536	3071	2815	1747	3049	2711
1792	3071	2815	1964	3051	2711
2048	3071	2815	2195	3052	2708
2303	3071	2815	2422	3050	2708
2559	3071	2815	2637	3052	2708
2815	3071	2815	2852	3052	2703
3071	3071	2815	3072	3046	2701
3327	3071	2815	3292	3049	2702
3583	3071	2815	3504	3050	2699
3839	3071	2815	3722	3046	2696
4095	3071	2815	3939	3046	2698
0	3327	2815	454	3300	2718
256	3327	2815	679	3301	2718
512	3327	2815	899	3302	2716
768	3327	2815	1119	3304	2711
1024	3327	2815	1342	3302	2715
1280	3327	2815	1557	3301	2715
1536	3327	2815	1775	3303	2712
1792	3327	2815	1991	3303	2709
2048	3327	2815	2226	3305	2712
2303	3327	2815	2451	3306	2710
2559	3327	2815	2663	3302	2709
2815	3327	2815	2876	3298	2707
3071	3327	2815	3102	3298	2701
3327	3327	2815	3318	3300	2701
3583	3327	2815	3530	3298	2703
3839	3327	2815	3752	3297	2702
4095	3327	2815	3967	3298	2696
0	3583	2815	480	3544	2718
256	3583	2815	704	3543	2719
512	3583	2815	922	3545	2718
768	3583	2815	1145	3548	2722
1024	3583	2815	1366	3547	2717
1280	3583	2815	1583	3548	2716
1536	3583	2815	1800	3547	2716
1792	3583	2815	2018	3549	2718
2048	3583	2815	2253	3548	2716
2303	3583	2815	2476	3548	2718
2559	3583	2815	2688	3545	2714
2815	3583	2815	2903	3540	2709
3071	3583	2815	3128	3541	2708
3327	3583	2815	3347	3546	2709
3583	3583	2815	3552	3537	2707
3839	3583	2815	3779	3537	2705
4095	3583	2815	3986	3535	2704
0	3839	2815	506	3793	2722
256	3839	2815	728	3794	2722
512	3839	2815	945	3792	2720
768	3839	2815	1167	3792	2722
1024	3839	2815	1390	3794	2721
1280	3839	2815	1606	3796	2722
1536	3839	2815	1825	3798	2722
1792	3839	2815	2040	3795	2721
2048	3839	2815	2279	3795	2721
2303	3839	2815	2498	3795	2718
2559	3839	2815	2712	3794	2717
2815	3839	2815	2932	3794	2713
3071	3839	2815	3154	3793	2711
3327	3839	2815	3367	3789	2712
3583	3839	2815	3578	3788	2712
3839	3839	2815	3810	3792	2707
4095	3839	2815	4016	3789	2706
0	4095	2815	531	4044	2724
256	4095	2815	755	4048	2725
512	4095	2815	972	4045	2725
768	4095	2815	1194	4042	2719
1024	4095	2815	1416	4042	2722
1280	4095	2815	1634	4046	2722
1536	4095	2815	1850	4044	2723
1792	4095	2815	2069	4047	2721
2048	4095	2815	2311	4048	2722
2303	4095	2815	2524	4044	2720
2559	4095	2815	2738	4041	2718
2815	4095	2815	2958	4039	2718
3071	4095	2815	3178	4037	2716
3327	4095	2815	3394	4038	2712
3583	4095	2815	3608	4036	2712
3839	4095	2815	3833	4033	2712
4095	4095	2815	4039	4034	2712
0	0	3071	136	48	2921
256	0	3071	365	50	2922
512	0	3071	592	50	2920
768	0	3071	810	52	2919
1024	0	3071	1025	52	2920
1280	0	3071	1247	53	2917
1536	0	3071	1464	54	2916
1792	0	3071	1676	55	2911
2048	0	3071	1891	56	2915
2303	0	3071	2114	57	2913
2559	0	3071	2348	58	2910
2815	0	3071	2559	59	2911
3071	0	3071	2772	60	2911
3327	0	3071	2990	61	2906
3583	0	3071	3206	61	2904
3839	0	3071	3419	63	2902
4095	0	3071	3634	64	2901
0	256	3071	159	302	2921
256	256	3071	388	304	2921
512	256	3071	613	306	2922
768	256	3071	832	306	2922
1024	256	3071	1048	308	2921
1280	256	3071	1272	308	2921
1536	256	3071	1482	308	2911
1792	256	3071	1698	309	2914
2048	256	3071	1913	311	2914
2303	256	3071	2136	312	2912
2559	256	3071	2368	312	2912
2815	256	3071	2580	314	2912
3071	256	3071	2794	314	2913
3327	256	3071	3016	315	2909
3583	256	3071	3226	314	2902
3839	256	3071	3440	315	2904
4095	256	3071	3662	317	2904
0	512	3071	183	552	2924
256	512	3071	413	555	2926
512	512	3071	638	556	2926
768	512	3071	856	556	2924
1024	512	3071	1072	558	2923
1280	512	3071	1295	558	2920
1536	512	3071	1505	558	2915
1792	512	3071	1724	559	2922
2048	512	3071	1939	561	2919
2303	512	3071	2166	562	2919
2559	512	3071	2396	563	2919
2815	512	3071	2608	563	2917
3071	512	3071	2821	564	2916
3327	512	3071	3045	564	2915
3583	512	3071	3256	564	2909
3839	512	3071	3468	564	2909
4095	512	3071	3689	565	2908
0	768	3071	210	802	2931
256	768	3071	438	804	2929
512	768	3071	663	805	2931
768	768	3071	882	807	2930
1024	768	3071	1097	806	2923
1280	768	3071	1317	804	2922
1536	768	3071	1533	807	2924
1792	768	3071	1750	809	2926
2048	768	3071	1964	808	2923
2303	768	3071	2196	810	2928
2559	768	3071	2424	812	2923
2815	768	3071	2632	811	2921
3071	768	3071	2848	811	2921
3327	768	3071	3073	812	2918
3583	768	3071	3287	813	2918
3839	768	3071	3494	811	2912
4095	768	3071	3719	813	2913
0	1024	3071	235	1054	2932
256	1024	3071	464	1056	2934
512	1024	3071	687	1058	2934
768	1024	3071	906	1059	2934
1024	1024	3071	1124	1058	2927
1280	1024	3071	1344	1058	2932
1536	1024	3071	1560	1061	2927
1792	1024	3071	1774	1059	2926
2048	1024	3071	1990	1061	2929
2303	1024	3071	2224	1062	2927
2559	1024	3071	2448	1063	2927
2815	1024	3071	2661	1063	2925
3071	1024	3071	2874	1062	2918
3327	1024	3071	3093	1061	2923
3583	1024	3071	3315	1064	2922
3839	1024	3071	3521	1062	2918
4095	1024	3071	3746	1062	2917
0	1280	3071	259	1304	2936
256	1280	3071	490	1308	2940
512	1280	3071	711	1308	2937
768	1280	3071	926	1306	2930
1024	1280	3071	1147	1306	2932
1280	1280	3071	1369	1308	2934
1536	1280	3071	1584	1309	2934
1792	1280	3071	1801	1311	2930
2048	1280	3071	2013	1310	2929
2303	1280	3071	2247	1309	2928
2559	1280	3071	2469	1311	2930
2815	1280	3071	2684	1312	2928
3071	1280	3071	2901	1312	2927
3327	1280	3071	3123	1311	2923
3583	1280	3071	3334	1310	2921
3839	1280	3071	3548	1312	2923
4095	1280	3071	3770	1310	2918
0	1536	3071	286	1548	2942
256	1536	3071	514	1552	2943
512	1536	3071	736	1553	2944
768	1536	3071	952	1550	2936
1024	1536	3071	1173	1552	2940
1280	1536	3071	1396	1554	2938
1536	1536	3071	1610	1554	2937
1792	1536	3071	1825	1554	2932
2048	1536	3071	2038	1552	2930
2303	1536	3071	2282	1558	2938
2559	1536	3071	2498	1556	2933
2815	1536	3071	2709	1556	2931
3071	1536	3071	2930	1556	2931
3327	1536	3071	3150	1555	2928
3583	1536	3071	3362	1554	2929
3839	1536	3071	3577	1556	2925
4095	1536	3071	3801	1555	2923
0	1792	3071	311	1796	2950
256	1792	3071	541	1801	2950
512	1792	3071	763	1801	2949
768	1792	3071	980	1801	2946
1024	1792	3071	1200	1799	2942
1280	1792	3071	1421	1800	2946
1536	1792	3071	1638	1802	2940
1792	1792	3071	1852	1799	2939
2048	1792	3071	2066	1799	2942
2303	1792	3071	2310	1803	2942
2559	1792	3071	2521	1800	2937
2815	1792	3071	2733	1798	2935
3071	1792	3071	2956	1802	2939
3327	1792	3071	3180	1804	2935
3583	1792	3071	3392	1802	2932
3839	1792	3071	3603	1801	2926
4095	1792	3071	3825	1798	2925
0	2048	3071	338	2043	2956
256	2048	3071	566	2045	2946
512	2048	3071	786	2042	2948
768	2048	3071	1002	2038	2943
1024	2048	3071	1228	2044	2948
1280	2048	3071	1445	2042	2941
1536	2048	3071	1660	2042	2944
1792	2048	3071	1878	2044	2945
2048	2048	3071	2100	2046	2942
2303	2048	3071	2339	2046	2944
2559	2048	3071	2550	2046	2944
2815	2048	3071	2766	2048	2942
3071	2048	3071	2986	2046	2937
3327	2048	3071	3202	2045	2936
3583	2048	3071	3414	2043	2931
3839	2048	3071	3627	2042	2931
4095	2048	3071	3852	2042	2933
0	2303	3071	361	2312	2954
256	2303	3071	588	2314	2954
512	2303	3071	810	2318	2950
768	2303	3071	1028	2318	2950
1024	2303	3071	1248	2313	2944
1280	2303	3071	1467	2315	2950
1536	2303	3071	1684	2316	2942
1792	2303	3071	1899	2314	2946
2048	2303	3071	2122	2316	2944
2303	2303	3071	2360	2319	2943
2559	2303	3071	2576	2321	2944
2815	2303	3071	2780	2314	2936
3071	2303	3071	3006	2316	2939
3327	2303	3071	3223	2315	2936
3583	2303	3071	3435	2315	2934
3839	2303	3071	3654	2315	2935
4095	2303	3071	3878	2316	2928
0	2559	3071	389	2558	2951
256	2559	3071	617	2561	2951
512	2559	3071	837	2561	2955
768	2559	3071	1052	2555	2952
1024	2559	3071	1278	2558	2953
1280	2559	3071	1495	2560	2944
1536	2559	3071	1712	2560	2949
1792	2559	3071	1928	2560	2946
2048	2559	3071	2152	2559	2944
2303	2559	3071	2385	2558	2946
2559	2559	3071	2598	2559	2948
2815	2559	3071	2812	2559	2946
3071	2559	3071	3038	2559	2938
3327	2559	3071	3256	2558	2941
3583	2559	3071	3467	2558	2937
3839	2559	3071	3684	2556	2936
4095	2559	3071	3904	2556	2938
0	2815	3071	414	2804	2957
256	2815	3071	641	2804	2958
512	2815	3071	861	2805	2959
768	2815	3071	1079	2805	2952
1024	2815	3071	1304	2803	2951
1280	2815	3071	1518	2802	2953
1536	2815	3071	1734	2801	2953
1792	2815	3071	1951	2804	2952
2048	2815	3071	2182	2807	2953
2303	2815	3071	2412	2807	2949
2559	2815	3071	2624	2806	2948
2815	2815	3071	2836	2802	2945
3071	2815	3071	3060	2800	2944
3327	2815	3071	3275	2799	2944
3583	2815	3071	3486	2798	2942
3839	2815	3071	3708	2799	2940
4095	2815	3071	3927	2800	2938
0	3071	3071	440	3053	2959
256	3071	3071	665	3054	2959
512	3071	3071	884	3056	2958
768	3071	3071	1103	3054	2958
1024	3071	3071	1326	3052	2954
1280	3071	3071	1542	3055	2954
1536	3071	3071	1759	3056	2953
1792	3071	3071	1978	3060	2952
2048	3071	3071	2206	3056	2956
2303	3071	3071	2433	3055	2954
2559	3071	3071	2649	3057	2952
2815	3071	3071	2861	3053	2946
3071	3071	3071	3087	3053	2945
3327	3071	3071	3308	3058	2946
3583	3071	3071	3513	3052	2942
3839	3071	3071	3736	3052	2939
4095	3071	3071	3952	3052	2941
0	3327	3071	465	3304	2959
256	3327	3071	690	3308	2960
512	3327	3071	910	3308	2960
768	3327	3071	1130	3307	2957
1024	3327	3071	1353	3308	2955
1280	3327	3071	1568	3306	2956
1536	3327	3071	1784	3304	2955
1792	3327	3071	2000	3305	2956
2048	3327	3071	2238	3310	2958
2303	3327	3071	2464	3312	2953
2559	3327	3071	2674	3307	2955
2815	3327	3071	2886	3300	2948
3071	3327	3071	3116	3304	2948
3327	3327	3071	3327	3300	2947
3583	3327	3071	3542	3302	2950
3839	3327	3071	3762	3299	2942
4095	3327	3071	3974	3299	2944
0	3583	3071	492	3549	2963
256	3583	3071	714	3549	2964
512	3583	3071	934	3551	2967
768	3583	3071	1157	3553	2964
1024	3583	3071	1377	3552	2964
1280	3583	3071	1591	3547	2960
1536	3583	3071	1806	3543	2960
1792	3583	3071	2026	3550	2958
2048	3583	3071	2266	3553	2960
2303	3583	3071	2486	3551	2964
2559	3583	3071	2698	3548	2961
2815	3583	3071	2914	3544	2951
3071	3583	3071	3135	3541	2953
3327	3583	3071	3354	3545	2950
3583	3583	3071	3567	3544	2950
3839	3583	3071	3791	3542	2950
4095	3583	3071	4000	3541	2945
0	3839	3071	517	3806	2970
256	3839	3071	740	3803	2969
512	3839	3071	958	3801	2968
768	3839	3071	1181	3803	2969
1024	3839	3071	1402	3802	2968
1280	3839	3071	1616	3796	2962
1536	3839	3071	1836	3802	2961
1792	3839	3071	2055	3805	2962
2048	3839	3071	2293	3804	2966
2303	3839	3071	2510	3801	2965
2559	3839	3071	2724	3800	2960
2815	3839	3071	2942	3798	2958
3071	3839	3071	3164	3795	2952
3327	3839	3071	3380	3796	2955
3583	3839	3071	3588	3790	2953
3839	3839	3071	3818	3792	2953
4095	3839	3071	4026	3793	2950
0	4095	3071	543	4047	2974
256	4095	3071	766	4052	2976
512	4095	3071	985	4053	2972
768	4095	3071	1206	4046	2968
1024	4095	3071	1426	4044	2970
1280	4095	3071	1643	4047	2964
1536	4095	3071	1862	4049	2969
1792	4095	3071	2082	4051	2970
2048	4095	3071	2321	4049	2969
2303	4095	3071	2536	4049	2966
2559	4095	3071	2748	4044	2964
2815	4095	3071	2968	4042	2963
3071	4095	3071	3192	4044	2960
3327	4095	3071	3408	4044	2960
3583	4095	3071	3618	4040	2954
3839	4095	3071	3846	4039	2953
4095	4095	3071	4048	4035	2954
0	0	3327	147	52	3160
256	0	3327	376	54	3161
512	0	3327	602	54	3156
768	0	3327	821	56	3157
1024	0	3327	1036	56	3155
1280	0	3327	1258	58	3153
1536	0	3327	1474	58	3152
1792	0	3327	1688	59	3150
2048	0	3327	1903	60	3153
2303	0	3327	2127	62	3150
2559	0	3327	2360	62	3148
2815	0	3327	2571	63	3148
3071	0	3327	2782	65	3147
3327	0	3327	3004	65	3144
3583	0	3327	3221	66	3142
3839	0	3327	3431	67	3138
4095	0	3327	3647	68	3138
0	256	3327	170	307	3162
256	256	3327	400	308	3160
512	256	3327	624	309	3160
768	256	3327	843	310	3155
1024	256	3327	1058	311	3156
1280	256	3327	1284	313	3158
1536	256	3327	1495	312	3151
1792	256	3327	1713	314	3156
2048	256	3327	1928	316	3154
2303	256	3327	2151	316	3151
2559	256	3327	2384	317	3154
2815	256	3327	2598	318	3153
3071	256	3327	2809	319	3152
3327	256	3327	3032	319	3148
3583	256	3327	3244	320	3142
3839	256	3327	3457	321	3144
4095	256	3327	3676	322	3139
0	512	3327	194	558	3163
256	512	3327	424	560	3164
512	512	3327	649	561	3164
768	512	3327	866	561	3160
1024	512	3327	1082	562	3159
1280	512	3327	1307	563	3154
1536	512	3327	1518	563	3154
1792	512	3327	1737	564	3159
2048	512	3327	1952	565	3158
2303	512	3327	2179	566	3156
2559	512	3327	2409	568	3158
2815	512	3327	2622	568	3154
3071	512	3327	2834	568	3153
3327	512	3327	3059	569	3153
3583	512	3327	3271	568	3148
3839	512	3327	3482	570	3147
4095	512	3327	3702	570	3144
0	768	3327	221	806	3168
256	768	3327	450	808	3168
512	768	3327	674	810	3171
768	768	3327	892	810	3165
1024	768	3327	1108	810	3163
1280	768	3327	1330	812	3161
1536	768	3327	1545	812	3162
1792	768	3327	1760	812	3161
2048	768	3327	1974	812	3160
2303	768	3327	2210	815	3166
2559	768	3327	2435	816	3162
2815	768	3327	2646	816	3159
3071	768	3327	2862	816	3158
3327	768	3327	3086	817	3150
3583	768	3327	3295	816	3152
3839	768	3327	3506	816	3148
4095	768	3327	3728	817	3146
0	1024	3327	247	1060	3174
256	1024	3327	476	1062	3177
512	1024	3327	699	1063	3175
768	1024	3327	916	1063	3170
1024	1024	3327	1134	1062	3166
1280	1024	3327	1354	1062	3167
1536	1024	3327	1569	1064	3166
1792	1024	3327	1786	1065	3165
2048	1024	3327	2003	1066	3167
2303	1024	3327	2239	1068	3170
2559	1024	3327	2462	1069	3166
2815	1024	3327	2673	1068	3164
3071	1024	3327	2887	1067	3159
3327	1024	3327	3107	1066	3158
3583	1024	3327	3327	1068	3154
3839	1024	3327	3533	1068	3155
4095	1024	3327	3758	1067	3153
0	1280	3327	272	1313	3180
256	1280	3327	502	1315	3182
512	1280	3327	722	1313	3175
768	1280	3327	939	1312	3174
1024	1280	3327	1160	1314	3174
1280	1280	3327	1382	1314	3172
1536	1280	3327	1595	1314	3168
1792	1280	3327	1811	1315	3172
2048	1280	3327	2029	1316	3172
2303	1280	3327	2266	1318	3171
2559	1280	3327	2486	1318	3170
2815	1280	3327	2699	1319	3170
3071	1280	3327	2916	1317	3162
3327	1280	3327	3134	1315	3161
3583	1280	3327	3349	1316	3161
3839	1280	3327	3563	1318	3161
4095	1280	3327	3785	1317	3158
0	1536	3327	298	1555	3181
256	1536	3327	526	1558	3182
512	1536	3327	748	1559	3182
768	1536	3327	965	1557	3176
1024	1536	3327	1186	1558	3176
1280	1536	3327	1405	1557	3172
1536	1536	3327	1620	1557	3176
1792	1536	3327	1838	1560	3176
2048	1536	3327	2054	1561	3173
2303	1536	3327	2291	1560	3172
2559	1536	3327	2510	1561	3172
2815	1536	3327	2721	1560	3166
3071	1536	3327	2940	1560	3168
3327	1536	3327	3163	1561	3165
3583	1536	3327	3374	1560	3164
3839	1536	3327	3588	1562	3163
4095	1536	3327	3816	1562	3163
0	1792	3327	322	1799	3183
256	1792	3327	552	1803	3187
512	1792	3327	773	1806	3186
768	1792	3327	990	1804	3182
1024	1792	3327	1212	1804	3181
1280	1792	3327	1432	1805	3182
1536	1792	3327	1649	1805	3182
1792	1792	3327	1867	1808	3182
2048	1792	3327	2087	1810	3181
2303	1792	3327	2325	1809	3181
2559	1792	3327	2534	1807	3177
2815	1792	3327	2747	1806	3174
3071	1792	3327	2969	1807	3174
3327	1792	3327	3190	1806	3169
3583	1792	3327	3402	1805	3168
3839	1792	3327	3616	1806	3168
4095	1792	3327	3845	1806	3168
0	2048	3327	348	2047	3190
256	2048	3327	577	2049	3185
512	2048	3327	797	2046	3185
768	2048	3327	1014	2047	3186
1024	2048	3327	1240	2050	3189
1280	2048	3327	1458	2051	3185
1536	2048	3327	1672	2048	3178
1792	2048	3327	1888	2048	3182
2048	2048	3327	2113	2052	3182
2303	2048	3327	2352	2054	3184
2559	2048	3327	2563	2053	3181
2815	2048	3327	2776	2052	3178
3071	2048	3327	2996	2050	3173
3327	2048	3327	3213	2050	3172
3583	2048	3327	3428	2050	3172
3839	2048	3327	3644	2050	3170
4095	2048	3327	3866	2048	3167
0	2303	3327	373	2318	3189
256	2303	3327	600	2320	3191
512	2303	3327	820	2321	3188
768	2303	3327	1040	2324	3189
1024	2303	3327	1264	2326	3190
1280	2303	3327	1478	2322	3184
1536	2303	3327	1695	2322	3184
1792	2303	3327	1910	2320	3179
2048	2303	3327	2135	2320	3184
2303	2303	3327	2373	2326	3177
2559	2303	3327	2581	2321	3179
2815	2303	3327	2795	2321	3177
3071	2303	3327	3019	2322	3176
3327	2303	3327	3236	2320	3173
3583	2303	3327	3449	2320	3174
3839	2303	3327	3668	2321	3170
4095	2303	3327	3888	2320	3168
0	2559	3327	400	2561	3189
256	2559	3327	627	2562	3192
512	2559	3327	847	2564	3190
768	2559	3327	1066	2566	3193
1024	2559	3327	1290	2564	3192
1280	2559	3327	1506	2564	3190
1536	2559	3327	1722	2563	3184
1792	2559	3327	1939	2564	3185
2048	2559	3327	2166	2565	3181
2303	2559	3327	2397	2564	3186
2559	2559	3327	2612	2564	3183
2815	2559	3327	2824	2562	3181
3071	2559	3327	3047	2561	3179
3327	2559	3327	3267	2564	3180
3583	2559	3327	3478	2562	3174
3839	2559	3327	3694	2558	3172
4095	2559	3327	3914	2559	3175
0	2815	3327	425	2804	3192
256	2815	3327	651	2808	3192
512	2815	3327	872	2809	3194
768	2815	3327	1088	2806	3194
1024	2815	3327	1312	2806	3190
1280	2815	3327	1530	2809	3191
1536	2815	3327	1747	2811	3191
1792	2815	3327	1962	2809	3188
2048	2815	3327	2192	2809	3191
2303	2815	3327	2422	2811	3187
2559	2815	3327	2634	2809	3186
2815	2815	3327	2850	2809	3183
3071	2815	3327	3077	2809	3183
3327	2815	3327	3290	2807	3179
3583	2815	3327	3504	2808	3182
3839	2815	3327	3728	2810	3177
4095	2815	3327	3942	2807	3174
0	3071	3327	452	3064	3194
256	3071	3327	676	3062	3194
512	3071	3327	896	3061	3196
768	3071	3327	1117	3066	3193
1024	3071	3327	1340	3065	3192
1280	3071	3327	1553	3062	3190
1536	3071	3327	1770	3060	3191
1792	3071	3327	1989	3064	3193
2048	3071	3327	2223	3066	3190
2303	3071	3327	2449	3067	3192
2559	3071	3327	2664	3066	3188
2815	3071	3327	2878	3062	3186
3071	3071	3327	3096	3055	3184
3327	3071	3327	3318	3061	3186
3583	3071	3327	3529	3060	3182
3839	3071	3327	3753	3060	3182
4095	3071	3327	3967	3060	3182
0	3327	3327	477	3316	3200
256	3327	3327	702	3316	3202
512	3327	3327	922	3316	3196
768	3327	3327	1142	3316	3200
1024	3327	3327	1364	3314	3198
1280	3327	3327	1580	3313	3194
1536	3327	3327	1796	3312	3194
1792	3327	3327	2014	3315	3192
2048	3327	3327	2251	3316	3196
2303	3327	3327	2475	3317	3196
2559	3327	3327	2689	3316	3194
2815	3327	3327	2904	3312	3191
3071	3327	3327	3124	3307	3181
3327	3327	3327	3344	3310	3186
3583	3327	3327	3554	3308	3185
3839	3327	3327	3778	3308	3183
4095	3327	3327	3993	3310	3183
0	3583	3327	504	3557	3205
256	3583	3327	726	3559	3206
512	3583	3327	946	3560	3206
768	3583	3327	1167	3557	3205
1024	3583	3327	1387	3554	3198
1280	3583	3327	1606	3558	3199
1536	3583	3327	1824	3559	3199
1792	3583	3327	2039	3556	3198
2048	3583	3327	2278	3559	3199
2303	3583	3327	2500	3560	3199
2559	3583	3327	2712	3557	3198
2815	3583	3327	2929	3552	3194
3071	3583	3327	3152	3551	3188
3327	3583	3327	3364	3547	3188
3583	3583	3327	3577	3548	3189
3839	3583	3327	3807	3551	3187
4095	3583	3327	4012	3546	3185
0	3839	3327	528	3810	3208
256	3839	3327	752	3813	3209
512	3839	3327	969	3807	3208
768	3839	3327	1192	3807	3208
1024	3839	3327	1414	3810	3201
1280	3839	3327	1630	3809	3203
1536	3839	3327	1846	3806	3204
1792	3839	3327	2066	3809	3205
2048	3839	3327	2306	3808	3201
2303	3839	3327	2526	3813	3203
2559	3839	3327	2739	3810	3202
2815	3839	3327	2959	3808	3196
3071	3839	3327	3180	3806	3195
3327	3839	3327	3393	3802	3190
3583	3839	3327	3605	3801	3189
3839	3839	3327	3829	3797	3188
4095	3839	3327	4037	3798	3189
0	4095	3327	554	4054	3212
256	4095	3327	778	4062	3213
512	4095	3327	997	4060	3212
768	4095	3327	1219	4057	3205
1024	4095	3327	1438	4054	3208
1280	4095	3327	1654	4051	3206
1536	4095	3327	1872	4053	3203
1792	4095	3327	2093	4053	3205
2048	4095	3327	2336	4057	3206
2303	4095	3327	2548	4054	3203
2559	4095	3327	2761	4053	3206
2815	4095	3327	2982	4049	3200
3071	4095	3327	3202	4046	3199
3327	4095	3327	3418	4048	3196
3583	4095	3327	3636	4050	3194
3839	4095	3327	3860	4046	3189
4095	4095	3327	4064	4045	3189
0	0	3583	158	56	3396
256	0	3583	388	57	3397
512	0	3583	614	58	3396
768	0	3583	832	60	3394
1024	0	3583	1048	60	3390
1280	0	3583	1270	62	3392
1536	0	3583	1486	62	3390
1792	0	3583	1699	63	3386
2048	0	3583	1914	65	3386
2303	0	3583	2138	65	3388
2559	0	3583	2372	66	3384
2815	0	3583	2578	67	3381
3071	0	3583	2791	69	3380
3327	0	3583	3015	69	3378
3583	0	3583	3232	70	3377
3839	0	3583	3443	71	3375
4095	0	3583	3660	72	3372
0	256	3583	182	310	3400
256	256	3583	412	313	3402
512	256	3583	636	314	3396
768	256	3583	854	314	3392
1024	256	3583	1071	316	3396
1280	256	3583	1296	318	3396
1536	256	3583	1508	317	3390
1792	256	3583	1724	318	3389
2048	256	3583	1939	320	3392
2303	256	3583	2167	321	3393
2559	256	3583	2398	321	3392
2815	256	3583	2608	322	3389
3071	256	3583	2821	322	3385
3327	256	3583	3042	324	3383
3583	256	3583	3258	324	3382
3839	256	3583	3467	324	3378
4095	256	3583	3686	325	3374
0	512	3583	206	563	3405
256	512	3583	437	565	3406
512	512	3583	660	565	3400
768	512	3583	877	565	3397
1024	512	3583	1095	566	3398
1280	512	3583	1320	568	3396
1536	512	3583	1531	567	3394
1792	512	3583	1747	568	3395
2048	512	3583	1964	570	3397
2303	512	3583	2194	571	3396
2559	512	3583	2422	572	3393
2815	512	3583	2634	572	3392
3071	512	3583	2846	572	3387
3327	512	3583	3069	573	3388
3583	512	3583	3287	574	3387
3839	512	3583	3493	574	3383
4095	512	3583	3715	574	3382
0	768	3583	230	814	3407
256	768	3583	460	814	3407
512	768	3583	686	815	3408
768	768	3583	903	815	3403
1024	768	3583	1120	815	3402
1280	768	3583	1342	816	3398
1536	768	3583	1555	816	3401
1792	768	3583	1774	818	3401
2048	768	3583	1988	818	3398
2303	768	3583	2220	818	3396
2559	768	3583	2444	820	3398
2815	768	3583	2657	819	3392
3071	768	3583	2871	819	3392
3327	768	3583	3097	821	3391
3583	768	3583	3310	821	3388
3839	768	3583	3520	821	3387
4095	768	3583	3746	823	3388
0	1024	3583	254	1064	3409
256	1024	3583	483	1067	3412
512	1024	3583	708	1069	3413
768	1024	3583	928	1068	3410
1024	1024	3583	1148	1068	3406
1280	1024	3583	1367	1068	3407
1536	1024	3583	1583	1070	3406
1792	1024	3583	1800	1070	3405
2048	1024	3583	2011	1068	3400
2303	1024	3583	2250	1072	3406
2559	1024	3583	2472	1072	3403
2815	1024	3583	2681	1070	3400
3071	1024	3583	2898	1071	3399
3327	1024	3583	3122	1072	3393
3583	1024	3583	3333	1071	3392
3839	1024	3583	3547	1072	3392
4095	1024	3583	3776	1074	3396
0	1280	3583	280	1318	3420
256	1280	3583	508	1320	3421
512	1280	3583	733	1319	3416
768	1280	3583	952	1318	3413
1024	1280	3583	1172	1318	3411
1280	1280	3583	1393	1319	3411
1536	1280	3583	1608	1320	3409
1792	1280	3583	1824	1320	3410
2048	1280	3583	2040	1321	3409
2303	1280	3583	2280	1323	3410
2559	1280	3583	2501	1325	3413
2815	1280	3583	2714	1325	3409
3071	1280	3583	2932	1324	3404
3327	1280	3583	3151	1322	3402
3583	1280	3583	3363	1322	3398
3839	1280	3583	3575	1323	3400
4095	1280	3583	3806	1324	3399
0	1536	3583	309	1562	3424
256	1536	3583	539	1565	3425
512	1536	3583	760	1566	3425
768	1536	3583	976	1563	3416
1024	1536	3583	1198	1564	3416
1280	1536	3583	1419	1564	3416
1536	1536	3583	1636	1565	3415
1792	1536	3583	1852	1566	3415
2048	1536	3583	2068	1567	3412
2303	1536	3583	2306	1565	3410
2559	1536	3583	2523	1567	3411
2815	1536	3583	2734	1566	3408
3071	1536	3583	2954	1565	3407
3327	1536	3583	3176	1566	3402
3583	1536	3583	3388	1565	3401
3839	1536	3583	3602	1566	3400
4095	1536	3583	3828	1565	3399
0	1792	3583	334	1807	3428
256	1792	3583	564	1810	3428
512	1792	3583	785	1811	3425
768	1792	3583	1000	1809	3421
1024	1792	3583	1225	1810	3421
1280	1792	3583	1443	1809	3419
1536	1792	3583	1660	1810	3421
1792	1792	3583	1880	1814	3423
2048	1792	3583	2101	1816	3418
2303	1792	3583	2337	1813	3418
2559	1792	3583	2548	1812	3416
2815	1792	3583	2763	1813	3415
3071	1792	3583	2982	1812	3409
3327	1792	3583	3200	1809	3407
3583	1792	3583	3414	1810	3408
3839	1792	3583	3631	1812	3405
4095	1792	3583	3856	1811	3405
0	2048	3583	360	2055	3431
256	2048	3583	588	2056	3425
512	2048	3583	808	2052	3429
768	2048	3583	1022	2058	3426
1024	2048	3583	1244	2056	3422
1280	2048	3583	1466	2056	3423
1536	2048	3583	1685	2056	3422
1792	2048	3583	1903	2057	3422
2048	2048	3583	2128	2059	3424
2303	2048	3583	2367	2062	3421
2559	2048	3583	2575	2058	3420
2815	2048	3583	2790	2059	3418
3071	2048	3583	3010	2056	3413
3327	2048	3583	3229	2057	3413
3583	2048	3583	3443	2057	3409
3839	2048	3583	3659	2056	3408
4095	2048	3583	3881	2056	3407
0	2303	3583	384	2326	3430
256	2303	3583	612	2328	3430
512	2303	3583	833	2329	3422
768	2303	3583	1049	2324	3424
1024	2303	3583	1275	2329	3426
1280	2303	3583	1490	2325	3422
1536	2303	3583	1708	2327	3424
1792	2303	3583	1924	2328	3420
2048	2303	3583	2150	2328	3425
2303	2303	3583	2386	2332	3422
2559	2303	3583	2598	2330	3419
2815	2303	3583	2812	2330	3419
3071	2303	3583	3036	2329	3415
3327	2303	3583	3250	2327	3410
3583	2303	3583	3461	2325	3411
3839	2303	3583	3682	2327	3410
4095	2303	3583	3904	2327	3408
0	2559	3583	412	2568	3430
256	2559	3583	638	2569	3431
512	2559	3583	857	2568	3432
768	2559	3583	1077	2569	3426
1024	2559	3583	1302	2569	3426
1280	2559	3583	1519	2571	3430
1536	2559	3583	1732	2566	3421
1792	2559	3583	1949	2567	3426
2048	2559	3583	2180	2570	3425
2303	2559	3583	2410	2569	3423
2559	2559	3583	2621	2567	3421
2815	2559	3583	2837	2567	3415
3071	2559	3583	3058	2564	3414
3327	2559	3583	3277	2566	3416
3583	2559	3583	3492	2568	3415
3839	2559	3583	3710	2565	3409
4095	2559	3583	3926	2565	3412
0	2815	3583	437	2816	3435
256	2815	3583	663	2817	3437
512	2815	3583	883	2815	3430
768	2815	3583	1101	2814	3432
1024	2815	3583	1326	2817	3430
1280	2815	3583	1541	2813	3429
1536	2815	3583	1760	2818	3432
1792	2815	3583	1976	2817	3424
2048	2815	3583	2209	2818	3429
2303	2815	3583	2437	2818	3428
2559	2815	3583	2648	2816	3423
2815	2815	3583	2864	2816	3423
3071	2815	3583	3090	2813	3420
3327	2815	3583	3305	2815	3420
3583	2815	3583	3515	2812	3414
3839	2815	3583	3738	2812	3415
4095	2815	3583	3954	2813	3414
0	3071	3583	464	3068	3438
256	3071	3583	689	3070	3440
512	3071	3583	908	3070	3437
768	3071	3583	1128	3071	3433
1024	3071	3583	1350	3069	3434
1280	3071	3583	1566	3068	3429
1536	3071	3583	1784	3069	3428
1792	3071	3583	1998	3068	3433
2048	3071	3583	2236	3071	3431
2303	3071	3583	2462	3074	3434
2559	3071	3583	2676	3072	3428
2815	3071	3583	2890	3068	3427
3071	3071	3583	3113	3065	3422
3327	3071	3583	3325	3062	3420
3583	3071	3583	3539	3064	3421
3839	3071	3583	3764	3064	3417
4095	3071	3583	3975	3062	3418
0	3327	3583	489	3320	3440
256	3327	3583	713	3322	3442
512	3327	3583	932	3319	3438
768	3327	3583	1151	3316	3438
1024	3327	3583	1375	3318	3436
1280	3327	3583	1592	3318	3434
1536	3327	3583	1807	3316	3433
1792	3327	3583	2024	3318	3433
2048	3327	3583	2262	3319	3432
2303	3327	3583	2485	3320	3436
2559	3327	3583	2701	3321	3435
2815	3327	3583	2919	3320	3428
3071	3327	3583	3140	3316	3425
3327	3327	3583	3352	3312	3418
3583	3327	3583	3563	3310	3418
3839	3327	3583	3788	3310	3419
4095	3327	3583	4000	3310	3418
0	3583	3583	514	3563	3444
256	3583	3583	736	3562	3446
512	3583	3583	956	3564	3446
768	3583	3583	1179	3562	3439
1024	3583	3583	1398	3559	3438
1280	3583	3583	1616	3559	3437
1536	3583	3583	1834	3562	3435
1792	3583	3583	2052	3563	3436
2048	3583	3583	2291	3564	3437
2303	3583	3583	2510	3562	3435
2559	3583	3583	2724	3561	3438
2815	3583	3583	2944	3560	3434
3071	3583	3583	3164	3558	3431
3327	3583	3583	3378	3555	3426
3583	3583	3583	3593	3558	3424
3839	3583	3583	3820	3554	3423
4095	3583	3583	4026	3554	3420
0	3839	3583	541	3819	3450
256	3839	3583	762	3814	3447
512	3839	3583	981	3814	3446
768	3839	3583	1204	3813	3446
1024	3839	3583	1425	3813	3442
1280	3839	3583	1641	3813	3440
1536	3839	3583	1859	3813	3442
1792	3839	3583	2080	3816	3443
2048	3839	3583	2318	3812	3442
2303	3839	3583	2535	3815	3442
2559	3839	3583	2751	3814	3438
2815	3839	3583	2970	3812	3438
3071	3839	3583	3190	3809	3433
3327	3839	3583	3405	3808	3430
3583	3839	3583	3615	3803	3429
3839	3839	3583	3842	3801	3428
4095	3839	3583	4050	3804	3426
0	4095	3583	566	4063	3454
256	4095	3583	789	4065	3455
512	4095	3583	1009	4066	3450
768	4095	3583	1230	4061	3448
1024	4095	3583	1449	4058	3445
1280	4095	3583	1667	4060	3445
1536	4095	3583	1885	4060	3445
1792	4095	3583	2105	4056	3445
2048	4095	3583	2347	4059	3440
2303	4095	3583	2561	4062	3442
2559	4095	3583	2774	4058	3442
2815	4095	3583	2996	4056	3440
3071	4095	3583	3214	4052	3435
3327	4095	3583	3428	4050	3433
3583	4095	3583	3647	4052	3429
3839	4095	3583	3872	4052	3427
4095	4095	3583	4075	4050	3426
0	0	3839	170	61	3634
256	0	3839	400	62	3634
512	0	3839	625	63	3635
768	0	3839	844	64	3633
1024	0	3839	1060	64	3630
1280	0	3839	1282	66	3628
1536	0	3839	1498	66	3627
1792	0	3839	1713	68	3628
2048	0	3839	1930	68	3628
2303	0	3839	2154	69	3626
2559	0	3839	2385	70	3623
2815	0	3839	2593	71	3620
3071	0	3839	2805	72	3618
3327	0	3839	3030	73	3617
3583	0	3839	3246	74	3614
3839	0	3839	3457	75	3612
4095	0	3839	3676	76	3610
0	256	3839	194	314	3637
256	256	3839	424	317	3639
512	256	3839	648	318	3636
768	256	3839	866	319	3634
1024	256	3839	1084	320	3631
1280	256	3839	1307	322	3631
1536	256	3839	1521	322	3631
1792	256	3839	1736	323	3630
2048	256	3839	1952	324	3630
2303	256	3839	2180	324	3630
2559	256	3839	2410	326	3631
2815	256	3839	2621	327	3626
3071	256	3839	2832	327	3622
3327	256	3839	3057	327	3622
3583	256	3839	3269	328	3617
3839	256	3839	3477	328	3612
4095	256	3839	3701	330	3613
0	512	3839	218	567	3642
256	512	3839	448	570	3644
512	512	3839	673	570	3642
768	512	3839	890	571	3638
1024	512	3839	1108	570	3636
1280	512	3839	1330	572	3636
1536	512	3839	1546	573	3636
1792	512	3839	1761	573	3633
2048	512	3839	1978	575	3634
2303	512	3839	2209	576	3636
2559	512	3839	2437	577	3636
2815	512	3839	2648	577	3632
3071	512	3839	2860	577	3628
3327	512	3839	3086	578	3626
3583	512	3839	3299	578	3626
3839	512	3839	3506	578	3619
4095	512	3839	3732	580	3621
0	768	3839	243	818	3645
256	768	3839	472	819	3647
512	768	3839	697	820	3647
768	768	3839	915	820	3644
1024	768	3839	1134	821	3641
1280	768	3839	1356	822	3641
1536	768	3839	1570	823	3634
1792	768	3839	1783	821	3635
2048	768	3839	2002	823	3638
2303	768	3839	2236	825	3639
2559	768	3839	2461	826	3640
2815	768	3839	2673	826	3633
3071	768	3839	2887	825	3632
3327	768	3839	3111	826	3630
3583	768	3839	3326	826	3628
3839	768	3839	3536	826	3626
4095	768	3839	3761	828	3625
0	1024	3839	264	1070	3646
256	1024	3839	492	1073	3648
512	1024	3839	720	1073	3650
768	1024	3839	939	1073	3646
1024	1024	3839	1160	1074	3648
1280	1024	3839	1380	1074	3643
1536	1024	3839	1594	1074	3643
1792	1024	3839	1812	1074	3643
2048	1024	3839	2027	1075	3642
2303	1024	3839	2266	1078	3645
2559	1024	3839	2484	1078	3640
2815	1024	3839	2695	1076	3638
3071	1024	3839	2914	1077	3635
3327	1024	3839	3134	1077	3630
3583	1024	3839	3346	1076	3631
3839	1024	3839	3562	1078	3631
4095	1024	3839	3788	1078	3631
0	1280	3839	289	1322	3654
256	1280	3839	518	1324	3656
512	1280	3839	744	1322	3652
768	1280	3839	962	1323	3650
1024	1280	3839	1185	1323	3650
1280	1280	3839	1405	1324	3647
1536	1280	3839	1620	1325	3650
1792	1280	3839	1837	1326	3645
2048	1280	3839	2052	1325	3647
2303	1280	3839	2294	1328	3650
2559	1280	3839	2511	1328	3646
2815	1280	3839	2721	1327	3642
3071	1280	3839	2940	1326	3640
3327	1280	3839	3162	1327	3638
3583	1280	3839	3376	1328	3638
3839	1280	3839	3590	1328	3637
4095	1280	3839	3818	1328	3634
0	1536	3839	321	1567	3664
256	1536	3839	551	1572	3660
512	1536	3839	771	1568	3658
768	1536	3839	989	1568	3656
1024	1536	3839	1210	1567	3653
1280	1536	3839	1430	1568	3656
1536	1536	3839	1647	1570	3651
1792	1536	3839	1862	1569	3652
2048	1536	3839	2082	1572	3653
2303	1536	3839	2321	1572	3650
2559	1536	3839	2537	1572	3651
2815	1536	3839	2747	1571	3645
3071	1536	3839	2967	1570	3642
3327	1536	3839	3189	1571	3643
3583	1536	3839	3404	1572	3642
3839	1536	3839	3616	1571	3638
4095	1536	3839	3840	1569	3640
0	1792	3839	346	1814	3666
256	1792	3839	576	1816	3664
512	1792	3839	796	1815	3664
768	1792	3839	1014	1816	3663
1024	1792	3839	1237	1815	3659
1280	1792	3839	1455	1814	3658
1536	1792	3839	1672	1815	3656
1792	1792	3839	1890	1816	3660
2048	1792	3839	2114	1820	3656
2303	1792	3839	2349	1818	3659
2559	1792	3839	2563	1820	3658
2815	1792	3839	2773	1816	3651
3071	1792	3839	2993	1816	3647
3327	1792	3839	3216	1816	3650
3583	1792	3839	3432	1818	3645
3839	1792	3839	3646	1817	3642
4095	1792	3839	3870	1817	3646
0	2048	3839	371	2058	3668
256	2048	3839	600	2060	3668
512	2048	3839	821	2060	3667
768	2048	3839	1036	2062	3664
1024	2048	3839	1260	2062	3663
1280	2048	3839	1480	2062	3660
1536	2048	3839	1697	2061	3660
1792	2048	3839	1914	2061	3658
2048	2048	3839	2139	2063	3664
2303	2048	3839	2378	2067	3662
2559	2048	3839	2590	2066	3658
2815	2048	3839	2802	2065	3656
3071	2048	3839	3026	2064	3653
3327	2048	3839	3242	2062	3650
3583	2048	3839	3454	2062	3647
3839	2048	3839	3674	2062	3651
4095	2048	3839	3898	2064	3644
0	2303	3839	397	2333	3669
256	2303	3839	624	2335	3669
512	2303	3839	844	2334	3665
768	2303	3839	1061	2331	3669
1024	2303	3839	1288	2335	3667
1280	2303	3839	1502	2331	3661
1536	2303	3839	1720	2333	3664
1792	2303	3839	1937	2334	3664
2048	2303	3839	2165	2336	3664
2303	2303	3839	2399	2337	3660
2559	2303	3839	2610	2335	3658
2815	2303	3839	2824	2335	3656
3071	2303	3839	3045	2332	3651
3327	2303	3839	3264	2333	3652
3583	2303	3839	3478	2334	3652
3839	2303	3839	3699	2334	3648
4095	2303	3839	3916	2332	3647
0	2559	3839	423	2570	3667
256	2559	3839	650	2572	3672
512	2559	3839	870	2576	3673
768	2559	3839	1091	2578	3669
1024	2559	3839	1315	2575	3668
1280	2559	3839	1530	2576	3667
1536	2559	3839	1747	2576	3667
1792	2559	3839	1964	2574	3664
2048	2559	3839	2192	2574	3662
2303	2559	3839	2422	2575	3664
2559	2559	3839	2636	2576	3659
2815	2559	3839	2848	2571	3657
3071	2559	3839	3074	2572	3656
3327	2559	3839	3293	2574	3656
3583	2559	3839	3504	2572	3651
3839	2559	3839	3723	2570	3650
4095	2559	3839	3942	2572	3652
0	2815	3839	449	2822	3670
256	2815	3839	675	2824	3672
512	2815	3839	895	2822	3672
768	2815	3839	1114	2821	3674
1024	2815	3839	1339	2823	3670
1280	2815	3839	1554	2822	3670
1536	2815	3839	1772	2823	3670
1792	2815	3839	1987	2820	3668
2048	2815	3839	2220	2821	3668
2303	2815	3839	2449	2823	3669
2559	2815	3839	2662	2823	3664
2815	2815	3839	2876	2820	3661
3071	2815	3839	3102	2819	3655
3327	2815	3839	3316	2818	3654
3583	2815	3839	3525	2815	3651
3839	2815	3839	3749	2816	3652
4095	2815	3839	3963	2816	3650
0	3071	3839	474	3069	3676
256	3071	3839	698	3071	3676
512	3071	3839	918	3072	3676
768	3071	3839	1138	3074	3672
1024	3071	3839	1362	3074	3674
1280	3071	3839	1578	3073	3670
1536	3071	3839	1796	3075	3671
1792	3071	3839	2014	3078	3672
2048	3071	3839	2251	3078	3670
2303	3071	3839	2474	3076	3670
2559	3071	3839	2686	3074	3669
2815	3071	3839	2903	3074	3664
3071	3071	3839	3124	3068	3660
3327	3071	3839	3338	3066	3659
3583	3071	3839	3552	3070	3657
3839	3071	3839	3776	3067	3653
4095	3071	3839	3986	3067	3652
0	3327	3839	501	3330	3677
256	3327	3839	725	3328	3676
512	3327	3839	944	3326	3676
768	3327	3839	1164	3324	3676
1024	3327	3839	1387	3324	3675
1280	3327	3839	1602	3323	3671
1536	3327	3839	1821	3324	3674
1792	3327	3839	2039	3327	3674
2048	3327	3839	2276	3326	3674
2303	3327	3839	2498	3326	3676
2559	3327	3839	2711	3324	3669
2815	3327	3839	2929	3322	3668
3071	3327	3839	3155	3322	3662
3327	3327	3839	3368	3320	3658
3583	3327	3839	3577	3317	3656
3839	3327	3839	3805	3318	3658
4095	3327	3839	4016	3319	3655
0	3583	3839	526	3567	3684
256	3583	3839	749	3570	3688
512	3583	3839	969	3571	3685
768	3583	3839	1191	3569	3680
1024	3583	3839	1410	3566	3678
1280	3583	3839	1628	3566	3676
1536	3583	3839	1848	3569	3678
1792	3583	3839	2062	3566	3676
2048	3583	3839	2303	3566	3677
2303	3583	3839	2521	3566	3674
2559	3583	3839	2734	3564	3675
2815	3583	3839	2954	3562	3668
3071	3583	3839	3176	3561	3669
3327	3583	3839	3388	3557	3665
3583	3583	3839	3604	3560	3662
3839	3583	3839	3834	3561	3662
4095	3583	3839	4036	3557	3661
0	3839	3839	552	3822	3686
256	3839	3839	774	3820	3685
512	3839	3839	992	3818	3686
768	3839	3839	1216	3818	3686
1024	3839	3839	1437	3819	3682
1280	3839	3839	1653	3818	3679
1536	3839	3839	1869	3814	3682
1792	3839	3839	2090	3818	3678
2048	3839	3839	2332	3820	3678
2303	3839	3839	2550	3823	3679
2559	3839	3839	2762	3820	3677
2815	3839	3839	2982	3817	3673
3071	3839	3839	3203	3816	3671
3327	3839	3839	3417	3812	3666
3583	3839	3839	3632	3812	3667
3839	3839	3839	3856	3808	3665
4095	3839	3839	4062	3810	3665
0	4095	3839	578	4071	3693
256	4095	3839	802	4074	3693
512	4095	3839	1019	4071	3690
768	4095	3839	1244	4070	3687
1024	4095	3839	1463	4068	3685
1280	4095	3839	1680	4067	3684
1536	4095	3839	1899	4068	3682
1792	4095	3839	2123	4072	3684
2048	4095	3839	2363	4072	3685
2303	4095	3839	2574	4070	3684
2559	4095	3839	2788	4066	3685
2815	4095	3839	3011	4064	3680
3071	4095	3839	3228	4061	3676
3327	4095	3839	3443	4059	3672
3583	4095	3839	3662	4060	3672
3839	4095	3839	3885	4057	3666
4095	4095	3839	4090	4058	3666
0	0	4095	182	65	3878
256	0	4095	412	66	3877
512	0	4095	637	67	3879
768	0	4095	856	68	3873
1024	0	4095	1071	70	3871
1280	0	4095	1296	70	3872
1536	0	4095	1511	70	3870
1792	0	4095	1726	72	3871
2048	0	4095	1942	73	3871
2303	0	4095	2168	74	3868
2559	0	4095	2398	75	3866
2815	0	4095	2609	76	3865
3071	0	4095	2824	76	3865
3327	0	4095	3050	77	3863
3583	0	4095	3264	78	3859
3839	0	4095	3474	80	3856
4095	0	4095	3692	80	3852
0	256	4095	205	320	3879
256	256	4095	436	320	3878
512	256	4095	660	323	3880
768	256	4095	879	324	3878
1024	256	4095	1096	325	3876
1280	256	4095	1320	326	3875
1536	256	4095	1534	326	3874
1792	256	4095	1751	328	3875
2048	256	4095	1965	328	3872
2303	256	4095	2195	330	3874
2559	256	4095	2424	330	3873
2815	256	4095	2633	331	3866
3071	256	4095	2846	331	3863
3327	256	4095	3073	332	3864
3583	256	4095	3286	332	3861
3839	256	4095	3498	334	3860
4095	256	4095	3720	335	3857
0	512	4095	230	572	3884
256	512	4095	460	574	3886
512	512	4095	684	575	3885
768	512	4095	902	576	3881
1024	512	4095	1121	576	3880
1280	512	4095	1344	577	3876
1536	512	4095	1558	578	3881
1792	512	4095	1775	579	3876
2048	512	4095	1990	580	3876
2303	512	4095	2224	581	3879
2559	512	4095	2450	581	3876
2815	512	4095	2659	581	3872
3071	512	4095	2874	582	3870
3327	512	4095	3102	582	3869
3583	512	4095	3315	583	3868
3839	512	4095	3526	584	3866
4095	512	4095	3750	584	3864
0	768	4095	253	823	3888
256	768	4095	484	825	3890
512	768	4095	708	824	3887
768	768	4095	926	825	3886
1024	768	4095	1146	826	3879
1280	768	4095	1367	826	3882
1536	768	4095	1583	827	3876
1792	768	4095	1796	826	3878
2048	768	4095	2017	829	3884
2303	768	4095	2251	830	3880
2559	768	4095	2473	830	3880
2815	768	4095	2686	831	3876
3071	768	4095	2901	830	3876
3327	768	4095	3126	832	3873
3583	768	4095	3340	832	3870
3839	768	4095	3550	832	3868
4095	768	4095	3774	832	3866
0	1024	4095	276	1076	3890
256	1024	4095	504	1079	3891
512	1024	4095	732	1079	3894
768	1024	4095	951	1078	3889
1024	1024	4095	1172	1079	3889
1280	1024	4095	1393	1080	3886
1536	1024	4095	1608	1080	3886
1792	1024	4095	1826	1081	3892
2048	1024	4095	2044	1084	3890
2303	1024	4095	2278	1082	3886
2559	1024	4095	2498	1083	3885
2815	1024	4095	2711	1083	3882
3071	1024	4095	2930	1083	3880
3327	1024	4095	3152	1084	3878
3583	1024	4095	3366	1084	3873
3839	1024	4095	3577	1084	3875
4095	1024	4095	3804	1084	3872
0	1280	4095	300	1328	3897
256	1280	4095	530	1330	3897
512	1280	4095	758	1330	3899
768	1280	4095	975	1328	3892
1024	1280	4095	1198	1329	3892
1280	1280	4095	1418	1330	3888
1536	1280	4095	1632	1330	3893
1792	1280	4095	1852	1332	3888
2048	1280	4095	2068	1332	3892
2303	1280	4095	2308	1333	3892
2559	1280	4095	2524	1333	3890
2815	1280	4095	2735	1332	3884
3071	1280	4095	2954	1332	3882
3327	1280	4095	3175	1331	3879
3583	1280	4095	3389	1332	3878
3839	1280	4095	3605	1332	3876
4095	1280	4095	3830	1332	3873
0	1536	4095	333	1573	3906
256	1536	4095	562	1575	3905
512	1536	4095	783	1575	3902
768	1536	4095	1001	1576	3901
1024	1536	4095	1222	1572	3894
1280	1536	4095	1442	1574	3897
1536	1536	4095	1659	1575	3891
1792	1536	4095	1872	1573	3892
2048	1536	4095	2096	1577	3895
2303	1536	4095	2336	1578	3895
2559	1536	4095	2550	1579	3894
2815	1536	4095	2760	1577	3887
3071	1536	4095	2981	1575	3884
3327	1536	4095	3201	1576	3882
3583	1536	4095	3414	1576	3882
3839	1536	4095	3629	1576	3878
4095	1536	4095	3851	1574	3878
0	1792	4095	358	1820	3911
256	1792	4095	587	1823	3908
512	1792	4095	808	1822	3908
768	1792	4095	1026	1823	3908
1024	1792	4095	1249	1821	3901
1280	1792	4095	1468	1821	3901
1536	1792	4095	1684	1821	3896
1792	1792	4095	1901	1821	3900
2048	1792	4095	2126	1824	3902
2303	1792	4095	2364	1827	3901
2559	1792	4095	2575	1824	3900
2815	1792	4095	2786	1822	3894
3071	1792	4095	3006	1820	3888
3327	1792	4095	3228	1822	3891
3583	1792	4095	3445	1824	3888
3839	1792	4095	3660	1823	3884
4095	1792	4095	3884	1822	3888
0	2048	4095	383	2066	3913
256	2048	4095	612	2067	3911
512	2048	4095	833	2068	3909
768	2048	4095	1050	2068	3907
1024	2048	4095	1274	2066	3904
1280	2048	4095	1491	2064	3901
1536	2048	4095	1708	2065	3902
1792	2048	4095	1926	2067	3902
2048	2048	4095	2153	2070	3906
2303	2048	4095	2391	2073	3904
2559	2048	4095	2602	2072	3900
2815	2048	4095	2816	2072	3898
3071	2048	4095	3039	2070	3895
3327	2048	4095	3254	2068	3890
3583	2048	4095	3466	2066	3888
3839	2048	4095	3686	2068	3891
4095	2048	4095	3910	2070	3887
0	2303	4095	408	2339	3912
256	2303	4095	635	2340	3912
512	2303	4095	855	2338	3909
768	2303	4095	1073	2336	3909
1024	2303	4095	1299	2338	3906
1280	2303	4095	1515	2339	3906
1536	2303	4095	1732	2339	3905
1792	2303	4095	1949	2340	3905
2048	2303	4095	2178	2342	3904
2303	2303	4095	2411	2342	3902
2559	2303	4095	2623	2342	3898
2815	2303	4095	2835	2339	3898
3071	2303	4095	3061	2339	3895
3327	2303	4095	3276	2338	3891
3583	2303	4095	3492	2340	3894
3839	2303	4095	3714	2340	3890
4095	2303	4095	3929	2338	3886
0	2559	4095	435	2579	3918
256	2559	4095	662	2582	3918
512	2559	4095	882	2584	3914
768	2559	4095	1102	2582	3911
1024	2559	4095	1325	2578	3914
1280	2559	4095	1541	2582	3911
1536	2559	4095	1758	2580	3907
1792	2559	4095	1975	2580	3906
2048	2559	4095	2206	2580	3906
2303	2559	4095	2435	2582	3906
2559	2559	4095	2648	2580	3903
2815	2559	4095	2864	2580	3898
3071	2559	4095	3086	2577	3896
3327	2559	4095	3306	2579	3897
3583	2559	4095	3518	2579	3894
3839	2559	4095	3737	2577	3890
4095	2559	4095	3954	2577	3892
0	2815	4095	461	2830	3914
256	2815	4095	686	2828	3918
512	2815	4095	906	2828	3916
768	2815	4095	1126	2830	3920
1024	2815	4095	1351	2832	3911
1280	2815	4095	1565	2826	3909
1536	2815	4095	1781	2826	3910
1792	2815	4095	1999	2826	3909
2048	2815	4095	2234	2828	3910
2303	2815	4095	2461	2830	3908
2559	2815	4095	2675	2830	3907
2815	2815	4095	2891	2827	3901
3071	2815	4095	3114	2825	3897
3327	2815	4095	3329	2824	3896
3583	2815	4095	3540	2823	3894
3839	2815	4095	3764	2822	3893
4095	2815	4095	3976	2822	3890
0	3071	4095	486	3077	3921
256	3071	4095	710	3079	3920
512	3071	4095	930	3081	3917
768	3071	4095	1150	3081	3919
1024	3071	4095	1372	3078	3918
1280	3071	4095	1589	3078	3911
1536	3071	4095	1808	3082	3913
1792	3071	4095	2024	3081	3910
2048	3071	4095	2260	3080	3910
2303	3071	4095	2482	3079	3912
2559	3071	4095	2696	3078	3906
2815	3071	4095	2914	3076	3899
3071	3071	4095	3134	3073	3898
3327	3071	4095	3350	3072	3898
3583	3071	4095	3564	3076	3897
3839	3071	4095	3788	3074	3892
4095	3071	4095	3996	3072	3890
0	3327	4095	510	3328	3918
256	3327	4095	735	3331	3919
512	3327	4095	953	3330	3918
768	3327	4095	1175	3328	3919
1024	3327	4095	1396	3326	3914
1280	3327	4095	1613	3326	3913
1536	3327	4095	1830	3326	3914
1792	3327	4095	2048	3330	3916
2048	3327	4095	2287	3330	3914
2303	3327	4095	2510	3332	3913
2559	3327	4095	2722	3328	3908
2815	3327	4095	2941	3326	3907
3071	3327	4095	3165	3328	3902
3327	3327	4095	3376	3323	3897
3583	3327	4095	3588	3323	3897
3839	3327	4095	3812	3319	3897
4095	3327	4095	4024	3321	3895
0	3583	4095	537	3570	3924
256	3583	4095	758	3570	3923
512	3583	4095	978	3573	3925
768	3583	4095	1202	3572	3921
1024	3583	4095	1421	3570	3916
1280	3583	4095	1637	3568	3916
1536	3583	4095	1857	3573	3915
1792	3583	4095	2074	3572	3917
2048	3583	4095	2317	3573	3917
2303	3583	4095	2532	3571	3916
2559	3583	4095	2746	3569	3917
2815	3583	4095	2965	3566	3907
3071	3583	4095	3186	3564	3910
3327	3583	4095	3402	3565	3904
3583	3583	4095	3619	3567	3904
3839	3583	4095	3844	3564	3902
4095	3583	4095	4049	3563	3898
0	3839	4095	563	3828	3928
256	3839	4095	784	3824	3925
512	3839	4095	1004	3825	3924
768	3839	4095	1227	3823	3925
1024	3839	4095	1446	3822	3922
1280	3839	4095	1663	3821	3918
1536	3839	4095	1881	3822	3922
1792	3839	4095	2104	3825	3922
2048	3839	4095	2346	3829	3922
2303	3839	4095	2558	3826	3921
2559	3839	4095	2774	3826	3918
2815	3839	4095	2994	3822	3915
3071	3839	4095	3214	3820	3908
3327	3839	4095	3430	3820	3909
3583	3839	4095	3644	3817	3910
3839	3839	4095	3867	3814	3904
4095	3839	4095	4080	3820	3906
0	4095	4095	588	4076	3936
256	4095	4095	811	4075	3931
512	4095	4095	1031	4078	3932
768	4095	4095	1255	4076	3930
1024	4095	4095	1474	4074	3926
1280	4095	4095	1692	4075	3926
1536	4095	4095	1910	4075	3924
1792	4095	4095	2133	4074	3926
2048	4095	4095	2373	4076	3928
2303	4095	4095	2585	4074	3927
2559	4095	4095	2797	4069	3923
2815	4095	4095	3022	4068	3922
3071	4095	4095	3243	4070	3916
3327	4095	4095	3456	4067	3916
3583	4095	4095	3672	4064	3912
3839	4095	4095	3895	4063	3911
4095	4095	4095	4090	4062	3931
