0	0	0	0	0	0
256	0	0	186	9	4
512	0	0	369	19	8
768	0	0	550	27	12
1024	0	0	724	37	16
1280	0	0	897	46	20
1536	0	0	1073	56	24
1792	0	0	1254	64	27
2048	0	0	1421	73	31
2303	0	0	1592	82	35
2559	0	0	1766	91	39
2815	0	0	1939	99	43
3071	0	0	2129	109	47
3327	0	0	2312	119	51
3583	0	0	2478	127	55
3839	0	0	2653	136	59
4095	0	0	2827	144	63
0	256	0	65	243	18
256	256	0	249	252	22
512	256	0	433	262	27
768	256	0	612	272	31
1024	256	0	788	281	35
1280	256	0	959	290	39
1536	256	0	1137	298	43
1792	256	0	1315	306	46
2048	256	0	1482	315	50
2303	256	0	1656	324	54
2559	256	0	1831	332	58
2815	256	0	2008	341	62
3071	256	0	2200	350	66
3327	256	0	2372	358	70
3583	256	0	2542	366	74
3839	256	0	2719	374	78
4095	256	0	2890	382	82
0	512	0	129	483	37
256	512	0	313	492	41
512	512	0	497	501	45
768	512	0	673	510	49
1024	512	0	846	519	53
1280	512	0	1018	527	57
1536	512	0	1202	536	61
1792	512	0	1375	545	64
2048	512	0	1546	553	68
2303	512	0	1721	561	72
2559	512	0	1894	570	76
2815	512	0	2077	579	80
3071	512	0	2264	588	84
3327	512	0	2428	595	88
3583	512	0	2605	603	92
3839	512	0	2782	611	96
4095	512	0	2951	619	100
0	768	0	195	726	56
256	768	0	378	736	60
512	768	0	561	745	64
768	768	0	737	753	68
1024	768	0	908	761	72
1280	768	0	1086	770	76
1536	768	0	1270	778	80
1792	768	0	1434	783	84
2048	768	0	1606	791	87
2303	768	0	1780	800	91
2559	768	0	1958	810	95
2815	768	0	2146	818	99
3071	768	0	2326	826	103
3327	768	0	2492	835	107
3583	768	0	2671	842	111
3839	768	0	2845	849	115
4095	768	0	3018	856	119
0	1024	0	259	966	74
256	1024	0	443	974	78
512	1024	0	622	981	82
768	1024	0	797	990	86
1024	1024	0	972	1001	90
1280	1024	0	1151	1008	94
1536	1024	0	1328	1013	98
1792	1024	0	1496	1021	102
2048	1024	0	1671	1030	105
2303	1024	0	1845	1039	109
2559	1024	0	2023	1046	114
2815	1024	0	2214	1056	118
3071	1024	0	2389	1066	122
3327	1024	0	2562	1074	125
3583	1024	0	2738	1081	129
3839	1024	0	2911	1087	133
4095	1024	0	3087	1095	137
0	1280	0	324	1209	93
256	1280	0	507	1218	97
512	1280	0	685	1226	101
768	1280	0	858	1235	105
1024	1280	0	1033	1244	109
1280	1280	0	1218	1251	113
1536	1280	0	1389	1258	117
1792	1280	0	1559	1265	121
2048	1280	0	1731	1272	125
2303	1280	0	1908	1281	128
2559	1280	0	2093	1290	132
2815	1280	0	2282	1299	136
3071	1280	0	2450	1308	140
3327	1280	0	2627	1314	144
3583	1280	0	2805	1321	148
3839	1280	0	2979	1330	152
4095	1280	0	3157	1337	156
0	1536	0	388	1448	112
256	1536	0	571	1456	116
512	1536	0	748	1463	120
768	1536	0	921	1473	124
1024	1536	0	1100	1480	128
1280	1536	0	1282	1486	132
1536	1536	0	1451	1493	136
1792	1536	0	1624	1500	139
2048	1536	0	1799	1508	143
2303	1536	0	1976	1517	146
2559	1536	0	2166	1526	151
2815	1536	0	2347	1537	155
3071	1536	0	2517	1544	159
3327	1536	0	2694	1549	163
3583	1536	0	2870	1556	167
3839	1536	0	3046	1564	171
4095	1536	0	3225	1571	175
0	1792	0	454	1687	130
256	1792	0	634	1694	134
512	1792	0	810	1701	138
768	1792	0	984	1712	143
1024	1792	0	1167	1718	147
1280	1792	0	1345	1725	150
1536	1792	0	1515	1731	154
1792	1792	0	1691	1740	158
2048	1792	0	1868	1749	162
2303	1792	0	2048	1757	165
2559	1792	0	2237	1763	169
2815	1792	0	2409	1771	174
3071	1792	0	2584	1780	178
3327	1792	0	2765	1787	182
3583	1792	0	2935	1791	186
3839	1792	0	3114	1798	190
4095	1792	0	3297	1809	194
0	2048	0	521	1925	150
256	2048	0	699	1931	154
512	2048	0	874	1941	158
768	2048	0	1050	1950	162
1024	2048	0	1236	1956	166
1280	2048	0	1408	1962	170
1536	2048	0	1582	1969	174
1792	2048	0	1758	1977	178
2048	2048	0	1935	1986	182
2303	2048	0	2120	1992	186
2559	2048	0	2307	2000	188
2815	2048	0	2475	2008	193
3071	2048	0	2659	2019	197
3327	2048	0	2840	2026	201
3583	2048	0	3009	2030	206
3839	2048	0	3190	2039	209
4095	2048	0	3367	2045	213
0	2303	0	584	2171	169
256	2303	0	763	2179	173
512	2303	0	936	2188	177
768	2303	0	1117	2196	181
1024	2303	0	1300	2201	185
1280	2303	0	1467	2206	189
1536	2303	0	1643	2214	193
1792	2303	0	1819	2222	197
2048	2303	0	1996	2229	201
2303	2303	0	2189	2241	204
2559	2303	0	2372	2253	208
2815	2303	0	2544	2263	212
3071	2303	0	2719	2264	216
3327	2303	0	2898	2273	221
3583	2303	0	3076	2283	224
3839	2303	0	3251	2286	228
4095	2303	0	3434	2296	232
0	2559	0	649	2420	188
256	2559	0	826	2428	192
512	2559	0	998	2435	196
768	2559	0	1184	2441	200
1024	2559	0	1362	2446	204
1280	2559	0	1531	2452	207
1536	2559	0	1708	2458	211
1792	2559	0	1886	2467	215
2048	2559	0	2071	2478	220
2303	2559	0	2266	2489	224
2559	2559	0	2438	2499	227
2815	2559	0	2614	2504	232
3071	2559	0	2792	2508	234
3327	2559	0	2969	2517	238
3583	2559	0	3150	2526	243
3839	2559	0	3329	2532	246
4095	2559	0	3502	2535	250
0	2815	0	713	2660	207
256	2815	0	889	2668	211
512	2815	0	1067	2676	215
768	2815	0	1252	2680	219
1024	2815	0	1425	2685	222
1280	2815	0	1599	2692	226
1536	2815	0	1776	2702	230
1792	2815	0	1957	2712	235
2048	2815	0	2145	2719	239
2303	2815	0	2330	2725	243
2559	2815	0	2501	2736	247
2815	2815	0	2684	2744	250
3071	2815	0	2862	2749	254
3327	2815	0	3033	2752	258
3583	2815	0	3214	2759	262
3839	2815	0	3394	2767	266
4095	2815	0	3574	2775	270
0	3071	0	778	2898	226
256	3071	0	952	2909	230
512	3071	0	1134	2915	234
768	3071	0	1317	2918	237
1024	3071	0	1485	2920	241
1280	3071	0	1663	2930	246
1536	3071	0	1842	2940	250
1792	3071	0	2018	2946	254
2048	3071	0	2212	2954	258
2303	3071	0	2392	2964	262
2559	3071	0	2566	2975	266
2815	3071	0	2748	2980	269
3071	3071	0	2926	2987	273
3327	3071	0	3101	2993	277
3583	3071	0	3275	2994	280
3839	3071	0	3458	3003	284
4095	3071	0	3636	3011	288
0	3327	0	841	3143	246
256	3327	0	1016	3152	250
512	3327	0	1201	3155	253
768	3327	0	1378	3158	257
1024	3327	0	1549	3162	260
1280	3327	0	1729	3174	264
1536	3327	0	1907	3182	271
1792	3327	0	2089	3188	274
2048	3327	0	2283	3196	277
2303	3327	0	2453	3205	281
2559	3327	0	2633	3214	285
2815	3327	0	2816	3221	289
3071	3327	0	2990	3225	292
3327	3327	0	3167	3231	295
3583	3327	0	3347	3238	299
3839	3327	0	3529	3247	303
4095	3327	0	3700	3249	306
0	3583	0	904	3385	265
256	3583	0	1083	3392	269
512	3583	0	1268	3392	273
768	3583	0	1441	3397	277
1024	3583	0	1617	3405	280
1280	3583	0	1795	3413	284
1536	3583	0	1974	3421	288
1792	3583	0	2164	3430	293
2048	3583	0	2350	3439	297
2303	3583	0	2520	3447	301
2559	3583	0	2702	3451	304
2815	3583	0	2881	3455	306
3071	3583	0	3055	3460	310
3327	3583	0	3233	3464	313
3583	3583	0	3414	3470	317
3839	3583	0	3594	3478	321
4095	3583	0	3769	3485	325
0	3839	0	966	3619	285
256	3839	0	1149	3624	288
512	3839	0	1332	3628	292
768	3839	0	1504	3635	296
1024	3839	0	1680	3638	300
1280	3839	0	1858	3645	303
1536	3839	0	2041	3659	308
1792	3839	0	2239	3673	312
2048	3839	0	2419	3682	316
2303	3839	0	2592	3687	320
2559	3839	0	2770	3687	323
2815	3839	0	2947	3693	327
3071	3839	0	3123	3697	329
3327	3839	0	3301	3700	332
3583	3839	0	3485	3709	337
3839	3839	0	3663	3717	340
4095	3839	0	3837	3724	344
0	4095	0	1031	3859	305
256	4095	0	1217	3861	308
512	4095	0	1397	3868	312
768	4095	0	1573	3876	316
1024	4095	0	1748	3879	319
1280	4095	0	1929	3888	323
1536	4095	0	2118	3900	327
1792	4095	0	2313	3911	331
2048	4095	0	2483	3916	335
2303	4095	0	2661	3921	339
2559	4095	0	2841	3924	342
2815	4095	0	3016	3926	346
3071	4095	0	3195	3930	348
3327	4095	0	3375	3936	352
3583	4095	0	3558	3945	356
3839	4095	0	3731	3948	359
4095	4095	0	3903	3955	363
0	0	256	9	4	229
256	0	256	195	12	233
512	0	256	377	22	236
768	0	256	559	32	241
1024	0	256	736	41	245
1280	0	256	906	49	249
1536	0	256	1083	58	253
1792	0	256	1268	68	256
2048	0	256	1432	77	262
2303	0	256	1602	86	266
2559	0	256	1775	94	270
2815	0	256	1950	103	274
3071	0	256	2139	112	278
3327	0	256	2321	122	282
3583	0	256	2490	130	285
3839	0	256	2668	139	288
4095	0	256	2842	148	291
0	256	256	74	246	246
256	256	256	260	257	250
512	256	256	443	267	260
768	256	256	622	277	263
1024	256	256	797	284	266
1280	256	256	968	293	270
1536	256	256	1149	302	274
1792	256	256	1327	311	277
2048	256	256	1493	318	281
2303	256	256	1667	327	285
2559	256	256	1841	336	289
2815	256	256	2020	344	292
3071	256	256	2210	353	296
3327	256	256	2383	361	300
3583	256	256	2555	369	303
3839	256	256	2735	378	306
4095	256	256	2905	386	309
0	512	256	139	487	270
256	512	256	322	496	274
512	512	256	505	505	278
768	512	256	682	514	282
1024	512	256	855	523	286
1280	512	256	1028	532	289
1536	512	256	1213	541	293
1792	512	256	1385	548	296
2048	512	256	1556	557	299
2303	512	256	1729	565	303
2559	512	256	1905	574	307
2815	512	256	2088	582	311
3071	512	256	2275	591	315
3327	512	256	2442	599	318
3583	512	256	2620	608	322
3839	512	256	2798	616	324
4095	512	256	2967	622	327
0	768	256	204	732	289
256	768	256	387	741	293
512	768	256	570	750	297
768	768	256	747	758	300
1024	768	256	918	767	303
1280	768	256	1096	775	308
1536	768	256	1279	782	310
1792	768	256	1446	789	314
2048	768	256	1618	797	318
2303	768	256	1791	805	322
2559	768	256	1968	813	325
2815	768	256	2159	822	329
3071	768	256	2339	831	333
3327	768	256	2507	840	337
3583	768	256	2688	847	341
3839	768	256	2862	854	344
4095	768	256	3036	862	346
0	1024	256	268	971	308
256	1024	256	452	979	311
512	1024	256	631	987	315
768	1024	256	807	996	319
1024	1024	256	980	1005	322
1280	1024	256	1161	1012	325
1536	1024	256	1338	1019	328
1792	1024	256	1507	1027	333
2048	1024	256	1682	1036	336
2303	1024	256	1856	1043	340
2559	1024	256	2036	1052	344
2815	1024	256	2230	1062	348
3071	1024	256	2400	1071	352
3327	1024	256	2575	1078	356
3583	1024	256	2755	1086	359
3839	1024	256	2929	1094	363
4095	1024	256	3104	1102	365
0	1280	256	332	1215	326
256	1280	256	517	1224	330
512	1280	256	694	1231	333
768	1280	256	867	1240	337
1024	1280	256	1043	1249	341
1280	1280	256	1228	1256	344
1536	1280	256	1399	1264	347
1792	1280	256	1571	1270	350
2048	1280	256	1743	1277	355
2303	1280	256	1920	1287	359
2559	1280	256	2107	1297	363
2815	1280	256	2296	1306	367
3071	1280	256	2463	1313	370
3327	1280	256	2641	1320	374
3583	1280	256	2819	1327	377
3839	1280	256	2993	1335	381
4095	1280	256	3171	1341	384
0	1536	256	397	1454	344
256	1536	256	579	1461	348
512	1536	256	757	1469	352
768	1536	256	930	1478	356
1024	1536	256	1109	1486	360
1280	1536	256	1292	1492	362
1536	1536	256	1461	1499	365
1792	1536	256	1635	1506	369
2048	1536	256	1811	1514	372
2303	1536	256	1988	1524	377
2559	1536	256	2179	1532	382
2815	1536	256	2357	1540	385
3071	1536	256	2526	1548	389
3327	1536	256	2708	1555	393
3583	1536	256	2884	1563	396
3839	1536	256	3061	1569	400
4095	1536	256	3241	1578	403
0	1792	256	463	1693	364
256	1792	256	643	1700	367
512	1792	256	819	1708	371
768	1792	256	993	1718	375
1024	1792	256	1176	1723	378
1280	1792	256	1354	1730	380
1536	1792	256	1524	1736	384
1792	1792	256	1700	1745	388
2048	1792	256	1878	1754	391
2303	1792	256	2060	1762	396
2559	1792	256	2252	1770	400
2815	1792	256	2422	1779	404
3071	1792	256	2598	1786	408
3327	1792	256	2779	1792	411
3583	1792	256	2952	1799	415
3839	1792	256	3130	1806	418
4095	1792	256	3308	1813	422
0	2048	256	530	1931	383
256	2048	256	708	1938	386
512	2048	256	882	1947	390
768	2048	256	1060	1955	394
1024	2048	256	1246	1960	398
1280	2048	256	1417	1966	401
1536	2048	256	1590	1972	403
1792	2048	256	1766	1979	407
2048	2048	256	1943	1987	410
2303	2048	256	2130	1997	415
2559	2048	256	2318	2006	419
2815	2048	256	2486	2014	422
3071	2048	256	2666	2020	426
3327	2048	256	2844	2026	430
3583	2048	256	3017	2033	434
3839	2048	256	3198	2042	437
4095	2048	256	3377	2049	441
0	2303	256	593	2177	402
256	2303	256	771	2184	405
512	2303	256	945	2193	410
768	2303	256	1126	2201	413
1024	2303	256	1309	2207	416
1280	2303	256	1478	2213	419
1536	2303	256	1653	2220	422
1792	2303	256	1831	2228	426
2048	2303	256	2009	2239	430
2303	2303	256	2201	2247	433
2559	2303	256	2379	2256	438
2815	2303	256	2551	2264	441
3071	2303	256	2735	2273	445
3327	2303	256	2912	2281	448
3583	2303	256	3088	2289	451
3839	2303	256	3268	2296	456
4095	2303	256	3448	2303	460
0	2559	256	657	2423	420
256	2559	256	834	2431	424
512	2559	256	1009	2442	428
768	2559	256	1194	2446	432
1024	2559	256	1372	2452	434
1280	2559	256	1544	2458	438
1536	2559	256	1721	2467	441
1792	2559	256	1900	2476	445
2048	2559	256	2083	2485	449
2303	2559	256	2275	2493	453
2559	2559	256	2445	2500	456
2815	2559	256	2623	2508	460
3071	2559	256	2805	2516	464
3327	2559	256	2980	2523	468
3583	2559	256	3156	2527	471
3839	2559	256	3334	2532	474
4095	2559	256	3516	2542	478
0	2815	256	722	2664	438
256	2815	256	898	2673	443
512	2815	256	1077	2682	446
768	2815	256	1262	2684	450
1024	2815	256	1434	2690	452
1280	2815	256	1609	2697	456
1536	2815	256	1785	2705	459
1792	2815	256	1965	2715	464
2048	2815	256	2156	2725	468
2303	2815	256	2342	2734	471
2559	2815	256	2511	2742	475
2815	2815	256	2693	2748	478
3071	2815	256	2872	2753	482
3327	2815	256	3047	2760	485
3583	2815	256	3227	2767	489
3839	2815	256	3405	2772	491
4095	2815	256	3579	2776	496
0	3071	256	787	2903	457
256	3071	256	961	2914	462
512	3071	256	1144	2919	465
768	3071	256	1326	2923	468
1024	3071	256	1498	2931	472
1280	3071	256	1675	2939	475
1536	3071	256	1852	2946	478
1792	3071	256	2031	2954	482
2048	3071	256	2227	2965	486
2303	3071	256	2404	2974	491
2559	3071	256	2578	2981	494
2815	3071	256	2761	2987	498
3071	3071	256	2935	2991	501
3327	3071	256	3112	2996	505
3583	3071	256	3292	3004	508
3839	3071	256	3471	3009	513
4095	3071	256	3645	3015	515
0	3327	256	849	3147	477
256	3327	256	1025	3156	479
512	3327	256	1210	3158	483
768	3327	256	1389	3165	487
1024	3327	256	1564	3175	492
1280	3327	256	1740	3180	496
1536	3327	256	1917	3186	499
1792	3327	256	2102	3195	501
2048	3327	256	2298	3208	505
2303	3327	256	2468	3215	509
2559	3327	256	2647	3222	514
2815	3327	256	2827	3228	517
3071	3327	256	3002	3233	521
3327	3327	256	3179	3238	525
3583	3327	256	3357	3242	528
3839	3327	256	3537	3249	531
4095	3327	256	3714	3257	535
0	3583	256	912	3388	496
256	3583	256	1093	3396	499
512	3583	256	1280	3400	503
768	3583	256	1451	3404	506
1024	3583	256	1626	3408	509
1280	3583	256	1803	3416	513
1536	3583	256	1981	3423	517
1792	3583	256	2174	3435	521
2048	3583	256	2362	3446	526
2303	3583	256	2533	3457	532
2559	3583	256	2714	3458	534
2815	3583	256	2891	3461	536
3071	3583	256	3065	3464	539
3327	3583	256	3245	3469	543
3583	3583	256	3425	3476	546
3839	3583	256	3605	3484	550
4095	3583	256	3783	3494	554
0	3839	256	978	3632	518
256	3839	256	1162	3637	520
512	3839	256	1344	3637	522
768	3839	256	1513	3638	526
1024	3839	256	1693	3650	532
1280	3839	256	1874	3660	537
1536	3839	256	2054	3668	541
1792	3839	256	2248	3674	544
2048	3839	256	2426	3684	546
2303	3839	256	2602	3691	550
2559	3839	256	2782	3695	554
2815	3839	256	2957	3696	556
3071	3839	256	3134	3701	559
3327	3839	256	3315	3708	563
3583	3839	256	3499	3718	567
3839	3839	256	3676	3723	570
4095	3839	256	3846	3728	573
0	4095	256	1041	3867	539
256	4095	256	1230	3872	542
512	4095	256	1407	3875	545
768	4095	256	1582	3880	547
1024	4095	256	1761	3889	551
1280	4095	256	1941	3896	554
1536	4095	256	2128	3904	558
1792	4095	256	2319	3911	563
2048	4095	256	2490	3918	566
2303	4095	256	2670	3924	569
2559	4095	256	2851	3927	572
2815	4095	256	3025	3930	576
3071	4095	256	3205	3935	578
3327	4095	256	3385	3941	582
3583	4095	256	3566	3947	585
3839	4095	256	3741	3952	589
4095	4095	256	3914	3963	593
0	0	512	18	7	456
256	0	512	204	17	460
512	0	512	387	26	463
768	0	512	568	36	467
1024	0	512	743	44	471
1280	0	512	915	53	476
1536	0	512	1093	63	478
1792	0	512	1274	72	481
2048	0	512	1441	80	485
2303	0	512	1612	89	488
2559	0	512	1786	98	491
2815	0	512	1960	107	495
3071	0	512	2148	115	498
3327	0	512	2327	124	502
3583	0	512	2495	133	505
3839	0	512	2677	143	511
4095	0	512	2850	151	514
0	256	512	83	251	474
256	256	512	268	261	480
512	256	512	452	270	484
768	256	512	630	279	487
1024	256	512	805	288	491
1280	256	512	977	297	495
1536	256	512	1158	306	498
1792	256	512	1334	314	501
2048	256	512	1502	322	504
2303	256	512	1676	330	508
2559	256	512	1849	339	513
2815	256	512	2027	347	515
3071	256	512	2219	356	520
3327	256	512	2390	365	524
3583	256	512	2564	374	527
3839	256	512	2744	381	530
4095	256	512	2914	389	533
0	512	512	148	491	495
256	512	512	331	500	498
512	512	512	516	509	501
768	512	512	692	519	506
1024	512	512	864	528	509
1280	512	512	1038	535	516
1536	512	512	1224	544	518
1792	512	512	1393	552	521
2048	512	512	1563	560	525
2303	512	512	1736	569	528
2559	512	512	1912	577	532
2815	512	512	2098	586	535
3071	512	512	2287	596	540
3327	512	512	2455	605	543
3583	512	512	2631	612	546
3839	512	512	2808	619	548
4095	512	512	2981	628	552
0	768	512	212	734	513
256	768	512	396	743	518
512	768	512	577	752	522
768	768	512	753	760	525
1024	768	512	927	770	530
1280	768	512	1105	778	534
1536	768	512	1286	785	537
1792	768	512	1456	793	540
2048	768	512	1628	801	544
2303	768	512	1802	809	547
2559	768	512	1978	817	550
2815	768	512	2171	828	554
3071	768	512	2350	837	557
3327	768	512	2519	844	561
3583	768	512	2699	851	565
3839	768	512	2875	860	568
4095	768	512	3051	868	571
0	1024	512	277	976	534
256	1024	512	461	984	537
512	1024	512	640	993	541
768	1024	512	816	1001	544
1024	1024	512	989	1010	548
1280	1024	512	1172	1018	552
1536	1024	512	1349	1025	555
1792	1024	512	1518	1032	558
2048	1024	512	1692	1041	562
2303	1024	512	1866	1049	565
2559	1024	512	2047	1057	569
2815	1024	512	2239	1066	574
3071	1024	512	2410	1075	577
3327	1024	512	2586	1083	580
3583	1024	512	2767	1091	582
3839	1024	512	2941	1100	586
4095	1024	512	3117	1106	589
0	1280	512	340	1219	552
256	1280	512	525	1227	556
512	1280	512	702	1235	559
768	1280	512	876	1245	563
1024	1280	512	1053	1254	567
1280	1280	512	1237	1261	570
1536	1280	512	1407	1267	572
1792	1280	512	1579	1275	576
2048	1280	512	1754	1283	581
2303	1280	512	1931	1292	585
2559	1280	512	2118	1300	589
2815	1280	512	2306	1310	592
3071	1280	512	2474	1318	595
3327	1280	512	2651	1324	599
3583	1280	512	2829	1331	602
3839	1280	512	3004	1339	605
4095	1280	512	3179	1345	608
0	1536	512	407	1458	572
256	1536	512	588	1465	574
512	1536	512	766	1474	578
768	1536	512	939	1482	582
1024	1536	512	1118	1489	585
1280	1536	512	1301	1496	588
1536	1536	512	1472	1504	591
1792	1536	512	1645	1512	595
2048	1536	512	1822	1520	598
2303	1536	512	2001	1530	603
2559	1536	512	2190	1538	608
2815	1536	512	2367	1546	612
3071	1536	512	2540	1555	616
3327	1536	512	2723	1562	619
3583	1536	512	2899	1569	622
3839	1536	512	3074	1576	624
4095	1536	512	3251	1583	627
0	1792	512	472	1698	592
256	1792	512	653	1706	594
512	1792	512	828	1713	597
768	1792	512	1001	1721	601
1024	1792	512	1187	1728	604
1280	1792	512	1363	1735	607
1536	1792	512	1534	1743	611
1792	1792	512	1709	1748	614
2048	1792	512	1888	1758	618
2303	1792	512	2071	1768	622
2559	1792	512	2265	1778	626
2815	1792	512	2434	1785	632
3071	1792	512	2612	1793	635
3327	1792	512	2793	1800	637
3583	1792	512	2965	1806	640
3839	1792	512	3141	1812	643
4095	1792	512	3319	1818	646
0	2048	512	539	1937	611
256	2048	512	717	1943	615
512	2048	512	890	1950	617
768	2048	512	1068	1958	620
1024	2048	512	1255	1964	623
1280	2048	512	1425	1970	626
1536	2048	512	1600	1977	630
1792	2048	512	1778	1987	634
2048	2048	512	1956	1995	638
2303	2048	512	2143	2004	642
2559	2048	512	2328	2011	645
2815	2048	512	2496	2018	649
3071	2048	512	2678	2026	653
3327	2048	512	2857	2033	657
3583	2048	512	3031	2039	659
3839	2048	512	3210	2047	663
4095	2048	512	3388	2054	665
0	2303	512	601	2181	630
256	2303	512	780	2189	633
512	2303	512	953	2199	637
768	2303	512	1135	2206	640
1024	2303	512	1318	2212	642
1280	2303	512	1489	2220	646
1536	2303	512	1665	2228	649
1792	2303	512	1842	2236	654
2048	2303	512	2022	2246	657
2303	2303	512	2215	2255	662
2559	2303	512	2393	2265	665
2815	2303	512	2567	2274	669
3071	2303	512	2748	2281	672
3327	2303	512	2924	2287	675
3583	2303	512	3100	2294	678
3839	2303	512	3278	2300	680
4095	2303	512	3457	2307	684
0	2559	512	666	2430	649
256	2559	512	844	2438	653
512	2559	512	1019	2448	655
768	2559	512	1204	2451	658
1024	2559	512	1382	2458	661
1280	2559	512	1555	2465	665
1536	2559	512	1731	2472	669
1792	2559	512	1910	2481	672
2048	2559	512	2096	2490	676
2303	2559	512	2290	2501	681
2559	2559	512	2458	2509	685
2815	2559	512	2635	2515	688
3071	2559	512	2814	2519	691
3327	2559	512	2990	2527	694
3583	2559	512	3166	2531	696
3839	2559	512	3342	2536	698
4095	2559	512	3524	2543	702
0	2815	512	733	2670	667
256	2815	512	908	2681	671
512	2815	512	1088	2689	674
768	2815	512	1275	2693	677
1024	2815	512	1444	2697	679
1280	2815	512	1620	2704	683
1536	2815	512	1798	2712	687
1792	2815	512	1977	2722	691
2048	2815	512	2168	2732	695
2303	2815	512	2353	2740	699
2559	2815	512	2521	2747	703
2815	2815	512	2703	2752	706
3071	2815	512	2881	2757	708
3327	2815	512	3056	2763	711
3583	2815	512	3236	2770	714
3839	2815	512	3416	2776	716
4095	2815	512	3593	2782	719
0	3071	512	795	2907	686
256	3071	512	971	2921	690
512	3071	512	1154	2926	693
768	3071	512	1336	2930	695
1024	3071	512	1507	2938	699
1280	3071	512	1685	2944	702
1536	3071	512	1863	2952	706
1792	3071	512	2043	2960	710
2048	3071	512	2240	2973	715
2303	3071	512	2417	2981	718
2559	3071	512	2591	2988	722
2815	3071	512	2770	2991	725
3071	3071	512	2947	2998	728
3327	3071	512	3125	3003	730
3583	3071	512	3300	3006	732
3839	3071	512	3482	3015	736
4095	3071	512	3659	3022	740
0	3327	512	858	3150	705
256	3327	512	1034	3160	707
512	3327	512	1220	3165	711
768	3327	512	1398	3171	714
1024	3327	512	1573	3179	717
1280	3327	512	1749	3186	721
1536	3327	512	1928	3194	724
1792	3327	512	2115	3204	729
2048	3327	512	2309	3214	734
2303	3327	512	2479	3223	738
2559	3327	512	2658	3229	741
2815	3327	512	2838	3233	743
3071	3327	512	3011	3236	747
3327	3327	512	3191	3243	750
3583	3327	512	3372	3250	752
3839	3327	512	3551	3257	754
4095	3327	512	3724	3262	758
0	3583	512	921	3395	725
256	3583	512	1103	3404	729
512	3583	512	1292	3411	731
768	3583	512	1462	3413	734
1024	3583	512	1639	3419	737
1280	3583	512	1818	3428	741
1536	3583	512	1996	3434	745
1792	3583	512	2188	3444	749
2048	3583	512	2373	3453	753
2303	3583	512	2542	3460	756
2559	3583	512	2725	3465	760
2815	3583	512	2904	3469	762
3071	3583	512	3079	3473	764
3327	3583	512	3258	3478	768
3583	3583	512	3438	3484	772
3839	3583	512	3617	3489	774
4095	3583	512	3792	3497	779
0	3839	512	988	3640	746
256	3839	512	1173	3646	750
512	3839	512	1356	3650	752
768	3839	512	1527	3652	756
1024	3839	512	1705	3659	757
1280	3839	512	1884	3664	760
1536	3839	512	2064	3672	765
1792	3839	512	2263	3686	769
2048	3839	512	2440	3695	773
2303	3839	512	2614	3699	776
2559	3839	512	2794	3701	780
2815	3839	512	2972	3708	785
3071	3839	512	3150	3713	787
3327	3839	512	3328	3717	790
3583	3839	512	3509	3722	794
3839	3839	512	3688	3730	797
4095	3839	512	3862	3740	800
0	4095	512	1054	3879	764
256	4095	512	1240	3880	768
512	4095	512	1417	3884	771
768	4095	512	1594	3890	775
1024	4095	512	1773	3898	778
1280	4095	512	1952	3904	781
1536	4095	512	2140	3912	788
1792	4095	512	2334	3924	792
2048	4095	512	2505	3930	795
2303	4095	512	2685	3934	799
2559	4095	512	2865	3938	802
2815	4095	512	3040	3941	804
3071	4095	512	3220	3946	807
3327	4095	512	3400	3950	810
3583	4095	512	3578	3954	812
3839	4095	512	3759	3966	817
4095	4095	512	3931	3974	820
0	0	768	27	11	681
256	0	768	213	21	684
512	0	768	397	29	687
768	0	768	577	39	690
1024	0	768	752	48	694
1280	0	768	925	57	699
1536	0	768	1102	66	700
1792	0	768	1282	75	702
2048	0	768	1451	84	706
2303	0	768	1622	93	709
2559	0	768	1796	102	713
2815	0	768	1972	110	717
3071	0	768	2164	120	721
3327	0	768	2343	129	725
3583	0	768	2513	138	729
3839	0	768	2692	146	733
4095	0	768	2868	155	736
0	256	768	93	255	699
256	256	768	277	265	704
512	256	768	461	274	707
768	256	768	641	284	712
1024	256	768	815	293	715
1280	256	768	987	301	719
1536	256	768	1167	309	720
1792	256	768	1343	318	722
2048	256	768	1514	327	725
2303	256	768	1687	334	729
2559	256	768	1861	343	732
2815	256	768	2043	352	737
3071	256	768	2236	362	740
3327	256	768	2405	370	745
3583	256	768	2580	378	747
3839	256	768	2762	387	749
4095	256	768	2932	395	753
0	512	768	158	496	719
256	512	768	341	505	721
512	512	768	525	515	726
768	512	768	702	524	730
1024	512	768	874	532	732
1280	512	768	1048	541	736
1536	512	768	1235	550	739
1792	512	768	1405	558	741
2048	512	768	1577	565	745
2303	512	768	1752	574	748
2559	512	768	1929	583	752
2815	512	768	2115	592	756
3071	512	768	2301	601	762
3327	512	768	2467	609	766
3583	512	768	2649	618	769
3839	512	768	2828	627	772
4095	512	768	3000	635	776
0	768	768	222	741	739
256	768	768	407	750	741
512	768	768	588	758	744
768	768	768	766	767	747
1024	768	768	937	775	753
1280	768	768	1117	784	757
1536	768	768	1300	793	756
1792	768	768	1465	797	760
2048	768	768	1639	806	766
2303	768	768	1816	816	769
2559	768	768	1994	825	773
2815	768	768	2187	833	776
3071	768	768	2365	842	782
3327	768	768	2536	851	787
3583	768	768	2714	858	787
3839	768	768	2890	865	790
4095	768	768	3067	873	793
0	1024	768	286	981	757
256	1024	768	470	988	761
512	1024	768	651	997	764
768	1024	768	826	1006	768
1024	1024	768	1000	1017	773
1280	1024	768	1183	1022	774
1536	1024	768	1358	1030	778
1792	1024	768	1529	1038	780
2048	1024	768	1705	1047	783
2303	1024	768	1880	1055	787
2559	1024	768	2062	1063	791
2815	1024	768	2254	1072	795
3071	1024	768	2427	1083	800
3327	1024	768	2602	1091	803
3583	1024	768	2777	1095	805
3839	1024	768	2952	1104	809
4095	1024	768	3130	1112	812
0	1280	768	352	1226	778
256	1280	768	536	1234	781
512	1280	768	714	1243	784
768	1280	768	887	1252	787
1024	1280	768	1063	1259	790
1280	1280	768	1249	1267	793
1536	1280	768	1417	1273	795
1792	1280	768	1590	1280	800
2048	1280	768	1765	1288	803
2303	1280	768	1943	1297	806
2559	1280	768	2131	1306	811
2815	1280	768	2317	1315	816
3071	1280	768	2487	1324	821
3327	1280	768	2666	1330	823
3583	1280	768	2844	1338	826
3839	1280	768	3020	1346	828
4095	1280	768	3195	1352	831
0	1536	768	416	1464	795
256	1536	768	598	1471	798
512	1536	768	775	1477	801
768	1536	768	949	1489	806
1024	1536	768	1129	1496	809
1280	1536	768	1310	1501	811
1536	1536	768	1480	1508	814
1792	1536	768	1655	1516	817
2048	1536	768	1832	1525	821
2303	1536	768	2009	1533	827
2559	1536	768	2204	1544	832
2815	1536	768	2383	1554	836
3071	1536	768	2557	1563	840
3327	1536	768	2738	1570	843
3583	1536	768	2912	1576	845
3839	1536	768	3087	1583	847
4095	1536	768	3264	1588	851
0	1792	768	482	1704	815
256	1792	768	662	1710	818
512	1792	768	837	1718	821
768	1792	768	1011	1728	825
1024	1792	768	1197	1734	828
1280	1792	768	1373	1741	831
1536	1792	768	1547	1749	834
1792	1792	768	1721	1755	837
2048	1792	768	1898	1764	841
2303	1792	768	2083	1774	844
2559	1792	768	2279	1784	849
2815	1792	768	2447	1792	856
3071	1792	768	2625	1800	859
3327	1792	768	2805	1807	862
3583	1792	768	2976	1811	865
3839	1792	768	3155	1818	867
4095	1792	768	3334	1825	870
0	2048	768	548	1942	835
256	2048	768	726	1949	839
512	2048	768	901	1957	842
768	2048	768	1078	1964	845
1024	2048	768	1265	1970	848
1280	2048	768	1436	1977	851
1536	2048	768	1611	1985	855
1792	2048	768	1790	1994	858
2048	2048	768	1969	2003	862
2303	2048	768	2157	2011	865
2559	2048	768	2341	2019	869
2815	2048	768	2510	2026	873
3071	2048	768	2693	2035	879
3327	2048	768	2872	2041	881
3583	2048	768	3046	2048	883
3839	2048	768	3223	2055	886
4095	2048	768	3400	2061	889
0	2303	768	611	2187	855
256	2303	768	790	2197	858
512	2303	768	963	2205	863
768	2303	768	1145	2211	865
1024	2303	768	1327	2218	867
1280	2303	768	1500	2229	872
1536	2303	768	1676	2235	874
1792	2303	768	1852	2241	878
2048	2303	768	2032	2250	882
2303	2303	768	2228	2263	886
2559	2303	768	2406	2273	890
2815	2303	768	2580	2281	893
3071	2303	768	2761	2287	896
3327	2303	768	2935	2293	899
3583	2303	768	3111	2299	902
3839	2303	768	3289	2306	904
4095	2303	768	3470	2313	908
0	2559	768	676	2436	873
256	2559	768	853	2444	877
512	2559	768	1029	2453	881
768	2559	768	1214	2458	884
1024	2559	768	1392	2465	886
1280	2559	768	1566	2474	890
1536	2559	768	1740	2477	893
1792	2559	768	1918	2484	896
2048	2559	768	2106	2496	900
2303	2559	768	2303	2510	906
2559	2559	768	2472	2517	909
2815	2559	768	2649	2522	912
3071	2559	768	2829	2527	914
3327	2559	768	3005	2535	918
3583	2559	768	3180	2539	919
3839	2559	768	3357	2543	922
4095	2559	768	3537	2551	926
0	2815	768	742	2676	892
256	2815	768	917	2686	896
512	2815	768	1098	2695	900
768	2815	768	1285	2700	903
1024	2815	768	1456	2706	906
1280	2815	768	1632	2712	909
1536	2815	768	1809	2720	912
1792	2815	768	1989	2730	916
2048	2815	768	2181	2739	920
2303	2815	768	2365	2747	925
2559	2815	768	2535	2755	928
2815	2815	768	2716	2759	931
3071	2815	768	2894	2764	933
3327	2815	768	3069	2769	936
3583	2815	768	3250	2777	939
3839	2815	768	3428	2783	940
4095	2815	768	3603	2788	944
0	3071	768	805	2914	911
256	3071	768	981	2928	916
512	3071	768	1165	2934	919
768	3071	768	1347	2939	922
1024	3071	768	1519	2946	926
1280	3071	768	1696	2952	928
1536	3071	768	1875	2960	932
1792	3071	768	2057	2969	936
2048	3071	768	2251	2978	940
2303	3071	768	2426	2986	944
2559	3071	768	2601	2992	946
2815	3071	768	2781	2996	949
3071	3071	768	2957	3001	951
3327	3071	768	3134	3007	954
3583	3071	768	3313	3013	957
3839	3071	768	3495	3022	961
4095	3071	768	3669	3026	962
0	3327	768	868	3159	932
256	3327	768	1046	3172	935
512	3327	768	1233	3175	939
768	3327	768	1409	3180	941
1024	3327	768	1583	3186	943
1280	3327	768	1760	3194	947
1536	3327	768	1941	3203	951
1792	3327	768	2129	3213	955
2048	3327	768	2320	3221	959
2303	3327	768	2489	3229	963
2559	3327	768	2668	3232	965
2815	3327	768	2848	3237	966
3071	3327	768	3023	3243	970
3327	3327	768	3202	3249	972
3583	3327	768	3382	3255	975
3839	3327	768	3562	3261	978
4095	3327	768	3737	3269	982
0	3583	768	932	3403	952
256	3583	768	1115	3412	956
512	3583	768	1303	3419	957
768	3583	768	1472	3421	961
1024	3583	768	1649	3427	963
1280	3583	768	1828	3434	968
1536	3583	768	2009	3445	971
1792	3583	768	2201	3452	976
2048	3583	768	2385	3460	979
2303	3583	768	2557	3469	982
2559	3583	768	2737	3471	985
2815	3583	768	2914	3473	986
3071	3583	768	3090	3477	988
3327	3583	768	3270	3483	992
3583	3583	768	3451	3490	995
3839	3583	768	3633	3499	998
4095	3583	768	3812	3511	1002
0	3839	768	997	3643	972
256	3839	768	1183	3650	975
512	3839	768	1365	3656	978
768	3839	768	1539	3661	980
1024	3839	768	1717	3667	984
1280	3839	768	1896	3674	988
1536	3839	768	2079	3682	991
1792	3839	768	2273	3690	995
2048	3839	768	2450	3699	999
2303	3839	768	2627	3707	1003
2559	3839	768	2809	3711	1003
2815	3839	768	2983	3713	1006
3071	3839	768	3161	3718	1007
3327	3839	768	3343	3726	1011
3583	3839	768	3526	3735	1015
3839	3839	768	3706	3744	1019
4095	3839	768	3877	3749	1023
0	4095	768	1061	3878	992
256	4095	768	1252	3888	995
512	4095	768	1429	3893	998
768	4095	768	1605	3898	1002
1024	4095	768	1785	3906	1005
1280	4095	768	1964	3912	1009
1536	4095	768	2153	3920	1013
1792	4095	768	2345	3930	1016
2048	4095	768	2516	3936	1020
2303	4095	768	2697	3941	1023
2559	4095	768	2877	3945	1025
2815	4095	768	3052	3948	1029
3071	4095	768	3235	3956	1030
3327	4095	768	3416	3962	1036
3583	4095	768	3595	3966	1038
3839	4095	768	3774	3976	1044
4095	4095	768	3943	3981	1047
0	0	1024	37	14	904
256	0	1024	223	24	907
512	0	1024	407	33	909
768	0	1024	587	43	912
1024	0	1024	763	52	915
1280	0	1024	936	61	921
1536	0	1024	1113	70	922
1792	0	1024	1293	79	924
2048	0	1024	1462	88	928
2303	0	1024	1635	96	931
2559	0	1024	1809	106	934
2815	0	1024	1985	115	938
3071	0	1024	2177	124	941
3327	0	1024	2354	133	946
3583	0	1024	2524	141	949
3839	0	1024	2706	151	953
4095	0	1024	2880	160	955
0	256	1024	102	259	922
256	256	1024	287	269	927
512	256	1024	471	279	930
768	256	1024	650	288	932
1024	256	1024	824	297	936
1280	256	1024	997	306	940
1536	256	1024	1179	314	941
1792	256	1024	1354	323	944
2048	256	1024	1524	330	946
2303	256	1024	1698	339	950
2559	256	1024	1872	348	954
2815	256	1024	2055	357	957
3071	256	1024	2248	365	962
3327	256	1024	2417	374	965
3583	256	1024	2592	383	968
3839	256	1024	2771	391	970
4095	256	1024	2944	398	974
0	512	1024	167	501	942
256	512	1024	352	511	944
512	512	1024	535	520	948
768	512	1024	712	528	951
1024	512	1024	885	537	954
1280	512	1024	1060	546	958
1536	512	1024	1246	554	961
1792	512	1024	1414	561	962
2048	512	1024	1585	569	964
2303	512	1024	1758	578	967
2559	512	1024	1934	586	971
2815	512	1024	2125	596	977
3071	512	1024	2315	607	983
3327	512	1024	2485	616	987
3583	512	1024	2661	623	989
3839	512	1024	2837	630	989
4095	512	1024	3013	639	992
0	768	1024	231	743	960
256	768	1024	415	752	963
512	768	1024	596	761	966
768	768	1024	773	769	968
1024	768	1024	946	780	974
1280	768	1024	1125	787	974
1536	768	1024	1305	794	977
1792	768	1024	1475	802	981
2048	768	1024	1649	811	985
2303	768	1024	1824	818	987
2559	768	1024	2001	827	996
2815	768	1024	2200	839	999
3071	768	1024	2378	848	1005
3327	768	1024	2548	856	1006
3583	768	1024	2729	862	1010
3839	768	1024	2902	870	1010
4095	768	1024	3077	878	1013
0	1024	1024	296	986	977
256	1024	1024	480	994	981
512	1024	1024	660	1002	983
768	1024	1024	834	1010	986
1024	1024	1024	1006	1017	992
1280	1024	1024	1192	1026	994
1536	1024	1024	1368	1035	998
1792	1024	1024	1540	1044	1001
2048	1024	1024	1714	1050	1004
2303	1024	1024	1890	1059	1008
2559	1024	1024	2073	1068	1015
2815	1024	1024	2267	1078	1023
3071	1024	1024	2435	1085	1027
3327	1024	1024	2612	1094	1029
3583	1024	1024	2791	1101	1030
3839	1024	1024	2963	1109	1034
4095	1024	1024	3143	1118	1035
0	1280	1024	361	1230	999
256	1280	1024	544	1238	1001
512	1280	1024	721	1245	1005
768	1280	1024	896	1256	1007
1024	1280	1024	1073	1265	1008
1280	1280	1024	1257	1270	1012
1536	1280	1024	1431	1281	1019
1792	1280	1024	1604	1288	1023
2048	1280	1024	1778	1295	1027
2303	1280	1024	1953	1302	1030
2559	1280	1024	2146	1314	1035
2815	1280	1024	2335	1324	1040
3071	1280	1024	2504	1332	1044
3327	1280	1024	2681	1338	1047
3583	1280	1024	2858	1344	1049
3839	1280	1024	3034	1351	1051
4095	1280	1024	3209	1357	1054
0	1536	1024	426	1470	1017
256	1536	1024	608	1476	1022
512	1536	1024	785	1484	1025
768	1536	1024	957	1492	1028
1024	1536	1024	1139	1500	1032
1280	1536	1024	1321	1507	1034
1536	1536	1024	1492	1514	1037
1792	1536	1024	1667	1523	1041
2048	1536	1024	1843	1531	1045
2303	1536	1024	2021	1539	1053
2559	1536	1024	2217	1550	1057
2815	1536	1024	2393	1559	1062
3071	1536	1024	2566	1567	1065
3327	1536	1024	2748	1574	1067
3583	1536	1024	2921	1579	1070
3839	1536	1024	3097	1586	1073
4095	1536	1024	3277	1594	1076
0	1792	1024	491	1709	1040
256	1792	1024	672	1717	1044
512	1792	1024	847	1725	1047
768	1792	1024	1021	1734	1051
1024	1792	1024	1208	1740	1054
1280	1792	1024	1382	1745	1055
1536	1792	1024	1552	1749	1056
1792	1792	1024	1728	1757	1059
2048	1792	1024	1909	1768	1065
2303	1792	1024	2096	1780	1071
2559	1792	1024	2289	1790	1080
2815	1792	1024	2459	1798	1084
3071	1792	1024	2635	1803	1085
3327	1792	1024	2813	1809	1087
3583	1792	1024	2989	1817	1090
3839	1792	1024	3167	1824	1093
4095	1792	1024	3345	1830	1095
0	2048	1024	557	1948	1062
256	2048	1024	736	1956	1066
512	2048	1024	911	1963	1069
768	2048	1024	1089	1970	1073
1024	2048	1024	1277	1978	1075
1280	2048	1024	1447	1984	1079
1536	2048	1024	1620	1989	1079
1792	2048	1024	1796	1995	1082
2048	2048	1024	1978	2006	1087
2303	2048	1024	2170	2018	1093
2559	2048	1024	2355	2027	1097
2815	2048	1024	2524	2034	1101
3071	2048	1024	2703	2038	1105
3327	2048	1024	2879	2045	1107
3583	2048	1024	3055	2052	1109
3839	2048	1024	3231	2058	1113
4095	2048	1024	3411	2065	1116
0	2303	1024	619	2193	1081
256	2303	1024	798	2200	1085
512	2303	1024	973	2211	1091
768	2303	1024	1155	2218	1093
1024	2303	1024	1337	2224	1095
1280	2303	1024	1509	2234	1099
1536	2303	1024	1685	2239	1101
1792	2303	1024	1862	2247	1104
2048	2303	1024	2044	2257	1108
2303	2303	1024	2236	2267	1112
2559	2303	1024	2413	2276	1117
2815	2303	1024	2589	2285	1121
3071	2303	1024	2771	2292	1125
3327	2303	1024	2942	2296	1125
3583	2303	1024	3119	2301	1130
3839	2303	1024	3299	2310	1132
4095	2303	1024	3480	2318	1137
0	2559	1024	685	2438	1100
256	2559	1024	862	2448	1105
512	2559	1024	1039	2461	1110
768	2559	1024	1225	2463	1112
1024	2559	1024	1400	2469	1114
1280	2559	1024	1575	2477	1117
1536	2559	1024	1750	2484	1120
1792	2559	1024	1928	2491	1123
2048	2559	1024	2116	2501	1128
2303	2559	1024	2312	2514	1134
2559	2559	1024	2481	2521	1137
2815	2559	1024	2660	2527	1141
3071	2559	1024	2840	2533	1143
3327	2559	1024	3015	2540	1147
3583	2559	1024	3190	2543	1147
3839	2559	1024	3370	2550	1153
4095	2559	1024	3552	2561	1155
0	2815	1024	751	2681	1121
256	2815	1024	926	2690	1125
512	2815	1024	1106	2698	1128
768	2815	1024	1293	2704	1131
1024	2815	1024	1465	2712	1136
1280	2815	1024	1641	2718	1138
1536	2815	1024	1818	2724	1140
1792	2815	1024	1998	2734	1145
2048	2815	1024	2191	2743	1149
2303	2815	1024	2374	2752	1154
2559	2815	1024	2545	2759	1157
2815	2815	1024	2727	2764	1160
3071	2815	1024	2904	2769	1162
3327	2815	1024	3080	2774	1165
3583	2815	1024	3261	2783	1169
3839	2815	1024	3436	2785	1170
4095	2815	1024	3613	2790	1175
0	3071	1024	814	2921	1140
256	3071	1024	989	2930	1147
512	3071	1024	1174	2937	1149
768	3071	1024	1356	2944	1152
1024	3071	1024	1529	2952	1155
1280	3071	1024	1705	2958	1159
1536	3071	1024	1884	2965	1161
1792	3071	1024	2067	2974	1166
2048	3071	1024	2259	2981	1169
2303	3071	1024	2433	2988	1173
2559	3071	1024	2609	2993	1176
2815	3071	1024	2792	2999	1178
3071	3071	1024	2964	3003	1181
3327	3071	1024	3142	3009	1184
3583	3071	1024	3322	3016	1187
3839	3071	1024	3503	3024	1191
4095	3071	1024	3679	3031	1192
0	3327	1024	877	3164	1163
256	3327	1024	1056	3177	1167
512	3327	1024	1244	3181	1171
768	3327	1024	1418	3185	1172
1024	3327	1024	1592	3189	1174
1280	3327	1024	1769	3197	1178
1536	3327	1024	1950	3207	1183
1792	3327	1024	2138	3216	1185
2048	3327	1024	2328	3223	1188
2303	3327	1024	2496	3230	1192
2559	3327	1024	2676	3234	1195
2815	3327	1024	2856	3240	1197
3071	3327	1024	3036	3250	1202
3327	3327	1024	3214	3254	1203
3583	3327	1024	3392	3259	1206
3839	3327	1024	3569	3263	1209
4095	3327	1024	3748	3274	1214
0	3583	1024	941	3407	1184
256	3583	1024	1123	3415	1188
512	3583	1024	1310	3421	1189
768	3583	1024	1479	3422	1192
1024	3583	1024	1656	3427	1194
1280	3583	1024	1835	3435	1199
1536	3583	1024	2016	3446	1203
1792	3583	1024	2208	3452	1206
2048	3583	1024	2391	3461	1210
2303	3583	1024	2565	3470	1213
2559	3583	1024	2745	3472	1216
2815	3583	1024	2924	3477	1219
3071	3583	1024	3102	3483	1223
3327	3583	1024	3281	3489	1227
3583	3583	1024	3463	3496	1228
3839	3583	1024	3644	3505	1230
4095	3583	1024	3820	3514	1236
0	3839	1024	1005	3648	1206
256	3839	1024	1191	3652	1208
512	3839	1024	1372	3656	1210
768	3839	1024	1546	3662	1213
1024	3839	1024	1722	3667	1216
1280	3839	1024	1902	3674	1220
1536	3839	1024	2086	3682	1223
1792	3839	1024	2279	3689	1227
2048	3839	1024	2455	3699	1230
2303	3839	1024	2632	3706	1234
2559	3839	1024	2814	3709	1236
2815	3839	1024	2989	3713	1239
3071	3839	1024	3171	3722	1242
3327	3839	1024	3355	3732	1246
3583	3839	1024	3538	3740	1250
3839	3839	1024	3714	3746	1254
4095	3839	1024	3885	3752	1259
0	4095	1024	1072	3885	1226
256	4095	1024	1261	3889	1230
512	4095	1024	1436	3894	1232
768	4095	1024	1612	3899	1234
1024	4095	1024	1790	3904	1238
1280	4095	1024	1970	3911	1242
1536	4095	1024	2160	3920	1246
1792	4095	1024	2351	3928	1249
2048	4095	1024	2520	3934	1252
2303	4095	1024	2700	3936	1254
2559	4095	1024	2880	3940	1256
2815	4095	1024	3056	3945	1260
3071	4095	1024	3240	3955	1264
3327	4095	1024	3424	3962	1270
3583	4095	1024	3606	3970	1273
3839	4095	1024	3778	3973	1277
4095	4095	1024	3949	3982	1279
0	0	1280	47	19	1130
256	0	1280	232	28	1133
512	0	1280	416	38	1135
768	0	1280	595	46	1139
1024	0	1280	771	55	1143
1280	0	1280	944	65	1148
1536	0	1280	1122	74	1149
1792	0	1280	1301	82	1151
2048	0	1280	1471	91	1155
2303	0	1280	1644	101	1158
2559	0	1280	1817	110	1160
2815	0	1280	1994	119	1164
3071	0	1280	2187	128	1168
3327	0	1280	2363	137	1172
3583	0	1280	2534	146	1176
3839	0	1280	2716	155	1179
4095	0	1280	2887	163	1181
0	256	1280	111	263	1149
256	256	1280	295	273	1153
512	256	1280	479	282	1156
768	256	1280	658	291	1159
1024	256	1280	832	300	1164
1280	256	1280	1004	310	1167
1536	256	1280	1188	317	1169
1792	256	1280	1362	326	1171
2048	256	1280	1532	334	1174
2303	256	1280	1707	343	1178
2559	256	1280	1882	351	1182
2815	256	1280	2064	360	1185
3071	256	1280	2258	370	1190
3327	256	1280	2428	378	1195
3583	256	1280	2602	387	1198
3839	256	1280	2778	393	1198
4095	256	1280	2953	403	1203
0	512	1280	176	504	1169
256	512	1280	361	515	1171
512	512	1280	544	524	1175
768	512	1280	720	532	1179
1024	512	1280	893	541	1183
1280	512	1280	1068	549	1186
1536	512	1280	1254	558	1189
1792	512	1280	1422	565	1190
2048	512	1280	1594	573	1194
2303	512	1280	1769	582	1198
2559	512	1280	1945	590	1202
2815	512	1280	2133	600	1205
3071	512	1280	2319	610	1210
3327	512	1280	2489	618	1214
3583	512	1280	2664	625	1215
3839	512	1280	2842	633	1218
4095	512	1280	3022	643	1221
0	768	1280	240	747	1188
256	768	1280	424	756	1192
512	768	1280	606	765	1195
768	768	1280	782	773	1200
1024	768	1280	954	783	1203
1280	768	1280	1135	791	1204
1536	768	1280	1313	798	1207
1792	768	1280	1483	806	1211
2048	768	1280	1657	814	1214
2303	768	1280	1832	823	1218
2559	768	1280	2011	831	1223
2815	768	1280	2206	841	1226
3071	768	1280	2384	850	1233
3327	768	1280	2556	859	1233
3583	768	1280	2733	865	1237
3839	768	1280	2909	873	1240
4095	768	1280	3086	881	1243
0	1024	1280	305	990	1207
256	1024	1280	489	998	1210
512	1024	1280	669	1005	1214
768	1024	1280	842	1014	1218
1024	1024	1280	1014	1021	1221
1280	1024	1280	1200	1029	1224
1536	1024	1280	1375	1037	1228
1792	1024	1280	1548	1046	1234
2048	1024	1280	1725	1056	1238
2303	1024	1280	1902	1065	1242
2559	1024	1280	2085	1073	1245
2815	1024	1280	2277	1082	1249
3071	1024	1280	2446	1091	1252
3327	1024	1280	2623	1099	1255
3583	1024	1280	2801	1106	1256
3839	1024	1280	2973	1111	1260
4095	1024	1280	3149	1119	1262
0	1280	1280	369	1232	1229
256	1280	1280	552	1240	1231
512	1280	1280	729	1249	1235
768	1280	1280	904	1258	1238
1024	1280	1280	1080	1266	1240
1280	1280	1280	1264	1271	1242
1536	1280	1280	1434	1279	1246
1792	1280	1280	1607	1287	1250
2048	1280	1280	1783	1296	1253
2303	1280	1280	1959	1303	1257
2559	1280	1280	2153	1315	1267
2815	1280	1280	2339	1326	1271
3071	1280	1280	2509	1334	1274
3327	1280	1280	2689	1340	1278
3583	1280	1280	2863	1345	1279
3839	1280	1280	3037	1352	1280
4095	1280	1280	3213	1359	1283
0	1536	1280	434	1471	1248
256	1536	1280	616	1478	1250
512	1536	1280	792	1487	1253
768	1536	1280	969	1500	1258
1024	1536	1280	1152	1507	1262
1280	1536	1280	1330	1512	1261
1536	1536	1280	1497	1516	1265
1792	1536	1280	1677	1527	1268
2048	1536	1280	1855	1537	1282
2303	1536	1280	2032	1545	1287
2559	1536	1280	2220	1549	1287
2815	1536	1280	2397	1560	1292
3071	1536	1280	2575	1569	1296
3327	1536	1280	2757	1576	1295
3583	1536	1280	2927	1581	1297
3839	1536	1280	3103	1588	1300
4095	1536	1280	3283	1596	1304
0	1792	1280	500	1713	1270
256	1792	1280	679	1719	1271
512	1792	1280	856	1727	1276
768	1792	1280	1032	1739	1285
1024	1792	1280	1220	1747	1289
1280	1792	1280	1393	1752	1290
1536	1792	1280	1565	1756	1291
1792	1792	1280	1740	1764	1294
2048	1792	1280	1920	1775	1299
2303	1792	1280	2104	1783	1303
2559	1792	1280	2291	1789	1311
2815	1792	1280	2465	1800	1315
3071	1792	1280	2642	1806	1316
3327	1792	1280	2819	1810	1316
3583	1792	1280	2993	1817	1318
3839	1792	1280	3172	1824	1321
4095	1792	1280	3351	1831	1323
0	2048	1280	565	1950	1295
256	2048	1280	743	1955	1296
512	2048	1280	918	1964	1300
768	2048	1280	1097	1973	1303
1024	2048	1280	1284	1980	1306
1280	2048	1280	1455	1986	1309
1536	2048	1280	1629	1993	1312
1792	2048	1280	1807	2001	1315
2048	2048	1280	1988	2012	1320
2303	2048	1280	2179	2020	1325
2559	2048	1280	2361	2029	1328
2815	2048	1280	2533	2038	1332
3071	2048	1280	2713	2043	1335
3327	2048	1280	2887	2048	1335
3583	2048	1280	3062	2053	1337
3839	2048	1280	3241	2061	1340
4095	2048	1280	3419	2069	1343
0	2303	1280	627	2194	1313
256	2303	1280	805	2203	1316
512	2303	1280	982	2216	1324
768	2303	1280	1165	2223	1325
1024	2303	1280	1344	2227	1325
1280	2303	1280	1514	2233	1327
1536	2303	1280	1693	2244	1332
1792	2303	1280	1872	2254	1336
2048	2303	1280	2055	2262	1340
2303	2303	1280	2246	2270	1343
2559	2303	1280	2422	2281	1348
2815	2303	1280	2599	2290	1351
3071	2303	1280	2777	2293	1351
3327	2303	1280	2949	2297	1354
3583	2303	1280	3127	2304	1357
3839	2303	1280	3308	2312	1360
4095	2303	1280	3487	2319	1363
0	2559	1280	693	2442	1332
256	2559	1280	870	2453	1336
512	2559	1280	1049	2465	1342
768	2559	1280	1235	2469	1344
1024	2559	1280	1407	2472	1344
1280	2559	1280	1581	2478	1346
1536	2559	1280	1762	2490	1351
1792	2559	1280	1939	2497	1355
2048	2559	1280	2127	2505	1359
2303	2559	1280	2317	2515	1363
2559	2559	1280	2487	2523	1366
2815	2559	1280	2667	2528	1369
3071	2559	1280	2847	2534	1370
3327	2559	1280	3021	2541	1372
3583	2559	1280	3201	2547	1374
3839	2559	1280	3381	2555	1379
4095	2559	1280	3559	2562	1382
0	2815	1280	759	2684	1353
256	2815	1280	935	2693	1356
512	2815	1280	1115	2701	1358
768	2815	1280	1301	2707	1360
1024	2815	1280	1473	2714	1365
1280	2815	1280	1649	2720	1367
1536	2815	1280	1827	2727	1370
1792	2815	1280	2005	2736	1375
2048	2815	1280	2199	2746	1379
2303	2815	1280	2381	2755	1383
2559	2815	1280	2552	2760	1385
2815	2815	1280	2735	2767	1388
3071	2815	1280	2913	2772	1390
3327	2815	1280	3090	2778	1392
3583	2815	1280	3267	2783	1394
3839	2815	1280	3447	2789	1397
4095	2815	1280	3625	2797	1402
0	3071	1280	822	2924	1372
256	3071	1280	997	2934	1378
512	3071	1280	1182	2940	1379
768	3071	1280	1363	2947	1381
1024	3071	1280	1537	2953	1383
1280	3071	1280	1712	2959	1387
1536	3071	1280	1891	2967	1390
1792	3071	1280	2075	2975	1394
2048	3071	1280	2269	2984	1398
2303	3071	1280	2441	2991	1401
2559	3071	1280	2618	2997	1404
2815	3071	1280	2800	3002	1405
3071	3071	1280	2973	3007	1408
3327	3071	1280	3152	3013	1411
3583	3071	1280	3333	3021	1412
3839	3071	1280	3514	3030	1416
4095	3071	1280	3692	3038	1420
0	3327	1280	885	3169	1394
256	3327	1280	1064	3178	1397
512	3327	1280	1252	3184	1400
768	3327	1280	1425	3187	1400
1024	3327	1280	1599	3192	1402
1280	3327	1280	1777	3200	1405
1536	3327	1280	1956	3208	1409
1792	3327	1280	2145	3216	1413
2048	3327	1280	2335	3224	1416
2303	3327	1280	2505	3234	1421
2559	3327	1280	2684	3238	1423
2815	3327	1280	2864	3241	1424
3071	3327	1280	3042	3249	1426
3327	3327	1280	3221	3255	1430
3583	3327	1280	3402	3263	1433
3839	3327	1280	3582	3271	1436
4095	3327	1280	3756	3277	1439
0	3583	1280	949	3411	1414
256	3583	1280	1131	3417	1417
512	3583	1280	1317	3422	1418
768	3583	1280	1488	3425	1420
1024	3583	1280	1664	3430	1422
1280	3583	1280	1842	3437	1425
1536	3583	1280	2023	3446	1429
1792	3583	1280	2216	3454	1433
2048	3583	1280	2398	3462	1437
2303	3583	1280	2572	3471	1440
2559	3583	1280	2753	3474	1443
2815	3583	1280	2932	3480	1445
3071	3583	1280	3111	3486	1447
3327	3583	1280	3290	3493	1451
3583	3583	1280	3469	3495	1453
3839	3583	1280	3649	3503	1456
4095	3583	1280	3826	3514	1459
0	3839	1280	1013	3650	1436
256	3839	1280	1201	3654	1438
512	3839	1280	1380	3659	1439
768	3839	1280	1553	3663	1439
1024	3839	1280	1728	3665	1442
1280	3839	1280	1908	3674	1446
1536	3839	1280	2094	3684	1450
1792	3839	1280	2289	3693	1454
2048	3839	1280	2463	3702	1458
2303	3839	1280	2641	3708	1461
2559	3839	1280	2824	3714	1463
2815	3839	1280	3001	3721	1467
3071	3839	1280	3181	3727	1470
3327	3839	1280	3363	3732	1471
3583	3839	1280	3544	3739	1475
3839	3839	1280	3722	3748	1476
4095	3839	1280	3895	3757	1482
0	4095	1280	1081	3889	1457
256	4095	1280	1270	3893	1460
512	4095	1280	1443	3895	1460
768	4095	1280	1618	3897	1461
1024	4095	1280	1797	3904	1464
1280	4095	1280	1977	3912	1467
1536	4095	1280	2169	3922	1472
1792	4095	1280	2359	3931	1477
2048	4095	1280	2530	3939	1480
2303	4095	1280	2712	3945	1483
2559	4095	1280	2893	3950	1485
2815	4095	1280	3070	3954	1488
3071	4095	1280	3251	3960	1491
3327	4095	1280	3435	3968	1495
3583	4095	1280	3618	3976	1498
3839	4095	1280	3792	3983	1502
4095	4095	1280	3961	3988	1504
0	0	1536	56	23	1356
256	0	1536	241	31	1359
512	0	1536	424	41	1362
768	0	1536	605	50	1364
1024	0	1536	779	60	1368
1280	0	1536	951	69	1372
1536	0	1536	1131	77	1373
1792	0	1536	1309	87	1374
2048	0	1536	1477	96	1377
2303	0	1536	1650	105	1380
2559	0	1536	1825	113	1384
2815	0	1536	2003	123	1389
3071	0	1536	2197	132	1392
3327	0	1536	2372	141	1397
3583	0	1536	2543	149	1399
3839	0	1536	2724	158	1402
4095	0	1536	2896	167	1404
0	256	1536	120	266	1376
256	256	1536	305	276	1378
512	256	1536	488	286	1381
768	256	1536	666	295	1384
1024	256	1536	840	303	1388
1280	256	1536	1012	313	1390
1536	256	1536	1197	321	1393
1792	256	1536	1370	330	1393
2048	256	1536	1541	338	1397
2303	256	1536	1715	346	1400
2559	256	1536	1892	355	1405
2815	256	1536	2075	364	1408
3071	256	1536	2266	374	1412
3327	256	1536	2434	381	1416
3583	256	1536	2610	390	1419
3839	256	1536	2788	398	1420
4095	256	1536	2962	407	1424
0	512	1536	185	508	1393
256	512	1536	369	518	1397
512	512	1536	551	527	1399
768	512	1536	727	535	1403
1024	512	1536	900	544	1407
1280	512	1536	1077	553	1409
1536	512	1536	1262	561	1412
1792	512	1536	1432	569	1414
2048	512	1536	1604	577	1416
2303	512	1536	1777	586	1419
2559	512	1536	1955	595	1423
2815	512	1536	2144	604	1428
3071	512	1536	2327	613	1432
3327	512	1536	2495	622	1436
3583	512	1536	2677	630	1438
3839	512	1536	2852	638	1440
4095	512	1536	3026	645	1441
0	768	1536	249	752	1413
256	768	1536	433	760	1415
512	768	1536	614	768	1417
768	768	1536	790	777	1423
1024	768	1536	961	786	1426
1280	768	1536	1143	795	1428
1536	768	1536	1323	802	1432
1792	768	1536	1493	811	1434
2048	768	1536	1668	818	1436
2303	768	1536	1844	827	1441
2559	768	1536	2023	836	1444
2815	768	1536	2216	845	1449
3071	768	1536	2390	854	1453
3327	768	1536	2564	862	1456
3583	768	1536	2745	870	1459
3839	768	1536	2918	877	1460
4095	768	1536	3092	884	1461
0	1024	1536	314	991	1431
256	1024	1536	497	999	1435
512	1024	1536	677	1009	1437
768	1024	1536	852	1018	1441
1024	1024	1536	1024	1026	1445
1280	1024	1536	1210	1034	1448
1536	1024	1536	1383	1041	1449
1792	1024	1536	1555	1049	1455
2048	1024	1536	1733	1059	1458
2303	1024	1536	1908	1067	1461
2559	1024	1536	2093	1076	1466
2815	1024	1536	2286	1086	1471
3071	1024	1536	2454	1095	1474
3327	1024	1536	2631	1101	1475
3583	1024	1536	2809	1109	1477
3839	1024	1536	2983	1116	1480
4095	1024	1536	3157	1123	1481
0	1280	1536	378	1236	1450
256	1280	1536	560	1244	1453
512	1280	1536	738	1253	1456
768	1280	1536	911	1260	1461
1024	1280	1536	1088	1268	1463
1280	1280	1536	1273	1276	1465
1536	1280	1536	1446	1287	1473
1792	1280	1536	1621	1296	1475
2048	1280	1536	1796	1302	1477
2303	1280	1536	1973	1311	1482
2559	1280	1536	2165	1320	1486
2815	1280	1536	2346	1329	1489
3071	1280	1536	2513	1335	1491
3327	1280	1536	2697	1342	1495
3583	1280	1536	2872	1349	1495
3839	1280	1536	3046	1356	1497
4095	1280	1536	3225	1362	1501
0	1536	1536	444	1478	1472
256	1536	1536	626	1486	1474
512	1536	1536	802	1493	1476
768	1536	1536	974	1500	1480
1024	1536	1536	1158	1508	1482
1280	1536	1536	1338	1516	1484
1536	1536	1536	1508	1522	1490
1792	1536	1536	1683	1528	1494
2048	1536	1536	1860	1538	1499
2303	1536	1536	2042	1549	1504
2559	1536	1536	2237	1559	1508
2815	1536	1536	2411	1567	1511
3071	1536	1536	2584	1574	1510
3327	1536	1536	2764	1579	1514
3583	1536	1536	2938	1586	1516
3839	1536	1536	3113	1591	1520
4095	1536	1536	3290	1597	1522
0	1792	1536	510	1718	1494
256	1792	1536	690	1726	1498
512	1792	1536	865	1733	1500
768	1792	1536	1039	1740	1500
1024	1792	1536	1224	1745	1504
1280	1792	1536	1400	1753	1507
1536	1792	1536	1574	1761	1509
1792	1792	1536	1747	1765	1513
2048	1792	1536	1927	1776	1512
2303	1792	1536	2112	1785	1522
2559	1792	1536	2303	1795	1531
2815	1792	1536	2477	1806	1539
3071	1792	1536	2654	1813	1540
3327	1792	1536	2831	1816	1540
3583	1792	1536	3002	1820	1540
3839	1792	1536	3180	1827	1543
4095	1792	1536	3361	1835	1547
0	2048	1536	575	1953	1514
256	2048	1536	753	1963	1519
512	2048	1536	928	1971	1521
768	2048	1536	1108	1977	1522
1024	2048	1536	1293	1984	1522
1280	2048	1536	1464	1991	1525
1536	2048	1536	1639	1998	1537
1792	2048	1536	1818	2007	1540
2048	2048	1536	1997	2015	1544
2303	2048	1536	2187	2023	1546
2559	2048	1536	2370	2033	1550
2815	2048	1536	2544	2044	1556
3071	2048	1536	2724	2047	1555
3327	2048	1536	2897	2052	1557
3583	2048	1536	3073	2058	1561
3839	2048	1536	3254	2067	1564
4095	2048	1536	3432	2074	1565
0	2303	1536	639	2203	1533
256	2303	1536	816	2213	1545
512	2303	1536	991	2220	1547
768	2303	1536	1175	2226	1548
1024	2303	1536	1353	2232	1549
1280	2303	1536	1524	2239	1551
1536	2303	1536	1701	2247	1554
1792	2303	1536	1881	2256	1559
2048	2303	1536	2065	2267	1564
2303	2303	1536	2259	2277	1567
2559	2303	1536	2432	2286	1570
2815	2303	1536	2606	2291	1572
3071	2303	1536	2784	2294	1572
3327	2303	1536	2961	2303	1577
3583	2303	1536	3140	2311	1581
3839	2303	1536	3320	2317	1584
4095	2303	1536	3496	2321	1583
0	2559	1536	704	2454	1560
256	2559	1536	879	2458	1560
512	2559	1536	1056	2464	1562
768	2559	1536	1245	2473	1567
1024	2559	1536	1419	2481	1571
1280	2559	1536	1594	2487	1573
1536	2559	1536	1771	2493	1575
1792	2559	1536	1949	2502	1578
2048	2559	1536	2138	2511	1583
2303	2559	1536	2327	2519	1585
2559	2559	1536	2495	2524	1588
2815	2559	1536	2676	2532	1591
3071	2559	1536	2856	2538	1592
3327	2559	1536	3029	2543	1593
3583	2559	1536	3215	2555	1600
3839	2559	1536	3393	2561	1602
4095	2559	1536	3567	2563	1608
0	2815	1536	768	2689	1574
256	2815	1536	944	2699	1582
512	2815	1536	1126	2708	1586
768	2815	1536	1312	2715	1586
1024	2815	1536	1484	2720	1590
1280	2815	1536	1660	2727	1593
1536	2815	1536	1837	2734	1595
1792	2815	1536	2015	2740	1597
2048	2815	1536	2210	2750	1603
2303	2815	1536	2391	2759	1607
2559	2815	1536	2564	2766	1609
2815	2815	1536	2745	2770	1610
3071	2815	1536	2922	2775	1612
3327	2815	1536	3099	2782	1614
3583	2815	1536	3275	2786	1615
3839	2815	1536	3462	2798	1623
4095	2815	1536	3642	2807	1626
0	3071	1536	831	2931	1599
256	3071	1536	1008	2944	1602
512	3071	1536	1195	2948	1605
768	3071	1536	1373	2952	1605
1024	3071	1536	1545	2956	1607
1280	3071	1536	1723	2964	1610
1536	3071	1536	1900	2971	1613
1792	3071	1536	2085	2979	1617
2048	3071	1536	2281	2991	1622
2303	3071	1536	2453	2999	1626
2559	3071	1536	2629	3004	1627
2815	3071	1536	2809	3007	1627
3071	3071	1536	2986	3014	1631
3327	3071	1536	3166	3022	1634
3583	3071	1536	3347	3030	1636
3839	3071	1536	3529	3038	1640
4095	3071	1536	3706	3046	1645
0	3327	1536	896	3178	1619
256	3327	1536	1074	3185	1623
512	3327	1536	1262	3189	1624
768	3327	1536	1434	3193	1625
1024	3327	1536	1609	3199	1627
1280	3327	1536	1788	3206	1631
1536	3327	1536	1966	3213	1633
1792	3327	1536	2156	3221	1637
2048	3327	1536	2345	3231	1641
2303	3327	1536	2516	3241	1646
2559	3327	1536	2696	3244	1647
2815	3327	1536	2875	3248	1647
3071	3327	1536	3050	3252	1649
3327	3327	1536	3231	3261	1653
3583	3327	1536	3416	3271	1657
3839	3327	1536	3600	3281	1661
4095	3327	1536	3769	3284	1663
0	3583	1536	959	3419	1640
256	3583	1536	1142	3425	1642
512	3583	1536	1326	3429	1644
768	3583	1536	1498	3433	1646
1024	3583	1536	1674	3437	1647
1280	3583	1536	1853	3444	1650
1536	3583	1536	2033	3452	1654
1792	3583	1536	2227	3461	1658
2048	3583	1536	2408	3469	1662
2303	3583	1536	2583	3477	1665
2559	3583	1536	2766	3482	1669
2815	3583	1536	2944	3488	1670
3071	3583	1536	3123	3494	1671
3327	3583	1536	3303	3498	1674
3583	3583	1536	3483	3504	1676
3839	3583	1536	3663	3513	1682
4095	3583	1536	3839	3523	1684
0	3839	1536	1021	3654	1661
256	3839	1536	1211	3662	1663
512	3839	1536	1389	3666	1664
768	3839	1536	1562	3668	1664
1024	3839	1536	1739	3673	1668
1280	3839	1536	1919	3681	1671
1536	3839	1536	2106	3691	1676
1792	3839	1536	2303	3703	1681
2048	3839	1536	2475	3711	1685
2303	3839	1536	2654	3719	1688
2559	3839	1536	2838	3726	1691
2815	3839	1536	3016	3732	1693
3071	3839	1536	3195	3736	1695
3327	3839	1536	3375	3741	1696
3583	3839	1536	3557	3748	1700
3839	3839	1536	3736	3757	1703
4095	3839	1536	3909	3765	1708
0	4095	1536	1091	3895	1682
256	4095	1536	1280	3898	1684
512	4095	1536	1453	3900	1685
768	4095	1536	1629	3906	1688
1024	4095	1536	1809	3914	1691
1280	4095	1536	1988	3920	1694
1536	4095	1536	2181	3931	1700
1792	4095	1536	2372	3943	1705
2048	4095	1536	2543	3951	1709
2303	4095	1536	2728	3959	1712
2559	4095	1536	2908	3962	1714
2815	4095	1536	3084	3965	1714
3071	4095	1536	3265	3971	1718
3327	4095	1536	3449	3979	1720
3583	4095	1536	3631	3984	1723
3839	4095	1536	3803	3988	1726
4095	4095	1536	3973	3995	1729
0	0	1792	65	26	1577
256	0	1792	250	35	1582
512	0	1792	433	45	1584
768	0	1792	614	55	1587
1024	0	1792	789	63	1589
1280	0	1792	960	72	1592
1536	0	1792	1142	82	1595
1792	0	1792	1320	91	1597
2048	0	1792	1486	99	1597
2303	0	1792	1661	108	1601
2559	0	1792	1837	118	1605
2815	0	1792	2016	127	1611
3071	0	1792	2211	137	1614
3327	0	1792	2386	145	1619
3583	0	1792	2556	154	1620
3839	0	1792	2736	163	1623
4095	0	1792	2910	172	1624
0	256	1792	130	271	1599
256	256	1792	315	281	1600
512	256	1792	498	291	1602
768	256	1792	676	299	1604
1024	256	1792	850	308	1607
1280	256	1792	1022	317	1612
1536	256	1792	1209	326	1614
1792	256	1792	1382	334	1615
2048	256	1792	1551	342	1620
2303	256	1792	1727	351	1621
2559	256	1792	1904	360	1626
2815	256	1792	2088	368	1630
3071	256	1792	2278	378	1634
3327	256	1792	2446	386	1638
3583	256	1792	2623	395	1641
3839	256	1792	2802	403	1642
4095	256	1792	2975	410	1644
0	512	1792	194	514	1615
256	512	1792	378	521	1620
512	512	1792	561	530	1622
768	512	1792	736	539	1624
1024	512	1792	910	549	1628
1280	512	1792	1087	558	1630
1536	512	1792	1271	565	1633
1792	512	1792	1443	575	1638
2048	512	1792	1615	583	1639
2303	512	1792	1787	590	1640
2559	512	1792	1966	599	1646
2815	512	1792	2158	609	1651
3071	512	1792	2339	618	1655
3327	512	1792	2508	627	1657
3583	512	1792	2691	635	1661
3839	512	1792	2866	642	1661
4095	512	1792	3039	650	1662
0	768	1792	258	757	1635
256	768	1792	443	766	1639
512	768	1792	624	775	1643
768	768	1792	800	783	1644
1024	768	1792	972	791	1650
1280	768	1792	1155	799	1651
1536	768	1792	1334	808	1654
1792	768	1792	1506	817	1656
2048	768	1792	1678	824	1658
2303	768	1792	1855	832	1664
2559	768	1792	2037	842	1667
2815	768	1792	2230	851	1672
3071	768	1792	2404	860	1676
3327	768	1792	2577	867	1678
3583	768	1792	2758	875	1681
3839	768	1792	2931	882	1681
4095	768	1792	3106	890	1682
0	1024	1792	323	996	1654
256	1024	1792	507	1005	1658
512	1024	1792	685	1013	1661
768	1024	1792	862	1023	1665
1024	1024	1792	1037	1033	1667
1280	1024	1792	1222	1040	1671
1536	1024	1792	1394	1047	1671
1792	1024	1792	1565	1054	1677
2048	1024	1792	1744	1064	1680
2303	1024	1792	1920	1073	1683
2559	1024	1792	2107	1082	1689
2815	1024	1792	2298	1093	1693
3071	1024	1792	2467	1100	1697
3327	1024	1792	2643	1107	1697
3583	1024	1792	2820	1114	1698
3839	1024	1792	2995	1122	1701
4095	1024	1792	3171	1129	1701
0	1280	1792	388	1244	1674
256	1280	1792	572	1252	1677
512	1280	1792	749	1261	1680
768	1280	1792	922	1268	1682
1024	1280	1792	1101	1276	1688
1280	1280	1792	1287	1286	1688
1536	1280	1792	1459	1294	1696
1792	1280	1792	1633	1301	1696
2048	1280	1792	1807	1308	1701
2303	1280	1792	1986	1318	1704
2559	1280	1792	2178	1326	1709
2815	1280	1792	2359	1334	1712
3071	1280	1792	2528	1342	1711
3327	1280	1792	2707	1347	1714
3583	1280	1792	2883	1354	1716
3839	1280	1792	3060	1361	1719
4095	1280	1792	3239	1369	1721
0	1536	1792	454	1483	1697
256	1536	1792	636	1491	1700
512	1536	1792	811	1499	1702
768	1536	1792	984	1506	1706
1024	1536	1792	1168	1511	1704
1280	1536	1792	1347	1519	1709
1536	1536	1792	1520	1529	1713
1792	1536	1792	1696	1537	1716
2048	1536	1792	1872	1545	1719
2303	1536	1792	2054	1554	1726
2559	1536	1792	2250	1565	1729
2815	1536	1792	2424	1573	1733
3071	1536	1792	2597	1580	1733
3327	1536	1792	2776	1584	1734
3583	1536	1792	2951	1591	1737
3839	1536	1792	3126	1598	1737
4095	1536	1792	3305	1605	1740
0	1792	1792	521	1724	1717
256	1792	1792	699	1731	1720
512	1792	1792	876	1740	1722
768	1792	1792	1051	1748	1724
1024	1792	1792	1235	1751	1727
1280	1792	1792	1411	1760	1725
1536	1792	1792	1587	1770	1731
1792	1792	1792	1763	1776	1733
2048	1792	1792	1942	1785	1737
2303	1792	1792	2128	1793	1745
2559	1792	1792	2314	1801	1748
2815	1792	1792	2484	1810	1752
3071	1792	1792	2665	1816	1754
3327	1792	1792	2843	1822	1754
3583	1792	1792	3016	1828	1757
3839	1792	1792	3196	1835	1759
4095	1792	1792	3377	1843	1763
0	2048	1792	585	1962	1739
256	2048	1792	764	1971	1742
512	2048	1792	940	1980	1746
768	2048	1792	1121	1987	1749
1024	2048	1792	1304	1992	1746
1280	2048	1792	1477	2000	1749
1536	2048	1792	1654	2007	1755
1792	2048	1792	1831	2014	1757
2048	2048	1792	2010	2023	1761
2303	2048	1792	2201	2031	1764
2559	2048	1792	2380	2037	1765
2815	2048	1792	2551	2046	1773
3071	2048	1792	2736	2053	1776
3327	2048	1792	2910	2059	1780
3583	2048	1792	3085	2065	1783
3839	2048	1792	3266	2073	1787
4095	2048	1792	3446	2081	1789
0	2303	1792	649	2211	1761
256	2303	1792	826	2220	1765
512	2303	1792	1002	2230	1769
768	2303	1792	1188	2237	1772
1024	2303	1792	1366	2243	1772
1280	2303	1792	1538	2247	1773
1536	2303	1792	1715	2254	1777
1792	2303	1792	1892	2262	1780
2048	2303	1792	2076	2272	1783
2303	2303	1792	2273	2285	1791
2559	2303	1792	2445	2293	1794
2815	2303	1792	2620	2299	1795
3071	2303	1792	2799	2303	1796
3327	2303	1792	2974	2310	1799
3583	2303	1792	3155	2318	1804
3839	2303	1792	3336	2326	1809
4095	2303	1792	3514	2332	1807
0	2559	1792	715	2461	1784
256	2559	1792	892	2469	1785
512	2559	1792	1069	2476	1788
768	2559	1792	1258	2482	1791
1024	2559	1792	1431	2487	1794
1280	2559	1792	1604	2493	1794
1536	2559	1792	1780	2498	1794
1792	2559	1792	1962	2509	1801
2048	2559	1792	2152	2519	1805
2303	2559	1792	2340	2527	1809
2559	2559	1792	2508	2533	1811
2815	2559	1792	2688	2538	1812
3071	2559	1792	2867	2543	1814
3327	2559	1792	3043	2550	1816
3583	2559	1792	3230	2565	1823
3839	2559	1792	3410	2571	1826
4095	2559	1792	3587	2576	1832
0	2815	1792	780	2702	1802
256	2815	1792	957	2712	1809
512	2815	1792	1138	2717	1811
768	2815	1792	1322	2721	1810
1024	2815	1792	1494	2727	1812
1280	2815	1792	1670	2734	1815
1536	2815	1792	1849	2740	1817
1792	2815	1792	2029	2749	1821
2048	2815	1792	2223	2757	1824
2303	2815	1792	2403	2766	1829
2559	2815	1792	2579	2775	1833
2815	2815	1792	2760	2778	1834
3071	2815	1792	2934	2783	1835
3327	2815	1792	3111	2788	1836
3583	2815	1792	3292	2796	1840
3839	2815	1792	3477	2806	1845
4095	2815	1792	3658	2816	1851
0	3071	1792	843	2944	1825
256	3071	1792	1019	2953	1827
512	3071	1792	1206	2957	1829
768	3071	1792	1383	2961	1830
1024	3071	1792	1556	2965	1830
1280	3071	1792	1735	2972	1834
1536	3071	1792	1913	2980	1837
1792	3071	1792	2099	2989	1841
2048	3071	1792	2295	3000	1846
2303	3071	1792	2467	3007	1849
2559	3071	1792	2643	3013	1852
2815	3071	1792	2824	3017	1852
3071	3071	1792	3000	3024	1855
3327	3071	1792	3181	3032	1857
3583	3071	1792	3363	3039	1860
3839	3071	1792	3544	3048	1864
4095	3071	1792	3721	3056	1868
0	3327	1792	907	3187	1845
256	3327	1792	1085	3194	1848
512	3327	1792	1273	3198	1847
768	3327	1792	1446	3202	1849
1024	3327	1792	1621	3208	1852
1280	3327	1792	1801	3217	1856
1536	3327	1792	1981	3224	1858
1792	3327	1792	2170	3233	1861
2048	3327	1792	2359	3241	1865
2303	3327	1792	2529	3249	1870
2559	3327	1792	2712	3256	1873
2815	3327	1792	2892	3262	1874
3071	3327	1792	3068	3265	1875
3327	3327	1792	3247	3272	1877
3583	3327	1792	3432	3282	1882
3839	3327	1792	3616	3292	1886
4095	3327	1792	3788	3297	1888
0	3583	1792	970	3430	1865
256	3583	1792	1154	3434	1867
512	3583	1792	1337	3436	1869
768	3583	1792	1509	3441	1870
1024	3583	1792	1687	3448	1873
1280	3583	1792	1866	3456	1876
1536	3583	1792	2047	3462	1879
1792	3583	1792	2243	3472	1884
2048	3583	1792	2423	3481	1888
2303	3583	1792	2599	3489	1892
2559	3583	1792	2783	3496	1895
2815	3583	1792	2961	3501	1897
3071	3583	1792	3139	3506	1898
3327	3583	1792	3319	3511	1900
3583	3583	1792	3503	3520	1903
3839	3583	1792	3682	3526	1908
4095	3583	1792	3855	3533	1910
0	3839	1792	1032	3665	1887
256	3839	1792	1222	3671	1889
512	3839	1792	1400	3675	1890
768	3839	1792	1574	3680	1892
1024	3839	1792	1753	3687	1895
1280	3839	1792	1932	3693	1898
1536	3839	1792	2120	3703	1903
1792	3839	1792	2319	3717	1909
2048	3839	1792	2491	3726	1913
2303	3839	1792	2671	3733	1916
2559	3839	1792	2854	3738	1918
2815	3839	1792	3031	3744	1920
3071	3839	1792	3211	3749	1922
3327	3839	1792	3392	3755	1924
3583	3839	1792	3574	3759	1926
3839	3839	1792	3750	3767	1930
4095	3839	1792	3923	3775	1933
0	4095	1792	1101	3904	1909
256	4095	1792	1290	3906	1910
512	4095	1792	1464	3913	1912
768	4095	1792	1641	3919	1915
1024	4095	1792	1821	3925	1918
1280	4095	1792	2002	3932	1921
1536	4095	1792	2196	3944	1927
1792	4095	1792	2385	3956	1933
2048	4095	1792	2560	3964	1936
2303	4095	1792	2742	3970	1939
2559	4095	1792	2922	3974	1940
2815	4095	1792	3100	3978	1942
3071	4095	1792	3280	3983	1944
3327	4095	1792	3462	3987	1946
3583	4095	1792	3643	3993	1948
3839	4095	1792	3817	3998	1951
4095	4095	1792	3991	4008	1956
0	0	2048	74	30	1799
256	0	2048	261	40	1804
512	0	2048	443	49	1806
768	0	2048	624	58	1810
1024	0	2048	800	67	1812
1280	0	2048	971	77	1814
1536	0	2048	1155	86	1819
1792	0	2048	1333	95	1821
2048	0	2048	1500	103	1821
2303	0	2048	1676	113	1825
2559	0	2048	1852	122	1828
2815	0	2048	2032	131	1833
3071	0	2048	2228	141	1837
3327	0	2048	2402	150	1842
3583	0	2048	2574	159	1843
3839	0	2048	2753	167	1845
4095	0	2048	2927	176	1846
0	256	2048	139	276	1820
256	256	2048	325	285	1821
512	256	2048	508	295	1823
768	256	2048	687	304	1826
1024	256	2048	861	313	1829
1280	256	2048	1034	321	1835
1536	256	2048	1222	331	1836
1792	256	2048	1394	339	1838
2048	256	2048	1565	347	1841
2303	256	2048	1741	357	1845
2559	256	2048	1918	365	1847
2815	256	2048	2105	374	1852
3071	256	2048	2295	383	1858
3327	256	2048	2463	392	1861
3583	256	2048	2641	399	1863
3839	256	2048	2818	408	1864
4095	256	2048	2992	416	1867
0	512	2048	203	518	1836
256	512	2048	387	527	1843
512	512	2048	571	536	1846
768	512	2048	747	545	1848
1024	512	2048	921	553	1853
1280	512	2048	1100	563	1855
1536	512	2048	1283	571	1856
1792	512	2048	1454	580	1860
2048	512	2048	1628	587	1862
2303	512	2048	1803	596	1864
2559	512	2048	1981	605	1869
2815	512	2048	2173	615	1873
3071	512	2048	2354	625	1877
3327	512	2048	2524	632	1879
3583	512	2048	2705	640	1882
3839	512	2048	2879	648	1882
4095	512	2048	3054	656	1883
0	768	2048	269	764	1858
256	768	2048	454	773	1861
512	768	2048	635	780	1865
768	768	2048	812	789	1869
1024	768	2048	985	799	1876
1280	768	2048	1168	807	1877
1536	768	2048	1347	815	1878
1792	768	2048	1518	822	1877
2048	768	2048	1692	830	1882
2303	768	2048	1870	839	1887
2559	768	2048	2052	849	1891
2815	768	2048	2244	857	1894
3071	768	2048	2417	865	1897
3327	768	2048	2591	873	1899
3583	768	2048	2770	880	1898
3839	768	2048	2944	888	1902
4095	768	2048	3120	894	1903
0	1024	2048	333	1004	1878
256	1024	2048	518	1012	1880
512	1024	2048	696	1019	1883
768	1024	2048	872	1029	1886
1024	1024	2048	1050	1041	1894
1280	1024	2048	1236	1047	1897
1536	1024	2048	1407	1054	1897
1792	1024	2048	1579	1061	1900
2048	1024	2048	1757	1071	1903
2303	1024	2048	1935	1080	1907
2559	1024	2048	2123	1089	1912
2815	1024	2048	2311	1098	1916
3071	1024	2048	2480	1107	1918
3327	1024	2048	2658	1114	1918
3583	1024	2048	2834	1120	1919
3839	1024	2048	3010	1128	1922
4095	1024	2048	3187	1135	1923
0	1280	2048	399	1252	1899
256	1280	2048	583	1260	1902
512	1280	2048	761	1268	1905
768	1280	2048	935	1278	1907
1024	1280	2048	1116	1285	1913
1280	1280	2048	1300	1293	1916
1536	1280	2048	1471	1301	1920
1792	1280	2048	1646	1308	1920
2048	1280	2048	1821	1316	1923
2303	1280	2048	1999	1323	1928
2559	1280	2048	2191	1332	1931
2815	1280	2048	2372	1340	1935
3071	1280	2048	2542	1349	1936
3327	1280	2048	2723	1354	1938
3583	1280	2048	2899	1361	1939
3839	1280	2048	3075	1369	1941
4095	1280	2048	3255	1376	1944
0	1536	2048	464	1490	1921
256	1536	2048	646	1499	1924
512	1536	2048	824	1508	1927
768	1536	2048	997	1515	1930
1024	1536	2048	1182	1522	1933
1280	1536	2048	1362	1529	1934
1536	1536	2048	1533	1539	1937
1792	1536	2048	1709	1544	1940
2048	1536	2048	1887	1553	1945
2303	1536	2048	2069	1562	1948
2559	1536	2048	2262	1571	1952
2815	1536	2048	2435	1578	1956
3071	1536	2048	2610	1585	1955
3327	1536	2048	2789	1591	1956
3583	1536	2048	2967	1599	1960
3839	1536	2048	3144	1607	1962
4095	1536	2048	3323	1613	1965
0	1792	2048	530	1729	1940
256	1792	2048	710	1739	1944
512	1792	2048	887	1749	1949
768	1792	2048	1063	1756	1951
1024	1792	2048	1249	1760	1953
1280	1792	2048	1423	1768	1954
1536	1792	2048	1597	1775	1957
1792	1792	2048	1773	1781	1957
2048	1792	2048	1952	1791	1960
2303	1792	2048	2141	1801	1972
2559	1792	2048	2330	1810	1975
2815	1792	2048	2500	1818	1979
3071	1792	2048	2680	1824	1978
3327	1792	2048	2858	1830	1980
3583	1792	2048	3036	1837	1978
3839	1792	2048	3212	1842	1982
4095	1792	2048	3393	1851	1988
0	2048	2048	595	1969	1962
256	2048	2048	774	1977	1967
512	2048	2048	951	1988	1972
768	2048	2048	1133	1995	1973
1024	2048	2048	1315	1998	1971
1280	2048	2048	1487	2006	1975
1536	2048	2048	1664	2013	1977
1792	2048	2048	1841	2020	1979
2048	2048	2048	2021	2029	1982
2303	2048	2048	2216	2039	1986
2559	2048	2048	2397	2049	1998
2815	2048	2048	2570	2057	1997
3071	2048	2048	2750	2062	2001
3327	2048	2048	2926	2067	2001
3583	2048	2048	3104	2075	2005
3839	2048	2048	3286	2084	2009
4095	2048	2048	3464	2090	2008
0	2303	2048	659	2219	1986
256	2303	2048	836	2228	1989
512	2303	2048	1012	2237	1992
768	2303	2048	1199	2243	1996
1024	2303	2048	1378	2250	1995
1280	2303	2048	1551	2258	1997
1536	2303	2048	1730	2267	2001
1792	2303	2048	1908	2275	2003
2048	2303	2048	2092	2282	2006
2303	2303	2048	2283	2289	2010
2559	2303	2048	2455	2298	2016
2815	2303	2048	2634	2307	2020
3071	2303	2048	2816	2314	2017
3327	2303	2048	2990	2318	2020
3583	2303	2048	3169	2326	2023
3839	2303	2048	3352	2335	2035
4095	2303	2048	3536	2344	2038
0	2559	2048	725	2469	2009
256	2559	2048	903	2478	2010
512	2559	2048	1082	2485	2012
768	2559	2048	1269	2490	2015
1024	2559	2048	1443	2496	2017
1280	2559	2048	1618	2503	2019
1536	2559	2048	1796	2510	2023
1792	2559	2048	1976	2518	2027
2048	2559	2048	2164	2525	2028
2303	2559	2048	2351	2533	2029
2559	2559	2048	2522	2541	2036
2815	2559	2048	2704	2548	2039
3071	2559	2048	2883	2554	2040
3327	2559	2048	3060	2562	2041
3583	2559	2048	3245	2574	2050
3839	2559	2048	3429	2582	2051
4095	2559	2048	3609	2589	2053
0	2815	2048	791	2712	2028
256	2815	2048	967	2720	2031
512	2815	2048	1151	2726	2033
768	2815	2048	1334	2731	2031
1024	2815	2048	1505	2735	2035
1280	2815	2048	1682	2740	2037
1536	2815	2048	1860	2747	2041
1792	2815	2048	2042	2756	2045
2048	2815	2048	2239	2769	2054
2303	2815	2048	2418	2777	2058
2559	2815	2048	2593	2783	2060
2815	2815	2048	2776	2790	2062
3071	2815	2048	2954	2797	2065
3327	2815	2048	3132	2802	2067
3583	2815	2048	3310	2807	2067
3839	2815	2048	3488	2812	2071
4095	2815	2048	3669	2821	2075
0	3071	2048	853	2953	2048
256	3071	2048	1029	2959	2053
512	3071	2048	1218	2966	2055
768	3071	2048	1396	2970	2057
1024	3071	2048	1570	2975	2059
1280	3071	2048	1748	2983	2063
1536	3071	2048	1927	2991	2066
1792	3071	2048	2115	3000	2070
2048	3071	2048	2311	3010	2074
2303	3071	2048	2481	3017	2077
2559	3071	2048	2660	3024	2081
2815	3071	2048	2842	3031	2083
3071	3071	2048	3016	3033	2083
3327	3071	2048	3194	3040	2085
3583	3071	2048	3376	3047	2086
3839	3071	2048	3558	3055	2089
4095	3071	2048	3733	3061	2092
0	3327	2048	917	3196	2074
256	3327	2048	1096	3203	2075
512	3327	2048	1285	3206	2073
768	3327	2048	1458	3211	2076
1024	3327	2048	1634	3218	2079
1280	3327	2048	1814	3226	2082
1536	3327	2048	1994	3232	2085
1792	3327	2048	2186	3243	2091
2048	3327	2048	2374	3253	2097
2303	3327	2048	2545	3261	2100
2559	3327	2048	2730	3268	2103
2815	3327	2048	2909	3274	2105
3071	3327	2048	3086	3279	2106
3327	3327	2048	3263	3283	2107
3583	3327	2048	3447	3291	2110
3839	3327	2048	3630	3300	2114
4095	3327	2048	3806	3309	2118
0	3583	2048	980	3438	2095
256	3583	2048	1165	3442	2097
512	3583	2048	1347	3445	2098
768	3583	2048	1520	3451	2100
1024	3583	2048	1700	3459	2104
1280	3583	2048	1879	3466	2107
1536	3583	2048	2062	3473	2111
1792	3583	2048	2260	3485	2116
2048	3583	2048	2438	3494	2120
2303	3583	2048	2614	3501	2124
2559	3583	2048	2800	3508	2128
2815	3583	2048	2975	3512	2128
3071	3583	2048	3154	3517	2129
3327	3583	2048	3336	3523	2132
3583	3583	2048	3520	3531	2135
3839	3583	2048	3696	3536	2137
4095	3583	2048	3868	3541	2140
0	3839	2048	1044	3676	2118
256	3839	2048	1233	3681	2120
512	3839	2048	1412	3687	2122
768	3839	2048	1587	3693	2124
1024	3839	2048	1767	3699	2125
1280	3839	2048	1948	3708	2131
1536	3839	2048	2137	3718	2136
1792	3839	2048	2332	3728	2141
2048	3839	2048	2503	3735	2144
2303	3839	2048	2684	3742	2147
2559	3839	2048	2868	3749	2150
2815	3839	2048	3044	3752	2152
3071	3839	2048	3225	3758	2154
3327	3839	2048	3408	3764	2156
3583	3839	2048	3588	3768	2157
3839	3839	2048	3763	3775	2160
4095	3839	2048	3936	3783	2162
0	4095	2048	1113	3915	2141
256	4095	2048	1302	3918	2139
512	4095	2048	1476	3924	2144
768	4095	2048	1653	3929	2147
1024	4095	2048	1833	3935	2150
1280	4095	2048	2017	3947	2154
1536	4095	2048	2211	3957	2159
1792	4095	2048	2398	3966	2165
2048	4095	2048	2572	3974	2169
2303	4095	2048	2755	3978	2170
2559	4095	2048	2935	3983	2172
2815	4095	2048	3114	3987	2174
3071	4095	2048	3294	3991	2176
3327	4095	2048	3475	3995	2178
3583	4095	2048	3656	4002	2180
3839	4095	2048	3833	4008	2184
4095	4095	2048	4006	4017	2187
0	0	2303	84	34	2026
256	0	2303	271	43	2027
512	0	2303	454	53	2030
768	0	2303	635	62	2034
1024	0	2303	811	72	2037
1280	0	2303	983	80	2038
1536	0	2303	1167	90	2040
1792	0	2303	1346	99	2043
2048	0	2303	1515	108	2048
2303	0	2303	1691	117	2052
2559	0	2303	1870	126	2056
2815	0	2303	2050	136	2060
3071	0	2303	2242	145	2063
3327	0	2303	2414	154	2066
3583	0	2303	2588	162	2068
3839	0	2303	2770	171	2070
4095	0	2303	2941	180	2071
0	256	2303	149	280	2043
256	256	2303	334	290	2044
512	256	2303	519	300	2047
768	256	2303	697	309	2050
1024	256	2303	872	317	2056
1280	256	2303	1046	326	2062
1536	256	2303	1232	335	2061
1792	256	2303	1406	344	2062
2048	256	2303	1579	352	2064
2303	256	2303	1755	361	2070
2559	256	2303	1933	370	2074
2815	256	2303	2120	379	2079
3071	256	2303	2308	388	2085
3327	256	2303	2477	396	2089
3583	256	2303	2655	404	2089
3839	256	2303	2831	412	2089
4095	256	2303	3006	421	2093
0	512	2303	212	523	2066
256	512	2303	397	532	2068
512	512	2303	581	540	2069
768	512	2303	757	549	2072
1024	512	2303	933	560	2081
1280	512	2303	1114	569	2083
1536	512	2303	1295	577	2083
1792	512	2303	1464	584	2085
2048	512	2303	1641	593	2088
2303	512	2303	1818	603	2092
2559	512	2303	1995	612	2096
2815	512	2303	2188	620	2099
3071	512	2303	2370	629	2104
3327	512	2303	2540	638	2107
3583	512	2303	2719	645	2109
3839	512	2303	2893	652	2108
4095	512	2303	3068	660	2109
0	768	2303	279	769	2083
256	768	2303	463	777	2085
512	768	2303	644	785	2093
768	768	2303	822	795	2098
1024	768	2303	996	806	2103
1280	768	2303	1181	813	2105
1536	768	2303	1360	820	2106
1792	768	2303	1529	828	2108
2048	768	2303	1707	837	2111
2303	768	2303	1884	845	2114
2559	768	2303	2065	854	2119
2815	768	2303	2257	862	2122
3071	768	2303	2431	871	2126
3327	768	2303	2605	879	2127
3583	768	2303	2783	885	2126
3839	768	2303	2957	892	2130
4095	768	2303	3134	900	2131
0	1024	2303	344	1011	2107
256	1024	2303	530	1020	2109
512	1024	2303	708	1028	2112
768	1024	2303	884	1037	2121
1024	1024	2303	1062	1046	2126
1280	1024	2303	1249	1055	2126
1536	1024	2303	1421	1062	2127
1792	1024	2303	1594	1070	2129
2048	1024	2303	1769	1077	2134
2303	1024	2303	1949	1086	2136
2559	1024	2303	2137	1096	2140
2815	1024	2303	2323	1104	2143
3071	1024	2303	2493	1112	2147
3327	1024	2303	2671	1119	2148
3583	1024	2303	2848	1126	2149
3839	1024	2303	3023	1134	2150
4095	1024	2303	3202	1142	2154
0	1280	2303	408	1258	2130
256	1280	2303	593	1267	2132
512	1280	2303	771	1274	2134
768	1280	2303	947	1285	2140
1024	1280	2303	1129	1293	2143
1280	1280	2303	1311	1299	2147
1536	1280	2303	1482	1307	2150
1792	1280	2303	1659	1314	2151
2048	1280	2303	1835	1322	2154
2303	1280	2303	2012	1330	2158
2559	1280	2303	2205	1339	2161
2815	1280	2303	2384	1346	2164
3071	1280	2303	2556	1354	2168
3327	1280	2303	2740	1362	2171
3583	1280	2303	2916	1369	2171
3839	1280	2303	3092	1375	2173
4095	1280	2303	3273	1384	2177
0	1536	2303	474	1498	2151
256	1536	2303	657	1506	2154
512	1536	2303	835	1515	2157
768	1536	2303	1008	1522	2160
1024	1536	2303	1196	1531	2166
1280	1536	2303	1375	1539	2165
1536	1536	2303	1547	1546	2167
1792	1536	2303	1720	1551	2170
2048	1536	2303	1900	1560	2176
2303	1536	2303	2085	1570	2180
2559	1536	2303	2277	1577	2185
2815	1536	2303	2449	1586	2189
3071	1536	2303	2626	1594	2190
3327	1536	2303	2807	1600	2191
3583	1536	2303	2986	1609	2197
3839	1536	2303	3165	1617	2199
4095	1536	2303	3343	1623	2198
0	1792	2303	541	1737	2172
256	1792	2303	721	1748	2177
512	1792	2303	898	1757	2181
768	1792	2303	1076	1764	2183
1024	1792	2303	1264	1771	2186
1280	1792	2303	1436	1776	2188
1536	1792	2303	1610	1782	2189
1792	1792	2303	1786	1789	2188
2048	1792	2303	1965	1797	2198
2303	1792	2303	2156	1809	2206
2559	1792	2303	2345	1820	2209
2815	1792	2303	2516	1828	2213
3071	1792	2303	2695	1832	2211
3327	1792	2303	2874	1839	2216
3583	1792	2303	3055	1849	2216
3839	1792	2303	3231	1853	2220
4095	1792	2303	3410	1860	2221
0	2048	2303	606	1978	2196
256	2048	2303	787	1988	2201
512	2048	2303	961	1996	2206
768	2048	2303	1144	2002	2207
1024	2048	2303	1326	2006	2207
1280	2048	2303	1497	2012	2210
1536	2048	2303	1675	2020	2210
1792	2048	2303	1854	2027	2213
2048	2048	2303	2035	2036	2216
2303	2048	2303	2231	2048	2221
2559	2048	2303	2411	2057	2232
2815	2048	2303	2584	2064	2231
3071	2048	2303	2764	2069	2236
3327	2048	2303	2942	2076	2237
3583	2048	2303	3119	2084	2238
3839	2048	2303	3299	2092	2242
4095	2048	2303	3483	2101	2246
0	2303	2303	669	2228	2220
256	2303	2303	847	2236	2224
512	2303	2303	1023	2245	2226
768	2303	2303	1211	2251	2230
1024	2303	2303	1389	2259	2228
1280	2303	2303	1564	2267	2231
1536	2303	2303	1741	2274	2234
1792	2303	2303	1920	2282	2238
2048	2303	2303	2105	2290	2242
2303	2303	2303	2298	2298	2248
2559	2303	2303	2469	2306	2252
2815	2303	2303	2651	2317	2259
3071	2303	2303	2836	2327	2256
3327	2303	2303	3009	2331	2260
3583	2303	2303	3189	2338	2263
3839	2303	2303	3372	2346	2266
4095	2303	2303	3554	2354	2270
0	2559	2303	735	2475	2241
256	2559	2303	912	2484	2244
512	2559	2303	1092	2492	2247
768	2559	2303	1280	2497	2250
1024	2559	2303	1454	2503	2252
1280	2559	2303	1629	2510	2255
1536	2559	2303	1808	2518	2257
1792	2559	2303	1988	2526	2261
2048	2559	2303	2178	2533	2264
2303	2559	2303	2362	2540	2266
2559	2559	2303	2533	2547	2269
2815	2559	2303	2721	2558	2274
3071	2559	2303	2900	2566	2282
3327	2559	2303	3074	2570	2278
3583	2559	2303	3258	2579	2282
3839	2559	2303	3437	2586	2281
4095	2559	2303	3617	2593	2289
0	2815	2303	800	2717	2261
256	2815	2303	977	2727	2265
512	2815	2303	1162	2734	2268
768	2815	2303	1344	2738	2268
1024	2815	2303	1515	2741	2271
1280	2815	2303	1693	2747	2273
1536	2815	2303	1871	2754	2276
1792	2815	2303	2054	2762	2280
2048	2815	2303	2252	2774	2284
2303	2815	2303	2428	2783	2286
2559	2815	2303	2603	2789	2289
2815	2815	2303	2785	2793	2292
3071	2815	2303	2961	2799	2298
3327	2815	2303	3140	2806	2298
3583	2815	2303	3322	2813	2300
3839	2815	2303	3506	2823	2306
4095	2815	2303	3683	2829	2309
0	3071	2303	863	2958	2283
256	3071	2303	1039	2965	2286
512	3071	2303	1229	2972	2290
768	3071	2303	1407	2977	2290
1024	3071	2303	1580	2982	2288
1280	3071	2303	1759	2989	2292
1536	3071	2303	1938	2996	2295
1792	3071	2303	2126	3006	2300
2048	3071	2303	2323	3018	2311
2303	3071	2303	2493	3026	2315
2559	3071	2303	2674	3033	2318
2815	3071	2303	2856	3040	2319
3071	3071	2303	3031	3044	2319
3327	3071	2303	3211	3051	2321
3583	3071	2303	3392	3057	2322
3839	3071	2303	3569	3060	2322
4095	3071	2303	3746	3069	2333
0	3327	2303	926	3200	2302
256	3327	2303	1107	3207	2304
512	3327	2303	1297	3215	2306
768	3327	2303	1468	3219	2310
1024	3327	2303	1645	3226	2315
1280	3327	2303	1825	3233	2319
1536	3327	2303	2005	3240	2321
1792	3327	2303	2198	3250	2326
2048	3327	2303	2384	3260	2331
2303	3327	2303	2555	3267	2334
2559	3327	2303	2738	3270	2334
2815	3327	2303	2916	3275	2335
3071	3327	2303	3094	3282	2337
3327	3327	2303	3277	3290	2341
3583	3327	2303	3459	3297	2344
3839	3327	2303	3640	3305	2346
4095	3327	2303	3816	3313	2350
0	3583	2303	991	3448	2336
256	3583	2303	1177	3453	2336
512	3583	2303	1359	3455	2334
768	3583	2303	1530	3456	2336
1024	3583	2303	1713	3467	2342
1280	3583	2303	1893	3476	2347
1536	3583	2303	2076	3483	2349
1792	3583	2303	2269	3488	2348
2048	3583	2303	2446	3495	2351
2303	3583	2303	2623	3504	2356
2559	3583	2303	2809	3512	2361
2815	3583	2303	2985	3515	2360
3071	3583	2303	3164	3520	2360
3327	3583	2303	3347	3528	2363
3583	3583	2303	3530	3535	2367
3839	3583	2303	3706	3540	2368
4095	3583	2303	3878	3545	2371
0	3839	2303	1057	3689	2353
256	3839	2303	1245	3690	2355
512	3839	2303	1423	3693	2357
768	3839	2303	1599	3700	2360
1024	3839	2303	1780	3710	2362
1280	3839	2303	1963	3720	2368
1536	3839	2303	2150	3726	2372
1792	3839	2303	2340	3730	2374
2048	3839	2303	2510	3737	2375
2303	3839	2303	2693	3746	2379
2559	3839	2303	2877	3752	2382
2815	3839	2303	3052	3754	2384
3071	3839	2303	3233	3761	2384
3327	3839	2303	3416	3767	2386
3583	3839	2303	3598	3773	2388
3839	3839	2303	3772	3778	2391
4095	3839	2303	3945	3786	2394
0	4095	2303	1124	3921	2377
256	4095	2303	1312	3925	2374
512	4095	2303	1487	3932	2380
768	4095	2303	1665	3938	2382
1024	4095	2303	1846	3946	2385
1280	4095	2303	2030	3956	2391
1536	4095	2303	2224	3965	2396
1792	4095	2303	2409	3972	2399
2048	4095	2303	2582	3978	2403
2303	4095	2303	2765	3981	2403
2559	4095	2303	2943	3985	2404
2815	4095	2303	3121	3989	2405
3071	4095	2303	3303	3994	2407
3327	4095	2303	3485	4000	2409
3583	4095	2303	3667	4007	2412
3839	4095	2303	3844	4014	2415
4095	4095	2303	4013	4020	2417
0	0	2559	93	38	2254
256	0	2559	280	47	2258
512	0	2559	464	57	2262
768	0	2559	645	66	2263
1024	0	2559	821	75	2262
1280	0	2559	992	85	2275
1536	0	2559	1177	94	2278
1792	0	2559	1356	104	2279
2048	0	2559	1527	112	2279
2303	0	2559	1703	121	2284
2559	0	2559	1881	130	2288
2815	0	2559	2062	140	2291
3071	0	2559	2253	148	2294
3327	0	2559	2424	158	2297
3583	0	2559	2600	167	2300
3839	0	2559	2781	176	2301
4095	0	2559	2951	183	2300
0	256	2559	158	285	2276
256	256	2559	344	295	2279
512	256	2559	530	304	2284
768	256	2559	707	313	2286
1024	256	2559	882	322	2289
1280	256	2559	1059	332	2292
1536	256	2559	1245	339	2290
1792	256	2559	1417	348	2294
2048	256	2559	1591	357	2298
2303	256	2559	1765	366	2301
2559	256	2559	1943	375	2306
2815	256	2559	2131	383	2311
3071	256	2559	2318	392	2316
3327	256	2559	2487	401	2319
3583	256	2559	2666	409	2319
3839	256	2559	2841	416	2319
4095	256	2559	3015	424	2320
0	512	2559	223	527	2299
256	512	2559	407	537	2303
512	512	2559	591	546	2306
768	512	2559	768	555	2309
1024	512	2559	942	565	2310
1280	512	2559	1123	572	2312
1536	512	2559	1304	580	2314
1792	512	2559	1476	590	2317
2048	512	2559	1653	598	2320
2303	512	2559	1829	606	2324
2559	512	2559	2006	615	2327
2815	512	2559	2200	625	2330
3071	512	2559	2380	634	2335
3327	512	2559	2551	643	2339
3583	512	2559	2731	649	2339
3839	512	2559	2905	657	2338
4095	512	2559	3079	665	2338
0	768	2559	288	772	2314
256	768	2559	473	783	2328
512	768	2559	655	792	2331
768	768	2559	831	799	2333
1024	768	2559	1004	808	2335
1280	768	2559	1190	817	2336
1536	768	2559	1369	825	2338
1792	768	2559	1540	833	2340
2048	768	2559	1717	841	2341
2303	768	2559	1894	849	2345
2559	768	2559	2077	858	2349
2815	768	2559	2269	867	2353
3071	768	2559	2441	875	2356
3327	768	2559	2617	883	2357
3583	768	2559	2795	890	2356
3839	768	2559	2969	897	2360
4095	768	2559	3146	906	2360
0	1024	2559	354	1018	2342
256	1024	2559	541	1027	2344
512	1024	2559	719	1034	2347
768	1024	2559	894	1043	2353
1024	1024	2559	1072	1051	2356
1280	1024	2559	1259	1059	2356
1536	1024	2559	1431	1066	2357
1792	1024	2559	1605	1074	2359
2048	1024	2559	1779	1082	2363
2303	1024	2559	1958	1091	2366
2559	1024	2559	2147	1100	2369
2815	1024	2559	2332	1108	2372
3071	1024	2559	2501	1116	2376
3327	1024	2559	2682	1123	2377
3583	1024	2559	2859	1131	2378
3839	1024	2559	3034	1138	2378
4095	1024	2559	3214	1146	2382
0	1280	2559	418	1263	2361
256	1280	2559	602	1271	2364
512	1280	2559	780	1278	2365
768	1280	2559	955	1289	2371
1024	1280	2559	1137	1297	2372
1280	1280	2559	1320	1303	2376
1536	1280	2559	1490	1310	2378
1792	1280	2559	1668	1319	2379
2048	1280	2559	1844	1327	2382
2303	1280	2559	2022	1334	2386
2559	1280	2559	2215	1342	2390
2815	1280	2559	2393	1350	2393
3071	1280	2559	2566	1359	2396
3327	1280	2559	2749	1366	2398
3583	1280	2559	2924	1372	2399
3839	1280	2559	3100	1379	2400
4095	1280	2559	3280	1387	2402
0	1536	2559	484	1504	2382
256	1536	2559	666	1511	2385
512	1536	2559	843	1519	2386
768	1536	2559	1016	1527	2390
1024	1536	2559	1206	1535	2394
1280	1536	2559	1383	1543	2394
1536	1536	2559	1554	1548	2396
1792	1536	2559	1729	1555	2399
2048	1536	2559	1908	1563	2402
2303	1536	2559	2093	1572	2407
2559	1536	2559	2287	1582	2411
2815	1536	2559	2458	1591	2417
3071	1536	2559	2636	1597	2417
3327	1536	2559	2816	1603	2418
3583	1536	2559	2993	1612	2423
3839	1536	2559	3171	1619	2423
4095	1536	2559	3349	1625	2424
0	1792	2559	551	1743	2403
256	1792	2559	729	1751	2407
512	1792	2559	906	1759	2409
768	1792	2559	1086	1768	2412
1024	1792	2559	1273	1775	2414
1280	1792	2559	1443	1780	2416
1536	1792	2559	1618	1786	2414
1792	1792	2559	1794	1792	2415
2048	1792	2559	1973	1801	2425
2303	1792	2559	2163	1810	2429
2559	1792	2559	2350	1820	2435
2815	1792	2559	2522	1830	2439
3071	1792	2559	2703	1834	2438
3327	1792	2559	2882	1842	2443
3583	1792	2559	3062	1851	2442
3839	1792	2559	3239	1855	2446
4095	1792	2559	3420	1863	2448
0	2048	2559	614	1982	2425
256	2048	2559	794	1989	2428
512	2048	2559	969	1999	2432
768	2048	2559	1152	2004	2435
1024	2048	2559	1334	2009	2433
1280	2048	2559	1505	2014	2437
1536	2048	2559	1683	2022	2436
1792	2048	2559	1862	2030	2438
2048	2048	2559	2043	2039	2441
2303	2048	2559	2235	2047	2451
2559	2048	2559	2414	2056	2456
2815	2048	2559	2589	2065	2457
3071	2048	2559	2772	2072	2462
3327	2048	2559	2946	2078	2461
3583	2048	2559	3123	2085	2464
3839	2048	2559	3307	2094	2468
4095	2048	2559	3489	2103	2471
0	2303	2559	677	2230	2448
256	2303	2559	855	2238	2451
512	2303	2559	1030	2247	2453
768	2303	2559	1218	2253	2456
1024	2303	2559	1396	2259	2455
1280	2303	2559	1569	2267	2457
1536	2303	2559	1745	2272	2458
1792	2303	2559	1926	2282	2461
2048	2303	2559	2112	2290	2465
2303	2303	2559	2302	2297	2467
2559	2303	2559	2472	2305	2470
2815	2303	2559	2655	2317	2482
3071	2303	2559	2841	2328	2481
3327	2303	2559	3014	2331	2484
3583	2303	2559	3194	2339	2487
3839	2303	2559	3375	2346	2487
4095	2303	2559	3554	2351	2488
0	2559	2559	742	2477	2468
256	2559	2559	919	2484	2470
512	2559	2559	1099	2492	2472
768	2559	2559	1288	2498	2473
1024	2559	2559	1461	2505	2477
1280	2559	2559	1637	2513	2478
1536	2559	2559	1817	2522	2478
1792	2559	2559	1997	2529	2481
2048	2559	2559	2185	2534	2486
2303	2559	2559	2367	2541	2487
2559	2559	2559	2539	2549	2490
2815	2559	2559	2729	2562	2495
3071	2559	2559	2908	2569	2504
3327	2559	2559	3081	2573	2502
3583	2559	2559	3263	2581	2505
3839	2559	2559	3442	2586	2505
4095	2559	2559	3620	2591	2507
0	2815	2559	807	2717	2485
256	2815	2559	983	2725	2490
512	2815	2559	1169	2731	2492
768	2815	2559	1350	2736	2493
1024	2815	2559	1522	2742	2496
1280	2815	2559	1702	2750	2500
1536	2815	2559	1880	2757	2504
1792	2815	2559	2063	2765	2504
2048	2815	2559	2262	2779	2509
2303	2815	2559	2439	2788	2509
2559	2815	2559	2614	2794	2513
2815	2815	2559	2795	2798	2516
3071	2815	2559	2974	2806	2524
3327	2815	2559	3151	2812	2520
3583	2815	2559	3329	2815	2525
3839	2815	2559	3512	2823	2529
4095	2815	2559	3689	2831	2532
0	3071	2559	870	2957	2507
256	3071	2559	1047	2965	2509
512	3071	2559	1236	2971	2513
768	3071	2559	1412	2976	2511
1024	3071	2559	1586	2980	2513
1280	3071	2559	1763	2986	2516
1536	3071	2559	1947	2999	2520
1792	3071	2559	2137	3012	2525
2048	3071	2559	2331	3022	2535
2303	3071	2559	2501	3029	2539
2559	3071	2559	2679	3034	2540
2815	3071	2559	2859	3038	2538
3071	3071	2559	3037	3045	2542
3327	3071	2559	3216	3051	2545
3583	3071	2559	3395	3056	2543
3839	3071	2559	3573	3060	2545
4095	3071	2559	3748	3068	2557
0	3327	2559	933	3199	2527
256	3327	2559	1115	3207	2529
512	3327	2559	1302	3212	2530
768	3327	2559	1474	3216	2533
1024	3327	2559	1650	3221	2532
1280	3327	2559	1829	3229	2537
1536	3327	2559	2012	3240	2540
1792	3327	2559	2206	3250	2551
2048	3327	2559	2392	3261	2553
2303	3327	2559	2566	3272	2555
2559	3327	2559	2746	3274	2560
2815	3327	2559	2925	3280	2563
3071	3327	2559	3103	3286	2566
3327	3327	2559	3282	3290	2566
3583	3327	2559	3463	3297	2568
3839	3327	2559	3644	3305	2572
4095	3327	2559	3821	3313	2576
0	3583	2559	997	3444	2550
256	3583	2559	1183	3447	2550
512	3583	2559	1364	3450	2548
768	3583	2559	1537	3455	2550
1024	3583	2559	1719	3466	2554
1280	3583	2559	1898	3474	2556
1536	3583	2559	2081	3479	2573
1792	3583	2559	2276	3487	2572
2048	3583	2559	2454	3498	2578
2303	3583	2559	2632	3507	2583
2559	3583	2559	2815	3511	2585
2815	3583	2559	2991	3514	2585
3071	3583	2559	3170	3521	2587
3327	3583	2559	3352	3528	2590
3583	3583	2559	3532	3532	2590
3839	3583	2559	3708	3538	2593
4095	3583	2559	3883	3546	2597
0	3839	2559	1063	3685	2572
256	3839	2559	1253	3689	2586
512	3839	2559	1429	3692	2582
768	3839	2559	1604	3697	2581
1024	3839	2559	1787	3709	2588
1280	3839	2559	1967	3715	2591
1536	3839	2559	2155	3721	2596
1792	3839	2559	2346	3730	2602
2048	3839	2559	2520	3741	2604
2303	3839	2559	2700	3744	2605
2559	3839	2559	2880	3748	2605
2815	3839	2559	3058	3754	2609
3071	3839	2559	3239	3759	2610
3327	3839	2559	3419	3764	2612
3583	3839	2559	3602	3771	2614
3839	3839	2559	3778	3779	2617
4095	3839	2559	3951	3788	2621
0	4095	2559	1133	3924	2603
256	4095	2559	1321	3930	2604
512	4095	2559	1492	3927	2605
768	4095	2559	1672	3935	2610
1024	4095	2559	1853	3945	2615
1280	4095	2559	2035	3952	2618
1536	4095	2559	2230	3962	2621
1792	4095	2559	2414	3970	2626
2048	4095	2559	2590	3979	2631
2303	4095	2559	2771	3981	2631
2559	4095	2559	2949	3984	2631
2815	4095	2559	3128	3989	2632
3071	4095	2559	3310	3994	2635
3327	4095	2559	3492	4001	2637
3583	4095	2559	3674	4009	2640
3839	4095	2559	3850	4016	2643
4095	4095	2559	4017	4019	2645
0	0	2815	102	42	2475
256	0	2815	289	51	2477
512	0	2815	473	61	2481
768	0	2815	654	70	2487
1024	0	2815	830	80	2489
1280	0	2815	1002	89	2493
1536	0	2815	1187	97	2494
1792	0	2815	1363	107	2492
2048	0	2815	1531	116	2492
2303	0	2815	1706	125	2495
2559	0	2815	1884	133	2501
2815	0	2815	2068	143	2506
3071	0	2815	2260	152	2514
3327	0	2815	2430	161	2517
3583	0	2815	2604	170	2517
3839	0	2815	2781	178	2516
4095	0	2815	2956	187	2519
0	256	2815	167	288	2501
256	256	2815	353	299	2503
512	256	2815	539	308	2505
768	256	2815	716	317	2509
1024	256	2815	891	327	2512
1280	256	2815	1068	335	2513
1536	256	2815	1252	343	2517
1792	256	2815	1425	352	2518
2048	256	2815	1598	360	2521
2303	256	2815	1770	368	2523
2559	256	2815	1948	377	2526
2815	256	2815	2136	386	2528
3071	256	2815	2323	395	2532
3327	256	2815	2493	403	2541
3583	256	2815	2672	411	2541
3839	256	2815	2847	419	2539
4095	256	2815	3019	427	2538
0	512	2815	231	531	2513
256	512	2815	416	541	2520
512	512	2815	600	550	2521
768	512	2815	777	558	2529
1024	512	2815	952	569	2532
1280	512	2815	1133	577	2534
1536	512	2815	1313	585	2536
1792	512	2815	1483	593	2539
2048	512	2815	1659	601	2542
2303	512	2815	1835	610	2545
2559	512	2815	2012	618	2548
2815	512	2815	2205	628	2552
3071	512	2815	2384	636	2554
3327	512	2815	2556	645	2557
3583	512	2815	2738	653	2562
3839	512	2815	2911	660	2561
4095	512	2815	3085	667	2561
0	768	2815	296	775	2534
256	768	2815	480	783	2549
512	768	2815	661	792	2551
768	768	2815	838	802	2554
1024	768	2815	1011	811	2556
1280	768	2815	1198	820	2560
1536	768	2815	1375	827	2560
1792	768	2815	1546	834	2560
2048	768	2815	1722	843	2562
2303	768	2815	1899	852	2565
2559	768	2815	2083	860	2569
2815	768	2815	2276	869	2576
3071	768	2815	2445	877	2578
3327	768	2815	2623	885	2580
3583	768	2815	2803	894	2581
3839	768	2815	2978	901	2585
4095	768	2815	3156	909	2585
0	1024	2815	362	1019	2566
256	1024	2815	548	1027	2566
512	1024	2815	726	1036	2571
768	1024	2815	901	1045	2573
1024	1024	2815	1079	1053	2576
1280	1024	2815	1267	1061	2578
1536	1024	2815	1436	1068	2580
1792	1024	2815	1609	1075	2582
2048	1024	2815	1785	1084	2585
2303	1024	2815	1962	1091	2588
2559	1024	2815	2153	1101	2592
2815	1024	2815	2339	1111	2595
3071	1024	2815	2507	1119	2600
3327	1024	2815	2689	1126	2601
3583	1024	2815	2868	1134	2603
3839	1024	2815	3043	1142	2603
4095	1024	2815	3222	1150	2606
0	1280	2815	426	1265	2585
256	1280	2815	609	1273	2585
512	1280	2815	787	1280	2587
768	1280	2815	960	1288	2591
1024	1280	2815	1144	1297	2599
1280	1280	2815	1327	1305	2600
1536	1280	2815	1497	1313	2599
1792	1280	2815	1673	1321	2602
2048	1280	2815	1851	1328	2605
2303	1280	2815	2030	1336	2608
2559	1280	2815	2222	1344	2615
2815	1280	2815	2399	1353	2619
3071	1280	2815	2574	1361	2622
3327	1280	2815	2757	1368	2622
3583	1280	2815	2931	1375	2623
3839	1280	2815	3107	1382	2624
4095	1280	2815	3286	1388	2624
0	1536	2815	494	1507	2608
256	1536	2815	674	1514	2609
512	1536	2815	851	1521	2611
768	1536	2815	1025	1529	2614
1024	1536	2815	1213	1538	2617
1280	1536	2815	1388	1543	2616
1536	1536	2815	1560	1548	2621
1792	1536	2815	1736	1557	2623
2048	1536	2815	1914	1565	2626
2303	1536	2815	2100	1574	2633
2559	1536	2815	2296	1586	2638
2815	1536	2815	2466	1594	2644
3071	1536	2815	2644	1600	2644
3327	1536	2815	2822	1606	2645
3583	1536	2815	3000	1615	2649
3839	1536	2815	3176	1619	2647
4095	1536	2815	3354	1626	2648
0	1792	2815	558	1744	2628
256	1792	2815	736	1751	2630
512	1792	2815	913	1761	2634
768	1792	2815	1093	1770	2637
1024	1792	2815	1278	1774	2636
1280	1792	2815	1449	1780	2639
1536	1792	2815	1624	1787	2638
1792	1792	2815	1800	1794	2648
2048	1792	2815	1980	1804	2652
2303	1792	2815	2172	1813	2657
2559	1792	2815	2359	1824	2662
2815	1792	2815	2531	1834	2667
3071	1792	2815	2713	1839	2667
3327	1792	2815	2892	1847	2670
3583	1792	2815	3069	1853	2669
3839	1792	2815	3246	1858	2672
4095	1792	2815	3428	1866	2675
0	2048	2815	621	1981	2650
256	2048	2815	800	1988	2652
512	2048	2815	975	2000	2657
768	2048	2815	1160	2005	2660
1024	2048	2815	1341	2010	2658
1280	2048	2815	1512	2017	2661
1536	2048	2815	1691	2025	2663
1792	2048	2815	1870	2033	2665
2048	2048	2815	2053	2042	2669
2303	2048	2815	2245	2050	2680
2559	2048	2815	2422	2060	2684
2815	2048	2815	2599	2069	2687
3071	2048	2815	2782	2076	2692
3327	2048	2815	2957	2083	2692
3583	2048	2815	3135	2091	2692
3839	2048	2815	3315	2098	2696
4095	2048	2815	3498	2108	2698
0	2303	2815	685	2232	2674
256	2303	2815	862	2240	2676
512	2303	2815	1038	2247	2678
768	2303	2815	1226	2254	2681
1024	2303	2815	1403	2262	2681
1280	2303	2815	1577	2269	2683
1536	2303	2815	1752	2274	2685
1792	2303	2815	1933	2283	2689
2048	2303	2815	2121	2294	2694
2303	2303	2815	2314	2305	2698
2559	2303	2815	2485	2314	2702
2815	2303	2815	2668	2323	2711
3071	2303	2815	2849	2331	2710
3327	2303	2815	3021	2334	2712
3583	2303	2815	3202	2342	2714
3839	2303	2815	3383	2349	2714
4095	2303	2815	3561	2354	2717
0	2559	2815	751	2479	2696
256	2559	2815	926	2485	2698
512	2559	2815	1108	2492	2698
768	2559	2815	1295	2500	2700
1024	2559	2815	1469	2509	2704
1280	2559	2815	1646	2515	2706
1536	2559	2815	1823	2522	2706
1792	2559	2815	2004	2531	2709
2048	2559	2815	2197	2540	2715
2303	2559	2815	2379	2548	2721
2559	2559	2815	2551	2556	2724
2815	2559	2815	2739	2567	2729
3071	2559	2815	2915	2572	2728
3327	2559	2815	3090	2576	2731
3583	2559	2815	3272	2584	2733
3839	2559	2815	3452	2591	2735
4095	2559	2815	3631	2597	2736
0	2815	2815	816	2719	2715
256	2815	2815	991	2728	2719
512	2815	2815	1177	2734	2720
768	2815	2815	1358	2740	2721
1024	2815	2815	1530	2745	2723
1280	2815	2815	1710	2753	2728
1536	2815	2815	1889	2761	2729
1792	2815	2815	2072	2769	2733
2048	2815	2815	2269	2779	2737
2303	2815	2815	2444	2787	2741
2559	2815	2815	2619	2794	2744
2815	2815	2815	2802	2800	2748
3071	2815	2815	2980	2807	2752
3327	2815	2815	3157	2812	2749
3583	2815	2815	3336	2817	2754
3839	2815	2815	3518	2825	2755
4095	2815	2815	3695	2833	2759
0	3071	2815	878	2960	2737
256	3071	2815	1055	2968	2739
512	3071	2815	1245	2975	2743
768	3071	2815	1422	2981	2741
1024	3071	2815	1596	2986	2742
1280	3071	2815	1771	2989	2743
1536	3071	2815	1954	3001	2749
1792	3071	2815	2144	3011	2754
2048	3071	2815	2337	3022	2759
2303	3071	2815	2507	3030	2763
2559	3071	2815	2689	3038	2765
2815	3071	2815	2869	3043	2766
3071	3071	2815	3045	3047	2770
3327	3071	2815	3227	3055	2772
3583	3071	2815	3405	3061	2771
3839	3071	2815	3581	3064	2772
4095	3071	2815	3757	3070	2777
0	3327	2815	941	3204	2757
256	3327	2815	1125	3212	2760
512	3327	2815	1311	3217	2763
768	3327	2815	1484	3223	2765
1024	3327	2815	1661	3229	2765
1280	3327	2815	1840	3237	2764
1536	3327	2815	2022	3245	2768
1792	3327	2815	2218	3257	2776
2048	3327	2815	2402	3268	2783
2303	3327	2815	2576	3278	2786
2559	3327	2815	2757	3278	2789
2815	3327	2815	2934	3283	2790
3071	3327	2815	3112	3290	2789
3327	3327	2815	3292	3295	2793
3583	3327	2815	3474	3301	2796
3839	3327	2815	3656	3311	2792
4095	3327	2815	3834	3321	2794
0	3583	2815	1006	3448	2782
256	3583	2815	1194	3454	2785
512	3583	2815	1375	3459	2783
768	3583	2815	1548	3463	2785
1024	3583	2815	1729	3473	2788
1280	3583	2815	1911	3481	2793
1536	3583	2815	2094	3488	2798
1792	3583	2815	2289	3496	2802
2048	3583	2815	2463	3504	2809
2303	3583	2815	2641	3510	2811
2559	3583	2815	2825	3516	2807
2815	3583	2815	3000	3519	2811
3071	3583	2815	3179	3525	2813
3327	3583	2815	3361	3530	2819
3583	3583	2815	3540	3534	2818
3839	3583	2815	3717	3541	2821
4095	3583	2815	3891	3549	2824
0	3839	2815	1071	3683	2804
256	3839	2815	1263	3695	2808
512	3839	2815	1440	3700	2811
768	3839	2815	1615	3705	2814
1024	3839	2815	1795	3712	2815
1280	3839	2815	1978	3721	2820
1536	3839	2815	2167	3729	2821
1792	3839	2815	2357	3735	2822
2048	3839	2815	2528	3743	2836
2303	3839	2815	2710	3748	2835
2559	3839	2815	2890	3753	2835
2815	3839	2815	3066	3757	2838
3071	3839	2815	3250	3765	2841
3327	3839	2815	3430	3770	2842
3583	3839	2815	3608	3773	2841
3839	3839	2815	3786	3783	2845
4095	3839	2815	3958	3790	2848
0	4095	2815	1141	3922	2828
256	4095	2815	1328	3928	2828
512	4095	2815	1502	3935	2832
768	4095	2815	1681	3941	2832
1024	4095	2815	1861	3948	2845
1280	4095	2815	2045	3957	2846
1536	4095	2815	2239	3963	2848
1792	4095	2815	2422	3972	2854
2048	4095	2815	2598	3982	2861
2303	4095	2815	2780	3983	2860
2559	4095	2815	2959	3987	2861
2815	4095	2815	3138	3993	2862
3071	4095	2815	3319	3998	2863
3327	4095	2815	3501	4004	2866
3583	4095	2815	3680	4009	2867
3839	4095	2815	3856	4016	2869
4095	4095	2815	4029	4026	2875
0	0	3071	111	45	2704
256	0	3071	298	55	2707
512	0	3071	483	65	2711
768	0	3071	662	74	2713
1024	0	3071	838	83	2715
1280	0	3071	1009	92	2718
1536	0	3071	1195	102	2720
1792	0	3071	1372	111	2720
2048	0	3071	1542	120	2719
2303	0	3071	1713	128	2722
2559	0	3071	1892	137	2725
2815	0	3071	2077	147	2732
3071	0	3071	2267	156	2735
3327	0	3071	2436	164	2738
3583	0	3071	2612	174	2738
3839	0	3071	2791	183	2735
4095	0	3071	2964	191	2739
0	256	3071	176	292	2723
256	256	3071	361	302	2727
512	256	3071	547	312	2729
768	256	3071	724	320	2733
1024	256	3071	898	329	2736
1280	256	3071	1076	339	2738
1536	256	3071	1261	347	2741
1792	256	3071	1431	355	2742
2048	256	3071	1604	363	2740
2303	256	3071	1778	371	2744
2559	256	3071	1956	381	2748
2815	256	3071	2144	389	2753
3071	256	3071	2328	397	2755
3327	256	3071	2498	407	2759
3583	256	3071	2678	415	2763
3839	256	3071	2855	423	2764
4095	256	3071	3030	431	2767
0	512	3071	241	536	2744
256	512	3071	425	544	2746
512	512	3071	608	554	2749
768	512	3071	786	563	2756
1024	512	3071	959	572	2760
1280	512	3071	1141	581	2757
1536	512	3071	1321	587	2756
1792	512	3071	1490	596	2760
2048	512	3071	1666	604	2762
2303	512	3071	1842	613	2764
2559	512	3071	2022	621	2775
2815	512	3071	2211	630	2775
3071	512	3071	2389	639	2778
3327	512	3071	2565	648	2783
3583	512	3071	2746	657	2789
3839	512	3071	2922	664	2789
4095	512	3071	3098	673	2790
0	768	3071	305	780	2765
256	768	3071	491	789	2769
512	768	3071	671	798	2773
768	768	3071	848	807	2778
1024	768	3071	1022	816	2774
1280	768	3071	1207	823	2787
1536	768	3071	1382	830	2786
1792	768	3071	1555	838	2784
2048	768	3071	1730	847	2787
2303	768	3071	1908	855	2790
2559	768	3071	2092	863	2795
2815	768	3071	2283	872	2801
3071	768	3071	2453	881	2805
3327	768	3071	2633	889	2806
3583	768	3071	2812	897	2805
3839	768	3071	2987	905	2809
4095	768	3071	3166	913	2811
0	1024	3071	371	1023	2784
256	1024	3071	557	1032	2796
512	1024	3071	736	1041	2798
768	1024	3071	909	1048	2800
1024	1024	3071	1088	1056	2802
1280	1024	3071	1275	1065	2804
1536	1024	3071	1443	1071	2806
1792	1024	3071	1617	1078	2808
2048	1024	3071	1793	1086	2810
2303	1024	3071	1971	1095	2813
2559	1024	3071	2162	1105	2816
2815	1024	3071	2348	1115	2819
3071	1024	3071	2517	1123	2824
3327	1024	3071	2699	1131	2828
3583	1024	3071	2877	1139	2829
3839	1024	3071	3052	1146	2830
4095	1024	3071	3233	1154	2832
0	1280	3071	435	1269	2811
256	1280	3071	618	1277	2813
512	1280	3071	795	1284	2814
768	1280	3071	968	1293	2817
1024	1280	3071	1153	1301	2825
1280	1280	3071	1334	1308	2825
1536	1280	3071	1504	1315	2824
1792	1280	3071	1681	1323	2827
2048	1280	3071	1859	1331	2830
2303	1280	3071	2039	1340	2832
2559	1280	3071	2232	1348	2841
2815	1280	3071	2409	1357	2846
3071	1280	3071	2585	1365	2848
3327	1280	3071	2768	1374	2849
3583	1280	3071	2943	1380	2850
3839	1280	3071	3120	1386	2850
4095	1280	3071	3298	1393	2851
0	1536	3071	503	1510	2835
256	1536	3071	682	1517	2837
512	1536	3071	859	1524	2838
768	1536	3071	1034	1532	2840
1024	1536	3071	1221	1540	2841
1280	1536	3071	1395	1545	2846
1536	1536	3071	1568	1552	2848
1792	1536	3071	1745	1561	2849
2048	1536	3071	1924	1569	2852
2303	1536	3071	2111	1578	2860
2559	1536	3071	2307	1591	2868
2815	1536	3071	2476	1599	2871
3071	1536	3071	2655	1605	2871
3327	1536	3071	2833	1611	2870
3583	1536	3071	3009	1618	2874
3839	1536	3071	3187	1624	2873
4095	1536	3071	3365	1632	2873
0	1792	3071	567	1749	2855
256	1792	3071	746	1756	2857
512	1792	3071	921	1765	2861
768	1792	3071	1101	1772	2863
1024	1792	3071	1287	1778	2862
1280	1792	3071	1458	1786	2865
1536	1792	3071	1634	1792	2864
1792	1792	3071	1810	1799	2875
2048	1792	3071	1990	1808	2879
2303	1792	3071	2186	1820	2885
2559	1792	3071	2371	1831	2888
2815	1792	3071	2541	1839	2889
3071	1792	3071	2723	1843	2892
3327	1792	3071	2902	1850	2894
3583	1792	3071	3078	1857	2895
3839	1792	3071	3255	1862	2896
4095	1792	3071	3436	1868	2897
0	2048	3071	630	1985	2875
256	2048	3071	809	1993	2878
512	2048	3071	984	2002	2883
768	2048	3071	1169	2009	2886
1024	2048	3071	1351	2016	2885
1280	2048	3071	1521	2021	2886
1536	2048	3071	1700	2029	2890
1792	2048	3071	1881	2038	2891
2048	2048	3071	2064	2047	2896
2303	2048	3071	2257	2057	2907
2559	2048	3071	2432	2065	2911
2815	2048	3071	2608	2073	2914
3071	2048	3071	2791	2081	2916
3327	2048	3071	2968	2089	2915
3583	2048	3071	3145	2095	2914
3839	2048	3071	3323	2101	2917
4095	2048	3071	3506	2110	2920
0	2303	3071	694	2236	2899
256	2303	3071	871	2243	2901
512	2303	3071	1047	2252	2904
768	2303	3071	1235	2259	2906
1024	2303	3071	1412	2267	2908
1280	2303	3071	1586	2273	2908
1536	2303	3071	1762	2279	2909
1792	2303	3071	1944	2290	2915
2048	2303	3071	2133	2301	2920
2303	2303	3071	2325	2311	2924
2559	2303	3071	2498	2322	2934
2815	2303	3071	2679	2329	2934
3071	2303	3071	2857	2334	2931
3327	2303	3071	3029	2337	2934
3583	2303	3071	3211	2344	2936
3839	2303	3071	3391	2352	2937
4095	2303	3071	3571	2358	2940
0	2559	3071	759	2481	2918
256	2559	3071	935	2490	2922
512	2559	3071	1117	2497	2923
768	2559	3071	1302	2503	2923
1024	2559	3071	1478	2513	2928
1280	2559	3071	1655	2520	2931
1536	2559	3071	1832	2527	2931
1792	2559	3071	2014	2535	2934
2048	2559	3071	2210	2546	2942
2303	2559	3071	2393	2557	2947
2559	2559	3071	2565	2565	2951
2815	2559	3071	2746	2570	2953
3071	2559	3071	2925	2575	2953
3327	2559	3071	3101	2581	2952
3583	2559	3071	3280	2587	2956
3839	2559	3071	3461	2594	2958
4095	2559	3071	3640	2601	2960
0	2815	3071	825	2724	2939
256	2815	3071	1000	2734	2943
512	2815	3071	1187	2739	2945
768	2815	3071	1368	2745	2945
1024	2815	3071	1541	2751	2948
1280	2815	3071	1719	2758	2951
1536	2815	3071	1900	2767	2954
1792	2815	3071	2085	2776	2958
2048	2815	3071	2280	2785	2962
2303	2815	3071	2454	2793	2968
2559	2815	3071	2631	2801	2970
2815	2815	3071	2815	2807	2969
3071	2815	3071	2989	2811	2971
3327	2815	3071	3168	2817	2975
3583	2815	3071	3350	2825	2974
3839	2815	3071	3527	2828	2977
4095	2815	3071	3704	2835	2981
0	3071	3071	887	2966	2961
256	3071	3071	1066	2973	2964
512	3071	3071	1254	2978	2966
768	3071	3071	1431	2986	2968
1024	3071	3071	1606	2994	2968
1280	3071	3071	1784	2998	2970
1536	3071	3071	1965	3007	2974
1792	3071	3071	2154	3016	2979
2048	3071	3071	2344	3026	2983
2303	3071	3071	2514	3033	2987
2559	3071	3071	2699	3041	2990
2815	3071	3071	2879	3048	2992
3071	3071	3071	3052	3050	2989
3327	3071	3071	3236	3059	2993
3583	3071	3071	3415	3065	2996
3839	3071	3071	3595	3070	2998
4095	3071	3071	3770	3077	3001
0	3327	3071	950	3209	2982
256	3327	3071	1134	3216	2983
512	3327	3071	1319	3222	2985
768	3327	3071	1493	3229	2987
1024	3327	3071	1671	3234	2990
1280	3327	3071	1850	3242	2991
1536	3327	3071	2033	3253	2996
1792	3327	3071	2228	3263	3000
2048	3327	3071	2409	3271	3004
2303	3327	3071	2582	3277	3007
2559	3327	3071	2763	3280	3009
2815	3327	3071	2941	3285	3011
3071	3327	3071	3120	3293	3009
3327	3327	3071	3304	3300	3013
3583	3327	3071	3484	3305	3016
3839	3327	3071	3661	3311	3016
4095	3327	3071	3834	3317	3018
0	3583	3071	1014	3453	3006
256	3583	3071	1203	3458	3008
512	3583	3071	1384	3462	3007
768	3583	3071	1557	3466	3007
1024	3583	3071	1736	3473	3011
1280	3583	3071	1917	3482	3015
1536	3583	3071	2103	3491	3022
1792	3583	3071	2298	3499	3026
2048	3583	3071	2473	3508	3030
2303	3583	3071	2651	3514	3030
2559	3583	3071	2831	3517	3027
2815	3583	3071	3009	3523	3030
3071	3583	3071	3189	3529	3032
3327	3583	3071	3370	3534	3034
3583	3583	3071	3551	3540	3038
3839	3583	3071	3729	3549	3038
4095	3583	3071	3903	3556	3039
0	3839	3071	1083	3693	3027
256	3839	3071	1271	3695	3030
512	3839	3071	1446	3700	3029
768	3839	3071	1624	3707	3032
1024	3839	3071	1803	3715	3034
1280	3839	3071	1984	3721	3038
1536	3839	3071	2174	3729	3040
1792	3839	3071	2363	3737	3046
2048	3839	3071	2537	3747	3049
2303	3839	3071	2719	3753	3053
2559	3839	3071	2899	3757	3052
2815	3839	3071	3075	3760	3053
3071	3839	3071	3258	3767	3056
3327	3839	3071	3439	3775	3055
3583	3839	3071	3621	3781	3058
3839	3839	3071	3794	3785	3065
4095	3839	3071	3967	3794	3069
0	4095	3071	1152	3932	3052
256	4095	3071	1337	3935	3050
512	4095	3071	1509	3938	3053
768	4095	3071	1690	3945	3056
1024	4095	3071	1871	3952	3060
1280	4095	3071	2054	3962	3062
1536	4095	3071	2249	3968	3066
1792	4095	3071	2430	3976	3069
2048	4095	3071	2606	3982	3072
2303	4095	3071	2788	3985	3076
2559	4095	3071	2966	3989	3076
2815	4095	3071	3145	3995	3084
3071	4095	3071	3330	4004	3088
3327	4095	3071	3510	4007	3086
3583	4095	3071	3688	4012	3087
3839	4095	3071	3863	4019	3090
4095	4095	3071	4037	4029	3095
0	0	3327	121	49	2925
256	0	3327	307	59	2927
512	0	3327	492	68	2931
768	0	3327	670	77	2931
1024	0	3327	846	87	2935
1280	0	3327	1020	96	2936
1536	0	3327	1204	106	2939
1792	0	3327	1379	114	2939
2048	0	3327	1551	123	2940
2303	0	3327	1725	132	2944
2559	0	3327	1902	142	2946
2815	0	3327	2086	150	2949
3071	0	3327	2276	160	2952
3327	0	3327	2444	169	2955
3583	0	3327	2623	178	2959
3839	0	3327	2803	187	2962
4095	0	3327	2974	195	2965
0	256	3327	186	296	2945
256	256	3327	370	306	2948
512	256	3327	555	315	2949
768	256	3327	733	324	2952
1024	256	3327	906	334	2957
1280	256	3327	1085	343	2956
1536	256	3327	1270	350	2960
1792	256	3327	1438	358	2959
2048	256	3327	1612	367	2959
2303	256	3327	1787	375	2962
2559	256	3327	1964	383	2966
2815	256	3327	2154	393	2970
3071	256	3327	2338	402	2972
3327	256	3327	2505	410	2976
3583	256	3327	2689	418	2978
3839	256	3327	2868	427	2978
4095	256	3327	3042	435	2976
0	512	3327	250	540	2968
256	512	3327	435	549	2970
512	512	3327	617	558	2973
768	512	3327	795	567	2974
1024	512	3327	966	575	2977
1280	512	3327	1149	583	2977
1536	512	3327	1330	592	2975
1792	512	3327	1498	600	2978
2048	512	3327	1674	608	2979
2303	512	3327	1850	616	2980
2559	512	3327	2030	625	2986
2815	512	3327	2225	635	2990
3071	512	3327	2402	644	2995
3327	512	3327	2576	652	2998
3583	512	3327	2759	661	3001
3839	512	3327	2936	670	3004
4095	512	3327	3111	678	3003
0	768	3327	314	784	2985
256	768	3327	500	793	2989
512	768	3327	680	803	2995
768	768	3327	857	811	2998
1024	768	3327	1031	820	2992
1280	768	3327	1215	826	2996
1536	768	3327	1390	834	2997
1792	768	3327	1564	842	2999
2048	768	3327	1740	851	3003
2303	768	3327	1916	859	3004
2559	768	3327	2103	868	3011
2815	768	3327	2297	878	3016
3071	768	3327	2466	886	3027
3327	768	3327	2646	895	3031
3583	768	3327	2827	903	3032
3839	768	3327	3000	910	3030
4095	768	3327	3177	917	3030
0	1024	3327	380	1027	3004
256	1024	3327	565	1035	3005
512	1024	3327	743	1043	3013
768	1024	3327	916	1051	3015
1024	1024	3327	1096	1060	3016
1280	1024	3327	1283	1068	3017
1536	1024	3327	1453	1075	3021
1792	1024	3327	1629	1084	3023
2048	1024	3327	1806	1093	3033
2303	1024	3327	1982	1101	3034
2559	1024	3327	2174	1110	3037
2815	1024	3327	2358	1119	3041
3071	1024	3327	2528	1128	3045
3327	1024	3327	2713	1137	3048
3583	1024	3327	2890	1143	3050
3839	1024	3327	3064	1151	3051
4095	1024	3327	3242	1158	3051
0	1280	3327	444	1270	3028
256	1280	3327	625	1278	3030
512	1280	3327	803	1286	3030
768	1280	3327	979	1298	3039
1024	1280	3327	1161	1303	3041
1280	1280	3327	1340	1309	3043
1536	1280	3327	1511	1318	3045
1792	1280	3327	1692	1328	3048
2048	1280	3327	1871	1337	3053
2303	1280	3327	2051	1344	3058
2559	1280	3327	2243	1353	3061
2815	1280	3327	2419	1362	3065
3071	1280	3327	2595	1370	3068
3327	1280	3327	2777	1377	3070
3583	1280	3327	2953	1384	3069
3839	1280	3327	3129	1391	3070
4095	1280	3327	3307	1398	3072
0	1536	3327	511	1513	3054
256	1536	3327	690	1520	3054
512	1536	3327	866	1527	3055
768	1536	3327	1042	1533	3056
1024	1536	3327	1230	1543	3060
1280	1536	3327	1405	1551	3069
1536	1536	3327	1580	1558	3071
1792	1536	3327	1756	1565	3068
2048	1536	3327	1937	1575	3075
2303	1536	3327	2123	1584	3081
2559	1536	3327	2313	1593	3085
2815	1536	3327	2483	1602	3090
3071	1536	3327	2663	1608	3091
3327	1536	3327	2843	1615	3090
3583	1536	3327	3016	1621	3093
3839	1536	3327	3196	1629	3094
4095	1536	3327	3377	1636	3096
0	1792	3327	576	1754	3076
256	1792	3327	754	1759	3076
512	1792	3327	929	1767	3080
768	1792	3327	1110	1776	3082
1024	1792	3327	1296	1783	3084
1280	1792	3327	1469	1792	3088
1536	1792	3327	1643	1797	3086
1792	1792	3327	1821	1803	3099
2048	1792	3327	2002	1814	3101
2303	1792	3327	2194	1823	3104
2559	1792	3327	2377	1832	3108
2815	1792	3327	2550	1840	3110
3071	1792	3327	2731	1846	3114
3327	1792	3327	2909	1853	3115
3583	1792	3327	3085	1860	3115
3839	1792	3327	3265	1866	3117
4095	1792	3327	3445	1873	3119
0	2048	3327	639	1990	3100
256	2048	3327	818	1998	3102
512	2048	3327	993	2006	3104
768	2048	3327	1180	2015	3109
1024	2048	3327	1361	2021	3110
1280	2048	3327	1532	2026	3110
1536	2048	3327	1711	2035	3114
1792	2048	3327	1891	2043	3114
2048	2048	3327	2074	2051	3125
2303	2048	3327	2266	2060	3129
2559	2048	3327	2440	2069	3134
2815	2048	3327	2618	2078	3137
3071	2048	3327	2801	2086	3135
3327	2048	3327	2975	2091	3136
3583	2048	3327	3153	2098	3136
3839	2048	3327	3332	2105	3138
4095	2048	3327	3514	2114	3142
0	2303	3327	702	2239	3121
256	2303	3327	880	2249	3125
512	2303	3327	1059	2259	3130
768	2303	3327	1246	2264	3130
1024	2303	3327	1421	2271	3131
1280	2303	3327	1596	2278	3132
1536	2303	3327	1772	2285	3133
1792	2303	3327	1955	2296	3139
2048	2303	3327	2144	2305	3142
2303	2303	3327	2333	2316	3147
2559	2303	3327	2507	2327	3158
2815	2303	3327	2687	2332	3156
3071	2303	3327	2864	2336	3155
3327	2303	3327	3039	2341	3158
3583	2303	3327	3218	2347	3158
3839	2303	3327	3398	2354	3159
4095	2303	3327	3579	2362	3162
0	2559	3327	768	2484	3139
256	2559	3327	945	2496	3145
512	2559	3327	1128	2502	3149
768	2559	3327	1312	2508	3148
1024	2559	3327	1485	2516	3152
1280	2559	3327	1664	2525	3154
1536	2559	3327	1844	2533	3157
1792	2559	3327	2025	2542	3160
2048	2559	3327	2221	2553	3166
2303	2559	3327	2402	2562	3171
2559	2559	3327	2574	2569	3175
2815	2559	3327	2756	2573	3174
3071	2559	3327	2934	2580	3178
3327	2559	3327	3111	2586	3177
3583	2559	3327	3290	2592	3181
3839	2559	3327	3470	2596	3181
4095	2559	3327	3648	2603	3185
0	2815	3327	833	2728	3164
256	2815	3327	1009	2738	3168
512	2815	3327	1196	2744	3170
768	2815	3327	1377	2750	3170
1024	2815	3327	1551	2757	3173
1280	2815	3327	1730	2764	3176
1536	2815	3327	1911	2773	3181
1792	2815	3327	2096	2782	3184
2048	2815	3327	2290	2791	3188
2303	2815	3327	2464	2798	3193
2559	2815	3327	2643	2806	3195
2815	2815	3327	2824	2811	3195
3071	2815	3327	2998	2814	3196
3327	2815	3327	3178	2821	3199
3583	2815	3327	3358	2827	3199
3839	2815	3327	3537	2833	3203
4095	2815	3327	3714	2841	3207
0	3071	3327	896	2971	3187
256	3071	3327	1076	2979	3190
512	3071	3327	1264	2984	3191
768	3071	3327	1440	2992	3193
1024	3071	3327	1617	2999	3195
1280	3071	3327	1795	3006	3198
1536	3071	3327	1975	3014	3201
1792	3071	3327	2166	3023	3205
2048	3071	3327	2355	3032	3209
2303	3071	3327	2525	3040	3213
2559	3071	3327	2707	3045	3216
2815	3071	3327	2886	3050	3215
3071	3071	3327	3062	3054	3214
3327	3071	3327	3242	3060	3217
3583	3071	3327	3423	3067	3219
3839	3071	3327	3604	3075	3226
4095	3071	3327	3781	3083	3229
0	3327	3327	959	3215	3209
256	3327	3327	1144	3222	3211
512	3327	3327	1330	3227	3212
768	3327	3327	1503	3235	3215
1024	3327	3327	1681	3241	3217
1280	3327	3327	1860	3248	3219
1536	3327	3327	2041	3257	3223
1792	3327	3327	2238	3266	3226
2048	3327	3327	2419	3276	3232
2303	3327	3327	2594	3285	3235
2559	3327	3327	2776	3288	3237
2815	3327	3327	2952	3290	3235
3071	3327	3327	3130	3296	3236
3327	3327	3327	3315	3306	3237
3583	3327	3327	3496	3312	3240
3839	3327	3327	3674	3318	3243
4095	3327	3327	3848	3325	3250
0	3583	3327	1023	3458	3234
256	3583	3327	1213	3462	3235
512	3583	3327	1393	3468	3236
768	3583	3327	1568	3475	3238
1024	3583	3327	1746	3479	3240
1280	3583	3327	1927	3486	3243
1536	3583	3327	2113	3496	3247
1792	3583	3327	2308	3504	3251
2048	3583	3327	2482	3514	3255
2303	3583	3327	2660	3517	3259
2559	3583	3327	2839	3519	3256
2815	3583	3327	3018	3527	3260
3071	3583	3327	3201	3535	3259
3327	3583	3327	3382	3541	3264
3583	3583	3327	3560	3542	3267
3839	3583	3327	3739	3552	3269
4095	3583	3327	3912	3559	3271
0	3839	3327	1093	3698	3257
256	3839	3327	1282	3703	3260
512	3839	3327	1457	3709	3261
768	3839	3327	1634	3714	3261
1024	3839	3327	1812	3718	3263
1280	3839	3327	1994	3727	3267
1536	3839	3327	2187	3737	3272
1792	3839	3327	2375	3747	3275
2048	3839	3327	2547	3753	3278
2303	3839	3327	2728	3756	3278
2559	3839	3327	2909	3762	3277
2815	3839	3327	3088	3769	3281
3071	3839	3327	3269	3773	3284
3327	3839	3327	3450	3779	3286
3583	3839	3327	3631	3786	3284
3839	3839	3327	3809	3795	3288
4095	3839	3327	3980	3803	3293
0	4095	3327	1163	3939	3284
256	4095	3327	1348	3943	3282
512	4095	3327	1521	3946	3286
768	4095	3327	1700	3951	3286
1024	4095	3327	1881	3958	3288
1280	4095	3327	2063	3966	3294
1536	4095	3327	2261	3976	3297
1792	4095	3327	2441	3982	3303
2048	4095	3327	2616	3988	3303
2303	4095	3327	2800	3993	3306
2559	4095	3327	2978	3997	3305
2815	4095	3327	3156	4000	3306
3071	4095	3327	3340	4007	3305
3327	4095	3327	3523	4015	3309
3583	4095	3327	3702	4023	3312
3839	4095	3327	3878	4029	3316
4095	4095	3327	4045	4032	3320
0	0	3583	130	54	3149
256	0	3583	316	63	3152
512	0	3583	501	72	3154
768	0	3583	680	82	3156
1024	0	3583	855	91	3160
1280	0	3583	1030	100	3162
1536	0	3583	1214	109	3164
1792	0	3583	1388	118	3162
2048	0	3583	1559	127	3162
2303	0	3583	1734	137	3166
2559	0	3583	1910	145	3168
2815	0	3583	2097	154	3172
3071	0	3583	2291	164	3179
3327	0	3583	2458	173	3183
3583	0	3583	2636	181	3184
3839	0	3583	2815	190	3184
4095	0	3583	2989	200	3187
0	256	3583	195	300	3171
256	256	3583	380	310	3173
512	256	3583	564	320	3174
768	256	3583	742	329	3177
1024	256	3583	916	337	3181
1280	256	3583	1095	346	3182
1536	256	3583	1279	354	3180
1792	256	3583	1447	363	3183
2048	256	3583	1622	370	3184
2303	256	3583	1799	380	3188
2559	256	3583	1977	389	3192
2815	256	3583	2167	398	3197
3071	256	3583	2350	406	3203
3327	256	3583	2518	414	3204
3583	256	3583	2700	422	3208
3839	256	3583	2877	431	3207
4095	256	3583	3053	440	3208
0	512	3583	259	544	3191
256	512	3583	444	553	3193
512	512	3583	626	561	3194
768	512	3583	803	570	3199
1024	512	3583	977	579	3202
1280	512	3583	1159	588	3201
1536	512	3583	1338	596	3201
1792	512	3583	1508	603	3205
2048	512	3583	1687	613	3210
2303	512	3583	1864	622	3214
2559	512	3583	2045	631	3214
2815	512	3583	2235	638	3218
3071	512	3583	2409	647	3218
3327	512	3583	2584	656	3220
3583	512	3583	2765	664	3224
3839	512	3583	2939	672	3225
4095	512	3583	3119	680	3228
0	768	3583	324	790	3211
256	768	3583	509	797	3214
512	768	3583	689	806	3218
768	768	3583	864	814	3220
1024	768	3583	1039	823	3220
1280	768	3583	1225	830	3222
1536	768	3583	1400	838	3224
1792	768	3583	1574	846	3227
2048	768	3583	1749	855	3231
2303	768	3583	1927	864	3233
2559	768	3583	2114	872	3236
2815	768	3583	2305	881	3240
3071	768	3583	2474	890	3242
3327	768	3583	2654	898	3244
3583	768	3583	2832	905	3243
3839	768	3583	3006	912	3247
4095	768	3583	3187	921	3249
0	1024	3583	388	1029	3231
256	1024	3583	573	1038	3238
512	1024	3583	753	1048	3242
768	1024	3583	926	1057	3243
1024	1024	3583	1105	1063	3239
1280	1024	3583	1290	1070	3241
1536	1024	3583	1460	1079	3244
1792	1024	3583	1636	1087	3246
2048	1024	3583	1814	1095	3253
2303	1024	3583	1994	1105	3256
2559	1024	3583	2187	1116	3265
2815	1024	3583	2370	1125	3270
3071	1024	3583	2542	1134	3268
3327	1024	3583	2722	1140	3272
3583	1024	3583	2899	1148	3271
3839	1024	3583	3075	1155	3278
4095	1024	3583	3254	1163	3279
0	1280	3583	454	1276	3251
256	1280	3583	635	1285	3252
512	1280	3583	813	1293	3260
768	1280	3583	987	1301	3264
1024	1280	3583	1172	1309	3264
1280	1280	3583	1352	1317	3265
1536	1280	3583	1523	1324	3267
1792	1280	3583	1700	1332	3271
2048	1280	3583	1879	1340	3274
2303	1280	3583	2061	1349	3282
2559	1280	3583	2256	1359	3285
2815	1280	3583	2431	1367	3293
3071	1280	3583	2608	1375	3297
3327	1280	3583	2789	1382	3293
3583	1280	3583	2963	1389	3295
3839	1280	3583	3140	1396	3294
4095	1280	3583	3318	1402	3294
0	1536	3583	520	1514	3274
256	1536	3583	700	1523	3277
512	1536	3583	876	1532	3278
768	1536	3583	1054	1542	3281
1024	1536	3583	1243	1551	3294
1280	1536	3583	1414	1555	3296
1536	1536	3583	1587	1561	3298
1792	1536	3583	1767	1572	3306
2048	1536	3583	1947	1581	3310
2303	1536	3583	2133	1589	3309
2559	1536	3583	2321	1596	3309
2815	1536	3583	2495	1608	3321
3071	1536	3583	2674	1614	3321
3327	1536	3583	2852	1619	3317
3583	1536	3583	3026	1625	3315
3839	1536	3583	3205	1632	3317
4095	1536	3583	3386	1640	3320
0	1792	3583	583	1754	3293
256	1792	3583	763	1762	3301
512	1792	3583	937	1772	3306
768	1792	3583	1120	1781	3310
1024	1792	3583	1306	1788	3312
1280	1792	3583	1476	1794	3312
1536	1792	3583	1655	1804	3328
1792	1792	3583	1837	1814	3330
2048	1792	3583	2016	1823	3332
2303	1792	3583	2204	1827	3334
2559	1792	3583	2387	1837	3338
2815	1792	3583	2564	1848	3341
3071	1792	3583	2744	1853	3344
3327	1792	3583	2919	1857	3341
3583	1792	3583	3094	1862	3340
3839	1792	3583	3276	1871	3344
4095	1792	3583	3457	1879	3346
0	2048	3583	647	1993	3325
256	2048	3583	826	2002	3329
512	2048	3583	1000	2014	3335
768	2048	3583	1185	2019	3334
1024	2048	3583	1367	2027	3336
1280	2048	3583	1546	2036	3342
1536	2048	3583	1723	2043	3343
1792	2048	3583	1903	2049	3346
2048	2048	3583	2087	2058	3352
2303	2048	3583	2280	2067	3358
2559	2048	3583	2452	2076	3362
2815	2048	3583	2630	2085	3363
3071	2048	3583	2814	2092	3360
3327	2048	3583	2985	2097	3363
3583	2048	3583	3164	2104	3362
3839	2048	3583	3345	2112	3362
4095	2048	3583	3525	2118	3365
0	2303	3583	711	2245	3350
256	2303	3583	889	2256	3355
512	2303	3583	1068	2266	3359
768	2303	3583	1256	2274	3362
1024	2303	3583	1429	2277	3357
1280	2303	3583	1605	2283	3358
1536	2303	3583	1785	2293	3363
1792	2303	3583	1965	2301	3366
2048	2303	3583	2156	2312	3371
2303	2303	3583	2345	2323	3378
2559	2303	3583	2516	2330	3381
2815	2303	3583	2696	2335	3381
3071	2303	3583	2874	2341	3382
3327	2303	3583	3052	2348	3380
3583	2303	3583	3229	2352	3381
3839	2303	3583	3408	2358	3382
4095	2303	3583	3589	2366	3384
0	2559	3583	778	2491	3368
256	2559	3583	954	2502	3375
512	2559	3583	1139	2511	3378
768	2559	3583	1325	2518	3378
1024	2559	3583	1494	2521	3377
1280	2559	3583	1674	2529	3379
1536	2559	3583	1855	2539	3385
1792	2559	3583	2036	2548	3388
2048	2559	3583	2230	2556	3391
2303	2559	3583	2410	2564	3396
2559	2559	3583	2583	2572	3398
2815	2559	3583	2767	2579	3403
3071	2559	3583	2943	2584	3401
3327	2559	3583	3120	2588	3402
3583	2559	3583	3301	2595	3404
3839	2559	3583	3480	2600	3405
4095	2559	3583	3658	2608	3408
0	2815	3583	843	2735	3393
256	2815	3583	1019	2744	3395
512	2815	3583	1206	2749	3395
768	2815	3583	1386	2755	3396
1024	2815	3583	1561	2763	3399
1280	2815	3583	1740	2771	3402
1536	2815	3583	1921	2779	3406
1792	2815	3583	2106	2788	3409
2048	2815	3583	2301	2794	3413
2303	2815	3583	2473	2803	3416
2559	2815	3583	2652	2810	3419
2815	2815	3583	2834	2815	3419
3071	2815	3583	3009	2818	3420
3327	2815	3583	3189	2825	3423
3583	2815	3583	3370	2833	3423
3839	2815	3583	3551	2841	3428
4095	2815	3583	3727	2846	3429
0	3071	3583	906	2977	3413
256	3071	3583	1087	2985	3416
512	3071	3583	1274	2990	3418
768	3071	3583	1449	2998	3417
1024	3071	3583	1627	3005	3420
1280	3071	3583	1805	3012	3423
1536	3071	3583	1986	3019	3425
1792	3071	3583	2178	3030	3431
2048	3071	3583	2367	3041	3436
2303	3071	3583	2537	3048	3439
2559	3071	3583	2719	3051	3440
2815	3071	3583	2899	3055	3439
3071	3071	3583	3075	3061	3439
3327	3071	3583	3254	3065	3440
3583	3071	3583	3436	3073	3447
3839	3071	3583	3616	3080	3448
4095	3071	3583	3792	3087	3452
0	3327	3583	969	3221	3436
256	3327	3583	1155	3228	3438
512	3327	3583	1340	3235	3439
768	3327	3583	1513	3242	3442
1024	3327	3583	1692	3249	3443
1280	3327	3583	1872	3255	3444
1536	3327	3583	2053	3263	3448
1792	3327	3583	2249	3273	3452
2048	3327	3583	2430	3283	3459
2303	3327	3583	2605	3291	3461
2559	3327	3583	2789	3295	3463
2815	3327	3583	2964	3297	3460
3071	3327	3583	3141	3302	3461
3327	3327	3583	3325	3310	3461
3583	3327	3583	3505	3315	3463
3839	3327	3583	3684	3323	3466
4095	3327	3583	3860	3331	3475
0	3583	3583	1034	3463	3459
256	3583	3583	1223	3470	3463
512	3583	3583	1403	3476	3464
768	3583	3583	1579	3481	3464
1024	3583	3583	1756	3486	3466
1280	3583	3583	1938	3494	3468
1536	3583	3583	2125	3503	3472
1792	3583	3583	2320	3511	3476
2048	3583	3583	2493	3519	3480
2303	3583	3583	2672	3525	3483
2559	3583	3583	2852	3528	3482
2815	3583	3583	3030	3534	3485
3071	3583	3583	3211	3539	3483
3327	3583	3583	3392	3544	3486
3583	3583	3583	3572	3550	3485
3839	3583	3583	3751	3558	3489
4095	3583	3583	3923	3566	3493
0	3839	3583	1103	3705	3486
256	3839	3583	1293	3711	3487
512	3839	3583	1467	3715	3487
768	3839	3583	1644	3720	3486
1024	3839	3583	1823	3726	3488
1280	3839	3583	2005	3735	3491
1536	3839	3583	2198	3743	3496
1792	3839	3583	2385	3752	3500
2048	3839	3583	2560	3763	3505
2303	3839	3583	2741	3765	3505
2559	3839	3583	2921	3769	3504
2815	3839	3583	3097	3772	3504
3071	3839	3583	3278	3777	3507
3327	3839	3583	3462	3785	3507
3583	3839	3583	3644	3794	3510
3839	3839	3583	3824	3803	3514
4095	3839	3583	3991	3806	3516
0	4095	3583	1172	3944	3508
256	4095	3583	1357	3947	3507
512	4095	3583	1530	3952	3511
768	4095	3583	1712	3959	3513
1024	4095	3583	1893	3967	3514
1280	4095	3583	2075	3972	3517
1536	4095	3583	2272	3981	3520
1792	4095	3583	2452	3990	3526
2048	4095	3583	2630	3998	3529
2303	4095	3583	2814	4002	3533
2559	4095	3583	2990	4004	3529
2815	4095	3583	3169	4008	3527
3071	4095	3583	3352	4015	3528
3327	4095	3583	3534	4020	3531
3583	4095	3583	3712	4026	3536
3839	4095	3583	3887	4033	3539
4095	4095	3583	4059	4040	3543
0	0	3839	140	57	3373
256	0	3839	325	67	3375
512	0	3839	510	77	3376
768	0	3839	690	85	3378
1024	0	3839	864	95	3382
1280	0	3839	1040	104	3385
1536	0	3839	1224	113	3386
1792	0	3839	1397	123	3383
2048	0	3839	1569	131	3383
2303	0	3839	1744	140	3387
2559	0	3839	1922	149	3390
2815	0	3839	2110	159	3397
3071	0	3839	2303	168	3404
3327	0	3839	2473	177	3409
3583	0	3839	2651	186	3409
3839	0	3839	2830	195	3409
4095	0	3839	3005	205	3412
0	256	3839	204	305	3393
256	256	3839	389	315	3394
512	256	3839	574	323	3395
768	256	3839	751	332	3398
1024	256	3839	925	341	3403
1280	256	3839	1104	350	3403
1536	256	3839	1288	359	3401
1792	256	3839	1457	366	3404
2048	256	3839	1633	375	3406
2303	256	3839	1809	384	3409
2559	256	3839	1990	394	3414
2815	256	3839	2181	402	3419
3071	256	3839	2364	411	3427
3327	256	3839	2535	420	3429
3583	256	3839	2715	428	3433
3839	256	3839	2892	435	3431
4095	256	3839	3069	444	3432
0	512	3839	267	549	3413
256	512	3839	454	557	3416
512	512	3839	635	566	3416
768	512	3839	812	575	3420
1024	512	3839	986	584	3423
1280	512	3839	1169	591	3422
1536	512	3839	1348	600	3423
1792	512	3839	1519	608	3426
2048	512	3839	1697	618	3430
2303	512	3839	1876	626	3436
2559	512	3839	2059	635	3439
2815	512	3839	2252	645	3443
3071	512	3839	2423	653	3444
3327	512	3839	2598	661	3446
3583	512	3839	2780	669	3447
3839	512	3839	2955	678	3450
4095	512	3839	3132	686	3450
0	768	3839	324	798	3434
256	768	3839	519	803	3437
512	768	3839	699	811	3439
768	768	3839	874	820	3442
1024	768	3839	1050	827	3443
1280	768	3839	1237	835	3445
1536	768	3839	1410	843	3445
1792	768	3839	1584	852	3450
2048	768	3839	1763	860	3451
2303	768	3839	1939	868	3454
2559	768	3839	2127	877	3459
2815	768	3839	2318	887	3462
3071	768	3839	2484	894	3465
3327	768	3839	2665	902	3466
3583	768	3839	2845	910	3467
3839	768	3839	3019	918	3471
4095	768	3839	3198	926	3470
0	1024	3839	383	1041	3453
256	1024	3839	569	1048	3457
512	1024	3839	760	1051	3459
768	1024	3839	936	1061	3466
1024	1024	3839	1117	1070	3463
1280	1024	3839	1301	1077	3467
1536	1024	3839	1472	1086	3469
1792	1024	3839	1648	1093	3469
2048	1024	3839	1825	1101	3470
2303	1024	3839	2003	1109	3474
2559	1024	3839	2197	1120	3480
2815	1024	3839	2379	1129	3484
3071	1024	3839	2551	1138	3487
3327	1024	3839	2733	1145	3490
3583	1024	3839	2910	1153	3489
3839	1024	3839	3086	1159	3488
4095	1024	3839	3263	1167	3491
0	1280	3839	445	1291	3473
256	1280	3839	635	1295	3474
512	1280	3839	823	1299	3485
768	1280	3839	999	1308	3490
1024	1280	3839	1185	1317	3491
1280	1280	3839	1364	1323	3484
1536	1280	3839	1532	1328	3487
1792	1280	3839	1711	1337	3491
2048	1280	3839	1890	1346	3494
2303	1280	3839	2074	1355	3498
2559	1280	3839	2268	1363	3501
2815	1280	3839	2442	1373	3509
3071	1280	3839	2619	1381	3510
3327	1280	3839	2799	1386	3509
3583	1280	3839	2972	1392	3513
3839	1280	3839	3149	1399	3510
4095	1280	3839	3330	1407	3510
0	1536	3839	527	1521	3496
256	1536	3839	709	1528	3499
512	1536	3839	885	1538	3500
768	1536	3839	1065	1548	3507
1024	1536	3839	1254	1555	3512
1280	1536	3839	1427	1563	3514
1536	1536	3839	1603	1571	3515
1792	1536	3839	1781	1579	3518
2048	1536	3839	1960	1587	3521
2303	1536	3839	2147	1595	3521
2559	1536	3839	2335	1603	3528
2815	1536	3839	2506	1613	3531
3071	1536	3839	2686	1619	3540
3327	1536	3839	2863	1624	3541
3583	1536	3839	3034	1629	3538
3839	1536	3839	3218	1638	3541
4095	1536	3839	3400	1647	3542
0	1792	3839	594	1763	3515
256	1792	3839	773	1770	3517
512	1792	3839	948	1776	3520
768	1792	3839	1131	1787	3527
1024	1792	3839	1319	1798	3528
1280	1792	3839	1491	1804	3532
1536	1792	3839	1669	1813	3543
1792	1792	3839	1850	1821	3545
2048	1792	3839	2030	1830	3555
2303	1792	3839	2220	1837	3557
2559	1792	3839	2399	1844	3559
2815	1792	3839	2574	1851	3562
3071	1792	3839	2757	1859	3564
3327	1792	3839	2933	1865	3563
3583	1792	3839	3110	1871	3564
3839	1792	3839	3291	1879	3566
4095	1792	3839	3469	1883	3565
0	2048	3839	658	2002	3541
256	2048	3839	830	2012	3540
512	2048	3839	985	2031	3543
768	2048	3839	1170	2041	3561
1024	2048	3839	1361	2043	3561
1280	2048	3839	1555	2040	3561
1536	2048	3839	1735	2050	3568
1792	2048	3839	1915	2058	3572
2048	2048	3839	2100	2066	3576
2303	2048	3839	2293	2075	3582
2559	2048	3839	2464	2082	3585
2815	2048	3839	2643	2091	3585
3071	2048	3839	2825	2098	3582
3327	2048	3839	2999	2104	3586
3583	2048	3839	3178	2111	3585
3839	2048	3839	3359	2118	3585
4095	2048	3839	3537	2125	3589
0	2303	3839	721	2251	3571
256	2303	3839	895	2263	3575
512	2303	3839	1072	2273	3577
768	2303	3839	1261	2281	3579
1024	2303	3839	1439	2285	3581
1280	2303	3839	1618	2292	3584
1536	2303	3839	1797	2301	3587
1792	2303	3839	1978	2310	3590
2048	2303	3839	2170	2320	3595
2303	2303	3839	2358	2329	3600
2559	2303	3839	2527	2337	3604
2815	2303	3839	2709	2342	3602
3071	2303	3839	2888	2348	3602
3327	2303	3839	3064	2354	3602
3583	2303	3839	3243	2359	3603
3839	2303	3839	3424	2366	3605
4095	2303	3839	3605	2374	3609
0	2559	3839	788	2500	3593
256	2559	3839	965	2511	3600
512	2559	3839	1151	2519	3602
768	2559	3839	1335	2524	3601
1024	2559	3839	1505	2528	3599
1280	2559	3839	1685	2536	3603
1536	2559	3839	1865	2545	3606
1792	2559	3839	2046	2552	3609
2048	2559	3839	2242	2563	3614
2303	2559	3839	2422	2572	3619
2559	2559	3839	2598	2580	3620
2815	2559	3839	2778	2583	3623
3071	2559	3839	2955	2589	3624
3327	2559	3839	3132	2595	3624
3583	2559	3839	3313	2601	3627
3839	2559	3839	3494	2608	3629
4095	2559	3839	3672	2615	3631
0	2815	3839	853	2743	3617
256	2815	3839	1031	2752	3620
512	2815	3839	1219	2759	3622
768	2815	3839	1398	2765	3623
1024	2815	3839	1574	2771	3624
1280	2815	3839	1751	2778	3625
1536	2815	3839	1933	2785	3629
1792	2815	3839	2120	2794	3632
2048	2815	3839	2313	2801	3636
2303	2815	3839	2483	2809	3638
2559	2815	3839	2663	2814	3640
2815	2815	3839	2845	2820	3639
3071	2815	3839	3021	2826	3644
3327	2815	3839	3203	2834	3645
3583	2815	3839	3383	2841	3646
3839	2815	3839	3564	2846	3650
4095	2815	3839	3739	2852	3651
0	3071	3839	916	2984	3637
256	3071	3839	1098	2992	3640
512	3071	3839	1287	2998	3640
768	3071	3839	1460	3005	3642
1024	3071	3839	1638	3013	3644
1280	3071	3839	1816	3019	3646
1536	3071	3839	1997	3027	3649
1792	3071	3839	2190	3037	3654
2048	3071	3839	2377	3046	3658
2303	3071	3839	2547	3052	3661
2559	3071	3839	2731	3057	3662
2815	3071	3839	2911	3062	3661
3071	3071	3839	3086	3067	3660
3327	3071	3839	3267	3072	3662
3583	3071	3839	3449	3079	3669
3839	3071	3839	3629	3087	3670
4095	3071	3839	3803	3093	3674
0	3327	3839	979	3230	3661
256	3327	3839	1165	3236	3662
512	3327	3839	1350	3242	3663
768	3327	3839	1523	3248	3665
1024	3327	3839	1703	3255	3667
1280	3327	3839	1883	3263	3669
1536	3327	3839	2065	3271	3673
1792	3327	3839	2262	3281	3677
2048	3327	3839	2441	3289	3682
2303	3327	3839	2617	3296	3684
2559	3327	3839	2800	3300	3685
2815	3327	3839	2977	3305	3684
3071	3327	3839	3156	3309	3683
3327	3327	3839	3336	3314	3683
3583	3327	3839	3517	3321	3685
3839	3327	3839	3698	3330	3693
4095	3327	3839	3872	3337	3699
0	3583	3839	1045	3471	3685
256	3583	3839	1234	3478	3687
512	3583	3839	1413	3482	3687
768	3583	3839	1589	3487	3687
1024	3583	3839	1767	3494	3689
1280	3583	3839	1949	3502	3693
1536	3583	3839	2138	3510	3697
1792	3583	3839	2331	3518	3701
2048	3583	3839	2505	3528	3706
2303	3583	3839	2685	3533	3708
2559	3583	3839	2865	3535	3706
2815	3583	3839	3042	3540	3708
3071	3583	3839	3223	3545	3707
3327	3583	3839	3405	3552	3707
3583	3583	3839	3589	3560	3710
3839	3583	3839	3766	3567	3713
4095	3583	3839	3936	3573	3717
0	3839	3839	1114	3711	3709
256	3839	3839	1304	3717	3708
512	3839	3839	1476	3721	3710
768	3839	3839	1655	3728	3711
1024	3839	3839	1836	3736	3714
1280	3839	3839	2017	3743	3717
1536	3839	3839	2210	3751	3720
1792	3839	3839	2396	3759	3725
2048	3839	3839	2570	3769	3728
2303	3839	3839	2755	3774	3732
2559	3839	3839	2933	3776	3729
2815	3839	3839	3108	3778	3727
3071	3839	3839	3292	3786	3729
3327	3839	3839	3477	3794	3732
3583	3839	3839	3658	3802	3735
3839	3839	3839	3833	3807	3737
4095	3839	3839	4003	3813	3740
0	4095	3839	1182	3949	3732
256	4095	3839	1367	3954	3732
512	4095	3839	1541	3959	3734
768	4095	3839	1722	3966	3737
1024	4095	3839	1904	3973	3739
1280	4095	3839	2087	3980	3742
1536	4095	3839	2285	3989	3747
1792	4095	3839	2463	3998	3750
2048	4095	3839	2641	4004	3753
2303	4095	3839	2825	4008	3755
2559	4095	3839	3001	4011	3755
2815	4095	3839	3180	4015	3751
3071	4095	3839	3362	4019	3753
3327	4095	3839	3547	4028	3757
3583	4095	3839	3726	4034	3760
3839	4095	3839	3901	4042	3760
4095	4095	3839	4078	4054	3765
0	0	4095	149	61	3593
256	0	4095	334	71	3593
512	0	4095	521	80	3595
768	0	4095	699	89	3596
1024	0	4095	874	99	3601
1280	0	4095	1051	109	3605
1536	0	4095	1236	117	3606
1792	0	4095	1409	126	3606
2048	0	4095	1583	135	3608
2303	0	4095	1758	145	3612
2559	0	4095	1937	154	3615
2815	0	4095	2124	163	3619
3071	0	4095	2313	172	3624
3327	0	4095	2484	182	3631
3583	0	4095	2664	191	3633
3839	0	4095	2843	199	3632
4095	0	4095	3017	208	3634
0	256	4095	214	308	3615
256	256	4095	400	318	3616
512	256	4095	583	328	3617
768	256	4095	761	337	3619
1024	256	4095	936	346	3623
1280	256	4095	1116	354	3624
1536	256	4095	1300	363	3624
1792	256	4095	1470	372	3628
2048	256	4095	1646	380	3629
2303	256	4095	1822	388	3633
2559	256	4095	2004	398	3640
2815	256	4095	2195	407	3643
3071	256	4095	2376	416	3647
3327	256	4095	2548	425	3652
3583	256	4095	2729	432	3654
3839	256	4095	2906	441	3652
4095	256	4095	3083	449	3652
0	512	4095	277	554	3636
256	512	4095	464	563	3638
512	512	4095	646	572	3640
768	512	4095	823	580	3642
1024	512	4095	996	589	3646
1280	512	4095	1181	597	3644
1536	512	4095	1360	606	3646
1792	512	4095	1532	615	3647
2048	512	4095	1709	622	3652
2303	512	4095	1888	632	3657
2559	512	4095	2073	641	3663
2815	512	4095	2269	652	3669
3071	512	4095	2439	659	3672
3327	512	4095	2615	667	3672
3583	512	4095	2796	675	3671
3839	512	4095	2972	684	3674
4095	512	4095	3148	692	3673
0	768	4095	335	802	3657
256	768	4095	528	809	3658
512	768	4095	709	816	3661
768	768	4095	885	825	3666
1024	768	4095	1062	834	3665
1280	768	4095	1248	841	3667
1536	768	4095	1422	849	3670
1792	768	4095	1598	858	3675
2048	768	4095	1776	866	3676
2303	768	4095	1955	875	3681
2559	768	4095	2144	885	3687
2815	768	4095	2334	894	3692
3071	768	4095	2502	901	3695
3327	768	4095	2682	909	3695
3583	768	4095	2861	917	3695
3839	768	4095	3035	923	3693
4095	768	4095	3215	932	3696
0	1024	4095	385	1051	3678
256	1024	4095	574	1056	3679
512	1024	4095	772	1057	3682
768	1024	4095	947	1067	3689
1024	1024	4095	1129	1076	3689
1280	1024	4095	1314	1084	3693
1536	1024	4095	1487	1093	3695
1792	1024	4095	1662	1100	3695
2048	1024	4095	1840	1109	3699
2303	1024	4095	2019	1117	3702
2559	1024	4095	2213	1127	3708
2815	1024	4095	2393	1136	3711
3071	1024	4095	2566	1144	3713
3327	1024	4095	2748	1152	3716
3583	1024	4095	2924	1158	3715
3839	1024	4095	3101	1166	3714
4095	1024	4095	3279	1174	3716
0	1280	4095	447	1297	3697
256	1280	4095	643	1300	3698
512	1280	4095	833	1304	3708
768	1280	4095	1009	1314	3711
1024	1280	4095	1196	1322	3712
1280	1280	4095	1375	1329	3711
1536	1280	4095	1548	1336	3715
1792	1280	4095	1725	1345	3718
2048	1280	4095	1904	1352	3720
2303	1280	4095	2089	1361	3727
2559	1280	4095	2285	1371	3730
2815	1280	4095	2455	1379	3734
3071	1280	4095	2633	1386	3734
3327	1280	4095	2814	1393	3734
3583	1280	4095	2988	1400	3737
3839	1280	4095	3167	1407	3735
4095	1280	4095	3347	1415	3734
0	1536	4095	538	1530	3717
256	1536	4095	720	1538	3720
512	1536	4095	895	1544	3721
768	1536	4095	1073	1551	3728
1024	1536	4095	1263	1559	3732
1280	1536	4095	1437	1569	3738
1536	1536	4095	1614	1578	3739
1792	1536	4095	1792	1585	3742
2048	1536	4095	1973	1594	3746
2303	1536	4095	2161	1603	3749
2559	1536	4095	2348	1611	3751
2815	1536	4095	2518	1618	3755
3071	1536	4095	2701	1626	3757
3327	1536	4095	2880	1632	3754
3583	1536	4095	3056	1639	3755
3839	1536	4095	3237	1647	3759
4095	1536	4095	3419	1655	3762
0	1792	4095	605	1774	3746
256	1792	4095	785	1780	3745
512	1792	4095	959	1786	3748
768	1792	4095	1142	1794	3746
1024	1792	4095	1327	1802	3749
1280	1792	4095	1500	1808	3760
1536	1792	4095	1678	1816	3761
1792	1792	4095	1859	1825	3770
2048	1792	4095	2043	1836	3772
2303	1792	4095	2235	1843	3776
2559	1792	4095	2413	1851	3777
2815	1792	4095	2587	1858	3775
3071	1792	4095	2768	1864	3779
3327	1792	4095	2947	1871	3780
3583	1792	4095	3126	1878	3782
3839	1792	4095	3306	1885	3784
4095	1792	4095	3485	1891	3789
0	2048	4095	670	2010	3773
256	2048	4095	847	2018	3773
512	2048	4095	1022	2030	3772
768	2048	4095	1212	2038	3775
1024	2048	4095	1391	2042	3775
1280	2048	4095	1566	2046	3777
1536	2048	4095	1745	2054	3779
1792	2048	4095	1925	2063	3788
2048	2048	4095	2111	2071	3795
2303	2048	4095	2306	2082	3799
2559	2048	4095	2477	2091	3803
2815	2048	4095	2656	2098	3807
3071	2048	4095	2837	2105	3810
3327	2048	4095	3013	2111	3806
3583	2048	4095	3191	2117	3806
3839	2048	4095	3371	2124	3810
4095	2048	4095	3554	2134	3816
0	2303	4095	733	2260	3792
256	2303	4095	909	2269	3795
512	2303	4095	1090	2277	3803
768	2303	4095	1280	2285	3807
1024	2303	4095	1452	2292	3807
1280	2303	4095	1630	2300	3809
1536	2303	4095	1810	2309	3810
1792	2303	4095	1988	2315	3812
2048	2303	4095	2180	2324	3814
2303	2303	4095	2366	2333	3827
2559	2303	4095	2537	2342	3830
2815	2303	4095	2723	2349	3829
3071	2303	4095	2902	2355	3828
3327	2303	4095	3075	2359	3829
3583	2303	4095	3257	2367	3829
3839	2303	4095	3441	2375	3832
4095	2303	4095	3621	2382	3835
0	2559	4095	798	2507	3814
256	2559	4095	976	2518	3825
512	2559	4095	1161	2524	3825
768	2559	4095	1345	2530	3822
1024	2559	4095	1517	2537	3825
1280	2559	4095	1697	2546	3829
1536	2559	4095	1878	2552	3831
1792	2559	4095	2059	2561	3833
2048	2559	4095	2257	2572	3840
2303	2559	4095	2436	2581	3844
2559	2559	4095	2611	2587	3846
2815	2559	4095	2792	2591	3844
3071	2559	4095	2970	2597	3847
3327	2559	4095	3148	2604	3850
3583	2559	4095	3328	2609	3851
3839	2559	4095	3509	2615	3852
4095	2559	4095	3687	2622	3855
0	2815	4095	863	2750	3842
256	2815	4095	1042	2760	3845
512	2815	4095	1231	2766	3848
768	2815	4095	1409	2773	3849
1024	2815	4095	1584	2777	3849
1280	2815	4095	1761	2782	3847
1536	2815	4095	1943	2791	3851
1792	2815	4095	2131	2800	3855
2048	2815	4095	2324	2808	3859
2303	2815	4095	2495	2815	3863
2559	2815	4095	2674	2820	3863
2815	2815	4095	2855	2824	3862
3071	2815	4095	3034	2833	3866
3327	2815	4095	3216	2840	3869
3583	2815	4095	3395	2846	3870
3839	2815	4095	3574	2851	3874
4095	2815	4095	3753	2860	3876
0	3071	4095	927	2994	3866
256	3071	4095	1109	3002	3868
512	3071	4095	1298	3007	3865
768	3071	4095	1472	3014	3869
1024	3071	4095	1650	3020	3872
1280	3071	4095	1829	3027	3873
1536	3071	4095	2009	3035	3875
1792	3071	4095	2201	3041	3877
2048	3071	4095	2386	3048	3879
2303	3071	4095	2555	3055	3881
2559	3071	4095	2742	3063	3885
2815	3071	4095	2921	3068	3884
3071	3071	4095	3096	3071	3884
3327	3071	4095	3280	3080	3887
3583	3071	4095	3462	3087	3894
3839	3071	4095	3640	3093	3897
4095	3071	4095	3815	3099	3901
0	3327	4095	991	3239	3889
256	3327	4095	1177	3245	3890
512	3327	4095	1361	3250	3890
768	3327	4095	1534	3255	3888
1024	3327	4095	1714	3263	3893
1280	3327	4095	1894	3271	3896
1536	3327	4095	2077	3277	3898
1792	3327	4095	2275	3288	3904
2048	3327	4095	2453	3297	3908
2303	3327	4095	2629	3303	3909
2559	3327	4095	2810	3305	3907
2815	3327	4095	2990	3312	3911
3071	3327	4095	3169	3317	3909
3327	3327	4095	3347	3321	3909
3583	3327	4095	3531	3330	3913
3839	3327	4095	3711	3337	3925
4095	3327	4095	3886	3346	3927
0	3583	4095	1056	3479	3913
256	3583	4095	1245	3485	3913
512	3583	4095	1423	3490	3913
768	3583	4095	1600	3496	3915
1024	3583	4095	1779	3502	3917
1280	3583	4095	1961	3509	3920
1536	3583	4095	2150	3518	3924
1792	3583	4095	2343	3526	3928
2048	3583	4095	2517	3536	3933
2303	3583	4095	2697	3540	3934
2559	3583	4095	2878	3543	3932
2815	3583	4095	3053	3546	3932
3071	3583	4095	3236	3553	3935
3327	3583	4095	3421	3561	3935
3583	3583	4095	3604	3570	3940
3839	3583	4095	3778	3573	3941
4095	3583	4095	3951	3581	3945
0	3839	4095	1124	3718	3936
256	3839	4095	1314	3724	3937
512	3839	4095	1488	3731	3940
768	3839	4095	1667	3737	3941
1024	3839	4095	1847	3743	3942
1280	3839	4095	2029	3752	3947
1536	3839	4095	2223	3760	3949
1792	3839	4095	2408	3767	3953
2048	3839	4095	2582	3775	3955
2303	3839	4095	2768	3783	3960
2559	3839	4095	2946	3786	3958
2815	3839	4095	3122	3788	3955
3071	3839	4095	3308	3796	3959
3327	3839	4095	3493	3805	3963
3583	3839	4095	3672	3811	3966
3839	3839	4095	3845	3814	3964
4095	3839	4095	4022	3826	3970
0	4095	4095	1193	3957	3961
256	4095	4095	1377	3963	3961
512	4095	4095	1553	3967	3960
768	4095	4095	1732	3973	3964
1024	4095	4095	1914	3980	3967
1280	4095	4095	2101	3989	3971
1536	4095	4095	2297	3998	3977
1792	4095	4095	2475	4006	3980
2048	4095	4095	2653	4012	3982
2303	4095	4095	2836	4016	3981
2559	4095	4095	3013	4019	3984
2815	4095	4095	3194	4023	3982
3071	4095	4095	3376	4029	3984
3327	4095	4095	3563	4040	3990
3583	4095	4095	3740	4044	3992
3839	4095	4095	3915	4050	3992
4095	4095	4095	4095	4066	4003
