0	0	0	0	0	0
256	0	0	227	1	0
512	0	0	449	2	0
768	0	0	662	3	0
1024	0	0	874	4	0
1280	0	0	1089	5	0
1536	0	0	1304	5	0
1792	0	0	1507	7	0
2048	0	0	1719	7	0
2303	0	0	1930	8	0
2559	0	0	2159	10	0
2815	0	0	2373	10	0
3071	0	0	2579	11	0
3327	0	0	2791	11	0
3583	0	0	3001	12	0
3839	0	0	3209	13	0
4095	0	0	3424	14	0
0	256	0	25	251	1
256	256	0	250	253	1
512	256	0	473	255	1
768	256	0	688	256	1
1024	256	0	899	258	1
1280	256	0	1114	257	1
1536	256	0	1329	258	1
1792	256	0	1534	259	1
2048	256	0	1746	259	1
2303	256	0	1959	260	1
2559	256	0	2192	262	1
2815	256	0	2403	263	1
3071	256	0	2609	262	1
3327	256	0	2819	262	0
3583	256	0	3029	262	0
3839	256	0	3241	262	0
4095	256	0	3460	264	0
0	512	0	50	501	3
256	512	0	276	502	3
512	512	0	499	502	3
768	512	0	711	503	3
1024	512	0	920	503	2
1280	512	0	1139	503	2
1536	512	0	1355	504	2
1792	512	0	1561	504	2
2048	512	0	1775	505	2
2303	512	0	1984	504	2
2559	512	0	2216	506	2
2815	512	0	2420	505	2
3071	512	0	2632	505	2
3327	512	0	2844	505	2
3583	512	0	3053	504	2
3839	512	0	3269	505	2
4095	512	0	3478	504	2
0	768	0	76	751	4
256	768	0	301	753	4
512	768	0	524	753	4
768	768	0	738	754	4
1024	768	0	946	753	4
1280	768	0	1167	754	4
1536	768	0	1378	752	4
1792	768	0	1582	750	4
2048	768	0	1796	751	4
2303	768	0	2014	754	3
2559	768	0	2244	753	3
2815	768	0	2446	753	3
3071	768	0	2656	752	3
3327	768	0	2868	751	3
3583	768	0	3083	753	3
3839	768	0	3300	753	3
4095	768	0	3512	753	3
0	1024	0	101	999	5
256	1024	0	326	998	5
512	1024	0	548	998	5
768	1024	0	761	998	5
1024	1024	0	972	1001	5
1280	1024	0	1193	999	5
1536	1024	0	1403	997	5
1792	1024	0	1611	996	5
2048	1024	0	1823	997	5
2303	1024	0	2038	998	5
2559	1024	0	2268	997	5
2815	1024	0	2476	1001	5
3071	1024	0	2688	998	5
3327	1024	0	2896	996	5
3583	1024	0	3110	995	5
3839	1024	0	3326	995	4
4095	1024	0	3541	995	4
0	1280	0	126	1252	7
256	1280	0	351	1253	7
512	1280	0	573	1252	8
768	1280	0	786	1252	7
1024	1280	0	995	1251	7
1280	1280	0	1220	1252	7
1536	1280	0	1427	1249	6
1792	1280	0	1636	1247	6
2048	1280	0	1846	1248	6
2303	1280	0	2065	1248	6
2559	1280	0	2295	1250	6
2815	1280	0	2499	1250	6
3071	1280	0	2711	1247	6
3327	1280	0	2925	1247	6
3583	1280	0	3137	1245	6
3839	1280	0	3352	1245	6
4095	1280	0	3565	1244	6
0	1536	0	153	1498	8
256	1536	0	377	1497	8
512	1536	0	597	1497	8
768	1536	0	812	1496	8
1024	1536	0	1023	1499	8
1280	1536	0	1246	1495	8
1536	1536	0	1454	1493	8
1792	1536	0	1664	1493	8
2048	1536	0	1876	1493	8
2303	1536	0	2098	1494	8
2559	1536	0	2322	1494	8
2815	1536	0	2530	1495	7
3071	1536	0	2744	1493	7
3327	1536	0	2957	1492	7
3583	1536	0	3169	1489	7
3839	1536	0	3388	1489	7
4095	1536	0	3600	1490	7
0	1792	0	179	1746	11
256	1792	0	403	1745	11
512	1792	0	623	1744	9
768	1792	0	837	1742	9
1024	1792	0	1050	1743	9
1280	1792	0	1274	1741	9
1536	1792	0	1481	1740	9
1792	1792	0	1694	1740	9
2048	1792	0	1908	1741	9
2303	1792	0	2130	1740	9
2559	1792	0	2350	1739	9
2815	1792	0	2559	1740	9
3071	1792	0	2777	1738	9
3327	1792	0	2981	1733	9
3583	1792	0	3200	1733	9
3839	1792	0	3422	1736	9
4095	1792	0	3633	1734	8
0	2048	0	205	1994	12
256	2048	0	430	1992	12
512	2048	0	649	1990	12
768	2048	0	863	1989	12
1024	2048	0	1078	1988	12
1280	2048	0	1301	1988	11
1536	2048	0	1509	1987	11
1792	2048	0	1723	1986	10
2048	2048	0	1937	1986	10
2303	2048	0	2162	1985	10
2559	2048	0	2380	1985	10
2815	2048	0	2591	1984	10
3071	2048	0	2808	1983	10
3327	2048	0	3012	1977	10
3583	2048	0	3235	1979	10
3839	2048	0	3451	1977	10
4095	2048	0	3664	1977	10
0	2303	0	230	2250	13
256	2303	0	456	2249	13
512	2303	0	675	2251	13
768	2303	0	889	2251	13
1024	2303	0	1105	2248	13
1280	2303	0	1326	2243	13
1536	2303	0	1532	2241	13
1792	2303	0	1748	2243	12
2048	2303	0	1962	2241	12
2303	2303	0	2192	2244	13
2559	2303	0	2409	2245	13
2815	2303	0	2619	2243	12
3071	2303	0	2833	2238	11
3327	2303	0	3044	2236	12
3583	2303	0	3259	2231	12
3839	2303	0	3485	2234	12
4095	2303	0	3699	2236	12
0	2559	0	257	2510	15
256	2559	0	484	2509	15
512	2559	0	702	2506	15
768	2559	0	915	2505	14
1024	2559	0	1133	2503	14
1280	2559	0	1353	2498	14
1536	2559	0	1559	2493	14
1792	2559	0	1773	2492	14
2048	2559	0	1988	2491	14
2303	2559	0	2222	2493	14
2559	2559	0	2436	2495	14
2815	2559	0	2648	2492	13
3071	2559	0	2864	2488	13
3327	2559	0	3078	2488	13
3583	2559	0	3291	2480	13
3839	2559	0	3516	2485	13
4095	2559	0	3729	2484	13
0	2815	0	283	2755	16
256	2815	0	510	2753	16
512	2815	0	727	2750	16
768	2815	0	941	2752	16
1024	2815	0	1161	2748	16
1280	2815	0	1378	2743	16
1536	2815	0	1586	2740	16
1792	2815	0	1802	2739	16
2048	2815	0	2018	2739	16
2303	2815	0	2256	2743	15
2559	2815	0	2466	2744	15
2815	2815	0	2683	2741	15
3071	2815	0	2899	2738	15
3327	2815	0	3112	2735	15
3583	2815	0	3331	2735	14
3839	2815	0	3550	2733	14
4095	2815	0	3758	2729	14
0	3071	0	309	3005	17
256	3071	0	535	3000	17
512	3071	0	752	2997	17
768	3071	0	966	3000	17
1024	3071	0	1187	2995	17
1280	3071	0	1403	2990	17
1536	3071	0	1614	2988	17
1792	3071	0	1829	2988	17
2048	3071	0	2051	2992	17
2303	3071	0	2285	2992	17
2559	3071	0	2492	2991	17
2815	3071	0	2711	2989	17
3071	3071	0	2929	2987	17
3327	3071	0	3143	2984	17
3583	3071	0	3358	2980	16
3839	3071	0	3577	2980	16
4095	3071	0	3789	2979	16
0	3327	0	335	3255	19
256	3327	0	561	3252	19
512	3327	0	778	3248	19
768	3327	0	990	3249	19
1024	3327	0	1214	3244	19
1280	3327	0	1429	3242	18
1536	3327	0	1641	3240	18
1792	3327	0	1858	3240	18
2048	3327	0	2082	3243	18
2303	3327	0	2315	3245	18
2559	3327	0	2520	3243	18
2815	3327	0	2742	3241	18
3071	3327	0	2957	3238	18
3327	3327	0	3172	3235	18
3583	3327	0	3391	3232	18
3839	3327	0	3607	3231	18
4095	3327	0	3815	3226	18
0	3583	0	361	3506	20
256	3583	0	587	3503	20
512	3583	0	805	3500	20
768	3583	0	1017	3500	20
1024	3583	0	1245	3494	20
1280	3583	0	1455	3489	20
1536	3583	0	1668	3485	20
1792	3583	0	1884	3484	20
2048	3583	0	2110	3485	20
2303	3583	0	2341	3489	20
2559	3583	0	2551	3492	19
2815	3583	0	2771	3486	19
3071	3583	0	2987	3485	19
3327	3583	0	3200	3477	19
3583	3583	0	3419	3474	19
3839	3583	0	3635	3473	19
4095	3583	0	3846	3472	19
0	3839	0	388	3751	22
256	3839	0	612	3748	21
512	3839	0	831	3747	21
768	3839	0	1046	3748	21
1024	3839	0	1272	3740	21
1280	3839	0	1483	3736	21
1536	3839	0	1696	3733	21
1792	3839	0	1913	3731	21
2048	3839	0	2142	3735	21
2303	3839	0	2373	3743	21
2559	3839	0	2584	3743	21
2815	3839	0	2803	3733	21
3071	3839	0	3019	3732	21
3327	3839	0	3234	3726	21
3583	3839	0	3452	3722	21
3839	3839	0	3669	3721	21
4095	3839	0	3879	3719	20
0	4095	0	416	3995	23
256	4095	0	639	3992	23
512	4095	0	857	3990	23
768	4095	0	1074	3990	23
1024	4095	0	1303	3988	23
1280	4095	0	1512	3983	23
1536	4095	0	1728	3983	23
1792	4095	0	1947	3982	22
2048	4095	0	2176	3982	22
2303	4095	0	2401	3983	22
2559	4095	0	2614	3983	22
2815	4095	0	2835	3977	22
3071	4095	0	3046	3970	22
3327	4095	0	3266	3967	22
3583	4095	0	3482	3961	22
3839	4095	0	3698	3959	22
4095	4095	0	3908	3958	22
0	0	256	9	4	232
256	0	256	235	4	232
512	0	256	457	6	232
768	0	256	673	6	233
1024	0	256	884	7	233
1280	0	256	1099	8	233
1536	0	256	1318	9	232
1792	0	256	1519	10	231
2048	0	256	1728	10	231
2303	0	256	1939	11	231
2559	0	256	2169	12	231
2815	0	256	2384	13	231
3071	0	256	2592	13	231
3327	0	256	2806	14	230
3583	0	256	3015	14	229
3839	0	256	3226	16	229
4095	0	256	3440	17	229
0	256	256	34	255	232
256	256	256	261	258	233
512	256	256	484	259	233
768	256	256	699	261	233
1024	256	256	908	262	237
1280	256	256	1126	262	236
1536	256	256	1343	263	235
1792	256	256	1545	262	235
2048	256	256	1757	263	235
2303	256	256	1971	263	235
2559	256	256	2203	265	235
2815	256	256	2414	265	235
3071	256	256	2625	265	235
3327	256	256	2839	266	233
3583	256	256	3048	266	232
3839	256	256	3258	266	232
4095	256	256	3474	265	232
0	512	256	59	505	239
256	512	256	284	505	240
512	512	256	507	506	240
768	512	256	721	507	239
1024	512	256	929	507	238
1280	512	256	1149	508	238
1536	512	256	1365	507	237
1792	512	256	1572	508	236
2048	512	256	1784	508	236
2303	512	256	1998	509	236
2559	512	256	2227	509	236
2815	512	256	2433	508	236
3071	512	256	2650	509	236
3327	512	256	2861	508	235
3583	512	256	3070	508	235
3839	512	256	3290	508	234
4095	512	256	3511	510	235
0	768	256	85	756	242
256	768	256	310	758	241
512	768	256	534	760	240
768	768	256	749	759	240
1024	768	256	956	759	240
1280	768	256	1178	759	240
1536	768	256	1390	758	240
1792	768	256	1595	756	239
2048	768	256	1806	756	239
2303	768	256	2025	758	238
2559	768	256	2257	758	238
2815	768	256	2460	758	237
3071	768	256	2678	758	237
3327	768	256	2888	757	237
3583	768	256	3105	757	236
3839	768	256	3323	758	236
4095	768	256	3531	756	237
0	1024	256	110	1004	243
256	1024	256	334	1005	243
512	1024	256	556	1004	243
768	1024	256	771	1004	243
1024	1024	256	981	1006	243
1280	1024	256	1203	1004	243
1536	1024	256	1413	1003	242
1792	1024	256	1623	1003	241
2048	1024	256	1834	1003	240
2303	1024	256	2052	1002	241
2559	1024	256	2286	1005	241
2815	1024	256	2490	1004	241
3071	1024	256	2706	1003	240
3327	1024	256	2917	1001	240
3583	1024	256	3129	1000	238
3839	1024	256	3346	1000	239
4095	1024	256	3563	1001	237
0	1280	256	135	1258	246
256	1280	256	359	1259	246
512	1280	256	581	1259	245
768	1280	256	796	1257	245
1024	1280	256	1005	1259	245
1280	1280	256	1230	1258	244
1536	1280	256	1439	1256	243
1792	1280	256	1647	1255	243
2048	1280	256	1860	1254	243
2303	1280	256	2083	1257	242
2559	1280	256	2310	1256	243
2815	1280	256	2516	1257	243
3071	1280	256	2736	1256	243
3327	1280	256	2948	1255	242
3583	1280	256	3165	1255	241
3839	1280	256	3377	1251	240
4095	1280	256	3587	1250	241
0	1536	256	161	1505	247
256	1536	256	385	1504	248
512	1536	256	606	1504	247
768	1536	256	821	1504	247
1024	1536	256	1033	1506	247
1280	1536	256	1257	1502	247
1536	1536	256	1464	1500	246
1792	1536	256	1674	1499	246
2048	1536	256	1888	1499	245
2303	1536	256	2112	1500	246
2559	1536	256	2339	1502	245
2815	1536	256	2545	1502	244
3071	1536	256	2760	1497	244
3327	1536	256	2972	1497	244
3583	1536	256	3192	1497	244
3839	1536	256	3411	1498	244
4095	1536	256	3625	1497	242
0	1792	256	187	1754	251
256	1792	256	411	1753	250
512	1792	256	631	1750	249
768	1792	256	846	1750	248
1024	1792	256	1062	1752	249
1280	1792	256	1283	1748	248
1536	1792	256	1490	1747	248
1792	1792	256	1705	1748	247
2048	1792	256	1920	1748	247
2303	1792	256	2143	1746	247
2559	1792	256	2364	1746	247
2815	1792	256	2573	1745	247
3071	1792	256	2792	1744	246
3327	1792	256	2998	1738	246
3583	1792	256	3222	1742	246
3839	1792	256	3444	1743	246
4095	1792	256	3654	1742	245
0	2048	256	213	2001	253
256	2048	256	437	1999	252
512	2048	256	658	1998	252
768	2048	256	873	1998	251
1024	2048	256	1090	2000	252
1280	2048	256	1311	1995	251
1536	2048	256	1518	1993	251
1792	2048	256	1734	1993	250
2048	2048	256	1950	1992	250
2303	2048	256	2175	1992	249
2559	2048	256	2393	1991	249
2815	2048	256	2608	1993	249
3071	2048	256	2831	1994	248
3327	2048	256	3038	1988	247
3583	2048	256	3258	1989	247
3839	2048	256	3472	1984	248
4095	2048	256	3684	1983	248
0	2303	256	237	2261	255
256	2303	256	464	2260	254
512	2303	256	683	2258	254
768	2303	256	897	2257	254
1024	2303	256	1116	2257	254
1280	2303	256	1336	2253	253
1536	2303	256	1540	2247	253
1792	2303	256	1755	2246	253
2048	2303	256	1972	2246	253
2303	2303	256	2204	2248	253
2559	2303	256	2423	2253	252
2815	2303	256	2635	2251	252
3071	2303	256	2851	2246	252
3327	2303	256	3067	2248	251
3583	2303	256	3281	2243	250
3839	2303	256	3502	2243	250
4095	2303	256	3715	2242	249
0	2559	256	266	2515	258
256	2559	256	492	2513	258
512	2559	256	710	2511	257
768	2559	256	924	2511	256
1024	2559	256	1144	2508	255
1280	2559	256	1363	2505	255
1536	2559	256	1571	2502	253
1792	2559	256	1784	2500	253
2048	2559	256	2005	2503	254
2303	2559	256	2240	2506	254
2559	2559	256	2453	2508	254
2815	2559	256	2666	2503	254
3071	2559	256	2883	2500	253
3327	2559	256	3100	2500	253
3583	2559	256	3318	2499	253
3839	2559	256	3531	2493	252
4095	2559	256	3744	2493	252
0	2815	256	293	2760	258
256	2815	256	519	2757	258
512	2815	256	737	2756	258
768	2815	256	951	2758	258
1024	2815	256	1173	2755	258
1280	2815	256	1388	2749	257
1536	2815	256	1598	2748	256
1792	2815	256	1817	2752	256
2048	2815	256	2037	2752	256
2303	2815	256	2268	2748	256
2559	2815	256	2478	2750	256
2815	2815	256	2698	2751	256
3071	2815	256	2913	2746	255
3327	2815	256	3127	2743	255
3583	2815	256	3345	2742	255
3839	2815	256	3563	2741	253
4095	2815	256	3777	2741	253
0	3071	256	319	3011	260
256	3071	256	543	3003	259
512	3071	256	764	3008	259
768	3071	256	976	3008	259
1024	3071	256	1200	3005	260
1280	3071	256	1413	2997	258
1536	3071	256	1624	2994	258
1792	3071	256	1840	2995	259
2048	3071	256	2060	2993	258
2303	3071	256	2295	2995	258
2559	3071	256	2504	2999	258
2815	3071	256	2723	2995	258
3071	3071	256	2941	2995	258
3327	3071	256	3155	2990	257
3583	3071	256	3370	2985	256
3839	3071	256	3589	2986	256
4095	3071	256	3802	2985	255
0	3327	256	345	3261	263
256	3327	256	569	3256	262
512	3327	256	789	3258	262
768	3327	256	1002	3262	262
1024	3327	256	1228	3254	262
1280	3327	256	1439	3248	260
1536	3327	256	1653	3249	259
1792	3327	256	1871	3251	259
2048	3327	256	2092	3248	259
2303	3327	256	2322	3245	260
2559	3327	256	2528	3244	260
2815	3327	256	2753	3247	260
3071	3327	256	2967	3243	259
3327	3327	256	3183	3238	259
3583	3327	256	3402	3238	257
3839	3327	256	3617	3235	258
4095	3327	256	3824	3230	258
0	3583	256	371	3509	264
256	3583	256	595	3506	264
512	3583	256	814	3505	264
768	3583	256	1028	3506	264
1024	3583	256	1254	3499	264
1280	3583	256	1465	3494	263
1536	3583	256	1678	3491	263
1792	3583	256	1896	3491	263
2048	3583	256	2123	3495	263
2303	3583	256	2354	3498	262
2559	3583	256	2561	3496	261
2815	3583	256	2781	3490	261
3071	3583	256	2995	3486	261
3327	3583	256	3211	3482	260
3583	3583	256	3429	3479	260
3839	3583	256	3645	3478	259
4095	3583	256	3855	3475	258
0	3839	256	397	3753	267
256	3839	256	621	3753	266
512	3839	256	840	3754	266
768	3839	256	1055	3751	265
1024	3839	256	1281	3742	265
1280	3839	256	1494	3745	265
1536	3839	256	1706	3738	264
1792	3839	256	1925	3738	264
2048	3839	256	2156	3746	264
2303	3839	256	2385	3750	265
2559	3839	256	2593	3746	264
2815	3839	256	2811	3735	263
3071	3839	256	3026	3734	263
3327	3839	256	3241	3726	263
3583	3839	256	3461	3725	262
3839	3839	256	3679	3725	261
4095	3839	256	3889	3725	261
0	4095	256	424	3998	269
256	4095	256	649	3998	269
512	4095	256	867	4000	269
768	4095	256	1085	3997	268
1024	4095	256	1310	3988	268
1280	4095	256	1525	3994	268
1536	4095	256	1737	3985	267
1792	4095	256	1957	3985	266
2048	4095	256	2189	3989	267
2303	4095	256	2413	3991	267
2559	4095	256	2624	3987	267
2815	4095	256	2846	3983	266
3071	4095	256	3057	3976	266
3327	4095	256	3276	3971	265
3583	4095	256	3498	3971	264
3839	4095	256	3711	3966	265
4095	4095	256	3919	3964	265
0	0	512	18	7	463
256	0	512	245	9	463
512	0	512	467	9	462
768	0	512	682	10	462
1024	0	512	893	12	463
1280	0	512	1108	12	461
1536	0	512	1325	13	461
1792	0	512	1529	13	459
2048	0	512	1738	14	459
2303	0	512	1950	14	459
2559	0	512	2178	16	458
2815	0	512	2391	16	458
3071	0	512	2604	17	458
3327	0	512	2817	18	456
3583	0	512	3025	18	456
3839	0	512	3241	20	456
4095	0	512	3457	20	456
0	256	512	44	260	467
256	256	512	269	261	466
512	256	512	493	263	466
768	256	512	707	264	465
1024	256	512	917	265	466
1280	256	512	1135	266	464
1536	256	512	1351	266	463
1792	256	512	1556	266	463
2048	256	512	1767	266	462
2303	256	512	1978	267	462
2559	256	512	2210	268	462
2815	256	512	2418	268	462
3071	256	512	2633	269	461
3327	256	512	2846	269	459
3583	256	512	3056	269	459
3839	256	512	3276	270	459
4095	256	512	3493	270	458
0	512	512	69	509	470
256	512	512	293	510	469
512	512	512	517	511	468
768	512	512	730	511	467
1024	512	512	939	511	466
1280	512	512	1159	511	467
1536	512	512	1373	511	465
1792	512	512	1578	510	464
2048	512	512	1790	511	464
2303	512	512	2004	512	464
2559	512	512	2239	512	464
2815	512	512	2446	514	465
3071	512	512	2659	512	463
3327	512	512	2871	512	462
3583	512	512	3082	511	461
3839	512	512	3297	512	462
4095	512	512	3519	514	462
0	768	512	95	760	470
256	768	512	318	761	471
512	768	512	541	761	470
768	768	512	756	761	470
1024	768	512	966	763	469
1280	768	512	1186	762	469
1536	768	512	1398	762	468
1792	768	512	1606	761	467
2048	768	512	1817	761	466
2303	768	512	2035	761	465
2559	768	512	2271	764	466
2815	768	512	2474	763	466
3071	768	512	2688	762	466
3327	768	512	2901	760	464
3583	768	512	3114	760	463
3839	768	512	3330	761	461
4095	768	512	3548	761	463
0	1024	512	120	1010	474
256	1024	512	343	1009	473
512	1024	512	565	1009	472
768	1024	512	781	1010	471
1024	1024	512	990	1011	471
1280	1024	512	1213	1010	472
1536	1024	512	1424	1008	470
1792	1024	512	1633	1008	470
2048	1024	512	1845	1007	469
2303	1024	512	2063	1007	469
2559	1024	512	2292	1008	470
2815	1024	512	2495	1007	470
3071	1024	512	2720	1009	469
3327	1024	512	2933	1008	467
3583	1024	512	3147	1008	466
3839	1024	512	3359	1005	464
4095	1024	512	3569	1004	465
0	1280	512	144	1261	477
256	1280	512	367	1262	476
512	1280	512	589	1262	475
768	1280	512	803	1261	475
1024	1280	512	1015	1265	475
1280	1280	512	1238	1261	474
1536	1280	512	1447	1260	473
1792	1280	512	1657	1259	472
2048	1280	512	1870	1259	472
2303	1280	512	2094	1261	471
2559	1280	512	2322	1263	471
2815	1280	512	2527	1262	470
3071	1280	512	2743	1258	470
3327	1280	512	2957	1259	471
3583	1280	512	3169	1256	470
3839	1280	512	3388	1256	469
4095	1280	512	3604	1257	467
0	1536	512	171	1510	478
256	1536	512	394	1509	478
512	1536	512	615	1508	477
768	1536	512	829	1509	476
1024	1536	512	1042	1507	477
1280	1536	512	1266	1506	477
1536	1536	512	1474	1506	475
1792	1536	512	1686	1505	475
2048	1536	512	1902	1507	474
2303	1536	512	2126	1506	474
2559	1536	512	2345	1505	474
2815	1536	512	2552	1503	474
3071	1536	512	2774	1504	472
3327	1536	512	2986	1502	472
3583	1536	512	3204	1502	471
3839	1536	512	3419	1500	470
4095	1536	512	3631	1500	471
0	1792	512	197	1759	483
256	1792	512	420	1758	481
512	1792	512	640	1757	480
768	1792	512	855	1755	480
1024	1792	512	1070	1756	479
1280	1792	512	1292	1754	478
1536	1792	512	1498	1750	478
1792	1792	512	1711	1749	478
2048	1792	512	1930	1752	477
2303	1792	512	2157	1753	478
2559	1792	512	2375	1752	476
2815	1792	512	2586	1752	476
3071	1792	512	2806	1750	476
3327	1792	512	3019	1750	475
3583	1792	512	3232	1747	475
3839	1792	512	3449	1744	475
4095	1792	512	3663	1744	472
0	2048	512	222	2006	485
256	2048	512	447	2005	485
512	2048	512	667	2003	484
768	2048	512	881	2002	483
1024	2048	512	1098	2001	483
1280	2048	512	1321	1998	482
1536	2048	512	1525	1995	480
1792	2048	512	1739	1993	479
2048	2048	512	1956	1993	479
2303	2048	512	2186	1995	480
2559	2048	512	2404	1997	480
2815	2048	512	2615	1995	479
3071	2048	512	2831	1991	479
3327	2048	512	3045	1990	478
3583	2048	512	3263	1989	478
3839	2048	512	3480	1988	476
4095	2048	512	3695	1988	476
0	2303	512	247	2265	488
256	2303	512	472	2264	488
512	2303	512	691	2261	486
768	2303	512	906	2263	486
1024	2303	512	1126	2261	485
1280	2303	512	1345	2258	484
1536	2303	512	1553	2255	483
1792	2303	512	1767	2254	483
2048	2303	512	1987	2256	483
2303	2303	512	2216	2254	482
2559	2303	512	2428	2254	483
2815	2303	512	2644	2254	483
3071	2303	512	2864	2254	480
3327	2303	512	3078	2251	480
3583	2303	512	3296	2251	479
3839	2303	512	3514	2249	479
4095	2303	512	3728	2249	479
0	2559	512	275	2519	490
256	2559	512	501	2517	490
512	2559	512	719	2514	489
768	2559	512	934	2516	488
1024	2559	512	1155	2514	488
1280	2559	512	1373	2508	486
1536	2559	512	1581	2508	486
1792	2559	512	1799	2511	486
2048	2559	512	2017	2510	486
2303	2559	512	2250	2510	486
2559	2559	512	2458	2508	485
2815	2559	512	2676	2507	485
3071	2559	512	2895	2506	485
3327	2559	512	3108	2503	484
3583	2559	512	3323	2499	483
3839	2559	512	3545	2500	483
4095	2559	512	3757	2500	483
0	2815	512	302	2765	492
256	2815	512	530	2764	491
512	2815	512	746	2760	491
768	2815	512	959	2763	490
1024	2815	512	1183	2760	490
1280	2815	512	1399	2755	488
1536	2815	512	1607	2752	488
1792	2815	512	1823	2751	489
2048	2815	512	2045	2755	487
2303	2815	512	2283	2758	488
2559	2815	512	2489	2757	487
2815	2815	512	2707	2754	486
3071	2815	512	2924	2751	486
3327	2815	512	3140	2750	485
3583	2815	512	3357	2747	484
3839	2815	512	3571	2743	484
4095	2815	512	3783	2741	484
0	3071	512	328	3016	494
256	3071	512	554	3013	493
512	3071	512	772	3011	493
768	3071	512	985	3014	492
1024	3071	512	1209	3007	492
1280	3071	512	1426	3007	491
1536	3071	512	1638	3007	490
1792	3071	512	1853	3005	489
2048	3071	512	2074	3004	490
2303	3071	512	2309	3006	491
2559	3071	512	2516	3006	491
2815	3071	512	2735	3003	490
3071	3071	512	2950	2999	489
3327	3071	512	3166	2995	489
3583	3071	512	3385	2994	487
3839	3071	512	3599	2990	485
4095	3071	512	3808	2987	485
0	3327	512	355	3271	497
256	3327	512	580	3266	496
512	3327	512	797	3263	495
768	3327	512	1010	3263	495
1024	3327	512	1237	3259	494
1280	3327	512	1451	3256	493
1536	3327	512	1663	3254	494
1792	3327	512	1877	3251	493
2048	3327	512	2102	3252	492
2303	3327	512	2336	3258	492
2559	3327	512	2544	3257	492
2815	3327	512	2765	3254	492
3071	3327	512	2979	3249	491
3327	3327	512	3195	3245	490
3583	3327	512	3413	3241	489
3839	3327	512	3628	3240	489
4095	3327	512	3839	3239	488
0	3583	512	380	3516	500
256	3583	512	605	3512	498
512	3583	512	823	3509	498
768	3583	512	1040	3516	498
1024	3583	512	1266	3507	497
1280	3583	512	1476	3500	496
1536	3583	512	1690	3499	495
1792	3583	512	1908	3499	494
2048	3583	512	2134	3500	495
2303	3583	512	2363	3503	496
2559	3583	512	2575	3505	495
2815	3583	512	2792	3495	495
3071	3583	512	3004	3490	493
3327	3583	512	3221	3486	492
3583	3583	512	3442	3485	491
3839	3583	512	3659	3485	491
4095	3583	512	3868	3484	491
0	3839	512	406	3760	502
256	3839	512	631	3757	500
512	3839	512	848	3757	500
768	3839	512	1067	3760	501
1024	3839	512	1294	3755	499
1280	3839	512	1503	3748	499
1536	3839	512	1719	3749	498
1792	3839	512	1939	3751	498
2048	3839	512	2167	3750	498
2303	3839	512	2391	3749	498
2559	3839	512	2603	3748	498
2815	3839	512	2823	3743	496
3071	3839	512	3033	3736	496
3327	3839	512	3253	3732	494
3583	3839	512	3476	3734	494
3839	3839	512	3690	3731	493
4095	3839	512	3896	3728	493
0	4095	512	434	4004	504
256	4095	512	658	4003	503
512	4095	512	876	4004	503
768	4095	512	1096	4005	504
1024	4095	512	1324	4001	503
1280	4095	512	1531	3993	502
1536	4095	512	1748	3991	501
1792	4095	512	1966	3989	501
2048	4095	512	2197	3990	501
2303	4095	512	2419	3990	501
2559	4095	512	2632	3987	500
2815	4095	512	2852	3983	499
3071	4095	512	3065	3977	498
3327	4095	512	3283	3972	498
3583	4095	512	3506	3971	497
3839	4095	512	3718	3968	498
4095	4095	512	3928	3969	496
0	0	768	28	11	688
256	0	768	254	13	688
512	0	768	476	13	687
768	0	768	691	14	686
1024	0	768	902	15	688
1280	0	768	1118	16	685
1536	0	768	1333	16	684
1792	0	768	1539	17	683
2048	0	768	1750	17	682
2303	0	768	1963	19	682
2559	0	768	2193	20	683
2815	0	768	2406	20	683
3071	0	768	2619	21	682
3327	0	768	2836	21	681
3583	0	768	3046	22	679
3839	0	768	3257	23	678
4095	0	768	3471	24	678
0	256	768	54	264	692
256	256	768	278	266	691
512	256	768	502	267	691
768	256	768	717	268	691
1024	256	768	928	270	691
1280	256	768	1144	269	688
1536	256	768	1359	270	688
1792	256	768	1566	271	686
2048	256	768	1777	270	686
2303	256	768	1990	271	686
2559	256	768	2225	272	687
2815	256	768	2432	273	687
3071	256	768	2646	273	684
3327	256	768	2859	273	683
3583	256	768	3069	273	682
3839	256	768	3287	274	682
4095	256	768	3507	275	680
0	512	768	79	514	695
256	512	768	303	515	694
512	512	768	526	515	693
768	512	768	741	516	693
1024	512	768	949	515	691
1280	512	768	1170	516	692
1536	512	768	1384	516	690
1792	512	768	1591	516	690
2048	512	768	1804	517	689
2303	512	768	2020	516	690
2559	512	768	2254	518	690
2815	512	768	2457	518	689
3071	512	768	2678	519	689
3327	512	768	2891	518	687
3583	512	768	3102	518	687
3839	512	768	3315	518	684
4095	512	768	3526	517	685
0	768	768	104	766	698
256	768	768	328	767	697
512	768	768	551	767	696
768	768	768	767	768	695
1024	768	768	975	768	695
1280	768	768	1199	769	694
1536	768	768	1408	766	693
1792	768	768	1617	766	692
2048	768	768	1831	766	691
2303	768	768	2051	768	690
2559	768	768	2284	768	691
2815	768	768	2487	769	691
3071	768	768	2703	768	690
3327	768	768	2918	768	690
3583	768	768	3133	768	689
3839	768	768	3348	767	688
4095	768	768	3562	767	689
0	1024	768	129	1014	700
256	1024	768	354	1014	699
512	1024	768	574	1014	698
768	1024	768	791	1014	698
1024	1024	768	1001	1017	698
1280	1024	768	1225	1014	697
1536	1024	768	1434	1014	696
1792	1024	768	1645	1013	694
2048	1024	768	1858	1013	694
2303	1024	768	2078	1014	694
2559	1024	768	2306	1014	695
2815	1024	768	2518	1017	695
3071	1024	768	2731	1013	694
3327	1024	768	2945	1013	693
3583	1024	768	3162	1013	691
3839	1024	768	3377	1012	690
4095	1024	768	3591	1011	689
0	1280	768	155	1268	704
256	1280	768	379	1269	702
512	1280	768	599	1269	701
768	1280	768	814	1269	701
1024	1280	768	1026	1269	702
1280	1280	768	1251	1268	700
1536	1280	768	1456	1264	697
1792	1280	768	1667	1264	697
2048	1280	768	1882	1265	697
2303	1280	768	2106	1265	696
2559	1280	768	2332	1266	696
2815	1280	768	2538	1266	698
3071	1280	768	2755	1264	698
3327	1280	768	2970	1264	695
3583	1280	768	3183	1262	694
3839	1280	768	3401	1262	693
4095	1280	768	3616	1262	693
0	1536	768	180	1516	705
256	1536	768	404	1514	705
512	1536	768	623	1513	704
768	1536	768	838	1513	703
1024	1536	768	1053	1515	703
1280	1536	768	1276	1512	701
1536	1536	768	1482	1510	701
1792	1536	768	1696	1510	699
2048	1536	768	1912	1510	699
2303	1536	768	2137	1511	700
2559	1536	768	2360	1512	699
2815	1536	768	2571	1514	699
3071	1536	768	2790	1511	697
3327	1536	768	3002	1510	697
3583	1536	768	3216	1508	697
3839	1536	768	3433	1506	695
4095	1536	768	3645	1506	695
0	1792	768	206	1764	710
256	1792	768	430	1764	708
512	1792	768	649	1761	706
768	1792	768	863	1761	705
1024	1792	768	1079	1761	706
1280	1792	768	1302	1758	704
1536	1792	768	1512	1760	704
1792	1792	768	1724	1757	703
2048	1792	768	1940	1757	703
2303	1792	768	2169	1758	703
2559	1792	768	2389	1760	703
2815	1792	768	2601	1760	704
3071	1792	768	2820	1758	703
3327	1792	768	3028	1754	701
3583	1792	768	3246	1752	701
3839	1792	768	3465	1752	699
4095	1792	768	3676	1750	698
0	2048	768	231	2011	713
256	2048	768	457	2010	712
512	2048	768	676	2008	711
768	2048	768	889	2007	710
1024	2048	768	1107	2005	709
1280	2048	768	1329	2003	708
1536	2048	768	1536	2000	708
1792	2048	768	1755	2004	708
2048	2048	768	1973	2004	707
2303	2048	768	2201	2003	706
2559	2048	768	2414	2002	707
2815	2048	768	2628	2002	707
3071	2048	768	2849	2002	706
3327	2048	768	3059	1998	704
3583	2048	768	3277	1996	703
3839	2048	768	3492	1992	702
4095	2048	768	3706	1993	702
0	2303	768	256	2270	716
256	2303	768	482	2267	715
512	2303	768	701	2268	715
768	2303	768	915	2268	714
1024	2303	768	1135	2267	713
1280	2303	768	1356	2264	711
1536	2303	768	1565	2264	711
1792	2303	768	1778	2261	712
2048	2303	768	1996	2261	712
2303	2303	768	2233	2265	712
2559	2303	768	2445	2265	711
2815	2303	768	2659	2264	710
3071	2303	768	2877	2261	709
3327	2303	768	3090	2259	707
3583	2303	768	3306	2256	706
3839	2303	768	3524	2253	706
4095	2303	768	3739	2255	705
0	2559	768	285	2526	719
256	2559	768	512	2525	718
512	2559	768	729	2522	717
768	2559	768	943	2522	717
1024	2559	768	1165	2520	716
1280	2559	768	1383	2517	714
1536	2559	768	1592	2515	714
1792	2559	768	1807	2513	713
2048	2559	768	2027	2515	713
2303	2559	768	2264	2518	713
2559	2559	768	2474	2518	715
2815	2559	768	2688	2513	714
3071	2559	768	2904	2511	712
3327	2559	768	3119	2508	711
3583	2559	768	3333	2503	709
3839	2559	768	3552	2503	709
4095	2559	768	3767	2503	709
0	2815	768	311	2772	721
256	2815	768	538	2768	720
512	2815	768	756	2766	720
768	2815	768	970	2773	720
1024	2815	768	1195	2769	719
1280	2815	768	1410	2763	717
1536	2815	768	1621	2760	716
1792	2815	768	1837	2762	716
2048	2815	768	2058	2763	716
2303	2815	768	2294	2763	716
2559	2815	768	2501	2763	716
2815	2815	768	2717	2759	715
3071	2815	768	2933	2756	713
3327	2815	768	3149	2753	712
3583	2815	768	3367	2751	710
3839	2815	768	3582	2748	710
4095	2815	768	3791	2745	710
0	3071	768	337	3019	723
256	3071	768	563	3016	721
512	3071	768	781	3014	721
768	3071	768	994	3018	721
1024	3071	768	1219	3013	722
1280	3071	768	1435	3011	720
1536	3071	768	1648	3010	719
1792	3071	768	1862	3008	719
2048	3071	768	2085	3009	719
2303	3071	768	2322	3015	719
2559	3071	768	2530	3014	719
2815	3071	768	2746	3008	718
3071	3071	768	2962	3005	717
3327	3071	768	3178	3001	715
3583	3071	768	3396	2998	714
3839	3071	768	3612	2997	713
4095	3071	768	3820	2994	711
0	3327	768	363	3273	725
256	3327	768	588	3270	724
512	3327	768	807	3267	724
768	3327	768	1019	3269	724
1024	3327	768	1248	3267	723
1280	3327	768	1460	3263	721
1536	3327	768	1675	3262	722
1792	3327	768	1891	3261	720
2048	3327	768	2116	3262	721
2303	3327	768	2347	3264	722
2559	3327	768	2555	3264	722
2815	3327	768	2776	3259	722
3071	3327	768	2988	3254	719
3327	3327	768	3206	3250	718
3583	3327	768	3426	3249	717
3839	3327	768	3641	3247	716
4095	3327	768	3849	3243	715
0	3583	768	390	3522	729
256	3583	768	615	3518	728
512	3583	768	833	3518	727
768	3583	768	1050	3523	728
1024	3583	768	1279	3520	728
1280	3583	768	1488	3512	727
1536	3583	768	1703	3509	725
1792	3583	768	1920	3508	726
2048	3583	768	2147	3508	725
2303	3583	768	2375	3511	725
2559	3583	768	2584	3508	724
2815	3583	768	2806	3503	722
3071	3583	768	3018	3499	722
3327	3583	768	3235	3495	720
3583	3583	768	3454	3492	720
3839	3583	768	3671	3490	719
4095	3583	768	3879	3489	718
0	3839	768	416	3767	733
256	3839	768	640	3763	732
512	3839	768	859	3765	732
768	3839	768	1078	3772	734
1024	3839	768	1305	3764	732
1280	3839	768	1514	3758	730
1536	3839	768	1732	3758	729
1792	3839	768	1949	3756	728
2048	3839	768	2179	3758	728
2303	3839	768	2404	3760	729
2559	3839	768	2616	3757	728
2815	3839	768	2836	3750	726
3071	3839	768	3049	3747	726
3327	3839	768	3266	3742	725
3583	3839	768	3487	3739	723
3839	3839	768	3703	3738	721
4095	3839	768	3912	3738	722
0	4095	768	444	4013	737
256	4095	768	668	4012	736
512	4095	768	886	4011	736
768	4095	768	1105	4010	737
1024	4095	768	1333	4007	735
1280	4095	768	1542	4002	734
1536	4095	768	1762	4003	733
1792	4095	768	1979	4000	733
2048	4095	768	2212	4001	733
2303	4095	768	2432	4001	734
2559	4095	768	2646	3998	733
2815	4095	768	2868	3993	730
3071	4095	768	3080	3987	728
3327	4095	768	3299	3983	728
3583	4095	768	3517	3978	727
3839	4095	768	3734	3978	727
4095	4095	768	3944	3981	727
0	0	1024	38	15	915
256	0	1024	265	16	913
512	0	1024	486	17	913
768	0	1024	701	18	912
1024	0	1024	913	19	913
1280	0	1024	1130	19	910
1536	0	1024	1344	20	908
1792	0	1024	1551	21	907
2048	0	1024	1763	22	906
2303	0	1024	1976	23	906
2559	0	1024	2208	23	906
2815	0	1024	2419	24	907
3071	0	1024	2633	24	906
3327	0	1024	2848	25	905
3583	0	1024	3060	26	904
3839	0	1024	3275	27	903
4095	0	1024	3490	28	902
0	256	1024	63	268	917
256	256	1024	289	270	917
512	256	1024	512	271	917
768	256	1024	726	273	916
1024	256	1024	937	273	916
1280	256	1024	1155	274	912
1536	256	1024	1369	274	912
1792	256	1024	1577	274	911
2048	256	1024	1789	275	910
2303	256	1024	2005	275	910
2559	256	1024	2239	277	911
2815	256	1024	2443	277	911
3071	256	1024	2659	277	909
3327	256	1024	2874	278	908
3583	256	1024	3087	278	906
3839	256	1024	3303	279	906
4095	256	1024	3522	279	905
0	512	1024	88	519	922
256	512	1024	313	519	920
512	512	1024	536	520	919
768	512	1024	751	521	918
1024	512	1024	959	521	918
1280	512	1024	1182	521	917
1536	512	1024	1394	520	914
1792	512	1024	1600	520	913
2048	512	1024	1813	520	912
2303	512	1024	2030	521	914
2559	512	1024	2268	522	916
2815	512	1024	2473	524	916
3071	512	1024	2689	524	914
3327	512	1024	2903	523	913
3583	512	1024	3117	523	911
3839	512	1024	3331	523	909
4095	512	1024	3544	523	909
0	768	1024	113	770	922
256	768	1024	338	770	922
512	768	1024	559	771	921
768	768	1024	775	771	920
1024	768	1024	985	773	920
1280	768	1024	1208	771	919
1536	768	1024	1417	771	918
1792	768	1024	1627	770	915
2048	768	1024	1841	771	915
2303	768	1024	2063	772	919
2559	768	1024	2300	775	919
2815	768	1024	2503	776	919
3071	768	1024	2719	774	916
3327	768	1024	2933	774	915
3583	768	1024	3148	773	914
3839	768	1024	3361	772	913
4095	768	1024	3576	772	913
0	1024	1024	138	1020	926
256	1024	1024	363	1020	924
512	1024	1024	584	1019	923
768	1024	1024	799	1019	922
1024	1024	1024	1009	1019	923
1280	1024	1024	1234	1019	922
1536	1024	1024	1445	1018	920
1792	1024	1024	1655	1018	919
2048	1024	1024	1869	1019	919
2303	1024	1024	2090	1018	918
2559	1024	1024	2318	1019	921
2815	1024	1024	2526	1020	921
3071	1024	1024	2743	1018	920
3327	1024	1024	2953	1016	918
3583	1024	1024	3173	1017	916
3839	1024	1024	3391	1018	915
4095	1024	1024	3604	1017	913
0	1280	1024	164	1274	930
256	1280	1024	388	1274	929
512	1280	1024	609	1273	927
768	1280	1024	823	1273	926
1024	1280	1024	1037	1275	926
1280	1280	1024	1260	1272	924
1536	1280	1024	1469	1272	923
1792	1280	1024	1680	1271	923
2048	1280	1024	1893	1270	922
2303	1280	1024	2120	1272	922
2559	1280	1024	2348	1274	922
2815	1280	1024	2555	1274	923
3071	1280	1024	2772	1271	920
3327	1280	1024	2987	1272	920
3583	1280	1024	3200	1270	918
3839	1280	1024	3417	1268	919
4095	1280	1024	3630	1268	917
0	1536	1024	189	1521	932
256	1536	1024	414	1520	932
512	1536	1024	634	1519	930
768	1536	1024	848	1518	929
1024	1536	1024	1062	1519	930
1280	1536	1024	1287	1517	927
1536	1536	1024	1494	1516	927
1792	1536	1024	1707	1516	927
2048	1536	1024	1922	1515	925
2303	1536	1024	2150	1517	925
2559	1536	1024	2374	1520	927
2815	1536	1024	2585	1520	927
3071	1536	1024	2803	1517	924
3327	1536	1024	3013	1515	923
3583	1536	1024	3230	1513	923
3839	1536	1024	3449	1513	921
4095	1536	1024	3658	1511	920
0	1792	1024	215	1769	937
256	1792	1024	441	1769	935
512	1792	1024	660	1767	933
768	1792	1024	873	1767	932
1024	1792	1024	1090	1766	932
1280	1792	1024	1312	1765	931
1536	1792	1024	1519	1761	929
1792	1792	1024	1731	1760	928
2048	1792	1024	1951	1763	929
2303	1792	1024	2183	1766	929
2559	1792	1024	2403	1767	931
2815	1792	1024	2614	1766	930
3071	1792	1024	2831	1763	929
3327	1792	1024	3043	1761	927
3583	1792	1024	3262	1760	926
3839	1792	1024	3477	1757	924
4095	1792	1024	3688	1756	923
0	2048	1024	241	2018	941
256	2048	1024	467	2016	940
512	2048	1024	686	2015	939
768	2048	1024	899	2014	938
1024	2048	1024	1118	2013	937
1280	2048	1024	1340	2010	936
1536	2048	1024	1548	2008	933
1792	2048	1024	1762	2008	932
2048	2048	1024	1982	2010	932
2303	2048	1024	2215	2012	934
2559	2048	1024	2429	2011	935
2815	2048	1024	2643	2010	934
3071	2048	1024	2860	2007	932
3327	2048	1024	3074	2005	931
3583	2048	1024	3289	2001	929
3839	2048	1024	3506	1999	929
4095	2048	1024	3720	2000	927
0	2303	1024	265	2275	944
256	2303	1024	492	2274	944
512	2303	1024	711	2273	943
768	2303	1024	924	2275	943
1024	2303	1024	1145	2273	941
1280	2303	1024	1365	2270	940
1536	2303	1024	1577	2272	939
1792	2303	1024	1788	2267	938
2048	2303	1024	2006	2267	937
2303	2303	1024	2244	2271	939
2559	2303	1024	2455	2271	939
2815	2303	1024	2672	2269	937
3071	2303	1024	2888	2267	936
3327	2303	1024	3101	2264	934
3583	2303	1024	3319	2262	932
3839	2303	1024	3538	2261	931
4095	2303	1024	3751	2260	931
0	2559	1024	294	2531	947
256	2559	1024	521	2530	947
512	2559	1024	740	2527	945
768	2559	1024	952	2529	945
1024	2559	1024	1175	2525	944
1280	2559	1024	1393	2524	942
1536	2559	1024	1604	2522	943
1792	2559	1024	1816	2518	940
2048	2559	1024	2035	2517	940
2303	2559	1024	2278	2526	941
2559	2559	1024	2488	2526	942
2815	2559	1024	2703	2522	941
3071	2559	1024	2919	2519	940
3327	2559	1024	3133	2515	937
3583	2559	1024	3347	2511	936
3839	2559	1024	3567	2510	935
4095	2559	1024	3780	2511	935
0	2815	1024	321	2780	950
256	2815	1024	548	2776	949
512	2815	1024	766	2774	948
768	2815	1024	978	2775	948
1024	2815	1024	1204	2775	948
1280	2815	1024	1421	2772	946
1536	2815	1024	1633	2770	945
1792	2815	1024	1848	2768	943
2048	2815	1024	2071	2771	943
2303	2815	1024	2306	2771	945
2559	2815	1024	2514	2770	945
2815	2815	1024	2731	2766	944
3071	2815	1024	2946	2762	941
3327	2815	1024	3162	2760	940
3583	2815	1024	3380	2757	938
3839	2815	1024	3595	2754	937
4095	2815	1024	3804	2752	937
0	3071	1024	346	3025	953
256	3071	1024	572	3024	951
512	3071	1024	790	3021	950
768	3071	1024	1005	3029	951
1024	3071	1024	1231	3023	951
1280	3071	1024	1446	3021	950
1536	3071	1024	1659	3019	949
1792	3071	1024	1875	3017	948
2048	3071	1024	2098	3018	948
2303	3071	1024	2331	3018	948
2559	3071	1024	2538	3018	948
2815	3071	1024	2757	3011	947
3071	3071	1024	2971	3009	944
3327	3071	1024	3188	3005	942
3583	3071	1024	3408	3004	941
3839	3071	1024	3623	3002	939
4095	3071	1024	3830	2998	938
0	3327	1024	373	3280	956
256	3327	1024	598	3277	954
512	3327	1024	817	3276	954
768	3327	1024	1033	3281	956
1024	3327	1024	1260	3278	955
1280	3327	1024	1471	3271	951
1536	3327	1024	1685	3268	951
1792	3327	1024	1905	3271	950
2048	3327	1024	2130	3272	950
2303	3327	1024	2358	3271	950
2559	3327	1024	2567	3269	949
2815	3327	1024	2787	3263	949
3071	3327	1024	3000	3260	947
3327	3327	1024	3218	3256	945
3583	3327	1024	3437	3255	944
3839	3327	1024	3652	3252	943
4095	3327	1024	3863	3252	942
0	3583	1024	399	3530	960
256	3583	1024	625	3528	959
512	3583	1024	843	3527	958
768	3583	1024	1061	3528	959
1024	3583	1024	1289	3526	959
1280	3583	1024	1499	3520	957
1536	3583	1024	1714	3517	954
1792	3583	1024	1933	3516	955
2048	3583	1024	2159	3517	955
2303	3583	1024	2385	3517	954
2559	3583	1024	2598	3517	953
2815	3583	1024	2817	3510	951
3071	3583	1024	3028	3503	950
3327	3583	1024	3247	3501	948
3583	3583	1024	3467	3498	947
3839	3583	1024	3686	3499	947
4095	3583	1024	3895	3498	947
0	3839	1024	426	3779	964
256	3839	1024	651	3777	964
512	3839	1024	869	3773	962
768	3839	1024	1088	3773	962
1024	3839	1024	1315	3772	961
1280	3839	1024	1526	3769	961
1536	3839	1024	1744	3767	959
1792	3839	1024	1962	3765	958
2048	3839	1024	2191	3766	958
2303	3839	1024	2415	3766	958
2559	3839	1024	2629	3765	958
2815	3839	1024	2849	3759	955
3071	3839	1024	3061	3753	953
3327	3839	1024	3280	3750	953
3583	3839	1024	3502	3750	952
3839	3839	1024	3720	3750	951
4095	3839	1024	3927	3747	951
0	4095	1024	455	4028	969
256	4095	1024	679	4025	969
512	4095	1024	896	4022	967
768	4095	1024	1117	4018	966
1024	4095	1024	1344	4016	966
1280	4095	1024	1553	4010	964
1536	4095	1024	1772	4009	963
1792	4095	1024	1991	4007	963
2048	4095	1024	2225	4009	963
2303	4095	1024	2445	4010	963
2559	4095	1024	2659	4005	962
2815	4095	1024	2879	4000	960
3071	4095	1024	3094	3995	958
3327	4095	1024	3315	3995	958
3583	4095	1024	3532	3988	957
3839	4095	1024	3751	3990	957
4095	4095	1024	3959	3989	956
0	0	1280	47	19	1145
256	0	1280	274	20	1142
512	0	1280	497	21	1142
768	0	1280	710	22	1141
1024	0	1280	922	22	1143
1280	0	1280	1139	23	1139
1536	0	1280	1354	25	1137
1792	0	1280	1560	25	1136
2048	0	1280	1771	26	1136
2303	0	1280	1985	26	1135
2559	0	1280	2217	27	1135
2815	0	1280	2425	27	1136
3071	0	1280	2640	29	1135
3327	0	1280	2854	30	1133
3583	0	1280	3066	30	1132
3839	0	1280	3286	31	1132
4095	0	1280	3502	31	1130
0	256	1280	72	272	1147
256	256	1280	297	273	1147
512	256	1280	521	275	1146
768	256	1280	735	276	1145
1024	256	1280	945	277	1146
1280	256	1280	1164	278	1143
1536	256	1280	1379	277	1141
1792	256	1280	1586	278	1140
2048	256	1280	1799	278	1140
2303	256	1280	2014	279	1140
2559	256	1280	2250	280	1141
2815	256	1280	2457	281	1142
3071	256	1280	2672	282	1138
3327	256	1280	2884	281	1136
3583	256	1280	3098	282	1136
3839	256	1280	3315	282	1134
4095	256	1280	3531	283	1134
0	512	1280	97	523	1152
256	512	1280	322	524	1151
512	512	1280	546	525	1149
768	512	1280	760	524	1148
1024	512	1280	968	525	1148
1280	512	1280	1191	525	1146
1536	512	1280	1402	524	1143
1792	512	1280	1610	523	1143
2048	512	1280	1822	524	1142
2303	512	1280	2040	525	1143
2559	512	1280	2276	527	1145
2815	512	1280	2482	528	1146
3071	512	1280	2694	526	1141
3327	512	1280	2911	527	1142
3583	512	1280	3125	526	1139
3839	512	1280	3339	526	1138
4095	512	1280	3555	526	1138
0	768	1280	122	774	1153
256	768	1280	346	774	1151
512	768	1280	569	774	1151
768	768	1280	784	775	1153
1024	768	1280	993	776	1152
1280	768	1280	1216	775	1149
1536	768	1280	1426	775	1148
1792	768	1280	1636	774	1148
2048	768	1280	1849	774	1147
2303	768	1280	2070	775	1149
2559	768	1280	2306	779	1150
2815	768	1280	2515	780	1146
3071	768	1280	2726	777	1146
3327	768	1280	2942	777	1145
3583	768	1280	3156	777	1143
3839	768	1280	3371	776	1142
4095	768	1280	3586	776	1141
0	1024	1280	148	1026	1157
256	1024	1280	372	1025	1155
512	1024	1280	594	1025	1154
768	1024	1280	808	1023	1153
1024	1024	1280	1016	1022	1153
1280	1024	1280	1243	1023	1152
1536	1024	1280	1453	1022	1150
1792	1024	1280	1665	1023	1150
2048	1024	1280	1880	1023	1149
2303	1024	1280	2102	1025	1148
2559	1024	1280	2328	1023	1151
2815	1024	1280	2535	1023	1152
3071	1024	1280	2756	1023	1151
3327	1024	1280	2963	1020	1145
3583	1024	1280	3183	1022	1147
3839	1024	1280	3401	1021	1145
4095	1024	1280	3611	1020	1143
0	1280	1280	173	1276	1162
256	1280	1280	396	1277	1160
512	1280	1280	617	1276	1158
768	1280	1280	831	1276	1157
1024	1280	1280	1045	1278	1156
1280	1280	1280	1268	1274	1153
1536	1280	1280	1477	1275	1153
1792	1280	1280	1688	1274	1153
2048	1280	1280	1902	1273	1153
2303	1280	1280	2131	1276	1154
2559	1280	1280	2360	1280	1155
2815	1280	1280	2568	1280	1154
3071	1280	1280	2783	1275	1152
3327	1280	1280	2996	1276	1151
3583	1280	1280	3209	1272	1148
3839	1280	1280	3426	1272	1148
4095	1280	1280	3639	1271	1146
0	1536	1280	198	1525	1164
256	1536	1280	423	1524	1162
512	1536	1280	643	1522	1161
768	1536	1280	858	1524	1161
1024	1536	1280	1074	1525	1162
1280	1536	1280	1297	1523	1158
1536	1536	1280	1503	1519	1157
1792	1536	1280	1718	1521	1158
2048	1536	1280	1933	1522	1157
2303	1536	1280	2159	1521	1156
2559	1536	1280	2380	1522	1158
2815	1536	1280	2593	1522	1158
3071	1536	1280	2812	1521	1155
3327	1536	1280	3019	1517	1153
3583	1536	1280	3239	1517	1153
3839	1536	1280	3458	1516	1150
4095	1536	1280	3666	1514	1149
0	1792	1280	224	1774	1170
256	1792	1280	450	1773	1168
512	1792	1280	669	1772	1166
768	1792	1280	883	1771	1165
1024	1792	1280	1101	1773	1167
1280	1792	1280	1324	1771	1164
1536	1792	1280	1528	1765	1161
1792	1792	1280	1742	1765	1160
2048	1792	1280	1963	1769	1162
2303	1792	1280	2191	1769	1161
2559	1792	1280	2410	1769	1161
2815	1792	1280	2623	1769	1161
3071	1792	1280	2839	1765	1159
3327	1792	1280	3051	1764	1157
3583	1792	1280	3272	1765	1157
3839	1792	1280	3484	1760	1154
4095	1792	1280	3697	1760	1153
0	2048	1280	249	2021	1173
256	2048	1280	476	2019	1173
512	2048	1280	695	2017	1172
768	2048	1280	909	2017	1171
1024	2048	1280	1128	2017	1171
1280	2048	1280	1350	2015	1170
1536	2048	1280	1558	2014	1166
1792	2048	1280	1771	2010	1164
2048	2048	1280	1992	2014	1165
2303	2048	1280	2226	2016	1167
2559	2048	1280	2440	2017	1167
2815	2048	1280	2653	2013	1166
3071	2048	1280	2869	2010	1162
3327	2048	1280	3082	2008	1161
3583	2048	1280	3298	2005	1160
3839	2048	1280	3515	2003	1160
4095	2048	1280	3729	2003	1158
0	2303	1280	273	2279	1177
256	2303	1280	500	2278	1177
512	2303	1280	718	2276	1175
768	2303	1280	934	2281	1176
1024	2303	1280	1155	2279	1175
1280	2303	1280	1373	2275	1173
1536	2303	1280	1583	2274	1172
1792	2303	1280	1799	2274	1171
2048	2303	1280	2016	2273	1170
2303	2303	1280	2251	2274	1171
2559	2303	1280	2464	2276	1172
2815	2303	1280	2682	2274	1170
3071	2303	1280	2896	2270	1167
3327	2303	1280	3108	2265	1165
3583	2303	1280	3327	2266	1163
3839	2303	1280	3547	2264	1162
4095	2303	1280	3759	2264	1162
0	2559	1280	302	2534	1181
256	2559	1280	529	2531	1179
512	2559	1280	747	2529	1177
768	2559	1280	963	2535	1178
1024	2559	1280	1185	2532	1179
1280	2559	1280	1401	2527	1175
1536	2559	1280	1612	2525	1174
1792	2559	1280	1828	2526	1174
2048	2559	1280	2046	2524	1173
2303	2559	1280	2287	2530	1175
2559	2559	1280	2496	2529	1174
2815	2559	1280	2713	2526	1174
3071	2559	1280	2929	2523	1172
3327	2559	1280	3142	2519	1168
3583	2559	1280	3359	2516	1168
3839	2559	1280	3581	2518	1168
4095	2559	1280	3790	2515	1166
0	2815	1280	330	2783	1184
256	2815	1280	557	2784	1183
512	2815	1280	775	2780	1182
768	2815	1280	986	2777	1180
1024	2815	1280	1212	2776	1182
1280	2815	1280	1429	2776	1180
1536	2815	1280	1641	2774	1178
1792	2815	1280	1857	2772	1177
2048	2815	1280	2081	2775	1177
2303	2815	1280	2314	2775	1178
2559	2815	1280	2522	2774	1178
2815	2815	1280	2742	2770	1177
3071	2815	1280	2957	2767	1174
3327	2815	1280	3173	2765	1173
3583	2815	1280	3390	2761	1170
3839	2815	1280	3604	2758	1170
4095	2815	1280	3818	2758	1169
0	3071	1280	355	3030	1187
256	3071	1280	581	3028	1187
512	3071	1280	799	3026	1185
768	3071	1280	1014	3034	1187
1024	3071	1280	1240	3028	1184
1280	3071	1280	1454	3026	1183
1536	3071	1280	1668	3023	1183
1792	3071	1280	1884	3023	1181
2048	3071	1280	2108	3022	1182
2303	3071	1280	2337	3020	1181
2559	3071	1280	2545	3018	1180
2815	3071	1280	2767	3016	1179
3071	3071	1280	2980	3011	1177
3327	3071	1280	3197	3008	1174
3583	3071	1280	3417	3008	1174
3839	3071	1280	3632	3006	1171
4095	3071	1280	3842	3005	1172
0	3327	1280	382	3285	1191
256	3327	1280	607	3285	1190
512	3327	1280	825	3282	1189
768	3327	1280	1041	3283	1191
1024	3327	1280	1269	3282	1190
1280	3327	1280	1479	3274	1186
1536	3327	1280	1693	3272	1185
1792	3327	1280	1913	3273	1185
2048	3327	1280	2140	3275	1185
2303	3327	1280	2366	3274	1184
2559	3327	1280	2575	3271	1182
2815	3327	1280	2795	3265	1181
3071	3327	1280	3013	3266	1181
3327	3327	1280	3230	3263	1178
3583	3327	1280	3447	3257	1177
3839	3327	1280	3663	3256	1176
4095	3327	1280	3874	3257	1176
0	3583	1280	409	3534	1196
256	3583	1280	634	3533	1196
512	3583	1280	852	3530	1194
768	3583	1280	1069	3531	1194
1024	3583	1280	1298	3526	1192
1280	3583	1280	1505	3521	1191
1536	3583	1280	1721	3518	1188
1792	3583	1280	1940	3518	1188
2048	3583	1280	2168	3518	1189
2303	3583	1280	2392	3518	1187
2559	3583	1280	2606	3520	1187
2815	3583	1280	2825	3511	1184
3071	3583	1280	3040	3509	1183
3327	3583	1280	3258	3506	1184
3583	3583	1280	3479	3504	1182
3839	3583	1280	3698	3506	1181
4095	3583	1280	3907	3505	1181
0	3839	1280	437	3784	1201
256	3839	1280	660	3782	1200
512	3839	1280	878	3780	1199
768	3839	1280	1097	3778	1198
1024	3839	1280	1325	3774	1196
1280	3839	1280	1534	3772	1195
1536	3839	1280	1750	3768	1194
1792	3839	1280	1969	3767	1193
2048	3839	1280	2201	3766	1192
2303	3839	1280	2421	3766	1192
2559	3839	1280	2635	3764	1192
2815	3839	1280	2856	3760	1190
3071	3839	1280	3069	3754	1187
3327	3839	1280	3293	3757	1188
3583	3839	1280	3516	3757	1187
3839	3839	1280	3731	3755	1187
4095	3839	1280	3937	3752	1186
0	4095	1280	465	4032	1207
256	4095	1280	687	4029	1206
512	4095	1280	905	4026	1205
768	4095	1280	1127	4023	1204
1024	4095	1280	1353	4019	1202
1280	4095	1280	1560	4011	1198
1536	4095	1280	1778	4008	1198
1792	4095	1280	1999	4009	1197
2048	4095	1280	2235	4011	1198
2303	4095	1280	2452	4010	1197
2559	4095	1280	2665	4005	1195
2815	4095	1280	2885	4000	1194
3071	4095	1280	3102	3996	1192
3327	4095	1280	3324	3998	1193
3583	4095	1280	3545	3995	1193
3839	4095	1280	3759	3994	1192
4095	4095	1280	3967	3992	1191
0	0	1536	56	23	1373
256	0	1536	282	23	1372
512	0	1536	505	25	1371
768	0	1536	718	26	1370
1024	0	1536	929	26	1371
1280	0	1536	1147	28	1368
1536	0	1536	1361	28	1364
1792	0	1536	1567	29	1363
2048	0	1536	1778	29	1363
2303	0	1536	1992	30	1365
2559	0	1536	2229	31	1365
2815	0	1536	2435	32	1365
3071	0	1536	2648	33	1363
3327	0	1536	2862	33	1360
3583	0	1536	3074	34	1359
3839	0	1536	3292	34	1359
4095	0	1536	3507	35	1358
0	256	1536	81	276	1377
256	256	1536	306	277	1376
512	256	1536	529	279	1374
768	256	1536	744	279	1373
1024	256	1536	953	281	1374
1280	256	1536	1173	281	1371
1536	256	1536	1386	281	1369
1792	256	1536	1594	281	1369
2048	256	1536	1808	283	1369
2303	256	1536	2025	284	1368
2559	256	1536	2259	284	1369
2815	256	1536	2465	286	1368
3071	256	1536	2681	285	1366
3327	256	1536	2893	286	1364
3583	256	1536	3107	285	1363
3839	256	1536	3324	286	1361
4095	256	1536	3539	286	1361
0	512	1536	106	526	1382
256	512	1536	331	527	1380
512	512	1536	553	527	1377
768	512	1536	768	528	1377
1024	512	1536	976	528	1377
1280	512	1536	1199	528	1374
1536	512	1536	1411	529	1373
1792	512	1536	1620	528	1372
2048	512	1536	1832	529	1371
2303	512	1536	2051	529	1372
2559	512	1536	2283	531	1372
2815	512	1536	2488	530	1373
3071	512	1536	2704	530	1369
3327	512	1536	2919	530	1369
3583	512	1536	3133	530	1367
3839	512	1536	3347	530	1365
4095	512	1536	3564	530	1364
0	768	1536	131	778	1385
256	768	1536	355	778	1383
512	768	1536	577	779	1382
768	768	1536	793	779	1382
1024	768	1536	1000	779	1381
1280	768	1536	1225	779	1379
1536	768	1536	1436	779	1377
1792	768	1536	1646	779	1377
2048	768	1536	1858	778	1377
2303	768	1536	2081	780	1377
2559	768	1536	2310	780	1378
2815	768	1536	2519	782	1376
3071	768	1536	2734	780	1375
3327	768	1536	2948	780	1373
3583	768	1536	3163	780	1370
3839	768	1536	3378	779	1369
4095	768	1536	3591	779	1368
0	1024	1536	157	1027	1387
256	1024	1536	381	1027	1385
512	1024	1536	602	1028	1383
768	1024	1536	817	1028	1383
1024	1024	1536	1027	1028	1382
1280	1024	1536	1252	1027	1381
1536	1024	1536	1459	1026	1378
1792	1024	1536	1674	1027	1381
2048	1024	1536	1889	1028	1381
2303	1024	1536	2112	1028	1382
2559	1024	1536	2339	1029	1383
2815	1024	1536	2547	1030	1381
3071	1024	1536	2766	1028	1378
3327	1024	1536	2975	1027	1376
3583	1024	1536	3190	1025	1374
3839	1024	1536	3407	1025	1372
4095	1024	1536	3619	1023	1370
0	1280	1536	181	1280	1391
256	1280	1536	405	1280	1389
512	1280	1536	625	1279	1387
768	1280	1536	840	1280	1387
1024	1280	1536	1052	1279	1385
1280	1280	1536	1276	1278	1382
1536	1280	1536	1485	1278	1383
1792	1280	1536	1697	1278	1381
2048	1280	1536	1912	1278	1382
2303	1280	1536	2140	1280	1383
2559	1280	1536	2364	1282	1384
2815	1280	1536	2573	1280	1383
3071	1280	1536	2791	1279	1380
3327	1280	1536	3000	1276	1379
3583	1280	1536	3217	1276	1377
3839	1280	1536	3432	1273	1374
4095	1280	1536	3644	1273	1373
0	1536	1536	207	1528	1395
256	1536	1536	432	1528	1394
512	1536	1536	652	1528	1392
768	1536	1536	867	1528	1392
1024	1536	1536	1083	1530	1392
1280	1536	1536	1305	1526	1388
1536	1536	1536	1511	1524	1387
1792	1536	1536	1726	1525	1387
2048	1536	1536	1943	1525	1387
2303	1536	1536	2169	1525	1385
2559	1536	1536	2389	1525	1387
2815	1536	1536	2602	1526	1386
3071	1536	1536	2820	1523	1384
3327	1536	1536	3029	1520	1381
3583	1536	1536	3245	1519	1379
3839	1536	1536	3463	1518	1378
4095	1536	1536	3674	1517	1376
0	1792	1536	232	1776	1399
256	1792	1536	459	1778	1399
512	1792	1536	678	1776	1398
768	1792	1536	892	1776	1397
1024	1792	1536	1111	1776	1397
1280	1792	1536	1332	1774	1394
1536	1792	1536	1539	1772	1392
1792	1792	1536	1752	1769	1390
2048	1792	1536	1972	1773	1392
2303	1792	1536	2200	1771	1391
2559	1792	1536	2417	1773	1391
2815	1792	1536	2632	1772	1392
3071	1792	1536	2847	1768	1388
3327	1792	1536	3057	1766	1385
3583	1792	1536	3276	1765	1384
3839	1792	1536	3493	1764	1382
4095	1792	1536	3706	1763	1381
0	2048	1536	259	2023	1405
256	2048	1536	484	2021	1404
512	2048	1536	703	2021	1404
768	2048	1536	917	2021	1402
1024	2048	1536	1138	2020	1402
1280	2048	1536	1358	2019	1400
1536	2048	1536	1567	2017	1398
1792	2048	1536	1782	2016	1396
2048	2048	1536	2002	2018	1397
2303	2048	1536	2234	2019	1397
2559	2048	1536	2448	2021	1397
2815	2048	1536	2663	2018	1397
3071	2048	1536	2878	2013	1392
3327	2048	1536	3091	2010	1390
3583	2048	1536	3308	2009	1389
3839	2048	1536	3525	2006	1388
4095	2048	1536	3739	2007	1387
0	2303	1536	283	2286	1410
256	2303	1536	510	2284	1409
512	2303	1536	728	2283	1407
768	2303	1536	943	2285	1408
1024	2303	1536	1165	2283	1406
1280	2303	1536	1381	2277	1403
1536	2303	1536	1590	2276	1402
1792	2303	1536	1809	2278	1402
2048	2303	1536	2028	2279	1403
2303	2303	1536	2261	2278	1402
2559	2303	1536	2474	2280	1403
2815	2303	1536	2689	2276	1401
3071	2303	1536	2903	2271	1396
3327	2303	1536	3117	2269	1394
3583	2303	1536	3336	2268	1393
3839	2303	1536	3553	2266	1391
4095	2303	1536	3770	2269	1392
0	2559	1536	313	2541	1415
256	2559	1536	539	2539	1413
512	2559	1536	757	2534	1410
768	2559	1536	970	2537	1410
1024	2559	1536	1196	2536	1411
1280	2559	1536	1410	2532	1407
1536	2559	1536	1622	2530	1405
1792	2559	1536	1839	2531	1405
2048	2559	1536	2059	2530	1405
2303	2559	1536	2294	2531	1406
2559	2559	1536	2502	2530	1404
2815	2559	1536	2720	2527	1404
3071	2559	1536	2936	2525	1400
3327	2559	1536	3153	2523	1399
3583	2559	1536	3371	2521	1398
3839	2559	1536	3587	2520	1396
4095	2559	1536	3800	2519	1396
0	2815	1536	339	2785	1416
256	2815	1536	565	2785	1415
512	2815	1536	783	2782	1413
768	2815	1536	995	2784	1414
1024	2815	1536	1222	2781	1413
1280	2815	1536	1437	2781	1412
1536	2815	1536	1650	2777	1410
1792	2815	1536	1866	2776	1408
2048	2815	1536	2089	2776	1408
2303	2815	1536	2323	2778	1409
2559	2815	1536	2529	2776	1408
2815	2815	1536	2750	2773	1406
3071	2815	1536	2966	2771	1405
3327	2815	1536	3182	2767	1402
3583	2815	1536	3399	2765	1401
3839	2815	1536	3616	2763	1400
4095	2815	1536	3827	2763	1400
0	3071	1536	365	3037	1419
256	3071	1536	590	3034	1418
512	3071	1536	808	3033	1417
768	3071	1536	1022	3036	1418
1024	3071	1536	1250	3032	1417
1280	3071	1536	1461	3027	1414
1536	3071	1536	1675	3025	1413
1792	3071	1536	1891	3023	1412
2048	3071	1536	2117	3024	1412
2303	3071	1536	2347	3025	1413
2559	3071	1536	2554	3022	1411
2815	3071	1536	2775	3019	1410
3071	3071	1536	2989	3014	1406
3327	3071	1536	3207	3013	1405
3583	3071	1536	3427	3012	1404
3839	3071	1536	3644	3012	1403
4095	3071	1536	3855	3011	1403
0	3327	1536	391	3288	1425
256	3327	1536	616	3288	1423
512	3327	1536	834	3286	1423
768	3327	1536	1050	3287	1422
1024	3327	1536	1279	3284	1421
1280	3327	1536	1486	3277	1418
1536	3327	1536	1701	3275	1416
1792	3327	1536	1920	3275	1415
2048	3327	1536	2146	3275	1415
2303	3327	1536	2373	3275	1415
2559	3327	1536	2584	3275	1414
2815	3327	1536	2803	3267	1411
3071	3327	1536	3020	3267	1411
3327	3327	1536	3238	3264	1409
3583	3327	1536	3457	3262	1408
3839	3327	1536	3674	3262	1408
4095	3327	1536	3881	3260	1407
0	3583	1536	418	3536	1429
256	3583	1536	642	3534	1428
512	3583	1536	859	3533	1427
768	3583	1536	1077	3533	1427
1024	3583	1536	1305	3529	1424
1280	3583	1536	1513	3524	1423
1536	3583	1536	1727	3518	1420
1792	3583	1536	1947	3519	1420
2048	3583	1536	2176	3519	1420
2303	3583	1536	2400	3520	1419
2559	3583	1536	2613	3519	1418
2815	3583	1536	2834	3514	1416
3071	3583	1536	3049	3512	1415
3327	3583	1536	3269	3510	1414
3583	3583	1536	3487	3506	1412
3839	3583	1536	3705	3506	1412
4095	3583	1536	3915	3508	1412
0	3839	1536	446	3786	1434
256	3839	1536	668	3784	1433
512	3839	1536	886	3784	1432
768	3839	1536	1107	3783	1432
1024	3839	1536	1333	3777	1429
1280	3839	1536	1541	3770	1426
1536	3839	1536	1756	3766	1425
1792	3839	1536	1976	3766	1423
2048	3839	1536	2209	3768	1424
2303	3839	1536	2429	3768	1424
2559	3839	1536	2643	3766	1424
2815	3839	1536	2864	3763	1422
3071	3839	1536	3081	3760	1421
3327	3839	1536	3302	3760	1421
3583	3839	1536	3524	3758	1419
3839	3839	1536	3739	3758	1417
4095	3839	1536	3947	3756	1418
0	4095	1536	474	4031	1441
256	4095	1536	696	4029	1440
512	4095	1536	913	4027	1439
768	4095	1536	1135	4025	1438
1024	4095	1536	1360	4018	1435
1280	4095	1536	1569	4012	1430
1536	4095	1536	1785	4009	1430
1792	4095	1536	2006	4010	1429
2048	4095	1536	2243	4013	1430
2303	4095	1536	2460	4013	1430
2559	4095	1536	2675	4010	1429
2815	4095	1536	2895	4004	1427
3071	4095	1536	3111	4001	1425
3327	4095	1536	3332	4000	1425
3583	4095	1536	3558	4001	1426
3839	4095	1536	3769	3998	1424
4095	4095	1536	3977	3996	1423
0	0	1792	65	27	1595
256	0	1792	291	27	1596
512	0	1792	515	29	1595
768	0	1792	729	29	1594
1024	0	1792	937	31	1593
1280	0	1792	1157	31	1592
1536	0	1792	1371	32	1587
1792	0	1792	1576	32	1584
2048	0	1792	1787	33	1586
2303	0	1792	2002	35	1589
2559	0	1792	2244	35	1587
2815	0	1792	2450	36	1587
3071	0	1792	2663	36	1584
3327	0	1792	2876	37	1583
3583	0	1792	3089	37	1580
3839	0	1792	3302	39	1578
4095	0	1792	3518	40	1578
0	256	1792	90	279	1601
256	256	1792	316	282	1599
512	256	1792	539	283	1596
768	256	1792	755	284	1595
1024	256	1792	962	284	1596
1280	256	1792	1185	286	1594
1536	256	1792	1397	286	1591
1792	256	1792	1604	286	1592
2048	256	1792	1821	288	1590
2303	256	1792	2039	288	1590
2559	256	1792	2270	289	1591
2815	256	1792	2473	289	1590
3071	256	1792	2691	289	1589
3327	256	1792	2905	289	1586
3583	256	1792	3119	290	1584
3839	256	1792	3335	291	1583
4095	256	1792	3550	291	1582
0	512	1792	115	531	1605
256	512	1792	339	530	1604
512	512	1792	561	531	1601
768	512	1792	776	531	1600
1024	512	1792	986	533	1599
1280	512	1792	1208	533	1596
1536	512	1792	1422	533	1598
1792	512	1792	1631	533	1595
2048	512	1792	1842	532	1594
2303	512	1792	2062	534	1597
2559	512	1792	2295	535	1595
2815	512	1792	2500	535	1595
3071	512	1792	2720	536	1594
3327	512	1792	2930	535	1590
3583	512	1792	3145	535	1588
3839	512	1792	3363	535	1587
4095	512	1792	3578	536	1583
0	768	1792	141	783	1608
256	768	1792	365	784	1606
512	768	1792	587	784	1605
768	768	1792	802	783	1605
1024	768	1792	1010	784	1605
1280	768	1792	1236	783	1603
1536	768	1792	1448	785	1600
1792	768	1792	1657	783	1598
2048	768	1792	1872	784	1600
2303	768	1792	2095	785	1599
2559	768	1792	2321	786	1601
2815	768	1792	2527	786	1600
3071	768	1792	2749	786	1597
3327	768	1792	2958	784	1595
3583	768	1792	3173	783	1592
3839	768	1792	3387	783	1589
4095	768	1792	3599	781	1589
0	1024	1792	167	1031	1608
256	1024	1792	389	1031	1612
512	1024	1792	611	1031	1611
768	1024	1792	826	1033	1611
1024	1024	1792	1040	1034	1606
1280	1024	1792	1263	1033	1606
1536	1024	1792	1467	1029	1605
1792	1024	1792	1683	1031	1606
2048	1024	1792	1897	1032	1605
2303	1024	1792	2123	1032	1606
2559	1024	1792	2350	1035	1606
2815	1024	1792	2558	1034	1603
3071	1024	1792	2775	1032	1600
3327	1024	1792	2988	1031	1598
3583	1024	1792	3199	1029	1595
3839	1024	1792	3417	1028	1593
4095	1024	1792	3632	1029	1592
0	1280	1792	192	1287	1616
256	1280	1792	415	1286	1614
512	1280	1792	636	1287	1613
768	1280	1792	849	1285	1612
1024	1280	1792	1063	1284	1610
1280	1280	1792	1288	1285	1607
1536	1280	1792	1498	1287	1610
1792	1280	1792	1710	1286	1605
2048	1280	1792	1927	1285	1606
2303	1280	1792	2153	1286	1606
2559	1280	1792	2372	1285	1606
2815	1280	1792	2582	1284	1604
3071	1280	1792	2800	1282	1601
3327	1280	1792	3011	1281	1602
3583	1280	1792	3230	1282	1600
3839	1280	1792	3442	1278	1597
4095	1280	1792	3655	1278	1598
0	1536	1792	217	1531	1620
256	1536	1792	443	1535	1620
512	1536	1792	662	1534	1619
768	1536	1792	875	1533	1617
1024	1536	1792	1091	1531	1614
1280	1536	1792	1313	1530	1612
1536	1536	1792	1522	1530	1613
1792	1536	1792	1734	1527	1611
2048	1536	1792	1952	1529	1611
2303	1536	1792	2184	1532	1612
2559	1536	1792	2402	1533	1612
2815	1536	1792	2612	1530	1610
3071	1536	1792	2829	1527	1605
3327	1536	1792	3042	1526	1603
3583	1536	1792	3255	1522	1600
3839	1536	1792	3474	1523	1600
4095	1536	1792	3690	1523	1599
0	1792	1792	242	1781	1624
256	1792	1792	468	1783	1625
512	1792	1792	687	1782	1625
768	1792	1792	901	1782	1624
1024	1792	1792	1119	1779	1620
1280	1792	1792	1339	1776	1617
1536	1792	1792	1550	1778	1618
1792	1792	1792	1762	1774	1614
2048	1792	1792	1981	1776	1615
2303	1792	1792	2213	1777	1615
2559	1792	1792	2428	1779	1617
2815	1792	1792	2643	1778	1616
3071	1792	1792	2858	1774	1612
3327	1792	1792	3069	1770	1608
3583	1792	1792	3285	1769	1604
3839	1792	1792	3507	1769	1605
4095	1792	1792	3721	1770	1604
0	2048	1792	268	2028	1631
256	2048	1792	494	2026	1630
512	2048	1792	713	2029	1631
768	2048	1792	928	2029	1630
1024	2048	1792	1149	2028	1629
1280	2048	1792	1369	2025	1624
1536	2048	1792	1578	2024	1624
1792	2048	1792	1794	2023	1622
2048	2048	1792	2012	2023	1622
2303	2048	1792	2245	2023	1622
2559	2048	1792	2458	2024	1622
2815	2048	1792	2674	2023	1622
3071	2048	1792	2889	2018	1618
3327	2048	1792	3102	2015	1614
3583	2048	1792	3320	2014	1613
3839	2048	1792	3539	2013	1612
4095	2048	1792	3753	2014	1613
0	2303	1792	294	2295	1638
256	2303	1792	521	2294	1638
512	2303	1792	740	2292	1636
768	2303	1792	953	2292	1635
1024	2303	1792	1175	2288	1633
1280	2303	1792	1391	2285	1630
1536	2303	1792	1601	2282	1628
1792	2303	1792	1817	2281	1627
2048	2303	1792	2039	2283	1628
2303	2303	1792	2276	2285	1629
2559	2303	1792	2484	2285	1628
2815	2303	1792	2698	2279	1624
3071	2303	1792	2914	2277	1621
3327	2303	1792	3131	2276	1619
3583	2303	1792	3348	2274	1618
3839	2303	1792	3565	2271	1616
4095	2303	1792	3786	2276	1619
0	2559	1792	323	2551	1645
256	2559	1792	550	2549	1643
512	2559	1792	768	2546	1640
768	2559	1792	979	2542	1637
1024	2559	1792	1206	2541	1636
1280	2559	1792	1423	2541	1634
1536	2559	1792	1634	2538	1632
1792	2559	1792	1849	2536	1630
2048	2559	1792	2071	2536	1631
2303	2559	1792	2306	2537	1631
2559	2559	1792	2510	2533	1630
2815	2559	1792	2730	2531	1628
3071	2559	1792	2945	2528	1624
3327	2559	1792	3166	2529	1625
3583	2559	1792	3384	2528	1623
3839	2559	1792	3595	2521	1619
4095	2559	1792	3814	2527	1622
0	2815	1792	348	2791	1644
256	2815	1792	574	2790	1643
512	2815	1792	792	2788	1640
768	2815	1792	1007	2795	1644
1024	2815	1792	1234	2790	1640
1280	2815	1792	1448	2786	1638
1536	2815	1792	1661	2785	1637
1792	2815	1792	1876	2782	1634
2048	2815	1792	2100	2781	1634
2303	2815	1792	2333	2785	1635
2559	2815	1792	2541	2783	1635
2815	2815	1792	2760	2777	1631
3071	2815	1792	2975	2774	1629
3327	2815	1792	3192	2771	1626
3583	2815	1792	3413	2771	1627
3839	2815	1792	3632	2773	1626
4095	2815	1792	3840	2769	1626
0	3071	1792	375	3046	1648
256	3071	1792	601	3043	1646
512	3071	1792	818	3042	1646
768	3071	1792	1033	3043	1646
1024	3071	1792	1261	3038	1645
1280	3071	1792	1471	3032	1640
1536	3071	1792	1684	3030	1639
1792	3071	1792	1902	3028	1638
2048	3071	1792	2128	3030	1637
2303	3071	1792	2359	3032	1639
2559	3071	1792	2567	3030	1638
2815	3071	1792	2786	3023	1635
3071	3071	1792	3001	3022	1632
3327	3071	1792	3221	3020	1631
3583	3071	1792	3443	3021	1629
3839	3071	1792	3660	3021	1631
4095	3071	1792	3869	3020	1629
0	3327	1792	401	3295	1653
256	3327	1792	626	3292	1650
512	3327	1792	844	3294	1651
768	3327	1792	1061	3296	1651
1024	3327	1792	1288	3289	1647
1280	3327	1792	1497	3285	1645
1536	3327	1792	1712	3283	1643
1792	3327	1792	1930	3281	1641
2048	3327	1792	2157	3279	1641
2303	3327	1792	2383	3281	1641
2559	3327	1792	2596	3280	1641
2815	3327	1792	2815	3275	1638
3071	3327	1792	3026	3269	1635
3327	3327	1792	3247	3268	1634
3583	3327	1792	3473	3272	1635
3839	3327	1792	3688	3269	1634
4095	3327	1792	3893	3266	1633
0	3583	1792	427	3542	1657
256	3583	1792	652	3541	1655
512	3583	1792	869	3540	1655
768	3583	1792	1087	3539	1655
1024	3583	1792	1315	3536	1652
1280	3583	1792	1523	3530	1650
1536	3583	1792	1737	3525	1647
1792	3583	1792	1957	3524	1647
2048	3583	1792	2187	3526	1646
2303	3583	1792	2410	3526	1646
2559	3583	1792	2624	3525	1645
2815	3583	1792	2845	3522	1643
3071	3583	1792	3061	3519	1641
3327	3583	1792	3280	3516	1640
3583	3583	1792	3499	3511	1637
3839	3583	1792	3715	3512	1639
4095	3583	1792	3926	3513	1638
0	3839	1792	455	3792	1663
256	3839	1792	678	3791	1662
512	3839	1792	895	3789	1661
768	3839	1792	1116	3788	1660
1024	3839	1792	1342	3783	1657
1280	3839	1792	1550	3775	1653
1536	3839	1792	1766	3773	1653
1792	3839	1792	1985	3772	1651
2048	3839	1792	2221	3776	1653
2303	3839	1792	2441	3778	1654
2559	3839	1792	2657	3777	1653
2815	3839	1792	2878	3774	1652
3071	3839	1792	3096	3772	1650
3327	3839	1792	3313	3765	1648
3583	3839	1792	3535	3764	1646
3839	3839	1792	3750	3763	1644
4095	3839	1792	3961	3764	1645
0	4095	1792	483	4036	1669
256	4095	1792	705	4033	1668
512	4095	1792	922	4034	1668
768	4095	1792	1145	4031	1667
1024	4095	1792	1368	4024	1663
1280	4095	1792	1579	4019	1659
1536	4095	1792	1797	4018	1658
1792	4095	1792	2016	4017	1658
2048	4095	1792	2255	4021	1659
2303	4095	1792	2472	4023	1661
2559	4095	1792	2690	4021	1660
2815	4095	1792	2910	4018	1658
3071	4095	1792	3125	4010	1655
3327	4095	1792	3346	4009	1653
3583	4095	1792	3571	4010	1653
3839	4095	1792	3782	4006	1652
4095	4095	1792	3989	4003	1651
0	0	2048	75	30	1821
256	0	2048	301	32	1822
512	0	2048	524	32	1821
768	0	2048	741	34	1820
1024	0	2048	949	34	1818
1280	0	2048	1170	35	1818
1536	0	2048	1385	36	1814
1792	0	2048	1591	36	1811
2048	0	2048	1803	38	1812
2303	0	2048	2020	38	1813
2559	0	2048	2259	39	1814
2815	0	2048	2465	39	1814
3071	0	2048	2679	40	1810
3327	0	2048	2892	40	1807
3583	0	2048	3104	42	1804
3839	0	2048	3318	43	1800
4095	0	2048	3535	43	1800
0	256	2048	101	285	1826
256	256	2048	326	286	1823
512	256	2048	549	288	1821
768	256	2048	765	289	1819
1024	256	2048	973	289	1821
1280	256	2048	1199	291	1819
1536	256	2048	1410	291	1817
1792	256	2048	1620	291	1816
2048	256	2048	1835	292	1815
2303	256	2048	2055	293	1815
2559	256	2048	2288	294	1818
2815	256	2048	2492	294	1816
3071	256	2048	2708	295	1813
3327	256	2048	2922	294	1811
3583	256	2048	3133	295	1807
3839	256	2048	3347	294	1806
4095	256	2048	3565	295	1805
0	512	2048	125	535	1831
256	512	2048	349	536	1831
512	512	2048	571	537	1829
768	512	2048	786	536	1827
1024	512	2048	997	538	1827
1280	512	2048	1220	537	1824
1536	512	2048	1433	538	1824
1792	512	2048	1643	538	1820
2048	512	2048	1856	538	1819
2303	512	2048	2078	539	1822
2559	512	2048	2310	541	1821
2815	512	2048	2515	541	1820
3071	512	2048	2735	541	1818
3327	512	2048	2946	540	1814
3583	512	2048	3161	540	1812
3839	512	2048	3380	541	1810
4095	512	2048	3593	540	1806
0	768	2048	152	789	1834
256	768	2048	375	791	1833
512	768	2048	598	791	1831
768	768	2048	814	791	1830
1024	768	2048	1025	791	1834
1280	768	2048	1250	791	1830
1536	768	2048	1460	791	1825
1792	768	2048	1669	789	1823
2048	768	2048	1885	790	1825
2303	768	2048	2111	792	1825
2559	768	2048	2336	792	1827
2815	768	2048	2543	792	1825
3071	768	2048	2762	791	1821
3327	768	2048	2972	789	1819
3583	768	2048	3188	789	1815
3839	768	2048	3404	788	1813
4095	768	2048	3617	788	1813
0	1024	2048	176	1038	1840
256	1024	2048	401	1038	1840
512	1024	2048	620	1038	1838
768	1024	2048	836	1038	1839
1024	1024	2048	1053	1042	1835
1280	1024	2048	1277	1040	1833
1536	1024	2048	1480	1036	1833
1792	1024	2048	1696	1038	1830
2048	1024	2048	1912	1038	1830
2303	1024	2048	2139	1040	1831
2559	1024	2048	2363	1041	1831
2815	1024	2048	2572	1040	1828
3071	1024	2048	2788	1037	1822
3327	1024	2048	3001	1037	1822
3583	1024	2048	3215	1036	1820
3839	1024	2048	3433	1035	1817
4095	1024	2048	3648	1036	1817
0	1280	2048	202	1295	1843
256	1280	2048	427	1296	1842
512	1280	2048	647	1295	1841
768	1280	2048	861	1294	1837
1024	1280	2048	1077	1294	1837
1280	1280	2048	1303	1294	1836
1536	1280	2048	1510	1294	1837
1792	1280	2048	1721	1291	1833
2048	1280	2048	1939	1292	1833
2303	1280	2048	2167	1292	1834
2559	1280	2048	2387	1292	1835
2815	1280	2048	2596	1291	1832
3071	1280	2048	2812	1288	1828
3327	1280	2048	3026	1288	1826
3583	1280	2048	3246	1287	1824
3839	1280	2048	3459	1285	1822
4095	1280	2048	3675	1286	1824
0	1536	2048	226	1538	1844
256	1536	2048	453	1540	1845
512	1536	2048	671	1540	1844
768	1536	2048	886	1540	1843
1024	1536	2048	1103	1538	1840
1280	1536	2048	1325	1536	1837
1536	1536	2048	1535	1537	1838
1792	1536	2048	1748	1536	1836
2048	1536	2048	1965	1536	1835
2303	1536	2048	2197	1538	1835
2559	1536	2048	2415	1539	1836
2815	1536	2048	2626	1537	1834
3071	1536	2048	2842	1533	1829
3327	1536	2048	3055	1532	1827
3583	1536	2048	3272	1530	1825
3839	1536	2048	3492	1530	1825
4095	1536	2048	3709	1532	1827
0	1792	2048	252	1791	1852
256	1792	2048	479	1789	1849
512	1792	2048	698	1789	1849
768	1792	2048	913	1790	1850
1024	1792	2048	1132	1788	1847
1280	1792	2048	1352	1783	1842
1536	1792	2048	1562	1785	1843
1792	1792	2048	1777	1785	1841
2048	1792	2048	1995	1784	1841
2303	1792	2048	2227	1785	1840
2559	1792	2048	2440	1784	1840
2815	1792	2048	2654	1783	1839
3071	1792	2048	2872	1780	1836
3327	1792	2048	3085	1778	1833
3583	1792	2048	3302	1776	1830
3839	1792	2048	3526	1779	1831
4095	1792	2048	3738	1778	1830
0	2048	2048	278	2035	1858
256	2048	2048	506	2037	1859
512	2048	2048	724	2036	1857
768	2048	2048	940	2039	1858
1024	2048	2048	1162	2036	1856
1280	2048	2048	1380	2033	1850
1536	2048	2048	1590	2032	1850
1792	2048	2048	1806	2030	1848
2048	2048	2048	2025	2031	1848
2303	2048	2048	2259	2030	1847
2559	2048	2048	2470	2030	1846
2815	2048	2048	2686	2028	1845
3071	2048	2048	2902	2025	1842
3327	2048	2048	3117	2023	1839
3583	2048	2048	3335	2021	1837
3839	2048	2048	3553	2020	1837
4095	2048	2048	3770	2021	1838
0	2303	2048	303	2303	1866
256	2303	2048	532	2301	1865
512	2303	2048	750	2300	1863
768	2303	2048	963	2300	1862
1024	2303	2048	1188	2298	1861
1280	2303	2048	1405	2295	1857
1536	2303	2048	1615	2291	1854
1792	2303	2048	1830	2290	1853
2048	2303	2048	2051	2289	1852
2303	2303	2048	2289	2293	1854
2559	2303	2048	2497	2293	1852
2815	2303	2048	2712	2288	1849
3071	2303	2048	2928	2285	1846
3327	2303	2048	3145	2283	1844
3583	2303	2048	3366	2283	1843
3839	2303	2048	3583	2281	1841
4095	2303	2048	3798	2283	1843
0	2559	2048	333	2559	1871
256	2559	2048	561	2557	1869
512	2559	2048	779	2555	1867
768	2559	2048	992	2554	1866
1024	2559	2048	1219	2551	1863
1280	2559	2048	1434	2547	1860
1536	2559	2048	1644	2544	1857
1792	2559	2048	1860	2542	1856
2048	2559	2048	2085	2544	1857
2303	2559	2048	2319	2545	1857
2559	2559	2048	2525	2542	1855
2815	2559	2048	2742	2538	1853
3071	2559	2048	2958	2535	1849
3327	2559	2048	3181	2538	1850
3583	2559	2048	3402	2537	1850
3839	2559	2048	3615	2534	1846
4095	2559	2048	3830	2536	1847
0	2815	2048	359	2801	1871
256	2815	2048	586	2802	1871
512	2815	2048	804	2801	1870
768	2815	2048	1019	2805	1872
1024	2815	2048	1246	2797	1868
1280	2815	2048	1458	2793	1864
1536	2815	2048	1672	2792	1862
1792	2815	2048	1888	2790	1860
2048	2815	2048	2114	2791	1860
2303	2815	2048	2345	2791	1860
2559	2815	2048	2556	2792	1860
2815	2815	2048	2774	2787	1858
3071	2815	2048	2988	2782	1854
3327	2815	2048	3206	2780	1852
3583	2815	2048	3429	2781	1853
3839	2815	2048	3648	2783	1852
4095	2815	2048	3859	2782	1852
0	3071	2048	385	3054	1876
256	3071	2048	611	3051	1874
512	3071	2048	830	3053	1874
768	3071	2048	1044	3051	1873
1024	3071	2048	1273	3048	1872
1280	3071	2048	1482	3041	1867
1536	3071	2048	1698	3039	1865
1792	3071	2048	1915	3039	1864
2048	3071	2048	2143	3039	1865
2303	3071	2048	2372	3041	1865
2559	3071	2048	2582	3039	1865
2815	3071	2048	2801	3033	1861
3071	3071	2048	3016	3032	1858
3327	3071	2048	3236	3030	1856
3583	3071	2048	3458	3031	1855
3839	3071	2048	3676	3030	1855
4095	3071	2048	3885	3030	1855
0	3327	2048	411	3305	1880
256	3327	2048	636	3304	1878
512	3327	2048	856	3306	1879
768	3327	2048	1072	3306	1878
1024	3327	2048	1299	3297	1872
1280	3327	2048	1509	3293	1871
1536	3327	2048	1726	3293	1870
1792	3327	2048	1943	3291	1869
2048	3327	2048	2172	3291	1868
2303	3327	2048	2397	3290	1869
2559	3327	2048	2610	3291	1868
2815	3327	2048	2833	3289	1866
3071	3327	2048	3044	3282	1863
3327	3327	2048	3263	3280	1861
3583	3327	2048	3489	3282	1862
3839	3327	2048	3705	3281	1861
4095	3327	2048	3912	3279	1860
0	3583	2048	438	3555	1887
256	3583	2048	662	3553	1884
512	3583	2048	880	3551	1884
768	3583	2048	1098	3549	1882
1024	3583	2048	1326	3545	1879
1280	3583	2048	1534	3539	1876
1536	3583	2048	1751	3537	1875
1792	3583	2048	1970	3535	1874
2048	3583	2048	2203	3538	1874
2303	3583	2048	2425	3539	1875
2559	3583	2048	2640	3538	1874
2815	3583	2048	2862	3535	1872
3071	3583	2048	3078	3532	1870
3327	3583	2048	3295	3526	1867
3583	3583	2048	3519	3527	1866
3839	3583	2048	3735	3525	1867
4095	3583	2048	3943	3525	1866
0	3839	2048	465	3802	1892
256	3839	2048	688	3801	1891
512	3839	2048	906	3801	1890
768	3839	2048	1126	3796	1887
1024	3839	2048	1351	3792	1884
1280	3839	2048	1562	3789	1882
1536	3839	2048	1780	3786	1881
1792	3839	2048	1999	3785	1880
2048	3839	2048	2236	3790	1882
2303	3839	2048	2456	3792	1884
2559	3839	2048	2673	3790	1883
2815	3839	2048	2895	3788	1881
3071	3839	2048	3111	3783	1878
3327	3839	2048	3329	3778	1876
3583	3839	2048	3551	3776	1873
3839	3839	2048	3766	3774	1873
4095	3839	2048	3975	3774	1873
0	4095	2048	492	4044	1898
256	4095	2048	715	4043	1896
512	4095	2048	933	4044	1897
768	4095	2048	1156	4041	1895
1024	4095	2048	1379	4034	1890
1280	4095	2048	1591	4032	1889
1536	4095	2048	1810	4031	1888
1792	4095	2048	2030	4028	1887
2048	4095	2048	2269	4034	1888
2303	4095	2048	2487	4035	1890
2559	4095	2048	2705	4034	1890
2815	4095	2048	2925	4029	1887
3071	4095	2048	3140	4023	1884
3327	4095	2048	3361	4021	1882
3583	4095	2048	3584	4019	1881
3839	4095	2048	3795	4013	1878
4095	4095	2048	4004	4013	1878
0	0	2303	85	35	2052
256	0	2303	312	35	2049
512	0	2303	535	37	2047
768	0	2303	751	38	2048
1024	0	2303	961	38	2044
1280	0	2303	1185	39	2042
1536	0	2303	1397	40	2042
1792	0	2303	1606	41	2042
2048	0	2303	1822	41	2042
2303	0	2303	2041	42	2042
2559	0	2303	2273	43	2040
2815	0	2303	2476	43	2039
3071	0	2303	2695	45	2037
3327	0	2303	2908	45	2033
3583	0	2303	3121	46	2030
3839	0	2303	3336	46	2028
4095	0	2303	3550	47	2025
0	256	2303	110	289	2053
256	256	2303	336	291	2049
512	256	2303	559	293	2048
768	256	2303	776	293	2045
1024	256	2303	984	294	2052
1280	256	2303	1209	294	2047
1536	256	2303	1422	295	2042
1792	256	2303	1635	296	2041
2048	256	2303	1850	297	2043
2303	256	2303	2070	298	2043
2559	256	2303	2302	299	2047
2815	256	2303	2506	299	2047
3071	256	2303	2724	299	2039
3327	256	2303	2937	299	2037
3583	256	2303	3151	299	2033
3839	256	2303	3366	299	2029
4095	256	2303	3579	299	2029
0	512	2303	134	540	2060
256	512	2303	360	541	2057
512	512	2303	582	541	2054
768	512	2303	797	542	2053
1024	512	2303	1011	545	2059
1280	512	2303	1235	544	2053
1536	512	2303	1442	542	2050
1792	512	2303	1656	543	2050
2048	512	2303	1872	545	2049
2303	512	2303	2095	545	2048
2559	512	2303	2327	547	2047
2815	512	2303	2534	547	2046
3071	512	2303	2747	545	2043
3327	512	2303	2962	545	2038
3583	512	2303	3174	544	2037
3839	512	2303	3390	544	2037
4095	512	2303	3606	545	2036
0	768	2303	161	795	2064
256	768	2303	386	795	2063
512	768	2303	607	795	2061
768	768	2303	823	795	2060
1024	768	2303	1039	799	2061
1280	768	2303	1264	798	2061
1536	768	2303	1472	796	2055
1792	768	2303	1686	797	2053
2048	768	2303	1900	797	2054
2303	768	2303	2124	797	2055
2559	768	2303	2348	797	2054
2815	768	2303	2557	797	2052
3071	768	2303	2775	795	2045
3327	768	2303	2984	794	2045
3583	768	2303	3203	795	2041
3839	768	2303	3422	795	2039
4095	768	2303	3638	796	2039
0	1024	2303	186	1045	2071
256	1024	2303	411	1046	2069
512	1024	2303	632	1045	2067
768	1024	2303	848	1046	2067
1024	1024	2303	1064	1048	2069
1280	1024	2303	1291	1048	2062
1536	1024	2303	1495	1045	2061
1792	1024	2303	1709	1044	2059
2048	1024	2303	1928	1046	2058
2303	1024	2303	2155	1046	2057
2559	1024	2303	2377	1047	2057
2815	1024	2303	2585	1047	2056
3071	1024	2303	2801	1043	2054
3327	1024	2303	3016	1043	2050
3583	1024	2303	3229	1041	2046
3839	1024	2303	3447	1041	2046
4095	1024	2303	3663	1041	2043
0	1280	2303	211	1302	2077
256	1280	2303	437	1303	2074
512	1280	2303	657	1302	2073
768	1280	2303	873	1303	2074
1024	1280	2303	1092	1303	2071
1280	1280	2303	1314	1300	2069
1536	1280	2303	1523	1299	2067
1792	1280	2303	1736	1299	2062
2048	1280	2303	1952	1298	2063
2303	1280	2303	2179	1298	2062
2559	1280	2303	2399	1298	2062
2815	1280	2303	2612	1298	2060
3071	1280	2303	2832	1297	2055
3327	1280	2303	3041	1294	2055
3583	1280	2303	3260	1294	2054
3839	1280	2303	3479	1293	2053
4095	1280	2303	3690	1292	2050
0	1536	2303	237	1551	2079
256	1536	2303	463	1548	2075
512	1536	2303	684	1549	2075
768	1536	2303	898	1549	2074
1024	1536	2303	1118	1549	2073
1280	1536	2303	1341	1548	2071
1536	1536	2303	1549	1546	2068
1792	1536	2303	1760	1543	2063
2048	1536	2303	1981	1545	2066
2303	1536	2303	2210	1545	2064
2559	1536	2303	2426	1544	2063
2815	1536	2303	2639	1543	2065
3071	1536	2303	2857	1540	2063
3327	1536	2303	3074	1541	2062
3583	1536	2303	3293	1540	2056
3839	1536	2303	3512	1539	2059
4095	1536	2303	3722	1538	2057
0	1792	2303	262	1798	2084
256	1792	2303	488	1794	2078
512	1792	2303	710	1798	2080
768	1792	2303	924	1799	2081
1024	1792	2303	1145	1796	2077
1280	1792	2303	1364	1793	2073
1536	1792	2303	1573	1791	2070
1792	1792	2303	1787	1788	2067
2048	1792	2303	2005	1790	2067
2303	1792	2303	2243	1793	2071
2559	1792	2303	2456	1794	2071
2815	1792	2303	2670	1791	2068
3071	1792	2303	2888	1789	2065
3327	1792	2303	3104	1789	2064
3583	1792	2303	3317	1784	2059
3839	1792	2303	3545	1788	2061
4095	1792	2303	3753	1785	2058
0	2048	2303	288	2046	2090
256	2048	2303	516	2044	2088
512	2048	2303	736	2044	2085
768	2048	2303	950	2047	2089
1024	2048	2303	1173	2043	2085
1280	2048	2303	1391	2039	2080
1536	2048	2303	1601	2038	2077
1792	2048	2303	1816	2036	2075
2048	2048	2303	2037	2036	2076
2303	2048	2303	2276	2041	2078
2559	2048	2303	2487	2040	2079
2815	2048	2303	2702	2037	2075
3071	2048	2303	2917	2034	2071
3327	2048	2303	3135	2032	2070
3583	2048	2303	3354	2031	2068
3839	2048	2303	3571	2028	2065
4095	2048	2303	3789	2032	2069
0	2303	2303	313	2311	2096
256	2303	2303	541	2309	2094
512	2303	2303	761	2309	2093
768	2303	2303	973	2307	2091
1024	2303	2303	1199	2306	2090
1280	2303	2303	1417	2304	2087
1536	2303	2303	1630	2303	2086
1792	2303	2303	1846	2301	2085
2048	2303	2303	2067	2300	2083
2303	2303	2303	2300	2298	2081
2559	2303	2303	2509	2298	2081
2815	2303	2303	2730	2299	2080
3071	2303	2303	2944	2295	2076
3327	2303	2303	3161	2292	2073
3583	2303	2303	3383	2292	2073
3839	2303	2303	3602	2292	2072
4095	2303	2303	3809	2288	2069
0	2559	2303	342	2565	2100
256	2559	2303	570	2564	2099
512	2559	2303	790	2561	2095
768	2559	2303	1004	2565	2098
1024	2559	2303	1230	2559	2092
1280	2559	2303	1445	2555	2089
1536	2559	2303	1658	2554	2088
1792	2559	2303	1874	2552	2087
2048	2559	2303	2098	2552	2085
2303	2559	2303	2329	2550	2084
2559	2559	2303	2538	2550	2084
2815	2559	2303	2760	2549	2083
3071	2559	2303	2974	2546	2080
3327	2559	2303	3196	2546	2079
3583	2559	2303	3420	2548	2080
3839	2559	2303	3637	2547	2079
4095	2559	2303	3845	2544	2076
0	2815	2303	369	2812	2103
256	2815	2303	596	2810	2101
512	2815	2303	816	2813	2102
768	2815	2303	1029	2809	2100
1024	2815	2303	1258	2807	2099
1280	2815	2303	1469	2802	2093
1536	2815	2303	1683	2797	2090
1792	2815	2303	1899	2796	2089
2048	2815	2303	2128	2798	2090
2303	2815	2303	2361	2803	2093
2559	2815	2303	2569	2800	2091
2815	2815	2303	2792	2797	2088
3071	2815	2303	3007	2796	2087
3327	2815	2303	3224	2792	2083
3583	2815	2303	3443	2790	2081
3839	2815	2303	3661	2788	2080
4095	2815	2303	3874	2790	2081
0	3071	2303	395	3063	2108
256	3071	2303	621	3061	2105
512	3071	2303	840	3060	2104
768	3071	2303	1055	3058	2103
1024	3071	2303	1285	3057	2101
1280	3071	2303	1495	3052	2099
1536	3071	2303	1712	3051	2097
1792	3071	2303	1930	3049	2096
2048	3071	2303	2158	3050	2096
2303	3071	2303	2385	3050	2096
2559	3071	2303	2597	3049	2095
2815	3071	2303	2821	3048	2094
3071	3071	2303	3031	3041	2089
3327	3071	2303	3250	3039	2086
3583	3071	2303	3471	3037	2084
3839	3071	2303	3688	3037	2082
4095	3071	2303	3898	3036	2083
0	3327	2303	421	3314	2111
256	3327	2303	646	3315	2110
512	3327	2303	866	3316	2111
768	3327	2303	1083	3313	2109
1024	3327	2303	1309	3305	2103
1280	3327	2303	1520	3302	2101
1536	3327	2303	1737	3301	2100
1792	3327	2303	1956	3300	2099
2048	3327	2303	2187	3302	2100
2303	3327	2303	2412	3304	2102
2559	3327	2303	2626	3303	2101
2815	3327	2303	2850	3300	2099
3071	3327	2303	3063	3297	2098
3327	3327	2303	3279	3290	2092
3583	3327	2303	3504	3291	2092
3839	3327	2303	3722	3291	2092
4095	3327	2303	3932	3292	2092
0	3583	2303	449	3565	2119
256	3583	2303	672	3562	2116
512	3583	2303	890	3561	2116
768	3583	2303	1111	3559	2114
1024	3583	2303	1337	3554	2111
1280	3583	2303	1547	3551	2108
1536	3583	2303	1766	3550	2109
1792	3583	2303	1986	3549	2108
2048	3583	2303	2219	3551	2108
2303	3583	2303	2440	3552	2108
2559	3583	2303	2657	3551	2108
2815	3583	2303	2879	3549	2106
3071	3583	2303	3093	3542	2101
3327	3583	2303	3313	3540	2101
3583	3583	2303	3537	3540	2099
3839	3583	2303	3750	3535	2097
4095	3583	2303	3959	3534	2095
0	3839	2303	475	3814	2126
256	3839	2303	698	3812	2123
512	3839	2303	916	3810	2122
768	3839	2303	1139	3808	2120
1024	3839	2303	1364	3805	2118
1280	3839	2303	1575	3801	2116
1536	3839	2303	1792	3797	2112
1792	3839	2303	2015	3799	2114
2048	3839	2303	2251	3803	2116
2303	3839	2303	2469	3802	2116
2559	3839	2303	2687	3801	2115
2815	3839	2303	2909	3798	2113
3071	3839	2303	3126	3793	2110
3327	3839	2303	3347	3792	2109
3583	3839	2303	3565	3785	2105
3839	3839	2303	3780	3783	2103
4095	3839	2303	3990	3782	2103
0	4095	2303	502	4053	2130
256	4095	2303	725	4052	2128
512	4095	2303	943	4054	2129
768	4095	2303	1167	4050	2126
1024	4095	2303	1389	4043	2122
1280	4095	2303	1603	4042	2122
1536	4095	2303	1821	4040	2119
1792	4095	2303	2044	4041	2119
2048	4095	2303	2283	4044	2121
2303	4095	2303	2500	4047	2124
2559	4095	2303	2718	4045	2122
2815	4095	2303	2938	4039	2119
3071	4095	2303	3157	4036	2116
3327	4095	2303	3374	4029	2112
3583	4095	2303	3595	4026	2110
3839	4095	2303	3811	4024	2110
4095	4095	2303	4023	4026	2111
0	0	2559	94	38	2288
256	0	2559	322	39	2285
512	0	2559	545	41	2284
768	0	2559	761	41	2283
1024	0	2559	970	42	2284
1280	0	2559	1193	43	2284
1536	0	2559	1409	44	2279
1792	0	2559	1620	44	2277
2048	0	2559	1835	45	2278
2303	0	2559	2053	46	2277
2559	0	2559	2285	47	2276
2815	0	2559	2490	48	2275
3071	0	2559	2710	48	2274
3327	0	2559	2921	49	2269
3583	0	2559	3133	49	2265
3839	0	2559	3348	50	2262
4095	0	2559	3561	50	2259
0	256	2559	119	294	2288
256	256	2559	346	296	2287
512	256	2559	570	297	2288
768	256	2559	785	298	2286
1024	256	2559	997	299	2286
1280	256	2559	1223	300	2280
1536	256	2559	1434	299	2280
1792	256	2559	1646	300	2280
2048	256	2559	1861	301	2280
2303	256	2559	2082	302	2281
2559	256	2559	2313	303	2284
2815	256	2559	2517	303	2282
3071	256	2559	2738	303	2274
3327	256	2559	2948	302	2273
3583	256	2559	3162	303	2270
3839	256	2559	3378	304	2266
4095	256	2559	3591	303	2267
0	512	2559	144	545	2299
256	512	2559	370	545	2295
512	512	2559	593	547	2296
768	512	2559	808	547	2293
1024	512	2559	1019	548	2291
1280	512	2559	1244	548	2289
1536	512	2559	1456	548	2288
1792	512	2559	1669	549	2287
2048	512	2559	1884	549	2286
2303	512	2559	2109	551	2285
2559	512	2559	2339	551	2285
2815	512	2559	2545	551	2288
3071	512	2559	2759	549	2282
3327	512	2559	2975	550	2276
3583	512	2559	3189	550	2274
3839	512	2559	3407	549	2273
4095	512	2559	3624	551	2276
0	768	2559	170	800	2305
256	768	2559	396	801	2306
512	768	2559	619	801	2304
768	768	2559	834	802	2303
1024	768	2559	1047	802	2301
1280	768	2559	1275	802	2298
1536	768	2559	1483	802	2297
1792	768	2559	1697	801	2293
2048	768	2559	1913	802	2292
2303	768	2559	2137	802	2293
2559	768	2559	2362	803	2292
2815	768	2559	2575	804	2289
3071	768	2559	2791	802	2283
3327	768	2559	2999	800	2282
3583	768	2559	3217	799	2281
3839	768	2559	3437	800	2278
4095	768	2559	3655	801	2276
0	1024	2559	196	1053	2307
256	1024	2559	422	1055	2307
512	1024	2559	645	1054	2306
768	1024	2559	860	1054	2305
1024	1024	2559	1076	1054	2307
1280	1024	2559	1301	1053	2301
1536	1024	2559	1511	1053	2299
1792	1024	2559	1722	1051	2299
2048	1024	2559	1940	1051	2298
2303	1024	2559	2167	1052	2296
2559	1024	2559	2389	1053	2295
2815	1024	2559	2598	1051	2293
3071	1024	2559	2814	1049	2292
3327	1024	2559	3028	1048	2285
3583	1024	2559	3248	1049	2285
3839	1024	2559	3465	1047	2283
4095	1024	2559	3679	1047	2286
0	1280	2559	220	1306	2316
256	1280	2559	447	1307	2315
512	1280	2559	668	1307	2313
768	1280	2559	883	1308	2310
1024	1280	2559	1102	1309	2308
1280	1280	2559	1325	1305	2307
1536	1280	2559	1533	1305	2305
1792	1280	2559	1749	1306	2299
2048	1280	2559	1966	1305	2302
2303	1280	2559	2195	1305	2302
2559	1280	2559	2411	1304	2302
2815	1280	2559	2625	1304	2301
3071	1280	2559	2844	1302	2299
3327	1280	2559	3054	1300	2298
3583	1280	2559	3276	1300	2298
3839	1280	2559	3495	1300	2289
4095	1280	2559	3714	1303	2290
0	1536	2559	246	1557	2318
256	1536	2559	475	1557	2316
512	1536	2559	694	1555	2313
768	1536	2559	907	1554	2311
1024	1536	2559	1128	1555	2318
1280	1536	2559	1352	1554	2315
1536	1536	2559	1561	1552	2308
1792	1536	2559	1772	1548	2307
2048	1536	2559	1993	1552	2306
2303	1536	2559	2225	1551	2310
2559	1536	2559	2441	1552	2310
2815	1536	2559	2658	1551	2306
3071	1536	2559	2877	1551	2304
3327	1536	2559	3094	1551	2306
3583	1536	2559	3313	1550	2299
3839	1536	2559	3523	1544	2295
4095	1536	2559	3740	1545	2297
0	1792	2559	272	1809	2327
256	1792	2559	500	1805	2321
512	1792	2559	720	1806	2321
768	1792	2559	935	1806	2320
1024	1792	2559	1158	1805	2318
1280	1792	2559	1378	1804	2315
1536	1792	2559	1586	1799	2309
1792	1792	2559	1801	1798	2307
2048	1792	2559	2018	1797	2307
2303	1792	2559	2258	1802	2311
2559	1792	2559	2471	1803	2312
2815	1792	2559	2685	1799	2307
3071	1792	2559	2905	1799	2306
3327	1792	2559	3125	1800	2307
3583	1792	2559	3338	1795	2300
3839	1792	2559	3555	1792	2296
4095	1792	2559	3772	1794	2305
0	2048	2559	297	2050	2325
256	2048	2559	527	2052	2327
512	2048	2559	748	2054	2329
768	2048	2559	962	2054	2329
1024	2048	2559	1184	2050	2323
1280	2048	2559	1401	2045	2318
1536	2048	2559	1613	2044	2315
1792	2048	2559	1831	2044	2315
2048	2048	2559	2051	2045	2316
2303	2048	2559	2290	2048	2319
2559	2048	2559	2499	2047	2318
2815	2048	2559	2715	2044	2313
3071	2048	2559	2932	2040	2310
3327	2048	2559	3148	2039	2308
3583	2048	2559	3368	2037	2306
3839	2048	2559	3591	2040	2308
4095	2048	2559	3805	2039	2307
0	2303	2559	322	2317	2335
256	2303	2559	551	2317	2333
512	2303	2559	771	2315	2332
768	2303	2559	984	2315	2331
1024	2303	2559	1210	2312	2328
1280	2303	2559	1428	2312	2327
1536	2303	2559	1641	2310	2325
1792	2303	2559	1857	2308	2323
2048	2303	2559	2079	2308	2322
2303	2303	2559	2313	2306	2320
2559	2303	2559	2521	2306	2320
2815	2303	2559	2748	2310	2323
3071	2303	2559	2963	2307	2319
3327	2303	2559	3180	2303	2316
3583	2303	2559	3402	2304	2315
3839	2303	2559	3619	2302	2313
4095	2303	2559	3827	2297	2309
0	2559	2559	352	2571	2339
256	2559	2559	580	2569	2337
512	2559	2559	799	2567	2333
768	2559	2559	1014	2570	2336
1024	2559	2559	1240	2564	2331
1280	2559	2559	1455	2562	2328
1536	2559	2559	1669	2560	2327
1792	2559	2559	1887	2560	2326
2048	2559	2559	2111	2559	2325
2303	2559	2559	2341	2557	2323
2559	2559	2559	2548	2555	2321
2815	2559	2559	2777	2560	2324
3071	2559	2559	2990	2555	2320
3327	2559	2559	3208	2554	2318
3583	2559	2559	3429	2552	2315
3839	2559	2559	3645	2550	2314
4095	2559	2559	3860	2551	2314
0	2815	2559	379	2821	2345
256	2815	2559	605	2818	2342
512	2815	2559	824	2816	2339
768	2815	2559	1040	2816	2340
1024	2815	2559	1269	2815	2338
1280	2815	2559	1479	2807	2331
1536	2815	2559	1693	2803	2328
1792	2815	2559	1912	2802	2326
2048	2815	2559	2139	2805	2328
2303	2815	2559	2371	2808	2331
2559	2815	2559	2580	2806	2329
2815	2815	2559	2801	2801	2323
3071	2815	2559	3016	2799	2322
3327	2815	2559	3234	2797	2320
3583	2815	2559	3458	2797	2320
3839	2815	2559	3675	2797	2318
4095	2815	2559	3885	2794	2318
0	3071	2559	405	3072	2347
256	3071	2559	631	3068	2345
512	3071	2559	849	3065	2343
768	3071	2559	1065	3062	2340
1024	3071	2559	1295	3062	2339
1280	3071	2559	1505	3058	2337
1536	3071	2559	1721	3055	2335
1792	3071	2559	1941	3055	2334
2048	3071	2559	2170	3057	2335
2303	3071	2559	2397	3059	2336
2559	3071	2559	2610	3059	2336
2815	3071	2559	2834	3057	2334
3071	3071	2559	3047	3051	2329
3327	3071	2559	3267	3050	2327
3583	3071	2559	3485	3046	2322
3839	3071	2559	3701	3043	2321
4095	3071	2559	3911	3044	2321
0	3327	2559	430	3320	2350
256	3327	2559	656	3319	2349
512	3327	2559	875	3320	2350
768	3327	2559	1094	3319	2349
1024	3327	2559	1322	3316	2345
1280	3327	2559	1530	3308	2339
1536	3327	2559	1748	3308	2339
1792	3327	2559	1968	3307	2338
2048	3327	2559	2200	3308	2339
2303	3327	2559	2422	3309	2339
2559	3327	2559	2635	3306	2337
2815	3327	2559	2855	3301	2333
3071	3327	2559	3072	3298	2331
3327	3327	2559	3293	3299	2331
3583	3327	2559	3516	3298	2330
3839	3327	2559	3733	3297	2329
4095	3327	2559	3943	3297	2330
0	3583	2559	458	3570	2359
256	3583	2559	682	3569	2357
512	3583	2559	902	3571	2359
768	3583	2559	1124	3571	2358
1024	3583	2559	1347	3563	2351
1280	3583	2559	1557	3557	2348
1536	3583	2559	1780	3562	2352
1792	3583	2559	2000	3560	2351
2048	3583	2559	2231	3556	2346
2303	3583	2559	2447	3553	2344
2559	3583	2559	2666	3554	2345
2815	3583	2559	2889	3554	2344
3071	3583	2559	3103	3547	2339
3327	3583	2559	3325	3546	2338
3583	3583	2559	3549	3546	2338
3839	3583	2559	3761	3541	2334
4095	3583	2559	3969	3538	2333
0	3839	2559	485	3820	2365
256	3839	2559	708	3819	2363
512	3839	2559	927	3818	2362
768	3839	2559	1151	3817	2361
1024	3839	2559	1375	3812	2358
1280	3839	2559	1586	3810	2356
1536	3839	2559	1806	3809	2355
1792	3839	2559	2031	3814	2359
2048	3839	2559	2265	3810	2357
2303	3839	2559	2477	3805	2353
2559	3839	2559	2697	3805	2352
2815	3839	2559	2920	3803	2352
3071	3839	2559	3135	3797	2348
3327	3839	2559	3356	3795	2346
3583	3839	2559	3578	3792	2343
3839	3839	2559	3791	3788	2341
4095	3839	2559	4001	3788	2341
0	4095	2559	513	4061	2370
256	4095	2559	736	4063	2372
512	4095	2559	954	4063	2371
768	4095	2559	1179	4057	2367
1024	4095	2559	1402	4053	2364
1280	4095	2559	1616	4053	2363
1536	4095	2559	1834	4050	2360
1792	4095	2559	2059	4055	2363
2048	4095	2559	2300	4057	2365
2303	4095	2559	2512	4056	2365
2559	4095	2559	2729	4050	2361
2815	4095	2559	2948	4044	2357
3071	4095	2559	3166	4039	2354
3327	4095	2559	3387	4036	2351
3583	4095	2559	3608	4033	2350
3839	4095	2559	3824	4032	2350
4095	4095	2559	4034	4032	2349
0	0	2815	103	42	2506
256	0	2815	330	44	2504
512	0	2815	554	44	2508
768	0	2815	771	45	2508
1024	0	2815	980	46	2506
1280	0	2815	1204	47	2502
1536	0	2815	1415	47	2494
1792	0	2815	1622	48	2493
2048	0	2815	1837	49	2495
2303	0	2815	2058	50	2496
2559	0	2815	2291	51	2495
2815	0	2815	2495	51	2495
3071	0	2815	2710	52	2489
3327	0	2815	2924	52	2485
3583	0	2815	3141	53	2485
3839	0	2815	3357	54	2479
4095	0	2815	3568	55	2477
0	256	2815	129	298	2517
256	256	2815	355	300	2515
512	256	2815	579	301	2513
768	256	2815	794	302	2512
1024	256	2815	1005	303	2513
1280	256	2815	1230	304	2509
1536	256	2815	1442	304	2507
1792	256	2815	1652	304	2500
2048	256	2815	1865	304	2502
2303	256	2815	2088	305	2502
2559	256	2815	2317	306	2501
2815	256	2815	2524	306	2494
3071	256	2815	2739	305	2494
3327	256	2815	2952	306	2491
3583	256	2815	3170	307	2490
3839	256	2815	3388	307	2487
4095	256	2815	3600	308	2481
0	512	2815	154	548	2514
256	512	2815	379	550	2516
512	512	2815	602	551	2512
768	512	2815	818	551	2519
1024	512	2815	1032	554	2510
1280	512	2815	1254	552	2510
1536	512	2815	1464	552	2508
1792	512	2815	1677	552	2506
2048	512	2815	1890	552	2504
2303	512	2815	2113	552	2503
2559	512	2815	2341	554	2509
2815	512	2815	2553	555	2503
3071	512	2815	2769	554	2503
3327	512	2815	2977	552	2494
3583	512	2815	3192	552	2491
3839	512	2815	3412	553	2490
4095	512	2815	3630	553	2495
0	768	2815	179	802	2520
256	768	2815	403	802	2516
512	768	2815	625	802	2519
768	768	2815	841	804	2518
1024	768	2815	1055	804	2515
1280	768	2815	1281	805	2513
1536	768	2815	1488	803	2513
1792	768	2815	1703	804	2512
2048	768	2815	1918	805	2510
2303	768	2815	2143	805	2510
2559	768	2815	2367	805	2509
2815	768	2815	2576	804	2507
3071	768	2815	2798	804	2500
3327	768	2815	3005	802	2500
3583	768	2815	3223	803	2498
3839	768	2815	3447	803	2502
4095	768	2815	3657	803	2492
0	1024	2815	205	1056	2533
256	1024	2815	430	1056	2530
512	1024	2815	652	1056	2528
768	1024	2815	867	1055	2526
1024	1024	2815	1083	1056	2525
1280	1024	2815	1308	1055	2518
1536	1024	2815	1513	1053	2518
1792	1024	2815	1727	1053	2515
2048	1024	2815	1942	1052	2513
2303	1024	2815	2172	1054	2517
2559	1024	2815	2393	1054	2516
2815	1024	2815	2605	1054	2513
3071	1024	2815	2825	1053	2513
3327	1024	2815	3040	1054	2506
3583	1024	2815	3254	1051	2506
3839	1024	2815	3469	1049	2500
4095	1024	2815	3686	1051	2504
0	1280	2815	229	1309	2535
256	1280	2815	456	1309	2533
512	1280	2815	675	1307	2529
768	1280	2815	889	1308	2529
1024	1280	2815	1107	1308	2526
1280	1280	2815	1331	1307	2524
1536	1280	2815	1539	1307	2522
1792	1280	2815	1754	1306	2522
2048	1280	2815	1971	1306	2522
2303	1280	2815	2200	1305	2519
2559	1280	2815	2416	1306	2520
2815	1280	2815	2631	1305	2518
3071	1280	2815	2850	1304	2511
3327	1280	2815	3060	1302	2510
3583	1280	2815	3280	1302	2508
3839	1280	2815	3500	1302	2508
4095	1280	2815	3709	1299	2504
0	1536	2815	255	1559	2544
256	1536	2815	483	1558	2541
512	1536	2815	702	1558	2538
768	1536	2815	916	1557	2537
1024	1536	2815	1136	1557	2536
1280	1536	2815	1358	1555	2527
1536	1536	2815	1564	1550	2526
1792	1536	2815	1779	1551	2525
2048	1536	2815	1996	1550	2525
2303	1536	2815	2231	1553	2527
2559	1536	2815	2446	1554	2527
2815	1536	2815	2661	1551	2521
3071	1536	2815	2877	1549	2518
3327	1536	2815	3090	1547	2512
3583	1536	2815	3305	1544	2515
3839	1536	2815	3531	1547	2515
4095	1536	2815	3745	1548	2516
0	1792	2815	279	1805	2545
256	1792	2815	507	1804	2545
512	1792	2815	725	1802	2542
768	1792	2815	941	1805	2539
1024	1792	2815	1162	1804	2538
1280	1792	2815	1380	1800	2537
1536	1792	2815	1590	1798	2528
1792	1792	2815	1805	1796	2527
2048	1792	2815	2024	1798	2528
2303	1792	2815	2256	1797	2528
2559	1792	2815	2472	1801	2535
2815	1792	2815	2690	1800	2529
3071	1792	2815	2910	1799	2533
3327	1792	2815	3128	1799	2525
3583	1792	2815	3343	1795	2527
3839	1792	2815	3566	1797	2525
4095	1792	2815	3779	1797	2525
0	2048	2815	306	2054	2547
256	2048	2815	534	2052	2545
512	2048	2815	752	2049	2545
768	2048	2815	966	2052	2542
1024	2048	2815	1191	2048	2547
1280	2048	2815	1407	2046	2539
1536	2048	2815	1619	2045	2535
1792	2048	2815	1835	2044	2532
2048	2048	2815	2056	2043	2531
2303	2048	2815	2288	2041	2531
2559	2048	2815	2501	2045	2529
2815	2048	2815	2720	2043	2536
3071	2048	2815	2934	2040	2530
3327	2048	2815	3150	2038	2534
3583	2048	2815	3375	2040	2526
3839	2048	2815	3595	2041	2528
4095	2048	2815	3808	2039	2527
0	2303	2815	331	2318	2558
256	2303	2815	558	2316	2554
512	2303	2815	778	2315	2551
768	2303	2815	990	2313	2551
1024	2303	2815	1216	2311	2553
1280	2303	2815	1432	2309	2546
1536	2303	2815	1643	2305	2544
1792	2303	2815	1859	2303	2542
2048	2303	2815	2084	2305	2541
2303	2303	2815	2315	2304	2537
2559	2303	2815	2521	2302	2537
2815	2303	2815	2750	2308	2541
3071	2303	2815	2966	2306	2538
3327	2303	2815	3183	2303	2530
3583	2303	2815	3403	2302	2534
3839	2303	2815	3618	2298	2533
4095	2303	2815	3830	2298	2533
0	2559	2815	360	2569	2564
256	2559	2815	586	2567	2561
512	2559	2815	805	2566	2558
768	2559	2815	1017	2564	2558
1024	2559	2815	1248	2564	2555
1280	2559	2815	1462	2563	2552
1536	2559	2815	1678	2564	2549
1792	2559	2815	1896	2563	2542
2048	2559	2815	2119	2561	2546
2303	2559	2815	2345	2557	2544
2559	2559	2815	2555	2557	2542
2815	2559	2815	2786	2563	2542
3071	2559	2815	2996	2557	2548
3327	2559	2815	3213	2555	2542
3583	2559	2815	3433	2552	2541
3839	2559	2815	3647	2549	2536
4095	2559	2815	3858	2547	2535
0	2815	2815	388	2816	2566
256	2815	2815	613	2816	2562
512	2815	2815	831	2813	2560
768	2815	2815	1048	2816	2559
1024	2815	2815	1274	2808	2558
1280	2815	2815	1485	2806	2557
1536	2815	2815	1701	2805	2557
1792	2815	2815	1920	2805	2558
2048	2815	2815	2150	2809	2554
2303	2815	2815	2381	2814	2548
2559	2815	2815	2591	2812	2549
2815	2815	2815	2812	2806	2554
3071	2815	2815	3028	2806	2553
3327	2815	2815	3244	2800	2545
3583	2815	2815	3463	2799	2543
3839	2815	2815	3681	2798	2539
4095	2815	2815	3891	2796	2537
0	3071	2815	414	3069	2568
256	3071	2815	638	3066	2568
512	3071	2815	856	3064	2564
768	3071	2815	1073	3062	2567
1024	3071	2815	1302	3061	2558
1280	3071	2815	1511	3057	2558
1536	3071	2815	1725	3051	2556
1792	3071	2815	1949	3058	2556
2048	3071	2815	2182	3062	2556
2303	3071	2815	2406	3062	2565
2559	3071	2815	2617	3060	2563
2815	3071	2815	2837	3054	2556
3071	3071	2815	3053	3052	2556
3327	3071	2815	3272	3050	2554
3583	3071	2815	3489	3046	2548
3839	3071	2815	3704	3043	2547
4095	3071	2815	3914	3043	2547
0	3327	2815	441	3319	2577
256	3327	2815	663	3317	2574
512	3327	2815	881	3316	2571
768	3327	2815	1101	3316	2567
1024	3327	2815	1327	3310	2566
1280	3327	2815	1535	3305	2566
1536	3327	2815	1752	3304	2561
1792	3327	2815	1973	3304	2557
2048	3327	2815	2208	3308	2567
2303	3327	2815	2431	3312	2566
2559	3327	2815	2645	3311	2564
2815	3327	2815	2864	3305	2558
3071	3327	2815	3082	3304	2557
3327	3327	2815	3299	3299	2557
3583	3327	2815	3519	3296	2554
3839	3327	2815	3736	3296	2548
4095	3327	2815	3945	3295	2548
0	3583	2815	468	3568	2580
256	3583	2815	689	3566	2576
512	3583	2815	908	3567	2575
768	3583	2815	1130	3566	2576
1024	3583	2815	1354	3559	2569
1280	3583	2815	1564	3557	2565
1536	3583	2815	1786	3561	2565
1792	3583	2815	2005	3558	2565
2048	3583	2815	2237	3552	2564
2303	3583	2815	2456	3555	2569
2559	3583	2815	2674	3556	2571
2815	3583	2815	2893	3551	2565
3071	3583	2815	3109	3546	2563
3327	3583	2815	3331	3546	2558
3583	3583	2815	3549	3540	2558
3839	3583	2815	3763	3539	2557
4095	3583	2815	3974	3540	2557
0	3839	2815	495	3821	2594
256	3839	2815	715	3815	2590
512	3839	2815	934	3818	2591
768	3839	2815	1159	3819	2593
1024	3839	2815	1382	3813	2588
1280	3839	2815	1590	3802	2579
1536	3839	2815	1813	3807	2582
1792	3839	2815	2032	3804	2580
2048	3839	2815	2271	3807	2584
2303	3839	2815	2487	3809	2584
2559	3839	2815	2702	3803	2580
2815	3839	2815	2921	3798	2577
3071	3839	2815	3139	3794	2575
3327	3839	2815	3358	3790	2571
3583	3839	2815	3581	3789	2567
3839	3839	2815	3796	3788	2562
4095	3839	2815	4006	3789	2562
0	4095	2815	521	4059	2598
256	4095	2815	742	4055	2595
512	4095	2815	960	4058	2597
768	4095	2815	1187	4059	2597
1024	4095	2815	1409	4054	2593
1280	4095	2815	1623	4050	2591
1536	4095	2815	1843	4054	2594
1792	4095	2815	2065	4052	2592
2048	4095	2815	2303	4052	2590
2303	4095	2815	2518	4054	2594
2559	4095	2815	2736	4050	2592
2815	4095	2815	2953	4042	2586
3071	4095	2815	3171	4038	2583
3327	4095	2815	3395	4037	2582
3583	4095	2815	3615	4036	2581
3839	4095	2815	3832	4036	2582
4095	4095	2815	4034	4027	2574
0	0	3071	112	46	2738
256	0	3071	340	47	2736
512	0	3071	563	48	2735
768	0	3071	780	49	2732
1024	0	3071	987	50	2732
1280	0	3071	1212	51	2729
1536	0	3071	1424	51	2726
1792	0	3071	1632	52	2719
2048	0	3071	1844	52	2721
2303	0	3071	2067	54	2722
2559	0	3071	2298	54	2720
2815	0	3071	2502	55	2720
3071	0	3071	2717	55	2713
3327	0	3071	2930	56	2711
3583	0	3071	3150	57	2714
3839	0	3071	3367	58	2706
4095	0	3071	3578	59	2708
0	256	3071	137	301	2739
256	256	3071	363	303	2740
512	256	3071	587	305	2738
768	256	3071	803	305	2736
1024	256	3071	1011	307	2737
1280	256	3071	1239	307	2735
1536	256	3071	1449	307	2732
1792	256	3071	1658	307	2726
2048	256	3071	1872	308	2728
2303	256	3071	2096	308	2727
2559	256	3071	2323	309	2726
2815	256	3071	2530	310	2724
3071	256	3071	2750	309	2723
3327	256	3071	2960	310	2717
3583	256	3071	3177	310	2715
3839	256	3071	3396	311	2714
4095	256	3071	3611	311	2712
0	512	3071	163	553	2746
256	512	3071	388	554	2744
512	512	3071	610	555	2741
768	512	3071	826	556	2745
1024	512	3071	1039	556	2738
1280	512	3071	1262	555	2737
1536	512	3071	1470	554	2734
1792	512	3071	1684	555	2732
2048	512	3071	1898	556	2731
2303	512	3071	2120	556	2728
2559	512	3071	2346	557	2732
2815	512	3071	2558	557	2727
3071	512	3071	2775	557	2725
3327	512	3071	2987	556	2724
3583	512	3071	3205	557	2722
3839	512	3071	3424	557	2720
4095	512	3071	3639	558	2722
0	768	3071	188	807	2752
256	768	3071	413	807	2750
512	768	3071	635	808	2750
768	768	3071	851	808	2751
1024	768	3071	1066	809	2744
1280	768	3071	1288	807	2742
1536	768	3071	1496	807	2741
1792	768	3071	1710	807	2739
2048	768	3071	1927	807	2738
2303	768	3071	2151	808	2735
2559	768	3071	2372	807	2735
2815	768	3071	2584	808	2737
3071	768	3071	2808	808	2731
3327	768	3071	3016	807	2731
3583	768	3071	3235	808	2729
3839	768	3071	3453	807	2725
4095	768	3071	3663	806	2721
0	1024	3071	214	1059	2760
256	1024	3071	440	1060	2760
512	1024	3071	661	1059	2758
768	1024	3071	875	1059	2754
1024	1024	3071	1092	1059	2752
1280	1024	3071	1315	1058	2745
1536	1024	3071	1520	1056	2743
1792	1024	3071	1734	1055	2743
2048	1024	3071	1951	1055	2742
2303	1024	3071	2181	1057	2745
2559	1024	3071	2402	1058	2746
2815	1024	3071	2614	1057	2739
3071	1024	3071	2831	1055	2739
3327	1024	3071	3046	1056	2736
3583	1024	3071	3265	1056	2735
3839	1024	3071	3484	1056	2733
4095	1024	3071	3698	1055	2733
0	1280	3071	238	1313	2766
256	1280	3071	464	1312	2764
512	1280	3071	683	1312	2760
768	1280	3071	897	1312	2758
1024	1280	3071	1117	1311	2755
1280	1280	3071	1339	1311	2753
1536	1280	3071	1547	1309	2749
1792	1280	3071	1760	1308	2749
2048	1280	3071	1979	1308	2749
2303	1280	3071	2210	1309	2748
2559	1280	3071	2424	1309	2749
2815	1280	3071	2642	1310	2751
3071	1280	3071	2862	1310	2744
3327	1280	3071	3074	1307	2742
3583	1280	3071	3292	1307	2741
3839	1280	3071	3514	1307	2741
4095	1280	3071	3721	1305	2736
0	1536	3071	265	1563	2772
256	1536	3071	492	1562	2772
512	1536	3071	710	1562	2769
768	1536	3071	924	1560	2768
1024	1536	3071	1145	1559	2764
1280	1536	3071	1364	1556	2755
1536	1536	3071	1571	1553	2755
1792	1536	3071	1787	1553	2752
2048	1536	3071	2004	1553	2752
2303	1536	3071	2245	1559	2761
2559	1536	3071	2458	1559	2761
2815	1536	3071	2672	1557	2754
3071	1536	3071	2889	1554	2752
3327	1536	3071	3104	1553	2745
3583	1536	3071	3317	1549	2743
3839	1536	3071	3539	1550	2745
4095	1536	3071	3754	1551	2745
0	1792	3071	289	1807	2775
256	1792	3071	517	1809	2775
512	1792	3071	735	1807	2772
768	1792	3071	949	1809	2776
1024	1792	3071	1172	1807	2768
1280	1792	3071	1389	1804	2765
1536	1792	3071	1599	1803	2762
1792	1792	3071	1814	1801	2761
2048	1792	3071	2035	1802	2769
2303	1792	3071	2277	1808	2769
2559	1792	3071	2488	1810	2770
2815	1792	3071	2704	1806	2763
3071	1792	3071	2921	1805	2763
3327	1792	3071	3136	1802	2755
3583	1792	3071	3350	1798	2753
3839	1792	3071	3572	1799	2754
4095	1792	3071	3787	1799	2754
0	2048	3071	315	2055	2778
256	2048	3071	542	2053	2777
512	2048	3071	760	2051	2777
768	2048	3071	975	2055	2775
1024	2048	3071	1200	2052	2778
1280	2048	3071	1415	2049	2768
1536	2048	3071	1628	2048	2766
1792	2048	3071	1846	2049	2762
2048	2048	3071	2070	2050	2763
2303	2048	3071	2305	2051	2770
2559	2048	3071	2512	2050	2770
2815	2048	3071	2732	2050	2771
3071	2048	3071	2950	2049	2769
3327	2048	3071	3166	2046	2763
3583	2048	3071	3385	2045	2764
3839	2048	3071	3606	2045	2762
4095	2048	3071	3817	2044	2761
0	2303	3071	341	2322	2787
256	2303	3071	567	2322	2784
512	2303	3071	787	2320	2780
768	2303	3071	998	2316	2780
1024	2303	3071	1226	2315	2784
1280	2303	3071	1441	2314	2776
1536	2303	3071	1653	2311	2774
1792	2303	3071	1869	2308	2773
2048	2303	3071	2096	2311	2776
2303	2303	3071	2332	2316	2775
2559	2303	3071	2539	2315	2775
2815	2303	3071	2763	2316	2774
3071	2303	3071	2975	2310	2771
3327	2303	3071	3194	2308	2770
3583	2303	3071	3412	2306	2764
3839	2303	3071	3627	2303	2765
4095	2303	3071	3841	2302	2763
0	2559	3071	370	2574	2797
256	2559	3071	596	2572	2796
512	2559	3071	814	2570	2791
768	2559	3071	1028	2569	2787
1024	2559	3071	1256	2566	2786
1280	2559	3071	1471	2569	2785
1536	2559	3071	1685	2565	2783
1792	2559	3071	1903	2563	2775
2048	2559	3071	2129	2565	2778
2303	2559	3071	2359	2566	2783
2559	2559	3071	2568	2566	2783
2815	2559	3071	2794	2566	2783
3071	2559	3071	3004	2560	2782
3327	2559	3071	3224	2558	2773
3583	2559	3071	3444	2558	2773
3839	2559	3071	3660	2555	2766
4095	2559	3071	3867	2551	2766
0	2815	3071	396	2818	2799
256	2815	3071	621	2818	2796
512	2815	3071	840	2820	2794
768	2815	3071	1056	2818	2792
1024	2815	3071	1285	2815	2792
1280	2815	3071	1494	2810	2788
1536	2815	3071	1710	2809	2791
1792	2815	3071	1929	2810	2784
2048	2815	3071	2158	2810	2784
2303	2815	3071	2384	2811	2785
2559	2815	3071	2595	2809	2784
2815	2815	3071	2818	2808	2784
3071	2815	3071	3033	2806	2784
3327	2815	3071	3250	2802	2775
3583	2815	3071	3470	2801	2775
3839	2815	3071	3688	2799	2773
4095	2815	3071	3897	2798	2769
0	3071	3071	422	3068	2800
256	3071	3071	646	3067	2799
512	3071	3071	864	3067	2801
768	3071	3071	1082	3066	2799
1024	3071	3071	1311	3067	2795
1280	3071	3071	1524	3066	2795
1536	3071	3071	1734	3057	2787
1792	3071	3071	1955	3057	2789
2048	3071	3071	2188	3062	2789
2303	3071	3071	2412	3063	2790
2559	3071	3071	2625	3063	2789
2815	3071	3071	2848	3061	2786
3071	3071	3071	3060	3055	2784
3327	3071	3071	3282	3055	2783
3583	3071	3071	3499	3049	2776
3839	3071	3071	3711	3046	2776
4095	3071	3071	3922	3046	2776
0	3327	3071	449	3320	2808
256	3327	3071	672	3318	2803
512	3327	3071	890	3321	2802
768	3327	3071	1112	3325	2801
1024	3327	3071	1338	3318	2800
1280	3327	3071	1546	3313	2799
1536	3327	3071	1765	3314	2800
1792	3327	3071	1986	3314	2789
2048	3327	3071	2221	3318	2793
2303	3327	3071	2443	3320	2797
2559	3327	3071	2657	3317	2796
2815	3327	3071	2874	3309	2794
3071	3327	3071	3091	3308	2789
3327	3327	3071	3309	3303	2788
3583	3327	3071	3531	3302	2787
3839	3327	3071	3748	3302	2780
4095	3327	3071	3959	3302	2780
0	3583	3071	477	3572	2811
256	3583	3071	699	3570	2808
512	3583	3071	916	3569	2807
768	3583	3071	1139	3568	2814
1024	3583	3071	1366	3569	2807
1280	3583	3071	1577	3564	2802
1536	3583	3071	1796	3566	2802
1792	3583	3071	2016	3564	2805
2048	3583	3071	2250	3561	2804
2303	3583	3071	2465	3560	2806
2559	3583	3071	2683	3559	2806
2815	3583	3071	2903	3556	2798
3071	3583	3071	3118	3550	2796
3327	3583	3071	3340	3549	2791
3583	3583	3071	3558	3543	2791
3839	3583	3071	3772	3542	2791
4095	3583	3071	3982	3543	2792
0	3839	3071	504	3822	2823
256	3839	3071	725	3819	2820
512	3839	3071	941	3816	2818
768	3839	3071	1167	3818	2816
1024	3839	3071	1392	3818	2818
1280	3839	3071	1603	3812	2815
1536	3839	3071	1821	3811	2814
1792	3839	3071	2045	3813	2815
2048	3839	3071	2282	3813	2812
2303	3839	3071	2496	3811	2809
2559	3839	3071	2713	3807	2808
2815	3839	3071	2931	3801	2807
3071	3839	3071	3150	3800	2801
3327	3839	3071	3372	3798	2800
3583	3839	3071	3587	3790	2793
3839	3839	3071	3803	3792	2793
4095	3839	3071	4013	3791	2793
0	4095	3071	531	4066	2831
256	4095	3071	754	4065	2828
512	4095	3071	969	4063	2824
768	4095	3071	1194	4057	2824
1024	4095	3071	1416	4054	2824
1280	4095	3071	1633	4057	2818
1536	4095	3071	1851	4055	2817
1792	4095	3071	2073	4053	2820
2048	4095	3071	2310	4051	2820
2303	4095	3071	2526	4056	2820
2559	4095	3071	2745	4052	2818
2815	4095	3071	2963	4046	2812
3071	4095	3071	3181	4042	2810
3327	4095	3071	3402	4038	2808
3583	4095	3071	3623	4037	2803
3839	4095	3071	3836	4034	2802
4095	4095	3071	4047	4036	2803
0	0	3327	123	49	2960
256	0	3327	348	51	2958
512	0	3327	571	53	2956
768	0	3327	787	53	2956
1024	0	3327	998	54	2957
1280	0	3327	1221	54	2951
1536	0	3327	1432	55	2948
1792	0	3327	1643	55	2945
2048	0	3327	1856	57	2944
2303	0	3327	2077	57	2943
2559	0	3327	2305	58	2942
2815	0	3327	2510	59	2941
3071	0	3327	2733	59	2942
3327	0	3327	2944	60	2936
3583	0	3327	3160	61	2935
3839	0	3327	3377	62	2930
4095	0	3327	3591	62	2930
0	256	3327	148	305	2964
256	256	3327	372	308	2964
512	256	3327	595	308	2961
768	256	3327	810	309	2962
1024	256	3327	1022	310	2957
1280	256	3327	1247	310	2956
1536	256	3327	1456	310	2952
1792	256	3327	1667	311	2949
2048	256	3327	1882	312	2949
2303	256	3327	2106	312	2948
2559	256	3327	2331	313	2947
2815	256	3327	2538	313	2946
3071	256	3327	2760	314	2945
3327	256	3327	2970	313	2940
3583	256	3327	3186	314	2937
3839	256	3327	3408	314	2938
4095	256	3327	3625	316	2939
0	512	3327	173	558	2972
256	512	3327	397	558	2971
512	512	3327	619	559	2968
768	512	3327	835	559	2966
1024	512	3327	1047	560	2963
1280	512	3327	1272	559	2961
1536	512	3327	1478	559	2956
1792	512	3327	1691	559	2953
2048	512	3327	1906	558	2951
2303	512	3327	2132	560	2954
2559	512	3327	2357	561	2955
2815	512	3327	2567	561	2953
3071	512	3327	2789	561	2952
3327	512	3327	3002	562	2951
3583	512	3327	3215	561	2945
3839	512	3327	3435	561	2943
4095	512	3327	3651	562	2944
0	768	3327	198	811	2977
256	768	3327	422	811	2974
512	768	3327	644	811	2975
768	768	3327	859	813	2975
1024	768	3327	1075	813	2967
1280	768	3327	1296	811	2965
1536	768	3327	1504	811	2964
1792	768	3327	1719	811	2962
2048	768	3327	1935	811	2959
2303	768	3327	2163	811	2962
2559	768	3327	2385	813	2962
2815	768	3327	2597	813	2962
3071	768	3327	2819	813	2959
3327	768	3327	3031	813	2952
3583	768	3327	3244	811	2952
3839	768	3327	3465	812	2950
4095	768	3327	3679	811	2949
0	1024	3327	223	1063	2983
256	1024	3327	449	1064	2981
512	1024	3327	668	1063	2978
768	1024	3327	883	1063	2976
1024	1024	3327	1101	1062	2974
1280	1024	3327	1324	1062	2970
1536	1024	3327	1530	1061	2968
1792	1024	3327	1746	1061	2969
2048	1024	3327	1963	1060	2967
2303	1024	3327	2193	1062	2970
2559	1024	3327	2412	1063	2970
2815	1024	3327	2626	1063	2969
3071	1024	3327	2846	1062	2963
3327	1024	3327	3057	1060	2960
3583	1024	3327	3275	1060	2959
3839	1024	3327	3492	1058	2954
4095	1024	3327	3705	1058	2954
0	1280	3327	247	1315	2987
256	1280	3327	474	1314	2984
512	1280	3327	691	1314	2982
768	1280	3327	906	1315	2983
1024	1280	3327	1126	1315	2975
1280	1280	3327	1346	1312	2973
1536	1280	3327	1554	1312	2975
1792	1280	3327	1772	1315	2973
2048	1280	3327	1989	1313	2974
2303	1280	3327	2221	1314	2973
2559	1280	3327	2434	1313	2974
2815	1280	3327	2651	1314	2972
3071	1280	3327	2871	1313	2970
3327	1280	3327	3086	1312	2964
3583	1280	3327	3301	1309	2963
3839	1280	3327	3523	1311	2963
4095	1280	3327	3734	1310	2961
0	1536	3327	273	1565	2996
256	1536	3327	502	1566	2996
512	1536	3327	718	1563	2991
768	1536	3327	931	1562	2988
1024	1536	3327	1153	1561	2986
1280	1536	3327	1373	1560	2982
1536	1536	3327	1582	1559	2981
1792	1536	3327	1798	1559	2980
2048	1536	3327	2018	1560	2981
2303	1536	3327	2254	1562	2983
2559	1536	3327	2465	1562	2982
2815	1536	3327	2681	1560	2979
3071	1536	3327	2898	1559	2973
3327	1536	3327	3113	1557	2970
3583	1536	3327	3331	1556	2970
3839	1536	3327	3551	1556	2965
4095	1536	3327	3760	1553	2966
0	1792	3327	299	1814	3003
256	1792	3327	527	1814	2998
512	1792	3327	744	1811	2997
768	1792	3327	957	1813	2998
1024	1792	3327	1181	1810	2994
1280	1792	3327	1400	1810	2994
1536	1792	3327	1610	1808	2984
1792	1792	3327	1823	1804	2988
2048	1792	3327	2047	1807	2991
2303	1792	3327	2285	1811	2991
2559	1792	3327	2494	1811	2991
2815	1792	3327	2710	1808	2985
3071	1792	3327	2928	1807	2984
3327	1792	3327	3145	1805	2981
3583	1792	3327	3362	1803	2974
3839	1792	3327	3578	1800	2976
4095	1792	3327	3793	1801	2975
0	2048	3327	324	2060	3006
256	2048	3327	552	2060	3004
512	2048	3327	770	2059	3003
768	2048	3327	983	2057	2999
1024	2048	3327	1211	2059	3000
1280	2048	3327	1426	2055	2994
1536	2048	3327	1638	2053	2996
1792	2048	3327	1856	2053	2995
2048	2048	3327	2078	2053	2996
2303	2048	3327	2312	2054	2995
2559	2048	3327	2519	2053	2996
2815	2048	3327	2740	2053	2994
3071	2048	3327	2957	2052	2991
3327	2048	3327	3173	2049	2985
3583	2048	3327	3392	2046	2985
3839	2048	3327	3610	2047	2983
4095	2048	3327	3821	2044	2985
0	2303	3327	349	2324	3013
256	2303	3327	576	2323	3010
512	2303	3327	794	2321	3008
768	2303	3327	1008	2323	3008
1024	2303	3327	1235	2318	3005
1280	2303	3327	1450	2318	3006
1536	2303	3327	1663	2316	2998
1792	2303	3327	1880	2315	2999
2048	2303	3327	2108	2318	2998
2303	2303	3327	2340	2319	2998
2559	2303	3327	2553	2323	2997
2815	2303	3327	2771	2318	2996
3071	2303	3327	2982	2312	2993
3327	2303	3327	3200	2309	2991
3583	2303	3327	3421	2309	2985
3839	2303	3327	3637	2308	2985
4095	2303	3327	3849	2306	2984
0	2559	3327	379	2574	3017
256	2559	3327	604	2571	3014
512	2559	3327	822	2572	3011
768	2559	3327	1038	2574	3013
1024	2559	3327	1264	2569	3012
1280	2559	3327	1480	2572	3006
1536	2559	3327	1695	2571	3007
1792	2559	3327	1913	2570	3001
2048	2559	3327	2142	2571	3005
2303	2559	3327	2373	2575	3006
2559	2559	3327	2581	2572	3009
2815	2559	3327	2800	2567	3008
3071	2559	3327	3016	2566	3003
3327	2559	3327	3233	2562	2994
3583	2559	3327	3453	2561	2993
3839	2559	3327	3670	2559	2991
4095	2559	3327	3880	2558	2990
0	2815	3327	405	2824	3020
256	2815	3327	631	2824	3016
512	2815	3327	848	2824	3015
768	2815	3327	1067	2825	3018
1024	2815	3327	1296	2824	3011
1280	2815	3327	1505	2817	3009
1536	2815	3327	1720	2816	3013
1792	2815	3327	1941	2817	3010
2048	2815	3327	2171	2819	3009
2303	2815	3327	2396	2818	3014
2559	2815	3327	2608	2818	3011
2815	2815	3327	2832	2817	3005
3071	2815	3327	3042	2810	3004
3327	2815	3327	3264	2810	3003
3583	2815	3327	3482	2805	2997
3839	2815	3327	3696	2803	2997
4095	2815	3327	3905	2801	2996
0	3071	3327	432	3078	3028
256	3071	3327	656	3077	3026
512	3071	3327	873	3075	3025
768	3071	3327	1092	3073	3025
1024	3071	3327	1319	3066	3021
1280	3071	3327	1532	3072	3023
1536	3071	3327	1748	3067	3016
1792	3071	3327	1967	3066	3014
2048	3071	3327	2198	3067	3017
2303	3071	3327	2419	3066	3016
2559	3071	3327	2634	3066	3016
2815	3071	3327	2858	3065	3015
3071	3071	3327	3068	3058	3006
3327	3071	3327	3292	3058	3006
3583	3071	3327	3510	3055	3005
3839	3071	3327	3724	3052	3000
4095	3071	3327	3932	3050	3000
0	3327	3327	459	3329	3034
256	3327	3327	681	3326	3033
512	3327	3327	900	3327	3030
768	3327	3327	1121	3328	3027
1024	3327	3327	1347	3324	3021
1280	3327	3327	1556	3318	3024
1536	3327	3327	1774	3317	3024
1792	3327	3327	1996	3321	3021
2048	3327	3327	2231	3323	3020
2303	3327	3327	2449	3323	3020
2559	3327	3327	2663	3317	3018
2815	3327	3327	2880	3311	3017
3071	3327	3327	3098	3309	3012
3327	3327	3327	3321	3309	3011
3583	3327	3327	3540	3305	3010
3839	3327	3327	3754	3302	3006
4095	3327	3327	3962	3302	3005
0	3583	3327	484	3571	3039
256	3583	3327	706	3569	3035
512	3583	3327	925	3573	3035
768	3583	3327	1149	3574	3038
1024	3583	3327	1372	3569	3033
1280	3583	3327	1584	3566	3028
1536	3583	3327	1802	3565	3027
1792	3583	3327	2022	3563	3027
2048	3583	3327	2258	3564	3029
2303	3583	3327	2474	3565	3031
2559	3583	3327	2692	3563	3028
2815	3583	3327	2912	3558	3020
3071	3583	3327	3129	3556	3019
3327	3583	3327	3348	3552	3017
3583	3583	3327	3569	3549	3016
3839	3583	3327	3784	3549	3013
4095	3583	3327	3992	3548	3012
0	3839	3327	512	3823	3043
256	3839	3327	734	3819	3040
512	3839	3327	952	3826	3040
768	3839	3327	1177	3826	3045
1024	3839	3327	1399	3819	3038
1280	3839	3327	1612	3816	3036
1536	3839	3327	1831	3815	3035
1792	3839	3327	2052	3815	3035
2048	3839	3327	2289	3813	3034
2303	3839	3327	2503	3814	3034
2559	3839	3327	2722	3812	3035
2815	3839	3327	2941	3806	3030
3071	3839	3327	3157	3802	3027
3327	3839	3327	3380	3801	3023
3583	3839	3327	3600	3798	3020
3839	3839	3327	3812	3794	3020
4095	3839	3327	4022	3795	3020
0	4095	3327	540	4074	3052
256	4095	3327	763	4071	3052
512	4095	3327	980	4072	3051
768	4095	3327	1206	4068	3055
1024	4095	3327	1426	4062	3048
1280	4095	3327	1640	4057	3044
1536	4095	3327	1860	4058	3044
1792	4095	3327	2085	4060	3044
2048	4095	3327	2323	4059	3044
2303	4095	3327	2534	4060	3043
2559	4095	3327	2752	4053	3042
2815	4095	3327	2971	4048	3038
3071	4095	3327	3190	4045	3033
3327	4095	3327	3413	4043	3032
3583	4095	3327	3630	4038	3029
3839	4095	3327	3844	4037	3026
4095	4095	3327	4055	4039	3026
0	0	3583	132	54	3189
256	0	3583	358	56	3188
512	0	3583	581	56	3186
768	0	3583	797	57	3185
1024	0	3583	1007	57	3185
1280	0	3583	1233	59	3179
1536	0	3583	1440	59	3172
1792	0	3583	1651	60	3170
2048	0	3583	1865	61	3168
2303	0	3583	2087	61	3170
2559	0	3583	2317	63	3172
2815	0	3583	2523	63	3170
3071	0	3583	2743	64	3168
3327	0	3583	2956	64	3164
3583	0	3583	3170	65	3159
3839	0	3583	3388	65	3158
4095	0	3583	3605	66	3158
0	256	3583	158	310	3195
256	256	3583	383	311	3193
512	256	3583	604	313	3190
768	256	3583	820	313	3189
1024	256	3583	1033	314	3186
1280	256	3583	1258	315	3184
1536	256	3583	1464	314	3178
1792	256	3583	1676	315	3177
2048	256	3583	1892	315	3177
2303	256	3583	2118	316	3180
2559	256	3583	2346	317	3178
2815	256	3583	2552	318	3174
3071	256	3583	2771	317	3173
3327	256	3583	2984	318	3170
3583	256	3583	3200	319	3166
3839	256	3583	3420	319	3165
4095	256	3583	3636	320	3165
0	512	3583	182	561	3200
256	512	3583	407	562	3197
512	512	3583	628	562	3194
768	512	3583	843	563	3194
1024	512	3583	1057	564	3190
1280	512	3583	1281	563	3185
1536	512	3583	1488	563	3184
1792	512	3583	1703	563	3185
2048	512	3583	1920	564	3184
2303	512	3583	2145	564	3181
2559	512	3583	2366	565	3181
2815	512	3583	2576	565	3179
3071	512	3583	2796	565	3177
3327	512	3583	3010	565	3175
3583	512	3583	3229	565	3174
3839	512	3583	3448	566	3172
4095	512	3583	3661	565	3167
0	768	3583	207	816	3206
256	768	3583	432	816	3202
512	768	3583	652	816	3202
768	768	3583	867	817	3201
1024	768	3583	1083	816	3196
1280	768	3583	1306	815	3192
1536	768	3583	1514	815	3192
1792	768	3583	1729	815	3189
2048	768	3583	1945	815	3188
2303	768	3583	2174	816	3190
2559	768	3583	2395	817	3190
2815	768	3583	2606	817	3188
3071	768	3583	2826	817	3183
3327	768	3583	3037	815	3182
3583	768	3583	3258	816	3181
3839	768	3583	3475	815	3176
4095	768	3583	3689	815	3176
0	1024	3583	232	1066	3210
256	1024	3583	458	1066	3207
512	1024	3583	677	1067	3207
768	1024	3583	892	1067	3206
1024	1024	3583	1109	1066	3200
1280	1024	3583	1331	1064	3197
1536	1024	3583	1539	1064	3195
1792	1024	3583	1754	1065	3196
2048	1024	3583	1974	1065	3196
2303	1024	3583	2207	1068	3200
2559	1024	3583	2424	1068	3201
2815	1024	3583	2637	1068	3197
3071	1024	3583	2855	1066	3192
3327	1024	3583	3068	1065	3188
3583	1024	3583	3286	1064	3183
3839	1024	3583	3503	1063	3182
4095	1024	3583	3717	1063	3181
0	1280	3583	256	1320	3215
256	1280	3583	483	1321	3214
512	1280	3583	700	1320	3212
768	1280	3583	915	1320	3211
1024	1280	3583	1135	1320	3207
1280	1280	3583	1356	1319	3204
1536	1280	3583	1565	1318	3202
1792	1280	3583	1781	1319	3202
2048	1280	3583	1999	1319	3202
2303	1280	3583	2234	1320	3204
2559	1280	3583	2448	1321	3205
2815	1280	3583	2664	1320	3203
3071	1280	3583	2882	1319	3198
3327	1280	3583	3096	1318	3193
3583	1280	3583	3313	1315	3188
3839	1280	3583	3531	1314	3189
4095	1280	3583	3742	1313	3187
0	1536	3583	281	1566	3221
256	1536	3583	510	1566	3220
512	1536	3583	728	1567	3219
768	1536	3583	941	1568	3218
1024	1536	3583	1165	1567	3218
1280	1536	3583	1383	1566	3210
1536	1536	3583	1592	1563	3211
1792	1536	3583	1809	1565	3211
2048	1536	3583	2029	1565	3210
2303	1536	3583	2262	1565	3208
2559	1536	3583	2475	1566	3212
2815	1536	3583	2691	1565	3207
3071	1536	3583	2907	1563	3202
3327	1536	3583	3122	1560	3196
3583	1536	3583	3340	1559	3197
3839	1536	3583	3562	1560	3195
4095	1536	3583	3771	1558	3195
0	1792	3583	307	1817	3229
256	1792	3583	535	1816	3226
512	1792	3583	753	1815	3225
768	1792	3583	965	1816	3227
1024	1792	3583	1191	1816	3224
1280	1792	3583	1408	1814	3221
1536	1792	3583	1621	1813	3221
1792	1792	3583	1837	1813	3221
2048	1792	3583	2060	1815	3217
2303	1792	3583	2292	1813	3217
2559	1792	3583	2505	1816	3221
2815	1792	3583	2722	1814	3216
3071	1792	3583	2935	1809	3210
3327	1792	3583	3152	1808	3207
3583	1792	3583	3372	1806	3205
3839	1792	3583	3590	1806	3205
4095	1792	3583	3803	1805	3202
0	2048	3583	333	2064	3237
256	2048	3583	561	2063	3236
512	2048	3583	780	2062	3237
768	2048	3583	992	2064	3239
1024	2048	3583	1220	2062	3234
1280	2048	3583	1436	2062	3231
1536	2048	3583	1651	2060	3228
1792	2048	3583	1867	2060	3227
2048	2048	3583	2090	2060	3226
2303	2048	3583	2322	2059	3226
2559	2048	3583	2530	2060	3227
2815	2048	3583	2753	2059	3224
3071	2048	3583	2965	2056	3217
3327	2048	3583	3182	2053	3215
3583	2048	3583	3404	2053	3213
3839	2048	3583	3622	2052	3212
4095	2048	3583	3832	2050	3210
0	2303	3583	358	2329	3242
256	2303	3583	585	2327	3239
512	2303	3583	804	2327	3237
768	2303	3583	1018	2330	3238
1024	2303	3583	1248	2328	3239
1280	2303	3583	1458	2322	3232
1536	2303	3583	1673	2320	3232
1792	2303	3583	1891	2321	3230
2048	2303	3583	2118	2322	3229
2303	2303	3583	2349	2325	3229
2559	2303	3583	2560	2325	3228
2815	2303	3583	2780	2320	3226
3071	2303	3583	2992	2317	3223
3327	2303	3583	3208	2313	3218
3583	2303	3583	3428	2311	3216
3839	2303	3583	3645	2310	3216
4095	2303	3583	3857	2310	3216
0	2559	3583	388	2578	3247
256	2559	3583	613	2577	3244
512	2559	3583	832	2578	3242
768	2559	3583	1048	2580	3246
1024	2559	3583	1276	2578	3245
1280	2559	3583	1487	2574	3240
1536	2559	3583	1705	2576	3233
1792	2559	3583	1925	2577	3234
2048	2559	3583	2153	2578	3235
2303	2559	3583	2379	2577	3236
2559	2559	3583	2589	2575	3237
2815	2559	3583	2813	2573	3230
3071	2559	3583	3024	2569	3228
3327	2559	3583	3243	2567	3224
3583	2559	3583	3461	2563	3219
3839	2559	3583	3677	2561	3216
4095	2559	3583	3888	2561	3217
0	2815	3583	415	2830	3251
256	2815	3583	640	2830	3248
512	2815	3583	858	2829	3247
768	2815	3583	1075	2828	3249
1024	2815	3583	1302	2823	3243
1280	2815	3583	1514	2824	3244
1536	2815	3583	1732	2822	3240
1792	2815	3583	1951	2823	3242
2048	2815	3583	2180	2823	3241
2303	2815	3583	2405	2823	3242
2559	2815	3583	2619	2823	3240
2815	2815	3583	2840	2818	3236
3071	2815	3583	3050	2813	3234
3327	2815	3583	3272	2812	3230
3583	2815	3583	3491	2809	3227
3839	2815	3583	3707	2807	3222
4095	2815	3583	3914	2805	3223
0	3071	3583	442	3082	3258
256	3071	3583	665	3079	3257
512	3071	3583	883	3080	3256
768	3071	3583	1103	3080	3254
1024	3071	3583	1330	3077	3248
1280	3071	3583	1540	3076	3248
1536	3071	3583	1758	3074	3248
1792	3071	3583	1977	3073	3246
2048	3071	3583	2210	3074	3247
2303	3071	3583	2431	3075	3246
2559	3071	3583	2645	3072	3247
2815	3071	3583	2865	3066	3241
3071	3071	3583	3079	3062	3234
3327	3071	3583	3297	3059	3233
3583	3071	3583	3519	3058	3232
3839	3071	3583	3735	3057	3229
4095	3071	3583	3942	3056	3229
0	3327	3583	468	3335	3265
256	3327	3583	691	3333	3262
512	3327	3583	909	3332	3260
768	3327	3583	1131	3332	3261
1024	3327	3583	1356	3330	3256
1280	3327	3583	1567	3327	3254
1536	3327	3583	1784	3324	3253
1792	3327	3583	2005	3324	3251
2048	3327	3583	2240	3325	3250
2303	3327	3583	2459	3328	3253
2559	3327	3583	2675	3326	3251
2815	3327	3583	2893	3317	3245
3071	3327	3583	3108	3313	3241
3327	3327	3583	3332	3314	3238
3583	3327	3583	3552	3311	3237
3839	3327	3583	3767	3310	3237
4095	3327	3583	3972	3306	3235
0	3583	3583	495	3585	3271
256	3583	3583	717	3582	3271
512	3583	3583	935	3581	3269
768	3583	3583	1160	3580	3268
1024	3583	3583	1383	3576	3265
1280	3583	3583	1595	3574	3262
1536	3583	3583	1811	3568	3258
1792	3583	3583	2033	3570	3259
2048	3583	3583	2269	3569	3258
2303	3583	3583	2483	3571	3259
2559	3583	3583	2700	3566	3260
2815	3583	3583	2919	3561	3252
3071	3583	3583	3139	3561	3248
3327	3583	3583	3360	3558	3248
3583	3583	3583	3578	3552	3245
3839	3583	3583	3795	3553	3245
4095	3583	3583	4002	3552	3243
0	3839	3583	522	3833	3283
256	3839	3583	745	3834	3281
512	3839	3583	962	3835	3279
768	3839	3583	1189	3832	3277
1024	3839	3583	1409	3828	3273
1280	3839	3583	1623	3822	3270
1536	3839	3583	1840	3820	3266
1792	3839	3583	2062	3819	3266
2048	3839	3583	2302	3822	3268
2303	3839	3583	2514	3822	3267
2559	3839	3583	2732	3816	3265
2815	3839	3583	2952	3813	3259
3071	3839	3583	3170	3809	3258
3327	3839	3583	3390	3805	3254
3583	3839	3583	3610	3803	3250
3839	3839	3583	3825	3802	3249
4095	3839	3583	4035	3803	3250
0	4095	3583	550	4082	3289
256	4095	3583	772	4077	3287
512	4095	3583	990	4080	3290
768	4095	3583	1218	4076	3288
1024	4095	3583	1436	4069	3282
1280	4095	3583	1651	4066	3278
1536	4095	3583	1871	4065	3275
1792	4095	3583	2096	4065	3275
2048	4095	3583	2333	4065	3278
2303	4095	3583	2542	4063	3277
2559	4095	3583	2764	4059	3275
2815	4095	3583	2981	4053	3269
3071	4095	3583	3201	4050	3267
3327	4095	3583	3423	4048	3263
3583	4095	3583	3643	4047	3261
3839	4095	3583	3858	4046	3260
4095	4095	3583	4063	4041	3259
0	0	3839	141	58	3414
256	0	3839	368	59	3411
512	0	3839	590	60	3409
768	0	3839	806	60	3409
1024	0	3839	1017	62	3407
1280	0	3839	1242	63	3403
1536	0	3839	1451	63	3397
1792	0	3839	1661	64	3395
2048	0	3839	1877	64	3395
2303	0	3839	2101	66	3398
2559	0	3839	2332	66	3401
2815	0	3839	2538	67	3399
3071	0	3839	2756	67	3396
3327	0	3839	2971	68	3394
3583	0	3839	3185	69	3387
3839	0	3839	3403	69	3385
4095	0	3839	3618	71	3383
0	256	3839	167	314	3419
256	256	3839	392	316	3416
512	256	3839	614	316	3413
768	256	3839	829	317	3413
1024	256	3839	1043	319	3411
1280	256	3839	1268	318	3407
1536	256	3839	1475	319	3404
1792	256	3839	1687	319	3403
2048	256	3839	1904	320	3403
2303	256	3839	2131	320	3407
2559	256	3839	2359	322	3407
2815	256	3839	2568	323	3403
3071	256	3839	2786	322	3400
3327	256	3839	3000	323	3398
3583	256	3839	3215	323	3394
3839	256	3839	3433	323	3390
4095	256	3839	3646	323	3388
0	512	3839	190	567	3426
256	512	3839	416	567	3422
512	512	3839	638	567	3419
768	512	3839	852	568	3419
1024	512	3839	1067	568	3414
1280	512	3839	1291	567	3411
1536	512	3839	1499	567	3409
1792	512	3839	1714	568	3411
2048	512	3839	1934	569	3413
2303	512	3839	2159	570	3410
2559	512	3839	2380	570	3409
2815	512	3839	2590	570	3406
3071	512	3839	2810	570	3403
3327	512	3839	3022	569	3401
3583	512	3839	3242	570	3400
3839	512	3839	3460	570	3395
4095	512	3839	3670	570	3391
0	768	3839	207	825	3431
256	768	3839	437	822	3428
512	768	3839	662	821	3426
768	768	3839	877	820	3426
1024	768	3839	1094	821	3423
1280	768	3839	1317	820	3417
1536	768	3839	1524	819	3419
1792	768	3839	1741	821	3416
2048	768	3839	1958	820	3414
2303	768	3839	2187	822	3417
2559	768	3839	2405	821	3415
2815	768	3839	2617	821	3413
3071	768	3839	2837	820	3409
3327	768	3839	3049	820	3405
3583	768	3839	3269	820	3404
3839	768	3839	3486	819	3401
4095	768	3839	3701	820	3402
0	1024	3839	229	1075	3436
256	1024	3839	454	1076	3434
512	1024	3839	682	1072	3432
768	1024	3839	901	1072	3434
1024	1024	3839	1121	1071	3428
1280	1024	3839	1342	1070	3426
1536	1024	3839	1551	1070	3420
1792	1024	3839	1764	1069	3421
2048	1024	3839	1983	1070	3421
2303	1024	3839	2218	1071	3424
2559	1024	3839	2434	1073	3425
2815	1024	3839	2648	1071	3423
3071	1024	3839	2865	1070	3417
3327	1024	3839	3079	1070	3413
3583	1024	3839	3297	1069	3409
3839	1024	3839	3517	1069	3408
4095	1024	3839	3732	1069	3409
0	1280	3839	253	1331	3442
256	1280	3839	480	1332	3441
512	1280	3839	709	1327	3439
768	1280	3839	925	1327	3440
1024	1280	3839	1148	1327	3438
1280	1280	3839	1368	1326	3431
1536	1280	3839	1575	1322	3429
1792	1280	3839	1791	1324	3429
2048	1280	3839	2009	1323	3428
2303	1280	3839	2245	1325	3429
2559	1280	3839	2460	1326	3432
2815	1280	3839	2676	1326	3428
3071	1280	3839	2892	1324	3422
3327	1280	3839	3107	1322	3416
3583	1280	3839	3324	1321	3414
3839	1280	3839	3544	1320	3414
4095	1280	3839	3755	1319	3414
0	1536	3839	291	1572	3448
256	1536	3839	519	1571	3446
512	1536	3839	738	1572	3445
768	1536	3839	951	1573	3445
1024	1536	3839	1176	1574	3446
1280	1536	3839	1394	1572	3442
1536	1536	3839	1604	1571	3441
1792	1536	3839	1822	1571	3441
2048	1536	3839	2041	1571	3437
2303	1536	3839	2274	1571	3435
2559	1536	3839	2487	1572	3439
2815	1536	3839	2703	1570	3433
3071	1536	3839	2916	1566	3426
3327	1536	3839	3131	1564	3422
3583	1536	3839	3351	1564	3423
3839	1536	3839	3574	1565	3422
4095	1536	3839	3786	1564	3422
0	1792	3839	317	1823	3457
256	1792	3839	544	1822	3454
512	1792	3839	763	1820	3453
768	1792	3839	975	1821	3454
1024	1792	3839	1202	1822	3455
1280	1792	3839	1419	1822	3451
1536	1792	3839	1634	1821	3452
1792	1792	3839	1853	1822	3451
2048	1792	3839	2074	1822	3446
2303	1792	3839	2304	1819	3448
2559	1792	3839	2515	1822	3448
2815	1792	3839	2735	1820	3445
3071	1792	3839	2948	1816	3437
3327	1792	3839	3164	1813	3435
3583	1792	3839	3385	1812	3431
3839	1792	3839	3601	1812	3429
4095	1792	3839	3814	1810	3428
0	2048	3839	343	2071	3466
256	2048	3839	570	2069	3464
512	2048	3839	788	2069	3467
768	2048	3839	985	2079	3467
1024	2048	3839	1210	2078	3463
1280	2048	3839	1439	2072	3458
1536	2048	3839	1662	2068	3457
1792	2048	3839	1880	2068	3456
2048	2048	3839	2103	2066	3455
2303	2048	3839	2334	2067	3456
2559	2048	3839	2542	2066	3455
2815	2048	3839	2765	2066	3451
3071	2048	3839	2978	2062	3445
3327	2048	3839	3196	2060	3443
3583	2048	3839	3416	2059	3438
3839	2048	3839	3631	2056	3437
4095	2048	3839	3843	2056	3437
0	2303	3839	367	2333	3469
256	2303	3839	594	2333	3466
512	2303	3839	814	2334	3465
768	2303	3839	1029	2335	3468
1024	2303	3839	1258	2335	3468
1280	2303	3839	1468	2328	3459
1536	2303	3839	1685	2328	3461
1792	2303	3839	1905	2328	3461
2048	2303	3839	2131	2330	3463
2303	2303	3839	2362	2331	3462
2559	2303	3839	2571	2331	3455
2815	2303	3839	2791	2326	3454
3071	2303	3839	3005	2324	3451
3327	2303	3839	3221	2320	3444
3583	2303	3839	3440	2317	3442
3839	2303	3839	3658	2316	3442
4095	2303	3839	3870	2315	3442
0	2559	3839	398	2587	3474
256	2559	3839	623	2587	3471
512	2559	3839	842	2586	3471
768	2559	3839	1061	2589	3473
1024	2559	3839	1289	2587	3472
1280	2559	3839	1497	2581	3466
1536	2559	3839	1715	2581	3461
1792	2559	3839	1936	2582	3462
2048	2559	3839	2163	2582	3462
2303	2559	3839	2389	2581	3464
2559	2559	3839	2600	2581	3462
2815	2559	3839	2822	2577	3455
3071	2559	3839	3035	2573	3453
3327	2559	3839	3253	2570	3451
3583	2559	3839	3471	2567	3444
3839	2559	3839	3689	2566	3443
4095	2559	3839	3901	2567	3446
0	2815	3839	425	2839	3481
256	2815	3839	650	2837	3479
512	2815	3839	868	2836	3477
768	2815	3839	1087	2834	3478
1024	2815	3839	1313	2831	3474
1280	2815	3839	1525	2831	3474
1536	2815	3839	1743	2830	3467
1792	2815	3839	1963	2830	3468
2048	2815	3839	2192	2829	3467
2303	2815	3839	2415	2828	3467
2559	2815	3839	2629	2827	3466
2815	2815	3839	2851	2824	3461
3071	2815	3839	3063	2818	3455
3327	2815	3839	3284	2818	3455
3583	2815	3839	3505	2817	3452
3839	2815	3839	3719	2814	3449
4095	2815	3839	3927	2811	3449
0	3071	3839	452	3088	3487
256	3071	3839	675	3087	3485
512	3071	3839	893	3086	3483
768	3071	3839	1114	3087	3482
1024	3071	3839	1340	3084	3477
1280	3071	3839	1550	3081	3476
1536	3071	3839	1768	3080	3475
1792	3071	3839	1988	3078	3473
2048	3071	3839	2223	3083	3475
2303	3071	3839	2444	3083	3474
2559	3071	3839	2657	3079	3473
2815	3071	3839	2877	3073	3467
3071	3071	3839	3093	3070	3462
3327	3071	3839	3309	3064	3459
3583	3071	3839	3532	3064	3459
3839	3071	3839	3747	3063	3457
4095	3071	3839	3956	3061	3455
0	3327	3839	478	3343	3493
256	3327	3839	701	3342	3492
512	3327	3839	919	3341	3488
768	3327	3839	1142	3339	3488
1024	3327	3839	1366	3336	3484
1280	3327	3839	1578	3336	3482
1536	3327	3839	1796	3332	3479
1792	3327	3839	2017	3332	3479
2048	3327	3839	2251	3331	3478
2303	3327	3839	2469	3333	3482
2559	3327	3839	2687	3332	3480
2815	3327	3839	2906	3325	3474
3071	3327	3839	3120	3319	3469
3327	3327	3839	3342	3318	3465
3583	3327	3839	3561	3315	3463
3839	3327	3839	3778	3315	3464
4095	3327	3839	3986	3313	3462
0	3583	3839	505	3590	3501
256	3583	3839	727	3591	3502
512	3583	3839	945	3590	3500
768	3583	3839	1170	3587	3497
1024	3583	3839	1393	3585	3493
1280	3583	3839	1604	3579	3491
1536	3583	3839	1822	3575	3487
1792	3583	3839	2044	3578	3488
2048	3583	3839	2282	3577	3487
2303	3583	3839	2495	3578	3487
2559	3583	3839	2712	3573	3487
2815	3583	3839	2932	3569	3482
3071	3583	3839	3151	3566	3476
3327	3583	3839	3371	3563	3474
3583	3583	3839	3590	3558	3470
3839	3583	3839	3806	3559	3471
4095	3583	3839	4014	3558	3471
0	3839	3839	532	3841	3508
256	3839	3839	754	3841	3508
512	3839	3839	972	3841	3510
768	3839	3839	1199	3838	3506
1024	3839	3839	1420	3833	3503
1280	3839	3839	1633	3830	3498
1536	3839	3839	1852	3828	3495
1792	3839	3839	2074	3826	3495
2048	3839	3839	2314	3828	3496
2303	3839	3839	2526	3830	3497
2559	3839	3839	2745	3824	3494
2815	3839	3839	2962	3818	3488
3071	3839	3839	3180	3813	3485
3327	3839	3839	3401	3811	3480
3583	3839	3839	3622	3811	3478
3839	3839	3839	3840	3812	3479
4095	3839	3839	4044	3806	3477
0	4095	3839	560	4087	3519
256	4095	3839	781	4083	3518
512	4095	3839	998	4084	3518
768	4095	3839	1227	4080	3516
1024	4095	3839	1446	4076	3510
1280	4095	3839	1662	4074	3507
1536	4095	3839	1882	4073	3506
1792	4095	3839	2107	4072	3504
2048	4095	3839	2345	4070	3505
2303	4095	3839	2553	4071	3505
2559	4095	3839	2777	4068	3506
2815	4095	3839	2994	4062	3498
3071	4095	3839	3213	4058	3493
3327	4095	3839	3436	4055	3490
3583	4095	3839	3653	4053	3489
3839	4095	3839	3868	4051	3489
4095	4095	3839	4076	4049	3488
0	0	4095	151	61	3636
256	0	4095	377	63	3632
512	0	4095	600	63	3629
768	0	4095	815	65	3630
1024	0	4095	1029	66	3630
1280	0	4095	1253	66	3626
1536	0	4095	1463	67	3622
1792	0	4095	1675	67	3621
2048	0	4095	1890	69	3621
2303	0	4095	2115	69	3621
2559	0	4095	2344	70	3622
2815	0	4095	2553	71	3624
3071	0	4095	2772	71	3620
3327	0	4095	2986	73	3617
3583	0	4095	3202	73	3612
3839	0	4095	3420	74	3608
4095	0	4095	3633	74	3607
0	256	4095	176	318	3642
256	256	4095	402	320	3639
512	256	4095	624	321	3636
768	256	4095	839	322	3637
1024	256	4095	1054	323	3634
1280	256	4095	1280	323	3629
1536	256	4095	1487	323	3628
1792	256	4095	1702	324	3626
2048	256	4095	1919	324	3628
2303	256	4095	2144	325	3629
2559	256	4095	2369	327	3631
2815	256	4095	2582	327	3628
3071	256	4095	2800	327	3623
3327	256	4095	3013	327	3621
3583	256	4095	3229	327	3616
3839	256	4095	3448	327	3612
4095	256	4095	3662	328	3610
0	512	4095	199	572	3649
256	512	4095	426	572	3646
512	512	4095	648	573	3643
768	512	4095	863	572	3642
1024	512	4095	1078	573	3639
1280	512	4095	1302	572	3635
1536	512	4095	1512	573	3634
1792	512	4095	1726	573	3634
2048	512	4095	1945	574	3636
2303	512	4095	2175	576	3638
2559	512	4095	2396	576	3638
2815	512	4095	2606	576	3633
3071	512	4095	2825	575	3630
3327	512	4095	3039	576	3625
3583	512	4095	3255	575	3621
3839	512	4095	3472	575	3616
4095	512	4095	3686	575	3616
0	768	4095	214	830	3655
256	768	4095	447	829	3652
512	768	4095	671	826	3649
768	768	4095	888	826	3650
1024	768	4095	1106	827	3646
1280	768	4095	1328	826	3643
1536	768	4095	1537	826	3645
1792	768	4095	1755	826	3641
2048	768	4095	1971	827	3640
2303	768	4095	2205	828	3644
2559	768	4095	2422	828	3641
2815	768	4095	2634	827	3639
3071	768	4095	2854	827	3636
3327	768	4095	3066	827	3628
3583	768	4095	3282	825	3628
3839	768	4095	3501	825	3624
4095	768	4095	3717	825	3625
0	1024	4095	228	1086	3661
256	1024	4095	453	1087	3659
512	1024	4095	689	1079	3655
768	1024	4095	913	1078	3658
1024	1024	4095	1133	1078	3655
1280	1024	4095	1354	1078	3653
1536	1024	4095	1565	1077	3647
1792	1024	4095	1779	1076	3647
2048	1024	4095	1997	1076	3646
2303	1024	4095	2231	1078	3649
2559	1024	4095	2445	1078	3649
2815	1024	4095	2661	1077	3647
3071	1024	4095	2880	1077	3640
3327	1024	4095	3092	1074	3637
3583	1024	4095	3311	1075	3630
3839	1024	4095	3530	1074	3630
4095	1024	4095	3745	1074	3630
0	1280	4095	253	1340	3666
256	1280	4095	479	1341	3667
512	1280	4095	716	1334	3664
768	1280	4095	937	1332	3664
1024	1280	4095	1160	1334	3661
1280	1280	4095	1379	1331	3657
1536	1280	4095	1587	1330	3658
1792	1280	4095	1805	1330	3654
2048	1280	4095	2022	1330	3654
2303	1280	4095	2260	1332	3655
2559	1280	4095	2472	1332	3657
2815	1280	4095	2688	1331	3651
3071	1280	4095	2906	1329	3646
3327	1280	4095	3120	1328	3639
3583	1280	4095	3336	1325	3639
3839	1280	4095	3558	1326	3639
4095	1280	4095	3770	1325	3637
0	1536	4095	301	1579	3678
256	1536	4095	530	1581	3676
512	1536	4095	748	1579	3674
768	1536	4095	961	1578	3670
1024	1536	4095	1185	1578	3669
1280	1536	4095	1405	1579	3670
1536	1536	4095	1618	1579	3667
1792	1536	4095	1835	1578	3666
2048	1536	4095	2055	1579	3666
2303	1536	4095	2289	1578	3664
2559	1536	4095	2499	1578	3663
2815	1536	4095	2717	1576	3659
3071	1536	4095	2931	1573	3652
3327	1536	4095	3146	1571	3650
3583	1536	4095	3369	1572	3649
3839	1536	4095	3588	1572	3645
4095	1536	4095	3799	1570	3642
0	1792	4095	327	1832	3687
256	1792	4095	556	1832	3684
512	1792	4095	775	1830	3682
768	1792	4095	985	1828	3683
1024	1792	4095	1213	1829	3682
1280	1792	4095	1430	1829	3678
1536	1792	4095	1645	1827	3675
1792	1792	4095	1864	1828	3677
2048	1792	4095	2089	1829	3674
2303	1792	4095	2319	1828	3673
2559	1792	4095	2526	1827	3673
2815	1792	4095	2747	1825	3669
3071	1792	4095	2963	1823	3665
3327	1792	4095	3181	1822	3660
3583	1792	4095	3400	1820	3654
3839	1792	4095	3614	1817	3652
4095	1792	4095	3827	1817	3653
0	2048	4095	353	2078	3693
256	2048	4095	580	2078	3691
512	2048	4095	798	2078	3694
768	2048	4095	998	2087	3693
1024	2048	4095	1226	2087	3689
1280	2048	4095	1451	2077	3683
1536	2048	4095	1673	2074	3683
1792	2048	4095	1891	2074	3681
2048	2048	4095	2116	2074	3681
2303	2048	4095	2346	2074	3681
2559	2048	4095	2555	2074	3678
2815	2048	4095	2777	2072	3676
3071	2048	4095	2992	2069	3671
3327	2048	4095	3209	2067	3666
3583	2048	4095	3428	2064	3663
3839	2048	4095	3645	2063	3664
4095	2048	4095	3858	2062	3664
0	2303	4095	377	2341	3698
256	2303	4095	604	2342	3697
512	2303	4095	823	2341	3696
768	2303	4095	1039	2340	3697
1024	2303	4095	1268	2339	3693
1280	2303	4095	1480	2337	3689
1536	2303	4095	1697	2336	3687
1792	2303	4095	1916	2336	3686
2048	2303	4095	2144	2336	3687
2303	2303	4095	2372	2337	3687
2559	2303	4095	2582	2336	3683
2815	2303	4095	2805	2333	3679
3071	2303	4095	3018	2330	3675
3327	2303	4095	3235	2326	3670
3583	2303	4095	3456	2326	3669
3839	2303	4095	3675	2324	3669
4095	2303	4095	3884	2323	3667
0	2559	4095	408	2595	3700
256	2559	4095	633	2594	3698
512	2559	4095	853	2595	3698
768	2559	4095	1073	2598	3699
1024	2559	4095	1300	2593	3694
1280	2559	4095	1509	2589	3691
1536	2559	4095	1726	2588	3689
1792	2559	4095	1946	2588	3688
2048	2559	4095	2176	2588	3687
2303	2559	4095	2402	2590	3691
2559	2559	4095	2614	2588	3685
2815	2559	4095	2834	2583	3682
3071	2559	4095	3048	2580	3681
3327	2559	4095	3266	2577	3677
3583	2559	4095	3486	2575	3675
3839	2559	4095	3704	2574	3673
4095	2559	4095	3915	2575	3673
0	2815	4095	436	2845	3707
256	2815	4095	659	2844	3705
512	2815	4095	878	2843	3704
768	2815	4095	1098	2843	3706
1024	2815	4095	1327	2842	3701
1280	2815	4095	1537	2839	3699
1536	2815	4095	1753	2835	3692
1792	2815	4095	1974	2835	3693
2048	2815	4095	2206	2835	3692
2303	2815	4095	2425	2833	3692
2559	2815	4095	2639	2832	3691
2815	2815	4095	2861	2829	3685
3071	2815	4095	3077	2826	3682
3327	2815	4095	3299	2826	3681
3583	2815	4095	3517	2822	3676
3839	2815	4095	3731	2820	3674
4095	2815	4095	3939	2818	3674
0	3071	4095	463	3097	3716
256	3071	4095	685	3096	3711
512	3071	4095	903	3096	3711
768	3071	4095	1126	3096	3709
1024	3071	4095	1351	3090	3705
1280	3071	4095	1562	3090	3703
1536	3071	4095	1780	3088	3702
1792	3071	4095	2000	3087	3698
2048	3071	4095	2236	3087	3700
2303	3071	4095	2453	3087	3698
2559	3071	4095	2668	3085	3696
2815	3071	4095	2889	3080	3691
3071	3071	4095	3104	3075	3686
3327	3071	4095	3324	3072	3684
3583	3071	4095	3545	3072	3684
3839	3071	4095	3758	3068	3680
4095	3071	4095	3965	3066	3678
0	3327	4095	490	3353	3721
256	3327	4095	711	3351	3720
512	3327	4095	929	3349	3717
768	3327	4095	1153	3347	3716
1024	3327	4095	1377	3344	3710
1280	3327	4095	1588	3340	3708
1536	3327	4095	1807	3339	3706
1792	3327	4095	2028	3339	3706
2048	3327	4095	2266	3340	3705
2303	3327	4095	2481	3340	3707
2559	3327	4095	2698	3337	3704
2815	3327	4095	2918	3332	3699
3071	3327	4095	3134	3327	3694
3327	3327	4095	3354	3323	3690
3583	3327	4095	3573	3320	3688
3839	3327	4095	3790	3322	3689
4095	3327	4095	3999	3321	3686
0	3583	4095	515	3595	3729
256	3583	4095	738	3596	3728
512	3583	4095	955	3596	3728
768	3583	4095	1181	3595	3725
1024	3583	4095	1403	3590	3721
1280	3583	4095	1615	3586	3716
1536	3583	4095	1834	3585	3714
1792	3583	4095	2055	3584	3713
2048	3583	4095	2294	3585	3713
2303	3583	4095	2509	3586	3715
2559	3583	4095	2726	3582	3713
2815	3583	4095	2945	3576	3707
3071	3583	4095	3163	3572	3702
3327	3583	4095	3385	3569	3698
3583	3583	4095	3605	3568	3697
3839	3583	4095	3820	3568	3696
4095	3583	4095	4027	3564	3696
0	3839	4095	542	3849	3735
256	3839	4095	764	3845	3734
512	3839	4095	981	3847	3735
768	3839	4095	1209	3845	3734
1024	3839	4095	1429	3840	3729
1280	3839	4095	1644	3838	3724
1536	3839	4095	1863	3836	3723
1792	3839	4095	2087	3835	3722
2048	3839	4095	2325	3834	3722
2303	3839	4095	2536	3835	3722
2559	3839	4095	2758	3833	3723
2815	3839	4095	2974	3825	3715
3071	3839	4095	3191	3820	3709
3327	3839	4095	3416	3819	3707
3583	3839	4095	3636	3820	3707
3839	3839	4095	3851	3816	3705
4095	3839	4095	4056	3813	3703
0	4095	4095	569	4095	3747
256	4095	4095	791	4092	3745
512	4095	4095	1007	4089	3743
768	4095	4095	1238	4087	3742
1024	4095	4095	1456	4083	3737
1280	4095	4095	1673	4080	3734
1536	4095	4095	1892	4079	3733
1792	4095	4095	2119	4078	3731
2048	4095	4095	2357	4080	3732
2303	4095	4095	2567	4080	3732
2559	4095	4095	2789	4074	3730
2815	4095	4095	3005	4069	3726
3071	4095	4095	3224	4064	3718
3327	4095	4095	3447	4061	3716
3583	4095	4095	3666	4059	3716
3839	4095	4095	3880	4058	3713
4095	4095	4095	4093	4061	3714
