0	0	0	0	0	0
256	0	0	235	1	0
512	0	0	465	1	0
768	0	0	688	3	0
1024	0	0	907	4	0
1280	0	0	1126	5	0
1536	0	0	1349	6	0
1792	0	0	1561	7	0
2048	0	0	1779	8	0
2303	0	0	1997	10	0
2559	0	0	2236	10	0
2815	0	0	2457	11	0
3071	0	0	2668	12	0
3327	0	0	2887	14	0
3583	0	0	3106	14	0
3839	0	0	3324	15	0
4095	0	0	3542	17	0
0	256	0	25	254	1
256	256	0	257	256	1
512	256	0	488	259	1
768	256	0	709	259	1
1024	256	0	927	261	1
1280	256	0	1147	262	1
1536	256	0	1365	263	1
1792	256	0	1580	263	1
2048	256	0	1802	265	1
2303	256	0	2017	267	1
2559	256	0	2252	267	1
2815	256	0	2476	268	1
3071	256	0	2684	268	1
3327	256	0	2901	269	1
3583	256	0	3133	271	0
3839	256	0	3344	271	0
4095	256	0	3546	272	0
0	512	0	51	507	3
256	512	0	281	508	3
512	512	0	512	512	3
768	512	0	731	512	3
1024	512	0	951	512	3
1280	512	0	1170	512	3
1536	512	0	1389	512	3
1792	512	0	1608	514	2
2048	512	0	1826	515	2
2303	512	0	2041	517	2
2559	512	0	2280	517	2
2815	512	0	2499	517	2
3071	512	0	2707	518	2
3327	512	0	2927	519	2
3583	512	0	3156	521	2
3839	512	0	3364	520	2
4095	512	0	3567	520	2
0	768	0	76	754	4
256	768	0	306	752	4
512	768	0	534	756	4
768	768	0	758	759	4
1024	768	0	979	761	4
1280	768	0	1196	760	4
1536	768	0	1417	761	4
1792	768	0	1636	763	4
2048	768	0	1850	762	4
2303	768	0	2070	764	4
2559	768	0	2307	763	4
2815	768	0	2524	765	4
3071	768	0	2731	763	4
3327	768	0	2954	764	3
3583	768	0	3182	767	3
3839	768	0	3396	769	3
4095	768	0	3598	766	3
0	1024	0	101	1004	6
256	1024	0	330	1005	6
512	1024	0	559	1008	6
768	1024	0	780	1010	6
1024	1024	0	998	1011	6
1280	1024	0	1219	1010	6
1536	1024	0	1439	1013	5
1792	1024	0	1658	1015	5
2048	1024	0	1875	1015	5
2303	1024	0	2092	1014	5
2559	1024	0	2331	1014	5
2815	1024	0	2550	1017	5
3071	1024	0	2758	1016	5
3327	1024	0	2982	1018	5
3583	1024	0	3201	1018	5
3839	1024	0	3413	1019	5
4095	1024	0	3633	1021	5
0	1280	0	126	1254	7
256	1280	0	355	1255	7
512	1280	0	583	1260	7
768	1280	0	805	1261	7
1024	1280	0	1021	1259	7
1280	1280	0	1244	1259	7
1536	1280	0	1464	1262	7
1792	1280	0	1680	1264	7
2048	1280	0	1895	1263	7
2303	1280	0	2117	1263	7
2559	1280	0	2356	1265	7
2815	1280	0	2565	1263	7
3071	1280	0	2780	1266	7
3327	1280	0	3017	1271	6
3583	1280	0	3227	1268	6
3839	1280	0	3435	1267	6
4095	1280	0	3653	1268	6
0	1536	0	151	1500	9
256	1536	0	381	1502	9
512	1536	0	607	1503	9
768	1536	0	827	1502	9
1024	1536	0	1047	1505	9
1280	1536	0	1272	1509	8
1536	1536	0	1487	1506	8
1792	1536	0	1704	1506	8
2048	1536	0	1920	1508	8
2303	1536	0	2149	1512	8
2559	1536	0	2386	1513	8
2815	1536	0	2592	1509	8
3071	1536	0	2804	1510	8
3327	1536	0	3026	1506	8
3583	1536	0	3249	1510	8
3839	1536	0	3465	1514	8
4095	1536	0	3685	1514	8
0	1792	0	177	1746	10
256	1792	0	408	1750	10
512	1792	0	634	1750	10
768	1792	0	853	1748	10
1024	1792	0	1073	1751	10
1280	1792	0	1297	1751	10
1536	1792	0	1514	1750	10
1792	1792	0	1730	1750	10
2048	1792	0	1946	1753	10
2303	1792	0	2180	1758	10
2559	1792	0	2413	1759	10
2815	1792	0	2619	1754	10
3071	1792	0	2831	1755	9
3327	1792	0	3054	1751	9
3583	1792	0	3280	1757	9
3839	1792	0	3492	1759	9
4095	1792	0	3716	1760	9
0	2048	0	202	1986	12
256	2048	0	433	1989	12
512	2048	0	658	1992	12
768	2048	0	878	1992	12
1024	2048	0	1099	1995	11
1280	2048	0	1320	1992	11
1536	2048	0	1536	1993	11
1792	2048	0	1759	1999	11
2048	2048	0	1974	2000	11
2303	2048	0	2204	1999	11
2559	2048	0	2434	1999	11
2815	2048	0	2648	2000	11
3071	2048	0	2859	1999	11
3327	2048	0	3096	2004	11
3583	2048	0	3310	2004	11
3839	2048	0	3517	2002	11
4095	2048	0	3742	2002	11
0	2303	0	226	2256	13
256	2303	0	457	2261	13
512	2303	0	681	2265	13
768	2303	0	901	2264	13
1024	2303	0	1121	2261	13
1280	2303	0	1343	2266	13
1536	2303	0	1564	2272	13
1792	2303	0	1778	2266	13
2048	2303	0	1993	2267	13
2303	2303	0	2231	2271	13
2559	2303	0	2462	2276	13
2815	2303	0	2676	2276	12
3071	2303	0	2886	2272	12
3327	2303	0	3115	2273	12
3583	2303	0	3327	2272	12
3839	2303	0	3533	2271	12
4095	2303	0	3763	2272	12
0	2559	0	254	2507	15
256	2559	0	483	2510	15
512	2559	0	707	2510	15
768	2559	0	925	2509	15
1024	2559	0	1146	2511	14
1280	2559	0	1370	2515	14
1536	2559	0	1584	2511	14
1792	2559	0	1804	2515	14
2048	2559	0	2016	2511	14
2303	2559	0	2261	2518	14
2559	2559	0	2482	2517	14
2815	2559	0	2693	2516	14
3071	2559	0	2911	2515	14
3327	2559	0	3135	2513	14
3583	2559	0	3348	2514	14
3839	2559	0	3561	2518	14
4095	2559	0	3783	2511	14
0	2815	0	278	2746	16
256	2815	0	508	2748	16
512	2815	0	729	2750	16
768	2815	0	950	2756	16
1024	2815	0	1171	2755	16
1280	2815	0	1390	2753	16
1536	2815	0	1609	2757	16
1792	2815	0	1829	2761	16
2048	2815	0	2048	2767	16
2303	2815	0	2284	2759	16
2559	2815	0	2507	2762	15
2815	2815	0	2716	2760	15
3071	2815	0	2934	2756	15
3327	2815	0	3161	2758	15
3583	2815	0	3377	2762	15
3839	2815	0	3580	2758	15
4095	2815	0	3820	2763	15
0	3071	0	303	2996	18
256	3071	0	532	3000	18
512	3071	0	756	3006	18
768	3071	0	973	3004	17
1024	3071	0	1195	3003	17
1280	3071	0	1416	3005	17
1536	3071	0	1634	3009	17
1792	3071	0	1853	3013	17
2048	3071	0	2066	3006	17
2303	3071	0	2308	3006	17
2559	3071	0	2530	3012	17
2815	3071	0	2737	3007	17
3071	3071	0	2961	3008	17
3327	3071	0	3183	3008	17
3583	3071	0	3392	3005	17
3839	3071	0	3609	3011	17
4095	3071	0	3842	3011	17
0	3327	0	329	3252	19
256	3327	0	557	3256	19
512	3327	0	782	3264	19
768	3327	0	999	3257	19
1024	3327	0	1220	3256	19
1280	3327	0	1440	3257	19
1536	3327	0	1658	3258	19
1792	3327	0	1873	3258	19
2048	3327	0	2094	3258	19
2303	3327	0	2341	3266	18
2559	3327	0	2555	3264	18
2815	3327	0	2763	3260	18
3071	3327	0	2985	3257	18
3327	3327	0	3207	3258	18
3583	3327	0	3421	3261	18
3839	3327	0	3636	3260	18
4095	3327	0	3868	3264	18
0	3583	0	354	3501	21
256	3583	0	583	3504	21
512	3583	0	803	3498	20
768	3583	0	1022	3500	20
1024	3583	0	1247	3504	20
1280	3583	0	1462	3498	20
1536	3583	0	1679	3495	20
1792	3583	0	1898	3501	20
2048	3583	0	2126	3509	20
2303	3583	0	2364	3508	20
2559	3583	0	2575	3503	20
2815	3583	0	2785	3503	20
3071	3583	0	3005	3494	20
3327	3583	0	3228	3497	20
3583	3583	0	3439	3498	20
3839	3583	0	3654	3495	20
4095	3583	0	3882	3495	19
0	3839	0	378	3743	22
256	3839	0	606	3747	22
512	3839	0	828	3750	22
768	3839	0	1046	3748	22
1024	3839	0	1270	3749	22
1280	3839	0	1487	3748	22
1536	3839	0	1705	3751	22
1792	3839	0	1924	3755	22
2048	3839	0	2152	3758	22
2303	3839	0	2386	3757	21
2559	3839	0	2598	3753	21
2815	3839	0	2806	3748	21
3071	3839	0	3038	3752	21
3327	3839	0	3255	3752	21
3583	3839	0	3463	3748	21
3839	3839	0	3684	3748	21
4095	3839	0	3909	3749	21
0	4095	0	405	3996	24
256	4095	0	631	3999	23
512	4095	0	852	3998	23
768	4095	0	1070	3995	23
1024	4095	0	1295	3997	23
1280	4095	0	1514	4002	23
1536	4095	0	1732	4003	23
1792	4095	0	1946	4003	23
2048	4095	0	2176	4002	23
2303	4095	0	2409	4002	23
2559	4095	0	2622	4003	23
2815	4095	0	2830	3996	23
3071	4095	0	3063	3997	23
3327	4095	0	3277	3997	23
3583	4095	0	3484	3993	23
3839	4095	0	3714	3999	22
4095	4095	0	3937	4002	22
0	0	256	12	4	244
256	0	256	243	5	244
512	0	256	471	5	246
768	0	256	693	7	247
1024	0	256	912	8	247
1280	0	256	1129	9	247
1536	0	256	1350	10	249
1792	0	256	1567	11	247
2048	0	256	1774	12	246
2303	0	256	1987	14	246
2559	0	256	2230	14	247
2815	0	256	2453	15	247
3071	0	256	2662	16	247
3327	0	256	2876	18	247
3583	0	256	3101	18	247
3839	0	256	3315	19	246
4095	0	256	3516	20	246
0	256	256	36	255	243
256	256	256	266	258	245
512	256	256	496	261	251
768	256	256	717	262	251
1024	256	256	932	263	250
1280	256	256	1153	264	251
1536	256	256	1371	266	249
1792	256	256	1581	265	250
2048	256	256	1797	266	250
2303	256	256	2010	268	250
2559	256	256	2251	268	250
2815	256	256	2468	269	249
3071	256	256	2683	271	251
3327	256	256	2901	272	249
3583	256	256	3117	271	248
3839	256	256	3331	273	249
4095	256	256	3550	275	249
0	512	256	62	508	251
256	512	256	291	510	252
512	512	256	519	512	252
768	512	256	742	513	253
1024	512	256	956	512	253
1280	512	256	1178	514	252
1536	512	256	1397	515	253
1792	512	256	1607	514	250
2048	512	256	1823	515	251
2303	512	256	2039	517	251
2559	512	256	2286	520	253
2815	512	256	2499	519	252
3071	512	256	2714	521	253
3327	512	256	2931	522	251
3583	512	256	3148	521	252
3839	512	256	3364	522	253
4095	512	256	3581	525	250
0	768	256	86	754	254
256	768	256	316	755	255
512	768	256	543	758	255
768	768	256	764	758	255
1024	768	256	981	758	256
1280	768	256	1202	760	254
1536	768	256	1419	760	255
1792	768	256	1635	761	254
2048	768	256	1853	763	254
2303	768	256	2070	764	254
2559	768	256	2316	767	254
2815	768	256	2522	764	255
3071	768	256	2733	765	254
3327	768	256	2959	767	254
3583	768	256	3175	767	252
3839	768	256	3383	766	253
4095	768	256	3598	767	254
0	1024	256	111	1006	258
256	1024	256	341	1008	257
512	1024	256	568	1009	258
768	1024	256	786	1007	257
1024	1024	256	1007	1012	257
1280	1024	256	1223	1008	257
1536	1024	256	1442	1011	256
1792	1024	256	1660	1014	255
2048	1024	256	1875	1013	256
2303	1024	256	2096	1015	256
2559	1024	256	2335	1016	256
2815	1024	256	2545	1015	256
3071	1024	256	2749	1013	255
3327	1024	256	2974	1015	256
3583	1024	256	3201	1018	255
3839	1024	256	3410	1019	255
4095	1024	256	3619	1017	255
0	1280	256	137	1257	258
256	1280	256	365	1257	258
512	1280	256	592	1258	259
768	1280	256	812	1257	258
1024	1280	256	1032	1262	258
1280	1280	256	1250	1257	259
1536	1280	256	1467	1259	257
1792	1280	256	1685	1262	258
2048	1280	256	1905	1267	258
2303	1280	256	2128	1267	258
2559	1280	256	2356	1262	258
2815	1280	256	2575	1267	257
3071	1280	256	2780	1265	257
3327	1280	256	3005	1264	255
3583	1280	256	3231	1268	256
3839	1280	256	3437	1268	257
4095	1280	256	3649	1265	255
0	1536	256	161	1496	260
256	1536	256	391	1498	260
512	1536	256	617	1501	261
768	1536	256	838	1505	261
1024	1536	256	1054	1502	260
1280	1536	256	1279	1506	260
1536	1536	256	1493	1504	259
1792	1536	256	1713	1508	260
2048	1536	256	1924	1507	259
2303	1536	256	2148	1505	259
2559	1536	256	2383	1508	259
2815	1536	256	2596	1508	259
3071	1536	256	2804	1508	258
3327	1536	256	3034	1508	259
3583	1536	256	3245	1506	258
3839	1536	256	3459	1510	259
4095	1536	256	3682	1511	259
0	1792	256	186	1740	261
256	1792	256	416	1742	262
512	1792	256	643	1746	262
768	1792	256	861	1747	262
1024	1792	256	1077	1742	261
1280	1792	256	1301	1745	261
1536	1792	256	1518	1747	262
1792	1792	256	1735	1748	262
2048	1792	256	1947	1748	261
2303	1792	256	2177	1750	261
2559	1792	256	2411	1753	262
2815	1792	256	2624	1754	261
3071	1792	256	2829	1749	259
3327	1792	256	3066	1755	261
3583	1792	256	3270	1749	259
3839	1792	256	3485	1752	260
4095	1792	256	3707	1752	259
0	2048	256	213	1987	264
256	2048	256	444	1990	264
512	2048	256	667	1989	264
768	2048	256	885	1985	263
1024	2048	256	1104	1986	263
1280	2048	256	1326	1989	263
1536	2048	256	1538	1984	262
1792	2048	256	1757	1988	262
2048	2048	256	1975	1993	263
2303	2048	256	2208	1994	263
2559	2048	256	2437	1995	262
2815	2048	256	2650	1997	263
3071	2048	256	2863	1997	263
3327	2048	256	3084	1991	261
3583	2048	256	3302	1994	262
3839	2048	256	3518	1999	263
4095	2048	256	3733	1993	261
0	2303	256	237	2252	264
256	2303	256	467	2255	264
512	2303	256	690	2260	265
768	2303	256	911	2263	265
1024	2303	256	1129	2261	265
1280	2303	256	1346	2257	264
1536	2303	256	1565	2262	265
1792	2303	256	1784	2264	265
2048	2303	256	2001	2269	265
2303	2303	256	2235	2266	265
2559	2303	256	2458	2266	264
2815	2303	256	2667	2263	263
3071	2303	256	2880	2262	262
3327	2303	256	3114	2269	263
3583	2303	256	3329	2270	263
3839	2303	256	3532	2267	262
4095	2303	256	3761	2267	262
0	2559	256	263	2497	267
256	2559	256	493	2505	268
512	2559	256	716	2507	267
768	2559	256	932	2503	266
1024	2559	256	1152	2501	265
1280	2559	256	1373	2505	266
1536	2559	256	1589	2506	266
1792	2559	256	1803	2503	265
2048	2559	256	2023	2509	266
2303	2559	256	2261	2508	265
2559	2559	256	2483	2510	266
2815	2559	256	2694	2510	265
3071	2559	256	2910	2508	265
3327	2559	256	3134	2508	265
3583	2559	256	3345	2507	264
3839	2559	256	3556	2510	265
4095	2559	256	3775	2501	263
0	2815	256	289	2745	268
256	2815	256	518	2748	268
512	2815	256	739	2750	268
768	2815	256	957	2748	268
1024	2815	256	1178	2747	268
1280	2815	256	1396	2747	267
1536	2815	256	1613	2747	267
1792	2815	256	1833	2754	268
2048	2815	256	2049	2756	268
2303	2815	256	2296	2762	269
2559	2815	256	2509	2756	267
2815	2815	256	2718	2754	266
3071	2815	256	2938	2753	266
3327	2815	256	3159	2751	266
3583	2815	256	3371	2753	266
3839	2815	256	3589	2760	266
4095	2815	256	3808	2749	265
0	3071	256	313	2997	269
256	3071	256	543	3002	270
512	3071	256	764	2999	269
768	3071	256	982	3001	269
1024	3071	256	1204	3002	269
1280	3071	256	1421	2997	268
1536	3071	256	1636	2997	268
1792	3071	256	1856	3004	268
2048	3071	256	2078	3010	269
2303	3071	256	2313	3001	267
2559	3071	256	2532	3006	268
2815	3071	256	2741	3003	268
3071	3071	256	2960	2999	267
3327	3071	256	3182	3001	267
3583	3071	256	3397	3005	268
3839	3071	256	3604	3000	266
4095	3071	256	3830	2995	265
0	3327	256	338	3243	270
256	3327	256	566	3249	270
512	3327	256	789	3254	272
768	3327	256	1005	3246	270
1024	3327	256	1227	3248	270
1280	3327	256	1445	3247	270
1536	3327	256	1664	3253	271
1792	3327	256	1880	3255	271
2048	3327	256	2097	3248	269
2303	3327	256	2342	3255	270
2559	3327	256	2556	3255	269
2815	3327	256	2761	3248	268
3071	3327	256	2990	3253	269
3327	3327	256	3206	3250	268
3583	3327	256	3415	3248	268
3839	3327	256	3635	3253	268
4095	3327	256	3866	3255	268
0	3583	256	364	3490	273
256	3583	256	592	3494	273
512	3583	256	812	3493	272
768	3583	256	1030	3492	272
1024	3583	256	1253	3491	272
1280	3583	256	1473	3498	273
1536	3583	256	1688	3494	272
1792	3583	256	1901	3490	271
2048	3583	256	2127	3494	272
2303	3583	256	2366	3500	272
2559	3583	256	2576	3493	271
2815	3583	256	2786	3493	271
3071	3583	256	3007	3486	270
3327	3583	256	3227	3488	270
3583	3583	256	3438	3490	270
3839	3583	256	3657	3490	270
4095	3583	256	3883	3490	269
0	3839	256	389	3740	274
256	3839	256	615	3740	274
512	3839	256	835	3735	273
768	3839	256	1054	3740	273
1024	3839	256	1279	3744	274
1280	3839	256	1493	3739	272
1536	3839	256	1709	3740	273
1792	3839	256	1927	3744	274
2048	3839	256	2157	3748	274
2303	3839	256	2390	3749	273
2559	3839	256	2602	3745	272
2815	3839	256	2814	3748	273
3071	3839	256	3032	3734	271
3327	3839	256	3251	3737	271
3583	3839	256	3463	3738	271
3839	3839	256	3681	3737	271
4095	3839	256	3905	3738	271
0	4095	256	415	3984	275
256	4095	256	640	3986	274
512	4095	256	861	3990	275
768	4095	256	1082	3994	275
1024	4095	256	1301	3987	274
1280	4095	256	1518	3988	275
1536	4095	256	1736	3993	275
1792	4095	256	1950	3993	274
2048	4095	256	2180	3993	274
2303	4095	256	2409	3990	273
2559	4095	256	2619	3987	273
2815	4095	256	2827	3979	272
3071	4095	256	3059	3983	273
3327	4095	256	3278	3990	274
3583	4095	256	3485	3986	273
3839	4095	256	3709	3985	272
4095	4095	256	3928	3987	272
0	0	512	23	8	489
256	0	512	255	9	489
512	0	512	484	9	491
768	0	512	705	11	491
1024	0	512	922	12	491
1280	0	512	1140	14	491
1536	0	512	1361	14	492
1792	0	512	1578	15	490
2048	0	512	1788	16	489
2303	0	512	2000	17	489
2559	0	512	2244	18	491
2815	0	512	2468	19	492
3071	0	512	2674	20	489
3327	0	512	2886	21	489
3583	0	512	3114	22	490
3839	0	512	3327	23	488
4095	0	512	3530	25	488
0	256	512	46	261	494
256	256	512	279	263	495
512	256	512	508	265	495
768	256	512	729	267	496
1024	256	512	945	268	493
1280	256	512	1166	269	495
1536	256	512	1385	270	492
1792	256	512	1596	270	492
2048	256	512	1813	271	492
2303	256	512	2025	273	492
2559	256	512	2271	274	493
2815	256	512	2484	274	491
3071	256	512	2697	276	493
3327	256	512	2914	277	490
3583	256	512	3129	276	489
3839	256	512	3343	278	491
4095	256	512	3561	280	489
0	512	512	72	512	495
256	512	512	303	513	495
512	512	512	531	516	497
768	512	512	752	517	497
1024	512	512	966	516	497
1280	512	512	1189	519	497
1536	512	512	1407	520	494
1792	512	512	1620	519	494
2048	512	512	1837	520	494
2303	512	512	2052	521	495
2559	512	512	2298	524	495
2815	512	512	2509	523	494
3071	512	512	2726	525	496
3327	512	512	2943	526	493
3583	512	512	3160	525	493
3839	512	512	3376	527	495
4095	512	512	3594	530	492
0	768	512	97	758	497
256	768	512	328	760	497
512	768	512	556	764	498
768	768	512	777	763	497
1024	768	512	993	763	498
1280	768	512	1214	765	496
1536	768	512	1431	765	498
1792	768	512	1648	765	495
2048	768	512	1866	768	496
2303	768	512	2085	769	496
2559	768	512	2327	770	497
2815	768	512	2535	768	497
3071	768	512	2747	770	495
3327	768	512	2971	771	496
3583	768	512	3190	772	496
3839	768	512	3400	772	494
4095	768	512	3612	772	495
0	1024	512	122	1012	500
256	1024	512	354	1015	499
512	1024	512	581	1016	501
768	1024	512	799	1014	500
1024	1024	512	1021	1018	500
1280	1024	512	1239	1016	499
1536	1024	512	1459	1019	499
1792	1024	512	1675	1020	497
2048	1024	512	1888	1019	499
2303	1024	512	2111	1020	499
2559	1024	512	2351	1022	499
2815	1024	512	2566	1024	499
3071	1024	512	2767	1020	497
3327	1024	512	2991	1020	498
3583	1024	512	3216	1024	498
3839	1024	512	3424	1025	498
4095	1024	512	3636	1023	496
0	1280	512	148	1261	501
256	1280	512	377	1261	503
512	1280	512	604	1263	502
768	1280	512	824	1264	500
1024	1280	512	1043	1267	502
1280	1280	512	1261	1262	502
1536	1280	512	1481	1266	499
1792	1280	512	1700	1269	502
2048	1280	512	1920	1273	500
2303	1280	512	2145	1274	501
2559	1280	512	2373	1270	501
2815	1280	512	2590	1274	501
3071	1280	512	2789	1268	501
3327	1280	512	3018	1269	497
3583	1280	512	3242	1273	498
3839	1280	512	3452	1274	499
4095	1280	512	3668	1273	497
0	1536	512	173	1503	504
256	1536	512	403	1503	503
512	1536	512	629	1508	504
768	1536	512	851	1512	503
1024	1536	512	1067	1508	504
1280	1536	512	1291	1511	503
1536	1536	512	1508	1512	500
1792	1536	512	1728	1516	502
2048	1536	512	1938	1514	503
2303	1536	512	2163	1512	505
2559	1536	512	2399	1515	501
2815	1536	512	2613	1516	503
3071	1536	512	2828	1520	500
3327	1536	512	3057	1519	500
3583	1536	512	3262	1514	500
3839	1536	512	3475	1517	502
4095	1536	512	3699	1519	500
0	1792	512	198	1745	504
256	1792	512	429	1749	503
512	1792	512	656	1755	504
768	1792	512	875	1756	506
1024	1792	512	1090	1749	503
1280	1792	512	1314	1752	505
1536	1792	512	1533	1757	505
1792	1792	512	1750	1757	504
2048	1792	512	1963	1756	506
2303	1792	512	2194	1756	502
2559	1792	512	2425	1759	504
2815	1792	512	2638	1760	504
3071	1792	512	2849	1760	504
3327	1792	512	3088	1765	504
3583	1792	512	3284	1755	504
3839	1792	512	3500	1760	500
4095	1792	512	3723	1759	502
0	2048	512	226	1996	507
256	2048	512	456	2000	505
512	2048	512	678	1994	508
768	2048	512	897	1992	509
1024	2048	512	1117	1995	505
1280	2048	512	1339	1997	505
1536	2048	512	1553	1993	506
1792	2048	512	1773	1999	506
2048	2048	512	1993	2004	506
2303	2048	512	2228	2005	505
2559	2048	512	2454	2004	505
2815	2048	512	2666	2005	506
3071	2048	512	2878	2003	505
3327	2048	512	3098	1997	506
3583	2048	512	3318	2002	506
3839	2048	512	3524	2001	503
4095	2048	512	3750	2001	505
0	2303	512	250	2262	508
256	2303	512	479	2262	511
512	2303	512	703	2269	510
768	2303	512	922	2270	506
1024	2303	512	1142	2269	508
1280	2303	512	1361	2269	508
1536	2303	512	1578	2269	507
1792	2303	512	1799	2274	507
2048	2303	512	2016	2277	508
2303	2303	512	2252	2276	510
2559	2303	512	2472	2274	509
2815	2303	512	2679	2269	508
3071	2303	512	2895	2269	507
3327	2303	512	3130	2277	504
3583	2303	512	3344	2277	506
3839	2303	512	3544	2273	506
4095	2303	512	3777	2274	505
0	2559	512	275	2508	510
256	2559	512	506	2514	512
512	2559	512	728	2514	511
768	2559	512	944	2509	509
1024	2559	512	1164	2508	509
1280	2559	512	1385	2510	509
1536	2559	512	1601	2511	509
1792	2559	512	1818	2510	510
2048	2559	512	2039	2518	510
2303	2559	512	2277	2516	510
2559	2559	512	2500	2519	509
2815	2559	512	2710	2518	507
3071	2559	512	2927	2516	506
3327	2559	512	3150	2515	509
3583	2559	512	3363	2516	508
3839	2559	512	3577	2520	506
4095	2559	512	3794	2510	506
0	2815	512	301	2755	512
256	2815	512	529	2756	511
512	2815	512	751	2758	512
768	2815	512	969	2755	511
1024	2815	512	1189	2753	510
1280	2815	512	1407	2752	509
1536	2815	512	1624	2753	509
1792	2815	512	1845	2760	511
2048	2815	512	2059	2757	510
2303	2815	512	2307	2763	511
2559	2815	512	2518	2757	508
2815	2815	512	2728	2756	508
3071	2815	512	2951	2757	508
3327	2815	512	3173	2757	508
3583	2815	512	3385	2760	508
3839	2815	512	3607	2768	510
4095	2815	512	3830	2760	508
0	3071	512	325	3005	512
256	3071	512	555	3009	513
512	3071	512	776	3006	512
768	3071	512	995	3010	512
1024	3071	512	1217	3010	512
1280	3071	512	1434	3005	511
1536	3071	512	1651	3007	511
1792	3071	512	1872	3014	512
2048	3071	512	2092	3014	512
2303	3071	512	2329	3009	510
2559	3071	512	2549	3016	512
2815	3071	512	2756	3012	511
3071	3071	512	2975	3007	510
3327	3071	512	3201	3012	511
3583	3071	512	3415	3015	511
3839	3071	512	3622	3010	509
4095	3071	512	3852	3008	509
0	3327	512	351	3252	512
256	3327	512	578	3256	513
512	3327	512	801	3260	514
768	3327	512	1018	3255	512
1024	3327	512	1240	3257	512
1280	3327	512	1459	3256	512
1536	3327	512	1680	3263	514
1792	3327	512	1896	3265	514
2048	3327	512	2116	3260	512
2303	3327	512	2357	3265	514
2559	3327	512	2572	3265	512
2815	3327	512	2777	3259	511
3071	3327	512	3006	3262	512
3327	3327	512	3222	3259	511
3583	3327	512	3433	3259	511
3839	3327	512	3656	3265	512
4095	3327	512	3885	3267	512
0	3583	512	377	3504	517
256	3583	512	605	3506	517
512	3583	512	825	3505	515
768	3583	512	1043	3502	515
1024	3583	512	1265	3498	513
1280	3583	512	1487	3508	516
1536	3583	512	1703	3505	514
1792	3583	512	1918	3503	513
2048	3583	512	2146	3509	515
2303	3583	512	2384	3512	515
2559	3583	512	2593	3504	514
2815	3583	512	2802	3502	514
3071	3583	512	3026	3498	512
3327	3583	512	3247	3500	513
3583	3583	512	3459	3503	513
3839	3583	512	3679	3504	512
4095	3583	512	3905	3505	512
0	3839	512	402	3755	517
256	3839	512	629	3756	517
512	3839	512	850	3753	517
768	3839	512	1068	3752	516
1024	3839	512	1293	3757	518
1280	3839	512	1509	3753	515
1536	3839	512	1725	3751	515
1792	3839	512	1943	3755	516
2048	3839	512	2173	3758	516
2303	3839	512	2403	3756	514
2559	3839	512	2615	3753	514
2815	3839	512	2831	3757	515
3071	3839	512	3052	3748	514
3327	3839	512	3268	3747	513
3583	3839	512	3479	3747	512
3839	3839	512	3699	3746	512
4095	3839	512	3923	3749	512
0	4095	512	428	3994	517
256	4095	512	653	4001	517
512	4095	512	875	4007	519
768	4095	512	1095	4005	519
1024	4095	512	1315	3997	516
1280	4095	512	1534	4001	517
1536	4095	512	1752	4006	518
1792	4095	512	1966	4003	517
2048	4095	512	2198	4003	517
2303	4095	512	2427	4002	516
2559	4095	512	2638	4000	516
2815	4095	512	2851	3998	515
3071	4095	512	3084	4002	517
3327	4095	512	3300	4005	517
3583	4095	512	3501	3993	514
3839	4095	512	3726	3993	513
4095	4095	512	3946	3998	513
0	0	768	35	12	730
256	0	768	268	12	729
512	0	768	496	14	731
768	0	768	716	15	728
1024	0	768	934	16	731
1280	0	768	1155	17	732
1536	0	768	1375	18	729
1792	0	768	1588	19	731
2048	0	768	1806	20	730
2303	0	768	2019	21	730
2559	0	768	2262	22	731
2815	0	768	2479	23	728
3071	0	768	2689	24	729
3327	0	768	2907	25	728
3583	0	768	3129	26	728
3839	0	768	3340	27	724
4095	0	768	3536	29	724
0	256	768	58	265	731
256	256	768	290	267	732
512	256	768	518	269	732
768	256	768	737	270	731
1024	256	768	957	272	733
1280	256	768	1175	273	729
1536	256	768	1393	273	731
1792	256	768	1611	275	732
2048	256	768	1828	276	735
2303	256	768	2047	278	735
2559	256	768	2280	277	729
2815	256	768	2504	279	733
3071	256	768	2711	280	730
3327	256	768	2926	280	728
3583	256	768	3149	281	730
3839	256	768	3364	283	727
4095	256	768	3565	283	727
0	512	768	83	516	734
256	512	768	314	518	737
512	512	768	544	521	734
768	512	768	762	520	734
1024	512	768	981	522	736
1280	512	768	1202	523	734
1536	512	768	1422	524	737
1792	512	768	1639	526	735
2048	512	768	1855	527	736
2303	512	768	2073	528	732
2559	512	768	2307	526	732
2815	512	768	2531	530	735
3071	512	768	2736	529	732
3327	512	768	2954	529	731
3583	512	768	3177	530	733
3839	512	768	3389	531	730
4095	512	768	3594	531	730
0	768	768	107	760	736
256	768	768	338	763	735
512	768	768	566	765	738
768	768	768	788	767	735
1024	768	768	1004	766	735
1280	768	768	1226	769	737
1536	768	768	1444	770	735
1792	768	768	1662	771	738
2048	768	768	1876	771	735
2303	768	768	2094	771	736
2559	768	768	2339	775	736
2815	768	768	2551	774	736
3071	768	768	2761	775	735
3327	768	768	2983	775	734
3583	768	768	3197	774	731
3839	768	768	3408	775	734
4095	768	768	3631	778	733
0	1024	768	133	1013	735
256	1024	768	364	1016	737
512	1024	768	592	1020	738
768	1024	768	815	1024	739
1024	1024	768	1030	1021	739
1280	1024	768	1253	1022	737
1536	1024	768	1470	1023	737
1792	1024	768	1686	1024	737
2048	1024	768	1901	1024	738
2303	1024	768	2125	1026	736
2559	1024	768	2367	1029	737
2815	1024	768	2573	1025	737
3071	1024	768	2781	1026	736
3327	1024	768	3018	1030	736
3583	1024	768	3230	1029	735
3839	1024	768	3437	1028	733
4095	1024	768	3655	1029	733
0	1280	768	159	1263	737
256	1280	768	390	1267	739
512	1280	768	617	1270	740
768	1280	768	839	1273	743
1024	1280	768	1056	1272	740
1280	1280	768	1280	1273	740
1536	1280	768	1500	1277	740
1792	1280	768	1712	1275	740
2048	1280	768	1927	1274	740
2303	1280	768	2157	1277	739
2559	1280	768	2392	1278	742
2815	1280	768	2593	1272	738
3071	1280	768	2808	1274	738
3327	1280	768	3031	1272	736
3583	1280	768	3253	1276	740
3839	1280	768	3462	1277	736
4095	1280	768	3679	1276	737
0	1536	768	186	1512	742
256	1536	768	417	1515	743
512	1536	768	641	1514	744
768	1536	768	860	1512	745
1024	1536	768	1080	1514	744
1280	1536	768	1306	1519	743
1536	1536	768	1519	1515	743
1792	1536	768	1737	1518	745
2048	1536	768	1955	1523	741
2303	1536	768	2186	1524	742
2559	1536	768	2417	1523	744
2815	1536	768	2630	1523	738
3071	1536	768	2842	1523	740
3327	1536	768	3061	1518	740
3583	1536	768	3289	1525	737
3839	1536	768	3492	1524	740
4095	1536	768	3709	1520	738
0	1792	768	210	1754	743
256	1792	768	442	1756	746
512	1792	768	665	1756	746
768	1792	768	884	1755	742
1024	1792	768	1106	1760	743
1280	1792	768	1331	1765	746
1536	1792	768	1540	1756	745
1792	1792	768	1759	1760	742
2048	1792	768	1983	1768	744
2303	1792	768	2218	1770	746
2559	1792	768	2443	1769	745
2815	1792	768	2656	1768	744
3071	1792	768	2872	1770	744
3327	1792	768	3089	1762	740
3583	1792	768	3309	1766	740
3839	1792	768	3516	1766	744
4095	1792	768	3737	1764	740
0	2048	768	236	1995	747
256	2048	768	466	1998	746
512	2048	768	690	1999	747
768	2048	768	910	2000	744
1024	2048	768	1129	2002	746
1280	2048	768	1352	2004	748
1536	2048	768	1570	2005	743
1792	2048	768	1787	2007	743
2048	2048	768	1999	2003	745
2303	2048	768	2238	2007	749
2559	2048	768	2469	2011	748
2815	2048	768	2679	2011	746
3071	2048	768	2889	2006	747
3327	2048	768	3115	2006	742
3583	2048	768	3333	2008	744
3839	2048	768	3535	2005	744
4095	2048	768	3774	2011	743
0	2303	768	261	2268	748
256	2303	768	491	2272	746
512	2303	768	715	2276	747
768	2303	768	932	2273	748
1024	2303	768	1154	2275	747
1280	2303	768	1376	2280	747
1536	2303	768	1593	2279	748
1792	2303	768	1809	2277	748
2048	2303	768	2019	2274	748
2303	2303	768	2263	2280	745
2559	2303	768	2484	2277	747
2815	2303	768	2698	2279	748
3071	2303	768	2917	2281	744
3327	2303	768	3138	2279	744
3583	2303	768	3350	2278	745
3839	2303	768	3565	2284	745
4095	2303	768	3786	2278	743
0	2559	768	288	2517	749
256	2559	768	517	2522	749
512	2559	768	738	2518	750
768	2559	768	958	2520	751
1024	2559	768	1180	2521	748
1280	2559	768	1399	2520	750
1536	2559	768	1615	2520	749
1792	2559	768	1831	2518	747
2048	2559	768	2049	2522	747
2303	2559	768	2298	2529	746
2559	2559	768	2513	2527	748
2815	2559	768	2723	2523	745
3071	2559	768	2941	2521	748
3327	2559	768	3164	2521	746
3583	2559	768	3377	2523	746
3839	2559	768	3579	2516	747
4095	2559	768	3818	2523	747
0	2815	768	312	2757	752
256	2815	768	540	2758	753
512	2815	768	762	2761	753
768	2815	768	982	2764	751
1024	2815	768	1203	2764	753
1280	2815	768	1423	2763	751
1536	2815	768	1641	2766	750
1792	2815	768	1858	2768	750
2048	2815	768	2070	2761	752
2303	2815	768	2320	2769	752
2559	2815	768	2536	2769	752
2815	2815	768	2745	2766	750
3071	2815	768	2969	2767	748
3327	2815	768	3188	2765	747
3583	2815	768	3396	2764	748
3839	2815	768	3614	2767	745
4095	2815	768	3844	2766	747
0	3071	768	337	3005	752
256	3071	768	566	3010	752
512	3071	768	788	3017	752
768	3071	768	1006	3016	752
1024	3071	768	1228	3013	753
1280	3071	768	1448	3017	752
1536	3071	768	1664	3016	752
1792	3071	768	1877	3011	753
2048	3071	768	2098	3012	749
2303	3071	768	2345	3021	752
2559	3071	768	2557	3016	752
2815	3071	768	2766	3016	752
3071	3071	768	2992	3016	751
3327	3071	768	3213	3018	751
3583	3071	768	3425	3019	748
3839	3071	768	3639	3018	751
4095	3071	768	3863	3014	749
0	3327	768	363	3261	752
256	3327	768	591	3264	754
512	3327	768	812	3262	755
768	3327	768	1031	3264	755
1024	3327	768	1256	3271	754
1280	3327	768	1472	3266	754
1536	3327	768	1690	3268	754
1792	3327	768	1907	3271	751
2048	3327	768	2133	3272	752
2303	3327	768	2372	3274	754
2559	3327	768	2586	3273	751
2815	3327	768	2798	3274	751
3071	3327	768	3022	3269	751
3327	3327	768	3239	3269	751
3583	3327	768	3448	3267	751
3839	3327	768	3663	3264	750
4095	3327	768	3888	3263	749
0	3583	768	387	3497	757
256	3583	768	615	3502	757
512	3583	768	837	3509	755
768	3583	768	1056	3510	756
1024	3583	768	1275	3499	756
1280	3583	768	1494	3503	757
1536	3583	768	1714	3510	755
1792	3583	768	1932	3513	757
2048	3583	768	2157	3512	757
2303	3583	768	2391	3510	757
2559	3583	768	2606	3510	757
2815	3583	768	2807	3499	757
3071	3583	768	3044	3507	756
3327	3583	768	3265	3511	754
3583	3583	768	3472	3509	754
3839	3583	768	3691	3507	752
4095	3583	768	3915	3509	750
0	3839	768	412	3751	757
256	3839	768	639	3755	758
512	3839	768	861	3757	758
768	3839	768	1079	3754	756
1024	3839	768	1299	3746	755
1280	3839	768	1522	3760	758
1536	3839	768	1739	3761	758
1792	3839	768	1954	3761	757
2048	3839	768	2185	3761	757
2303	3839	768	2417	3764	755
2559	3839	768	2633	3766	754
2815	3839	768	2841	3759	751
3071	3839	768	3068	3756	751
3327	3839	768	3284	3757	755
3583	3839	768	3495	3757	755
3839	3839	768	3721	3759	753
4095	3839	768	3940	3760	753
0	4095	768	440	4005	760
256	4095	768	666	4010	761
512	4095	768	886	4010	760
768	4095	768	1105	4005	759
1024	4095	768	1329	4010	761
1280	4095	768	1546	4012	759
1536	4095	768	1764	4012	759
1792	4095	768	1977	4007	758
2048	4095	768	2211	4008	757
2303	4095	768	2439	4008	756
2559	4095	768	2652	4007	756
2815	4095	768	2873	4014	759
3071	4095	768	3103	4014	759
3327	4095	768	3309	4005	756
3583	4095	768	3523	4009	757
3839	4095	768	3748	4007	756
4095	4095	768	3961	4005	754
0	0	1024	47	16	968
256	0	1024	279	16	969
512	0	1024	507	18	969
768	0	1024	729	19	971
1024	0	1024	946	20	968
1280	0	1024	1167	21	972
1536	0	1024	1389	22	971
1792	0	1024	1605	23	973
2048	0	1024	1822	25	967
2303	0	1024	2029	25	967
2559	0	1024	2274	26	969
2815	0	1024	2495	28	970
3071	0	1024	2706	29	969
3327	0	1024	2923	29	967
3583	0	1024	3144	30	965
3839	0	1024	3352	32	967
4095	0	1024	3567	33	966
0	256	1024	70	270	974
256	256	1024	303	272	973
512	256	1024	531	273	973
768	256	1024	752	275	974
1024	256	1024	969	277	972
1280	256	1024	1190	277	971
1536	256	1024	1409	278	973
1792	256	1024	1625	280	969
2048	256	1024	1838	280	970
2303	256	1024	2054	281	974
2559	256	1024	2304	283	974
2815	256	1024	2512	283	968
3071	256	1024	2721	284	968
3327	256	1024	2949	285	972
3583	256	1024	3173	286	968
3839	256	1024	3377	287	967
4095	256	1024	3587	288	967
0	512	1024	95	521	975
256	512	1024	326	523	977
512	512	1024	556	525	978
768	512	1024	777	527	977
1024	512	1024	992	527	975
1280	512	1024	1215	529	976
1536	512	1024	1436	530	977
1792	512	1024	1652	530	973
2048	512	1024	1866	531	974
2303	512	1024	2085	532	976
2559	512	1024	2331	534	972
2815	512	1024	2539	533	972
3071	512	1024	2751	534	973
3327	512	1024	2980	537	975
3583	512	1024	3200	537	971
3839	512	1024	3406	537	972
4095	512	1024	3621	538	971
0	768	1024	120	768	976
256	768	1024	353	771	976
512	768	1024	582	776	978
768	768	1024	802	773	979
1024	768	1024	1021	775	979
1280	768	1024	1244	777	980
1536	768	1024	1460	777	977
1792	768	1024	1677	777	977
2048	768	1024	1894	779	979
2303	768	1024	2119	781	981
2559	768	1024	2360	782	978
2815	768	1024	2570	781	978
3071	768	1024	2775	780	974
3327	768	1024	2996	779	971
3583	768	1024	3220	781	975
3839	768	1024	3436	784	974
4095	768	1024	3649	784	972
0	1024	1024	145	1022	979
256	1024	1024	378	1025	980
512	1024	1024	605	1027	985
768	1024	1024	825	1026	980
1024	1024	1024	1042	1025	981
1280	1024	1024	1269	1030	981
1536	1024	1024	1480	1028	980
1792	1024	1024	1697	1027	978
2048	1024	1024	1916	1030	978
2303	1024	1024	2144	1034	981
2559	1024	1024	2380	1035	977
2815	1024	1024	2590	1032	979
3071	1024	1024	2805	1035	979
3327	1024	1024	3029	1034	976
3583	1024	1024	3247	1035	976
3839	1024	1024	3458	1036	976
4095	1024	1024	3674	1035	973
0	1280	1024	170	1270	981
256	1280	1024	401	1269	982
512	1280	1024	628	1274	983
768	1280	1024	852	1279	982
1024	1280	1024	1070	1279	980
1280	1280	1024	1290	1275	980
1536	1280	1024	1506	1277	982
1792	1280	1024	1728	1282	978
2048	1280	1024	1944	1283	979
2303	1280	1024	2167	1281	982
2559	1280	1024	2398	1281	982
2815	1280	1024	2613	1281	979
3071	1280	1024	2817	1278	981
3327	1280	1024	3058	1284	980
3583	1280	1024	3272	1284	976
3839	1280	1024	3481	1284	977
4095	1280	1024	3706	1286	977
0	1536	1024	197	1515	986
256	1536	1024	428	1515	980
512	1536	1024	653	1518	981
768	1536	1024	874	1521	987
1024	1536	1024	1092	1519	986
1280	1536	1024	1313	1519	981
1536	1536	1024	1533	1523	980
1792	1536	1024	1751	1525	981
2048	1536	1024	1960	1521	985
2303	1536	1024	2192	1523	983
2559	1536	1024	2426	1526	980
2815	1536	1024	2638	1526	980
3071	1536	1024	2850	1525	977
3327	1536	1024	3082	1526	977
3583	1536	1024	3296	1527	982
3839	1536	1024	3503	1527	980
4095	1536	1024	3733	1529	979
0	1792	1024	222	1757	986
256	1792	1024	454	1763	983
512	1792	1024	679	1764	983
768	1792	1024	897	1764	985
1024	1792	1024	1117	1764	983
1280	1792	1024	1339	1764	982
1536	1792	1024	1561	1771	985
1792	1792	1024	1779	1772	985
2048	1792	1024	1994	1772	985
2303	1792	1024	2231	1774	980
2559	1792	1024	2460	1777	984
2815	1792	1024	2671	1776	982
3071	1792	1024	2881	1772	980
3327	1792	1024	3110	1772	980
3583	1792	1024	3321	1770	980
3839	1792	1024	3531	1771	980
4095	1792	1024	3762	1773	979
0	2048	1024	248	2001	983
256	2048	1024	479	2005	986
512	2048	1024	703	2007	989
768	2048	1024	922	2007	987
1024	2048	1024	1143	2010	987
1280	2048	1024	1366	2012	985
1536	2048	1024	1579	2006	989
1792	2048	1024	1801	2013	989
2048	2048	1024	2015	2012	988
2303	2048	1024	2253	2012	988
2559	2048	1024	2475	2011	989
2815	2048	1024	2685	2010	989
3071	2048	1024	2902	2011	984
3327	2048	1024	3130	2010	984
3583	2048	1024	3344	2012	983
3839	2048	1024	3558	2016	983
4095	2048	1024	3783	2013	983
0	2303	1024	275	2283	987
256	2303	1024	506	2288	987
512	2303	1024	725	2280	989
768	2303	1024	945	2282	989
1024	2303	1024	1166	2282	988
1280	2303	1024	1387	2282	991
1536	2303	1024	1606	2285	986
1792	2303	1024	1822	2285	989
2048	2303	1024	2041	2291	989
2303	2303	1024	2278	2287	988
2559	2303	1024	2501	2288	987
2815	2303	1024	2711	2287	983
3071	2303	1024	2926	2284	983
3327	2303	1024	3153	2286	983
3583	2303	1024	3372	2291	984
3839	2303	1024	3571	2285	985
4095	2303	1024	3811	2291	985
0	2559	1024	299	2516	994
256	2559	1024	528	2521	994
512	2559	1024	753	2529	994
768	2559	1024	967	2520	989
1024	2559	1024	1189	2519	990
1280	2559	1024	1410	2523	987
1536	2559	1024	1630	2528	990
1792	2559	1024	1852	2535	989
2048	2559	1024	2059	2523	991
2303	2559	1024	2307	2529	991
2559	2559	1024	2525	2530	987
2815	2559	1024	2733	2526	989
3071	2559	1024	2955	2527	985
3327	2559	1024	3177	2527	985
3583	2559	1024	3384	2523	988
3839	2559	1024	3602	2529	984
4095	2559	1024	3843	2535	984
0	2815	1024	325	2768	988
256	2815	1024	554	2773	990
512	2815	1024	776	2772	990
768	2815	1024	993	2766	993
1024	2815	1024	1215	2767	987
1280	2815	1024	1433	2765	990
1536	2815	1024	1650	2766	991
1792	2815	1024	1869	2769	995
2048	2815	1024	2088	2771	988
2303	2815	1024	2333	2775	988
2559	2815	1024	2548	2773	991
2815	2815	1024	2755	2769	989
3071	2815	1024	2975	2766	986
3327	2815	1024	3196	2766	988
3583	2815	1024	3411	2771	984
3839	2815	1024	3629	2773	987
4095	2815	1024	3857	2771	989
0	3071	1024	350	3021	996
256	3071	1024	580	3027	997
512	3071	1024	800	3024	994
768	3071	1024	1019	3023	993
1024	3071	1024	1241	3020	992
1280	3071	1024	1457	3018	991
1536	3071	1024	1675	3021	989
1792	3071	1024	1894	3025	990
2048	3071	1024	2116	3024	992
2303	3071	1024	2355	3026	992
2559	3071	1024	2569	3024	992
2815	3071	1024	2783	3026	991
3071	3071	1024	3008	3025	989
3327	3071	1024	3227	3025	986
3583	3071	1024	3439	3025	989
3839	3071	1024	3656	3026	989
4095	3071	1024	3888	3029	987
0	3327	1024	375	3273	996
256	3327	1024	603	3275	997
512	3327	1024	826	3275	996
768	3327	1024	1046	3283	996
1024	3327	1024	1265	3268	994
1280	3327	1024	1486	3275	993
1536	3327	1024	1702	3275	992
1792	3327	1024	1917	3273	994
2048	3327	1024	2144	3273	994
2303	3327	1024	2381	3276	993
2559	3327	1024	2596	3277	991
2815	3327	1024	2803	3272	991
3071	3327	1024	3032	3271	992
3327	3327	1024	3247	3269	991
3583	3327	1024	3455	3267	990
3839	3327	1024	3679	3271	990
4095	3327	1024	3909	3276	991
0	3583	1024	400	3507	998
256	3583	1024	627	3511	999
512	3583	1024	849	3517	998
768	3583	1024	1066	3510	999
1024	3583	1024	1293	3519	999
1280	3583	1024	1510	3517	994
1536	3583	1024	1725	3514	998
1792	3583	1024	1942	3514	994
2048	3583	1024	2169	3516	994
2303	3583	1024	2404	3517	995
2559	3583	1024	2624	3523	995
2815	3583	1024	2827	3514	992
3071	3583	1024	3059	3517	992
3327	3583	1024	3268	3507	991
3583	3583	1024	3479	3509	989
3839	3583	1024	3700	3508	989
4095	3583	1024	3919	3505	991
0	3839	1024	425	3758	996
256	3839	1024	651	3763	997
512	3839	1024	873	3764	999
768	3839	1024	1091	3762	996
1024	3839	1024	1316	3765	1000
1280	3839	1024	1531	3761	1000
1536	3839	1024	1746	3760	997
1792	3839	1024	1963	3763	997
2048	3839	1024	2199	3769	997
2303	3839	1024	2427	3767	996
2559	3839	1024	2636	3760	998
2815	3839	1024	2851	3761	995
3071	3839	1024	3079	3760	995
3327	3839	1024	3293	3758	994
3583	3839	1024	3504	3759	991
3839	3839	1024	3727	3759	992
4095	3839	1024	3945	3758	988
0	4095	1024	454	4022	998
256	4095	1024	677	4017	1000
512	4095	1024	897	4012	1000
768	4095	1024	1118	4013	999
1024	4095	1024	1339	4013	997
1280	4095	1024	1556	4014	996
1536	4095	1024	1773	4012	996
1792	4095	1024	1991	4017	997
2048	4095	1024	2228	4021	998
2303	4095	1024	2454	4019	999
2559	4095	1024	2666	4016	993
2815	4095	1024	2882	4016	994
3071	4095	1024	3103	4005	994
3327	4095	1024	3323	4013	994
3583	4095	1024	3529	4008	994
3839	4095	1024	3757	4009	993
4095	4095	1024	3974	4012	992
0	0	1280	59	20	1211
256	0	1280	292	21	1212
512	0	1280	519	22	1213
768	0	1280	742	23	1214
1024	0	1280	960	24	1211
1280	0	1280	1181	25	1214
1536	0	1280	1404	26	1218
1792	0	1280	1622	27	1212
2048	0	1280	1831	27	1211
2303	0	1280	2047	29	1212
2559	0	1280	2294	30	1214
2815	0	1280	2505	31	1208
3071	0	1280	2715	32	1209
3327	0	1280	2935	33	1207
3583	0	1280	3159	34	1210
3839	0	1280	3375	36	1209
4095	0	1280	3583	36	1207
0	256	1280	82	274	1219
256	256	1280	315	276	1219
512	256	1280	545	279	1214
768	256	1280	762	279	1213
1024	256	1280	982	281	1214
1280	256	1280	1207	282	1218
1536	256	1280	1423	283	1211
1792	256	1280	1637	283	1212
2048	256	1280	1855	285	1216
2303	256	1280	2076	286	1216
2559	256	1280	2319	288	1216
2815	256	1280	2534	289	1215
3071	256	1280	2746	290	1215
3327	256	1280	2966	290	1212
3583	256	1280	3184	291	1210
3839	256	1280	3393	292	1209
4095	256	1280	3604	292	1205
0	512	1280	107	527	1221
256	512	1280	340	530	1224
512	512	1280	570	532	1218
768	512	1280	789	531	1219
1024	512	1280	1005	532	1217
1280	512	1280	1231	534	1221
1536	512	1280	1448	534	1215
1792	512	1280	1662	534	1215
2048	512	1280	1882	536	1220
2303	512	1280	2106	539	1217
2559	512	1280	2343	538	1216
2815	512	1280	2559	539	1216
3071	512	1280	2770	540	1217
3327	512	1280	2990	539	1213
3583	512	1280	3208	540	1213
3839	512	1280	3418	541	1211
4095	512	1280	3629	541	1209
0	768	1280	131	773	1216
256	768	1280	363	773	1217
512	768	1280	590	775	1219
768	768	1280	812	777	1219
1024	768	1280	1031	778	1219
1280	768	1280	1253	780	1219
1536	768	1280	1469	779	1216
1792	768	1280	1689	781	1221
2048	768	1280	1908	784	1221
2303	768	1280	2130	785	1217
2559	768	1280	2363	783	1219
2815	768	1280	2582	786	1213
3071	768	1280	2780	783	1212
3327	768	1280	3012	785	1216
3583	768	1280	3233	786	1215
3839	768	1280	3443	787	1213
4095	768	1280	3662	788	1214
0	1024	1280	157	1027	1223
256	1024	1280	389	1027	1217
512	1024	1280	616	1030	1219
768	1024	1280	838	1032	1221
1024	1024	1280	1060	1035	1221
1280	1024	1280	1279	1033	1221
1536	1024	1280	1497	1035	1221
1792	1024	1280	1713	1035	1220
2048	1024	1280	1928	1035	1219
2303	1024	1280	2153	1036	1221
2559	1024	1280	2392	1039	1220
2815	1024	1280	2605	1038	1218
3071	1024	1280	2812	1038	1218
3327	1024	1280	3048	1041	1221
3583	1024	1280	3259	1039	1216
3839	1024	1280	3461	1037	1213
4095	1024	1280	3687	1040	1218
0	1280	1280	183	1275	1226
256	1280	1280	414	1278	1221
512	1280	1280	641	1280	1223
768	1280	1280	861	1280	1224
1024	1280	1280	1079	1279	1227
1280	1280	1280	1302	1280	1221
1536	1280	1280	1524	1286	1222
1792	1280	1280	1741	1287	1223
2048	1280	1280	1957	1288	1222
2303	1280	1280	2184	1288	1220
2559	1280	1280	2415	1289	1223
2815	1280	1280	2633	1290	1222
3071	1280	1280	2838	1286	1219
3327	1280	1280	3069	1288	1219
3583	1280	1280	3281	1288	1218
3839	1280	1280	3491	1287	1217
4095	1280	1280	3718	1290	1220
0	1536	1280	209	1522	1224
256	1536	1280	441	1524	1226
512	1536	1280	666	1526	1227
768	1536	1280	886	1527	1226
1024	1536	1280	1106	1526	1224
1280	1536	1280	1331	1530	1224
1536	1536	1280	1547	1530	1223
1792	1536	1280	1762	1529	1228
2048	1536	1280	1975	1528	1227
2303	1536	1280	2209	1531	1227
2559	1536	1280	2438	1531	1223
2815	1536	1280	2648	1530	1227
3071	1536	1280	2866	1532	1222
3327	1536	1280	3092	1531	1221
3583	1536	1280	3303	1530	1221
3839	1536	1280	3521	1535	1220
4095	1536	1280	3742	1532	1219
0	1792	1280	235	1767	1229
256	1792	1280	466	1769	1228
512	1792	1280	693	1775	1228
768	1792	1280	912	1774	1229
1024	1792	1280	1131	1772	1226
1280	1792	1280	1355	1774	1230
1536	1792	1280	1567	1770	1227
1792	1792	1280	1789	1775	1228
2048	1792	1280	2003	1774	1225
2303	1792	1280	2242	1777	1225
2559	1792	1280	2466	1777	1226
2815	1792	1280	2678	1777	1222
3071	1792	1280	2894	1777	1224
3327	1792	1280	3119	1776	1222
3583	1792	1280	3330	1774	1221
3839	1792	1280	3550	1780	1220
4095	1792	1280	3779	1780	1224
0	2048	1280	262	2015	1233
256	2048	1280	493	2019	1231
512	2048	1280	717	2016	1233
768	2048	1280	937	2018	1236
1024	2048	1280	1157	2018	1231
1280	2048	1280	1377	2014	1231
1536	2048	1280	1597	2017	1227
1792	2048	1280	1812	2017	1230
2048	2048	1280	2034	2024	1230
2303	2048	1280	2266	2016	1228
2559	2048	1280	2491	2018	1230
2815	2048	1280	2702	2019	1227
3071	2048	1280	2917	2016	1227
3327	2048	1280	3145	2017	1226
3583	2048	1280	3364	2022	1224
3839	2048	1280	3564	2017	1224
4095	2048	1280	3800	2020	1228
0	2303	1280	285	2279	1235
256	2303	1280	516	2287	1236
512	2303	1280	738	2288	1237
768	2303	1280	956	2286	1233
1024	2303	1280	1178	2285	1235
1280	2303	1280	1398	2287	1230
1536	2303	1280	1618	2290	1233
1792	2303	1280	1839	2295	1231
2048	2303	1280	2047	2288	1231
2303	2303	1280	2292	2293	1235
2559	2303	1280	2516	2296	1228
2815	2303	1280	2722	2292	1229
3071	2303	1280	2942	2291	1225
3327	2303	1280	3168	2293	1225
3583	2303	1280	3374	2289	1228
3839	2303	1280	3588	2294	1223
4095	2303	1280	3828	2298	1224
0	2559	1280	311	2530	1230
256	2559	1280	541	2532	1234
512	2559	1280	764	2532	1234
768	2559	1280	983	2532	1233
1024	2559	1280	1204	2531	1229
1280	2559	1280	1424	2530	1229
1536	2559	1280	1639	2528	1231
1792	2559	1280	1856	2529	1234
2048	2559	1280	2080	2536	1229
2303	2559	1280	2323	2537	1228
2559	2559	1280	2536	2534	1231
2815	2559	1280	2749	2535	1231
3071	2559	1280	2968	2533	1226
3327	2559	1280	3188	2532	1229
3583	2559	1280	3405	2534	1225
3839	2559	1280	3619	2537	1227
4095	2559	1280	3847	2533	1229
0	2815	1280	336	2773	1236
256	2815	1280	565	2774	1236
512	2815	1280	788	2777	1236
768	2815	1280	1007	2775	1235
1024	2815	1280	1228	2774	1235
1280	2815	1280	1445	2771	1233
1536	2815	1280	1663	2773	1231
1792	2815	1280	1881	2776	1230
2048	2815	1280	2101	2775	1235
2303	2815	1280	2345	2778	1234
2559	2815	1280	2558	2776	1233
2815	2815	1280	2764	2771	1230
3071	2815	1280	2989	2772	1231
3327	2815	1280	3211	2774	1227
3583	2815	1280	3424	2776	1229
3839	2815	1280	3642	2777	1230
4095	2815	1280	3870	2775	1226
0	3071	1280	362	3025	1237
256	3071	1280	590	3027	1237
512	3071	1280	811	3027	1237
768	3071	1280	1031	3028	1236
1024	3071	1280	1251	3022	1235
1280	3071	1280	1471	3025	1233
1536	3071	1280	1690	3029	1232
1792	3071	1280	1906	3028	1235
2048	3071	1280	2129	3028	1233
2303	3071	1280	2368	3031	1233
2559	3071	1280	2587	3035	1233
2815	3071	1280	2791	3026	1231
3071	3071	1280	3016	3025	1227
3327	3071	1280	3232	3023	1229
3583	3071	1280	3447	3026	1229
3839	3071	1280	3669	3030	1230
4095	3071	1280	3896	3031	1228
0	3327	1280	386	3273	1237
256	3327	1280	615	3279	1238
512	3327	1280	838	3284	1237
768	3327	1280	1054	3275	1236
1024	3327	1280	1280	3281	1236
1280	3327	1280	1499	3283	1234
1536	3327	1280	1716	3282	1237
1792	3327	1280	1930	3279	1235
2048	3327	1280	2155	3277	1235
2303	3327	1280	2391	3279	1235
2559	3327	1280	2600	3273	1235
2815	3327	1280	2815	3278	1235
3071	3327	1280	3049	3280	1231
3327	3327	1280	3260	3275	1229
3583	3327	1280	3474	3278	1228
3839	3327	1280	3697	3280	1231
4095	3327	1280	3916	3276	1230
0	3583	1280	413	3520	1238
256	3583	1280	639	3522	1240
512	3583	1280	860	3517	1243
768	3583	1280	1080	3523	1238
1024	3583	1280	1304	3524	1238
1280	3583	1280	1521	3520	1241
1536	3583	1280	1735	3516	1239
1792	3583	1280	1951	3519	1238
2048	3583	1280	2185	3524	1236
2303	3583	1280	2417	3524	1235
2559	3583	1280	2629	3520	1232
2815	3583	1280	2841	3521	1235
3071	3583	1280	3070	3518	1235
3327	3583	1280	3288	3520	1236
3583	3583	1280	3496	3519	1232
3839	3583	1280	3720	3519	1235
4095	3583	1280	3942	3520	1230
0	3839	1280	439	3779	1241
256	3839	1280	664	3772	1243
512	3839	1280	884	3768	1239
768	3839	1280	1105	3773	1242
1024	3839	1280	1327	3770	1240
1280	3839	1280	1543	3768	1240
1536	3839	1280	1761	3772	1238
1792	3839	1280	1981	3779	1237
2048	3839	1280	2212	3775	1241
2303	3839	1280	2437	3770	1240
2559	3839	1280	2652	3770	1238
2815	3839	1280	2863	3766	1236
3071	3839	1280	3098	3773	1235
3327	3839	1280	3318	3778	1235
3583	3839	1280	3520	3769	1236
3839	3839	1280	3744	3767	1234
4095	3839	1280	3968	3774	1235
0	4095	1280	465	4021	1248
256	4095	1280	690	4026	1246
512	4095	1280	911	4024	1241
768	4095	1280	1130	4021	1242
1024	4095	1280	1352	4022	1241
1280	4095	1280	1574	4031	1241
1536	4095	1280	1793	4032	1241
1792	4095	1280	2002	4021	1243
2048	4095	1280	2240	4023	1244
2303	4095	1280	2466	4024	1238
2559	4095	1280	2675	4018	1238
2815	4095	1280	2889	4014	1236
3071	4095	1280	3126	4024	1240
3327	4095	1280	3334	4016	1240
3583	4095	1280	3543	4016	1240
3839	4095	1280	3773	4017	1235
4095	4095	1280	3988	4019	1235
0	0	1536	71	23	1452
256	0	1536	304	24	1455
512	0	1536	532	26	1455
768	0	1536	754	27	1454
1024	0	1536	972	27	1453
1280	0	1536	1194	29	1455
1536	0	1536	1413	30	1451
1792	0	1536	1627	31	1451
2048	0	1536	1845	32	1453
2303	0	1536	2062	33	1453
2559	0	1536	2305	34	1453
2815	0	1536	2522	36	1452
3071	0	1536	2732	36	1451
3327	0	1536	2949	37	1445
3583	0	1536	3168	38	1446
3839	0	1536	3379	40	1444
4095	0	1536	3588	40	1444
0	256	1536	93	278	1451
256	256	1536	325	279	1452
512	256	1536	554	282	1455
768	256	1536	776	284	1456
1024	256	1536	994	285	1455
1280	256	1536	1214	285	1451
1536	256	1536	1431	286	1449
1792	256	1536	1649	288	1453
2048	256	1536	1868	290	1454
2303	256	1536	2085	290	1454
2559	256	1536	2329	291	1454
2815	256	1536	2542	292	1452
3071	256	1536	2749	293	1449
3327	256	1536	2972	293	1450
3583	256	1536	3195	295	1449
3839	256	1536	3403	296	1445
4095	256	1536	3615	295	1447
0	512	1536	118	530	1455
256	512	1536	349	530	1456
512	512	1536	579	533	1461
768	512	1536	802	536	1458
1024	512	1536	1018	536	1458
1280	512	1536	1238	535	1454
1536	512	1536	1456	536	1454
1792	512	1536	1675	538	1458
2048	512	1536	1894	541	1458
2303	512	1536	2116	541	1456
2559	512	1536	2354	542	1455
2815	512	1536	2567	543	1455
3071	512	1536	2770	542	1449
3327	512	1536	2998	543	1452
3583	512	1536	3221	545	1452
3839	512	1536	3430	545	1448
4095	512	1536	3643	546	1451
0	768	1536	144	777	1458
256	768	1536	376	779	1458
512	768	1536	602	780	1461
768	768	1536	825	782	1460
1024	768	1536	1043	784	1460
1280	768	1536	1265	784	1459
1536	768	1536	1485	786	1461
1792	768	1536	1704	787	1461
2048	768	1536	1918	788	1457
2303	768	1536	2141	788	1460
2559	768	1536	2381	790	1461
2815	768	1536	2597	791	1454
3071	768	1536	2798	789	1455
3327	768	1536	3027	790	1455
3583	768	1536	3244	790	1453
3839	768	1536	3456	792	1453
4095	768	1536	3679	794	1456
0	1024	1536	169	1031	1463
256	1024	1536	402	1035	1466
512	1024	1536	629	1037	1464
768	1024	1536	850	1036	1461
1024	1024	1536	1067	1035	1464
1280	1024	1536	1294	1040	1465
1536	1024	1536	1509	1039	1463
1792	1024	1536	1721	1037	1455
2048	1024	1536	1937	1038	1459
2303	1024	1536	2167	1041	1461
2559	1024	1536	2403	1042	1459
2815	1024	1536	2615	1042	1459
3071	1024	1536	2827	1044	1458
3327	1024	1536	3055	1044	1457
3583	1024	1536	3269	1043	1455
3839	1024	1536	3479	1044	1456
4095	1024	1536	3699	1044	1452
0	1280	1536	195	1282	1462
256	1280	1536	426	1283	1464
512	1280	1536	654	1287	1467
768	1280	1536	875	1288	1466
1024	1280	1536	1093	1286	1461
1280	1280	1536	1319	1290	1466
1536	1280	1536	1536	1291	1466
1792	1280	1536	1752	1291	1463
2048	1280	1536	1969	1293	1467
2303	1280	1536	2199	1294	1465
2559	1280	1536	2428	1293	1462
2815	1280	1536	2641	1292	1466
3071	1280	1536	2859	1296	1460
3327	1280	1536	3082	1293	1459
3583	1280	1536	3293	1292	1457
3839	1280	1536	3505	1293	1458
4095	1280	1536	3724	1292	1452
0	1536	1536	221	1526	1469
256	1536	1536	453	1529	1467
512	1536	1536	676	1528	1467
768	1536	1536	897	1529	1472
1024	1536	1536	1119	1532	1467
1280	1536	1536	1340	1532	1469
1536	1536	1536	1559	1534	1467
1792	1536	1536	1773	1533	1467
2048	1536	1536	1988	1534	1467
2303	1536	1536	2228	1538	1468
2559	1536	1536	2455	1538	1466
2815	1536	1536	2662	1535	1462
3071	1536	1536	2877	1535	1467
3327	1536	1536	3103	1535	1461
3583	1536	1536	3321	1536	1461
3839	1536	1536	3521	1532	1458
4095	1536	1536	3753	1536	1459
0	1792	1536	246	1768	1466
256	1792	1536	478	1773	1468
512	1792	1536	702	1773	1469
768	1792	1536	921	1775	1464
1024	1792	1536	1142	1775	1468
1280	1792	1536	1362	1773	1467
1536	1792	1536	1582	1777	1468
1792	1792	1536	1800	1778	1468
2048	1792	1536	2016	1779	1465
2303	1792	1536	2257	1784	1466
2559	1792	1536	2482	1785	1472
2815	1792	1536	2693	1784	1464
3071	1792	1536	2906	1781	1463
3327	1792	1536	3129	1778	1460
3583	1792	1536	3351	1784	1462
3839	1792	1536	3546	1777	1461
4095	1792	1536	3785	1781	1456
0	2048	1536	273	2012	1469
256	2048	1536	503	2016	1469
512	2048	1536	727	2020	1472
768	2048	1536	945	2017	1469
1024	2048	1536	1166	2017	1472
1280	2048	1536	1390	2020	1465
1536	2048	1536	1609	2022	1469
1792	2048	1536	1829	2026	1469
2048	2048	1536	2038	2021	1468
2303	2048	1536	2278	2021	1468
2559	2048	1536	2503	2024	1473
2815	2048	1536	2715	2025	1469
3071	2048	1536	2935	2024	1468
3327	2048	1536	3160	2024	1463
3583	2048	1536	3366	2020	1466
3839	2048	1536	3583	2026	1467
4095	2048	1536	3816	2026	1459
0	2303	1536	298	2292	1471
256	2303	1536	529	2296	1471
512	2303	1536	751	2295	1473
768	2303	1536	970	2295	1475
1024	2303	1536	1192	2294	1468
1280	2303	1536	1414	2296	1472
1536	2303	1536	1632	2299	1473
1792	2303	1536	1846	2294	1474
2048	2303	1536	2066	2300	1468
2303	2303	1536	2312	2303	1469
2559	2303	1536	2527	2301	1468
2815	2303	1536	2737	2299	1470
3071	2303	1536	2953	2296	1467
3327	2303	1536	3174	2294	1468
3583	2303	1536	3392	2300	1463
3839	2303	1536	3600	2298	1466
4095	2303	1536	3838	2302	1466
0	2559	1536	323	2536	1476
256	2559	1536	554	2540	1477
512	2559	1536	776	2538	1477
768	2559	1536	995	2539	1475
1024	2559	1536	1220	2541	1474
1280	2559	1536	1437	2537	1472
1536	2559	1536	1652	2534	1475
1792	2559	1536	1872	2538	1469
2048	2559	1536	2091	2538	1474
2303	2559	1536	2336	2543	1474
2559	2559	1536	2547	2537	1474
2815	2559	1536	2763	2541	1470
3071	2559	1536	2982	2539	1469
3327	2559	1536	3200	2536	1462
3583	2559	1536	3412	2536	1468
3839	2559	1536	3624	2536	1465
4095	2559	1536	3859	2538	1466
0	2815	1536	349	2779	1477
256	2815	1536	577	2780	1478
512	2815	1536	799	2779	1477
768	2815	1536	1021	2787	1478
1024	2815	1536	1240	2779	1477
1280	2815	1536	1459	2779	1477
1536	2815	1536	1678	2781	1471
1792	2815	1536	1894	2782	1475
2048	2815	1536	2117	2782	1473
2303	2815	1536	2357	2784	1474
2559	2815	1536	2575	2786	1474
2815	2815	1536	2779	2780	1469
3071	2815	1536	3001	2776	1472
3327	2815	1536	3222	2778	1467
3583	2815	1536	3433	2778	1466
3839	2815	1536	3649	2777	1465
4095	2815	1536	3883	2782	1466
0	3071	1536	373	3025	1478
256	3071	1536	602	3031	1477
512	3071	1536	824	3035	1478
768	3071	1536	1040	3027	1476
1024	3071	1536	1266	3031	1480
1280	3071	1536	1483	3033	1472
1536	3071	1536	1700	3032	1476
1792	3071	1536	1916	3030	1475
2048	3071	1536	2140	3031	1474
2303	3071	1536	2377	3033	1474
2559	3071	1536	2591	3031	1474
2815	3071	1536	2805	3033	1475
3071	3071	1536	3033	3034	1469
3327	3071	1536	3244	3028	1466
3583	3071	1536	3457	3030	1468
3839	3071	1536	3681	3034	1466
4095	3071	1536	3905	3034	1468
0	3327	1536	399	3284	1475
256	3327	1536	626	3282	1477
512	3327	1536	846	3277	1478
768	3327	1536	1066	3283	1474
1024	3327	1536	1292	3285	1474
1280	3327	1536	1508	3283	1477
1536	3327	1536	1723	3280	1475
1792	3327	1536	1941	3283	1474
2048	3327	1536	2173	3288	1473
2303	3327	1536	2407	3290	1473
2559	3327	1536	2619	3286	1470
2815	3327	1536	2834	3289	1470
3071	3327	1536	3056	3279	1472
3327	3327	1536	3272	3281	1471
3583	3327	1536	3478	3277	1465
3839	3327	1536	3699	3276	1470
4095	3327	1536	3926	3281	1468
0	3583	1536	425	3523	1483
256	3583	1536	650	3524	1481
512	3583	1536	871	3524	1476
768	3583	1536	1092	3525	1480
1024	3583	1536	1314	3523	1479
1280	3583	1536	1530	3520	1479
1536	3583	1536	1750	3528	1476
1792	3583	1536	1968	3533	1476
2048	3583	1536	2198	3529	1480
2303	3583	1536	2427	3527	1480
2559	3583	1536	2643	3528	1477
2815	3583	1536	2849	3520	1476
3071	3583	1536	3085	3525	1477
3327	3583	1536	3304	3531	1471
3583	3583	1536	3506	3524	1472
3839	3583	1536	3727	3519	1466
4095	3583	1536	3950	3522	1470
0	3839	1536	449	3773	1481
256	3839	1536	677	3779	1481
512	3839	1536	897	3780	1482
768	3839	1536	1115	3774	1480
1024	3839	1536	1337	3772	1478
1280	3839	1536	1556	3778	1478
1536	3839	1536	1777	3786	1478
1792	3839	1536	1988	3777	1483
2048	3839	1536	2222	3777	1482
2303	3839	1536	2453	3781	1476
2559	3839	1536	2665	3779	1478
2815	3839	1536	2875	3771	1473
3071	3839	1536	3112	3782	1477
3327	3839	1536	3322	3776	1477
3583	3839	1536	3533	3777	1477
3839	3839	1536	3760	3777	1472
4095	3839	1536	3971	3772	1470
0	4095	1536	477	4030	1482
256	4095	1536	702	4034	1484
512	4095	1536	922	4032	1485
768	4095	1536	1143	4030	1480
1024	4095	1536	1365	4031	1480
1280	4095	1536	1585	4035	1484
1536	4095	1536	1799	4027	1483
1792	4095	1536	2015	4029	1483
2048	4095	1536	2255	4034	1478
2303	4095	1536	2479	4031	1482
2559	4095	1536	2691	4030	1480
2815	4095	1536	2909	4031	1476
3071	4095	1536	3134	4027	1479
3327	4095	1536	3347	4025	1476
3583	4095	1536	3559	4027	1476
3839	4095	1536	3784	4022	1477
4095	4095	1536	3993	4020	1474
0	0	1792	82	27	1689
256	0	1792	314	29	1691
512	0	1792	544	30	1691
768	0	1792	765	31	1691
1024	0	1792	985	32	1695
1280	0	1792	1205	33	1690
1536	0	1792	1423	34	1689
1792	0	1792	1641	36	1695
2048	0	1792	1862	36	1693
2303	0	1792	2078	37	1692
2559	0	1792	2320	39	1692
2815	0	1792	2534	40	1690
3071	0	1792	2741	40	1686
3327	0	1792	2965	41	1687
3583	0	1792	3189	42	1689
3839	0	1792	3401	43	1683
4095	0	1792	3605	44	1685
0	256	1792	105	282	1692
256	256	1792	338	284	1694
512	256	1792	567	287	1694
768	256	1792	788	288	1694
1024	256	1792	1005	288	1691
1280	256	1792	1226	289	1689
1536	256	1792	1447	291	1695
1792	256	1792	1664	293	1690
2048	256	1792	1878	292	1691
2303	256	1792	2099	294	1692
2559	256	1792	2341	296	1694
2815	256	1792	2560	298	1695
3071	256	1792	2764	297	1689
3327	256	1792	2987	298	1688
3583	256	1792	3208	299	1687
3839	256	1792	3420	300	1686
4095	256	1792	3636	300	1686
0	512	1792	130	535	1696
256	512	1792	362	536	1700
512	512	1792	592	539	1699
768	512	1792	814	540	1696
1024	512	1792	1030	541	1695
1280	512	1792	1252	541	1695
1536	512	1792	1474	543	1699
1792	512	1792	1688	544	1692
2048	512	1792	1903	544	1696
2303	512	1792	2129	545	1694
2559	512	1792	2367	547	1699
2815	512	1792	2589	549	1698
3071	512	1792	2793	549	1694
3327	512	1792	3017	548	1691
3583	512	1792	3234	549	1689
3839	512	1792	3446	550	1690
4095	512	1792	3663	551	1687
0	768	1792	155	782	1696
256	768	1792	388	784	1699
512	768	1792	615	786	1701
768	768	1792	837	788	1695
1024	768	1792	1053	787	1699
1280	768	1792	1279	791	1699
1536	768	1792	1497	790	1698
1792	768	1792	1715	791	1698
2048	768	1792	1929	792	1696
2303	768	1792	2153	792	1697
2559	768	1792	2391	794	1696
2815	768	1792	2603	794	1696
3071	768	1792	2817	796	1696
3327	768	1792	3041	794	1692
3583	768	1792	3257	795	1691
3839	768	1792	3473	798	1695
4095	768	1792	3691	798	1686
0	1024	1792	181	1037	1702
256	1024	1792	414	1040	1706
512	1024	1792	642	1042	1704
768	1024	1792	862	1042	1703
1024	1024	1792	1082	1043	1703
1280	1024	1792	1306	1045	1703
1536	1024	1792	1518	1042	1697
1792	1024	1792	1737	1044	1699
2048	1024	1792	1954	1046	1699
2303	1024	1792	2186	1049	1704
2559	1024	1792	2419	1049	1695
2815	1024	1792	2625	1046	1698
3071	1024	1792	2840	1049	1695
3327	1024	1792	3069	1048	1695
3583	1024	1792	3286	1049	1696
3839	1024	1792	3495	1050	1694
4095	1024	1792	3716	1050	1691
0	1280	1792	207	1287	1702
256	1280	1792	438	1289	1704
512	1280	1792	664	1290	1702
768	1280	1792	885	1290	1705
1024	1280	1792	1107	1293	1706
1280	1280	1792	1331	1295	1701
1536	1280	1792	1544	1293	1701
1792	1280	1792	1760	1293	1701
2048	1280	1792	1975	1294	1701
2303	1280	1792	2212	1298	1707
2559	1280	1792	2445	1300	1703
2815	1280	1792	2655	1298	1699
3071	1280	1792	2862	1295	1694
3327	1280	1792	3087	1294	1697
3583	1280	1792	3309	1297	1698
3839	1280	1792	3512	1295	1691
4095	1280	1792	3737	1296	1692
0	1536	1792	233	1531	1703
256	1536	1792	465	1534	1707
512	1536	1792	688	1534	1707
768	1536	1792	909	1534	1703
1024	1536	1792	1130	1536	1707
1280	1536	1792	1351	1536	1707
1536	1536	1792	1567	1536	1701
1792	1536	1792	1787	1538	1702
2048	1536	1792	2006	1542	1703
2303	1536	1792	2238	1541	1702
2559	1536	1792	2466	1542	1705
2815	1536	1792	2679	1542	1701
3071	1536	1792	2890	1540	1696
3327	1536	1792	3116	1538	1703
3583	1536	1792	3341	1545	1702
3839	1536	1792	3541	1540	1696
4095	1536	1792	3766	1539	1693
0	1792	1792	258	1773	1707
256	1792	1792	490	1777	1705
512	1792	1792	714	1780	1708
768	1792	1792	934	1783	1704
1024	1792	1792	1156	1783	1707
1280	1792	1792	1377	1781	1706
1536	1792	1792	1595	1783	1703
1792	1792	1792	1817	1789	1706
2048	1792	1792	2029	1785	1706
2303	1792	1792	2264	1784	1709
2559	1792	1792	2492	1788	1704
2815	1792	1792	2704	1788	1707
3071	1792	1792	2917	1785	1701
3327	1792	1792	3146	1786	1697
3583	1792	1792	3353	1782	1703
3839	1792	1792	3563	1784	1703
4095	1792	1792	3799	1787	1697
0	2048	1792	285	2017	1706
256	2048	1792	515	2023	1707
512	2048	1792	739	2026	1710
768	2048	1792	959	2025	1711
1024	2048	1792	1179	2023	1712
1280	2048	1792	1402	2025	1708
1536	2048	1792	1621	2028	1708
1792	2048	1792	1832	2023	1711
2048	2048	1792	2053	2027	1712
2303	2048	1792	2297	2030	1708
2559	2048	1792	2517	2031	1705
2815	2048	1792	2726	2029	1709
3071	2048	1792	2942	2026	1702
3327	2048	1792	3164	2025	1704
3583	2048	1792	3380	2028	1699
3839	2048	1792	3591	2029	1700
4095	2048	1792	3826	2029	1700
0	2303	1792	309	2297	1708
256	2303	1792	541	2301	1709
512	2303	1792	762	2300	1713
768	2303	1792	980	2298	1713
1024	2303	1792	1205	2302	1711
1280	2303	1792	1424	2301	1709
1536	2303	1792	1640	2299	1712
1792	2303	1792	1860	2302	1706
2048	2303	1792	2076	2303	1710
2303	2303	1792	2324	2308	1710
2559	2303	1792	2535	2302	1710
2815	2303	1792	2748	2304	1709
3071	2303	1792	2969	2305	1704
3327	2303	1792	3190	2303	1700
3583	2303	1792	3402	2304	1703
3839	2303	1792	3609	2301	1702
4095	2303	1792	3845	2303	1702
0	2559	1792	334	2539	1714
256	2559	1792	564	2540	1716
512	2559	1792	786	2538	1716
768	2559	1792	1007	2544	1714
1024	2559	1792	1228	2540	1709
1280	2559	1792	1449	2542	1714
1536	2559	1792	1667	2545	1708
1792	2559	1792	1883	2543	1711
2048	2559	1792	2104	2543	1709
2303	2559	1792	2348	2547	1712
2559	2559	1792	2562	2546	1712
2815	2559	1792	2771	2544	1705
3071	2559	1792	2993	2543	1709
3327	2559	1792	3214	2542	1705
3583	2559	1792	3424	2541	1704
3839	2559	1792	3639	2543	1701
4095	2559	1792	3880	2550	1702
0	2815	1792	360	2782	1714
256	2815	1792	589	2786	1714
512	2815	1792	813	2790	1713
768	2815	1792	1031	2787	1713
1024	2815	1792	1254	2788	1716
1280	2815	1792	1474	2790	1710
1536	2815	1792	1692	2789	1715
1792	2815	1792	1907	2788	1713
2048	2815	1792	2130	2788	1711
2303	2815	1792	2371	2792	1713
2559	2815	1792	2580	2785	1712
2815	2815	1792	2794	2787	1710
3071	2815	1792	3023	2790	1707
3327	2815	1792	3237	2786	1705
3583	2815	1792	3448	2785	1704
3839	2815	1792	3668	2788	1703
4095	2815	1792	3892	2785	1707
0	3071	1792	386	3041	1716
256	3071	1792	614	3042	1718
512	3071	1792	834	3037	1720
768	3071	1792	1056	3041	1716
1024	3071	1792	1279	3039	1715
1280	3071	1792	1497	3041	1716
1536	3071	1792	1713	3039	1715
1792	3071	1792	1931	3040	1714
2048	3071	1792	2158	3044	1712
2303	3071	1792	2394	3045	1714
2559	3071	1792	2607	3042	1708
2815	3071	1792	2821	3043	1708
3071	3071	1792	3041	3034	1710
3327	3071	1792	3261	3037	1710
3583	3071	1792	3467	3034	1704
3839	3071	1792	3684	3032	1707
4095	3071	1792	3915	3038	1703
0	3327	1792	410	3283	1719
256	3327	1792	637	3284	1719
512	3327	1792	859	3287	1715
768	3327	1792	1078	3287	1718
1024	3327	1792	1302	3285	1717
1280	3327	1792	1518	3283	1714
1536	3327	1792	1738	3291	1715
1792	3327	1792	1958	3297	1713
2048	3327	1792	2185	3293	1717
2303	3327	1792	2414	3287	1715
2559	3327	1792	2631	3292	1712
2815	3327	1792	2839	3286	1711
3071	3327	1792	3070	3287	1711
3327	3327	1792	3285	3287	1704
3583	3327	1792	3493	3285	1707
3839	3327	1792	3716	3285	1700
4095	3327	1792	3942	3290	1704
0	3583	1792	436	3527	1717
256	3583	1792	663	3534	1715
512	3583	1792	885	3539	1718
768	3583	1792	1103	3530	1716
1024	3583	1792	1325	3527	1714
1280	3583	1792	1544	3533	1714
1536	3583	1792	1766	3541	1714
1792	3583	1792	1978	3535	1720
2048	3583	1792	2209	3531	1719
2303	3583	1792	2440	3533	1711
2559	3583	1792	2654	3534	1714
2815	3583	1792	2863	3527	1710
3071	3583	1792	3102	3536	1711
3327	3583	1792	3310	3530	1711
3583	3583	1792	3522	3533	1709
3839	3583	1792	3752	3536	1708
4095	3583	1792	3966	3531	1708
0	3839	1792	463	3788	1719
256	3839	1792	690	3793	1722
512	3839	1792	910	3791	1726
768	3839	1792	1128	3786	1718
1024	3839	1792	1352	3786	1717
1280	3839	1792	1572	3791	1722
1536	3839	1792	1785	3784	1721
1792	3839	1792	2002	3786	1722
2048	3839	1792	2239	3788	1716
2303	3839	1792	2466	3788	1716
2559	3839	1792	2679	3787	1715
2815	3839	1792	2895	3786	1712
3071	3839	1792	3116	3777	1715
3327	3839	1792	3334	3780	1715
3583	3839	1792	3551	3788	1712
3839	3839	1792	3774	3783	1713
4095	3839	1792	3985	3779	1712
0	4095	1792	488	4037	1725
256	4095	1792	713	4036	1728
512	4095	1792	932	4033	1726
768	4095	1792	1154	4035	1722
1024	4095	1792	1377	4038	1723
1280	4095	1792	1592	4031	1722
1536	4095	1792	1812	4037	1723
1792	4095	1792	2027	4035	1717
2048	4095	1792	2270	4042	1721
2303	4095	1792	2490	4036	1721
2559	4095	1792	2703	4035	1718
2815	4095	1792	2923	4037	1717
3071	4095	1792	3143	4028	1711
3327	4095	1792	3356	4027	1713
3583	4095	1792	3568	4030	1713
3839	4095	1792	3801	4031	1715
4095	4095	1792	4015	4035	1709
0	0	2048	94	32	1933
256	0	2048	326	33	1934
512	0	2048	556	34	1933
768	0	2048	776	35	1931
1024	0	2048	995	36	1934
1280	0	2048	1217	37	1932
1536	0	2048	1435	38	1930
1792	0	2048	1651	38	1932
2048	0	2048	1870	40	1933
2303	0	2048	2089	41	1936
2559	0	2048	2334	42	1933
2815	0	2048	2540	43	1927
3071	0	2048	2750	44	1926
3327	0	2048	2972	45	1925
3583	0	2048	3195	47	1926
3839	0	2048	3405	47	1921
4095	0	2048	3612	48	1923
0	256	2048	116	285	1933
256	256	2048	349	288	1936
512	256	2048	577	291	1932
768	256	2048	797	291	1932
1024	256	2048	1016	292	1932
1280	256	2048	1236	293	1929
1536	256	2048	1455	295	1931
1792	256	2048	1673	296	1932
2048	256	2048	1891	297	1937
2303	256	2048	2114	299	1929
2559	256	2048	2345	298	1932
2815	256	2048	2569	301	1934
3071	256	2048	2772	300	1928
3327	256	2048	2996	301	1927
3583	256	2048	3221	303	1931
3839	256	2048	3432	304	1926
4095	256	2048	3643	304	1923
0	512	2048	142	538	1936
256	512	2048	373	539	1937
512	512	2048	601	542	1936
768	512	2048	822	542	1940
1024	512	2048	1041	544	1937
1280	512	2048	1262	544	1934
1536	512	2048	1481	545	1936
1792	512	2048	1697	547	1934
2048	512	2048	1916	548	1940
2303	512	2048	2141	549	1932
2559	512	2048	2372	549	1937
2815	512	2048	2595	552	1935
3071	512	2048	2803	551	1934
3327	512	2048	3027	552	1932
3583	512	2048	3246	553	1932
3839	512	2048	3458	554	1930
4095	512	2048	3674	554	1927
0	768	2048	167	787	1936
256	768	2048	399	786	1939
512	768	2048	627	790	1946
768	768	2048	850	793	1937
1024	768	2048	1065	791	1942
1280	768	2048	1292	794	1941
1536	768	2048	1507	794	1939
1792	768	2048	1727	796	1942
2048	768	2048	1939	796	1935
2303	768	2048	2163	795	1937
2559	768	2048	2400	797	1938
2815	768	2048	2614	798	1936
3071	768	2048	2824	799	1935
3327	768	2048	3057	799	1938
3583	768	2048	3263	798	1928
3839	768	2048	3476	800	1932
4095	768	2048	3700	801	1928
0	1024	2048	193	1040	1941
256	1024	2048	425	1043	1944
512	1024	2048	653	1045	1945
768	1024	2048	873	1046	1944
1024	1024	2048	1092	1046	1942
1280	1024	2048	1316	1047	1945
1536	1024	2048	1534	1049	1945
1792	1024	2048	1750	1049	1942
2048	1024	2048	1965	1050	1940
2303	1024	2048	2196	1052	1945
2559	1024	2048	2431	1053	1943
2815	1024	2048	2643	1053	1938
3071	1024	2048	2850	1052	1940
3327	1024	2048	3086	1053	1939
3583	1024	2048	3298	1054	1938
3839	1024	2048	3505	1054	1935
4095	1024	2048	3729	1054	1933
0	1280	2048	219	1289	1945
256	1280	2048	449	1292	1945
512	1280	2048	676	1293	1947
768	1280	2048	897	1295	1945
1024	1280	2048	1117	1296	1945
1280	1280	2048	1340	1298	1950
1536	1280	2048	1561	1301	1948
1792	1280	2048	1771	1297	1941
2048	1280	2048	1991	1301	1947
2303	1280	2048	2229	1305	1949
2559	1280	2048	2456	1304	1945
2815	1280	2048	2665	1302	1941
3071	1280	2048	2876	1301	1937
3327	1280	2048	3099	1298	1939
3583	1280	2048	3323	1303	1940
3839	1280	2048	3528	1302	1937
4095	1280	2048	3756	1303	1937
0	1536	2048	246	1537	1946
256	1536	2048	478	1541	1946
512	1536	2048	700	1538	1946
768	1536	2048	920	1536	1948
1024	1536	2048	1142	1540	1947
1280	1536	2048	1365	1543	1942
1536	1536	2048	1576	1537	1942
1792	1536	2048	1795	1539	1943
2048	1536	2048	2018	1546	1951
2303	1536	2048	2253	1547	1946
2559	1536	2048	2478	1546	1945
2815	1536	2048	2691	1547	1945
3071	1536	2048	2906	1545	1938
3327	1536	2048	3126	1542	1943
3583	1536	2048	3350	1548	1944
3839	1536	2048	3561	1549	1944
4095	1536	2048	3786	1547	1938
0	1792	2048	271	1783	1950
256	1792	2048	504	1790	1952
512	1792	2048	728	1791	1955
768	1792	2048	948	1791	1946
1024	1792	2048	1171	1791	1948
1280	1792	2048	1392	1791	1953
1536	1792	2048	1605	1786	1942
1792	1792	2048	1826	1789	1945
2048	1792	2048	2047	1794	1945
2303	1792	2048	2282	1794	1952
2559	1792	2048	2504	1793	1947
2815	1792	2048	2718	1793	1947
3071	1792	2048	2937	1793	1947
3327	1792	2048	3160	1792	1943
3583	1792	2048	3370	1790	1940
3839	1792	2048	3575	1788	1939
4095	1792	2048	3808	1790	1940
0	2048	2048	297	2023	1954
256	2048	2048	528	2030	1955
512	2048	2048	750	2029	1960
768	2048	2048	973	2032	1959
1024	2048	2048	1193	2030	1957
1280	2048	2048	1414	2030	1957
1536	2048	2048	1633	2033	1949
1792	2048	2048	1848	2031	1951
2048	2048	2048	2066	2033	1956
2303	2048	2048	2310	2035	1956
2559	2048	2048	2530	2037	1952
2815	2048	2048	2741	2036	1949
3071	2048	2048	2959	2033	1950
3327	2048	2048	3179	2032	1947
3583	2048	2048	3391	2032	1944
3839	2048	2048	3603	2033	1941
4095	2048	2048	3847	2039	1942
0	2303	2048	321	2303	1953
256	2303	2048	552	2304	1957
512	2303	2048	777	2312	1958
768	2303	2048	993	2304	1954
1024	2303	2048	1217	2307	1958
1280	2303	2048	1437	2308	1951
1536	2303	2048	1655	2308	1955
1792	2303	2048	1873	2309	1952
2048	2303	2048	2087	2306	1952
2303	2303	2048	2333	2308	1952
2559	2303	2048	2544	2305	1952
2815	2303	2048	2759	2309	1953
3071	2303	2048	2987	2313	1949
3327	2303	2048	3205	2311	1945
3583	2303	2048	3410	2307	1944
3839	2303	2048	3625	2309	1943
4095	2303	2048	3857	2307	1947
0	2559	2048	347	2549	1957
256	2559	2048	577	2548	1958
512	2559	2048	798	2542	1956
768	2559	2048	1019	2549	1962
1024	2559	2048	1243	2549	1951
1280	2559	2048	1462	2548	1956
1536	2559	2048	1677	2546	1953
1792	2559	2048	1894	2546	1953
2048	2559	2048	2123	2554	1950
2303	2559	2048	2365	2558	1951
2559	2559	2048	2575	2551	1950
2815	2559	2048	2786	2552	1946
3071	2559	2048	3006	2547	1950
3327	2559	2048	3228	2548	1952
3583	2559	2048	3438	2547	1944
3839	2559	2048	3647	2543	1944
4095	2559	2048	3884	2549	1942
0	2815	2048	372	2784	1961
256	2815	2048	600	2788	1960
512	2815	2048	824	2794	1955
768	2815	2048	1043	2793	1954
1024	2815	2048	1266	2794	1959
1280	2815	2048	1484	2792	1957
1536	2815	2048	1702	2792	1956
1792	2815	2048	1916	2790	1951
2048	2815	2048	2139	2788	1958
2303	2815	2048	2380	2793	1960
2559	2815	2048	2595	2793	1954
2815	2815	2048	2806	2793	1953
3071	2815	2048	3034	2793	1952
3327	2815	2048	3251	2792	1946
3583	2815	2048	3462	2792	1949
3839	2815	2048	3684	2795	1942
4095	2815	2048	3909	2795	1945
0	3071	2048	398	3043	1955
256	3071	2048	626	3044	1956
512	3071	2048	846	3040	1961
768	3071	2048	1067	3044	1960
1024	3071	2048	1290	3043	1958
1280	3071	2048	1509	3047	1957
1536	3071	2048	1724	3041	1955
1792	3071	2048	1939	3040	1955
2048	3071	2048	2167	3044	1949
2303	3071	2048	2406	3049	1953
2559	3071	2048	2624	3051	1953
2815	3071	2048	2832	3048	1953
3071	3071	2048	3057	3043	1951
3327	3071	2048	3275	3045	1951
3583	3071	2048	3483	3043	1948
3839	3071	2048	3702	3041	1949
4095	3071	2048	3925	3041	1948
0	3327	2048	422	3291	1961
256	3327	2048	649	3293	1961
512	3327	2048	871	3292	1957
768	3327	2048	1089	3288	1958
1024	3327	2048	1316	3297	1958
1280	3327	2048	1529	3287	1956
1536	3327	2048	1749	3295	1958
1792	3327	2048	1967	3299	1952
2048	3327	2048	2197	3297	1955
2303	3327	2048	2428	3295	1957
2559	3327	2048	2644	3297	1957
2815	3327	2048	2856	3295	1953
3071	3327	2048	3079	3287	1952
3327	3327	2048	3294	3288	1949
3583	3327	2048	3509	3293	1950
3839	3327	2048	3729	3290	1946
4095	3327	2048	3946	3288	1944
0	3583	2048	448	3533	1961
256	3583	2048	674	3535	1961
512	3583	2048	895	3536	1961
768	3583	2048	1115	3533	1956
1024	3583	2048	1334	3526	1960
1280	3583	2048	1553	3532	1960
1536	3583	2048	1773	3536	1954
1792	3583	2048	1987	3534	1961
2048	3583	2048	2220	3533	1960
2303	3583	2048	2451	3536	1956
2559	3583	2048	2665	3536	1956
2815	3583	2048	2873	3528	1955
3071	3583	2048	3107	3533	1949
3327	3583	2048	3324	3535	1949
3583	3583	2048	3529	3532	1949
3839	3583	2048	3760	3534	1952
4095	3583	2048	3976	3534	1946
0	3839	2048	473	3784	1962
256	3839	2048	699	3786	1963
512	3839	2048	920	3789	1963
768	3839	2048	1140	3790	1961
1024	3839	2048	1362	3786	1955
1280	3839	2048	1581	3790	1960
1536	3839	2048	1795	3785	1959
1792	3839	2048	2012	3787	1959
2048	3839	2048	2247	3785	1957
2303	3839	2048	2475	3788	1956
2559	3839	2048	2690	3790	1958
2815	3839	2048	2904	3786	1951
3071	3839	2048	3128	3781	1954
3327	3839	2048	3345	3784	1954
3583	3839	2048	3557	3787	1954
3839	3839	2048	3787	3788	1950
4095	3839	2048	3995	3783	1953
0	4095	2048	499	4032	1964
256	4095	2048	724	4038	1964
512	4095	2048	943	4035	1964
768	4095	2048	1164	4035	1965
1024	4095	2048	1388	4040	1963
1280	4095	2048	1606	4038	1963
1536	4095	2048	1822	4037	1959
1792	4095	2048	2034	4031	1959
2048	4095	2048	2278	4037	1960
2303	4095	2048	2502	4039	1958
2559	4095	2048	2714	4038	1961
2815	4095	2048	2932	4037	1957
3071	4095	2048	3158	4034	1953
3327	4095	2048	3363	4024	1953
3583	4095	2048	3582	4036	1954
3839	4095	2048	3808	4030	1955
4095	4095	2048	4015	4027	1952
0	0	2303	105	36	2195
256	0	2303	336	37	2198
512	0	2303	565	38	2198
768	0	2303	786	38	2196
1024	0	2303	1004	40	2199
1280	0	2303	1227	41	2199
1536	0	2303	1447	42	2201
1792	0	2303	1661	42	2195
2048	0	2303	1875	44	2194
2303	0	2303	2094	45	2199
2559	0	2303	2341	46	2192
2815	0	2303	2548	47	2192
3071	0	2303	2756	48	2189
3327	0	2303	2982	49	2192
3583	0	2303	3203	50	2191
3839	0	2303	3411	51	2187
4095	0	2303	3620	52	2185
0	256	2303	128	289	2200
256	256	2303	360	292	2202
512	256	2303	587	294	2196
768	256	2303	806	295	2195
1024	256	2303	1024	295	2196
1280	256	2303	1249	298	2201
1536	256	2303	1465	298	2195
1792	256	2303	1680	299	2194
2048	256	2303	1898	300	2201
2303	256	2303	2123	302	2198
2559	256	2303	2357	303	2196
2815	256	2303	2573	303	2196
3071	256	2303	2783	304	2197
3327	256	2303	3003	305	2190
3583	256	2303	3228	307	2197
3839	256	2303	3443	307	2195
4095	256	2303	3654	307	2187
0	512	2303	153	541	2205
256	512	2303	385	544	2208
512	512	2303	612	545	2200
768	512	2303	830	545	2201
1024	512	2303	1048	545	2205
1280	512	2303	1275	548	2205
1536	512	2303	1488	548	2198
1792	512	2303	1704	549	2199
2048	512	2303	1924	550	2204
2303	512	2303	2150	552	2201
2559	512	2303	2383	553	2200
2815	512	2303	2600	554	2201
3071	512	2303	2813	555	2203
3327	512	2303	3030	554	2194
3583	512	2303	3252	556	2197
3839	512	2303	3466	558	2198
4095	512	2303	3682	557	2192
0	768	2303	179	789	2207
256	768	2303	410	790	2206
512	768	2303	636	792	2206
768	768	2303	857	793	2203
1024	768	2303	1073	794	2205
1280	768	2303	1298	795	2204
1536	768	2303	1513	795	2202
1792	768	2303	1732	798	2207
2048	768	2303	1949	799	2206
2303	768	2303	2173	798	2200
2559	768	2303	2403	798	2200
2815	768	2303	2618	800	2206
3071	768	2303	2836	803	2199
3327	768	2303	3061	801	2201
3583	768	2303	3271	801	2197
3839	768	2303	3480	802	2194
4095	768	2303	3705	802	2194
0	1024	2303	204	1042	2206
256	1024	2303	435	1043	2209
512	1024	2303	662	1045	2210
768	1024	2303	882	1048	2213
1024	1024	2303	1104	1050	2209
1280	1024	2303	1325	1049	2214
1536	1024	2303	1545	1054	2216
1792	1024	2303	1759	1052	2209
2048	1024	2303	1974	1053	2209
2303	1024	2303	2205	1054	2210
2559	1024	2303	2437	1055	2210
2815	1024	2303	2650	1055	2202
3071	1024	2303	2855	1053	2206
3327	1024	2303	3093	1056	2205
3583	1024	2303	3306	1056	2204
3839	1024	2303	3506	1054	2198
4095	1024	2303	3735	1056	2202
0	1280	2303	231	1293	2213
256	1280	2303	461	1295	2215
512	1280	2303	687	1296	2215
768	1280	2303	907	1297	2213
1024	1280	2303	1126	1298	2212
1280	1280	2303	1349	1300	2218
1536	1280	2303	1570	1303	2212
1792	1280	2303	1782	1301	2211
2048	1280	2303	2000	1303	2214
2303	1280	2303	2235	1305	2212
2559	1280	2303	2463	1305	2214
2815	1280	2303	2675	1305	2209
3071	1280	2303	2885	1303	2205
3327	1280	2303	3109	1302	2203
3583	1280	2303	3323	1302	2201
3839	1280	2303	3539	1305	2205
4095	1280	2303	3768	1307	2204
0	1536	2303	257	1536	2214
256	1536	2303	488	1539	2217
512	1536	2303	712	1543	2220
768	1536	2303	930	1540	2212
1024	1536	2303	1152	1541	2219
1280	1536	2303	1376	1546	2214
1536	1536	2303	1589	1542	2210
1792	1536	2303	1805	1541	2210
2048	1536	2303	2023	1545	2213
2303	1536	2303	2256	1544	2208
2559	1536	2303	2484	1546	2214
2815	1536	2303	2698	1547	2210
3071	1536	2303	2913	1547	2209
3327	1536	2303	3137	1546	2201
3583	1536	2303	3342	1541	2205
3839	1536	2303	3560	1546	2207
4095	1536	2303	3781	1542	2198
0	1792	2303	281	1775	2214
256	1792	2303	512	1783	2215
512	1792	2303	737	1788	2219
768	1792	2303	954	1785	2220
1024	1792	2303	1176	1786	2213
1280	1792	2303	1400	1790	2221
1536	1792	2303	1614	1788	2215
1792	1792	2303	1829	1786	2212
2048	1792	2303	2044	1786	2212
2303	1792	2303	2286	1790	2216
2559	1792	2303	2506	1789	2212
2815	1792	2303	2721	1791	2217
3071	1792	2303	2940	1792	2210
3327	1792	2303	3158	1788	2203
3583	1792	2303	3367	1786	2210
3839	1792	2303	3586	1792	2204
4095	1792	2303	3813	1790	2205
0	2048	2303	307	2026	2215
256	2048	2303	539	2034	2216
512	2048	2303	757	2022	2220
768	2048	2303	979	2028	2224
1024	2048	2303	1201	2029	2217
1280	2048	2303	1420	2028	2223
1536	2048	2303	1636	2027	2218
1792	2048	2303	1854	2030	2215
2048	2048	2303	2078	2037	2215
2303	2048	2303	2322	2039	2215
2559	2048	2303	2535	2036	2216
2815	2048	2303	2747	2035	2213
3071	2048	2303	2965	2033	2218
3327	2048	2303	3183	2031	2210
3583	2048	2303	3395	2031	2205
3839	2048	2303	3602	2027	2211
4095	2048	2303	3842	2033	2208
0	2303	2303	331	2298	2223
256	2303	2303	561	2301	2227
512	2303	2303	784	2307	2229
768	2303	2303	1003	2307	2215
1024	2303	2303	1225	2305	2223
1280	2303	2303	1444	2306	2220
1536	2303	2303	1663	2309	2218
1792	2303	2303	1880	2309	2217
2048	2303	2303	2094	2303	2223
2303	2303	2303	2341	2310	2224
2559	2303	2303	2555	2309	2224
2815	2303	2303	2760	2305	2217
3071	2303	2303	2987	2308	2217
3327	2303	2303	3206	2308	2211
3583	2303	2303	3413	2305	2211
3839	2303	2303	3633	2310	2206
4095	2303	2303	3865	2310	2210
0	2559	2303	358	2545	2221
256	2559	2303	587	2548	2223
512	2559	2303	808	2544	2227
768	2559	2303	1026	2544	2227
1024	2559	2303	1251	2547	2224
1280	2559	2303	1471	2548	2221
1536	2559	2303	1684	2543	2222
1792	2559	2303	1899	2541	2223
2048	2559	2303	2127	2548	2215
2303	2559	2303	2366	2550	2220
2559	2559	2303	2576	2545	2219
2815	2559	2303	2788	2547	2217
3071	2559	2303	3006	2541	2210
3327	2559	2303	3229	2543	2216
3583	2559	2303	3445	2548	2209
3839	2559	2303	3659	2547	2213
4095	2559	2303	3885	2545	2213
0	2815	2303	383	2789	2228
256	2815	2303	611	2792	2230
512	2815	2303	832	2789	2225
768	2815	2303	1053	2793	2226
1024	2815	2303	1277	2795	2225
1280	2815	2303	1492	2790	2226
1536	2815	2303	1709	2790	2225
1792	2815	2303	1925	2790	2217
2048	2815	2303	2152	2794	2223
2303	2815	2303	2393	2798	2225
2559	2815	2303	2600	2791	2218
2815	2815	2303	2817	2797	2218
3071	2815	2303	3043	2795	2218
3327	2815	2303	3260	2794	2210
3583	2815	2303	3468	2792	2217
3839	2815	2303	3688	2792	2215
4095	2815	2303	3914	2795	2212
0	3071	2303	408	3041	2228
256	3071	2303	635	3043	2231
512	3071	2303	855	3039	2228
768	3071	2303	1078	3048	2231
1024	3071	2303	1300	3043	2229
1280	3071	2303	1518	3047	2229
1536	3071	2303	1734	3044	2223
1792	3071	2303	1949	3044	2224
2048	3071	2303	2178	3045	2223
2303	3071	2303	2412	3047	2228
2559	3071	2303	2629	3048	2221
2815	3071	2303	2835	3044	2225
3071	3071	2303	3063	3042	2224
3327	3071	2303	3279	3042	2220
3583	3071	2303	3489	3043	2219
3839	3071	2303	3714	3045	2216
4095	3071	2303	3937	3047	2218
0	3327	2303	433	3289	2227
256	3327	2303	660	3293	2230
512	3327	2303	881	3293	2226
768	3327	2303	1099	3289	2231
1024	3327	2303	1326	3297	2227
1280	3327	2303	1541	3294	2226
1536	3327	2303	1756	3293	2228
1792	3327	2303	1970	3289	2224
2048	3327	2303	2205	3294	2226
2303	3327	2303	2439	3300	2225
2559	3327	2303	2653	3298	2227
2815	3327	2303	2864	3295	2220
3071	3327	2303	3095	3296	2220
3327	3327	2303	3300	3288	2216
3583	3327	2303	3516	3293	2217
3839	3327	2303	3741	3294	2217
4095	3327	2303	3959	3294	2218
0	3583	2303	461	3540	2231
256	3583	2303	684	3536	2232
512	3583	2303	904	3533	2232
768	3583	2303	1125	3533	2226
1024	3583	2303	1346	3533	2231
1280	3583	2303	1564	3535	2228
1536	3583	2303	1781	3535	2228
1792	3583	2303	1997	3536	2227
2048	3583	2303	2236	3542	2225
2303	3583	2303	2463	3542	2231
2559	3583	2303	2674	3539	2228
2815	3583	2303	2890	3538	2226
3071	3583	2303	3117	3535	2225
3327	3583	2303	3335	3541	2226
3583	3583	2303	3543	3539	2219
3839	3583	2303	3770	3536	2223
4095	3583	2303	3985	3537	2220
0	3839	2303	486	3794	2239
256	3839	2303	710	3791	2239
512	3839	2303	928	3788	2231
768	3839	2303	1149	3787	2232
1024	3839	2303	1370	3784	2230
1280	3839	2303	1587	3785	2231
1536	3839	2303	1808	3791	2231
1792	3839	2303	2027	3796	2231
2048	3839	2303	2262	3792	2234
2303	3839	2303	2485	3791	2235
2559	3839	2303	2700	3792	2229
2815	3839	2303	2916	3789	2229
3071	3839	2303	3139	3785	2225
3327	3839	2303	3362	3794	2229
3583	3839	2303	3561	3784	2228
3839	3839	2303	3788	3780	2224
4095	3839	2303	4005	3785	2223
0	4095	2303	511	4034	2239
256	4095	2303	735	4042	2242
512	4095	2303	955	4042	2238
768	4095	2303	1174	4036	2234
1024	4095	2303	1395	4033	2231
1280	4095	2303	1616	4039	2231
1536	4095	2303	1835	4044	2236
1792	4095	2303	2048	4039	2235
2048	4095	2303	2287	4036	2236
2303	4095	2303	2510	4039	2232
2559	4095	2303	2719	4035	2232
2815	4095	2303	2939	4034	2231
3071	4095	2303	3171	4041	2227
3327	4095	2303	3382	4040	2231
3583	4095	2303	3585	4032	2230
3839	4095	2303	3822	4035	2223
4095	4095	2303	4029	4033	2220
0	0	2559	116	40	2428
256	0	2559	348	41	2431
512	0	2559	576	42	2430
768	0	2559	797	42	2431
1024	0	2559	1015	44	2432
1280	0	2559	1236	45	2429
1536	0	2559	1455	46	2431
1792	0	2559	1671	46	2430
2048	0	2559	1886	48	2428
2303	0	2559	2105	49	2429
2559	0	2559	2347	51	2427
2815	0	2559	2561	51	2429
3071	0	2559	2766	52	2423
3327	0	2559	2990	53	2423
3583	0	2559	3209	53	2420
3839	0	2559	3418	55	2417
4095	0	2559	3631	56	2418
0	256	2559	139	293	2430
256	256	2559	371	295	2431
512	256	2559	598	298	2434
768	256	2559	820	299	2429
1024	256	2559	1034	299	2426
1280	256	2559	1259	301	2432
1536	256	2559	1475	302	2429
1792	256	2559	1691	302	2427
2048	256	2559	1907	304	2430
2303	256	2559	2131	305	2428
2559	256	2559	2367	307	2431
2815	256	2559	2588	307	2431
3071	256	2559	2794	307	2430
3327	256	2559	3019	308	2428
3583	256	2559	3234	309	2422
3839	256	2559	3446	310	2425
4095	256	2559	3662	311	2416
0	512	2559	164	544	2435
256	512	2559	396	547	2437
512	512	2559	623	549	2440
768	512	2559	844	551	2434
1024	512	2559	1060	549	2439
1280	512	2559	1287	552	2438
1536	512	2559	1499	552	2432
1792	512	2559	1716	553	2432
2048	512	2559	1934	554	2435
2303	512	2559	2161	556	2433
2559	512	2559	2396	557	2439
2815	512	2559	2616	560	2434
3071	512	2559	2823	559	2435
3327	512	2559	3048	559	2431
3583	512	2559	3261	559	2426
3839	512	2559	3474	561	2430
4095	512	2559	3690	561	2420
0	768	2559	191	793	2439
256	768	2559	422	795	2442
512	768	2559	649	798	2445
768	768	2559	870	799	2439
1024	768	2559	1087	798	2437
1280	768	2559	1308	798	2436
1536	768	2559	1525	799	2435
1792	768	2559	1741	801	2437
2048	768	2559	1957	801	2436
2303	768	2559	2187	803	2440
2559	768	2559	2419	804	2434
2815	768	2559	2629	803	2433
3071	768	2559	2842	804	2431
3327	768	2559	3069	804	2429
3583	768	2559	3284	806	2430
3839	768	2559	3497	808	2430
4095	768	2559	3720	807	2426
0	1024	2559	216	1047	2444
256	1024	2559	449	1051	2451
512	1024	2559	673	1051	2441
768	1024	2559	893	1051	2446
1024	1024	2559	1116	1055	2443
1280	1024	2559	1336	1054	2442
1536	1024	2559	1552	1054	2442
1792	1024	2559	1766	1054	2438
2048	1024	2559	1985	1057	2444
2303	1024	2559	2220	1058	2444
2559	1024	2559	2447	1058	2438
2815	1024	2559	2658	1058	2439
3071	1024	2559	2870	1058	2431
3327	1024	2559	3094	1055	2434
3583	1024	2559	3315	1059	2435
3839	1024	2559	3513	1056	2426
4095	1024	2559	3741	1058	2429
0	1280	2559	243	1300	2450
256	1280	2559	474	1303	2452
512	1280	2559	697	1300	2444
768	1280	2559	916	1299	2444
1024	1280	2559	1135	1300	2443
1280	1280	2559	1359	1302	2446
1536	1280	2559	1576	1304	2443
1792	1280	2559	1792	1304	2444
2048	1280	2559	2010	1307	2445
2303	1280	2559	2242	1305	2439
2559	1280	2559	2469	1306	2445
2815	1280	2559	2683	1307	2439
3071	1280	2559	2894	1305	2434
3327	1280	2559	3118	1304	2437
3583	1280	2559	3336	1306	2433
3839	1280	2559	3545	1307	2434
4095	1280	2559	3769	1307	2430
0	1536	2559	268	1536	2441
256	1536	2559	499	1541	2446
512	1536	2559	723	1546	2453
768	1536	2559	943	1546	2448
1024	1536	2559	1164	1546	2448
1280	1536	2559	1384	1547	2445
1536	1536	2559	1600	1545	2449
1792	1536	2559	1821	1549	2440
2048	1536	2559	2028	1545	2439
2303	1536	2559	2270	1549	2443
2559	1536	2559	2496	1550	2444
2815	1536	2559	2706	1550	2439
3071	1536	2559	2923	1550	2441
3327	1536	2559	3149	1550	2432
3583	1536	2559	3351	1544	2436
3839	1536	2559	3570	1550	2437
4095	1536	2559	3799	1550	2435
0	1792	2559	293	1780	2442
256	1792	2559	522	1785	2443
512	1792	2559	748	1792	2455
768	1792	2559	965	1789	2447
1024	1792	2559	1187	1790	2450
1280	1792	2559	1410	1793	2453
1536	1792	2559	1628	1795	2451
1792	1792	2559	1845	1794	2443
2048	1792	2559	2055	1790	2446
2303	1792	2559	2299	1794	2448
2559	1792	2559	2519	1795	2445
2815	1792	2559	2730	1794	2444
3071	1792	2559	2952	1796	2445
3327	1792	2559	3174	1796	2435
3583	1792	2559	3383	1792	2442
3839	1792	2559	3601	1798	2440
4095	1792	2559	3832	1797	2439
0	2048	2559	320	2033	2447
256	2048	2559	549	2035	2451
512	2048	2559	771	2034	2450
768	2048	2559	990	2030	2456
1024	2048	2559	1213	2034	2449
1280	2048	2559	1434	2036	2453
1536	2048	2559	1649	2034	2453
1792	2048	2559	1864	2031	2451
2048	2048	2559	2091	2041	2446
2303	2048	2559	2330	2039	2445
2559	2048	2559	2545	2038	2447
2815	2048	2559	2758	2039	2449
3071	2048	2559	2972	2034	2435
3327	2048	2559	3190	2032	2441
3583	2048	2559	3408	2036	2441
3839	2048	2559	3621	2036	2437
4095	2048	2559	3850	2035	2441
0	2303	2559	343	2304	2457
256	2303	2559	573	2308	2458
512	2303	2559	795	2311	2458
768	2303	2559	1016	2315	2455
1024	2303	2559	1234	2307	2449
1280	2303	2559	1454	2308	2454
1536	2303	2559	1674	2312	2454
1792	2303	2559	1890	2313	2445
2048	2303	2559	2110	2311	2455
2303	2303	2559	2350	2312	2450
2559	2303	2559	2565	2314	2450
2815	2303	2559	2775	2314	2448
3071	2303	2559	3000	2314	2448
3327	2303	2559	3221	2315	2436
3583	2303	2559	3431	2315	2441
3839	2303	2559	3647	2315	2442
4095	2303	2559	3883	2319	2439
0	2559	2559	369	2547	2453
256	2559	2559	598	2549	2456
512	2559	2559	819	2547	2456
768	2559	2559	1036	2545	2455
1024	2559	2559	1262	2550	2458
1280	2559	2559	1483	2554	2448
1536	2559	2559	1700	2554	2454
1792	2559	2559	1915	2552	2453
2048	2559	2559	2138	2550	2449
2303	2559	2559	2375	2552	2448
2559	2559	2559	2596	2557	2449
2815	2559	2559	2803	2553	2448
3071	2559	2559	3030	2553	2447
3327	2559	2559	3244	2550	2446
3583	2559	2559	3455	2550	2445
3839	2559	2559	3676	2554	2443
4095	2559	2559	3902	2553	2446
0	2815	2559	394	2789	2455
256	2815	2559	622	2792	2458
512	2815	2559	844	2796	2455
768	2815	2559	1063	2794	2451
1024	2815	2559	1285	2792	2450
1280	2815	2559	1507	2799	2457
1536	2815	2559	1723	2797	2459
1792	2815	2559	1935	2794	2455
2048	2815	2559	2162	2795	2451
2303	2815	2559	2398	2796	2451
2559	2815	2559	2604	2787	2453
2815	2815	2559	2821	2793	2454
3071	2815	2559	3051	2795	2448
3327	2815	2559	3269	2796	2449
3583	2815	2559	3480	2797	2443
3839	2815	2559	3700	2796	2445
4095	2815	2559	3918	2793	2444
0	3071	2559	421	3048	2456
256	3071	2559	647	3046	2457
512	3071	2559	865	3039	2458
768	3071	2559	1087	3044	2456
1024	3071	2559	1313	3051	2456
1280	3071	2559	1528	3049	2453
1536	3071	2559	1745	3048	2458
1792	3071	2559	1963	3051	2454
2048	3071	2559	2191	3050	2451
2303	3071	2559	2421	3047	2453
2559	3071	2559	2637	3049	2444
2815	3071	2559	2851	3052	2448
3071	3071	2559	3073	3043	2446
3327	3071	2559	3294	3048	2447
3583	3071	2559	3500	3046	2448
3839	3071	2559	3724	3047	2446
4095	3071	2559	3948	3051	2443
0	3327	2559	444	3287	2460
256	3327	2559	671	3295	2460
512	3327	2559	893	3299	2452
768	3327	2559	1113	3301	2455
1024	3327	2559	1336	3300	2460
1280	3327	2559	1553	3300	2460
1536	3327	2559	1771	3302	2456
1792	3327	2559	1987	3301	2456
2048	3327	2559	2220	3301	2457
2303	3327	2559	2448	3302	2452
2559	3327	2559	2660	3298	2453
2815	3327	2559	2870	3292	2452
3071	3327	2559	3104	3298	2445
3327	3327	2559	3319	3300	2446
3583	3327	2559	3526	3296	2448
3839	3327	2559	3754	3298	2444
4095	3327	2559	3970	3298	2446
0	3583	2559	472	3539	2452
256	3583	2559	695	3538	2457
512	3583	2559	916	3536	2462
768	3583	2559	1137	3539	2462
1024	3583	2559	1360	3542	2460
1280	3583	2559	1577	3543	2461
1536	3583	2559	1795	3544	2460
1792	3583	2559	2008	3539	2460
2048	3583	2559	2248	3544	2458
2303	3583	2559	2475	3548	2458
2559	3583	2559	2686	3545	2456
2815	3583	2559	2898	3537	2449
3071	3583	2559	3124	3535	2452
3327	3583	2559	3339	3537	2452
3583	3583	2559	3548	3536	2452
3839	3583	2559	3780	3539	2449
4095	3583	2559	3992	3538	2449
0	3839	2559	497	3792	2463
256	3839	2559	720	3792	2466
512	3839	2559	937	3785	2458
768	3839	2559	1159	3785	2459
1024	3839	2559	1383	3791	2463
1280	3839	2559	1599	3789	2462
1536	3839	2559	1817	3790	2461
1792	3839	2559	2033	3789	2461
2048	3839	2559	2270	3788	2458
2303	3839	2559	2491	3788	2461
2559	3839	2559	2706	3789	2460
2815	3839	2559	2924	3788	2454
3071	3839	2559	3146	3784	2450
3327	3839	2559	3366	3791	2451
3583	3839	2559	3576	3792	2451
3839	3839	2559	3800	3785	2449
4095	3839	2559	4012	3787	2450
0	4095	2559	521	4038	2464
256	4095	2559	744	4037	2466
512	4095	2559	964	4037	2463
768	4095	2559	1185	4038	2455
1024	4095	2559	1406	4036	2461
1280	4095	2559	1623	4036	2458
1536	4095	2559	1841	4040	2458
1792	4095	2559	2060	4045	2459
2048	4095	2559	2304	4048	2459
2303	4095	2559	2518	4041	2455
2559	4095	2559	2729	4038	2453
2815	4095	2559	2951	4038	2456
3071	4095	2559	3175	4039	2451
3327	4095	2559	3390	4041	2456
3583	4095	2559	3594	4033	2453
3839	4095	2559	3826	4032	2454
4095	4095	2559	4035	4034	2447
0	0	2815	128	44	2670
256	0	2815	360	45	2672
512	0	2815	588	45	2666
768	0	2815	807	47	2672
1024	0	2815	1026	48	2670
1280	0	2815	1247	49	2667
1536	0	2815	1464	49	2666
1792	0	2815	1679	50	2664
2048	0	2815	1895	52	2669
2303	0	2815	2119	53	2665
2559	0	2815	2356	53	2663
2815	0	2815	2569	55	2664
3071	0	2815	2777	56	2661
3327	0	2815	3000	57	2659
3583	0	2815	3220	57	2659
3839	0	2815	3429	59	2653
4095	0	2815	3642	60	2655
0	256	2815	151	297	2665
256	256	2815	382	298	2665
512	256	2815	608	301	2671
768	256	2815	831	303	2670
1024	256	2815	1046	303	2669
1280	256	2815	1269	305	2669
1536	256	2815	1485	306	2665
1792	256	2815	1703	306	2669
2048	256	2815	1916	307	2663
2303	256	2815	2136	307	2660
2559	256	2815	2373	309	2664
2815	256	2815	2592	310	2664
3071	256	2815	2799	311	2664
3327	256	2815	3030	312	2665
3583	256	2815	3236	312	2653
3839	256	2815	3446	312	2654
4095	256	2815	3669	314	2654
0	512	2815	175	547	2667
256	512	2815	406	548	2669
512	512	2815	633	552	2676
768	512	2815	854	554	2677
1024	512	2815	1072	554	2671
1280	512	2815	1294	554	2670
1536	512	2815	1509	555	2670
1792	512	2815	1730	557	2677
2048	512	2815	1943	557	2668
2303	512	2815	2167	558	2667
2559	512	2815	2402	560	2672
2815	512	2815	2619	561	2670
3071	512	2815	2827	561	2667
3327	512	2815	3058	563	2669
3583	512	2815	3262	561	2657
3839	512	2815	3473	562	2660
4095	512	2815	3698	564	2660
0	768	2815	202	794	2674
256	768	2815	432	797	2676
512	768	2815	659	800	2683
768	768	2815	881	802	2677
1024	768	2815	1097	801	2673
1280	768	2815	1318	801	2677
1536	768	2815	1537	804	2678
1792	768	2815	1756	807	2679
2048	768	2815	1967	805	2672
2303	768	2815	2198	806	2677
2559	768	2815	2432	808	2677
2815	768	2815	2642	808	2667
3071	768	2815	2847	805	2671
3327	768	2815	3082	808	2667
3583	768	2815	3294	809	2667
3839	768	2815	3501	810	2663
4095	768	2815	3728	810	2664
0	1024	2815	229	1051	2684
256	1024	2815	460	1053	2687
512	1024	2815	684	1054	2684
768	1024	2815	904	1055	2682
1024	1024	2815	1125	1057	2682
1280	1024	2815	1346	1058	2684
1536	1024	2815	1564	1059	2673
1792	1024	2815	1774	1055	2673
2048	1024	2815	1992	1059	2679
2303	1024	2815	2229	1060	2680
2559	1024	2815	2455	1060	2674
2815	1024	2815	2666	1060	2676
3071	1024	2815	2879	1060	2665
3327	1024	2815	3098	1057	2671
3583	1024	2815	3322	1062	2671
3839	1024	2815	3528	1062	2669
4095	1024	2815	3753	1061	2665
0	1280	2815	253	1301	2686
256	1280	2815	485	1304	2691
512	1280	2815	708	1303	2682
768	1280	2815	925	1301	2679
1024	1280	2815	1146	1303	2684
1280	1280	2815	1369	1305	2680
1536	1280	2815	1583	1304	2682
1792	1280	2815	1803	1308	2684
2048	1280	2815	2018	1309	2682
2303	1280	2815	2254	1308	2680
2559	1280	2815	2478	1309	2681
2815	1280	2815	2690	1309	2677
3071	1280	2815	2904	1308	2673
3327	1280	2815	3128	1307	2675
3583	1280	2815	3345	1310	2673
3839	1280	2815	3556	1311	2672
4095	1280	2815	3774	1308	2664
0	1536	2815	280	1542	2686
256	1536	2815	511	1546	2689
512	1536	2815	732	1546	2688
768	1536	2815	952	1548	2689
1024	1536	2815	1175	1550	2690
1280	1536	2815	1395	1551	2685
1536	1536	2815	1612	1550	2690
1792	1536	2815	1832	1554	2683
2048	1536	2815	2041	1550	2682
2303	1536	2815	2287	1556	2688
2559	1536	2815	2506	1554	2681
2815	1536	2815	2714	1552	2679
3071	1536	2815	2935	1553	2679
3327	1536	2815	3160	1554	2677
3583	1536	2815	3369	1552	2675
3839	1536	2815	3577	1552	2674
4095	1536	2815	3812	1555	2675
0	1792	2815	306	1791	2695
256	1792	2815	536	1794	2695
512	1792	2815	760	1796	2696
768	1792	2815	979	1797	2693
1024	1792	2815	1199	1794	2685
1280	1792	2815	1419	1794	2691
1536	1792	2815	1639	1798	2693
1792	1792	2815	1858	1800	2689
2048	1792	2815	2070	1797	2685
2303	1792	2815	2310	1797	2684
2559	1792	2815	2531	1799	2687
2815	1792	2815	2737	1796	2678
3071	1792	2815	2961	1798	2686
3327	1792	2815	3189	1802	2682
3583	1792	2815	3400	1800	2679
3839	1792	2815	3609	1799	2678
4095	1792	2815	3840	1799	2676
0	2048	2815	331	2035	2694
256	2048	2815	561	2037	2698
512	2048	2815	785	2042	2698
768	2048	2815	1000	2032	2695
1024	2048	2815	1224	2037	2696
1280	2048	2815	1444	2038	2690
1536	2048	2815	1662	2039	2693
1792	2048	2815	1880	2041	2689
2048	2048	2815	2097	2039	2686
2303	2048	2815	2337	2038	2686
2559	2048	2815	2557	2044	2689
2815	2048	2815	2766	2043	2685
3071	2048	2815	2987	2041	2682
3327	2048	2815	3206	2040	2681
3583	2048	2815	3418	2041	2681
3839	2048	2815	3632	2040	2674
4095	2048	2815	3856	2037	2678
0	2303	2815	355	2309	2695
256	2303	2815	583	2312	2697
512	2303	2815	808	2320	2702
768	2303	2815	1025	2316	2701
1024	2303	2815	1245	2312	2686
1280	2303	2815	1467	2316	2695
1536	2303	2815	1686	2319	2691
1792	2303	2815	1902	2319	2695
2048	2303	2815	2127	2321	2691
2303	2303	2815	2365	2321	2688
2559	2303	2815	2577	2319	2686
2815	2303	2815	2787	2318	2691
3071	2303	2815	3012	2319	2686
3327	2303	2815	3232	2320	2684
3583	2303	2815	3442	2320	2680
3839	2303	2815	3656	2318	2679
4095	2303	2815	3887	2319	2681
0	2559	2815	382	2555	2696
256	2559	2815	610	2556	2697
512	2559	2815	831	2551	2701
768	2559	2815	1048	2549	2700
1024	2559	2815	1271	2549	2695
1280	2559	2815	1490	2549	2689
1536	2559	2815	1709	2555	2696
1792	2559	2815	1928	2559	2694
2048	2559	2815	2150	2555	2695
2303	2559	2815	2383	2552	2692
2559	2559	2815	2603	2558	2689
2815	2559	2815	2809	2553	2687
3071	2559	2815	3039	2555	2687
3327	2559	2815	3255	2554	2685
3583	2559	2815	3466	2554	2685
3839	2559	2815	3685	2556	2681
4095	2559	2815	3913	2557	2682
0	2815	2815	406	2792	2700
256	2815	2815	633	2795	2703
512	2815	2815	855	2799	2696
768	2815	2815	1073	2795	2691
1024	2815	2815	1294	2792	2690
1280	2815	2815	1516	2800	2692
1536	2815	2815	1735	2802	2692
1792	2815	2815	1948	2801	2698
2048	2815	2815	2176	2801	2696
2303	2815	2815	2410	2801	2688
2559	2815	2815	2624	2801	2693
2815	2815	2815	2831	2796	2685
3071	2815	2815	3062	2797	2685
3327	2815	2815	3277	2797	2687
3583	2815	2815	3485	2796	2684
3839	2815	2815	3708	2797	2682
4095	2815	2815	3929	2796	2683
0	3071	2815	432	3050	2696
256	3071	2815	659	3052	2697
512	3071	2815	878	3049	2701
768	3071	2815	1096	3044	2694
1024	3071	2815	1324	3053	2692
1280	3071	2815	1537	3048	2691
1536	3071	2815	1754	3049	2698
1792	3071	2815	1971	3052	2697
2048	3071	2815	2201	3051	2693
2303	3071	2815	2430	3049	2693
2559	3071	2815	2646	3051	2693
2815	3071	2815	2858	3052	2687
3071	3071	2815	3082	3045	2685
3327	3071	2815	3302	3050	2687
3583	3071	2815	3513	3053	2685
3839	3071	2815	3732	3049	2681
4095	3071	2815	3952	3049	2683
0	3327	2815	456	3296	2701
256	3327	2815	682	3299	2701
512	3327	2815	903	3299	2700
768	3327	2815	1123	3301	2693
1024	3327	2815	1346	3300	2699
1280	3327	2815	1563	3300	2699
1536	3327	2815	1781	3303	2695
1792	3327	2815	1996	3303	2694
2048	3327	2815	2232	3304	2696
2303	3327	2815	2458	3305	2692
2559	3327	2815	2670	3300	2692
2815	3327	2815	2882	3297	2690
3071	3327	2815	3112	3298	2684
3327	3327	2815	3328	3302	2684
3583	3327	2815	3536	3299	2687
3839	3327	2815	3760	3298	2687
4095	3327	2815	3977	3299	2680
0	3583	2815	482	3538	2699
256	3583	2815	706	3537	2701
512	3583	2815	926	3541	2701
768	3583	2815	1149	3544	2704
1024	3583	2815	1369	3543	2699
1280	3583	2815	1588	3546	2700
1536	3583	2815	1805	3544	2699
1792	3583	2815	2022	3548	2701
2048	3583	2815	2259	3547	2699
2303	3583	2815	2484	3547	2700
2559	3583	2815	2695	3544	2696
2815	3583	2815	2908	3539	2691
3071	3583	2815	3137	3541	2691
3327	3583	2815	3356	3548	2693
3583	3583	2815	3557	3538	2691
3839	3583	2815	3788	3538	2688
4095	3583	2815	3995	3536	2686
0	3839	2815	507	3786	2701
256	3839	2815	730	3790	2702
512	3839	2815	948	3787	2699
768	3839	2815	1169	3786	2703
1024	3839	2815	1392	3790	2701
1280	3839	2815	1610	3794	2703
1536	3839	2815	1829	3797	2703
1792	3839	2815	2043	3793	2702
2048	3839	2815	2283	3793	2703
2303	3839	2815	2503	3793	2700
2559	3839	2815	2717	3794	2699
2815	3839	2815	2937	3795	2694
3071	3839	2815	3162	3794	2693
3327	3839	2815	3372	3790	2695
3583	3839	2815	3582	3791	2696
3839	3839	2815	3819	3795	2690
4095	3839	2815	4024	3792	2689
0	4095	2815	532	4040	2700
256	4095	2815	757	4047	2703
512	4095	2815	975	4043	2704
768	4095	2815	1196	4040	2696
1024	4095	2815	1418	4042	2700
1280	4095	2815	1637	4047	2702
1536	4095	2815	1853	4044	2703
1792	4095	2815	2071	4049	2700
2048	4095	2815	2316	4051	2701
2303	4095	2815	2528	4043	2699
2559	4095	2815	2740	4041	2697
2815	4095	2815	2961	4040	2698
3071	4095	2815	3183	4039	2697
3327	4095	2815	3398	4041	2692
3583	4095	2815	3609	4040	2694
3839	4095	2815	3839	4036	2693
4095	4095	2815	4044	4037	2694
0	0	3071	140	48	2914
256	0	3071	371	49	2916
512	0	3071	599	49	2913
768	0	3071	819	51	2913
1024	0	3071	1036	52	2913
1280	0	3071	1258	53	2912
1536	0	3071	1477	53	2912
1792	0	3071	1690	55	2906
2048	0	3071	1906	56	2911
2303	0	3071	2131	57	2909
2559	0	3071	2367	58	2906
2815	0	3071	2580	59	2907
3071	0	3071	2790	60	2907
3327	0	3071	3011	61	2902
3583	0	3071	3228	61	2900
3839	0	3071	3439	63	2899
4095	0	3071	3655	64	2897
0	256	3071	163	301	2912
256	256	3071	394	303	2912
512	256	3071	620	306	2914
768	256	3071	841	306	2914
1024	256	3071	1059	307	2915
1280	256	3071	1282	308	2915
1536	256	3071	1493	308	2903
1792	256	3071	1712	309	2909
2048	256	3071	1927	311	2908
2303	256	3071	2150	312	2906
2559	256	3071	2384	312	2907
2815	256	3071	2599	314	2907
3071	256	3071	2810	315	2908
3327	256	3071	3036	316	2904
3583	256	3071	3245	315	2896
3839	256	3071	3457	316	2899
4095	256	3071	3681	318	2898
0	512	3071	187	551	2913
256	512	3071	419	554	2918
512	512	3071	645	556	2918
768	512	3071	864	556	2916
1024	512	3071	1082	557	2915
1280	512	3071	1305	558	2912
1536	512	3071	1517	558	2907
1792	512	3071	1738	560	2917
2048	512	3071	1954	562	2914
2303	512	3071	2181	563	2913
2559	512	3071	2413	564	2913
2815	512	3071	2626	564	2911
3071	512	3071	2837	565	2909
3327	512	3071	3065	566	2909
3583	512	3071	3275	566	2903
3839	512	3071	3485	566	2904
4095	512	3071	3708	567	2902
0	768	3071	214	800	2921
256	768	3071	444	802	2920
512	768	3071	670	804	2922
768	768	3071	891	806	2921
1024	768	3071	1107	805	2914
1280	768	3071	1326	803	2914
1536	768	3071	1545	807	2917
1792	768	3071	1764	809	2919
2048	768	3071	1977	808	2917
2303	768	3071	2211	810	2922
2559	768	3071	2441	812	2916
2815	768	3071	2649	811	2913
3071	768	3071	2862	811	2914
3327	768	3071	3093	812	2910
3583	768	3071	3307	814	2913
3839	768	3071	3511	812	2906
4095	768	3071	3739	814	2907
0	1024	3071	240	1052	2921
256	1024	3071	470	1054	2924
512	1024	3071	694	1057	2925
768	1024	3071	915	1059	2926
1024	1024	3071	1134	1058	2917
1280	1024	3071	1353	1058	2925
1536	1024	3071	1573	1062	2919
1792	1024	3071	1786	1060	2918
2048	1024	3071	2003	1062	2922
2303	1024	3071	2238	1063	2919
2559	1024	3071	2464	1064	2918
2815	1024	3071	2677	1064	2917
3071	1024	3071	2888	1063	2909
3327	1024	3071	3111	1062	2916
3583	1024	3071	3334	1067	2915
3839	1024	3071	3537	1065	2911
4095	1024	3071	3766	1065	2910
0	1280	3071	264	1302	2924
256	1280	3071	496	1306	2930
512	1280	3071	719	1307	2928
768	1280	3071	935	1304	2918
1024	1280	3071	1156	1305	2923
1280	1280	3071	1380	1308	2926
1536	1280	3071	1596	1309	2926
1792	1280	3071	1814	1311	2921
2048	1280	3071	2025	1310	2920
2303	1280	3071	2260	1309	2918
2559	1280	3071	2485	1311	2921
2815	1280	3071	2699	1312	2919
3071	1280	3071	2916	1312	2919
3327	1280	3071	3141	1312	2915
3583	1280	3071	3351	1312	2913
3839	1280	3071	3563	1314	2915
4095	1280	3071	3789	1312	2910
0	1536	3071	291	1544	2929
256	1536	3071	520	1549	2931
512	1536	3071	743	1550	2934
768	1536	3071	960	1548	2925
1024	1536	3071	1182	1550	2931
1280	1536	3071	1406	1553	2929
1536	1536	3071	1622	1553	2928
1792	1536	3071	1837	1553	2922
2048	1536	3071	2048	1551	2920
2303	1536	3071	2296	1557	2929
2559	1536	3071	2513	1555	2922
2815	1536	3071	2723	1555	2921
3071	1536	3071	2945	1557	2923
3327	1536	3071	3169	1556	2919
3583	1536	3071	3378	1555	2921
3839	1536	3071	3592	1558	2917
4095	1536	3071	3821	1557	2914
0	1792	3071	316	1792	2939
256	1792	3071	547	1798	2940
512	1792	3071	771	1799	2939
768	1792	3071	989	1799	2934
1024	1792	3071	1209	1797	2930
1280	1792	3071	1431	1799	2936
1536	1792	3071	1650	1801	2931
1792	1792	3071	1864	1799	2928
2048	1792	3071	2077	1798	2932
2303	1792	3071	2323	1802	2931
2559	1792	3071	2535	1798	2925
2815	1792	3071	2745	1797	2924
3071	1792	3071	2971	1802	2930
3327	1792	3071	3198	1805	2926
3583	1792	3071	3409	1803	2923
3839	1792	3071	3618	1802	2915
4095	1792	3071	3842	1798	2914
0	2048	3071	343	2039	2945
256	2048	3071	572	2042	2933
512	2048	3071	793	2038	2935
768	2048	3071	1010	2034	2930
1024	2048	3071	1235	2041	2937
1280	2048	3071	1454	2040	2929
1536	2048	3071	1670	2040	2933
1792	2048	3071	1889	2043	2934
2048	2048	3071	2111	2045	2931
2303	2048	3071	2352	2046	2932
2559	2048	3071	2565	2046	2932
2815	2048	3071	2779	2048	2930
3071	2048	3071	3000	2046	2925
3327	2048	3071	3218	2046	2925
3583	2048	3071	3428	2044	2919
3839	2048	3071	3639	2042	2919
4095	2048	3071	3869	2043	2922
0	2303	3071	366	2310	2940
256	2303	3071	593	2313	2942
512	2303	3071	817	2319	2936
768	2303	3071	1036	2318	2936
1024	2303	3071	1255	2313	2929
1280	2303	3071	1475	2316	2938
1536	2303	3071	1693	2318	2930
1792	2303	3071	1908	2317	2934
2048	2303	3071	2131	2317	2931
2303	2303	3071	2371	2321	2931
2559	2303	3071	2588	2323	2932
2815	2303	3071	2788	2315	2921
3071	2303	3071	3019	2319	2927
3327	2303	3071	3237	2319	2923
3583	2303	3071	3446	2319	2923
3839	2303	3071	3666	2320	2924
4095	2303	3071	3895	2322	2915
0	2559	3071	393	2555	2935
256	2559	3071	622	2559	2936
512	2559	3071	843	2560	2942
768	2559	3071	1058	2551	2937
1024	2559	3071	1285	2557	2939
1280	2559	3071	1503	2558	2930
1536	2559	3071	1720	2558	2935
1792	2559	3071	1937	2559	2934
2048	2559	3071	2160	2557	2929
2303	2559	3071	2393	2555	2932
2559	2559	3071	2609	2557	2933
2815	2559	3071	2821	2558	2932
3071	2559	3071	3051	2559	2923
3327	2559	3071	3269	2559	2929
3583	2559	3071	3478	2559	2924
3839	2559	3071	3695	2557	2924
4095	2559	3071	3919	2558	2927
0	2815	3071	418	2799	2942
256	2815	3071	645	2800	2945
512	2815	3071	866	2801	2946
768	2815	3071	1085	2801	2936
1024	2815	3071	1308	2799	2935
1280	2815	3071	1525	2800	2940
1536	2815	3071	1741	2799	2939
1792	2815	3071	1958	2803	2938
2048	2815	3071	2190	2806	2940
2303	2815	3071	2422	2806	2933
2559	2815	3071	2634	2804	2933
2815	2815	3071	2843	2800	2931
3071	2815	3071	3072	2799	2930
3327	2815	3071	3285	2798	2931
3583	2815	3071	3494	2798	2929
3839	2815	3071	3718	2800	2927
4095	2815	3071	3941	2802	2924
0	3071	3071	443	3048	2942
256	3071	3071	669	3050	2943
512	3071	3071	889	3052	2942
768	3071	3071	1108	3050	2941
1024	3071	3071	1331	3050	2937
1280	3071	3071	1548	3052	2937
1536	3071	3071	1766	3055	2938
1792	3071	3071	1985	3060	2937
2048	3071	3071	2213	3056	2941
2303	3071	3071	2442	3054	2939
2559	3071	3071	2659	3057	2937
2815	3071	3071	2867	3052	2930
3071	3071	3071	3099	3054	2930
3327	3071	3071	3319	3060	2931
3583	3071	3071	3521	3054	2926
3839	3071	3071	3747	3055	2925
4095	3071	3071	3966	3056	2927
0	3327	3071	468	3299	2940
256	3327	3071	694	3305	2942
512	3327	3071	915	3305	2943
768	3327	3071	1134	3303	2939
1024	3327	3071	1357	3306	2939
1280	3327	3071	1574	3305	2939
1536	3327	3071	1790	3303	2938
1792	3327	3071	2005	3303	2940
2048	3327	3071	2245	3309	2944
2303	3327	3071	2473	3312	2936
2559	3327	3071	2683	3307	2940
2815	3327	3071	2893	3300	2931
3071	3327	3071	3127	3306	2933
3327	3327	3071	3335	3300	2931
3583	3327	3071	3549	3304	2936
3839	3327	3071	3771	3301	2927
4095	3327	3071	3985	3301	2929
0	3583	3071	495	3545	2944
256	3583	3071	717	3546	2946
512	3583	3071	938	3547	2950
768	3583	3071	1161	3549	2946
1024	3583	3071	1381	3549	2947
1280	3583	3071	1596	3544	2944
1536	3583	3071	1811	3539	2943
1792	3583	3071	2031	3548	2941
2048	3583	3071	2273	3553	2942
2303	3583	3071	2494	3550	2947
2559	3583	3071	2704	3546	2944
2815	3583	3071	2920	3543	2934
3071	3583	3071	3143	3539	2937
3327	3583	3071	3362	3546	2933
3583	3583	3071	3573	3546	2933
3839	3583	3071	3800	3543	2935
4095	3583	3071	4009	3542	2928
0	3839	3071	519	3803	2951
256	3839	3071	743	3801	2951
512	3839	3071	961	3796	2949
768	3839	3071	1184	3799	2950
1024	3839	3071	1406	3800	2950
1280	3839	3071	1620	3793	2943
1536	3839	3071	1840	3801	2942
1792	3839	3071	2059	3805	2943
2048	3839	3071	2299	3804	2949
2303	3839	3071	2517	3800	2948
2559	3839	3071	2730	3799	2941
2815	3839	3071	2948	3798	2940
3071	3839	3071	3172	3796	2933
3327	3839	3071	3386	3798	2938
3583	3839	3071	3590	3791	2936
3839	3839	3071	3827	3795	2937
4095	3839	3071	4035	3796	2933
0	4095	3071	544	4042	2953
256	4095	3071	768	4050	2957
512	4095	3071	988	4050	2952
768	4095	3071	1208	4043	2946
1024	4095	3071	1428	4042	2950
1280	4095	3071	1647	4047	2943
1536	4095	3071	1865	4050	2950
1792	4095	3071	2084	4052	2951
2048	4095	3071	2325	4049	2950
2303	4095	3071	2541	4049	2947
2559	4095	3071	2751	4045	2943
2815	4095	3071	2973	4044	2944
3071	4095	3071	3198	4047	2941
3327	4095	3071	3412	4048	2941
3583	4095	3071	3621	4044	2934
3839	4095	3071	3854	4043	2934
4095	4095	3071	4053	4038	2935
0	0	3327	152	52	3151
256	0	3327	383	53	3153
512	0	3327	610	54	3147
768	0	3327	830	55	3148
1024	0	3327	1047	56	3145
1280	0	3327	1269	58	3144
1536	0	3327	1488	58	3146
1792	0	3327	1703	59	3143
2048	0	3327	1919	60	3148
2303	0	3327	2144	62	3144
2559	0	3327	2378	62	3140
2815	0	3327	2592	63	3141
3071	0	3327	2800	65	3140
3327	0	3327	3025	65	3138
3583	0	3327	3244	66	3136
3839	0	3327	3452	67	3131
4095	0	3327	3667	69	3132
0	256	3327	175	306	3151
256	256	3327	407	307	3150
512	256	3327	632	308	3150
768	256	3327	852	310	3144
1024	256	3327	1068	310	3147
1280	256	3327	1295	313	3150
1536	256	3327	1508	312	3142
1792	256	3327	1728	314	3149
2048	256	3327	1943	316	3147
2303	256	3327	2166	317	3142
2559	256	3327	2400	317	3146
2815	256	3327	2618	319	3146
3071	256	3327	2826	320	3145
3327	256	3327	3053	320	3141
3583	256	3327	3264	320	3135
3839	256	3327	3476	322	3137
4095	256	3327	3696	323	3131
0	512	3327	199	557	3151
256	512	3327	431	559	3154
512	512	3327	657	561	3155
768	512	3327	875	561	3148
1024	512	3327	1092	561	3149
1280	512	3327	1318	563	3145
1536	512	3327	1530	563	3145
1792	512	3327	1751	565	3151
2048	512	3327	1966	566	3149
2303	512	3327	2194	567	3148
2559	512	3327	2427	569	3151
2815	512	3327	2641	569	3147
3071	512	3327	2851	570	3146
3327	512	3327	3081	571	3146
3583	512	3327	3291	570	3139
3839	512	3327	3500	571	3139
4095	512	3327	3723	572	3136
0	768	3327	226	804	3156
256	768	3327	456	806	3157
512	768	3327	682	809	3161
768	768	3327	901	809	3153
1024	768	3327	1118	808	3153
1280	768	3327	1341	811	3151
1536	768	3327	1558	812	3152
1792	768	3327	1774	812	3152
2048	768	3327	1987	812	3151
2303	768	3327	2225	815	3158
2559	768	3327	2453	817	3153
2815	768	3327	2663	816	3150
3071	768	3327	2879	817	3151
3327	768	3327	3108	818	3140
3583	768	3327	3313	817	3143
3839	768	3327	3522	817	3139
4095	768	3327	3748	818	3137
0	1024	3327	252	1059	3163
256	1024	3327	483	1062	3167
512	1024	3327	707	1063	3164
768	1024	3327	925	1063	3159
1024	1024	3327	1145	1062	3155
1280	1024	3327	1364	1063	3157
1536	1024	3327	1582	1065	3157
1792	1024	3327	1800	1066	3155
2048	1024	3327	2016	1067	3158
2303	1024	3327	2254	1069	3160
2559	1024	3327	2478	1070	3155
2815	1024	3327	2689	1069	3153
3071	1024	3327	2902	1068	3148
3327	1024	3327	3125	1067	3148
3583	1024	3327	3347	1071	3144
3839	1024	3327	3549	1070	3146
4095	1024	3327	3779	1070	3144
0	1280	3327	277	1312	3169
256	1280	3327	509	1314	3171
512	1280	3327	730	1312	3163
768	1280	3327	948	1311	3161
1024	1280	3327	1171	1313	3163
1280	1280	3327	1393	1314	3161
1536	1280	3327	1608	1315	3157
1792	1280	3327	1824	1315	3162
2048	1280	3327	2042	1317	3162
2303	1280	3327	2281	1318	3160
2559	1280	3327	2502	1319	3158
2815	1280	3327	2715	1320	3159
3071	1280	3327	2932	1318	3151
3327	1280	3327	3152	1316	3151
3583	1280	3327	3367	1318	3152
3839	1280	3327	3580	1321	3152
4095	1280	3327	3806	1319	3148
0	1536	3327	304	1552	3168
256	1536	3327	533	1556	3170
512	1536	3327	756	1557	3170
768	1536	3327	974	1555	3163
1024	1536	3327	1195	1556	3163
1280	1536	3327	1415	1555	3159
1536	1536	3327	1632	1556	3165
1792	1536	3327	1851	1560	3164
2048	1536	3327	2066	1561	3160
2303	1536	3327	2305	1559	3160
2559	1536	3327	2526	1560	3159
2815	1536	3327	2735	1560	3153
3071	1536	3327	2956	1561	3157
3327	1536	3327	3182	1562	3155
3583	1536	3327	3392	1562	3153
3839	1536	3327	3604	1563	3153
4095	1536	3327	3838	1564	3153
0	1792	3327	327	1794	3168
256	1792	3327	558	1800	3174
512	1792	3327	781	1804	3173
768	1792	3327	999	1802	3168
1024	1792	3327	1221	1802	3167
1280	1792	3327	1442	1803	3169
1536	1792	3327	1661	1804	3169
1792	1792	3327	1879	1807	3169
2048	1792	3327	2099	1810	3170
2303	1792	3327	2340	1809	3170
2559	1792	3327	2549	1805	3162
2815	1792	3327	2760	1805	3161
3071	1792	3327	2985	1808	3162
3327	1792	3327	3208	1807	3157
3583	1792	3327	3418	1806	3156
3839	1792	3327	3631	1807	3156
4095	1792	3327	3865	1808	3157
0	2048	3327	354	2043	3174
256	2048	3327	583	2046	3169
512	2048	3327	804	2043	3168
768	2048	3327	1023	2043	3168
1024	2048	3327	1248	2048	3174
1280	2048	3327	1467	2049	3170
1536	2048	3327	1682	2045	3161
1792	2048	3327	1898	2045	3167
2048	2048	3327	2124	2051	3168
2303	2048	3327	2365	2054	3170
2559	2048	3327	2579	2053	3166
2815	2048	3327	2789	2052	3163
3071	2048	3327	3011	2050	3159
3327	2048	3327	3229	2050	3158
3583	2048	3327	3443	2051	3159
3839	2048	3327	3658	2051	3156
4095	2048	3327	3883	2049	3153
0	2303	3327	378	2317	3172
256	2303	3327	605	2320	3175
512	2303	3327	827	2321	3172
768	2303	3327	1048	2324	3173
1024	2303	3327	1272	2327	3174
1280	2303	3327	1488	2324	3169
1536	2303	3327	1705	2324	3168
1792	2303	3327	1919	2322	3162
2048	2303	3327	2144	2322	3170
2303	2303	3327	2385	2328	3160
2559	2303	3327	2593	2322	3163
2815	2303	3327	2805	2324	3161
3071	2303	3327	3033	2325	3160
3327	2303	3327	3251	2325	3158
3583	2303	3327	3462	2326	3160
3839	2303	3327	3682	2327	3155
4095	2303	3327	3905	2326	3153
0	2559	3327	404	2557	3170
256	2559	3327	632	2559	3174
512	2559	3327	853	2562	3173
768	2559	3327	1073	2563	3175
1024	2559	3327	1297	2561	3174
1280	2559	3327	1515	2562	3174
1536	2559	3327	1731	2561	3168
1792	2559	3327	1947	2561	3169
2048	2559	3327	2174	2563	3163
2303	2559	3327	2407	2561	3170
2559	2559	3327	2624	2563	3165
2815	2559	3327	2832	2560	3163
3071	2559	3327	3060	2560	3163
3327	2559	3327	3281	2565	3166
3583	2559	3327	3490	2564	3160
3839	2559	3327	3706	2560	3158
4095	2559	3327	3929	2561	3161
0	2815	3327	429	2798	3172
256	2815	3327	655	2803	3174
512	2815	3327	877	2805	3176
768	2815	3327	1094	2802	3176
1024	2815	3327	1318	2803	3173
1280	2815	3327	1537	2807	3174
1536	2815	3327	1755	2810	3175
1792	2815	3327	1969	2807	3170
2048	2815	3327	2200	2807	3174
2303	2815	3327	2432	2809	3169
2559	2815	3327	2644	2807	3169
2815	2815	3327	2858	2808	3166
3071	2815	3327	3091	2810	3166
3327	2815	3327	3302	2808	3163
3583	2815	3327	3515	2811	3167
3839	2815	3327	3741	2813	3162
4095	2815	3327	3957	2810	3158
0	3071	3327	456	3061	3173
256	3071	3327	681	3059	3174
512	3071	3327	901	3058	3176
768	3071	3327	1123	3063	3173
1024	3071	3327	1346	3064	3173
1280	3071	3327	1560	3060	3171
1536	3071	3327	1776	3058	3173
1792	3071	3327	1996	3064	3176
2048	3071	3327	2231	3066	3171
2303	3071	3327	2459	3067	3174
2559	3071	3327	2674	3067	3169
2815	3071	3327	2887	3064	3168
3071	3071	3327	3107	3055	3167
3327	3071	3327	3330	3064	3170
3583	3071	3327	3539	3064	3165
3839	3071	3327	3765	3064	3167
4095	3071	3327	3982	3064	3167
0	3327	3327	481	3312	3179
256	3327	3327	707	3313	3183
512	3327	3327	927	3313	3175
768	3327	3327	1147	3313	3179
1024	3327	3327	1369	3311	3179
1280	3327	3327	1587	3311	3174
1536	3327	3327	1803	3311	3174
1792	3327	3327	2021	3315	3173
2048	3327	3327	2259	3316	3178
2303	3327	3327	2484	3316	3177
2559	3327	3327	2698	3316	3175
2815	3327	3327	2913	3313	3173
3071	3327	3327	3135	3308	3161
3327	3327	3327	3353	3311	3169
3583	3327	3327	3561	3310	3168
3839	3327	3327	3789	3310	3166
4095	3327	3327	4006	3314	3166
0	3583	3327	507	3551	3183
256	3583	3327	729	3554	3184
512	3583	3327	951	3556	3186
768	3583	3327	1171	3553	3184
1024	3583	3327	1390	3549	3177
1280	3583	3327	1611	3555	3178
1536	3583	3327	1831	3559	3180
1792	3583	3327	2044	3555	3178
2048	3583	3327	2285	3558	3180
2303	3583	3327	2510	3560	3179
2559	3583	3327	2721	3557	3178
2815	3583	3327	2937	3553	3175
3071	3583	3327	3161	3551	3169
3327	3583	3327	3370	3546	3169
3583	3583	3327	3583	3549	3170
3839	3583	3327	3818	3553	3168
4095	3583	3327	4022	3548	3166
0	3839	3327	531	3806	3183
256	3839	3327	755	3809	3185
512	3839	3327	972	3801	3184
768	3839	3327	1195	3802	3185
1024	3839	3327	1418	3807	3177
1280	3839	3327	1635	3807	3181
1536	3839	3327	1851	3804	3184
1792	3839	3327	2070	3809	3185
2048	3839	3327	2311	3807	3179
2303	3839	3327	2534	3813	3182
2559	3839	3327	2746	3811	3181
2815	3839	3327	2966	3809	3175
3071	3839	3327	3189	3808	3174
3327	3839	3327	3400	3804	3168
3583	3839	3327	3609	3803	3169
3839	3839	3327	3837	3798	3167
4095	3839	3327	4045	3799	3169
0	4095	3327	556	4049	3187
256	4095	3327	781	4060	3189
512	4095	3327	1000	4056	3187
768	4095	3327	1221	4054	3178
1024	4095	3327	1441	4052	3183
1280	4095	3327	1658	4050	3182
1536	4095	3327	1875	4053	3179
1792	4095	3327	2095	4053	3182
2048	4095	3327	2340	4058	3183
2303	4095	3327	2554	4055	3179
2559	4095	3327	2764	4054	3183
2815	4095	3327	2987	4051	3177
3071	4095	3327	3208	4049	3177
3327	4095	3327	3423	4052	3174
3583	4095	3327	3639	4054	3172
3839	4095	3327	3867	4050	3166
4095	4095	3327	4072	4050	3166
0	0	3583	164	56	3386
256	0	3583	395	56	3388
512	0	3583	622	58	3387
768	0	3583	842	59	3384
1024	0	3583	1060	60	3379
1280	0	3583	1282	61	3383
1536	0	3583	1500	62	3382
1792	0	3583	1714	63	3378
2048	0	3583	1929	65	3378
2303	0	3583	2154	65	3380
2559	0	3583	2389	66	3373
2815	0	3583	2596	67	3370
3071	0	3583	2807	69	3370
3327	0	3583	3034	69	3368
3583	0	3583	3253	70	3369
3839	0	3583	3462	71	3367
4095	0	3583	3679	73	3364
0	256	3583	187	309	3389
256	256	3583	419	312	3392
512	256	3583	644	313	3385
768	256	3583	863	313	3380
1024	256	3583	1082	315	3386
1280	256	3583	1308	318	3388
1536	256	3583	1521	317	3381
1792	256	3583	1738	318	3380
2048	256	3583	1954	320	3384
2303	256	3583	2183	321	3384
2559	256	3583	2415	321	3381
2815	256	3583	2626	322	3379
3071	256	3583	2837	323	3375
3327	256	3583	3060	324	3372
3583	256	3583	3277	324	3373
3839	256	3583	3485	325	3369
4095	256	3583	3705	326	3365
0	512	3583	212	562	3393
256	512	3583	444	564	3396
512	512	3583	668	565	3389
768	512	3583	886	564	3385
1024	512	3583	1106	565	3387
1280	512	3583	1331	568	3386
1536	512	3583	1544	567	3384
1792	512	3583	1761	569	3385
2048	512	3583	1978	570	3386
2303	512	3583	2209	572	3386
2559	512	3583	2439	572	3383
2815	512	3583	2652	573	3383
3071	512	3583	2863	573	3377
3327	512	3583	3089	574	3378
3583	512	3583	3307	575	3378
3839	512	3583	3510	575	3374
4095	512	3583	3736	576	3374
0	768	3583	238	810	3394
256	768	3583	468	812	3395
512	768	3583	694	814	3397
768	768	3583	913	813	3391
1024	768	3583	1130	814	3391
1280	768	3583	1353	815	3387
1536	768	3583	1568	816	3390
1792	768	3583	1787	817	3391
2048	768	3583	2002	818	3388
2303	768	3583	2234	818	3384
2559	768	3583	2461	820	3387
2815	768	3583	2674	819	3380
3071	768	3583	2887	819	3381
3327	768	3583	3118	822	3381
3583	768	3583	3329	822	3378
3839	768	3583	3538	822	3378
4095	768	3583	3767	824	3378
0	1024	3583	263	1061	3395
256	1024	3583	494	1065	3399
512	1024	3583	718	1068	3402
768	1024	3583	938	1068	3397
1024	1024	3583	1158	1068	3394
1280	1024	3583	1378	1069	3395
1536	1024	3583	1596	1070	3397
1792	1024	3583	1814	1072	3395
2048	1024	3583	2024	1069	3388
2303	1024	3583	2265	1073	3395
2559	1024	3583	2488	1073	3391
2815	1024	3583	2696	1071	3387
3071	1024	3583	2914	1072	3388
3327	1024	3583	3142	1073	3382
3583	1024	3583	3351	1073	3382
3839	1024	3583	3563	1074	3382
4095	1024	3583	3797	1077	3386
0	1280	3583	289	1314	3407
256	1280	3583	519	1317	3409
512	1280	3583	742	1317	3404
768	1280	3583	961	1316	3399
1024	1280	3583	1182	1316	3397
1280	1280	3583	1404	1318	3400
1536	1280	3583	1622	1320	3397
1792	1280	3583	1837	1320	3398
2048	1280	3583	2054	1322	3398
2303	1280	3583	2296	1324	3398
2559	1280	3583	2519	1326	3401
2815	1280	3583	2731	1326	3398
3071	1280	3583	2949	1325	3393
3327	1280	3583	3171	1324	3392
3583	1280	3583	3382	1324	3387
3839	1280	3583	3591	1325	3390
4095	1280	3583	3829	1327	3389
0	1536	3583	315	1560	3411
256	1536	3583	546	1564	3413
512	1536	3583	769	1565	3414
768	1536	3583	986	1561	3401
1024	1536	3583	1207	1561	3401
1280	1536	3583	1429	1562	3402
1536	1536	3583	1648	1564	3402
1792	1536	3583	1864	1566	3402
2048	1536	3583	2080	1566	3399
2303	1536	3583	2320	1564	3396
2559	1536	3583	2539	1566	3396
2815	1536	3583	2749	1566	3394
3071	1536	3583	2972	1566	3396
3327	1536	3583	3196	1567	3390
3583	1536	3583	3405	1566	3389
3839	1536	3583	3617	1567	3387
4095	1536	3583	3848	1566	3386
0	1792	3583	340	1803	3413
256	1792	3583	571	1807	3415
512	1792	3583	793	1809	3411
768	1792	3583	1010	1806	3405
1024	1792	3583	1234	1807	3405
1280	1792	3583	1453	1806	3403
1536	1792	3583	1672	1808	3406
1792	1792	3583	1892	1812	3409
2048	1792	3583	2113	1815	3404
2303	1792	3583	2351	1812	3404
2559	1792	3583	2563	1810	3400
2815	1792	3583	2776	1812	3400
3071	1792	3583	2998	1812	3395
3327	1792	3583	3217	1809	3393
3583	1792	3583	3430	1810	3395
3839	1792	3583	3647	1813	3392
4095	1792	3583	3877	1813	3392
0	2048	3583	366	2051	3414
256	2048	3583	595	2053	3407
512	2048	3583	816	2048	3411
768	2048	3583	1036	2052	3407
1024	2048	3583	1258	2050	3404
1280	2048	3583	1478	2052	3406
1536	2048	3583	1695	2053	3405
1792	2048	3583	1913	2055	3406
2048	2048	3583	2139	2058	3409
2303	2048	3583	2381	2062	3404
2559	2048	3583	2590	2057	3403
2815	2048	3583	2802	2058	3402
3071	2048	3583	3025	2056	3397
3327	2048	3583	3245	2057	3398
3583	2048	3583	3458	2058	3395
3839	2048	3583	3674	2057	3394
4095	2048	3583	3900	2057	3392
0	2303	3583	390	2325	3411
256	2303	3583	618	2329	3413
512	2303	3583	840	2330	3403
768	2303	3583	1057	2323	3404
1024	2303	3583	1282	2329	3408
1280	2303	3583	1499	2326	3404
1536	2303	3583	1718	2328	3407
1792	2303	3583	1934	2330	3401
2048	2303	3583	2159	2330	3407
2303	2303	3583	2398	2334	3404
2559	2303	3583	2612	2332	3402
2815	2303	3583	2823	2333	3402
3071	2303	3583	3050	2333	3398
3327	2303	3583	3265	2331	3394
3583	2303	3583	3474	2330	3395
3839	2303	3583	3696	2332	3394
4095	2303	3583	3921	2333	3391
0	2559	3583	417	2564	3411
256	2559	3583	644	2565	3413
512	2559	3583	863	2563	3413
768	2559	3583	1084	2564	3405
1024	2559	3583	1308	2565	3405
1280	2559	3583	1528	2569	3413
1536	2559	3583	1740	2563	3402
1792	2559	3583	1957	2564	3409
2048	2559	3583	2188	2568	3408
2303	2559	3583	2420	2567	3404
2559	2559	3583	2632	2565	3402
2815	2559	3583	2846	2566	3397
3071	2559	3583	3070	2563	3396
3327	2559	3583	3290	2567	3400
3583	2559	3583	3504	2570	3400
3839	2559	3583	3723	2567	3392
4095	2559	3583	3941	2566	3395
0	2815	3583	441	2811	3415
256	2815	3583	668	2813	3418
512	2815	3583	889	2810	3410
768	2815	3583	1107	2809	3411
1024	2815	3583	1332	2814	3411
1280	2815	3583	1548	2809	3409
1536	2815	3583	1768	2816	3415
1792	2815	3583	1983	2815	3404
2048	2815	3583	2217	2816	3411
2303	2815	3583	2448	2817	3410
2559	2815	3583	2659	2815	3403
2815	2815	3583	2873	2815	3405
3071	2815	3583	3103	2814	3402
3327	2815	3583	3317	2816	3403
3583	2815	3583	3524	2813	3396
3839	2815	3583	3751	2813	3399
4095	2815	3583	3970	2816	3398
0	3071	3583	468	3064	3416
256	3071	3583	694	3066	3420
512	3071	3583	914	3067	3416
768	3071	3583	1134	3068	3411
1024	3071	3583	1356	3067	3415
1280	3071	3583	1573	3066	3408
1536	3071	3583	1791	3068	3408
1792	3071	3583	2005	3067	3414
2048	3071	3583	2243	3070	3411
2303	3071	3583	2472	3073	3415
2559	3071	3583	2686	3072	3409
2815	3071	3583	2899	3069	3408
3071	3071	3583	3125	3066	3404
3327	3071	3583	3335	3063	3402
3583	3071	3583	3547	3066	3403
3839	3071	3583	3776	3067	3398
4095	3071	3583	3988	3065	3400
0	3327	3583	493	3315	3417
256	3327	3583	717	3318	3420
512	3327	3583	937	3314	3417
768	3327	3583	1156	3312	3416
1024	3327	3583	1380	3315	3415
1280	3327	3583	1598	3315	3413
1536	3327	3583	1813	3313	3412
1792	3327	3583	2030	3316	3413
2048	3327	3583	2269	3317	3411
2303	3327	3583	2494	3319	3415
2559	3327	3583	2710	3320	3415
2815	3327	3583	2928	3320	3408
3071	3327	3583	3152	3318	3405
3327	3327	3583	3361	3312	3398
3583	3327	3583	3570	3312	3398
3839	3327	3583	3797	3311	3399
4095	3327	3583	4011	3312	3399
0	3583	3583	518	3558	3419
256	3583	3583	740	3555	3422
512	3583	3583	961	3558	3423
768	3583	3583	1183	3557	3415
1024	3583	3583	1402	3554	3414
1280	3583	3583	1622	3555	3414
1536	3583	3583	1841	3561	3413
1792	3583	3583	2057	3561	3413
2048	3583	3583	2298	3562	3415
2303	3583	3583	2518	3560	3413
2559	3583	3583	2731	3560	3416
2815	3583	3583	2952	3560	3413
3071	3583	3583	3174	3558	3411
3327	3583	3583	3386	3556	3404
3583	3583	3583	3600	3560	3404
3839	3583	3583	3830	3556	3402
4095	3583	3583	4037	3556	3399
0	3839	3583	544	3815	3425
256	3839	3583	765	3808	3422
512	3839	3583	985	3808	3419
768	3839	3583	1207	3808	3421
1024	3839	3583	1429	3809	3416
1280	3839	3583	1646	3810	3416
1536	3839	3583	1864	3811	3420
1792	3839	3583	2085	3816	3421
2048	3839	3583	2323	3810	3419
2303	3839	3583	2542	3813	3419
2559	3839	3583	2757	3814	3415
2815	3839	3583	2977	3813	3416
3071	3839	3583	3199	3811	3411
3327	3839	3583	3412	3810	3408
3583	3839	3583	3618	3803	3407
3839	3839	3583	3848	3800	3406
4095	3839	3583	4059	3806	3403
0	4095	3583	568	4058	3428
256	4095	3583	792	4062	3429
512	4095	3583	1013	4064	3422
768	4095	3583	1233	4058	3420
1024	4095	3583	1452	4055	3418
1280	4095	3583	1671	4058	3419
1536	4095	3583	1888	4059	3419
1792	4095	3583	2107	4055	3420
2048	4095	3583	2351	4058	3414
2303	4095	3583	2567	4063	3416
2559	4095	3583	2776	4058	3416
2815	4095	3583	3001	4057	3416
3071	4095	3583	3219	4054	3411
3327	4095	3583	3431	4052	3409
3583	4095	3583	3650	4056	3404
3839	4095	3583	3879	4055	3402
4095	4095	3583	4081	4053	3400
0	0	3839	176	60	3623
256	0	3839	407	61	3623
512	0	3839	634	62	3626
768	0	3839	855	63	3623
1024	0	3839	1072	64	3619
1280	0	3839	1294	65	3618
1536	0	3839	1511	66	3617
1792	0	3839	1728	67	3619
2048	0	3839	1945	68	3619
2303	0	3839	2170	69	3617
2559	0	3839	2402	70	3612
2815	0	3839	2611	71	3608
3071	0	3839	2820	72	3606
3327	0	3839	3050	73	3606
3583	0	3839	3265	74	3604
3839	0	3839	3475	75	3602
4095	0	3839	3695	76	3600
0	256	3839	199	313	3624
256	256	3839	431	316	3628
512	256	3839	656	317	3625
768	256	3839	876	318	3621
1024	256	3839	1095	319	3618
1280	256	3839	1317	321	3619
1536	256	3839	1534	321	3620
1792	256	3839	1750	323	3620
2048	256	3839	1965	324	3619
2303	256	3839	2195	324	3620
2559	256	3839	2427	326	3620
2815	256	3839	2638	327	3615
3071	256	3839	2847	327	3611
3327	256	3839	3076	327	3611
3583	256	3839	3287	328	3606
3839	256	3839	3492	329	3600
4095	256	3839	3719	331	3602
0	512	3839	224	566	3628
256	512	3839	456	569	3633
512	512	3839	681	569	3631
768	512	3839	900	570	3625
1024	512	3839	1119	570	3624
1280	512	3839	1341	572	3625
1536	512	3839	1559	573	3625
1792	512	3839	1775	573	3622
2048	512	3839	1991	575	3623
2303	512	3839	2224	576	3624
2559	512	3839	2454	577	3624
2815	512	3839	2666	578	3621
3071	512	3839	2876	578	3616
3327	512	3839	3106	579	3615
3583	512	3839	3319	579	3616
3839	512	3839	3522	579	3609
4095	512	3839	3753	581	3612
0	768	3839	251	814	3630
256	768	3839	481	817	3634
512	768	3839	706	819	3635
768	768	3839	925	818	3630
1024	768	3839	1144	819	3628
1280	768	3839	1367	821	3629
1536	768	3839	1583	822	3619
1792	768	3839	1795	819	3621
2048	768	3839	2015	822	3625
2303	768	3839	2250	824	3625
2559	768	3839	2477	825	3628
2815	768	3839	2689	825	3620
3071	768	3839	2902	825	3619
3327	768	3839	3130	826	3619
3583	768	3839	3345	827	3616
3839	768	3839	3553	827	3616
4095	768	3839	3782	829	3614
0	1024	3839	276	1066	3630
256	1024	3839	506	1069	3633
512	1024	3839	730	1072	3638
768	1024	3839	949	1072	3631
1024	1024	3839	1171	1073	3634
1280	1024	3839	1391	1074	3628
1536	1024	3839	1606	1073	3630
1792	1024	3839	1825	1075	3630
2048	1024	3839	2039	1075	3628
2303	1024	3839	2280	1078	3632
2559	1024	3839	2500	1078	3626
2815	1024	3839	2710	1077	3624
3071	1024	3839	2929	1078	3622
3327	1024	3839	3153	1078	3617
3583	1024	3839	3362	1077	3620
3839	1024	3839	3579	1080	3620
4095	1024	3839	3809	1081	3620
0	1280	3839	301	1317	3639
256	1280	3839	531	1319	3642
512	1280	3839	754	1320	3637
768	1280	3839	972	1321	3635
1024	1280	3839	1195	1321	3635
1280	1280	3839	1416	1323	3633
1536	1280	3839	1632	1324	3636
1792	1280	3839	1850	1325	3631
2048	1280	3839	2065	1325	3633
2303	1280	3839	2309	1328	3636
2559	1280	3839	2527	1328	3632
2815	1280	3839	2736	1327	3628
3071	1280	3839	2956	1326	3627
3327	1280	3839	3181	1328	3627
3583	1280	3839	3394	1329	3627
3839	1280	3839	3606	1329	3625
4095	1280	3839	3840	1330	3623
0	1536	3839	327	1564	3649
256	1536	3839	558	1569	3644
512	1536	3839	779	1565	3642
768	1536	3839	999	1566	3641
1024	1536	3839	1219	1564	3637
1280	1536	3839	1441	1566	3640
1536	1536	3839	1659	1568	3635
1792	1536	3839	1873	1567	3637
2048	1536	3839	2093	1570	3638
2303	1536	3839	2335	1570	3635
2559	1536	3839	2553	1571	3636
2815	1536	3839	2761	1570	3629
3071	1536	3839	2983	1569	3628
3327	1536	3839	3208	1571	3630
3583	1536	3839	3420	1572	3628
3839	1536	3839	3630	1571	3624
4095	1536	3839	3860	1570	3628
0	1792	3839	352	1809	3648
256	1792	3839	582	1812	3646
512	1792	3839	804	1811	3646
768	1792	3839	1024	1813	3646
1024	1792	3839	1246	1812	3641
1280	1792	3839	1465	1811	3641
1536	1792	3839	1683	1812	3639
1792	1792	3839	1901	1814	3644
2048	1792	3839	2125	1818	3639
2303	1792	3839	2362	1816	3643
2559	1792	3839	2579	1818	3642
2815	1792	3839	2785	1814	3634
3071	1792	3839	3007	1814	3631
3327	1792	3839	3232	1815	3636
3583	1792	3839	3447	1818	3631
3839	1792	3839	3661	1818	3628
4095	1792	3839	3890	1818	3633
0	2048	3839	377	2053	3649
256	2048	3839	607	2056	3649
512	2048	3839	829	2056	3647
768	2048	3839	1047	2056	3644
1024	2048	3839	1271	2056	3643
1280	2048	3839	1490	2058	3642
1536	2048	3839	1707	2058	3641
1792	2048	3839	1924	2058	3640
2048	2048	3839	2150	2061	3647
2303	2048	3839	2392	2066	3645
2559	2048	3839	2605	2064	3639
2815	2048	3839	2814	2064	3639
3071	2048	3839	3041	2064	3636
3327	2048	3839	3258	2062	3634
3583	2048	3839	3468	2062	3631
3839	2048	3839	3688	2063	3636
4095	2048	3839	3917	2066	3627
0	2303	3839	403	2332	3648
256	2303	3839	630	2334	3648
512	2303	3839	852	2333	3644
768	2303	3839	1070	2330	3649
1024	2303	3839	1295	2335	3647
1280	2303	3839	1511	2331	3641
1536	2303	3839	1730	2333	3645
1792	2303	3839	1947	2336	3645
2048	2303	3839	2176	2338	3645
2303	2303	3839	2411	2339	3640
2559	2303	3839	2623	2336	3639
2815	2303	3839	2834	2337	3637
3071	2303	3839	3059	2334	3632
3327	2303	3839	3278	2337	3635
3583	2303	3839	3491	2338	3635
3839	2303	3839	3712	2339	3630
4095	2303	3839	3933	2337	3629
0	2559	3839	428	2563	3645
256	2559	3839	655	2567	3652
512	2559	3839	877	2571	3653
768	2559	3839	1098	2573	3648
1024	2559	3839	1322	2571	3649
1280	2559	3839	1539	2573	3648
1536	2559	3839	1756	2573	3648
1792	2559	3839	1972	2571	3645
2048	2559	3839	2200	2571	3643
2303	2559	3839	2432	2572	3644
2559	2559	3839	2647	2573	3639
2815	2559	3839	2857	2569	3638
3071	2559	3839	3087	2571	3637
3327	2559	3839	3306	2574	3638
3583	2559	3839	3515	2572	3633
3839	2559	3839	3735	2571	3631
4095	2559	3839	3957	2573	3634
0	2815	3839	453	2816	3647
256	2815	3839	680	2819	3650
512	2815	3839	901	2818	3651
768	2815	3839	1120	2816	3652
1024	2815	3839	1345	2819	3650
1280	2815	3839	1562	2818	3649
1536	2815	3839	1780	2821	3651
1792	2815	3839	1994	2818	3648
2048	2815	3839	2229	2819	3649
2303	2815	3839	2460	2822	3650
2559	2815	3839	2673	2822	3644
2815	2815	3839	2886	2819	3642
3071	2815	3839	3115	2819	3635
3327	2815	3839	3326	2817	3634
3583	2815	3839	3533	2815	3632
3839	2815	3839	3761	2816	3633
4095	2815	3839	3977	2817	3631
0	3071	3839	478	3062	3651
256	3071	3839	702	3065	3654
512	3071	3839	923	3067	3653
768	3071	3839	1144	3069	3649
1024	3071	3839	1367	3071	3653
1280	3071	3839	1584	3069	3648
1536	3071	3839	1804	3073	3649
1792	3071	3839	2021	3077	3652
2048	3071	3839	2260	3078	3649
2303	3071	3839	2484	3076	3650
2559	3071	3839	2696	3074	3649
2815	3071	3839	2912	3074	3645
3071	3071	3839	3136	3069	3640
3327	3071	3839	3347	3067	3639
3583	3071	3839	3560	3071	3637
3839	3071	3839	3787	3069	3633
4095	3071	3839	3999	3070	3632
0	3327	3839	505	3324	3651
256	3327	3839	729	3323	3651
512	3327	3839	949	3320	3651
768	3327	3839	1169	3319	3651
1024	3327	3839	1392	3319	3652
1280	3327	3839	1609	3320	3648
1536	3327	3839	1828	3322	3652
1792	3327	3839	2045	3326	3653
2048	3327	3839	2283	3323	3653
2303	3327	3839	2507	3324	3655
2559	3327	3839	2719	3323	3647
2815	3327	3839	2937	3321	3646
3071	3327	3839	3166	3323	3641
3327	3327	3839	3378	3322	3637
3583	3327	3839	3583	3318	3635
3839	3327	3839	3815	3320	3638
4095	3327	3839	4028	3321	3634
0	3583	3839	529	3560	3658
256	3583	3839	753	3563	3663
512	3583	3839	974	3565	3660
768	3583	3839	1196	3563	3655
1024	3583	3839	1415	3560	3652
1280	3583	3839	1634	3561	3652
1536	3583	3839	1854	3567	3655
1792	3583	3839	2067	3563	3653
2048	3583	3839	2309	3562	3654
2303	3583	3839	2529	3562	3650
2559	3583	3839	2740	3561	3651
2815	3583	3839	2962	3561	3644
3071	3583	3839	3185	3560	3647
3327	3583	3839	3394	3556	3643
3583	3583	3839	3608	3559	3639
3839	3583	3839	3844	3562	3640
4095	3583	3839	4045	3557	3638
0	3839	3839	555	3816	3659
256	3839	3839	778	3815	3658
512	3839	3839	996	3812	3659
768	3839	3839	1219	3813	3659
1024	3839	3839	1441	3815	3655
1280	3839	3839	1658	3814	3653
1536	3839	3839	1873	3810	3657
1792	3839	3839	2094	3815	3653
2048	3839	3839	2337	3818	3653
2303	3839	3839	2558	3822	3654
2559	3839	3839	2767	3818	3651
2815	3839	3839	2989	3817	3648
3071	3839	3839	3212	3817	3648
3327	3839	3839	3423	3813	3641
3583	3839	3839	3636	3813	3643
3839	3839	3839	3864	3808	3641
4095	3839	3839	4070	3811	3641
0	4095	3839	581	4066	3664
256	4095	3839	805	4071	3665
512	4095	3839	1024	4068	3662
768	4095	3839	1247	4068	3658
1024	4095	3839	1467	4066	3657
1280	4095	3839	1685	4066	3657
1536	4095	3839	1903	4068	3654
1792	4095	3839	2127	4073	3658
2048	4095	3839	2368	4073	3659
2303	4095	3839	2580	4070	3657
2559	4095	3839	2792	4067	3659
2815	4095	3839	3017	4066	3653
3071	4095	3839	3235	4063	3651
3327	4095	3839	3447	4062	3647
3583	4095	3839	3665	4063	3646
3839	4095	3839	3892	4060	3639
4095	4095	3839	4095	4060	3639
0	0	4095	188	64	3865
256	0	4095	419	65	3865
512	0	4095	646	66	3868
768	0	4095	867	67	3861
1024	0	4095	1083	69	3859
1280	0	4095	1307	69	3859
1536	0	4095	1524	70	3858
1792	0	4095	1740	72	3860
2048	0	4095	1957	73	3860
2303	0	4095	2184	73	3856
2559	0	4095	2415	75	3854
2815	0	4095	2627	76	3852
3071	0	4095	2839	76	3852
3327	0	4095	3072	77	3852
3583	0	4095	3284	78	3848
3839	0	4095	3493	80	3846
4095	0	4095	3712	80	3842
0	256	4095	211	318	3864
256	256	4095	443	319	3865
512	256	4095	668	322	3867
768	256	4095	889	323	3865
1024	256	4095	1108	324	3862
1280	256	4095	1331	325	3864
1536	256	4095	1547	326	3862
1792	256	4095	1765	328	3864
2048	256	4095	1978	328	3860
2303	256	4095	2210	329	3862
2559	256	4095	2441	330	3860
2815	256	4095	2650	331	3852
3071	256	4095	2861	331	3850
3327	256	4095	3093	332	3852
3583	256	4095	3304	333	3849
3839	256	4095	3515	335	3849
4095	256	4095	3740	336	3846
0	512	4095	236	570	3868
256	512	4095	468	573	3872
512	512	4095	693	574	3871
768	512	4095	912	575	3866
1024	512	4095	1132	576	3867
1280	512	4095	1355	577	3862
1536	512	4095	1571	577	3868
1792	512	4095	1789	579	3863
2048	512	4095	2003	580	3864
2303	512	4095	2239	581	3866
2559	512	4095	2466	581	3861
2815	512	4095	2675	581	3858
3071	512	4095	2889	582	3856
3327	512	4095	3122	583	3857
3583	512	4095	3335	584	3856
3839	512	4095	3543	585	3854
4095	512	4095	3770	586	3852
0	768	4095	263	819	3872
256	768	4095	493	822	3875
512	768	4095	717	822	3871
768	768	4095	936	823	3870
1024	768	4095	1156	824	3863
1280	768	4095	1377	824	3867
1536	768	4095	1595	825	3859
1792	768	4095	1807	824	3861
2048	768	4095	2029	828	3870
2303	768	4095	2265	829	3865
2559	768	4095	2489	829	3865
2815	768	4095	2701	830	3861
3071	768	4095	2916	830	3862
3327	768	4095	3145	832	3860
3583	768	4095	3358	832	3857
3839	768	4095	3565	832	3855
4095	768	4095	3793	833	3853
0	1024	4095	288	1071	3873
256	1024	4095	518	1074	3874
512	1024	4095	742	1077	3879
768	1024	4095	960	1076	3871
1024	1024	4095	1182	1077	3872
1280	1024	4095	1403	1079	3869
1536	1024	4095	1619	1079	3870
1792	1024	4095	1839	1081	3878
2048	1024	4095	2057	1084	3875
2303	1024	4095	2292	1082	3870
2559	1024	4095	2514	1083	3869
2815	1024	4095	2726	1083	3867
3071	1024	4095	2946	1084	3865
3327	1024	4095	3171	1085	3864
3583	1024	4095	3383	1085	3860
3839	1024	4095	3593	1085	3863
4095	1024	4095	3824	1086	3860
0	1280	4095	312	1322	3879
256	1280	4095	543	1324	3879
512	1280	4095	767	1327	3882
768	1280	4095	984	1325	3873
1024	1280	4095	1207	1326	3875
1280	1280	4095	1428	1327	3870
1536	1280	4095	1644	1328	3877
1792	1280	4095	1864	1331	3872
2048	1280	4095	2080	1331	3876
2303	1280	4095	2322	1332	3876
2559	1280	4095	2540	1332	3874
2815	1280	4095	2749	1331	3868
3071	1280	4095	2969	1331	3867
3327	1280	4095	3193	1331	3864
3583	1280	4095	3405	1332	3864
3839	1280	4095	3620	1333	3862
4095	1280	4095	3851	1333	3859
0	1536	4095	339	1568	3887
256	1536	4095	569	1571	3887
512	1536	4095	791	1571	3883
768	1536	4095	1011	1572	3883
1024	1536	4095	1231	1568	3875
1280	1536	4095	1452	1571	3880
1536	1536	4095	1670	1572	3873
1792	1536	4095	1883	1570	3874
2048	1536	4095	2107	1574	3877
2303	1536	4095	2349	1576	3877
2559	1536	4095	2565	1577	3876
2815	1536	4095	2773	1575	3869
3071	1536	4095	2996	1574	3867
3327	1536	4095	3217	1575	3865
3583	1536	4095	3429	1575	3867
3839	1536	4095	3643	1576	3862
4095	1536	4095	3869	1574	3863
0	1792	4095	364	1815	3892
256	1792	4095	594	1818	3888
512	1792	4095	815	1816	3889
768	1792	4095	1036	1819	3888
1024	1792	4095	1258	1817	3881
1280	1792	4095	1479	1818	3883
1536	1792	4095	1695	1818	3877
1792	1792	4095	1912	1818	3882
2048	1792	4095	2138	1821	3884
2303	1792	4095	2377	1824	3882
2559	1792	4095	2589	1821	3880
2815	1792	4095	2798	1820	3876
3071	1792	4095	3019	1817	3869
3327	1792	4095	3243	1820	3874
3583	1792	4095	3460	1823	3871
3839	1792	4095	3675	1823	3867
4095	1792	4095	3903	1822	3872
0	2048	4095	389	2060	3891
256	2048	4095	618	2062	3890
512	2048	4095	841	2063	3886
768	2048	4095	1059	2062	3884
1024	2048	4095	1281	2061	3882
1280	2048	4095	1500	2059	3879
1536	2048	4095	1718	2061	3880
1792	2048	4095	1936	2064	3881
2048	2048	4095	2163	2067	3886
2303	2048	4095	2403	2070	3883
2559	2048	4095	2616	2070	3881
2815	2048	4095	2828	2070	3879
3071	2048	4095	3053	2068	3875
3327	2048	4095	3269	2067	3872
3583	2048	4095	3478	2066	3869
3839	2048	4095	3699	2068	3873
4095	2048	4095	3928	2070	3868
0	2303	4095	414	2336	3888
256	2303	4095	641	2338	3888
512	2303	4095	862	2336	3885
768	2303	4095	1081	2334	3885
1024	2303	4095	1306	2337	3883
1280	2303	4095	1524	2338	3883
1536	2303	4095	1741	2338	3883
1792	2303	4095	1958	2340	3883
2048	2303	4095	2188	2342	3883
2303	2303	4095	2422	2343	3880
2559	2303	4095	2635	2342	3876
2815	2303	4095	2843	2340	3875
3071	2303	4095	3075	2341	3874
3327	2303	4095	3289	2341	3871
3583	2303	4095	3503	2343	3875
3839	2303	4095	3727	2344	3871
4095	2303	4095	3945	2343	3866
0	2559	4095	440	2572	3895
256	2559	4095	668	2577	3896
512	2559	4095	889	2578	3889
768	2559	4095	1108	2575	3887
1024	2559	4095	1331	2572	3892
1280	2559	4095	1549	2578	3889
1536	2559	4095	1766	2576	3884
1792	2559	4095	1983	2576	3884
2048	2559	4095	2214	2577	3884
2303	2559	4095	2445	2578	3883
2559	2559	4095	2659	2577	3881
2815	2559	4095	2872	2577	3877
3071	2559	4095	3098	2575	3874
3327	2559	4095	3318	2579	3877
3583	2559	4095	3528	2579	3874
3839	2559	4095	3749	2577	3869
4095	2559	4095	3968	2578	3872
0	2815	4095	466	2824	3889
256	2815	4095	691	2822	3894
512	2815	4095	912	2822	3892
768	2815	4095	1132	2824	3896
1024	2815	4095	1357	2827	3887
1280	2815	4095	1573	2822	3886
1536	2815	4095	1789	2822	3887
1792	2815	4095	2006	2823	3887
2048	2815	4095	2243	2826	3889
2303	2815	4095	2471	2827	3886
2559	2815	4095	2685	2828	3885
2815	2815	4095	2901	2826	3879
3071	2815	4095	3126	2823	3875
3327	2815	4095	3340	2824	3874
3583	2815	4095	3548	2823	3872
3839	2815	4095	3775	2822	3871
4095	2815	4095	3987	2821	3867
0	3071	4095	490	3069	3894
256	3071	4095	714	3072	3896
512	3071	4095	935	3075	3891
768	3071	4095	1156	3076	3894
1024	3071	4095	1377	3073	3894
1280	3071	4095	1595	3074	3887
1536	3071	4095	1815	3079	3889
1792	3071	4095	2031	3079	3887
2048	3071	4095	2268	3078	3888
2303	3071	4095	2491	3077	3889
2559	3071	4095	2705	3076	3881
2815	3071	4095	2922	3075	3875
3071	3071	4095	3145	3072	3875
3327	3071	4095	3358	3071	3876
3583	3071	4095	3572	3077	3875
3839	3071	4095	3799	3075	3870
4095	3071	4095	4008	3073	3866
0	3327	4095	514	3321	3889
256	3327	4095	739	3324	3891
512	3327	4095	958	3323	3891
768	3327	4095	1179	3321	3892
1024	3327	4095	1401	3320	3887
1280	3327	4095	1619	3322	3887
1536	3327	4095	1835	3321	3889
1792	3327	4095	2054	3327	3891
2048	3327	4095	2293	3325	3889
2303	3327	4095	2518	3329	3889
2559	3327	4095	2729	3326	3884
2815	3327	4095	2948	3324	3882
3071	3327	4095	3175	3327	3878
3327	3327	4095	3384	3323	3873
3583	3327	4095	3593	3323	3872
3839	3327	4095	3820	3318	3873
4095	3327	4095	4032	3320	3871
0	3583	4095	540	3560	3894
256	3583	4095	762	3561	3894
512	3583	4095	983	3565	3896
768	3583	4095	1206	3565	3892
1024	3583	4095	1425	3562	3887
1280	3583	4095	1642	3561	3888
1536	3583	4095	1862	3568	3888
1792	3583	4095	2078	3567	3891
2048	3583	4095	2323	3569	3891
2303	3583	4095	2540	3566	3888
2559	3583	4095	2751	3565	3891
2815	3583	4095	2971	3563	3881
3071	3583	4095	3194	3561	3885
3327	3583	4095	3408	3563	3880
3583	3583	4095	3623	3566	3879
3839	3583	4095	3854	3564	3877
4095	3583	4095	4057	3562	3871
0	3839	4095	566	3821	3897
256	3839	4095	788	3816	3894
512	3839	4095	1008	3818	3894
768	3839	4095	1230	3816	3895
1024	3839	4095	1450	3815	3892
1280	3839	4095	1667	3815	3888
1536	3839	4095	1885	3817	3894
1792	3839	4095	2107	3821	3894
2048	3839	4095	2352	3827	3895
2303	3839	4095	2565	3823	3894
2559	3839	4095	2778	3823	3890
2815	3839	4095	2999	3820	3887
3071	3839	4095	3221	3819	3881
3327	3839	4095	3434	3819	3882
3583	3839	4095	3646	3816	3882
3839	3839	4095	3874	3813	3877
4095	3839	4095	4086	3820	3879
0	4095	4095	591	4071	3904
256	4095	4095	814	4070	3899
512	4095	4095	1036	4075	3901
768	4095	4095	1258	4073	3899
1024	4095	4095	1478	4072	3894
1280	4095	4095	1697	4074	3895
1536	4095	4095	1914	4074	3894
1792	4095	4095	2136	4073	3896
2048	4095	4095	2377	4075	3899
2303	4095	4095	2590	4073	3898
2559	4095	4095	2800	4068	3893
2815	4095	4095	3027	4068	3892
3071	4095	4095	3249	4072	3888
3327	4095	4095	3460	4069	3887
3583	4095	4095	3674	4065	3882
3839	4095	4095	3900	4065	3883
4095	4095	4095	4088	4061	3907
