0	0	0	0	0	0
256	0	0	225	1	0
512	0	0	445	2	0
768	0	0	659	3	0
1024	0	0	869	4	0
1280	0	0	1082	5	0
1536	0	0	1297	5	0
1792	0	0	1499	7	0
2048	0	0	1709	7	0
2303	0	0	1918	8	0
2559	0	0	2145	10	0
2815	0	0	2361	10	0
3071	0	0	2566	11	0
3327	0	0	2775	11	0
3583	0	0	2985	12	0
3839	0	0	3191	13	0
4095	0	0	3404	14	0
0	256	0	25	250	1
256	256	0	248	252	1
512	256	0	469	254	1
768	256	0	685	255	1
1024	256	0	895	257	1
1280	256	0	1107	256	1
1536	256	0	1320	257	1
1792	256	0	1525	257	1
2048	256	0	1736	258	1
2303	256	0	1947	259	1
2559	256	0	2179	261	1
2815	256	0	2390	262	1
3071	256	0	2595	261	1
3327	256	0	2803	261	0
3583	256	0	3012	261	0
3839	256	0	3222	261	0
4095	256	0	3440	263	0
0	512	0	50	499	3
256	512	0	274	500	3
512	512	0	495	500	3
768	512	0	708	501	3
1024	512	0	916	500	2
1280	512	0	1132	501	2
1536	512	0	1346	501	2
1792	512	0	1553	502	2
2048	512	0	1765	503	2
2303	512	0	1973	502	2
2559	512	0	2203	504	2
2815	512	0	2407	503	2
3071	512	0	2618	503	2
3327	512	0	2829	503	2
3583	512	0	3036	502	2
3839	512	0	3251	503	2
4095	512	0	3459	502	2
0	768	0	76	749	4
256	768	0	299	751	4
512	768	0	521	751	4
768	768	0	734	751	4
1024	768	0	941	751	4
1280	768	0	1160	752	4
1536	768	0	1369	750	4
1792	768	0	1574	748	4
2048	768	0	1786	749	4
2303	768	0	2002	752	3
2559	768	0	2231	751	3
2815	768	0	2433	751	3
3071	768	0	2642	749	3
3327	768	0	2852	749	3
3583	768	0	3066	751	3
3839	768	0	3282	751	3
4095	768	0	3493	751	3
0	1024	0	101	996	5
256	1024	0	324	996	5
512	1024	0	545	995	5
768	1024	0	757	996	5
1024	1024	0	968	999	5
1280	1024	0	1186	997	5
1536	1024	0	1394	995	5
1792	1024	0	1602	994	5
2048	1024	0	1813	995	5
2303	1024	0	2027	995	5
2559	1024	0	2255	995	5
2815	1024	0	2463	998	5
3071	1024	0	2674	996	5
3327	1024	0	2881	994	5
3583	1024	0	3092	993	5
3839	1024	0	3307	993	4
4095	1024	0	3521	993	4
0	1280	0	126	1249	7
256	1280	0	349	1249	7
512	1280	0	570	1249	8
768	1280	0	782	1249	7
1024	1280	0	990	1248	7
1280	1280	0	1213	1249	7
1536	1280	0	1419	1245	6
1792	1280	0	1626	1244	6
2048	1280	0	1836	1244	6
2303	1280	0	2054	1245	6
2559	1280	0	2282	1246	6
2815	1280	0	2485	1247	6
3071	1280	0	2698	1244	6
3327	1280	0	2909	1244	6
3583	1280	0	3119	1242	6
3839	1280	0	3333	1241	6
4095	1280	0	3546	1241	6
0	1536	0	152	1493	8
256	1536	0	375	1493	8
512	1536	0	594	1493	8
768	1536	0	807	1492	8
1024	1536	0	1018	1495	8
1280	1536	0	1239	1490	8
1536	1536	0	1445	1489	8
1792	1536	0	1654	1488	8
2048	1536	0	1867	1489	8
2303	1536	0	2087	1489	8
2559	1536	0	2310	1490	8
2815	1536	0	2516	1491	7
3071	1536	0	2730	1488	7
3327	1536	0	2942	1488	7
3583	1536	0	3151	1485	7
3839	1536	0	3368	1485	7
4095	1536	0	3580	1485	7
0	1792	0	178	1742	11
256	1792	0	401	1741	11
512	1792	0	620	1739	9
768	1792	0	832	1738	9
1024	1792	0	1044	1738	9
1280	1792	0	1268	1737	9
1536	1792	0	1472	1735	9
1792	1792	0	1684	1736	9
2048	1792	0	1898	1736	9
2303	1792	0	2119	1736	9
2559	1792	0	2338	1735	9
2815	1792	0	2544	1735	9
3071	1792	0	2762	1734	9
3327	1792	0	2966	1728	9
3583	1792	0	3182	1729	9
3839	1792	0	3402	1731	9
4095	1792	0	3614	1730	8
0	2048	0	204	1989	12
256	2048	0	428	1986	12
512	2048	0	647	1985	12
768	2048	0	858	1983	12
1024	2048	0	1072	1983	12
1280	2048	0	1294	1982	11
1536	2048	0	1501	1982	11
1792	2048	0	1714	1980	10
2048	2048	0	1928	1980	10
2303	2048	0	2151	1980	10
2559	2048	0	2368	1979	10
2815	2048	0	2577	1979	10
3071	2048	0	2792	1977	10
3327	2048	0	2996	1971	10
3583	2048	0	3217	1973	10
3839	2048	0	3431	1972	10
4095	2048	0	3643	1972	10
0	2303	0	229	2243	13
256	2303	0	453	2243	13
512	2303	0	672	2244	13
768	2303	0	884	2245	13
1024	2303	0	1099	2241	13
1280	2303	0	1318	2236	13
1536	2303	0	1523	2235	13
1792	2303	0	1738	2236	12
2048	2303	0	1951	2235	12
2303	2303	0	2180	2237	13
2559	2303	0	2396	2239	13
2815	2303	0	2605	2236	12
3071	2303	0	2818	2233	11
3327	2303	0	3029	2230	12
3583	2303	0	3242	2224	12
3839	2303	0	3465	2228	12
4095	2303	0	3678	2229	12
0	2559	0	256	2503	15
256	2559	0	481	2501	15
512	2559	0	699	2499	15
768	2559	0	910	2497	14
1024	2559	0	1127	2495	14
1280	2559	0	1345	2491	14
1536	2559	0	1551	2485	14
1792	2559	0	1764	2485	14
2048	2559	0	1978	2483	14
2303	2559	0	2210	2486	14
2559	2559	0	2423	2487	14
2815	2559	0	2634	2484	13
3071	2559	0	2848	2480	13
3327	2559	0	3062	2480	13
3583	2559	0	3273	2474	13
3839	2559	0	3496	2478	13
4095	2559	0	3709	2478	13
0	2815	0	282	2748	16
256	2815	0	507	2746	16
512	2815	0	724	2743	16
768	2815	0	936	2745	16
1024	2815	0	1155	2742	16
1280	2815	0	1370	2736	16
1536	2815	0	1580	2734	16
1792	2815	0	1793	2733	16
2048	2815	0	2008	2733	16
2303	2815	0	2244	2736	15
2559	2815	0	2454	2737	15
2815	2815	0	2669	2734	15
3071	2815	0	2883	2731	15
3327	2815	0	3095	2729	15
3583	2815	0	3313	2728	14
3839	2815	0	3531	2728	14
4095	2815	0	3738	2723	14
0	3071	0	308	2997	17
256	3071	0	533	2992	17
512	3071	0	749	2989	17
768	3071	0	961	2993	17
1024	3071	0	1181	2987	17
1280	3071	0	1396	2983	17
1536	3071	0	1606	2981	17
1792	3071	0	1820	2980	17
2048	3071	0	2040	2984	17
2303	3071	0	2273	2984	17
2559	3071	0	2479	2983	17
2815	3071	0	2697	2981	17
3071	3071	0	2913	2980	17
3327	3071	0	3126	2977	17
3583	3071	0	3340	2973	16
3839	3071	0	3558	2972	16
4095	3071	0	3769	2971	16
0	3327	0	334	3246	19
256	3327	0	559	3243	19
512	3327	0	774	3240	19
768	3327	0	985	3240	19
1024	3327	0	1209	3236	19
1280	3327	0	1422	3233	18
1536	3327	0	1634	3231	18
1792	3327	0	1849	3231	18
2048	3327	0	2070	3234	18
2303	3327	0	2304	3236	18
2559	3327	0	2507	3234	18
2815	3327	0	2728	3233	18
3071	3327	0	2942	3229	18
3327	3327	0	3155	3226	18
3583	3327	0	3372	3223	18
3839	3327	0	3588	3222	18
4095	3327	0	3795	3217	18
0	3583	0	360	3496	20
256	3583	0	585	3494	20
512	3583	0	801	3490	20
768	3583	0	1013	3490	20
1024	3583	0	1239	3484	20
1280	3583	0	1449	3479	20
1536	3583	0	1660	3475	20
1792	3583	0	1875	3474	20
2048	3583	0	2098	3475	20
2303	3583	0	2329	3479	20
2559	3583	0	2537	3483	19
2815	3583	0	2757	3476	19
3071	3583	0	2971	3475	19
3327	3583	0	3184	3468	19
3583	3583	0	3400	3464	19
3839	3583	0	3617	3463	19
4095	3583	0	3826	3462	19
0	3839	0	386	3741	22
256	3839	0	610	3738	21
512	3839	0	828	3737	21
768	3839	0	1041	3739	21
1024	3839	0	1266	3730	21
1280	3839	0	1476	3726	21
1536	3839	0	1688	3723	21
1792	3839	0	1904	3722	21
2048	3839	0	2131	3725	21
2303	3839	0	2362	3733	21
2559	3839	0	2572	3733	21
2815	3839	0	2788	3723	21
3071	3839	0	3003	3722	21
3327	3839	0	3216	3716	21
3583	3839	0	3433	3712	21
3839	3839	0	3650	3711	21
4095	3839	0	3859	3710	20
0	4095	0	414	3984	23
256	4095	0	638	3981	23
512	4095	0	854	3979	23
768	4095	0	1069	3979	23
1024	4095	0	1297	3977	23
1280	4095	0	1505	3972	23
1536	4095	0	1720	3972	23
1792	4095	0	1937	3971	22
2048	4095	0	2165	3971	22
2303	4095	0	2388	3972	22
2559	4095	0	2601	3973	22
2815	4095	0	2820	3966	22
3071	4095	0	3030	3959	22
3327	4095	0	3248	3956	22
3583	4095	0	3463	3950	22
3839	4095	0	3678	3948	22
4095	4095	0	3888	3947	22
0	0	256	10	4	248
256	0	256	234	4	248
512	0	256	454	6	249
768	0	256	671	7	250
1024	0	256	880	7	250
1280	0	256	1093	9	250
1536	0	256	1311	9	249
1792	0	256	1510	10	249
2048	0	256	1719	10	249
2303	0	256	1928	11	248
2559	0	256	2157	13	249
2815	0	256	2371	13	249
3071	0	256	2579	14	247
3327	0	256	2792	14	247
3583	0	256	3000	15	246
3839	0	256	3209	16	246
4095	0	256	3422	17	246
0	256	256	35	255	249
256	256	256	260	257	250
512	256	256	482	260	250
768	256	256	697	260	250
1024	256	256	905	261	254
1280	256	256	1120	261	254
1536	256	256	1336	262	252
1792	256	256	1538	261	252
2048	256	256	1748	262	252
2303	256	256	1960	263	252
2559	256	256	2190	264	252
2815	256	256	2401	265	252
3071	256	256	2613	264	252
3327	256	256	2825	265	251
3583	256	256	3033	265	250
3839	256	256	3241	265	250
4095	256	256	3455	264	250
0	512	256	60	503	257
256	512	256	283	504	257
512	512	256	504	504	257
768	512	256	718	505	257
1024	512	256	925	505	256
1280	512	256	1143	506	256
1536	512	256	1357	506	256
1792	512	256	1564	506	254
2048	512	256	1776	507	253
2303	512	256	1987	507	253
2559	512	256	2214	507	253
2815	512	256	2421	507	253
3071	512	256	2636	507	253
3327	512	256	2847	506	253
3583	512	256	3055	506	252
3839	512	256	3273	506	251
4095	512	256	3494	509	252
0	768	256	86	754	259
256	768	256	309	757	258
512	768	256	532	758	258
768	768	256	745	757	258
1024	768	256	953	758	257
1280	768	256	1172	757	257
1536	768	256	1383	756	257
1792	768	256	1588	755	257
2048	768	256	1797	754	257
2303	768	256	2014	756	256
2559	768	256	2245	756	256
2815	768	256	2448	756	255
3071	768	256	2665	756	255
3327	768	256	2875	755	255
3583	768	256	3089	755	253
3839	768	256	3307	756	253
4095	768	256	3512	754	254
0	1024	256	111	1002	261
256	1024	256	333	1003	262
512	1024	256	555	1002	262
768	1024	256	767	1002	261
1024	1024	256	977	1004	261
1280	1024	256	1197	1002	260
1536	1024	256	1405	1001	259
1792	1024	256	1614	1001	258
2048	1024	256	1825	1001	257
2303	1024	256	2042	1001	258
2559	1024	256	2276	1004	258
2815	1024	256	2477	1002	258
3071	1024	256	2693	1001	258
3327	1024	256	2903	999	257
3583	1024	256	3113	998	256
3839	1024	256	3329	998	257
4095	1024	256	3545	999	255
0	1280	256	136	1255	264
256	1280	256	358	1256	263
512	1280	256	579	1256	263
768	1280	256	792	1254	262
1024	1280	256	1001	1256	262
1280	1280	256	1224	1256	263
1536	1280	256	1432	1254	261
1792	1280	256	1639	1252	261
2048	1280	256	1851	1252	261
2303	1280	256	2073	1254	261
2559	1280	256	2299	1253	260
2815	1280	256	2503	1254	260
3071	1280	256	2723	1253	260
3327	1280	256	2935	1252	259
3583	1280	256	3150	1253	259
3839	1280	256	3360	1249	257
4095	1280	256	3568	1247	258
0	1536	256	161	1501	267
256	1536	256	383	1501	265
512	1536	256	604	1500	265
768	1536	256	817	1500	265
1024	1536	256	1028	1503	265
1280	1536	256	1251	1498	264
1536	1536	256	1456	1496	264
1792	1536	256	1666	1495	263
2048	1536	256	1878	1495	263
2303	1536	256	2102	1496	263
2559	1536	256	2328	1499	264
2815	1536	256	2532	1498	264
3071	1536	256	2747	1493	262
3327	1536	256	2958	1493	262
3583	1536	256	3176	1494	262
3839	1536	256	3394	1494	261
4095	1536	256	3608	1493	259
0	1792	256	187	1750	269
256	1792	256	410	1748	269
512	1792	256	629	1746	268
768	1792	256	842	1747	268
1024	1792	256	1056	1749	268
1280	1792	256	1277	1745	267
1536	1792	256	1483	1743	266
1792	1792	256	1696	1744	266
2048	1792	256	1910	1743	266
2303	1792	256	2133	1743	265
2559	1792	256	2352	1743	265
2815	1792	256	2561	1742	265
3071	1792	256	2778	1740	265
3327	1792	256	2984	1735	264
3583	1792	256	3206	1738	264
3839	1792	256	3426	1739	265
4095	1792	256	3637	1738	264
0	2048	256	212	1996	271
256	2048	256	436	1994	271
512	2048	256	656	1993	270
768	2048	256	869	1994	271
1024	2048	256	1084	1995	271
1280	2048	256	1305	1990	270
1536	2048	256	1511	1988	269
1792	2048	256	1725	1987	269
2048	2048	256	1939	1988	269
2303	2048	256	2165	1987	269
2559	2048	256	2381	1986	268
2815	2048	256	2595	1988	269
3071	2048	256	2817	1989	268
3327	2048	256	3023	1983	267
3583	2048	256	3242	1983	267
3839	2048	256	3454	1980	266
4095	2048	256	3665	1977	266
0	2303	256	237	2255	274
256	2303	256	462	2254	274
512	2303	256	681	2252	273
768	2303	256	893	2251	272
1024	2303	256	1110	2250	272
1280	2303	256	1329	2247	271
1536	2303	256	1532	2240	270
1792	2303	256	1747	2241	270
2048	2303	256	1961	2240	270
2303	2303	256	2193	2242	270
2559	2303	256	2411	2247	271
2815	2303	256	2623	2244	270
3071	2303	256	2837	2240	269
3327	2303	256	3053	2242	270
3583	2303	256	3265	2237	269
3839	2303	256	3483	2236	269
4095	2303	256	3696	2236	269
0	2559	256	265	2508	275
256	2559	256	490	2505	274
512	2559	256	708	2504	274
768	2559	256	920	2503	274
1024	2559	256	1138	2501	274
1280	2559	256	1356	2497	273
1536	2559	256	1564	2495	273
1792	2559	256	1775	2493	272
2048	2559	256	1995	2496	272
2303	2559	256	2229	2500	272
2559	2559	256	2442	2500	272
2815	2559	256	2654	2497	272
3071	2559	256	2869	2493	271
3327	2559	256	3084	2494	271
3583	2559	256	3302	2492	271
3839	2559	256	3512	2486	270
4095	2559	256	3725	2486	270
0	2815	256	292	2753	276
256	2815	256	518	2751	276
512	2815	256	734	2749	276
768	2815	256	947	2752	276
1024	2815	256	1167	2748	275
1280	2815	256	1381	2743	274
1536	2815	256	1592	2743	274
1792	2815	256	1808	2745	275
2048	2815	256	2027	2747	275
2303	2815	256	2256	2742	274
2559	2815	256	2466	2745	274
2815	2815	256	2685	2744	275
3071	2815	256	2899	2741	274
3327	2815	256	3110	2737	272
3583	2815	256	3329	2736	272
3839	2815	256	3545	2735	272
4095	2815	256	3758	2734	272
0	3071	256	318	3004	279
256	3071	256	542	2995	278
512	3071	256	761	3001	279
768	3071	256	972	3000	279
1024	3071	256	1194	2997	277
1280	3071	256	1406	2991	276
1536	3071	256	1616	2987	276
1792	3071	256	1832	2988	275
2048	3071	256	2049	2986	275
2303	3071	256	2283	2988	276
2559	3071	256	2492	2991	276
2815	3071	256	2710	2989	275
3071	3071	256	2926	2988	275
3327	3071	256	3138	2983	275
3583	3071	256	3352	2978	274
3839	3071	256	3571	2979	274
4095	3071	256	3783	2978	274
0	3327	256	344	3252	281
256	3327	256	568	3248	280
512	3327	256	786	3251	280
768	3327	256	998	3253	281
1024	3327	256	1222	3247	280
1280	3327	256	1432	3240	279
1536	3327	256	1647	3241	279
1792	3327	256	1863	3243	280
2048	3327	256	2082	3240	279
2303	3327	256	2310	3237	277
2559	3327	256	2515	3237	277
2815	3327	256	2740	3239	278
3071	3327	256	2953	3234	277
3327	3327	256	3166	3231	276
3583	3327	256	3384	3229	276
3839	3327	256	3600	3227	276
4095	3327	256	3805	3221	275
0	3583	256	370	3499	283
256	3583	256	594	3497	282
512	3583	256	811	3495	282
768	3583	256	1023	3497	282
1024	3583	256	1248	3489	281
1280	3583	256	1459	3485	281
1536	3583	256	1672	3482	280
1792	3583	256	1888	3482	280
2048	3583	256	2113	3485	281
2303	3583	256	2342	3488	281
2559	3583	256	2548	3488	281
2815	3583	256	2767	3480	280
3071	3583	256	2980	3477	280
3327	3583	256	3194	3472	279
3583	3583	256	3412	3470	278
3839	3583	256	3628	3468	277
4095	3583	256	3836	3466	277
0	3839	256	396	3744	285
256	3839	256	620	3743	285
512	3839	256	837	3745	285
768	3839	256	1050	3741	285
1024	3839	256	1276	3734	284
1280	3839	256	1487	3735	284
1536	3839	256	1699	3728	282
1792	3839	256	1916	3728	282
2048	3839	256	2146	3736	283
2303	3839	256	2374	3741	284
2559	3839	256	2581	3736	283
2815	3839	256	2797	3726	282
3071	3839	256	3011	3724	282
3327	3839	256	3224	3717	281
3583	3839	256	3443	3715	281
3839	3839	256	3660	3715	281
4095	3839	256	3870	3715	281
0	4095	256	423	3988	288
256	4095	256	647	3988	287
512	4095	256	864	3989	287
768	4095	256	1081	3987	287
1024	4095	256	1305	3977	286
1280	4095	256	1518	3983	287
1536	4095	256	1730	3975	286
1792	4095	256	1948	3974	286
2048	4095	256	2178	3979	286
2303	4095	256	2401	3980	286
2559	4095	256	2612	3977	286
2815	4095	256	2832	3972	285
3071	4095	256	3042	3965	284
3327	4095	256	3259	3960	283
3583	4095	256	3479	3960	283
3839	4095	256	3692	3955	283
4095	4095	256	3899	3954	282
0	0	512	20	8	497
256	0	512	245	9	497
512	0	512	465	10	495
768	0	512	680	11	495
1024	0	512	890	12	497
1280	0	512	1103	13	494
1536	0	512	1318	13	494
1792	0	512	1522	14	493
2048	0	512	1731	14	493
2303	0	512	1941	15	493
2559	0	512	2167	16	492
2815	0	512	2378	17	492
3071	0	512	2590	18	492
3327	0	512	2803	18	490
3583	0	512	3009	19	489
3839	0	512	3225	20	489
4095	0	512	3440	21	489
0	256	512	46	259	501
256	256	512	269	261	500
512	256	512	491	263	500
768	256	512	705	263	499
1024	256	512	914	265	500
1280	256	512	1130	265	498
1536	256	512	1344	265	498
1792	256	512	1549	265	497
2048	256	512	1759	266	495
2303	256	512	1968	266	495
2559	256	512	2197	267	495
2815	256	512	2404	268	494
3071	256	512	2619	268	494
3327	256	512	2831	269	492
3583	256	512	3041	268	493
3839	256	512	3260	270	493
4095	256	512	3477	270	493
0	512	512	71	507	503
256	512	512	293	509	502
512	512	512	516	509	501
768	512	512	728	510	501
1024	512	512	935	509	500
1280	512	512	1154	510	501
1536	512	512	1366	509	499
1792	512	512	1571	509	498
2048	512	512	1781	509	498
2303	512	512	1993	510	498
2559	512	512	2227	513	499
2815	512	512	2434	513	499
3071	512	512	2645	511	496
3327	512	512	2857	510	495
3583	512	512	3067	511	493
3839	512	512	3279	510	494
4095	512	512	3500	513	494
0	768	512	96	760	504
256	768	512	318	759	505
512	768	512	540	760	504
768	768	512	752	759	504
1024	768	512	962	762	503
1280	768	512	1181	760	502
1536	768	512	1391	760	502
1792	768	512	1599	760	500
2048	768	512	1809	759	499
2303	768	512	2024	760	499
2559	768	512	2260	762	500
2815	768	512	2462	762	500
3071	768	512	2676	760	500
3327	768	512	2887	760	497
3583	768	512	3097	758	497
3839	768	512	3312	759	495
4095	768	512	3531	761	496
0	1024	512	121	1008	508
256	1024	512	343	1008	507
512	1024	512	564	1007	506
768	1024	512	778	1008	505
1024	1024	512	986	1009	505
1280	1024	512	1209	1008	507
1536	1024	512	1417	1008	504
1792	1024	512	1626	1007	504
2048	1024	512	1836	1006	503
2303	1024	512	2052	1005	502
2559	1024	512	2281	1006	503
2815	1024	512	2482	1005	503
3071	1024	512	2708	1008	502
3327	1024	512	2920	1007	500
3583	1024	512	3133	1007	500
3839	1024	512	3343	1005	498
4095	1024	512	3550	1002	499
0	1280	512	145	1259	511
256	1280	512	367	1259	510
512	1280	512	588	1259	509
768	1280	512	800	1258	509
1024	1280	512	1011	1262	508
1280	1280	512	1233	1259	508
1536	1280	512	1440	1257	507
1792	1280	512	1650	1257	506
2048	1280	512	1861	1256	506
2303	1280	512	2082	1258	505
2559	1280	512	2312	1260	505
2815	1280	512	2515	1260	504
3071	1280	512	2730	1255	504
3327	1280	512	2942	1255	505
3583	1280	512	3152	1253	504
3839	1280	512	3370	1253	502
4095	1280	512	3588	1255	499
0	1536	512	171	1506	514
256	1536	512	394	1506	513
512	1536	512	614	1504	511
768	1536	512	826	1505	511
1024	1536	512	1036	1504	513
1280	1536	512	1261	1502	511
1536	1536	512	1468	1503	508
1792	1536	512	1678	1501	508
2048	1536	512	1893	1503	508
2303	1536	512	2116	1503	507
2559	1536	512	2334	1501	509
2815	1536	512	2539	1499	508
3071	1536	512	2762	1501	506
3327	1536	512	2972	1500	506
3583	1536	512	3188	1499	505
3839	1536	512	3402	1497	503
4095	1536	512	3613	1495	505
0	1792	512	197	1756	517
256	1792	512	420	1754	516
512	1792	512	640	1753	515
768	1792	512	852	1753	515
1024	1792	512	1064	1751	514
1280	1792	512	1288	1750	513
1536	1792	512	1491	1746	513
1792	1792	512	1703	1745	513
2048	1792	512	1920	1748	511
2303	1792	512	2147	1750	513
2559	1792	512	2365	1749	510
2815	1792	512	2575	1749	509
3071	1792	512	2793	1748	509
3327	1792	512	3007	1747	509
3583	1792	512	3217	1743	508
3839	1792	512	3431	1740	508
4095	1792	512	3644	1740	506
0	2048	512	222	2002	521
256	2048	512	446	2000	521
512	2048	512	666	1999	519
768	2048	512	878	1997	518
1024	2048	512	1093	1996	517
1280	2048	512	1314	1993	516
1536	2048	512	1518	1989	514
1792	2048	512	1731	1988	514
2048	2048	512	1945	1988	514
2303	2048	512	2176	1990	516
2559	2048	512	2394	1992	515
2815	2048	512	2602	1990	515
3071	2048	512	2816	1985	514
3327	2048	512	3029	1985	514
3583	2048	512	3246	1983	514
3839	2048	512	3462	1983	511
4095	2048	512	3677	1983	509
0	2303	512	247	2258	524
256	2303	512	471	2257	524
512	2303	512	690	2255	522
768	2303	512	903	2257	522
1024	2303	512	1121	2256	521
1280	2303	512	1340	2252	520
1536	2303	512	1548	2250	518
1792	2303	512	1760	2249	517
2048	2303	512	1978	2252	517
2303	2303	512	2205	2249	517
2559	2303	512	2417	2248	518
2815	2303	512	2632	2248	517
3071	2303	512	2851	2249	515
3327	2303	512	3061	2245	515
3583	2303	512	3281	2246	514
3839	2303	512	3496	2243	514
4095	2303	512	3710	2243	514
0	2559	512	275	2512	525
256	2559	512	500	2510	525
512	2559	512	718	2507	524
768	2559	512	931	2509	524
1024	2559	512	1150	2507	524
1280	2559	512	1366	2501	522
1536	2559	512	1576	2501	522
1792	2559	512	1792	2505	522
2048	2559	512	2007	2504	522
2303	2559	512	2238	2503	522
2559	2559	512	2447	2500	520
2815	2559	512	2664	2501	520
3071	2559	512	2881	2499	520
3327	2559	512	3092	2496	518
3583	2559	512	3306	2491	518
3839	2559	512	3528	2494	518
4095	2559	512	3739	2494	518
0	2815	512	302	2759	529
256	2815	512	529	2759	528
512	2815	512	744	2755	527
768	2815	512	956	2757	526
1024	2815	512	1178	2754	526
1280	2815	512	1393	2750	525
1536	2815	512	1601	2746	523
1792	2815	512	1814	2744	522
2048	2815	512	2034	2748	524
2303	2815	512	2272	2753	525
2559	2815	512	2478	2751	525
2815	2815	512	2695	2748	523
3071	2815	512	2910	2746	523
3327	2815	512	3124	2744	522
3583	2815	512	3340	2741	522
3839	2815	512	3553	2737	520
4095	2815	512	3764	2735	520
0	3071	512	328	3009	531
256	3071	512	554	3007	530
512	3071	512	770	3003	529
768	3071	512	982	3006	530
1024	3071	512	1204	3000	528
1280	3071	512	1419	3000	528
1536	3071	512	1632	3001	529
1792	3071	512	1846	2999	528
2048	3071	512	2065	2998	527
2303	3071	512	2300	3000	526
2559	3071	512	2504	2998	526
2815	3071	512	2724	2997	526
3071	3071	512	2936	2991	524
3327	3071	512	3151	2989	523
3583	3071	512	3368	2987	523
3839	3071	512	3582	2983	522
4095	3071	512	3790	2980	521
0	3327	512	355	3262	534
256	3327	512	579	3259	533
512	3327	512	795	3254	532
768	3327	512	1007	3255	531
1024	3327	512	1232	3251	531
1280	3327	512	1445	3249	530
1536	3327	512	1656	3247	529
1792	3327	512	1869	3242	528
2048	3327	512	2093	3244	528
2303	3327	512	2327	3250	530
2559	3327	512	2532	3250	530
2815	3327	512	2753	3246	529
3071	3327	512	2966	3242	528
3327	3327	512	3180	3238	527
3583	3327	512	3395	3234	525
3839	3327	512	3611	3232	524
4095	3327	512	3821	3231	524
0	3583	512	380	3508	536
256	3583	512	604	3503	535
512	3583	512	821	3501	535
768	3583	512	1036	3508	537
1024	3583	512	1262	3499	535
1280	3583	512	1469	3491	532
1536	3583	512	1683	3490	532
1792	3583	512	1900	3491	532
2048	3583	512	2124	3490	532
2303	3583	512	2353	3494	532
2559	3583	512	2563	3496	533
2815	3583	512	2780	3487	530
3071	3583	512	2990	3481	529
3327	3583	512	3206	3477	528
3583	3583	512	3424	3476	528
3839	3583	512	3642	3476	528
4095	3583	512	3851	3476	528
0	3839	512	406	3751	538
256	3839	512	630	3748	537
512	3839	512	846	3749	537
768	3839	512	1063	3752	538
1024	3839	512	1290	3747	537
1280	3839	512	1496	3739	536
1536	3839	512	1714	3742	536
1792	3839	512	1932	3742	537
2048	3839	512	2158	3741	536
2303	3839	512	2380	3739	535
2559	3839	512	2591	3739	534
2815	3839	512	2811	3735	534
3071	3839	512	3020	3726	532
3327	3839	512	3237	3724	531
3583	3839	512	3459	3725	532
3839	3839	512	3673	3723	531
4095	3839	512	3878	3718	530
0	4095	512	434	3994	543
256	4095	512	657	3993	541
512	4095	512	874	3993	541
768	4095	512	1092	3996	542
1024	4095	512	1318	3992	541
1280	4095	512	1525	3983	539
1536	4095	512	1742	3981	538
1792	4095	512	1958	3979	537
2048	4095	512	2187	3980	538
2303	4095	512	2408	3980	538
2559	4095	512	2620	3978	537
2815	4095	512	2839	3972	536
3071	4095	512	3051	3967	536
3327	4095	512	3268	3962	534
3583	4095	512	3487	3961	534
3839	4095	512	3701	3958	534
4095	4095	512	3910	3960	533
0	0	768	30	12	740
256	0	768	255	13	739
512	0	768	476	14	739
768	0	768	690	15	737
1024	0	768	899	16	740
1280	0	768	1114	17	736
1536	0	768	1328	17	736
1792	0	768	1533	18	734
2048	0	768	1743	18	734
2303	0	768	1954	20	734
2559	0	768	2185	20	735
2815	0	768	2396	21	735
3071	0	768	2609	22	735
3327	0	768	2824	22	734
3583	0	768	3035	24	731
3839	0	768	3243	24	729
4095	0	768	3453	25	729
0	256	768	56	263	744
256	256	768	279	266	743
512	256	768	501	268	743
768	256	768	717	269	744
1024	256	768	925	270	743
1280	256	768	1140	269	739
1536	256	768	1353	270	739
1792	256	768	1561	270	738
2048	256	768	1770	270	738
2303	256	768	1982	271	738
2559	256	768	2215	272	739
2815	256	768	2422	273	739
3071	256	768	2634	273	736
3327	256	768	2846	273	734
3583	256	768	3056	273	733
3839	256	768	3270	274	734
4095	256	768	3491	274	731
0	512	768	81	514	747
256	512	768	304	516	746
512	512	768	526	515	746
768	512	768	739	516	745
1024	512	768	946	516	744
1280	512	768	1166	516	743
1536	512	768	1378	516	742
1792	512	768	1587	516	742
2048	512	768	1799	516	741
2303	512	768	2012	517	742
2559	512	768	2244	518	742
2815	512	768	2447	518	741
3071	512	768	2667	520	743
3327	512	768	2880	519	739
3583	512	768	3090	519	739
3839	512	768	3303	518	734
4095	512	768	3508	516	736
0	768	768	106	766	751
256	768	768	329	766	749
512	768	768	551	767	747
768	768	768	766	767	747
1024	768	768	973	767	747
1280	768	768	1196	767	746
1536	768	768	1403	766	745
1792	768	768	1611	764	744
2048	768	768	1825	766	743
2303	768	768	2043	767	742
2559	768	768	2274	768	743
2815	768	768	2475	768	743
3071	768	768	2692	767	742
3327	768	768	2906	767	743
3583	768	768	3122	767	742
3839	768	768	3336	767	740
4095	768	768	3546	766	741
0	1024	768	131	1013	752
256	1024	768	354	1013	752
512	1024	768	575	1012	751
768	1024	768	789	1014	751
1024	1024	768	999	1016	751
1280	1024	768	1220	1014	750
1536	1024	768	1428	1012	749
1792	1024	768	1639	1013	745
2048	1024	768	1852	1013	746
2303	1024	768	2070	1012	747
2559	1024	768	2298	1014	747
2815	1024	768	2510	1018	747
3071	1024	768	2719	1012	746
3327	1024	768	2932	1011	745
3583	1024	768	3147	1012	744
3839	1024	768	3363	1011	743
4095	1024	768	3578	1012	741
0	1280	768	156	1267	756
256	1280	768	379	1267	755
512	1280	768	600	1268	753
768	1280	768	813	1267	753
1024	1280	768	1022	1267	755
1280	1280	768	1247	1266	754
1536	1280	768	1450	1262	750
1792	1280	768	1661	1262	749
2048	1280	768	1875	1263	749
2303	1280	768	2096	1264	749
2559	1280	768	2320	1263	749
2815	1280	768	2525	1264	752
3071	1280	768	2744	1261	752
3327	1280	768	2958	1262	747
3583	1280	768	3170	1260	746
3839	1280	768	3385	1259	746
4095	1280	768	3600	1260	746
0	1536	768	181	1512	758
256	1536	768	404	1512	758
512	1536	768	623	1510	757
768	1536	768	836	1510	756
1024	1536	768	1050	1513	755
1280	1536	768	1271	1508	754
1536	1536	768	1476	1507	754
1792	1536	768	1689	1506	751
2048	1536	768	1903	1507	751
2303	1536	768	2127	1507	752
2559	1536	768	2351	1510	751
2815	1536	768	2563	1512	751
3071	1536	768	2779	1509	749
3327	1536	768	2990	1509	749
3583	1536	768	3201	1505	749
3839	1536	768	3417	1504	747
4095	1536	768	3630	1503	747
0	1792	768	207	1761	762
256	1792	768	430	1760	760
512	1792	768	649	1758	758
768	1792	768	861	1757	757
1024	1792	768	1075	1757	759
1280	1792	768	1298	1756	755
1536	1792	768	1507	1758	755
1792	1792	768	1718	1755	754
2048	1792	768	1932	1754	754
2303	1792	768	2159	1756	754
2559	1792	768	2380	1757	756
2815	1792	768	2591	1757	758
3071	1792	768	2809	1756	755
3327	1792	768	3014	1750	754
3583	1792	768	3231	1750	754
3839	1792	768	3450	1750	750
4095	1792	768	3660	1748	750
0	2048	768	232	2007	766
256	2048	768	457	2005	765
512	2048	768	676	2005	764
768	2048	768	887	2003	762
1024	2048	768	1103	2001	762
1280	2048	768	1323	1998	760
1536	2048	768	1530	1997	761
1792	2048	768	1750	2002	761
2048	2048	768	1966	2003	759
2303	2048	768	2191	1999	758
2559	2048	768	2404	1997	759
2815	2048	768	2619	1999	760
3071	2048	768	2839	1999	759
3327	2048	768	3048	1995	755
3583	2048	768	3263	1993	755
3839	2048	768	3476	1989	755
4095	2048	768	3689	1988	755
0	2303	768	257	2264	770
256	2303	768	481	2262	769
512	2303	768	701	2264	767
768	2303	768	913	2264	767
1024	2303	768	1131	2261	765
1280	2303	768	1350	2259	764
1536	2303	768	1561	2259	763
1792	2303	768	1772	2256	766
2048	2303	768	1987	2255	766
2303	2303	768	2223	2261	765
2559	2303	768	2437	2263	763
2815	2303	768	2650	2259	762
3071	2303	768	2865	2257	763
3327	2303	768	3077	2254	760
3583	2303	768	3291	2250	759
3839	2303	768	3507	2248	759
4095	2303	768	3721	2249	757
0	2559	768	286	2521	771
256	2559	768	513	2519	771
512	2559	768	729	2518	769
768	2559	768	941	2516	770
1024	2559	768	1161	2514	769
1280	2559	768	1378	2511	767
1536	2559	768	1587	2508	768
1792	2559	768	1800	2505	765
2048	2559	768	2018	2508	765
2303	2559	768	2254	2513	766
2559	2559	768	2465	2513	769
2815	2559	768	2678	2508	768
3071	2559	768	2892	2504	765
3327	2559	768	3105	2502	764
3583	2559	768	3318	2496	762
3839	2559	768	3535	2496	762
4095	2559	768	3749	2496	762
0	2815	768	312	2767	775
256	2815	768	538	2763	774
512	2815	768	755	2761	774
768	2815	768	969	2768	772
1024	2815	768	1191	2765	771
1280	2815	768	1404	2759	770
1536	2815	768	1615	2756	769
1792	2815	768	1832	2759	768
2048	2815	768	2050	2759	768
2303	2815	768	2283	2757	768
2559	2815	768	2490	2757	769
2815	2815	768	2707	2753	768
3071	2815	768	2921	2750	765
3327	2815	768	3134	2747	765
3583	2815	768	3351	2745	762
3839	2815	768	3567	2744	762
4095	2815	768	3774	2739	762
0	3071	768	338	3012	776
256	3071	768	562	3008	774
512	3071	768	779	3007	775
768	3071	768	992	3012	775
1024	3071	768	1215	3006	777
1280	3071	768	1429	3004	774
1536	3071	768	1641	3003	772
1792	3071	768	1855	3001	773
2048	3071	768	2076	3002	773
2303	3071	768	2313	3009	772
2559	3071	768	2519	3009	772
2815	3071	768	2735	3001	772
3071	3071	768	2950	2999	770
3327	3071	768	3163	2995	767
3583	3071	768	3379	2992	766
3839	3071	768	3596	2990	766
4095	3071	768	3803	2987	764
0	3327	768	364	3264	778
256	3327	768	588	3261	777
512	3327	768	805	3259	776
768	3327	768	1017	3262	776
1024	3327	768	1244	3261	775
1280	3327	768	1455	3256	774
1536	3327	768	1669	3256	774
1792	3327	768	1885	3256	772
2048	3327	768	2108	3256	773
2303	3327	768	2337	3256	776
2559	3327	768	2544	3257	775
2815	3327	768	2765	3251	775
3071	3327	768	2976	3246	772
3327	3327	768	3192	3244	772
3583	3327	768	3410	3242	769
3839	3327	768	3625	3240	769
4095	3327	768	3832	3236	768
0	3583	768	391	3514	782
256	3583	768	615	3510	781
512	3583	768	832	3510	780
768	3583	768	1047	3515	781
1024	3583	768	1276	3513	781
1280	3583	768	1483	3506	780
1536	3583	768	1697	3502	778
1792	3583	768	1913	3500	779
2048	3583	768	2138	3501	779
2303	3583	768	2366	3503	777
2559	3583	768	2573	3499	777
2815	3583	768	2794	3496	777
3071	3583	768	3006	3492	775
3327	3583	768	3222	3487	773
3583	3583	768	3438	3484	773
3839	3583	768	3654	3481	772
4095	3583	768	3862	3481	770
0	3839	768	417	3759	786
256	3839	768	640	3755	785
512	3839	768	857	3757	785
768	3839	768	1076	3765	786
1024	3839	768	1302	3757	785
1280	3839	768	1509	3751	785
1536	3839	768	1725	3750	782
1792	3839	768	1941	3747	781
2048	3839	768	2171	3750	781
2303	3839	768	2396	3753	782
2559	3839	768	2606	3750	781
2815	3839	768	2824	3742	779
3071	3839	768	3038	3740	779
3327	3839	768	3253	3735	778
3583	3839	768	3470	3731	776
3839	3839	768	3686	3730	774
4095	3839	768	3897	3731	774
0	4095	768	444	4004	793
256	4095	768	668	4004	793
512	4095	768	884	4001	792
768	4095	768	1102	4000	790
1024	4095	768	1328	3997	790
1280	4095	768	1538	3994	789
1536	4095	768	1757	3996	790
1792	4095	768	1973	3992	788
2048	4095	768	2204	3992	788
2303	4095	768	2424	3993	788
2559	4095	768	2637	3990	787
2815	4095	768	2857	3986	787
3071	4095	768	3068	3979	784
3327	4095	768	3286	3975	784
3583	4095	768	3501	3969	781
3839	4095	768	3719	3970	782
4095	4095	768	3928	3973	782
0	0	1024	41	17	983
256	0	1024	266	17	980
512	0	1024	487	19	980
768	0	1024	702	19	980
1024	0	1024	912	20	982
1280	0	1024	1126	21	977
1536	0	1024	1340	22	976
1792	0	1024	1547	23	976
2048	0	1024	1757	23	975
2303	0	1024	1968	24	975
2559	0	1024	2197	24	974
2815	0	1024	2409	25	976
3071	0	1024	2622	25	974
3327	0	1024	2835	27	972
3583	0	1024	3046	28	972
3839	0	1024	3262	28	971
4095	0	1024	3477	29	971
0	256	1024	66	268	986
256	256	1024	290	271	986
512	256	1024	514	272	985
768	256	1024	726	273	983
1024	256	1024	936	274	985
1280	256	1024	1152	274	980
1536	256	1024	1365	274	980
1792	256	1024	1573	274	979
2048	256	1024	1784	275	979
2303	256	1024	1997	276	978
2559	256	1024	2228	277	978
2815	256	1024	2433	277	978
3071	256	1024	2648	277	977
3327	256	1024	2862	278	976
3583	256	1024	3074	278	975
3839	256	1024	3290	279	975
4095	256	1024	3507	279	975
0	512	1024	91	519	990
256	512	1024	315	520	989
512	512	1024	537	521	988
768	512	1024	751	522	988
1024	512	1024	958	521	987
1280	512	1024	1179	522	986
1536	512	1024	1389	521	982
1792	512	1024	1595	520	981
2048	512	1024	1805	520	979
2303	512	1024	2020	520	982
2559	512	1024	2258	523	983
2815	512	1024	2465	524	985
3071	512	1024	2677	524	980
3327	512	1024	2889	523	980
3583	512	1024	3102	524	978
3839	512	1024	3316	523	977
4095	512	1024	3531	524	977
0	768	1024	116	769	990
256	768	1024	338	769	991
512	768	1024	560	770	990
768	768	1024	773	769	989
1024	768	1024	983	772	989
1280	768	1024	1203	770	987
1536	768	1024	1412	770	986
1792	768	1024	1622	769	985
2048	768	1024	1834	770	984
2303	768	1024	2053	770	990
2559	768	1024	2292	775	990
2815	768	1024	2494	776	990
3071	768	1024	2710	773	986
3327	768	1024	2922	773	984
3583	768	1024	3132	772	981
3839	768	1024	3345	772	980
4095	768	1024	3561	771	981
0	1024	1024	141	1019	995
256	1024	1024	364	1020	992
512	1024	1024	585	1019	991
768	1024	1024	798	1018	990
1024	1024	1024	1006	1017	992
1280	1024	1024	1230	1018	991
1536	1024	1024	1439	1018	987
1792	1024	1024	1649	1018	987
2048	1024	1024	1862	1018	986
2303	1024	1024	2082	1017	985
2559	1024	1024	2307	1018	991
2815	1024	1024	2511	1017	991
3071	1024	1024	2732	1017	991
3327	1024	1024	2939	1015	987
3583	1024	1024	3158	1016	986
3839	1024	1024	3376	1016	983
4095	1024	1024	3588	1015	982
0	1280	1024	166	1273	1000
256	1280	1024	389	1272	998
512	1280	1024	609	1271	996
768	1280	1024	822	1271	994
1024	1280	1024	1034	1274	993
1280	1280	1024	1256	1269	993
1536	1280	1024	1465	1272	992
1792	1280	1024	1675	1271	992
2048	1280	1024	1887	1269	991
2303	1280	1024	2113	1272	990
2559	1280	1024	2342	1275	989
2815	1280	1024	2547	1274	989
3071	1280	1024	2763	1270	988
3327	1280	1024	2976	1271	988
3583	1280	1024	3188	1268	985
3839	1280	1024	3403	1267	987
4095	1280	1024	3617	1267	985
0	1536	1024	192	1519	1001
256	1536	1024	415	1518	1000
512	1536	1024	635	1516	998
768	1536	1024	847	1516	997
1024	1536	1024	1059	1515	999
1280	1536	1024	1284	1515	995
1536	1536	1024	1490	1514	995
1792	1536	1024	1702	1513	997
2048	1536	1024	1915	1513	994
2303	1536	1024	2142	1515	993
2559	1536	1024	2365	1517	998
2815	1536	1024	2573	1515	998
3071	1536	1024	2791	1515	994
3327	1536	1024	3000	1511	994
3583	1536	1024	3216	1511	993
3839	1536	1024	3434	1511	989
4095	1536	1024	3642	1508	988
0	1792	1024	217	1767	1006
256	1792	1024	441	1766	1004
512	1792	1024	660	1765	1003
768	1792	1024	873	1765	1002
1024	1792	1024	1088	1764	1001
1280	1792	1024	1309	1763	999
1536	1792	1024	1511	1756	998
1792	1792	1024	1724	1755	998
2048	1792	1024	1944	1759	997
2303	1792	1024	2175	1764	997
2559	1792	1024	2394	1765	999
2815	1792	1024	2603	1763	998
3071	1792	1024	2820	1760	997
3327	1792	1024	3033	1760	994
3583	1792	1024	3249	1759	994
3839	1792	1024	3460	1754	993
4095	1792	1024	3672	1754	993
0	2048	1024	243	2015	1008
256	2048	1024	467	2013	1009
512	2048	1024	687	2012	1007
768	2048	1024	899	2011	1007
1024	2048	1024	1116	2010	1006
1280	2048	1024	1337	2008	1004
1536	2048	1024	1544	2006	1000
1792	2048	1024	1755	2001	1000
2048	2048	1024	1974	2005	1000
2303	2048	1024	2206	2008	1003
2559	2048	1024	2422	2009	1005
2815	2048	1024	2634	2006	1003
3071	2048	1024	2848	2003	1000
3327	2048	1024	3061	2002	1000
3583	2048	1024	3275	1998	998
3839	2048	1024	3491	1996	998
4095	2048	1024	3705	1997	995
0	2303	1024	267	2271	1015
256	2303	1024	492	2270	1015
512	2303	1024	711	2269	1013
768	2303	1024	924	2271	1012
1024	2303	1024	1142	2268	1011
1280	2303	1024	1361	2266	1010
1536	2303	1024	1572	2267	1008
1792	2303	1024	1782	2262	1005
2048	2303	1024	1998	2262	1005
2303	2303	1024	2233	2265	1007
2559	2303	1024	2444	2266	1009
2815	2303	1024	2661	2265	1008
3071	2303	1024	2876	2263	1005
3327	2303	1024	3087	2258	1004
3583	2303	1024	3305	2258	1001
3839	2303	1024	3523	2256	1001
4095	2303	1024	3735	2256	999
0	2559	1024	296	2523	1016
256	2559	1024	522	2522	1016
512	2559	1024	738	2521	1015
768	2559	1024	952	2524	1015
1024	2559	1024	1172	2520	1015
1280	2559	1024	1388	2518	1012
1536	2559	1024	1600	2518	1014
1792	2559	1024	1811	2512	1009
2048	2559	1024	2026	2511	1009
2303	2559	1024	2268	2521	1009
2559	2559	1024	2477	2520	1010
2815	2559	1024	2693	2518	1010
3071	2559	1024	2909	2514	1009
3327	2559	1024	3121	2511	1006
3583	2559	1024	3334	2505	1005
3839	2559	1024	3552	2506	1005
4095	2559	1024	3765	2505	1005
0	2815	1024	323	2774	1019
256	2815	1024	549	2773	1017
512	2815	1024	765	2769	1017
768	2815	1024	976	2769	1016
1024	2815	1024	1201	2769	1017
1280	2815	1024	1417	2770	1014
1536	2815	1024	1628	2766	1015
1792	2815	1024	1842	2763	1011
2048	2815	1024	2064	2767	1011
2303	2815	1024	2298	2767	1016
2559	2815	1024	2504	2767	1016
2815	2815	1024	2722	2761	1015
3071	2815	1024	2935	2758	1011
3327	2815	1024	3150	2756	1010
3583	2815	1024	3366	2754	1006
3839	2815	1024	3579	2748	1006
4095	2815	1024	3790	2748	1006
0	3071	1024	348	3021	1024
256	3071	1024	573	3019	1023
512	3071	1024	790	3016	1021
768	3071	1024	1005	3025	1020
1024	3071	1024	1229	3020	1019
1280	3071	1024	1442	3016	1020
1536	3071	1024	1654	3014	1019
1792	3071	1024	1869	3013	1017
2048	3071	1024	2091	3013	1019
2303	3071	1024	2321	3012	1017
2559	3071	1024	2526	3010	1017
2815	3071	1024	2747	3006	1017
3071	3071	1024	2959	3001	1014
3327	3071	1024	3175	3000	1013
3583	3071	1024	3393	2998	1012
3839	3071	1024	3608	2996	1009
4095	3071	1024	3813	2992	1008
0	3327	1024	375	3274	1025
256	3327	1024	599	3271	1024
512	3327	1024	816	3270	1024
768	3327	1024	1031	3276	1027
1024	3327	1024	1259	3272	1027
1280	3327	1024	1467	3265	1023
1536	3327	1024	1679	3262	1021
1792	3327	1024	1898	3264	1021
2048	3327	1024	2124	3267	1020
2303	3327	1024	2351	3265	1018
2559	3327	1024	2556	3262	1017
2815	3327	1024	2776	3255	1017
3071	3327	1024	2990	3253	1015
3327	3327	1024	3205	3249	1013
3583	3327	1024	3422	3247	1013
3839	3327	1024	3638	3246	1012
4095	3327	1024	3848	3246	1010
0	3583	1024	402	3523	1030
256	3583	1024	626	3522	1028
512	3583	1024	843	3520	1028
768	3583	1024	1058	3520	1029
1024	3583	1024	1287	3518	1029
1280	3583	1024	1494	3513	1027
1536	3583	1024	1709	3509	1023
1792	3583	1024	1926	3510	1023
2048	3583	1024	2152	3509	1026
2303	3583	1024	2377	3509	1025
2559	3583	1024	2590	3511	1023
2815	3583	1024	2806	3502	1020
3071	3583	1024	3016	3493	1020
3327	3583	1024	3233	3492	1019
3583	3583	1024	3452	3491	1016
3839	3583	1024	3671	3492	1015
4095	3583	1024	3881	3493	1016
0	3839	1024	429	3773	1035
256	3839	1024	653	3772	1035
512	3839	1024	868	3766	1033
768	3839	1024	1084	3763	1033
1024	3839	1024	1313	3765	1031
1280	3839	1024	1522	3761	1030
1536	3839	1024	1739	3761	1029
1792	3839	1024	1956	3759	1028
2048	3839	1024	2184	3758	1027
2303	3839	1024	2407	3757	1027
2559	3839	1024	2620	3757	1028
2815	3839	1024	2840	3752	1024
3071	3839	1024	3049	3744	1024
3327	3839	1024	3268	3744	1021
3583	3839	1024	3489	3743	1020
3839	3839	1024	3706	3744	1021
4095	3839	1024	3911	3739	1021
0	4095	1024	457	4022	1038
256	4095	1024	680	4019	1039
512	4095	1024	896	4015	1036
768	4095	1024	1115	4012	1035
1024	4095	1024	1341	4009	1035
1280	4095	1024	1549	4001	1034
1536	4095	1024	1765	3999	1034
1792	4095	1024	1983	3997	1034
2048	4095	1024	2216	4000	1033
2303	4095	1024	2437	4001	1033
2559	4095	1024	2650	3998	1031
2815	4095	1024	2868	3991	1030
3071	4095	1024	3082	3987	1028
3327	4095	1024	3303	3987	1028
3583	4095	1024	3519	3981	1027
3839	4095	1024	3736	3983	1027
4095	4095	1024	3942	3981	1026
0	0	1280	51	21	1232
256	0	1280	275	21	1229
512	0	1280	496	23	1229
768	0	1280	710	23	1228
1024	0	1280	920	24	1231
1280	0	1280	1135	24	1226
1536	0	1280	1348	26	1225
1792	0	1280	1555	27	1224
2048	0	1280	1764	27	1223
2303	0	1280	1976	28	1223
2559	0	1280	2206	29	1223
2815	0	1280	2413	30	1223
3071	0	1280	2627	30	1222
3327	0	1280	2840	31	1218
3583	0	1280	3049	32	1220
3839	0	1280	3269	32	1219
4095	0	1280	3483	33	1218
0	256	1280	76	272	1235
256	256	1280	299	274	1234
512	256	1280	521	275	1233
768	256	1280	734	276	1233
1024	256	1280	944	277	1235
1280	256	1280	1161	278	1230
1536	256	1280	1373	278	1230
1792	256	1280	1581	278	1228
2048	256	1280	1792	279	1227
2303	256	1280	2005	279	1230
2559	256	1280	2241	282	1230
2815	256	1280	2449	282	1231
3071	256	1280	2663	282	1228
3327	256	1280	2871	282	1224
3583	256	1280	3082	282	1224
3839	256	1280	3299	283	1222
4095	256	1280	3512	283	1223
0	512	1280	101	523	1241
256	512	1280	324	524	1239
512	512	1280	546	525	1237
768	512	1280	759	525	1237
1024	512	1280	966	525	1236
1280	512	1280	1188	526	1235
1536	512	1280	1397	524	1231
1792	512	1280	1605	525	1233
2048	512	1280	1818	525	1232
2303	512	1280	2033	526	1232
2559	512	1280	2265	526	1232
2815	512	1280	2468	527	1233
3071	512	1280	2681	526	1226
3327	512	1280	2897	527	1229
3583	512	1280	3110	527	1225
3839	512	1280	3321	526	1224
4095	512	1280	3536	527	1224
0	768	1280	126	773	1242
256	768	1280	348	773	1242
512	768	1280	570	774	1242
768	768	1280	784	775	1241
1024	768	1280	992	776	1241
1280	768	1280	1213	774	1237
1536	768	1280	1421	774	1235
1792	768	1280	1630	773	1235
2048	768	1280	1842	773	1234
2303	768	1280	2061	774	1237
2559	768	1280	2293	776	1240
2815	768	1280	2502	780	1240
3071	768	1280	2711	774	1232
3327	768	1280	2928	776	1235
3583	768	1280	3140	775	1231
3839	768	1280	3354	775	1230
4095	768	1280	3568	775	1230
0	1024	1280	151	1023	1246
256	1024	1280	374	1023	1244
512	1024	1280	595	1023	1243
768	1024	1280	808	1023	1243
1024	1024	1280	1015	1021	1242
1280	1024	1280	1239	1021	1242
1536	1024	1280	1447	1021	1239
1792	1024	1280	1661	1023	1238
2048	1024	1280	1875	1023	1236
2303	1024	1280	2096	1023	1235
2559	1024	1280	2320	1023	1241
2815	1024	1280	2525	1024	1240
3071	1024	1280	2746	1023	1240
3327	1024	1280	2952	1020	1235
3583	1024	1280	3168	1020	1235
3839	1024	1280	3383	1020	1233
4095	1024	1280	3594	1019	1231
0	1280	1280	175	1274	1252
256	1280	1280	398	1274	1249
512	1280	1280	618	1274	1247
768	1280	1280	831	1274	1246
1024	1280	1280	1042	1275	1244
1280	1280	1280	1264	1271	1242
1536	1280	1280	1469	1271	1242
1792	1280	1280	1681	1270	1242
2048	1280	1280	1893	1270	1244
2303	1280	1280	2121	1274	1244
2559	1280	1280	2349	1278	1243
2815	1280	1280	2554	1277	1243
3071	1280	1280	2770	1273	1242
3327	1280	1280	2981	1272	1241
3583	1280	1280	3192	1269	1236
3839	1280	1280	3407	1269	1236
4095	1280	1280	3622	1268	1234
0	1536	1280	201	1521	1253
256	1536	1280	424	1520	1251
512	1536	1280	643	1518	1250
768	1536	1280	857	1521	1249
1024	1536	1280	1074	1525	1251
1280	1536	1280	1294	1521	1244
1536	1536	1280	1497	1516	1244
1792	1536	1280	1713	1519	1244
2048	1536	1280	1927	1520	1243
2303	1536	1280	2149	1517	1242
2559	1536	1280	2368	1517	1248
2815	1536	1280	2583	1519	1248
3071	1536	1280	2800	1518	1243
3327	1536	1280	3006	1513	1242
3583	1536	1280	3223	1513	1242
3839	1536	1280	3440	1512	1238
4095	1536	1280	3648	1510	1237
0	1792	1280	227	1771	1258
256	1792	1280	451	1770	1257
512	1792	1280	669	1768	1255
768	1792	1280	882	1768	1254
1024	1792	1280	1100	1771	1259
1280	1792	1280	1321	1769	1254
1536	1792	1280	1525	1764	1250
1792	1792	1280	1738	1763	1250
2048	1792	1280	1957	1767	1252
2303	1792	1280	2181	1765	1251
2559	1792	1280	2398	1765	1246
2815	1792	1280	2611	1765	1250
3071	1792	1280	2824	1760	1248
3327	1792	1280	3036	1759	1243
3583	1792	1280	3256	1761	1244
3839	1792	1280	3468	1756	1243
4095	1792	1280	3679	1756	1242
0	2048	1280	252	2015	1262
256	2048	1280	477	2014	1263
512	2048	1280	695	2012	1261
768	2048	1280	907	2012	1259
1024	2048	1280	1125	2011	1261
1280	2048	1280	1345	2010	1260
1536	2048	1280	1554	2009	1256
1792	2048	1280	1766	2007	1254
2048	2048	1280	1985	2011	1255
2303	2048	1280	2216	2011	1257
2559	2048	1280	2430	2012	1253
2815	2048	1280	2642	2009	1255
3071	2048	1280	2856	2005	1250
3327	2048	1280	3068	2003	1249
3583	2048	1280	3284	2001	1249
3839	2048	1280	3498	1998	1248
4095	2048	1280	3711	1998	1245
0	2303	1280	276	2273	1268
256	2303	1280	501	2271	1267
512	2303	1280	718	2270	1266
768	2303	1280	933	2276	1265
1024	2303	1280	1153	2275	1264
1280	2303	1280	1368	2269	1263
1536	2303	1280	1578	2267	1261
1792	2303	1280	1794	2270	1260
2048	2303	1280	2010	2269	1260
2303	2303	1280	2241	2268	1261
2559	2303	1280	2455	2271	1261
2815	2303	1280	2671	2269	1261
3071	2303	1280	2882	2264	1256
3327	2303	1280	3092	2259	1254
3583	2303	1280	3311	2260	1252
3839	2303	1280	3530	2258	1251
4095	2303	1280	3741	2258	1250
0	2559	1280	305	2527	1269
256	2559	1280	531	2525	1268
512	2559	1280	746	2521	1268
768	2559	1280	962	2529	1268
1024	2559	1280	1184	2528	1272
1280	2559	1280	1396	2520	1266
1536	2559	1280	1606	2517	1263
1792	2559	1280	1823	2520	1265
2048	2559	1280	2040	2519	1264
2303	2559	1280	2276	2522	1264
2559	2559	1280	2484	2522	1263
2815	2559	1280	2701	2519	1264
3071	2559	1280	2915	2516	1260
3327	2559	1280	3128	2513	1256
3583	2559	1280	3345	2510	1256
3839	2559	1280	3567	2514	1256
4095	2559	1280	3772	2508	1256
0	2815	1280	332	2777	1274
256	2815	1280	559	2778	1272
512	2815	1280	775	2775	1271
768	2815	1280	985	2771	1269
1024	2815	1280	1209	2769	1273
1280	2815	1280	1424	2770	1269
1536	2815	1280	1635	2767	1265
1792	2815	1280	1850	2766	1267
2048	2815	1280	2073	2769	1266
2303	2815	1280	2305	2769	1268
2559	2815	1280	2510	2768	1268
2815	2815	1280	2731	2766	1267
3071	2815	1280	2944	2762	1264
3327	2815	1280	3160	2759	1263
3583	2815	1280	3375	2756	1260
3839	2815	1280	3589	2751	1262
4095	2815	1280	3803	2755	1259
0	3071	1280	358	3023	1278
256	3071	1280	582	3021	1279
512	3071	1280	799	3020	1276
768	3071	1280	1012	3025	1277
1024	3071	1280	1237	3021	1273
1280	3071	1280	1449	3018	1273
1536	3071	1280	1662	3016	1273
1792	3071	1280	1878	3015	1271
2048	3071	1280	2100	3015	1272
2303	3071	1280	2328	3014	1271
2559	3071	1280	2533	3011	1270
2815	3071	1280	2755	3009	1270
3071	3071	1280	2967	3003	1268
3327	3071	1280	3183	3002	1265
3583	3071	1280	3401	3000	1264
3839	3071	1280	3618	3000	1261
4095	3071	1280	3828	3000	1262
0	3327	1280	385	3277	1280
256	3327	1280	609	3279	1278
512	3327	1280	825	3274	1278
768	3327	1280	1037	3273	1281
1024	3327	1280	1266	3273	1281
1280	3327	1280	1474	3266	1277
1536	3327	1280	1687	3263	1275
1792	3327	1280	1904	3264	1275
2048	3327	1280	2130	3266	1274
2303	3327	1280	2355	3264	1273
2559	3327	1280	2564	3263	1272
2815	3327	1280	2783	3255	1271
3071	3327	1280	3002	3260	1270
3327	3327	1280	3218	3256	1266
3583	3327	1280	3432	3250	1265
3839	3327	1280	3647	3249	1265
4095	3327	1280	3857	3250	1265
0	3583	1280	411	3525	1287
256	3583	1280	635	3523	1288
512	3583	1280	851	3521	1285
768	3583	1280	1067	3521	1283
1024	3583	1280	1293	3516	1281
1280	3583	1280	1500	3511	1281
1536	3583	1280	1714	3507	1277
1792	3583	1280	1931	3508	1277
2048	3583	1280	2158	3507	1278
2303	3583	1280	2382	3508	1277
2559	3583	1280	2596	3509	1276
2815	3583	1280	2814	3502	1274
3071	3583	1280	3029	3501	1274
3327	3583	1280	3247	3499	1276
3583	3583	1280	3465	3497	1272
3839	3583	1280	3683	3497	1269
4095	3583	1280	3892	3498	1270
0	3839	1280	438	3774	1291
256	3839	1280	661	3772	1290
512	3839	1280	878	3771	1289
768	3839	1280	1096	3772	1289
1024	3839	1280	1319	3764	1285
1280	3839	1280	1529	3761	1285
1536	3839	1280	1743	3757	1283
1792	3839	1280	1961	3756	1282
2048	3839	1280	2190	3756	1281
2303	3839	1280	2411	3755	1280
2559	3839	1280	2624	3754	1281
2815	3839	1280	2843	3749	1278
3071	3839	1280	3056	3744	1277
3327	3839	1280	3280	3749	1277
3583	3839	1280	3501	3748	1276
3839	3839	1280	3715	3747	1277
4095	3839	1280	3921	3743	1277
0	4095	1280	466	4021	1297
256	4095	1280	689	4017	1295
512	4095	1280	905	4015	1295
768	4095	1280	1124	4013	1294
1024	4095	1280	1348	4007	1290
1280	4095	1280	1556	4000	1289
1536	4095	1280	1772	3996	1289
1792	4095	1280	1991	3999	1287
2048	4095	1280	2224	4000	1287
2303	4095	1280	2441	3998	1286
2559	4095	1280	2654	3992	1285
2815	4095	1280	2872	3987	1283
3071	4095	1280	3087	3985	1282
3327	4095	1280	3308	3985	1282
3583	4095	1280	3531	3987	1284
3839	4095	1280	3742	3982	1282
4095	4095	1280	3949	3982	1280
0	0	1536	61	25	1474
256	0	1536	285	25	1473
512	0	1536	507	27	1472
768	0	1536	720	27	1470
1024	0	1536	928	28	1470
1280	0	1536	1145	29	1467
1536	0	1536	1357	30	1462
1792	0	1536	1562	31	1461
2048	0	1536	1772	31	1460
2303	0	1536	1983	32	1460
2559	0	1536	2222	33	1466
2815	0	1536	2428	34	1465
3071	0	1536	2640	34	1462
3327	0	1536	2852	35	1460
3583	0	1536	3063	35	1458
3839	0	1536	3277	36	1457
4095	0	1536	3491	37	1456
0	256	1536	86	276	1477
256	256	1536	309	279	1476
512	256	1536	532	279	1475
768	256	1536	745	281	1475
1024	256	1536	952	281	1474
1280	256	1536	1172	282	1472
1536	256	1536	1382	283	1467
1792	256	1536	1590	282	1470
2048	256	1536	1804	284	1471
2303	256	1536	2021	284	1468
2559	256	1536	2248	285	1468
2815	256	1536	2452	285	1467
3071	256	1536	2669	286	1466
3327	256	1536	2881	286	1464
3583	256	1536	3094	287	1464
3839	256	1536	3310	288	1461
4095	256	1536	3523	287	1461
0	512	1536	111	527	1482
256	512	1536	333	527	1479
512	512	1536	554	528	1475
768	512	1536	767	527	1478
1024	512	1536	976	529	1478
1280	512	1536	1196	529	1473
1536	512	1536	1408	529	1474
1792	512	1536	1616	529	1471
2048	512	1536	1826	528	1471
2303	512	1536	2044	530	1473
2559	512	1536	2276	531	1473
2815	512	1536	2478	532	1473
3071	512	1536	2696	531	1471
3327	512	1536	2907	531	1468
3583	512	1536	3119	531	1466
3839	512	1536	3335	531	1466
4095	512	1536	3550	532	1465
0	768	1536	136	778	1486
256	768	1536	358	778	1483
512	768	1536	579	777	1482
768	768	1536	792	778	1481
1024	768	1536	999	779	1481
1280	768	1536	1223	778	1479
1536	768	1536	1433	780	1480
1792	768	1536	1642	778	1475
2048	768	1536	1855	779	1478
2303	768	1536	2076	780	1477
2559	768	1536	2301	780	1477
2815	768	1536	2505	780	1476
3071	768	1536	2727	781	1476
3327	768	1536	2935	780	1472
3583	768	1536	3148	779	1470
3839	768	1536	3361	778	1466
4095	768	1536	3571	777	1466
0	1024	1536	161	1025	1489
256	1024	1536	383	1024	1487
512	1024	1536	604	1025	1484
768	1024	1536	817	1027	1486
1024	1024	1536	1027	1027	1484
1280	1024	1536	1251	1027	1484
1536	1024	1536	1454	1023	1479
1792	1024	1536	1668	1025	1483
2048	1024	1536	1882	1025	1481
2303	1024	1536	2104	1026	1484
2559	1024	1536	2331	1029	1484
2815	1024	1536	2537	1028	1480
3071	1024	1536	2754	1026	1480
3327	1024	1536	2965	1025	1477
3583	1024	1536	3175	1023	1472
3839	1024	1536	3390	1022	1472
4095	1024	1536	3604	1023	1471
0	1280	1536	185	1279	1492
256	1280	1536	408	1279	1489
512	1280	1536	627	1279	1487
768	1280	1536	839	1278	1489
1024	1280	1536	1050	1278	1487
1280	1280	1536	1274	1276	1485
1536	1280	1536	1484	1280	1485
1792	1280	1536	1695	1279	1480
2048	1280	1536	1909	1279	1484
2303	1280	1536	2134	1280	1482
2559	1280	1536	2354	1279	1485
2815	1280	1536	2561	1278	1485
3071	1280	1536	2780	1277	1481
3327	1280	1536	2988	1275	1480
3583	1280	1536	3204	1274	1479
3839	1280	1536	3416	1272	1474
4095	1280	1536	3627	1271	1474
0	1536	1536	211	1525	1497
256	1536	1536	435	1528	1495
512	1536	1536	655	1528	1492
768	1536	1536	867	1526	1491
1024	1536	1536	1080	1524	1489
1280	1536	1536	1303	1524	1488
1536	1536	1536	1508	1522	1490
1792	1536	1536	1719	1520	1490
2048	1536	1536	1936	1523	1489
2303	1536	1536	2164	1525	1488
2559	1536	1536	2383	1525	1488
2815	1536	1536	2592	1523	1486
3071	1536	1536	2808	1520	1485
3327	1536	1536	3019	1518	1481
3583	1536	1536	3231	1516	1480
3839	1536	1536	3447	1515	1480
4095	1536	1536	3660	1515	1475
0	1792	1536	236	1773	1499
256	1792	1536	461	1775	1500
512	1792	1536	680	1775	1502
768	1792	1536	892	1773	1500
1024	1792	1536	1107	1771	1496
1280	1792	1536	1327	1768	1495
1536	1792	1536	1537	1770	1493
1792	1792	1536	1746	1766	1492
2048	1792	1536	1964	1768	1490
2303	1792	1536	2192	1769	1492
2559	1792	1536	2410	1771	1494
2815	1792	1536	2623	1771	1493
3071	1792	1536	2836	1766	1489
3327	1792	1536	3045	1762	1486
3583	1792	1536	3260	1760	1482
3839	1792	1536	3479	1761	1482
4095	1792	1536	3692	1762	1481
0	2048	1536	262	2018	1505
256	2048	1536	486	2016	1505
512	2048	1536	705	2018	1506
768	2048	1536	918	2019	1505
1024	2048	1536	1136	2017	1503
1280	2048	1536	1355	2016	1498
1536	2048	1536	1564	2014	1499
1792	2048	1536	1778	2013	1495
2048	2048	1536	1995	2015	1495
2303	2048	1536	2225	2014	1497
2559	2048	1536	2440	2017	1497
2815	2048	1536	2655	2015	1499
3071	2048	1536	2867	2010	1494
3327	2048	1536	3078	2006	1489
3583	2048	1536	3296	2006	1488
3839	2048	1536	3513	2005	1488
4095	2048	1536	3725	2004	1488
0	2303	1536	287	2284	1511
256	2303	1536	514	2282	1511
512	2303	1536	731	2282	1508
768	2303	1536	943	2281	1510
1024	2303	1536	1163	2277	1509
1280	2303	1536	1378	2274	1506
1536	2303	1536	1588	2271	1505
1792	2303	1536	1803	2272	1504
2048	2303	1536	2022	2274	1504
2303	2303	1536	2254	2275	1504
2559	2303	1536	2465	2275	1504
2815	2303	1536	2678	2270	1505
3071	2303	1536	2891	2267	1499
3327	2303	1536	3106	2265	1495
3583	2303	1536	3323	2264	1495
3839	2303	1536	3537	2260	1493
4095	2303	1536	3756	2266	1494
0	2559	1536	317	2538	1520
256	2559	1536	543	2537	1517
512	2559	1536	759	2532	1517
768	2559	1536	969	2529	1515
1024	2559	1536	1193	2530	1513
1280	2559	1536	1409	2529	1509
1536	2559	1536	1620	2527	1507
1792	2559	1536	1834	2525	1506
2048	2559	1536	2052	2524	1508
2303	2559	1536	2286	2525	1508
2559	2559	1536	2491	2523	1507
2815	2559	1536	2710	2522	1507
3071	2559	1536	2924	2518	1501
3327	2559	1536	3140	2517	1501
3583	2559	1536	3358	2516	1499
3839	2559	1536	3567	2510	1496
4095	2559	1536	3787	2515	1499
0	2815	1536	342	2778	1522
256	2815	1536	567	2778	1520
512	2815	1536	782	2774	1516
768	2815	1536	997	2782	1517
1024	2815	1536	1221	2778	1514
1280	2815	1536	1434	2775	1515
1536	2815	1536	1647	2773	1514
1792	2815	1536	1861	2771	1511
2048	2815	1536	2081	2769	1510
2303	2815	1536	2316	2774	1510
2559	2815	1536	2520	2772	1510
2815	2815	1536	2739	2767	1508
3071	2815	1536	2955	2766	1507
3327	2815	1536	3168	2762	1503
3583	2815	1536	3385	2760	1505
3839	2815	1536	3605	2760	1499
4095	2815	1536	3812	2758	1501
0	3071	1536	369	3034	1520
256	3071	1536	593	3031	1519
512	3071	1536	809	3029	1518
768	3071	1536	1022	3030	1518
1024	3071	1536	1249	3027	1522
1280	3071	1536	1458	3021	1517
1536	3071	1536	1670	3018	1516
1792	3071	1536	1885	3016	1515
2048	3071	1536	2109	3017	1513
2303	3071	1536	2340	3021	1516
2559	3071	1536	2545	3017	1514
2815	3071	1536	2765	3013	1514
3071	3071	1536	2978	3009	1509
3327	3071	1536	3195	3008	1509
3583	3071	1536	3415	3007	1505
3839	3071	1536	3633	3008	1507
4095	3071	1536	3841	3007	1504
0	3327	1536	394	3281	1530
256	3327	1536	618	3278	1527
512	3327	1536	835	3280	1526
768	3327	1536	1050	3283	1524
1024	3327	1536	1277	3277	1524
1280	3327	1536	1484	3271	1521
1536	3327	1536	1698	3269	1517
1792	3327	1536	1913	3267	1516
2048	3327	1536	2138	3267	1516
2303	3327	1536	2364	3267	1518
2559	3327	1536	2575	3269	1516
2815	3327	1536	2793	3261	1513
3071	3327	1536	3004	3256	1512
3327	3327	1536	3223	3254	1510
3583	3327	1536	3445	3257	1510
3839	3327	1536	3661	3255	1510
4095	3327	1536	3865	3252	1509
0	3583	1536	421	3527	1531
256	3583	1536	644	3525	1528
512	3583	1536	860	3524	1529
768	3583	1536	1076	3524	1530
1024	3583	1536	1303	3521	1526
1280	3583	1536	1510	3516	1526
1536	3583	1536	1722	3509	1523
1792	3583	1536	1940	3511	1522
2048	3583	1536	2169	3512	1520
2303	3583	1536	2391	3512	1520
2559	3583	1536	2603	3510	1521
2815	3583	1536	2823	3507	1516
3071	3583	1536	3038	3503	1516
3327	3583	1536	3256	3502	1513
3583	3583	1536	3471	3495	1513
3839	3583	1536	3687	3495	1514
4095	3583	1536	3898	3498	1511
0	3839	1536	448	3778	1535
256	3839	1536	671	3776	1537
512	3839	1536	887	3774	1533
768	3839	1536	1105	3774	1533
1024	3839	1536	1330	3770	1531
1280	3839	1536	1537	3760	1527
1536	3839	1536	1751	3757	1527
1792	3839	1536	1969	3757	1524
2048	3839	1536	2201	3760	1527
2303	3839	1536	2420	3760	1526
2559	3839	1536	2635	3760	1525
2815	3839	1536	2856	3757	1524
3071	3839	1536	3072	3756	1523
3327	3839	1536	3289	3750	1522
3583	3839	1536	3508	3748	1519
3839	3839	1536	3724	3749	1515
4095	3839	1536	3932	3749	1519
0	4095	1536	475	4020	1545
256	4095	1536	698	4017	1544
512	4095	1536	914	4017	1543
768	4095	1536	1134	4015	1542
1024	4095	1536	1356	4008	1539
1280	4095	1536	1565	4002	1532
1536	4095	1536	1781	4000	1532
1792	4095	1536	2000	4000	1531
2048	4095	1536	2235	4003	1531
2303	4095	1536	2453	4006	1533
2559	4095	1536	2669	4004	1532
2815	4095	1536	2888	4000	1530
3071	4095	1536	3101	3995	1529
3327	4095	1536	3321	3992	1527
3583	4095	1536	3544	3993	1527
3839	4095	1536	3758	3992	1527
4095	4095	1536	3962	3989	1526
0	0	1792	71	29	1713
256	0	1792	295	30	1711
512	0	1792	517	31	1711
768	0	1792	732	31	1712
1024	0	1792	939	33	1711
1280	0	1792	1158	33	1710
1536	0	1792	1371	34	1707
1792	0	1792	1576	34	1702
2048	0	1792	1786	35	1702
2303	0	1792	1999	37	1708
2559	0	1792	2239	37	1707
2815	0	1792	2445	38	1708
3071	0	1792	2657	38	1703
3327	0	1792	2868	39	1700
3583	0	1792	3079	39	1697
3839	0	1792	3292	41	1695
4095	0	1792	3507	42	1694
0	256	1792	97	281	1722
256	256	1792	321	284	1719
512	256	1792	543	285	1717
768	256	1792	757	286	1717
1024	256	1792	964	286	1716
1280	256	1792	1188	288	1718
1536	256	1792	1397	287	1709
1792	256	1792	1604	288	1712
2048	256	1792	1819	289	1711
2303	256	1792	2035	290	1712
2559	256	1792	2269	291	1712
2815	256	1792	2470	291	1712
3071	256	1792	2686	291	1708
3327	256	1792	2899	291	1707
3583	256	1792	3109	291	1701
3839	256	1792	3322	292	1701
4095	256	1792	3538	292	1699
0	512	1792	121	532	1724
256	512	1792	344	532	1721
512	512	1792	565	533	1719
768	512	1792	778	533	1719
1024	512	1792	986	534	1719
1280	512	1792	1208	534	1716
1536	512	1792	1420	535	1718
1792	512	1792	1629	535	1713
2048	512	1792	1840	534	1711
2303	512	1792	2059	536	1715
2559	512	1792	2290	537	1714
2815	512	1792	2493	537	1714
3071	512	1792	2713	537	1713
3327	512	1792	2923	537	1708
3583	512	1792	3137	537	1708
3839	512	1792	3354	537	1706
4095	512	1792	3567	537	1703
0	768	1792	146	784	1729
256	768	1792	370	786	1730
512	768	1792	592	786	1727
768	768	1792	805	786	1725
1024	768	1792	1013	786	1723
1280	768	1792	1237	785	1722
1536	768	1792	1447	787	1723
1792	768	1792	1654	784	1715
2048	768	1792	1868	785	1721
2303	768	1792	2093	787	1721
2559	768	1792	2318	788	1720
2815	768	1792	2522	787	1718
3071	768	1792	2741	787	1716
3327	768	1792	2950	786	1712
3583	768	1792	3164	784	1710
3839	768	1792	3377	784	1706
4095	768	1792	3588	783	1706
0	1024	1792	171	1031	1731
256	1024	1792	394	1031	1730
512	1024	1792	614	1031	1728
768	1024	1792	827	1032	1733
1024	1024	1792	1042	1036	1726
1280	1024	1792	1264	1033	1727
1536	1024	1792	1466	1030	1721
1792	1024	1792	1681	1032	1725
2048	1024	1792	1895	1032	1722
2303	1024	1792	2119	1033	1726
2559	1024	1792	2345	1035	1726
2815	1024	1792	2551	1034	1721
3071	1024	1792	2767	1032	1718
3327	1024	1792	2978	1031	1718
3583	1024	1792	3190	1030	1714
3839	1024	1792	3406	1029	1713
4095	1024	1792	3621	1030	1713
0	1280	1792	196	1288	1735
256	1280	1792	420	1289	1732
512	1280	1792	640	1289	1731
768	1280	1792	852	1287	1728
1024	1280	1792	1064	1286	1734
1280	1280	1792	1290	1287	1728
1536	1280	1792	1498	1288	1728
1792	1280	1792	1707	1284	1722
2048	1280	1792	1923	1286	1729
2303	1280	1792	2149	1286	1728
2559	1280	1792	2368	1286	1728
2815	1280	1792	2576	1285	1722
3071	1280	1792	2789	1281	1721
3327	1280	1792	3002	1282	1720
3583	1280	1792	3220	1281	1719
3839	1280	1792	3431	1279	1714
4095	1280	1792	3647	1279	1718
0	1536	1792	221	1530	1741
256	1536	1792	446	1533	1739
512	1536	1792	665	1532	1739
768	1536	1792	877	1532	1738
1024	1536	1792	1091	1529	1732
1280	1536	1792	1311	1527	1733
1536	1536	1792	1521	1529	1734
1792	1536	1792	1733	1528	1733
2048	1536	1792	1948	1528	1728
2303	1536	1792	2178	1531	1731
2559	1536	1792	2397	1533	1731
2815	1536	1792	2606	1530	1730
3071	1536	1792	2821	1526	1723
3327	1536	1792	3032	1524	1722
3583	1536	1792	3245	1522	1721
3839	1536	1792	3463	1522	1720
4095	1536	1792	3681	1524	1715
0	1792	1792	247	1782	1744
256	1792	1792	472	1782	1741
512	1792	1792	691	1781	1743
768	1792	1792	904	1782	1741
1024	1792	1792	1120	1780	1738
1280	1792	1792	1338	1775	1732
1536	1792	1792	1550	1778	1735
1792	1792	1792	1763	1776	1733
2048	1792	1792	1979	1777	1733
2303	1792	1792	2207	1777	1732
2559	1792	1792	2420	1776	1735
2815	1792	1792	2634	1776	1735
3071	1792	1792	2850	1773	1729
3327	1792	1792	3060	1770	1727
3583	1792	1792	3277	1769	1723
3839	1792	1792	3498	1771	1723
4095	1792	1792	3710	1771	1723
0	2048	1792	272	2026	1751
256	2048	1792	498	2028	1751
512	2048	1792	717	2027	1750
768	2048	1792	931	2030	1748
1024	2048	1792	1151	2027	1749
1280	2048	1792	1368	2024	1741
1536	2048	1792	1578	2023	1743
1792	2048	1792	1792	2022	1742
2048	2048	1792	2009	2023	1742
2303	2048	1792	2239	2021	1741
2559	2048	1792	2450	2021	1738
2815	2048	1792	2666	2019	1738
3071	2048	1792	2880	2017	1735
3327	2048	1792	3091	2012	1731
3583	2048	1792	3309	2012	1730
3839	2048	1792	3527	2012	1730
4095	2048	1792	3741	2012	1730
0	2303	1792	298	2292	1756
256	2303	1792	525	2292	1756
512	2303	1792	742	2290	1756
768	2303	1792	955	2289	1755
1024	2303	1792	1177	2288	1756
1280	2303	1792	1392	2284	1751
1536	2303	1792	1601	2280	1749
1792	2303	1792	1815	2279	1748
2048	2303	1792	2033	2278	1747
2303	2303	1792	2270	2284	1747
2559	2303	1792	2478	2283	1746
2815	2303	1792	2692	2278	1744
3071	2303	1792	2906	2274	1742
3327	2303	1792	3121	2273	1738
3583	2303	1792	3339	2273	1737
3839	2303	1792	3555	2270	1735
4095	2303	1792	3773	2274	1735
0	2559	1792	328	2548	1765
256	2559	1792	554	2547	1763
512	2559	1792	772	2543	1763
768	2559	1792	982	2541	1760
1024	2559	1792	1207	2540	1759
1280	2559	1792	1421	2537	1756
1536	2559	1792	1631	2533	1750
1792	2559	1792	1845	2530	1748
2048	2559	1792	2068	2534	1748
2303	2559	1792	2301	2534	1752
2559	2559	1792	2504	2530	1752
2815	2559	1792	2722	2526	1750
3071	2559	1792	2936	2524	1744
3327	2559	1792	3155	2526	1743
3583	2559	1792	3375	2525	1743
3839	2559	1792	3586	2520	1739
4095	2559	1792	3803	2524	1743
0	2815	1792	353	2789	1768
256	2815	1792	579	2789	1766
512	2815	1792	796	2788	1764
768	2815	1792	1010	2794	1764
1024	2815	1792	1234	2786	1761
1280	2815	1792	1446	2783	1759
1536	2815	1792	1659	2780	1756
1792	2815	1792	1874	2780	1753
2048	2815	1792	2096	2778	1755
2303	2815	1792	2326	2779	1754
2559	2815	1792	2535	2780	1755
2815	2815	1792	2753	2775	1750
3071	2815	1792	2965	2770	1747
3327	2815	1792	3180	2767	1746
3583	2815	1792	3402	2770	1748
3839	2815	1792	3623	2772	1742
4095	2815	1792	3831	2770	1745
0	3071	1792	379	3042	1767
256	3071	1792	604	3040	1768
512	3071	1792	822	3041	1766
768	3071	1792	1034	3040	1768
1024	3071	1792	1262	3036	1768
1280	3071	1792	1469	3028	1761
1536	3071	1792	1682	3026	1759
1792	3071	1792	1899	3025	1759
2048	3071	1792	2124	3027	1758
2303	3071	1792	2353	3029	1757
2559	3071	1792	2561	3028	1759
2815	3071	1792	2778	3020	1758
3071	3071	1792	2993	3019	1753
3327	3071	1792	3212	3019	1750
3583	3071	1792	3432	3019	1749
3839	3071	1792	3650	3019	1752
4095	3071	1792	3860	3018	1751
0	3327	1792	405	3292	1775
256	3327	1792	630	3290	1771
512	3327	1792	847	3292	1772
768	3327	1792	1063	3294	1770
1024	3327	1792	1288	3284	1770
1280	3327	1792	1496	3281	1766
1536	3327	1792	1711	3280	1762
1792	3327	1792	1928	3279	1761
2048	3327	1792	2153	3276	1760
2303	3327	1792	2377	3276	1762
2559	3327	1792	2589	3277	1760
2815	3327	1792	2809	3273	1756
3071	3327	1792	3019	3267	1755
3327	3327	1792	3238	3265	1755
3583	3327	1792	3462	3269	1755
3839	3327	1792	3678	3267	1754
4095	3327	1792	3884	3264	1754
0	3583	1792	432	3541	1777
256	3583	1792	656	3538	1775
512	3583	1792	872	3537	1775
768	3583	1792	1089	3535	1776
1024	3583	1792	1315	3532	1770
1280	3583	1792	1521	3524	1769
1536	3583	1792	1736	3522	1768
1792	3583	1792	1953	3521	1768
2048	3583	1792	2183	3521	1766
2303	3583	1792	2405	3523	1765
2559	3583	1792	2618	3521	1765
2815	3583	1792	2838	3519	1763
3071	3583	1792	3054	3517	1759
3327	3583	1792	3269	3511	1757
3583	3583	1792	3491	3510	1758
3839	3583	1792	3707	3510	1760
4095	3583	1792	3916	3511	1756
0	3839	1792	459	3786	1785
256	3839	1792	682	3787	1783
512	3839	1792	898	3786	1782
768	3839	1792	1116	3782	1779
1024	3839	1792	1339	3776	1776
1280	3839	1792	1549	3772	1772
1536	3839	1792	1766	3772	1772
1792	3839	1792	1982	3768	1770
2048	3839	1792	2217	3774	1770
2303	3839	1792	2437	3776	1772
2559	3839	1792	2652	3775	1772
2815	3839	1792	2873	3772	1770
3071	3839	1792	3087	3768	1769
3327	3839	1792	3304	3761	1769
3583	3839	1792	3525	3760	1765
3839	3839	1792	3741	3761	1764
4095	3839	1792	3949	3760	1765
0	4095	1792	486	4030	1788
256	4095	1792	709	4028	1787
512	4095	1792	925	4029	1788
768	4095	1792	1146	4026	1786
1024	4095	1792	1367	4019	1781
1280	4095	1792	1579	4017	1780
1536	4095	1792	1796	4016	1779
1792	4095	1792	2014	4013	1778
2048	4095	1792	2251	4018	1778
2303	4095	1792	2467	4019	1781
2559	4095	1792	2685	4018	1780
2815	4095	1792	2903	4014	1779
3071	4095	1792	3117	4006	1775
3327	4095	1792	3338	4005	1773
3583	4095	1792	3560	4005	1772
3839	4095	1792	3769	3998	1772
4095	4095	1792	3976	3997	1771
0	0	2048	81	33	1959
256	0	2048	306	34	1956
512	0	2048	530	36	1954
768	0	2048	743	36	1954
1024	0	2048	953	37	1955
1280	0	2048	1174	37	1954
1536	0	2048	1386	39	1949
1792	0	2048	1593	39	1948
2048	0	2048	1806	40	1949
2303	0	2048	2022	41	1951
2559	0	2048	2255	41	1951
2815	0	2048	2459	42	1949
3071	0	2048	2674	42	1947
3327	0	2048	2886	44	1943
3583	0	2048	3097	44	1940
3839	0	2048	3311	45	1936
4095	0	2048	3525	45	1934
0	256	2048	106	287	1965
256	256	2048	331	289	1962
512	256	2048	554	290	1962
768	256	2048	769	291	1961
1024	256	2048	975	291	1959
1280	256	2048	1198	292	1957
1536	256	2048	1410	292	1955
1792	256	2048	1621	293	1956
2048	256	2048	1836	295	1956
2303	256	2048	2053	295	1955
2559	256	2048	2284	296	1955
2815	256	2048	2487	296	1955
3071	256	2048	2704	296	1951
3327	256	2048	2916	296	1948
3583	256	2048	3127	296	1944
3839	256	2048	3341	296	1941
4095	256	2048	3554	297	1940
0	512	2048	131	538	1965
256	512	2048	355	537	1963
512	512	2048	576	538	1960
768	512	2048	790	538	1966
1024	512	2048	1002	542	1967
1280	512	2048	1224	540	1961
1536	512	2048	1431	540	1956
1792	512	2048	1643	541	1957
2048	512	2048	1857	541	1957
2303	512	2048	2077	542	1960
2559	512	2048	2309	543	1960
2815	512	2048	2513	544	1954
3071	512	2048	2728	542	1953
3327	512	2048	2941	543	1951
3583	512	2048	3151	541	1946
3839	512	2048	3366	542	1945
4095	512	2048	3581	543	1943
0	768	2048	157	790	1974
256	768	2048	381	791	1970
512	768	2048	602	790	1967
768	768	2048	816	791	1972
1024	768	2048	1029	794	1968
1280	768	2048	1253	793	1968
1536	768	2048	1460	793	1965
1792	768	2048	1672	792	1963
2048	768	2048	1886	793	1964
2303	768	2048	2107	793	1962
2559	768	2048	2330	793	1961
2815	768	2048	2537	793	1959
3071	768	2048	2755	792	1957
3327	768	2048	2963	789	1953
3583	768	2048	3179	790	1952
3839	768	2048	3396	791	1950
4095	768	2048	3611	790	1950
0	1024	2048	182	1040	1978
256	1024	2048	406	1040	1976
512	1024	2048	626	1039	1973
768	1024	2048	840	1039	1976
1024	1024	2048	1054	1042	1975
1280	1024	2048	1280	1042	1968
1536	1024	2048	1482	1039	1968
1792	1024	2048	1695	1039	1966
2048	1024	2048	1912	1040	1969
2303	1024	2048	2137	1041	1968
2559	1024	2048	2359	1041	1968
2815	1024	2048	2567	1041	1962
3071	1024	2048	2781	1037	1961
3327	1024	2048	2994	1038	1960
3583	1024	2048	3205	1036	1955
3839	1024	2048	3422	1035	1954
4095	1024	2048	3637	1036	1954
0	1280	2048	207	1296	1979
256	1280	2048	431	1297	1982
512	1280	2048	652	1296	1980
768	1280	2048	866	1297	1983
1024	1280	2048	1081	1297	1977
1280	1280	2048	1303	1295	1976
1536	1280	2048	1510	1295	1976
1792	1280	2048	1723	1293	1973
2048	1280	2048	1936	1292	1972
2303	1280	2048	2162	1292	1971
2559	1280	2048	2382	1293	1971
2815	1280	2048	2593	1293	1969
3071	1280	2048	2810	1291	1964
3327	1280	2048	3019	1289	1962
3583	1280	2048	3236	1288	1961
3839	1280	2048	3453	1288	1960
4095	1280	2048	3663	1286	1957
0	1536	2048	233	1544	1986
256	1536	2048	457	1541	1986
512	1536	2048	677	1542	1985
768	1536	2048	890	1544	1982
1024	1536	2048	1107	1542	1983
1280	1536	2048	1329	1541	1977
1536	1536	2048	1537	1540	1977
1792	1536	2048	1747	1537	1976
2048	1536	2048	1964	1538	1974
2303	1536	2048	2192	1538	1972
2559	1536	2048	2408	1539	1972
2815	1536	2048	2620	1537	1972
3071	1536	2048	2835	1533	1969
3327	1536	2048	3050	1533	1967
3583	1536	2048	3266	1532	1967
3839	1536	2048	3485	1532	1967
4095	1536	2048	3697	1531	1965
0	1792	2048	258	1791	1987
256	1792	2048	482	1787	1991
512	1792	2048	703	1791	1987
768	1792	2048	917	1792	1989
1024	1792	2048	1134	1789	1987
1280	1792	2048	1352	1785	1983
1536	1792	2048	1561	1784	1982
1792	1792	2048	1774	1781	1977
2048	1792	2048	1990	1783	1977
2303	1792	2048	2224	1786	1978
2559	1792	2048	2437	1786	1977
2815	1792	2048	2650	1784	1977
3071	1792	2048	2866	1781	1971
3327	1792	2048	3080	1780	1970
3583	1792	2048	3292	1776	1968
3839	1792	2048	3518	1781	1969
4095	1792	2048	3727	1778	1967
0	2048	2048	283	2037	1996
256	2048	2048	510	2037	1995
512	2048	2048	728	2035	1990
768	2048	2048	942	2038	1995
1024	2048	2048	1163	2035	1993
1280	2048	2048	1379	2031	1986
1536	2048	2048	1590	2030	1985
1792	2048	2048	1804	2028	1982
2048	2048	2048	2021	2029	1982
2303	2048	2048	2257	2031	1983
2559	2048	2048	2468	2032	1985
2815	2048	2048	2682	2028	1984
3071	2048	2048	2897	2025	1979
3327	2048	2048	3111	2023	1978
3583	2048	2048	3329	2023	1972
3839	2048	2048	3544	2019	1975
4095	2048	2048	3762	2023	1976
0	2303	2048	309	2302	2004
256	2303	2048	536	2300	2001
512	2303	2048	754	2299	2001
768	2303	2048	966	2297	1999
1024	2303	2048	1189	2296	2002
1280	2303	2048	1405	2294	1994
1536	2303	2048	1617	2292	1993
1792	2303	2048	1832	2292	1990
2048	2303	2048	2050	2290	1990
2303	2303	2048	2282	2289	1990
2559	2303	2048	2490	2289	1992
2815	2303	2048	2709	2288	1991
3071	2303	2048	2923	2284	1986
3327	2303	2048	3137	2282	1983
3583	2303	2048	3357	2281	1983
3839	2303	2048	3575	2282	1978
4095	2303	2048	3784	2279	1981
0	2559	2048	338	2554	2010
256	2559	2048	565	2554	2008
512	2559	2048	783	2551	2005
768	2559	2048	996	2554	2006
1024	2559	2048	1220	2548	2003
1280	2559	2048	1433	2545	2001
1536	2559	2048	1645	2543	1998
1792	2559	2048	1861	2541	1998
2048	2559	2048	2082	2541	1996
2303	2559	2048	2313	2540	1994
2559	2559	2048	2519	2540	1993
2815	2559	2048	2739	2537	1993
3071	2559	2048	2953	2535	1990
3327	2559	2048	3173	2536	1986
3583	2559	2048	3395	2538	1986
3839	2559	2048	3612	2536	1986
4095	2559	2048	3820	2533	1983
0	2815	2048	364	2800	2013
256	2815	2048	590	2800	2010
512	2815	2048	809	2802	2009
768	2815	2048	1021	2799	2008
1024	2815	2048	1248	2797	2009
1280	2815	2048	1458	2791	2003
1536	2815	2048	1670	2787	2000
1792	2815	2048	1886	2787	1999
2048	2815	2048	2112	2788	1999
2303	2815	2048	2344	2792	1998
2559	2815	2048	2550	2790	1997
2815	2815	2048	2772	2787	1997
3071	2815	2048	2986	2785	1994
3327	2815	2048	3201	2782	1991
3583	2815	2048	3418	2779	1994
3839	2815	2048	3636	2778	1992
4095	2815	2048	3849	2780	1989
0	3071	2048	391	3052	2015
256	3071	2048	615	3050	2013
512	3071	2048	833	3050	2015
768	3071	2048	1046	3048	2012
1024	3071	2048	1275	3047	2012
1280	3071	2048	1484	3041	2009
1536	3071	2048	1699	3040	2004
1792	3071	2048	1916	3039	2002
2048	3071	2048	2142	3039	2002
2303	3071	2048	2368	3039	2006
2559	3071	2048	2578	3038	2004
2815	3071	2048	2799	3036	2004
3071	3071	2048	3010	3030	2001
3327	3071	2048	3226	3028	1998
3583	3071	2048	3446	3027	1994
3839	3071	2048	3663	3027	1992
4095	3071	2048	3873	3026	1995
0	3327	2048	416	3302	2021
256	3327	2048	641	3303	2018
512	3327	2048	859	3304	2017
768	3327	2048	1074	3302	2016
1024	3327	2048	1299	3293	2013
1280	3327	2048	1508	3291	2013
1536	3327	2048	1724	3289	2010
1792	3327	2048	1941	3288	2009
2048	3327	2048	2171	3289	2009
2303	3327	2048	2395	3292	2009
2559	3327	2048	2608	3291	2008
2815	3327	2048	2830	3289	2005
3071	3327	2048	3043	3285	2004
3327	3327	2048	3256	3278	1999
3583	3327	2048	3479	3279	1997
3839	3327	2048	3696	3279	1997
4095	3327	2048	3906	3280	1997
0	3583	2048	443	3552	2024
256	3583	2048	667	3549	2023
512	3583	2048	883	3548	2025
768	3583	2048	1100	3545	2021
1024	3583	2048	1326	3541	2015
1280	3583	2048	1535	3537	2014
1536	3583	2048	1752	3536	2013
1792	3583	2048	1969	3534	2012
2048	3583	2048	2202	3537	2012
2303	3583	2048	2424	3540	2015
2559	3583	2048	2638	3538	2015
2815	3583	2048	2859	3536	2013
3071	3583	2048	3072	3530	2009
3327	3583	2048	3290	3527	2009
3583	3583	2048	3511	3525	2004
3839	3583	2048	3725	3523	2006
4095	3583	2048	3933	3520	2006
0	3839	2048	470	3801	2033
256	3839	2048	693	3799	2030
512	3839	2048	909	3797	2028
768	3839	2048	1129	3795	2026
1024	3839	2048	1353	3791	2024
1280	3839	2048	1564	3788	2022
1536	3839	2048	1778	3782	2021
1792	3839	2048	1998	3784	2020
2048	3839	2048	2234	3789	2020
2303	3839	2048	2453	3790	2023
2559	3839	2048	2669	3789	2022
2815	3839	2048	2889	3785	2019
3071	3839	2048	3104	3781	2015
3327	3839	2048	3324	3779	2014
3583	3839	2048	3541	3772	2013
3839	3839	2048	3756	3770	2011
4095	3839	2048	3964	3770	2009
0	4095	2048	497	4039	2039
256	4095	2048	719	4037	2036
512	4095	2048	936	4039	2035
768	4095	2048	1158	4035	2033
1024	4095	2048	1378	4029	2030
1280	4095	2048	1591	4026	2027
1536	4095	2048	1808	4026	2025
1792	4095	2048	2028	4025	2025
2048	4095	2048	2265	4029	2027
2303	4095	2048	2482	4033	2030
2559	4095	2048	2700	4030	2029
2815	4095	2048	2919	4026	2026
3071	4095	2048	3134	4022	2024
3327	4095	2048	3351	4015	2021
3583	4095	2048	3572	4011	2020
3839	4095	2048	3786	4010	2016
4095	4095	2048	3997	4012	2017
0	0	2303	91	37	2211
256	0	2303	317	38	2210
512	0	2303	540	40	2208
768	0	2303	754	40	2208
1024	0	2303	962	41	2205
1280	0	2303	1184	42	2202
1536	0	2303	1398	43	2203
1792	0	2303	1608	43	2202
2048	0	2303	1822	44	2202
2303	0	2303	2038	44	2200
2559	0	2303	2269	46	2200
2815	0	2303	2472	47	2200
3071	0	2303	2691	47	2199
3327	0	2303	2901	48	2193
3583	0	2303	3112	48	2190
3839	0	2303	3327	49	2186
4095	0	2303	3538	49	2184
0	256	2303	116	291	2214
256	256	2303	341	294	2213
512	256	2303	564	295	2212
768	256	2303	778	296	2212
1024	256	2303	989	296	2212
1280	256	2303	1213	297	2210
1536	256	2303	1423	297	2207
1792	256	2303	1634	298	2207
2048	256	2303	1849	298	2207
2303	256	2303	2067	300	2206
2559	256	2303	2297	301	2206
2815	256	2303	2500	301	2205
3071	256	2303	2720	301	2202
3327	256	2303	2929	300	2197
3583	256	2303	3141	301	2194
3839	256	2303	3355	300	2189
4095	256	2303	3568	301	2189
0	512	2303	141	543	2218
256	512	2303	364	543	2218
512	512	2303	587	545	2215
768	512	2303	802	545	2216
1024	512	2303	1012	546	2216
1280	512	2303	1235	545	2210
1536	512	2303	1444	546	2209
1792	512	2303	1657	546	2209
2048	512	2303	1871	547	2209
2303	512	2303	2093	548	2212
2559	512	2303	2323	549	2211
2815	512	2303	2527	549	2206
3071	512	2303	2742	547	2204
3327	512	2303	2956	548	2203
3583	512	2303	3167	547	2197
3839	512	2303	3382	547	2196
4095	512	2303	3600	549	2197
0	768	2303	166	797	2225
256	768	2303	391	797	2226
512	768	2303	613	797	2223
768	768	2303	828	798	2223
1024	768	2303	1039	798	2221
1280	768	2303	1265	799	2220
1536	768	2303	1472	798	2218
1792	768	2303	1685	798	2216
2048	768	2303	1900	799	2215
2303	768	2303	2121	798	2214
2559	768	2303	2346	799	2216
2815	768	2303	2555	800	2211
3071	768	2303	2772	798	2205
3327	768	2303	2979	796	2205
3583	768	2303	3195	796	2203
3839	768	2303	3413	797	2202
4095	768	2303	3632	797	2205
0	1024	2303	192	1048	2234
256	1024	2303	418	1049	2232
512	1024	2303	639	1049	2231
768	1024	2303	853	1048	2230
1024	1024	2303	1067	1049	2228
1280	1024	2303	1292	1049	2225
1536	1024	2303	1499	1048	2225
1792	1024	2303	1710	1047	2221
2048	1024	2303	1926	1047	2223
2303	1024	2303	2152	1048	2222
2559	1024	2303	2373	1047	2221
2815	1024	2303	2581	1047	2214
3071	1024	2303	2795	1043	2212
3327	1024	2303	3008	1043	2211
3583	1024	2303	3225	1044	2209
3839	1024	2303	3441	1042	2206
4095	1024	2303	3655	1043	2206
0	1280	2303	217	1301	2237
256	1280	2303	442	1303	2237
512	1280	2303	663	1302	2234
768	1280	2303	877	1303	2237
1024	1280	2303	1094	1304	2230
1280	1280	2303	1315	1301	2228
1536	1280	2303	1522	1300	2228
1792	1280	2303	1737	1301	2227
2048	1280	2303	1952	1300	2226
2303	1280	2303	2178	1299	2224
2559	1280	2303	2395	1299	2223
2815	1280	2303	2607	1298	2223
3071	1280	2303	2826	1298	2217
3327	1280	2303	3034	1295	2216
3583	1280	2303	3253	1295	2216
3839	1280	2303	3471	1295	2213
4095	1280	2303	3688	1296	2216
0	1536	2303	243	1553	2242
256	1536	2303	469	1551	2237
512	1536	2303	689	1551	2238
768	1536	2303	902	1550	2235
1024	1536	2303	1120	1549	2238
1280	1536	2303	1342	1550	2235
1536	1536	2303	1551	1547	2229
1792	1536	2303	1760	1543	2229
2048	1536	2303	1979	1546	2231
2303	1536	2303	2209	1547	2231
2559	1536	2303	2424	1546	2231
2815	1536	2303	2639	1546	2228
3071	1536	2303	2857	1545	2227
3327	1536	2303	3072	1545	2227
3583	1536	2303	3291	1545	2218
3839	1536	2303	3500	1539	2217
4095	1536	2303	3715	1540	2219
0	1792	2303	269	1802	2247
256	1792	2303	495	1798	2246
512	1792	2303	715	1801	2244
768	1792	2303	928	1800	2242
1024	1792	2303	1149	1799	2240
1280	1792	2303	1367	1796	2239
1536	1792	2303	1575	1793	2236
1792	1792	2303	1789	1791	2230
2048	1792	2303	2005	1791	2230
2303	1792	2303	2241	1795	2234
2559	1792	2303	2454	1796	2233
2815	1792	2303	2667	1793	2233
3071	1792	2303	2885	1792	2230
3327	1792	2303	3103	1793	2229
3583	1792	2303	3315	1788	2226
3839	1792	2303	3532	1786	2226
4095	1792	2303	3746	1787	2218
0	2048	2303	294	2043	2254
256	2048	2303	522	2046	2255
512	2048	2303	741	2046	2250
768	2048	2303	955	2047	2252
1024	2048	2303	1176	2043	2249
1280	2048	2303	1391	2039	2245
1536	2048	2303	1602	2036	2239
1792	2048	2303	1818	2037	2237
2048	2048	2303	2036	2037	2236
2303	2048	2303	2273	2041	2237
2559	2048	2303	2483	2041	2241
2815	2048	2303	2698	2036	2240
3071	2048	2303	2913	2034	2233
3327	2048	2303	3127	2032	2236
3583	2048	2303	3345	2031	2229
3839	2048	2303	3566	2031	2227
4095	2048	2303	3780	2032	2227
0	2303	2303	319	2310	2255
256	2303	2303	547	2308	2256
512	2303	2303	765	2308	2256
768	2303	2303	977	2306	2257
1024	2303	2303	1202	2304	2256
1280	2303	2303	1418	2303	2249
1536	2303	2303	1631	2302	2247
1792	2303	2303	1846	2301	2246
2048	2303	2303	2065	2299	2246
2303	2303	2303	2298	2298	2248
2559	2303	2303	2504	2298	2247
2815	2303	2303	2729	2301	2246
3071	2303	2303	2943	2297	2240
3327	2303	2303	3158	2295	2238
3583	2303	2303	3378	2294	2235
3839	2303	2303	3597	2293	2236
4095	2303	2303	3802	2289	2236
0	2559	2303	349	2563	2265
256	2559	2303	576	2562	2262
512	2559	2303	793	2558	2260
768	2559	2303	1007	2562	2260
1024	2559	2303	1232	2555	2258
1280	2559	2303	1445	2553	2255
1536	2559	2303	1658	2552	2255
1792	2559	2303	1874	2550	2252
2048	2559	2303	2097	2550	2251
2303	2559	2303	2326	2548	2249
2559	2559	2303	2532	2547	2248
2815	2559	2303	2758	2549	2249
3071	2559	2303	2970	2545	2251
3327	2559	2303	3188	2544	2244
3583	2559	2303	3407	2544	2244
3839	2559	2303	3624	2542	2241
4095	2559	2303	3836	2542	2237
0	2815	2303	376	2813	2268
256	2815	2303	601	2809	2266
512	2815	2303	819	2808	2263
768	2815	2303	1032	2807	2265
1024	2815	2303	1261	2806	2265
1280	2815	2303	1469	2799	2258
1536	2815	2303	1682	2794	2255
1792	2815	2303	1899	2794	2254
2048	2815	2303	2125	2795	2253
2303	2815	2303	2356	2799	2252
2559	2815	2303	2564	2796	2251
2815	2815	2303	2783	2792	2250
3071	2815	2303	2997	2790	2250
3327	2815	2303	3214	2788	2245
3583	2815	2303	3434	2788	2246
3839	2815	2303	3652	2787	2243
4095	2815	2303	3861	2786	2244
0	3071	2303	402	3061	2274
256	3071	2303	627	3059	2270
512	3071	2303	843	3056	2268
768	3071	2303	1057	3053	2268
1024	3071	2303	1287	3054	2267
1280	3071	2303	1495	3049	2265
1536	3071	2303	1711	3048	2258
1792	3071	2303	1928	3046	2256
2048	3071	2303	2156	3047	2257
2303	3071	2303	2382	3049	2261
2559	3071	2303	2593	3049	2259
2815	3071	2303	2816	3047	2254
3071	3071	2303	3027	3041	2252
3327	3071	2303	3245	3041	2250
3583	3071	2303	3462	3036	2248
3839	3071	2303	3678	3035	2247
4095	3071	2303	3888	3034	2246
0	3327	2303	427	3310	2277
256	3327	2303	652	3309	2275
512	3327	2303	869	3311	2273
768	3327	2303	1086	3310	2269
1024	3327	2303	1313	3306	2268
1280	3327	2303	1520	3299	2267
1536	3327	2303	1737	3298	2265
1792	3327	2303	1955	3297	2264
2048	3327	2303	2185	3297	2263
2303	3327	2303	2408	3299	2265
2559	3327	2303	2619	3296	2264
2815	3327	2303	2838	3292	2262
3071	3327	2303	3053	3290	2262
3327	3327	2303	3273	3288	2257
3583	3327	2303	3494	3288	2255
3839	3327	2303	3710	3287	2251
4095	3327	2303	3920	3287	2252
0	3583	2303	454	3559	2280
256	3583	2303	678	3558	2278
512	3583	2303	896	3560	2280
768	3583	2303	1115	3559	2279
1024	3583	2303	1338	3551	2275
1280	3583	2303	1548	3545	2270
1536	3583	2303	1768	3550	2270
1792	3583	2303	1987	3548	2270
2048	3583	2303	2216	3545	2268
2303	3583	2303	2433	3543	2269
2559	3583	2303	2650	3544	2267
2815	3583	2303	2872	3543	2263
3071	3583	2303	3084	3536	2261
3327	3583	2303	3305	3535	2261
3583	3583	2303	3527	3535	2260
3839	3583	2303	3739	3531	2259
4095	3583	2303	3945	3527	2259
0	3839	2303	481	3809	2289
256	3839	2303	704	3808	2287
512	3839	2303	921	3807	2286
768	3839	2303	1142	3805	2287
1024	3839	2303	1365	3800	2281
1280	3839	2303	1577	3799	2279
1536	3839	2303	1794	3796	2278
1792	3839	2303	2017	3802	2281
2048	3839	2303	2249	3799	2279
2303	3839	2303	2463	3795	2275
2559	3839	2303	2681	3795	2275
2815	3839	2303	2902	3793	2276
3071	3839	2303	3116	3787	2270
3327	3839	2303	3337	3785	2268
3583	3839	2303	3556	3781	2268
3839	3839	2303	3769	3777	2267
4095	3839	2303	3976	3777	2262
0	4095	2303	508	4049	2297
256	4095	2303	731	4050	2294
512	4095	2303	948	4051	2293
768	4095	2303	1170	4044	2290
1024	4095	2303	1391	4040	2287
1280	4095	2303	1606	4041	2286
1536	4095	2303	1822	4037	2284
1792	4095	2303	2045	4042	2285
2048	4095	2303	2283	4044	2288
2303	4095	2303	2496	4044	2285
2559	4095	2303	2713	4038	2282
2815	4095	2303	2930	4032	2282
3071	4095	2303	3146	4028	2278
3327	4095	2303	3365	4023	2276
3583	4095	2303	3587	4020	2273
3839	4095	2303	3800	4020	2272
4095	4095	2303	4010	4020	2272
0	0	2559	101	41	2454
256	0	2559	326	43	2453
512	0	2559	549	43	2455
768	0	2559	765	44	2454
1024	0	2559	973	46	2452
1280	0	2559	1194	46	2449
1536	0	2559	1405	47	2445
1792	0	2559	1613	47	2443
2048	0	2559	1828	48	2444
2303	0	2559	2046	49	2444
2559	0	2559	2277	50	2443
2815	0	2559	2480	51	2442
3071	0	2559	2696	51	2438
3327	0	2559	2908	52	2434
3583	0	2559	3122	52	2433
3839	0	2559	3337	53	2428
4095	0	2559	3547	53	2426
0	256	2559	126	296	2463
256	256	2559	351	299	2460
512	256	2559	574	299	2459
768	256	2559	788	300	2458
1024	256	2559	998	301	2460
1280	256	2559	1222	302	2455
1536	256	2559	1433	301	2453
1792	256	2559	1642	302	2448
2048	256	2559	1855	302	2449
2303	256	2559	2075	303	2449
2559	256	2559	2304	305	2448
2815	256	2559	2508	304	2449
3071	256	2559	2725	305	2443
3327	256	2559	2935	304	2439
3583	256	2559	3150	305	2438
3839	256	2559	3366	305	2434
4095	256	2559	3579	306	2431
0	512	2559	151	547	2462
256	512	2559	375	548	2463
512	512	2559	597	549	2460
768	512	2559	811	549	2465
1024	512	2559	1023	552	2458
1280	512	2559	1246	549	2457
1536	512	2559	1454	550	2455
1792	512	2559	1666	550	2453
2048	512	2559	1880	550	2452
2303	512	2559	2101	551	2452
2559	512	2559	2328	552	2455
2815	512	2559	2537	553	2450
3071	512	2559	2753	552	2450
3327	512	2559	2961	551	2443
3583	512	2559	3174	550	2439
3839	512	2559	3391	551	2439
4095	512	2559	3609	551	2442
0	768	2559	176	800	2469
256	768	2559	399	800	2466
512	768	2559	621	800	2467
768	768	2559	835	802	2466
1024	768	2559	1048	801	2464
1280	768	2559	1274	802	2464
1536	768	2559	1479	800	2461
1792	768	2559	1693	801	2460
2048	768	2559	1907	802	2458
2303	768	2559	2131	802	2459
2559	768	2559	2353	803	2459
2815	768	2559	2562	802	2455
3071	768	2559	2781	802	2449
3327	768	2559	2988	800	2449
3583	768	2559	3204	800	2446
3839	768	2559	3425	800	2448
4095	768	2559	3637	800	2442
0	1024	2559	202	1053	2481
256	1024	2559	426	1052	2478
512	1024	2559	647	1052	2475
768	1024	2559	862	1052	2473
1024	1024	2559	1076	1052	2472
1280	1024	2559	1300	1051	2467
1536	1024	2559	1505	1050	2466
1792	1024	2559	1717	1049	2463
2048	1024	2559	1932	1048	2462
2303	1024	2559	2159	1050	2465
2559	1024	2559	2380	1051	2463
2815	1024	2559	2589	1050	2460
3071	1024	2559	2807	1048	2460
3327	1024	2559	3021	1049	2454
3583	1024	2559	3235	1047	2454
3839	1024	2559	3449	1046	2449
4095	1024	2559	3664	1047	2451
0	1280	2559	226	1305	2482
256	1280	2559	451	1306	2481
512	1280	2559	671	1304	2478
768	1280	2559	884	1304	2478
1024	1280	2559	1101	1304	2475
1280	1280	2559	1323	1303	2473
1536	1280	2559	1530	1303	2471
1792	1280	2559	1744	1303	2471
2048	1280	2559	1960	1303	2469
2303	1280	2559	2186	1302	2467
2559	1280	2559	2402	1302	2468
2815	1280	2559	2616	1301	2466
3071	1280	2559	2833	1301	2460
3327	1280	2559	3043	1298	2459
3583	1280	2559	3261	1299	2457
3839	1280	2559	3479	1298	2456
4095	1280	2559	3690	1297	2454
0	1536	2559	252	1556	2491
256	1536	2559	479	1555	2488
512	1536	2559	698	1554	2485
768	1536	2559	910	1553	2484
1024	1536	2559	1130	1553	2483
1280	1536	2559	1350	1552	2476
1536	1536	2559	1556	1547	2474
1792	1536	2559	1769	1547	2473
2048	1536	2559	1985	1547	2473
2303	1536	2559	2218	1549	2475
2559	1536	2559	2433	1549	2476
2815	1536	2559	2646	1548	2471
3071	1536	2559	2862	1546	2469
3327	1536	2559	3074	1544	2464
3583	1536	2559	3289	1542	2463
3839	1536	2559	3509	1543	2463
4095	1536	2559	3724	1544	2464
0	1792	2559	278	1801	2492
256	1792	2559	504	1800	2492
512	1792	2559	722	1798	2489
768	1792	2559	936	1801	2488
1024	1792	2559	1156	1800	2485
1280	1792	2559	1373	1796	2483
1536	1792	2559	1582	1794	2476
1792	1792	2559	1796	1792	2474
2048	1792	2559	2012	1793	2474
2303	1792	2559	2244	1793	2474
2559	1792	2559	2459	1797	2481
2815	1792	2559	2675	1795	2477
3071	1792	2559	2893	1795	2480
3327	1792	2559	3110	1796	2473
3583	1792	2559	3324	1791	2473
3839	1792	2559	3544	1792	2473
4095	1792	2559	3757	1792	2473
0	2048	2559	304	2048	2496
256	2048	2559	531	2047	2493
512	2048	2559	748	2045	2493
768	2048	2559	961	2047	2491
1024	2048	2559	1183	2044	2494
1280	2048	2559	1399	2041	2487
1536	2048	2559	1610	2039	2484
1792	2048	2559	1825	2038	2481
2048	2048	2559	2044	2038	2480
2303	2048	2559	2276	2037	2479
2559	2048	2559	2487	2040	2479
2815	2048	2559	2705	2038	2483
3071	2048	2559	2918	2035	2477
3327	2048	2559	3133	2033	2480
3583	2048	2559	3354	2034	2474
3839	2048	2559	3574	2034	2474
4095	2048	2559	3787	2034	2474
0	2303	2559	328	2311	2504
256	2303	2559	556	2310	2501
512	2303	2559	773	2309	2501
768	2303	2559	984	2306	2499
1024	2303	2559	1210	2305	2500
1280	2303	2559	1424	2303	2493
1536	2303	2559	1635	2300	2491
1792	2303	2559	1849	2297	2489
2048	2303	2559	2072	2299	2489
2303	2303	2559	2303	2298	2486
2559	2303	2559	2508	2296	2486
2815	2303	2559	2735	2302	2490
3071	2303	2559	2950	2299	2486
3327	2303	2559	3165	2297	2480
3583	2303	2559	3384	2296	2481
3839	2303	2559	3599	2293	2480
4095	2303	2559	3809	2290	2480
0	2559	2559	358	2563	2510
256	2559	2559	584	2561	2508
512	2559	2559	801	2558	2505
768	2559	2559	1013	2558	2505
1024	2559	2559	1240	2556	2503
1280	2559	2559	1453	2555	2499
1536	2559	2559	1668	2555	2497
1792	2559	2559	1885	2555	2492
2048	2559	2559	2106	2553	2494
2303	2559	2559	2332	2549	2491
2559	2559	2559	2539	2549	2490
2815	2559	2559	2768	2554	2491
3071	2559	2559	2979	2549	2495
3327	2559	2559	3195	2546	2489
3583	2559	2559	3413	2545	2488
3839	2559	2559	3628	2541	2484
4095	2559	2559	3838	2540	2482
0	2815	2559	385	2810	2513
256	2815	2559	610	2808	2510
512	2815	2559	826	2806	2507
768	2815	2559	1041	2808	2507
1024	2815	2559	1267	2802	2506
1280	2815	2559	1477	2798	2503
1536	2815	2559	1692	2797	2502
1792	2815	2559	1908	2797	2503
2048	2815	2559	2136	2799	2501
2303	2815	2559	2367	2805	2498
2559	2815	2559	2576	2803	2498
2815	2815	2559	2794	2798	2496
3071	2815	2559	3010	2796	2499
3327	2815	2559	3224	2793	2492
3583	2815	2559	3443	2791	2490
3839	2815	2559	3660	2790	2487
4095	2815	2559	3869	2789	2486
0	3071	2559	411	3061	2517
256	3071	2559	635	3059	2516
512	3071	2559	851	3056	2512
768	3071	2559	1066	3054	2513
1024	3071	2559	1295	3053	2507
1280	3071	2559	1502	3049	2506
1536	3071	2559	1716	3045	2503
1792	3071	2559	1937	3049	2503
2048	3071	2559	2168	3054	2504
2303	3071	2559	2392	3053	2510
2559	3071	2559	2603	3052	2508
2815	3071	2559	2821	3046	2502
3071	3071	2559	3036	3045	2502
3327	3071	2559	3253	3043	2500
3583	3071	2559	3469	3038	2495
3839	3071	2559	3684	3036	2494
4095	3071	2559	3893	3035	2493
0	3327	2559	437	3311	2523
256	3327	2559	660	3308	2520
512	3327	2559	877	3309	2518
768	3327	2559	1094	3308	2516
1024	3327	2559	1319	3302	2514
1280	3327	2559	1527	3298	2513
1536	3327	2559	1744	3296	2509
1792	3327	2559	1962	3296	2505
2048	3327	2559	2194	3299	2512
2303	3327	2559	2417	3303	2512
2559	3327	2559	2630	3301	2511
2815	3327	2559	2848	3295	2506
3071	3327	2559	3063	3295	2504
3327	3327	2559	3280	3290	2503
3583	3327	2559	3499	3288	2500
3839	3327	2559	3716	3287	2496
4095	3327	2559	3925	3287	2496
0	3583	2559	464	3558	2527
256	3583	2559	687	3556	2524
512	3583	2559	903	3558	2523
768	3583	2559	1123	3557	2524
1024	3583	2559	1346	3550	2517
1280	3583	2559	1557	3546	2514
1536	3583	2559	1777	3552	2515
1792	3583	2559	1994	3548	2514
2048	3583	2559	2223	3544	2512
2303	3583	2559	2442	3544	2516
2559	3583	2559	2659	3546	2518
2815	3583	2559	2878	3542	2512
3071	3583	2559	3091	3536	2509
3327	3583	2559	3312	3537	2509
3583	3583	2559	3530	3532	2505
3839	3583	2559	3743	3530	2504
4095	3583	2559	3952	3529	2504
0	3839	2559	491	3810	2536
256	3839	2559	713	3806	2533
512	3839	2559	929	3807	2533
768	3839	2559	1152	3809	2533
1024	3839	2559	1374	3803	2527
1280	3839	2559	1583	3794	2524
1536	3839	2559	1803	3798	2528
1792	3839	2559	2022	3796	2528
2048	3839	2559	2257	3797	2524
2303	3839	2559	2472	3798	2521
2559	3839	2559	2688	3794	2523
2815	3839	2559	2906	3789	2520
3071	3839	2559	3122	3786	2516
3327	3839	2559	3340	3781	2514
3583	3839	2559	3561	3780	2514
3839	3839	2559	3775	3778	2511
4095	3839	2559	3983	3779	2510
0	4095	2559	519	4049	2543
256	4095	2559	739	4045	2541
512	4095	2559	956	4049	2539
768	4095	2559	1180	4048	2540
1024	4095	2559	1400	4043	2537
1280	4095	2559	1613	4039	2530
1536	4095	2559	1833	4042	2532
1792	4095	2559	2053	4041	2532
2048	4095	2559	2290	4042	2531
2303	4095	2559	2503	4044	2533
2559	4095	2559	2721	4039	2530
2815	4095	2559	2937	4032	2526
3071	4095	2559	3153	4027	2524
3327	4095	2559	3374	4026	2520
3583	4095	2559	3596	4024	2520
3839	4095	2559	3811	4024	2520
4095	4095	2559	4013	4017	2518
0	0	2815	111	45	2702
256	0	2815	337	47	2701
512	0	2815	559	47	2700
768	0	2815	774	49	2697
1024	0	2815	981	50	2697
1280	0	2815	1204	50	2695
1536	0	2815	1414	51	2692
1792	0	2815	1622	51	2686
2048	0	2815	1834	52	2687
2303	0	2815	2055	53	2688
2559	0	2815	2284	54	2687
2815	0	2815	2487	54	2686
3071	0	2815	2702	55	2680
3327	0	2815	2914	56	2678
3583	0	2815	3131	56	2678
3839	0	2815	3347	58	2672
4095	0	2815	3556	58	2672
0	256	2815	136	300	2706
256	256	2815	361	301	2706
512	256	2815	583	303	2704
768	256	2815	797	304	2703
1024	256	2815	1006	305	2704
1280	256	2815	1231	306	2699
1536	256	2815	1440	305	2697
1792	256	2815	1648	306	2691
2048	256	2815	1861	306	2693
2303	256	2815	2084	307	2692
2559	256	2815	2310	307	2691
2815	256	2815	2515	308	2690
3071	256	2815	2734	308	2688
3327	256	2815	2944	308	2683
3583	256	2815	3159	309	2681
3839	256	2815	3376	309	2680
4095	256	2815	3590	310	2678
0	512	2815	161	551	2711
256	512	2815	385	552	2709
512	512	2815	606	553	2707
768	512	2815	820	554	2711
1024	512	2815	1032	555	2705
1280	512	2815	1254	553	2703
1536	512	2815	1461	554	2700
1792	512	2815	1674	553	2699
2048	512	2815	1888	554	2697
2303	512	2815	2108	554	2695
2559	512	2815	2333	555	2698
2815	512	2815	2543	556	2693
3071	512	2815	2760	555	2693
3327	512	2815	2970	555	2689
3583	512	2815	3186	555	2687
3839	512	2815	3403	556	2685
4095	512	2815	3619	556	2686
0	768	2815	186	804	2718
256	768	2815	410	805	2715
512	768	2815	631	805	2715
768	768	2815	845	806	2715
1024	768	2815	1057	806	2709
1280	768	2815	1281	805	2708
1536	768	2815	1488	804	2706
1792	768	2815	1700	804	2705
2048	768	2815	1916	804	2704
2303	768	2815	2139	805	2702
2559	768	2815	2359	805	2702
2815	768	2815	2569	805	2703
3071	768	2815	2791	806	2697
3327	768	2815	3000	804	2697
3583	768	2815	3216	805	2695
3839	768	2815	3433	804	2692
4095	768	2815	3642	803	2687
0	1024	2815	211	1056	2726
256	1024	2815	436	1056	2725
512	1024	2815	657	1056	2723
768	1024	2815	869	1055	2720
1024	1024	2815	1084	1055	2718
1280	1024	2815	1308	1055	2711
1536	1024	2815	1511	1052	2710
1792	1024	2815	1724	1052	2708
2048	1024	2815	1940	1051	2707
2303	1024	2815	2168	1054	2710
2559	1024	2815	2388	1054	2710
2815	1024	2815	2599	1054	2705
3071	1024	2815	2815	1052	2705
3327	1024	2815	3029	1052	2701
3583	1024	2815	3246	1052	2701
3839	1024	2815	3462	1051	2698
4095	1024	2815	3676	1052	2698
0	1280	2815	235	1309	2731
256	1280	2815	460	1309	2729
512	1280	2815	679	1308	2726
768	1280	2815	892	1308	2724
1024	1280	2815	1110	1307	2722
1280	1280	2815	1331	1307	2719
1536	1280	2815	1539	1307	2715
1792	1280	2815	1751	1305	2715
2048	1280	2815	1967	1305	2714
2303	1280	2815	2195	1305	2714
2559	1280	2815	2411	1305	2715
2815	1280	2815	2626	1306	2716
3071	1280	2815	2845	1306	2709
3327	1280	2815	3055	1303	2707
3583	1280	2815	3272	1303	2705
3839	1280	2815	3492	1304	2705
4095	1280	2815	3700	1301	2701
0	1536	2815	262	1559	2738
256	1536	2815	488	1558	2738
512	1536	2815	707	1558	2735
768	1536	2815	919	1556	2732
1024	1536	2815	1138	1555	2729
1280	1536	2815	1356	1553	2721
1536	1536	2815	1563	1549	2720
1792	1536	2815	1778	1550	2717
2048	1536	2815	1992	1549	2717
2303	1536	2815	2230	1554	2726
2559	1536	2815	2444	1555	2726
2815	1536	2815	2657	1553	2720
3071	1536	2815	2872	1550	2717
3327	1536	2815	3085	1549	2712
3583	1536	2815	3298	1546	2710
3839	1536	2815	3518	1546	2710
4095	1536	2815	3732	1548	2711
0	1792	2815	286	1802	2740
256	1792	2815	514	1804	2740
512	1792	2815	731	1801	2738
768	1792	2815	944	1804	2741
1024	1792	2815	1165	1803	2734
1280	1792	2815	1381	1799	2731
1536	1792	2815	1591	1798	2728
1792	1792	2815	1804	1796	2727
2048	1792	2815	2022	1797	2733
2303	1792	2815	2261	1802	2732
2559	1792	2815	2473	1804	2734
2815	1792	2815	2688	1801	2728
3071	1792	2815	2904	1800	2728
3327	1792	2815	3118	1798	2720
3583	1792	2815	3331	1793	2719
3839	1792	2815	3552	1794	2720
4095	1792	2815	3765	1794	2720
0	2048	2815	312	2049	2743
256	2048	2815	540	2047	2742
512	2048	2815	756	2045	2741
768	2048	2815	970	2049	2740
1024	2048	2815	1193	2046	2742
1280	2048	2815	1407	2044	2734
1536	2048	2815	1619	2042	2731
1792	2048	2815	1835	2043	2729
2048	2048	2815	2057	2044	2729
2303	2048	2815	2290	2044	2729
2559	2048	2815	2497	2044	2734
2815	2048	2815	2716	2043	2735
3071	2048	2815	2932	2043	2729
3327	2048	2815	3147	2040	2729
3583	2048	2815	3365	2039	2728
3839	2048	2815	3586	2039	2727
4095	2048	2815	3796	2038	2725
0	2303	2815	338	2315	2752
256	2303	2815	564	2314	2750
512	2303	2815	782	2313	2746
768	2303	2815	993	2309	2745
1024	2303	2815	1219	2308	2748
1280	2303	2815	1433	2306	2741
1536	2303	2815	1644	2303	2739
1792	2303	2815	1859	2301	2737
2048	2303	2815	2083	2304	2739
2303	2303	2815	2317	2308	2739
2559	2303	2815	2523	2307	2739
2815	2303	2815	2747	2308	2739
3071	2303	2815	2959	2303	2736
3327	2303	2815	3175	2301	2734
3583	2303	2815	3392	2299	2730
3839	2303	2815	3607	2296	2730
4095	2303	2815	3819	2295	2729
0	2559	2815	367	2566	2760
256	2559	2815	593	2565	2758
512	2559	2815	810	2563	2755
768	2559	2815	1022	2562	2755
1024	2559	2815	1249	2558	2750
1280	2559	2815	1463	2561	2749
1536	2559	2815	1676	2558	2747
1792	2559	2815	1892	2556	2741
2048	2559	2815	2117	2557	2743
2303	2559	2815	2345	2557	2746
2559	2559	2815	2552	2557	2745
2815	2559	2815	2778	2558	2745
3071	2559	2815	2988	2552	2744
3327	2559	2815	3205	2550	2737
3583	2559	2815	3424	2550	2737
3839	2559	2815	3639	2546	2731
4095	2559	2815	3846	2543	2731
0	2815	2815	393	2811	2762
256	2815	2815	619	2810	2759
512	2815	2815	836	2811	2757
768	2815	2815	1050	2810	2756
1024	2815	2815	1277	2807	2755
1280	2815	2815	1485	2801	2751
1536	2815	2815	1701	2801	2753
1792	2815	2815	1918	2802	2749
2048	2815	2815	2146	2802	2748
2303	2815	2815	2372	2804	2749
2559	2815	2815	2581	2802	2748
2815	2815	2815	2802	2800	2748
3071	2815	2815	3017	2798	2748
3327	2815	2815	3232	2794	2741
3583	2815	2815	3451	2792	2740
3839	2815	2815	3668	2792	2737
4095	2815	2815	3877	2791	2734
0	3071	2815	420	3061	2764
256	3071	2815	644	3059	2763
512	3071	2815	860	3058	2764
768	3071	2815	1076	3058	2763
1024	3071	2815	1304	3057	2759
1280	3071	2815	1514	3057	2759
1536	3071	2815	1725	3049	2751
1792	3071	2815	1944	3049	2752
2048	3071	2815	2176	3054	2752
2303	3071	2815	2399	3055	2755
2559	3071	2815	2611	3055	2753
2815	3071	2815	2832	3052	2750
3071	3071	2815	3044	3047	2749
3327	3071	2815	3263	3046	2748
3583	3071	2815	3478	3041	2742
3839	3071	2815	3691	3038	2741
4095	3071	2815	3901	3037	2741
0	3327	2815	446	3311	2771
256	3327	2815	669	3308	2767
512	3327	2815	886	3312	2766
768	3327	2815	1106	3314	2766
1024	3327	2815	1330	3308	2764
1280	3327	2815	1538	3303	2762
1536	3327	2815	1756	3304	2763
1792	3327	2815	1975	3304	2755
2048	3327	2815	2207	3307	2759
2303	3327	2815	2429	3310	2762
2559	3327	2815	2642	3307	2761
2815	3327	2815	2858	3300	2757
3071	3327	2815	3073	3298	2753
3327	3327	2815	3290	3294	2752
3583	3327	2815	3510	3293	2750
3839	3327	2815	3727	3293	2745
4095	3327	2815	3936	3293	2744
0	3583	2815	474	3561	2776
256	3583	2815	696	3560	2773
512	3583	2815	912	3558	2771
768	3583	2815	1133	3558	2777
1024	3583	2815	1357	3558	2770
1280	3583	2815	1568	3554	2766
1536	3583	2815	1787	3556	2766
1792	3583	2815	2005	3553	2768
2048	3583	2815	2236	3550	2767
2303	3583	2815	2452	3549	2770
2559	3583	2815	2668	3549	2770
2815	3583	2815	2887	3545	2763
3071	3583	2815	3100	3540	2760
3327	3583	2815	3321	3539	2756
3583	3583	2815	3537	3533	2755
3839	3583	2815	3751	3533	2755
4095	3583	2815	3960	3532	2756
0	3839	2815	501	3813	2787
256	3839	2815	722	3808	2784
512	3839	2815	937	3807	2782
768	3839	2815	1161	3809	2781
1024	3839	2815	1384	3807	2781
1280	3839	2815	1595	3801	2778
1536	3839	2815	1812	3800	2778
1792	3839	2815	2033	3802	2779
2048	3839	2815	2268	3802	2776
2303	3839	2815	2482	3801	2773
2559	3839	2815	2698	3796	2772
2815	3839	2815	2915	3791	2770
3071	3839	2815	3131	3789	2765
3327	3839	2815	3352	3787	2764
3583	3839	2815	3567	3781	2762
3839	3839	2815	3783	3781	2758
4095	3839	2815	3991	3781	2758
0	4095	2815	529	4054	2794
256	4095	2815	749	4053	2791
512	4095	2815	965	4052	2788
768	4095	2815	1188	4046	2787
1024	4095	2815	1408	4044	2787
1280	4095	2815	1624	4045	2782
1536	4095	2815	1842	4044	2782
1792	4095	2815	2062	4042	2784
2048	4095	2815	2297	4041	2783
2303	4095	2815	2511	4046	2784
2559	4095	2815	2730	4040	2782
2815	4095	2815	2947	4035	2776
3071	4095	2815	3163	4031	2775
3327	4095	2815	3383	4027	2771
3583	4095	2815	3604	4025	2767
3839	4095	2815	3816	4024	2767
4095	4095	2815	4024	4023	2767
0	0	3071	122	49	2943
256	0	3071	346	51	2941
512	0	3071	569	52	2939
768	0	3071	782	53	2938
1024	0	3071	992	53	2939
1280	0	3071	1214	54	2933
1536	0	3071	1424	55	2930
1792	0	3071	1633	55	2927
2048	0	3071	1845	57	2926
2303	0	3071	2065	57	2926
2559	0	3071	2293	58	2924
2815	0	3071	2496	58	2924
3071	0	3071	2718	59	2924
3327	0	3071	2928	60	2919
3583	0	3071	3142	61	2917
3839	0	3071	3358	62	2912
4095	0	3071	3570	62	2913
0	256	3071	146	304	2947
256	256	3071	370	306	2947
512	256	3071	592	307	2944
768	256	3071	806	307	2945
1024	256	3071	1016	309	2940
1280	256	3071	1240	310	2939
1536	256	3071	1447	309	2935
1792	256	3071	1657	310	2931
2048	256	3071	1871	310	2931
2303	256	3071	2093	311	2931
2559	256	3071	2319	311	2929
2815	256	3071	2523	312	2929
3071	256	3071	2745	313	2928
3327	256	3071	2954	312	2923
3583	256	3071	3168	313	2920
3839	256	3071	3388	313	2921
4095	256	3071	3606	314	2922
0	512	3071	171	556	2955
256	512	3071	395	557	2952
512	512	3071	616	558	2950
768	512	3071	830	558	2949
1024	512	3071	1040	559	2946
1280	512	3071	1265	558	2943
1536	512	3071	1470	558	2939
1792	512	3071	1681	557	2936
2048	512	3071	1895	557	2934
2303	512	3071	2119	558	2936
2559	512	3071	2344	559	2937
2815	512	3071	2552	560	2936
3071	512	3071	2773	560	2935
3327	512	3071	2985	560	2934
3583	512	3071	3198	559	2928
3839	512	3071	3415	560	2925
4095	512	3071	3631	560	2926
0	768	3071	196	809	2960
256	768	3071	420	809	2957
512	768	3071	641	809	2958
768	768	3071	855	811	2957
1024	768	3071	1068	810	2950
1280	768	3071	1289	809	2948
1536	768	3071	1496	808	2946
1792	768	3071	1709	809	2945
2048	768	3071	1924	808	2942
2303	768	3071	2151	809	2945
2559	768	3071	2372	811	2945
2815	768	3071	2583	810	2945
3071	768	3071	2804	811	2942
3327	768	3071	3014	810	2940
3583	768	3071	3227	809	2934
3839	768	3071	3445	809	2932
4095	768	3071	3658	809	2931
0	1024	3071	221	1060	2966
256	1024	3071	446	1060	2964
512	1024	3071	665	1060	2961
768	1024	3071	878	1059	2959
1024	1024	3071	1093	1059	2957
1280	1024	3071	1316	1058	2953
1536	1024	3071	1521	1057	2951
1792	1024	3071	1737	1057	2952
2048	1024	3071	1952	1057	2950
2303	1024	3071	2181	1059	2952
2559	1024	3071	2400	1059	2953
2815	1024	3071	2612	1060	2950
3071	1024	3071	2830	1058	2945
3327	1024	3071	3040	1057	2943
3583	1024	3071	3257	1056	2941
3839	1024	3071	3472	1055	2937
4095	1024	3071	3685	1054	2937
0	1280	3071	245	1311	2970
256	1280	3071	470	1312	2968
512	1280	3071	688	1310	2964
768	1280	3071	901	1312	2965
1024	1280	3071	1119	1311	2958
1280	1280	3071	1337	1309	2956
1536	1280	3071	1547	1308	2958
1792	1280	3071	1763	1311	2958
2048	1280	3071	1978	1310	2956
2303	1280	3071	2207	1310	2956
2559	1280	3071	2422	1310	2956
2815	1280	3071	2637	1310	2955
3071	1280	3071	2855	1310	2952
3327	1280	3071	3068	1308	2947
3583	1280	3071	3282	1306	2946
3839	1280	3071	3503	1307	2946
4095	1280	3071	3713	1306	2943
0	1536	3071	271	1562	2979
256	1536	3071	498	1562	2978
512	1536	3071	715	1561	2974
768	1536	3071	926	1558	2971
1024	1536	3071	1146	1558	2969
1280	1536	3071	1366	1556	2965
1536	1536	3071	1575	1555	2964
1792	1536	3071	1789	1556	2962
2048	1536	3071	2007	1556	2962
2303	1536	3071	2241	1559	2966
2559	1536	3071	2452	1558	2965
2815	1536	3071	2667	1558	2962
3071	1536	3071	2883	1555	2956
3327	1536	3071	3095	1553	2953
3583	1536	3071	3312	1551	2952
3839	1536	3071	3532	1552	2948
4095	1536	3071	3740	1550	2949
0	1792	3071	296	1809	2985
256	1792	3071	524	1810	2981
512	1792	3071	740	1806	2980
768	1792	3071	952	1808	2981
1024	1792	3071	1175	1806	2977
1280	1792	3071	1392	1805	2976
1536	1792	3071	1602	1804	2967
1792	1792	3071	1814	1799	2971
2048	1792	3071	2035	1803	2974
2303	1792	3071	2272	1806	2974
2559	1792	3071	2480	1807	2973
2815	1792	3071	2696	1803	2968
3071	1792	3071	2912	1802	2967
3327	1792	3071	3127	1801	2962
3583	1792	3071	3343	1798	2957
3839	1792	3071	3558	1797	2959
4095	1792	3071	3773	1796	2958
0	2048	3071	322	2055	2988
256	2048	3071	549	2053	2986
512	2048	3071	766	2053	2986
768	2048	3071	979	2051	2982
1024	2048	3071	1205	2053	2982
1280	2048	3071	1418	2050	2977
1536	2048	3071	1630	2047	2976
1792	2048	3071	1847	2048	2978
2048	2048	3071	2067	2047	2977
2303	2048	3071	2300	2048	2978
2559	2048	3071	2505	2047	2979
2815	2048	3071	2726	2047	2977
3071	2048	3071	2942	2047	2974
3327	2048	3071	3155	2043	2968
3583	2048	3071	3372	2041	2968
3839	2048	3071	3592	2041	2966
4095	2048	3071	3801	2039	2967
0	2303	3071	347	2317	2995
256	2303	3071	573	2316	2992
512	2303	3071	790	2315	2990
768	2303	3071	1003	2316	2990
1024	2303	3071	1228	2312	2988
1280	2303	3071	1443	2311	2988
1536	2303	3071	1655	2309	2980
1792	2303	3071	1871	2307	2981
2048	2303	3071	2096	2311	2981
2303	2303	3071	2328	2312	2980
2559	2303	3071	2538	2316	2981
2815	2303	3071	2757	2312	2979
3071	2303	3071	2966	2305	2976
3327	2303	3071	3182	2303	2974
3583	2303	3071	3401	2302	2968
3839	2303	3071	3618	2301	2968
4095	2303	3071	3829	2299	2967
0	2559	3071	377	2567	2999
256	2559	3071	601	2566	2996
512	2559	3071	818	2565	2994
768	2559	3071	1032	2568	2996
1024	2559	3071	1258	2562	2994
1280	2559	3071	1472	2565	2988
1536	2559	3071	1687	2564	2990
1792	2559	3071	1903	2563	2984
2048	2559	3071	2130	2564	2988
2303	2559	3071	2360	2568	2989
2559	2559	3071	2567	2566	2992
2815	2559	3071	2786	2561	2990
3071	2559	3071	3000	2560	2985
3327	2559	3071	3215	2554	2977
3583	2559	3071	3433	2553	2975
3839	2559	3071	3650	2551	2973
4095	2559	3071	3860	2550	2973
0	2815	3071	403	2817	3003
256	2815	3071	628	2815	2999
512	2815	3071	845	2816	2998
768	2815	3071	1061	2817	3001
1024	2815	3071	1290	2816	3000
1280	2815	3071	1497	2809	2991
1536	2815	3071	1712	2808	2994
1792	2815	3071	1931	2809	2993
2048	2815	3071	2159	2811	2992
2303	2815	3071	2383	2811	2996
2559	2815	3071	2594	2810	2994
2815	2815	3071	2817	2809	2988
3071	2815	3071	3026	2802	2987
3327	2815	3071	3246	2802	2985
3583	2815	3071	3462	2797	2980
3839	2815	3071	3677	2795	2979
4095	2815	3071	3885	2793	2978
0	3071	3071	430	3068	3010
256	3071	3071	653	3068	3008
512	3071	3071	870	3066	3007
768	3071	3071	1087	3064	3008
1024	3071	3071	1312	3058	3003
1280	3071	3071	1524	3063	3005
1536	3071	3071	1739	3059	2998
1792	3071	3071	1957	3058	2997
2048	3071	3071	2186	3058	2999
2303	3071	3071	2407	3058	2999
2559	3071	3071	2620	3058	2998
2815	3071	3071	2843	3057	2996
3071	3071	3071	3052	3050	2989
3327	3071	3071	3274	3050	2989
3583	3071	3071	3490	3047	2988
3839	3071	3071	3704	3045	2982
4095	3071	3071	3911	3042	2982
0	3327	3071	456	3320	3016
256	3327	3071	679	3317	3015
512	3327	3071	896	3318	3012
768	3327	3071	1116	3319	3010
1024	3327	3071	1340	3315	3004
1280	3327	3071	1549	3309	3006
1536	3327	3071	1765	3308	3006
1792	3327	3071	1986	3312	3003
2048	3327	3071	2219	3314	3002
2303	3327	3071	2437	3314	3003
2559	3327	3071	2649	3308	3001
2815	3327	3071	2866	3302	3000
3071	3327	3071	3081	3300	2994
3327	3327	3071	3302	3300	2994
3583	3327	3071	3520	3296	2993
3839	3327	3071	3733	3293	2989
4095	3327	3071	3942	3293	2987
0	3583	3071	482	3561	3021
256	3583	3071	704	3559	3018
512	3583	3071	921	3563	3017
768	3583	3071	1144	3564	3020
1024	3583	3071	1365	3559	3016
1280	3583	3071	1577	3556	3010
1536	3583	3071	1793	3555	3010
1792	3583	3071	2012	3554	3008
2048	3583	3071	2245	3554	3012
2303	3583	3071	2462	3555	3013
2559	3583	3071	2678	3554	3011
2815	3583	3071	2896	3548	3003
3071	3583	3071	3112	3546	3002
3327	3583	3071	3330	3542	2999
3583	3583	3071	3549	3539	2999
3839	3583	3071	3764	3539	2996
4095	3583	3071	3971	3538	2995
0	3839	3071	510	3813	3026
256	3839	3071	731	3810	3023
512	3839	3071	948	3816	3023
768	3839	3071	1172	3816	3027
1024	3839	3071	1392	3809	3021
1280	3839	3071	1604	3806	3019
1536	3839	3071	1822	3805	3018
1792	3839	3071	2042	3805	3018
2048	3839	3071	2276	3803	3016
2303	3839	3071	2489	3804	3017
2559	3839	3071	2708	3801	3018
2815	3839	3071	2925	3796	3013
3071	3839	3071	3140	3792	3009
3327	3839	3071	3361	3791	3005
3583	3839	3071	3580	3788	3003
3839	3839	3071	3791	3784	3002
4095	3839	3071	4000	3785	3003
0	4095	3071	539	4062	3035
256	4095	3071	760	4059	3034
512	4095	3071	976	4061	3034
768	4095	3071	1201	4057	3036
1024	4095	3071	1419	4051	3030
1280	4095	3071	1632	4046	3026
1536	4095	3071	1851	4047	3027
1792	4095	3071	2074	4049	3027
2048	4095	3071	2310	4048	3026
2303	4095	3071	2520	4048	3025
2559	4095	3071	2738	4042	3025
2815	4095	3071	2955	4037	3021
3071	4095	3071	3173	4034	3016
3327	4095	3071	3394	4033	3015
3583	4095	3071	3611	4027	3012
3839	4095	3071	3824	4026	3011
4095	4095	3071	4033	4027	3009
0	0	3327	132	54	3188
256	0	3327	356	56	3186
512	0	3327	579	56	3185
768	0	3327	793	57	3184
1024	0	3327	1002	57	3184
1280	0	3327	1226	59	3179
1536	0	3327	1432	60	3172
1792	0	3327	1642	60	3169
2048	0	3327	1855	61	3168
2303	0	3327	2075	61	3169
2559	0	3327	2306	63	3171
2815	0	3327	2509	63	3169
3071	0	3327	2729	64	3167
3327	0	3327	2940	64	3163
3583	0	3327	3152	65	3158
3839	0	3327	3369	66	3157
4095	0	3327	3586	66	3156
0	256	3327	157	309	3194
256	256	3327	381	310	3192
512	256	3327	602	312	3189
768	256	3327	816	312	3188
1024	256	3327	1027	313	3185
1280	256	3327	1251	314	3183
1536	256	3327	1456	313	3177
1792	256	3327	1668	314	3176
2048	256	3327	1882	314	3175
2303	256	3327	2106	315	3179
2559	256	3327	2334	316	3178
2815	256	3327	2538	317	3174
3071	256	3327	2758	316	3173
3327	256	3327	2969	317	3170
3583	256	3327	3183	318	3165
3839	256	3327	3401	318	3164
4095	256	3327	3617	319	3164
0	512	3327	181	560	3199
256	512	3327	405	561	3196
512	512	3327	626	561	3193
768	512	3327	839	562	3194
1024	512	3327	1051	563	3189
1280	512	3327	1275	562	3183
1536	512	3327	1480	562	3183
1792	512	3327	1694	562	3184
2048	512	3327	1910	563	3183
2303	512	3327	2133	563	3180
2559	512	3327	2354	564	3179
2815	512	3327	2563	563	3177
3071	512	3327	2782	564	3175
3327	512	3327	2994	564	3174
3583	512	3327	3211	564	3173
3839	512	3327	3429	565	3171
4095	512	3327	3641	564	3167
0	768	3327	206	814	3204
256	768	3327	430	813	3201
512	768	3327	650	814	3200
768	768	3327	863	815	3200
1024	768	3327	1077	814	3194
1280	768	3327	1299	813	3191
1536	768	3327	1506	813	3191
1792	768	3327	1720	813	3189
2048	768	3327	1935	813	3188
2303	768	3327	2163	814	3189
2559	768	3327	2382	814	3189
2815	768	3327	2593	815	3187
3071	768	3327	2811	815	3181
3327	768	3327	3021	813	3181
3583	768	3327	3241	814	3180
3839	768	3327	3456	813	3175
4095	768	3327	3669	813	3174
0	1024	3327	231	1062	3209
256	1024	3327	455	1063	3206
512	1024	3327	675	1064	3207
768	1024	3327	888	1064	3205
1024	1024	3327	1103	1063	3198
1280	1024	3327	1323	1061	3196
1536	1024	3327	1531	1061	3194
1792	1024	3327	1745	1061	3194
2048	1024	3327	1963	1062	3195
2303	1024	3327	2195	1064	3199
2559	1024	3327	2412	1065	3200
2815	1024	3327	2624	1065	3196
3071	1024	3327	2841	1063	3192
3327	1024	3327	3052	1062	3187
3583	1024	3327	3268	1061	3186
3839	1024	3327	3484	1060	3182
4095	1024	3327	3697	1059	3180
0	1280	3327	255	1317	3214
256	1280	3327	480	1317	3213
512	1280	3327	699	1316	3211
768	1280	3327	911	1316	3211
1024	1280	3327	1129	1316	3207
1280	1280	3327	1348	1315	3204
1536	1280	3327	1557	1313	3202
1792	1280	3327	1772	1315	3201
2048	1280	3327	1989	1315	3201
2303	1280	3327	2222	1316	3203
2559	1280	3327	2436	1317	3204
2815	1280	3327	2651	1316	3202
3071	1280	3327	2867	1315	3196
3327	1280	3327	3079	1313	3192
3583	1280	3327	3295	1312	3187
3839	1280	3327	3512	1311	3188
4095	1280	3327	3723	1310	3186
0	1536	3327	280	1563	3220
256	1536	3327	506	1563	3218
512	1536	3327	725	1565	3218
768	1536	3327	937	1564	3217
1024	1536	3327	1159	1565	3217
1280	1536	3327	1375	1562	3209
1536	1536	3327	1584	1560	3210
1792	1536	3327	1801	1562	3210
2048	1536	3327	2019	1562	3211
2303	1536	3327	2250	1562	3207
2559	1536	3327	2462	1563	3212
2815	1536	3327	2678	1562	3207
3071	1536	3327	2893	1559	3201
3327	1536	3327	3105	1558	3195
3583	1536	3327	3321	1555	3196
3839	1536	3327	3542	1557	3193
4095	1536	3327	3752	1556	3194
0	1792	3327	306	1813	3229
256	1792	3327	533	1812	3225
512	1792	3327	749	1810	3225
768	1792	3327	961	1812	3226
1024	1792	3327	1185	1811	3223
1280	1792	3327	1400	1810	3220
1536	1792	3327	1613	1809	3220
1792	1792	3327	1830	1809	3220
2048	1792	3327	2050	1811	3215
2303	1792	3327	2279	1808	3215
2559	1792	3327	2491	1812	3221
2815	1792	3327	2708	1809	3215
3071	1792	3327	2921	1805	3209
3327	1792	3327	3135	1803	3206
3583	1792	3327	3353	1802	3204
3839	1792	3327	3571	1802	3204
4095	1792	3327	3784	1801	3201
0	2048	3327	332	2059	3236
256	2048	3327	559	2057	3233
512	2048	3327	776	2057	3236
768	2048	3327	988	2058	3238
1024	2048	3327	1214	2057	3233
1280	2048	3327	1429	2057	3231
1536	2048	3327	1643	2056	3228
1792	2048	3327	1859	2055	3227
2048	2048	3327	2080	2054	3225
2303	2048	3327	2311	2055	3225
2559	2048	3327	2516	2054	3226
2815	2048	3327	2739	2054	3223
3071	2048	3327	2951	2050	3216
3327	2048	3327	3166	2048	3214
3583	2048	3327	3385	2048	3212
3839	2048	3327	3603	2047	3210
4095	2048	3327	3813	2045	3209
0	2303	3327	357	2322	3241
256	2303	3327	583	2321	3238
512	2303	3327	800	2320	3236
768	2303	3327	1014	2324	3237
1024	2303	3327	1242	2322	3238
1280	2303	3327	1450	2315	3231
1536	2303	3327	1664	2314	3231
1792	2303	3327	1883	2314	3229
2048	2303	3327	2108	2316	3228
2303	2303	3327	2338	2318	3228
2559	2303	3327	2546	2319	3228
2815	2303	3327	2765	2313	3225
3071	2303	3327	2977	2311	3222
3327	2303	3327	3191	2307	3218
3583	2303	3327	3409	2304	3215
3839	2303	3327	3627	2304	3215
4095	2303	3327	3838	2303	3214
0	2559	3327	387	2572	3246
256	2559	3327	611	2570	3244
512	2559	3327	828	2571	3242
768	2559	3327	1043	2574	3246
1024	2559	3327	1271	2571	3244
1280	2559	3327	1479	2569	3240
1536	2559	3327	1697	2569	3232
1792	2559	3327	1916	2571	3233
2048	2559	3327	2143	2571	3234
2303	2559	3327	2368	2571	3235
2559	2559	3327	2576	2569	3236
2815	2559	3327	2798	2567	3235
3071	2559	3327	3009	2563	3227
3327	2559	3327	3226	2560	3223
3583	2559	3327	3442	2556	3217
3839	2559	3327	3658	2553	3216
4095	2559	3327	3869	2554	3217
0	2815	3327	414	2822	3250
256	2815	3327	638	2822	3247
512	2815	3327	855	2822	3246
768	2815	3327	1070	2820	3248
1024	2815	3327	1296	2815	3242
1280	2815	3327	1508	2816	3243
1536	2815	3327	1724	2815	3240
1792	2815	3327	1942	2815	3242
2048	2815	3327	2170	2815	3241
2303	2815	3327	2393	2816	3241
2559	2815	3327	2606	2815	3238
2815	2815	3327	2826	2812	3235
3071	2815	3327	3036	2805	3233
3327	2815	3327	3255	2804	3228
3583	2815	3327	3472	2801	3225
3839	2815	3327	3688	2800	3221
4095	2815	3327	3895	2797	3222
0	3071	3327	440	3073	3257
256	3071	3327	663	3071	3256
512	3071	3327	879	3071	3255
768	3071	3327	1098	3073	3253
1024	3071	3327	1324	3068	3247
1280	3071	3327	1533	3068	3246
1536	3071	3327	1750	3066	3246
1792	3071	3327	1968	3064	3245
2048	3071	3327	2199	3066	3245
2303	3071	3327	2419	3067	3245
2559	3071	3327	2632	3064	3246
2815	3071	3327	2850	3058	3240
3071	3071	3327	3063	3055	3234
3327	3071	3327	3280	3051	3233
3583	3071	3327	3500	3050	3232
3839	3071	3327	3716	3049	3228
4095	3071	3327	3923	3048	3228
0	3327	3327	466	3327	3264
256	3327	3327	689	3324	3261
512	3327	3327	905	3324	3258
768	3327	3327	1126	3323	3261
1024	3327	3327	1350	3321	3256
1280	3327	3327	1561	3318	3254
1536	3327	3327	1776	3315	3252
1792	3327	3327	1995	3315	3250
2048	3327	3327	2228	3316	3248
2303	3327	3327	2447	3320	3252
2559	3327	3327	2663	3317	3250
2815	3327	3327	2879	3310	3244
3071	3327	3327	3092	3304	3240
3327	3327	3327	3315	3306	3237
3583	3327	3327	3533	3302	3236
3839	3327	3327	3747	3301	3235
4095	3327	3327	3953	3298	3234
0	3583	3327	493	3575	3270
256	3583	3327	715	3573	3270
512	3583	3327	932	3571	3267
768	3583	3327	1155	3570	3267
1024	3583	3327	1377	3567	3263
1280	3583	3327	1589	3565	3261
1536	3583	3327	1803	3559	3257
1792	3583	3327	2024	3561	3258
2048	3583	3327	2257	3561	3257
2303	3583	3327	2472	3561	3259
2559	3583	3327	2687	3556	3260
2815	3583	3327	2905	3551	3252
3071	3583	3327	3123	3551	3247
3327	3583	3327	3344	3549	3247
3583	3583	3327	3559	3543	3246
3839	3583	3327	3775	3544	3244
4095	3583	3327	3981	3542	3242
0	3839	3327	521	3824	3283
256	3839	3327	743	3824	3281
512	3839	3327	959	3825	3278
768	3839	3327	1184	3822	3276
1024	3839	3327	1403	3818	3272
1280	3839	3327	1616	3814	3269
1536	3839	3327	1832	3810	3265
1792	3839	3327	2052	3809	3265
2048	3839	3327	2291	3813	3266
2303	3839	3327	2501	3812	3265
2559	3839	3327	2719	3806	3264
2815	3839	3327	2937	3803	3257
3071	3839	3327	3153	3799	3257
3327	3839	3327	3372	3795	3254
3583	3839	3327	3593	3794	3249
3839	3839	3327	3806	3793	3249
4095	3839	3327	4013	3793	3250
0	4095	3327	550	4071	3288
256	4095	3327	770	4066	3286
512	4095	3327	987	4070	3289
768	4095	3327	1213	4065	3287
1024	4095	3327	1430	4060	3282
1280	4095	3327	1644	4055	3278
1536	4095	3327	1863	4054	3275
1792	4095	3327	2086	4054	3275
2048	4095	3327	2322	4054	3274
2303	4095	3327	2529	4052	3276
2559	4095	3327	2751	4049	3274
2815	4095	3327	2966	4042	3268
3071	4095	3327	3184	4039	3265
3327	4095	3327	3405	4038	3261
3583	4095	3327	3625	4036	3260
3839	4095	3327	3839	4036	3259
4095	4095	3327	4042	4031	3258
0	0	3583	142	58	3427
256	0	3583	367	60	3425
512	0	3583	589	60	3422
768	0	3583	803	61	3423
1024	0	3583	1013	62	3424
1280	0	3583	1236	63	3418
1536	0	3583	1443	63	3413
1792	0	3583	1654	64	3411
2048	0	3583	1868	65	3411
2303	0	3583	2091	66	3413
2559	0	3583	2320	67	3416
2815	0	3583	2524	67	3414
3071	0	3583	2744	68	3411
3327	0	3583	2957	68	3408
3583	0	3583	3170	69	3402
3839	0	3583	3386	70	3399
4095	0	3583	3601	71	3398
0	256	3583	167	314	3435
256	256	3583	391	315	3431
512	256	3583	612	316	3428
768	256	3583	826	316	3429
1024	256	3583	1038	318	3424
1280	256	3583	1261	317	3422
1536	256	3583	1468	318	3418
1792	256	3583	1680	319	3417
2048	256	3583	1895	319	3417
2303	256	3583	2120	320	3421
2559	256	3583	2347	321	3424
2815	256	3583	2556	322	3419
3071	256	3583	2773	321	3416
3327	256	3583	2986	322	3415
3583	256	3583	3199	323	3409
3839	256	3583	3414	322	3405
4095	256	3583	3629	323	3403
0	512	3583	190	566	3440
256	512	3583	415	567	3437
512	512	3583	636	566	3434
768	512	3583	849	567	3434
1024	512	3583	1062	568	3429
1280	512	3583	1285	567	3427
1536	512	3583	1492	567	3425
1792	512	3583	1706	567	3426
2048	512	3583	1924	569	3429
2303	512	3583	2149	569	3426
2559	512	3583	2369	570	3424
2815	512	3583	2578	569	3421
3071	512	3583	2797	569	3418
3327	512	3583	3008	570	3416
3583	512	3583	3226	570	3414
3839	512	3583	3441	570	3409
4095	512	3583	3652	569	3406
0	768	3583	205	824	3446
256	768	3583	435	821	3443
512	768	3583	660	819	3441
768	768	3583	874	820	3440
1024	768	3583	1089	819	3437
1280	768	3583	1311	819	3431
1536	768	3583	1516	817	3434
1792	768	3583	1733	819	3432
2048	768	3583	1948	818	3430
2303	768	3583	2178	820	3432
2559	768	3583	2394	820	3430
2815	768	3583	2605	819	3428
3071	768	3583	2824	820	3424
3327	768	3583	3035	818	3420
3583	768	3583	3252	819	3419
3839	768	3583	3468	818	3415
4095	768	3583	3683	819	3416
0	1024	3583	227	1073	3451
256	1024	3583	450	1074	3449
512	1024	3583	679	1071	3447
768	1024	3583	899	1069	3449
1024	1024	3583	1116	1070	3443
1280	1024	3583	1335	1067	3442
1536	1024	3583	1545	1068	3435
1792	1024	3583	1756	1066	3435
2048	1024	3583	1973	1067	3435
2303	1024	3583	2206	1068	3438
2559	1024	3583	2422	1070	3439
2815	1024	3583	2635	1069	3437
3071	1024	3583	2852	1068	3431
3327	1024	3583	3063	1067	3427
3583	1024	3583	3280	1066	3424
3839	1024	3583	3499	1066	3424
4095	1024	3583	3714	1067	3425
0	1280	3583	251	1328	3457
256	1280	3583	476	1330	3457
512	1280	3583	706	1324	3454
768	1280	3583	923	1323	3456
1024	1280	3583	1143	1324	3453
1280	1280	3583	1361	1322	3445
1536	1280	3583	1568	1319	3444
1792	1280	3583	1783	1320	3444
2048	1280	3583	2000	1319	3443
2303	1280	3583	2234	1321	3444
2559	1280	3583	2448	1323	3448
2815	1280	3583	2664	1322	3443
3071	1280	3583	2879	1320	3437
3327	1280	3583	3091	1318	3430
3583	1280	3583	3307	1317	3429
3839	1280	3583	3526	1317	3429
4095	1280	3583	3737	1316	3428
0	1536	3583	291	1569	3463
256	1536	3583	518	1569	3462
512	1536	3583	735	1569	3459
768	1536	3583	948	1570	3460
1024	1536	3583	1171	1571	3460
1280	1536	3583	1388	1569	3456
1536	1536	3583	1598	1568	3455
1792	1536	3583	1814	1568	3455
2048	1536	3583	2032	1569	3452
2303	1536	3583	2263	1568	3450
2559	1536	3583	2475	1570	3455
2815	1536	3583	2690	1567	3448
3071	1536	3583	2902	1563	3440
3327	1536	3583	3115	1561	3437
3583	1536	3583	3335	1561	3438
3839	1536	3583	3556	1563	3438
4095	1536	3583	3768	1562	3438
0	1792	3583	317	1820	3473
256	1792	3583	544	1819	3469
512	1792	3583	760	1816	3468
768	1792	3583	971	1817	3469
1024	1792	3583	1197	1819	3470
1280	1792	3583	1413	1818	3466
1536	1792	3583	1626	1817	3467
1792	1792	3583	1844	1818	3466
2048	1792	3583	2065	1819	3461
2303	1792	3583	2295	1816	3460
2559	1792	3583	2503	1818	3462
2815	1792	3583	2723	1816	3459
3071	1792	3583	2935	1813	3452
3327	1792	3583	3149	1810	3449
3583	1792	3583	3367	1809	3446
3839	1792	3583	3584	1808	3444
4095	1792	3583	3795	1806	3443
0	2048	3583	343	2067	3481
256	2048	3583	569	2065	3478
512	2048	3583	786	2065	3482
768	2048	3583	979	2076	3482
1024	2048	3583	1202	2075	3477
1280	2048	3583	1431	2067	3474
1536	2048	3583	1654	2063	3474
1792	2048	3583	1872	2064	3472
2048	2048	3583	2094	2062	3470
2303	2048	3583	2324	2062	3471
2559	2048	3583	2529	2061	3470
2815	2048	3583	2753	2061	3467
3071	2048	3583	2964	2057	3461
3327	2048	3583	3180	2056	3458
3583	2048	3583	3399	2055	3452
3839	2048	3583	3614	2051	3451
4095	2048	3583	3824	2051	3452
0	2303	3583	367	2327	3485
256	2303	3583	593	2327	3482
512	2303	3583	811	2327	3480
768	2303	3583	1024	2329	3484
1024	2303	3583	1253	2328	3482
1280	2303	3583	1462	2323	3475
1536	2303	3583	1677	2323	3476
1792	2303	3583	1895	2323	3475
2048	2303	3583	2121	2324	3478
2303	2303	3583	2351	2326	3477
2559	2303	3583	2558	2325	3471
2815	2303	3583	2777	2319	3469
3071	2303	3583	2992	2318	3467
3327	2303	3583	3206	2314	3460
3583	2303	3583	3423	2311	3458
3839	2303	3583	3640	2311	3458
4095	2303	3583	3851	2310	3458
0	2559	3583	398	2582	3489
256	2559	3583	622	2580	3486
512	2559	3583	840	2581	3487
768	2559	3583	1056	2584	3488
1024	2559	3583	1285	2582	3487
1280	2559	3583	1491	2576	3482
1536	2559	3583	1707	2575	3478
1792	2559	3583	1926	2576	3478
2048	2559	3583	2154	2575	3477
2303	2559	3583	2378	2576	3479
2559	2559	3583	2589	2574	3478
2815	2559	3583	2809	2571	3470
3071	2559	3583	3020	2568	3468
3327	2559	3583	3237	2564	3466
3583	2559	3583	3454	2562	3459
3839	2559	3583	3671	2560	3459
4095	2559	3583	3882	2561	3462
0	2815	3583	425	2831	3496
256	2815	3583	649	2830	3494
512	2815	3583	865	2829	3491
768	2815	3583	1082	2828	3494
1024	2815	3583	1309	2825	3489
1280	2815	3583	1519	2824	3489
1536	2815	3583	1735	2823	3482
1792	2815	3583	1955	2822	3483
2048	2815	3583	2184	2822	3483
2303	2815	3583	2404	2821	3482
2559	2815	3583	2617	2820	3482
2815	2815	3583	2838	2818	3476
3071	2815	3583	3049	2811	3474
3327	2815	3583	3268	2811	3470
3583	2815	3583	3488	2809	3466
3839	2815	3583	3701	2807	3463
4095	2815	3583	3908	2804	3464
0	3071	3583	451	3080	3504
256	3071	3583	674	3080	3502
512	3071	3583	890	3079	3499
768	3071	3583	1109	3079	3498
1024	3071	3583	1334	3075	3493
1280	3071	3583	1544	3074	3491
1536	3071	3583	1762	3072	3490
1792	3071	3583	1979	3071	3489
2048	3071	3583	2213	3074	3490
2303	3071	3583	2433	3076	3489
2559	3071	3583	2646	3072	3487
2815	3071	3583	2864	3066	3484
3071	3071	3583	3078	3063	3478
3327	3071	3583	3294	3057	3476
3583	3071	3583	3514	3057	3475
3839	3071	3583	3728	3055	3473
4095	3071	3583	3936	3055	3470
0	3327	3583	478	3336	3507
256	3327	3583	700	3334	3506
512	3327	3583	916	3333	3503
768	3327	3583	1137	3330	3503
1024	3327	3583	1360	3328	3499
1280	3327	3583	1574	3328	3497
1536	3327	3583	1789	3324	3496
1792	3327	3583	2008	3324	3494
2048	3327	3583	2242	3324	3493
2303	3327	3583	2458	3325	3498
2559	3327	3583	2675	3323	3496
2815	3327	3583	2893	3318	3488
3071	3327	3583	3105	3311	3484
3327	3327	3583	3326	3310	3479
3583	3327	3583	3543	3306	3478
3839	3327	3583	3760	3307	3478
4095	3327	3583	3966	3306	3477
0	3583	3583	503	3579	3517
256	3583	3583	726	3582	3516
512	3583	3583	942	3580	3515
768	3583	3583	1166	3579	3512
1024	3583	3583	1388	3575	3508
1280	3583	3583	1599	3570	3506
1536	3583	3583	1815	3567	3502
1792	3583	3583	2035	3568	3503
2048	3583	3583	2271	3569	3503
2303	3583	3583	2484	3569	3502
2559	3583	3583	2701	3565	3503
2815	3583	3583	2919	3560	3498
3071	3583	3583	3135	3557	3491
3327	3583	3583	3354	3553	3490
3583	3583	3583	3572	3550	3485
3839	3583	3583	3788	3550	3486
4095	3583	3583	3994	3549	3485
0	3839	3583	532	3832	3523
256	3839	3583	752	3831	3523
512	3839	3583	969	3833	3526
768	3839	3583	1195	3829	3522
1024	3839	3583	1414	3824	3519
1280	3839	3583	1627	3821	3513
1536	3839	3583	1845	3819	3510
1792	3839	3583	2065	3817	3510
2048	3839	3583	2302	3818	3510
2303	3839	3583	2514	3821	3511
2559	3839	3583	2733	3815	3509
2815	3839	3583	2948	3809	3503
3071	3839	3583	3164	3803	3499
3327	3839	3583	3384	3801	3495
3583	3839	3583	3606	3802	3494
3839	3839	3583	3822	3803	3494
4095	3839	3583	4024	3797	3493
0	4095	3583	559	4077	3534
256	4095	3583	779	4073	3533
512	4095	3583	996	4073	3532
768	4095	3583	1223	4069	3531
1024	4095	3583	1441	4066	3525
1280	4095	3583	1656	4064	3523
1536	4095	3583	1875	4063	3522
1792	4095	3583	2098	4061	3519
2048	4095	3583	2334	4061	3520
2303	4095	3583	2542	4061	3520
2559	4095	3583	2766	4059	3522
2815	4095	3583	2981	4052	3514
3071	4095	3583	3198	4048	3507
3327	4095	3583	3419	4046	3504
3583	4095	3583	3637	4042	3504
3839	4095	3583	3850	4041	3503
4095	4095	3583	4056	4039	3503
0	0	3839	152	63	3669
256	0	3839	377	64	3666
512	0	3839	599	65	3663
768	0	3839	813	66	3664
1024	0	3839	1025	66	3662
1280	0	3839	1248	68	3660
1536	0	3839	1457	67	3657
1792	0	3839	1669	69	3655
2048	0	3839	1883	70	3654
2303	0	3839	2106	70	3655
2559	0	3839	2333	71	3655
2815	0	3839	2540	71	3657
3071	0	3839	2760	72	3654
3327	0	3839	2971	73	3650
3583	0	3839	3187	74	3646
3839	0	3839	3404	74	3643
4095	0	3839	3618	75	3641
0	256	3839	177	319	3676
256	256	3839	402	320	3673
512	256	3839	623	321	3669
768	256	3839	837	321	3671
1024	256	3839	1051	323	3669
1280	256	3839	1276	323	3667
1536	256	3839	1481	323	3663
1792	256	3839	1695	324	3661
2048	256	3839	1911	324	3662
2303	256	3839	2135	326	3660
2559	256	3839	2358	326	3664
2815	256	3839	2570	327	3661
3071	256	3839	2787	326	3655
3327	256	3839	2999	327	3655
3583	256	3839	3214	327	3649
3839	256	3839	3431	327	3646
4095	256	3839	3646	328	3645
0	512	3839	201	571	3682
256	512	3839	426	572	3679
512	512	3839	648	572	3677
768	512	3839	861	573	3675
1024	512	3839	1075	572	3672
1280	512	3839	1298	573	3669
1536	512	3839	1506	574	3669
1792	512	3839	1718	573	3666
2048	512	3839	1937	574	3669
2303	512	3839	2165	575	3672
2559	512	3839	2386	576	3672
2815	512	3839	2595	575	3666
3071	512	3839	2813	575	3663
3327	512	3839	3026	575	3658
3583	512	3839	3239	575	3654
3839	512	3839	3456	575	3650
4095	512	3839	3670	575	3649
0	768	3839	218	828	3689
256	768	3839	447	826	3686
512	768	3839	671	825	3683
768	768	3839	886	825	3684
1024	768	3839	1102	826	3679
1280	768	3839	1323	825	3676
1536	768	3839	1532	825	3679
1792	768	3839	1748	826	3677
2048	768	3839	1964	825	3676
2303	768	3839	2195	828	3680
2559	768	3839	2412	827	3677
2815	768	3839	2624	827	3673
3071	768	3839	2842	826	3670
3327	768	3839	3054	826	3662
3583	768	3839	3268	825	3662
3839	768	3839	3485	824	3658
4095	768	3839	3699	824	3658
0	1024	3839	229	1084	3694
256	1024	3839	452	1085	3691
512	1024	3839	689	1077	3688
768	1024	3839	910	1075	3691
1024	1024	3839	1129	1076	3688
1280	1024	3839	1349	1075	3688
1536	1024	3839	1560	1076	3682
1792	1024	3839	1772	1073	3683
2048	1024	3839	1990	1075	3682
2303	1024	3839	2222	1076	3684
2559	1024	3839	2436	1076	3682
2815	1024	3839	2650	1075	3680
3071	1024	3839	2867	1074	3673
3327	1024	3839	3078	1073	3670
3583	1024	3839	3297	1072	3664
3839	1024	3839	3512	1072	3664
4095	1024	3839	3726	1071	3664
0	1280	3839	254	1337	3698
256	1280	3839	478	1337	3698
512	1280	3839	715	1330	3696
768	1280	3839	934	1330	3697
1024	1280	3839	1156	1330	3694
1280	1280	3839	1373	1329	3690
1536	1280	3839	1583	1327	3690
1792	1280	3839	1798	1327	3688
2048	1280	3839	2015	1326	3688
2303	1280	3839	2251	1329	3690
2559	1280	3839	2462	1330	3690
2815	1280	3839	2677	1328	3685
3071	1280	3839	2893	1326	3681
3327	1280	3839	3106	1324	3673
3583	1280	3839	3321	1323	3672
3839	1280	3839	3541	1323	3672
4095	1280	3839	3752	1322	3669
0	1536	3839	302	1577	3711
256	1536	3839	530	1579	3708
512	1536	3839	747	1578	3707
768	1536	3839	958	1575	3702
1024	1536	3839	1181	1576	3701
1280	1536	3839	1399	1576	3702
1536	1536	3839	1612	1577	3699
1792	1536	3839	1827	1576	3698
2048	1536	3839	2047	1577	3698
2303	1536	3839	2280	1576	3697
2559	1536	3839	2488	1576	3696
2815	1536	3839	2706	1575	3692
3071	1536	3839	2919	1571	3685
3327	1536	3839	3133	1570	3683
3583	1536	3839	3354	1570	3683
3839	1536	3839	3572	1570	3678
4095	1536	3839	3781	1567	3677
0	1792	3839	329	1829	3721
256	1792	3839	556	1830	3717
512	1792	3839	773	1828	3716
768	1792	3839	983	1826	3714
1024	1792	3839	1209	1825	3714
1280	1792	3839	1424	1825	3709
1536	1792	3839	1638	1823	3707
1792	1792	3839	1856	1824	3709
2048	1792	3839	2079	1827	3707
2303	1792	3839	2310	1825	3706
2559	1792	3839	2516	1824	3706
2815	1792	3839	2736	1822	3701
3071	1792	3839	2950	1820	3696
3327	1792	3839	3167	1819	3693
3583	1792	3839	3385	1817	3687
3839	1792	3839	3599	1814	3686
4095	1792	3839	3810	1814	3687
0	2048	3839	354	2075	3727
256	2048	3839	580	2073	3724
512	2048	3839	797	2073	3728
768	2048	3839	1001	2081	3726
1024	2048	3839	1228	2081	3723
1280	2048	3839	1448	2072	3716
1536	2048	3839	1666	2070	3716
1792	2048	3839	1883	2070	3714
2048	2048	3839	2106	2069	3714
2303	2048	3839	2337	2071	3714
2559	2048	3839	2544	2070	3713
2815	2048	3839	2765	2068	3708
3071	2048	3839	2979	2065	3704
3327	2048	3839	3195	2063	3698
3583	2048	3839	3412	2060	3696
3839	2048	3839	3630	2059	3697
4095	2048	3839	3841	2060	3697
0	2303	3839	379	2337	3732
256	2303	3839	605	2337	3731
512	2303	3839	822	2335	3729
768	2303	3839	1035	2334	3729
1024	2303	3839	1265	2334	3726
1280	2303	3839	1475	2332	3722
1536	2303	3839	1691	2332	3721
1792	2303	3839	1908	2330	3719
2048	2303	3839	2133	2330	3719
2303	2303	3839	2362	2331	3719
2559	2303	3839	2571	2331	3717
2815	2303	3839	2794	2328	3714
3071	2303	3839	3004	2324	3708
3327	2303	3839	3220	2321	3703
3583	2303	3839	3441	2321	3703
3839	2303	3839	3659	2321	3703
4095	2303	3839	3867	2318	3700
0	2559	3839	409	2589	3732
256	2559	3839	634	2589	3733
512	2559	3839	851	2590	3732
768	2559	3839	1069	2592	3731
1024	2559	3839	1295	2587	3727
1280	2559	3839	1503	2584	3725
1536	2559	3839	1720	2583	3723
1792	2559	3839	1938	2583	3722
2048	2559	3839	2167	2583	3720
2303	2559	3839	2393	2585	3725
2559	2559	3839	2604	2583	3719
2815	2559	3839	2823	2578	3715
3071	2559	3839	3036	2576	3714
3327	2559	3839	3253	2573	3709
3583	2559	3839	3471	2571	3706
3839	2559	3839	3687	2569	3706
4095	2559	3839	3898	2569	3706
0	2815	3839	436	2839	3738
256	2815	3839	659	2837	3738
512	2815	3839	876	2836	3736
768	2815	3839	1095	2836	3740
1024	2815	3839	1322	2836	3732
1280	2815	3839	1531	2833	3731
1536	2815	3839	1746	2828	3725
1792	2815	3839	1965	2828	3726
2048	2815	3839	2195	2828	3724
2303	2815	3839	2416	2827	3726
2559	2815	3839	2628	2825	3725
2815	2815	3839	2848	2821	3718
3071	2815	3839	3063	2819	3715
3327	2815	3839	3284	2820	3715
3583	2815	3839	3500	2815	3709
3839	2815	3839	3714	2814	3707
4095	2815	3839	3922	2812	3708
0	3071	3839	462	3090	3751
256	3071	3839	685	3089	3744
512	3071	3839	902	3089	3744
768	3071	3839	1122	3089	3743
1024	3071	3839	1345	3083	3739
1280	3071	3839	1558	3084	3737
1536	3071	3839	1774	3081	3736
1792	3071	3839	1992	3080	3731
2048	3071	3839	2225	3079	3733
2303	3071	3839	2442	3078	3731
2559	3071	3839	2657	3076	3728
2815	3071	3839	2876	3072	3722
3071	3071	3839	3088	3067	3719
3327	3071	3839	3309	3065	3718
3583	3071	3839	3528	3065	3717
3839	3071	3839	3741	3061	3712
4095	3071	3839	3946	3058	3711
0	3327	3839	489	3346	3754
256	3327	3839	712	3344	3752
512	3327	3839	927	3342	3749
768	3327	3839	1149	3340	3751
1024	3327	3839	1372	3337	3743
1280	3327	3839	1583	3332	3741
1536	3327	3839	1800	3332	3739
1792	3327	3839	2020	3330	3739
2048	3327	3839	2256	3333	3738
2303	3327	3839	2471	3334	3739
2559	3327	3839	2688	3329	3735
2815	3327	3839	2906	3325	3732
3071	3327	3839	3121	3320	3725
3327	3327	3839	3338	3315	3722
3583	3327	3839	3558	3314	3721
3839	3327	3839	3774	3314	3720
4095	3327	3839	3980	3312	3717
0	3583	3839	516	3589	3764
256	3583	3839	737	3589	3762
512	3583	3839	953	3589	3761
768	3583	3839	1177	3587	3757
1024	3583	3839	1397	3582	3754
1280	3583	3839	1610	3579	3748
1536	3583	3839	1828	3576	3746
1792	3583	3839	2048	3576	3746
2048	3583	3839	2284	3576	3745
2303	3583	3839	2498	3578	3748
2559	3583	3839	2716	3574	3746
2815	3583	3839	2932	3567	3739
3071	3583	3839	3148	3563	3735
3327	3583	3839	3369	3561	3731
3583	3583	3839	3591	3561	3730
3839	3583	3839	3804	3559	3729
4095	3583	3839	4008	3556	3729
0	3839	3839	542	3841	3768
256	3839	3839	763	3837	3767
512	3839	3839	979	3838	3767
768	3839	3839	1205	3835	3767
1024	3839	3839	1424	3832	3761
1280	3839	3839	1639	3828	3757
1536	3839	3839	1858	3828	3756
1792	3839	3839	2079	3827	3755
2048	3839	3839	2316	3826	3754
2303	3839	3839	2525	3826	3754
2559	3839	3839	2748	3825	3756
2815	3839	3839	2962	3818	3747
3071	3839	3839	3177	3811	3741
3327	3839	3839	3400	3811	3740
3583	3839	3839	3622	3811	3740
3839	3839	3839	3833	3807	3737
4095	3839	3839	4038	3805	3736
0	4095	3839	569	4085	3780
256	4095	3839	791	4083	3777
512	4095	3839	1005	4079	3775
768	4095	3839	1234	4078	3774
1024	4095	3839	1452	4073	3770
1280	4095	3839	1667	4070	3766
1536	4095	3839	1887	4070	3765
1792	4095	3839	2111	4068	3764
2048	4095	3839	2348	4071	3764
2303	4095	3839	2555	4070	3764
2559	4095	3839	2777	4065	3762
2815	4095	3839	2992	4058	3760
3071	4095	3839	3209	4054	3750
3327	4095	3839	3430	4051	3749
3583	4095	3839	3651	4050	3749
3839	4095	3839	3863	4048	3745
4095	4095	3839	4076	4053	3747
0	0	4095	163	67	3917
256	0	4095	389	69	3914
512	0	4095	611	69	3911
768	0	4095	825	70	3910
1024	0	4095	1036	71	3908
1280	0	4095	1262	72	3909
1536	0	4095	1472	72	3907
1792	0	4095	1684	73	3905
2048	0	4095	1898	73	3903
2303	0	4095	2121	75	3904
2559	0	4095	2347	76	3903
2815	0	4095	2555	76	3904
3071	0	4095	2778	77	3903
3327	0	4095	2985	77	3895
3583	0	4095	3202	78	3893
3839	0	4095	3418	78	3888
4095	0	4095	3631	79	3884
0	256	4095	188	324	3923
256	256	4095	413	324	3919
512	256	4095	634	326	3917
768	256	4095	848	326	3917
1024	256	4095	1062	327	3917
1280	256	4095	1289	328	3909
1536	256	4095	1494	328	3911
1792	256	4095	1710	328	3909
2048	256	4095	1927	330	3910
2303	256	4095	2151	331	3908
2559	256	4095	2372	331	3911
2815	256	4095	2583	332	3909
3071	256	4095	2802	331	3902
3327	256	4095	3013	332	3901
3583	256	4095	3230	331	3896
3839	256	4095	3447	332	3892
4095	256	4095	3661	333	3890
0	512	4095	210	577	3930
256	512	4095	437	578	3927
512	512	4095	659	578	3927
768	512	4095	873	579	3927
1024	512	4095	1088	578	3919
1280	512	4095	1310	578	3916
1536	512	4095	1520	579	3919
1792	512	4095	1732	578	3914
2048	512	4095	1949	579	3913
2303	512	4095	2179	581	3919
2559	512	4095	2400	582	3920
2815	512	4095	2611	581	3915
3071	512	4095	2828	581	3912
3327	512	4095	3042	581	3904
3583	512	4095	3255	580	3902
3839	512	4095	3475	581	3900
4095	512	4095	3688	580	3899
0	768	4095	223	836	3937
256	768	4095	457	834	3936
512	768	4095	683	832	3934
768	768	4095	898	832	3934
1024	768	4095	1115	832	3928
1280	768	4095	1336	831	3929
1536	768	4095	1548	832	3928
1792	768	4095	1763	832	3927
2048	768	4095	1980	832	3927
2303	768	4095	2210	834	3927
2559	768	4095	2426	833	3926
2815	768	4095	2640	833	3923
3071	768	4095	2857	832	3917
3327	768	4095	3070	831	3913
3583	768	4095	3287	832	3911
3839	768	4095	3505	831	3907
4095	768	4095	3717	831	3906
0	1024	4095	238	1091	3941
256	1024	4095	462	1093	3941
512	1024	4095	701	1084	3939
768	1024	4095	923	1083	3942
1024	1024	4095	1144	1085	3940
1280	1024	4095	1363	1083	3936
1536	1024	4095	1573	1083	3933
1792	1024	4095	1788	1082	3935
2048	1024	4095	2007	1083	3934
2303	1024	4095	2238	1083	3934
2559	1024	4095	2451	1083	3933
2815	1024	4095	2666	1082	3928
3071	1024	4095	2883	1081	3923
3327	1024	4095	3097	1081	3920
3583	1024	4095	3317	1080	3913
3839	1024	4095	3530	1079	3912
4095	1024	4095	3742	1078	3910
0	1280	4095	265	1345	3952
256	1280	4095	490	1347	3952
512	1280	4095	729	1339	3949
768	1280	4095	947	1338	3948
1024	1280	4095	1169	1337	3944
1280	1280	4095	1387	1337	3942
1536	1280	4095	1598	1336	3941
1792	1280	4095	1814	1336	3938
2048	1280	4095	2032	1336	3940
2303	1280	4095	2266	1337	3940
2559	1280	4095	2475	1335	3937
2815	1280	4095	2692	1334	3933
3071	1280	4095	2908	1333	3927
3327	1280	4095	3121	1331	3923
3583	1280	4095	3340	1331	3921
3839	1280	4095	3559	1330	3917
4095	1280	4095	3767	1328	3916
0	1536	4095	314	1587	3962
256	1536	4095	542	1588	3959
512	1536	4095	760	1588	3960
768	1536	4095	971	1586	3956
1024	1536	4095	1195	1584	3949
1280	1536	4095	1412	1583	3949
1536	1536	4095	1625	1584	3946
1792	1536	4095	1841	1583	3948
2048	1536	4095	2063	1585	3948
2303	1536	4095	2296	1584	3949
2559	1536	4095	2503	1584	3947
2815	1536	4095	2721	1582	3940
3071	1536	4095	2936	1579	3935
3327	1536	4095	3152	1579	3932
3583	1536	4095	3371	1578	3928
3839	1536	4095	3588	1577	3924
4095	1536	4095	3796	1574	3925
0	1792	4095	339	1837	3968
256	1792	4095	567	1837	3970
512	1792	4095	786	1838	3965
768	1792	4095	998	1836	3967
1024	1792	4095	1223	1832	3960
1280	1792	4095	1436	1831	3956
1536	1792	4095	1650	1830	3955
1792	1792	4095	1868	1831	3955
2048	1792	4095	2092	1832	3958
2303	1792	4095	2327	1835	3959
2559	1792	4095	2533	1834	3959
2815	1792	4095	2752	1830	3950
3071	1792	4095	2967	1828	3947
3327	1792	4095	3183	1826	3941
3583	1792	4095	3400	1825	3937
3839	1792	4095	3617	1822	3936
4095	1792	4095	3827	1822	3936
0	2048	4095	365	2083	3979
256	2048	4095	592	2082	3974
512	2048	4095	809	2081	3977
768	2048	4095	1025	2085	3976
1024	2048	4095	1252	2081	3971
1280	2048	4095	1463	2078	3967
1536	2048	4095	1678	2078	3966
1792	2048	4095	1896	2077	3963
2048	2048	4095	2122	2079	3966
2303	2048	4095	2354	2082	3965
2559	2048	4095	2562	2080	3959
2815	2048	4095	2780	2076	3957
3071	2048	4095	2996	2074	3954
3327	2048	4095	3211	2071	3946
3583	2048	4095	3429	2068	3945
3839	2048	4095	3647	2068	3945
4095	2048	4095	3858	2068	3945
0	2303	4095	391	2349	3985
256	2303	4095	617	2348	3982
512	2303	4095	834	2345	3980
768	2303	4095	1049	2344	3980
1024	2303	4095	1278	2343	3976
1280	2303	4095	1489	2342	3974
1536	2303	4095	1705	2341	3972
1792	2303	4095	1922	2340	3970
2048	2303	4095	2149	2340	3969
2303	2303	4095	2377	2340	3970
2559	2303	4095	2588	2340	3966
2815	2303	4095	2810	2337	3965
3071	2303	4095	3020	2332	3957
3327	2303	4095	3237	2329	3952
3583	2303	4095	3457	2329	3950
3839	2303	4095	3673	2327	3948
4095	2303	4095	3882	2325	3948
0	2559	4095	420	2601	3989
256	2559	4095	645	2599	3986
512	2559	4095	863	2600	3990
768	2559	4095	1082	2603	3983
1024	2559	4095	1308	2596	3980
1280	2559	4095	1517	2595	3978
1536	2559	4095	1734	2593	3975
1792	2559	4095	1952	2592	3972
2048	2559	4095	2181	2591	3974
2303	2559	4095	2406	2592	3973
2559	2559	4095	2617	2590	3969
2815	2559	4095	2838	2587	3962
3071	2559	4095	3050	2583	3962
3327	2559	4095	3268	2580	3957
3583	2559	4095	3488	2580	3956
3839	2559	4095	3702	2576	3953
4095	2559	4095	3910	2575	3954
0	2815	4095	446	2848	3991
256	2815	4095	671	2847	3989
512	2815	4095	888	2847	3987
768	2815	4095	1108	2847	3992
1024	2815	4095	1334	2845	3983
1280	2815	4095	1542	2838	3979
1536	2815	4095	1758	2836	3978
1792	2815	4095	1977	2834	3976
2048	2815	4095	2209	2836	3974
2303	2815	4095	2431	2837	3976
2559	2815	4095	2644	2835	3973
2815	2815	4095	2862	2829	3967
3071	2815	4095	3080	2830	3963
3327	2815	4095	3297	2826	3961
3583	2815	4095	3514	2822	3958
3839	2815	4095	3731	2823	3960
4095	2815	4095	3941	2823	3960
0	3071	4095	473	3102	4002
256	3071	4095	696	3099	3994
512	3071	4095	913	3098	3995
768	3071	4095	1134	3097	3994
1024	3071	4095	1358	3093	3990
1280	3071	4095	1570	3092	3984
1536	3071	4095	1787	3090	3984
1792	3071	4095	2005	3088	3979
2048	3071	4095	2237	3086	3978
2303	3071	4095	2453	3084	3979
2559	3071	4095	2670	3082	3979
2815	3071	4095	2890	3081	3971
3071	3071	4095	3102	3075	3969
3327	3071	4095	3325	3075	3964
3583	3071	4095	3542	3071	3962
3839	3071	4095	3755	3069	3959
4095	3071	4095	3962	3068	3961
0	3327	4095	499	3351	4006
256	3327	4095	723	3353	4004
512	3327	4095	939	3353	4001
768	3327	4095	1162	3349	4000
1024	3327	4095	1383	3345	3994
1280	3327	4095	1595	3340	3990
1536	3327	4095	1813	3341	3989
1792	3327	4095	2032	3339	3989
2048	3327	4095	2270	3343	3988
2303	3327	4095	2485	3342	3986
2559	3327	4095	2700	3336	3982
2815	3327	4095	2919	3332	3981
3071	3327	4095	3135	3329	3973
3327	3327	4095	3351	3322	3970
3583	3327	4095	3572	3322	3971
3839	3327	4095	3789	3323	3968
4095	3327	4095	3998	3323	3967
0	3583	4095	527	3599	4013
256	3583	4095	748	3597	4009
512	3583	4095	964	3597	4011
768	3583	4095	1189	3595	4008
1024	3583	4095	1409	3592	4002
1280	3583	4095	1623	3590	3998
1536	3583	4095	1841	3587	3997
1792	3583	4095	2061	3587	3996
2048	3583	4095	2298	3584	3995
2303	3583	4095	2509	3586	3999
2559	3583	4095	2729	3582	3996
2815	3583	4095	2946	3575	3986
3071	3583	4095	3162	3571	3985
3327	3583	4095	3385	3570	3978
3583	3583	4095	3607	3571	3979
3839	3583	4095	3816	3565	3977
4095	3583	4095	4026	3567	3978
0	3839	4095	553	3851	4020
256	3839	4095	774	3847	4018
512	3839	4095	990	3847	4016
768	3839	4095	1217	3844	4015
1024	3839	4095	1436	3843	4011
1280	3839	4095	1651	3839	4009
1536	3839	4095	1868	3836	4005
1792	3839	4095	2094	3838	4005
2048	3839	4095	2330	3835	4003
2303	3839	4095	2537	3836	4003
2559	3839	4095	2762	3835	4004
2815	3839	4095	2977	3828	3998
3071	3839	4095	3194	3823	3991
3327	3839	4095	3417	3823	3991
3583	3839	4095	3638	3821	3992
3839	3839	4095	3847	3815	3985
4095	3839	4095	4060	3821	3986
0	4095	4095	580	4092	4030
256	4095	4095	801	4089	4026
512	4095	4095	1017	4089	4027
768	4095	4095	1246	4085	4024
1024	4095	4095	1461	4079	4021
1280	4095	4095	1677	4077	4018
1536	4095	4095	1898	4077	4014
1792	4095	4095	2124	4077	4014
2048	4095	4095	2360	4081	4014
2303	4095	4095	2569	4079	4014
2559	4095	4095	2789	4072	4012
2815	4095	4095	3006	4068	4010
3071	4095	4095	3224	4063	4002
3327	4095	4095	3446	4062	4001
3583	4095	4095	3668	4062	4001
3839	4095	4095	3879	4058	3995
4095	4095	4095	4095	4066	4003
