0	0	0	0	0	0
256	0	0	230	1	0
512	0	0	455	2	0
768	0	0	674	3	0
1024	0	0	888	4	0
1280	0	0	1104	5	0
1536	0	0	1323	6	0
1792	0	0	1530	7	0
2048	0	0	1744	8	0
2303	0	0	1958	9	0
2559	0	0	2190	10	0
2815	0	0	2409	10	0
3071	0	0	2617	12	0
3327	0	0	2831	12	0
3583	0	0	3046	13	0
3839	0	0	3258	14	0
4095	0	0	3473	16	0
0	256	0	25	252	1
256	256	0	252	254	1
512	256	0	478	256	1
768	256	0	697	257	1
1024	256	0	911	259	1
1280	256	0	1127	259	1
1536	256	0	1342	260	1
1792	256	0	1552	260	1
2048	256	0	1769	262	1
2303	256	0	1982	263	1
2559	256	0	2216	264	1
2815	256	0	2433	265	1
3071	256	0	2640	264	1
3327	256	0	2852	265	0
3583	256	0	3072	266	0
3839	256	0	3283	266	0
4095	256	0	3493	268	0
0	512	0	50	503	3
256	512	0	278	504	3
512	512	0	504	506	3
768	512	0	720	506	3
1024	512	0	934	506	2
1280	512	0	1151	506	2
1536	512	0	1368	506	2
1792	512	0	1580	508	2
2048	512	0	1796	509	2
2303	512	0	2007	510	2
2559	512	0	2242	510	2
2815	512	0	2453	510	2
3071	512	0	2662	510	2
3327	512	0	2878	511	2
3583	512	0	3096	512	2
3839	512	0	3308	512	2
4095	512	0	3513	511	2
0	768	0	76	752	4
256	768	0	302	752	4
512	768	0	528	754	4
768	768	0	746	755	4
1024	768	0	960	756	4
1280	768	0	1178	756	4
1536	768	0	1393	756	4
1792	768	0	1605	756	4
2048	768	0	1818	756	4
2303	768	0	2036	758	4
2559	768	0	2269	757	4
2815	768	0	2478	758	4
3071	768	0	2686	756	4
3327	768	0	2903	756	3
3583	768	0	3124	759	3
3839	768	0	3339	760	3
4095	768	0	3546	758	3
0	1024	0	101	1000	6
256	1024	0	327	1000	6
512	1024	0	552	1002	6
768	1024	0	768	1003	6
1024	1024	0	983	1005	6
1280	1024	0	1202	1004	6
1536	1024	0	1416	1004	5
1792	1024	0	1630	1004	5
2048	1024	0	1844	1005	5
2303	1024	0	2060	1004	5
2559	1024	0	2293	1004	5
2815	1024	0	2506	1008	5
3071	1024	0	2716	1006	5
3327	1024	0	2932	1006	5
3583	1024	0	3146	1006	5
3839	1024	0	3360	1006	4
4095	1024	0	3577	1007	4
0	1280	0	126	1252	7
256	1280	0	352	1252	7
512	1280	0	576	1254	8
768	1280	0	794	1255	7
1024	1280	0	1006	1254	7
1280	1280	0	1228	1254	7
1536	1280	0	1442	1254	6
1792	1280	0	1653	1254	6
2048	1280	0	1866	1254	6
2303	1280	0	2086	1254	6
2559	1280	0	2319	1256	6
2815	1280	0	2525	1255	6
3071	1280	0	2739	1255	6
3327	1280	0	2963	1258	6
3583	1280	0	3173	1255	6
3839	1280	0	3384	1254	6
4095	1280	0	3600	1254	6
0	1536	0	152	1496	8
256	1536	0	378	1498	8
512	1536	0	600	1498	8
768	1536	0	817	1497	8
1024	1536	0	1032	1500	8
1280	1536	0	1256	1500	8
1536	1536	0	1466	1498	8
1792	1536	0	1679	1497	8
2048	1536	0	1894	1498	8
2303	1536	0	2118	1500	8
2559	1536	0	2348	1502	8
2815	1536	0	2554	1500	8
3071	1536	0	2767	1499	8
3327	1536	0	2984	1497	8
3583	1536	0	3200	1498	8
3839	1536	0	3416	1500	8
4095	1536	0	3632	1500	8
0	1792	0	178	1744	10
256	1792	0	404	1746	10
512	1792	0	627	1744	10
768	1792	0	842	1743	10
1024	1792	0	1058	1744	10
1280	1792	0	1282	1744	10
1536	1792	0	1493	1742	10
1792	1792	0	1707	1743	10
2048	1792	0	1922	1744	10
2303	1792	0	2150	1747	10
2559	1792	0	2376	1747	10
2815	1792	0	2582	1744	10
3071	1792	0	2796	1744	9
3327	1792	0	3010	1740	9
3583	1792	0	3231	1743	9
3839	1792	0	3447	1745	9
4095	1792	0	3665	1745	8
0	2048	0	203	1988	12
256	2048	0	430	1988	12
512	2048	0	652	1988	12
768	2048	0	868	1988	12
1024	2048	0	1086	1989	12
1280	2048	0	1307	1987	11
1536	2048	0	1518	1988	11
1792	2048	0	1736	1990	10
2048	2048	0	1951	1990	10
2303	2048	0	2178	1990	10
2559	2048	0	2401	1989	10
2815	2048	0	2612	1990	10
3071	2048	0	2826	1988	10
3327	2048	0	3046	1988	10
3583	2048	0	3264	1988	10
3839	2048	0	3474	1987	10
4095	2048	0	3692	1987	10
0	2303	0	228	2250	13
256	2303	0	455	2252	13
512	2303	0	676	2254	13
768	2303	0	892	2254	13
1024	2303	0	1110	2251	13
1280	2303	0	1330	2251	13
1536	2303	0	1544	2254	13
1792	2303	0	1758	2251	12
2048	2303	0	1972	2251	12
2303	2303	0	2206	2254	13
2559	2303	0	2429	2258	13
2815	2303	0	2640	2256	12
3071	2303	0	2852	2252	12
3327	2303	0	3072	2252	12
3583	2303	0	3284	2248	12
3839	2303	0	3499	2250	12
4095	2303	0	3720	2250	12
0	2559	0	255	2505	15
256	2559	0	482	2506	15
512	2559	0	703	2504	15
768	2559	0	918	2503	14
1024	2559	0	1136	2503	14
1280	2559	0	1358	2503	14
1536	2559	0	1568	2498	14
1792	2559	0	1784	2500	14
2048	2559	0	1997	2497	14
2303	2559	0	2236	2502	14
2559	2559	0	2452	2502	14
2815	2559	0	2664	2500	14
3071	2559	0	2880	2498	14
3327	2559	0	3098	2496	14
3583	2559	0	3310	2494	14
3839	2559	0	3528	2498	14
4095	2559	0	3746	2494	14
0	2815	0	280	2747	16
256	2815	0	508	2747	16
512	2815	0	726	2746	16
768	2815	0	943	2750	16
1024	2815	0	1163	2748	16
1280	2815	0	1380	2744	16
1536	2815	0	1594	2746	16
1792	2815	0	1811	2747	16
2048	2815	0	2028	2750	16
2303	2815	0	2264	2748	16
2559	2815	0	2480	2750	15
2815	2815	0	2692	2747	15
3071	2815	0	2908	2744	15
3327	2815	0	3128	2744	15
3583	2815	0	3345	2745	14
3839	2815	0	3556	2743	14
4095	2815	0	3779	2743	14
0	3071	0	306	2996	18
256	3071	0	532	2996	18
512	3071	0	752	2998	18
768	3071	0	967	2998	17
1024	3071	0	1188	2995	17
1280	3071	0	1406	2994	17
1536	3071	0	1620	2995	17
1792	3071	0	1836	2996	17
2048	3071	0	2053	2995	17
2303	3071	0	2290	2995	17
2559	3071	0	2504	2998	17
2815	3071	0	2717	2994	17
3071	3071	0	2937	2994	17
3327	3071	0	3154	2992	17
3583	3071	0	3366	2989	16
3839	3071	0	3584	2992	16
4095	3071	0	3806	2991	16
0	3327	0	332	3249	19
256	3327	0	558	3250	19
512	3327	0	778	3252	19
768	3327	0	992	3248	19
1024	3327	0	1214	3246	19
1280	3327	0	1431	3245	18
1536	3327	0	1646	3244	18
1792	3327	0	1861	3244	18
2048	3327	0	2082	3246	18
2303	3327	0	2322	3251	18
2559	3327	0	2531	3249	18
2815	3327	0	2746	3246	18
3071	3327	0	2964	3243	18
3327	3327	0	3181	3242	18
3583	3327	0	3396	3242	18
3839	3327	0	3612	3241	18
4095	3327	0	3832	3240	18
0	3583	0	357	3498	20
256	3583	0	584	3499	20
512	3583	0	802	3494	20
768	3583	0	1018	3495	20
1024	3583	0	1243	3494	20
1280	3583	0	1456	3488	20
1536	3583	0	1670	3485	20
1792	3583	0	1886	3488	20
2048	3583	0	2112	3492	20
2303	3583	0	2346	3494	20
2559	3583	0	2556	3493	20
2815	3583	0	2771	3490	20
3071	3583	0	2988	3484	20
3327	3583	0	3206	3482	20
3583	3583	0	3420	3481	20
3839	3583	0	3636	3479	20
4095	3583	0	3854	3478	19
0	3839	0	382	3742	22
256	3839	0	608	3742	22
512	3839	0	828	3744	22
768	3839	0	1044	3744	22
1024	3839	0	1268	3740	22
1280	3839	0	1482	3737	22
1536	3839	0	1696	3737	22
1792	3839	0	1914	3738	22
2048	3839	0	2142	3742	22
2303	3839	0	2374	3745	21
2559	3839	0	2585	3743	21
2815	3839	0	2797	3736	21
3071	3839	0	3020	3737	21
3327	3839	0	3236	3734	21
3583	3839	0	3448	3730	21
3839	3839	0	3667	3730	21
4095	3839	0	3884	3730	20
0	4095	0	410	3990	24
256	4095	0	634	3990	23
512	4095	0	853	3988	23
768	4095	0	1070	3987	23
1024	4095	0	1296	3987	23
1280	4095	0	1510	3987	23
1536	4095	0	1726	3988	23
1792	4095	0	1942	3987	22
2048	4095	0	2170	3986	22
2303	4095	0	2398	3987	22
2559	4095	0	2612	3988	22
2815	4095	0	2825	3981	22
3071	4095	0	3046	3978	22
3327	4095	0	3262	3976	22
3583	4095	0	3474	3972	22
3839	4095	0	3696	3974	22
4095	4095	0	3912	3974	22
0	0	256	11	4	246
256	0	256	238	4	246
512	0	256	462	6	248
768	0	256	682	7	248
1024	0	256	896	8	248
1280	0	256	1111	9	248
1536	0	256	1330	10	249
1792	0	256	1538	10	248
2048	0	256	1746	11	248
2303	0	256	1958	12	247
2559	0	256	2194	14	248
2815	0	256	2412	14	248
3071	0	256	2620	15	247
3327	0	256	2834	16	247
3583	0	256	3050	16	246
3839	0	256	3262	18	246
4095	0	256	3469	18	246
0	256	256	36	255	246
256	256	256	263	258	248
512	256	256	489	260	250
768	256	256	707	261	250
1024	256	256	918	262	252
1280	256	256	1136	262	252
1536	256	256	1354	264	250
1792	256	256	1560	263	251
2048	256	256	1772	264	251
2303	256	256	1985	266	251
2559	256	256	2220	266	251
2815	256	256	2434	267	250
3071	256	256	2648	268	252
3327	256	256	2863	268	250
3583	256	256	3075	268	249
3839	256	256	3286	269	250
4095	256	256	3502	270	250
0	512	256	61	506	254
256	512	256	287	507	254
512	512	256	512	508	254
768	512	256	730	509	255
1024	512	256	940	508	254
1280	512	256	1160	510	254
1536	512	256	1377	510	254
1792	512	256	1586	510	252
2048	512	256	1800	511	252
2303	512	256	2013	512	252
2559	512	256	2250	514	253
2815	512	256	2460	513	252
3071	512	256	2675	514	253
3327	512	256	2889	514	252
3583	512	256	3102	514	252
3839	512	256	3318	514	252
4095	512	256	3538	517	251
0	768	256	86	754	256
256	768	256	312	756	256
512	768	256	538	758	256
768	768	256	754	758	256
1024	768	256	967	758	256
1280	768	256	1187	758	256
1536	768	256	1401	758	256
1792	768	256	1612	758	256
2048	768	256	1825	758	256
2303	768	256	2042	760	255
2559	768	256	2280	762	255
2815	768	256	2485	760	255
3071	768	256	2699	760	254
3327	768	256	2917	761	254
3583	768	256	3132	761	252
3839	768	256	3345	761	253
4095	768	256	3555	760	254
0	1024	256	111	1004	260
256	1024	256	337	1006	260
512	1024	256	562	1006	260
768	1024	256	776	1004	259
1024	1024	256	992	1008	259
1280	1024	256	1210	1005	258
1536	1024	256	1424	1006	258
1792	1024	256	1637	1008	256
2048	1024	256	1850	1007	256
2303	1024	256	2069	1008	257
2559	1024	256	2306	1010	257
2815	1024	256	2511	1008	257
3071	1024	256	2721	1007	256
3327	1024	256	2938	1007	256
3583	1024	256	3157	1008	256
3839	1024	256	3370	1008	256
4095	1024	256	3582	1008	255
0	1280	256	136	1256	261
256	1280	256	362	1256	260
512	1280	256	586	1257	261
768	1280	256	802	1256	260
1024	1280	256	1016	1259	260
1280	1280	256	1237	1256	261
1536	1280	256	1450	1256	259
1792	1280	256	1662	1257	260
2048	1280	256	1878	1260	260
2303	1280	256	2100	1260	260
2559	1280	256	2328	1258	259
2815	1280	256	2539	1260	258
3071	1280	256	2752	1259	258
3327	1280	256	2970	1258	257
3583	1280	256	3190	1260	258
3839	1280	256	3398	1258	257
4095	1280	256	3608	1256	256
0	1536	256	161	1498	264
256	1536	256	387	1500	262
512	1536	256	610	1500	263
768	1536	256	828	1502	263
1024	1536	256	1041	1502	262
1280	1536	256	1265	1502	262
1536	1536	256	1474	1500	262
1792	1536	256	1690	1502	262
2048	1536	256	1901	1501	261
2303	1536	256	2125	1500	261
2559	1536	256	2356	1504	262
2815	1536	256	2564	1503	262
3071	1536	256	2776	1500	260
3327	1536	256	2996	1500	260
3583	1536	256	3210	1500	260
3839	1536	256	3426	1502	260
4095	1536	256	3645	1502	259
0	1792	256	186	1745	265
256	1792	256	413	1745	266
512	1792	256	636	1746	265
768	1792	256	852	1747	265
1024	1792	256	1066	1746	264
1280	1792	256	1289	1745	264
1536	1792	256	1500	1745	264
1792	1792	256	1716	1746	264
2048	1792	256	1928	1746	264
2303	1792	256	2155	1746	263
2559	1792	256	2382	1748	264
2815	1792	256	2592	1748	263
3071	1792	256	2804	1744	262
3327	1792	256	3025	1745	262
3583	1792	256	3238	1744	262
3839	1792	256	3456	1746	262
4095	1792	256	3672	1745	262
0	2048	256	212	1992	268
256	2048	256	440	1992	268
512	2048	256	662	1991	267
768	2048	256	877	1990	267
1024	2048	256	1094	1990	267
1280	2048	256	1316	1990	266
1536	2048	256	1524	1986	266
1792	2048	256	1741	1988	266
2048	2048	256	1957	1990	266
2303	2048	256	2186	1990	266
2559	2048	256	2409	1990	265
2815	2048	256	2622	1992	266
3071	2048	256	2840	1993	266
3327	2048	256	3054	1987	264
3583	2048	256	3272	1988	264
3839	2048	256	3486	1990	264
4095	2048	256	3699	1985	264
0	2303	256	237	2254	269
256	2303	256	464	2254	269
512	2303	256	686	2256	269
768	2303	256	902	2257	268
1024	2303	256	1120	2256	268
1280	2303	256	1338	2252	268
1536	2303	256	1548	2251	268
1792	2303	256	1766	2252	268
2048	2303	256	1981	2254	268
2303	2303	256	2214	2254	268
2559	2303	256	2434	2256	268
2815	2303	256	2645	2254	266
3071	2303	256	2858	2251	266
3327	2303	256	3084	2256	266
3583	2303	256	3297	2254	266
3839	2303	256	3508	2252	266
4095	2303	256	3728	2252	266
0	2559	256	264	2502	271
256	2559	256	492	2505	271
512	2559	256	712	2506	270
768	2559	256	926	2503	270
1024	2559	256	1145	2501	270
1280	2559	256	1364	2501	270
1536	2559	256	1576	2500	270
1792	2559	256	1789	2498	268
2048	2559	256	2009	2502	269
2303	2559	256	2245	2504	268
2559	2559	256	2462	2505	269
2815	2559	256	2674	2504	268
3071	2559	256	2890	2500	268
3327	2559	256	3109	2501	268
3583	2559	256	3324	2500	268
3839	2559	256	3534	2498	268
4095	2559	256	3750	2494	266
0	2815	256	290	2749	272
256	2815	256	518	2750	272
512	2815	256	736	2750	272
768	2815	256	952	2750	272
1024	2815	256	1172	2748	272
1280	2815	256	1388	2745	270
1536	2815	256	1602	2745	270
1792	2815	256	1820	2750	272
2048	2815	256	2038	2752	272
2303	2815	256	2276	2752	272
2559	2815	256	2488	2750	270
2815	2815	256	2702	2749	270
3071	2815	256	2918	2747	270
3327	2815	256	3134	2744	269
3583	2815	256	3350	2744	269
3839	2815	256	3567	2748	269
4095	2815	256	3783	2742	268
0	3071	256	316	3000	274
256	3071	256	542	2998	274
512	3071	256	762	3000	274
768	3071	256	977	3000	274
1024	3071	256	1199	3000	273
1280	3071	256	1414	2994	272
1536	3071	256	1626	2992	272
1792	3071	256	1844	2996	272
2048	3071	256	2064	2998	272
2303	3071	256	2298	2994	272
2559	3071	256	2512	2998	272
2815	3071	256	2726	2996	272
3071	3071	256	2943	2994	271
3327	3071	256	3160	2992	271
3583	3071	256	3374	2992	271
3839	3071	256	3588	2990	270
4095	3071	256	3806	2986	270
0	3327	256	341	3248	276
256	3327	256	567	3248	275
512	3327	256	788	3252	276
768	3327	256	1002	3250	276
1024	3327	256	1224	3248	275
1280	3327	256	1438	3244	274
1536	3327	256	1656	3247	275
1792	3327	256	1872	3249	276
2048	3327	256	2090	3244	274
2303	3327	256	2326	3246	274
2559	3327	256	2536	3246	273
2815	3327	256	2750	3244	273
3071	3327	256	2972	3244	273
3327	3327	256	3186	3240	272
3583	3327	256	3400	3238	272
3839	3327	256	3618	3240	272
4095	3327	256	3836	3238	272
0	3583	256	367	3494	278
256	3583	256	593	3496	278
512	3583	256	812	3494	277
768	3583	256	1026	3494	277
1024	3583	256	1250	3490	276
1280	3583	256	1466	3492	277
1536	3583	256	1680	3488	276
1792	3583	256	1894	3486	276
2048	3583	256	2120	3490	276
2303	3583	256	2354	3494	276
2559	3583	256	2562	3490	276
2815	3583	256	2776	3486	276
3071	3583	256	2994	3482	275
3327	3583	256	3210	3480	274
3583	3583	256	3425	3480	274
3839	3583	256	3642	3479	274
4095	3583	256	3860	3478	273
0	3839	256	392	3742	280
256	3839	256	618	3742	280
512	3839	256	836	3740	279
768	3839	256	1052	3740	279
1024	3839	256	1278	3739	279
1280	3839	256	1490	3737	278
1536	3839	256	1704	3734	278
1792	3839	256	1922	3736	278
2048	3839	256	2152	3742	278
2303	3839	256	2382	3745	278
2559	3839	256	2592	3740	278
2815	3839	256	2806	3737	278
3071	3839	256	3022	3729	276
3327	3839	256	3238	3727	276
3583	3839	256	3453	3726	276
3839	3839	256	3670	3726	276
4095	3839	256	3888	3726	276
0	4095	256	419	3986	282
256	4095	256	644	3987	280
512	4095	256	862	3990	281
768	4095	256	1082	3990	281
1024	4095	256	1303	3982	280
1280	4095	256	1518	3986	281
1536	4095	256	1733	3984	280
1792	4095	256	1949	3984	280
2048	4095	256	2179	3986	280
2303	4095	256	2405	3985	280
2559	4095	256	2616	3982	280
2815	4095	256	2830	3976	278
3071	4095	256	3050	3974	278
3327	4095	256	3268	3975	278
3583	4095	256	3482	3973	278
3839	4095	256	3700	3970	278
4095	4095	256	3914	3970	277
0	0	512	22	8	493
256	0	512	250	9	493
512	0	512	474	10	493
768	0	512	692	11	493
1024	0	512	906	12	494
1280	0	512	1122	14	492
1536	0	512	1340	14	493
1792	0	512	1550	14	492
2048	0	512	1760	15	491
2303	0	512	1970	16	491
2559	0	512	2206	17	492
2815	0	512	2423	18	492
3071	0	512	2632	19	490
3327	0	512	2844	20	490
3583	0	512	3062	20	490
3839	0	512	3276	22	488
4095	0	512	3485	23	488
0	256	512	46	260	498
256	256	512	274	262	498
512	256	512	500	264	498
768	256	512	717	265	498
1024	256	512	930	266	496
1280	256	512	1148	267	496
1536	256	512	1364	268	495
1792	256	512	1572	268	494
2048	256	512	1786	268	494
2303	256	512	1996	270	494
2559	256	512	2234	270	494
2815	256	512	2444	271	492
3071	256	512	2658	272	494
3327	256	512	2872	273	491
3583	256	512	3085	272	491
3839	256	512	3302	274	492
4095	256	512	3519	275	491
0	512	512	72	510	499
256	512	512	298	511	498
512	512	512	524	512	499
768	512	512	740	514	499
1024	512	512	950	512	498
1280	512	512	1172	514	499
1536	512	512	1386	514	496
1792	512	512	1596	514	496
2048	512	512	1809	514	496
2303	512	512	2022	516	496
2559	512	512	2262	518	497
2815	512	512	2472	518	496
3071	512	512	2686	518	496
3327	512	512	2900	518	494
3583	512	512	3114	518	493
3839	512	512	3328	518	494
4095	512	512	3547	522	493
0	768	512	96	759	500
256	768	512	323	760	501
512	768	512	548	762	501
768	768	512	764	761	500
1024	768	512	978	762	500
1280	768	512	1198	762	499
1536	768	512	1411	762	500
1792	768	512	1624	762	498
2048	768	512	1838	764	498
2303	768	512	2054	764	498
2559	768	512	2294	766	498
2815	768	512	2498	765	498
3071	768	512	2712	765	498
3327	768	512	2929	766	496
3583	768	512	3144	765	496
3839	768	512	3356	766	494
4095	768	512	3572	766	496
0	1024	512	122	1010	504
256	1024	512	348	1012	503
512	1024	512	572	1012	504
768	1024	512	788	1011	502
1024	1024	512	1004	1014	502
1280	1024	512	1224	1012	503
1536	1024	512	1438	1014	502
1792	1024	512	1650	1014	500
2048	1024	512	1862	1012	501
2303	1024	512	2082	1012	500
2559	1024	512	2316	1014	501
2815	1024	512	2524	1014	501
3071	1024	512	2738	1014	500
3327	1024	512	2956	1014	499
3583	1024	512	3174	1016	499
3839	1024	512	3384	1015	498
4095	1024	512	3593	1012	498
0	1280	512	146	1260	506
256	1280	512	372	1260	506
512	1280	512	596	1261	506
768	1280	512	812	1261	504
1024	1280	512	1027	1264	505
1280	1280	512	1247	1260	505
1536	1280	512	1460	1262	503
1792	1280	512	1675	1263	504
2048	1280	512	1890	1264	503
2303	1280	512	2114	1266	503
2559	1280	512	2342	1265	503
2815	1280	512	2552	1267	502
3071	1280	512	2760	1262	502
3327	1280	512	2980	1262	501
3583	1280	512	3197	1263	501
3839	1280	512	3411	1264	500
4095	1280	512	3628	1264	498
0	1536	512	172	1504	509
256	1536	512	398	1504	508
512	1536	512	622	1506	508
768	1536	512	838	1508	507
1024	1536	512	1052	1506	508
1280	1536	512	1276	1506	507
1536	1536	512	1488	1508	504
1792	1536	512	1703	1508	505
2048	1536	512	1916	1508	506
2303	1536	512	2140	1508	506
2559	1536	512	2366	1508	505
2815	1536	512	2576	1508	506
3071	1536	512	2795	1510	503
3327	1536	512	3014	1510	503
3583	1536	512	3225	1506	502
3839	1536	512	3438	1507	502
4095	1536	512	3656	1507	502
0	1792	512	198	1750	510
256	1792	512	424	1752	510
512	1792	512	648	1754	510
768	1792	512	864	1754	510
1024	1792	512	1077	1750	508
1280	1792	512	1301	1751	509
1536	1792	512	1512	1752	509
1792	1792	512	1726	1751	508
2048	1792	512	1942	1752	508
2303	1792	512	2170	1753	508
2559	1792	512	2395	1754	507
2815	1792	512	2606	1754	506
3071	1792	512	2821	1754	506
3327	1792	512	3048	1756	506
3583	1792	512	3250	1749	506
3839	1792	512	3466	1750	504
4095	1792	512	3684	1750	504
0	2048	512	224	1999	514
256	2048	512	451	2000	513
512	2048	512	672	1996	514
768	2048	512	888	1994	514
1024	2048	512	1105	1996	511
1280	2048	512	1326	1995	510
1536	2048	512	1536	1991	510
1792	2048	512	1752	1994	510
2048	2048	512	1969	1996	510
2303	2048	512	2202	1998	510
2559	2048	512	2424	1998	510
2815	2048	512	2634	1998	510
3071	2048	512	2847	1994	510
3327	2048	512	3064	1991	510
3583	2048	512	3282	1992	510
3839	2048	512	3493	1992	507
4095	2048	512	3714	1992	507
0	2303	512	248	2260	516
256	2303	512	475	2260	518
512	2303	512	696	2262	516
768	2303	512	912	2264	514
1024	2303	512	1132	2262	514
1280	2303	512	1350	2260	514
1536	2303	512	1563	2260	512
1792	2303	512	1780	2262	512
2048	2303	512	1997	2264	512
2303	2303	512	2228	2262	514
2559	2303	512	2444	2261	514
2815	2303	512	2656	2258	512
3071	2303	512	2873	2259	511
3327	2303	512	3096	2261	510
3583	2303	512	3312	2262	510
3839	2303	512	3520	2258	510
4095	2303	512	3744	2258	510
0	2559	512	275	2510	518
256	2559	512	503	2512	518
512	2559	512	723	2510	518
768	2559	512	938	2509	516
1024	2559	512	1157	2508	516
1280	2559	512	1376	2506	516
1536	2559	512	1588	2506	516
1792	2559	512	1805	2508	516
2048	2559	512	2023	2511	516
2303	2559	512	2258	2510	516
2559	2559	512	2474	2510	514
2815	2559	512	2687	2510	514
3071	2559	512	2904	2508	513
3327	2559	512	3121	2506	514
3583	2559	512	3334	2504	513
3839	2559	512	3552	2507	512
4095	2559	512	3766	2502	512
0	2815	512	302	2757	520
256	2815	512	529	2758	520
512	2815	512	748	2756	520
768	2815	512	962	2756	518
1024	2815	512	1184	2754	518
1280	2815	512	1400	2751	517
1536	2815	512	1612	2750	516
1792	2815	512	1830	2752	516
2048	2815	512	2046	2752	517
2303	2815	512	2290	2758	518
2559	2815	512	2498	2754	516
2815	2815	512	2712	2752	516
3071	2815	512	2930	2752	516
3327	2815	512	3148	2750	515
3583	2815	512	3362	2750	515
3839	2815	512	3580	2752	515
4095	2815	512	3797	2748	514
0	3071	512	326	3007	522
256	3071	512	554	3008	522
512	3071	512	773	3004	520
768	3071	512	988	3008	521
1024	3071	512	1210	3005	520
1280	3071	512	1426	3002	520
1536	3071	512	1642	3004	520
1792	3071	512	1859	3006	520
2048	3071	512	2078	3006	520
2303	3071	512	2314	3004	518
2559	3071	512	2526	3007	519
2815	3071	512	2740	3004	518
3071	3071	512	2956	2999	517
3327	3071	512	3176	3000	517
3583	3071	512	3392	3001	517
3839	3071	512	3602	2996	516
4095	3071	512	3821	2994	515
0	3327	512	353	3257	523
256	3327	512	578	3258	523
512	3327	512	798	3257	523
768	3327	512	1012	3255	522
1024	3327	512	1236	3254	522
1280	3327	512	1452	3252	521
1536	3327	512	1668	3255	522
1792	3327	512	1882	3254	521
2048	3327	512	2104	3252	520
2303	3327	512	2342	3258	522
2559	3327	512	2552	3258	521
2815	3327	512	2765	3252	520
3071	3327	512	2986	3252	520
3327	3327	512	3201	3248	519
3583	3327	512	3414	3246	518
3839	3327	512	3634	3248	518
4095	3327	512	3853	3249	518
0	3583	512	378	3506	526
256	3583	512	604	3504	526
512	3583	512	823	3503	525
768	3583	512	1040	3505	526
1024	3583	512	1264	3498	524
1280	3583	512	1478	3500	524
1536	3583	512	1693	3498	523
1792	3583	512	1909	3497	522
2048	3583	512	2135	3500	524
2303	3583	512	2368	3503	524
2559	3583	512	2578	3500	524
2815	3583	512	2791	3494	522
3071	3583	512	3008	3490	520
3327	3583	512	3226	3488	520
3583	3583	512	3442	3490	520
3839	3583	512	3660	3490	520
4095	3583	512	3878	3490	520
0	3839	512	404	3753	528
256	3839	512	630	3752	527
512	3839	512	848	3751	527
768	3839	512	1066	3752	527
1024	3839	512	1292	3752	528
1280	3839	512	1502	3746	526
1536	3839	512	1720	3746	526
1792	3839	512	1938	3748	526
2048	3839	512	2166	3750	526
2303	3839	512	2392	3748	524
2559	3839	512	2603	3746	524
2815	3839	512	2821	3746	524
3071	3839	512	3036	3737	523
3327	3839	512	3252	3736	522
3583	3839	512	3469	3736	522
3839	3839	512	3686	3734	522
4095	3839	512	3900	3734	521
0	4095	512	431	3994	530
256	4095	512	655	3997	529
512	4095	512	874	4000	530
768	4095	512	1094	4000	530
1024	4095	512	1316	3994	528
1280	4095	512	1530	3992	528
1536	4095	512	1747	3994	528
1792	4095	512	1962	3991	527
2048	4095	512	2192	3992	528
2303	4095	512	2418	3991	527
2559	4095	512	2629	3989	526
2815	4095	512	2845	3985	526
3071	4095	512	3068	3984	526
3327	4095	512	3284	3984	526
3583	4095	512	3494	3977	524
3839	4095	512	3714	3976	524
4095	4095	512	3928	3979	523
0	0	768	32	12	735
256	0	768	262	12	734
512	0	768	486	14	735
768	0	768	703	15	732
1024	0	768	916	16	736
1280	0	768	1134	17	734
1536	0	768	1352	18	732
1792	0	768	1560	18	732
2048	0	768	1774	19	732
2303	0	768	1986	20	732
2559	0	768	2224	21	733
2815	0	768	2438	22	732
3071	0	768	2649	23	732
3327	0	768	2866	24	731
3583	0	768	3082	25	730
3839	0	768	3292	26	726
4095	0	768	3494	27	726
0	256	768	57	264	738
256	256	768	284	266	738
512	256	768	510	268	738
768	256	768	727	270	738
1024	256	768	941	271	738
1280	256	768	1158	271	734
1536	256	768	1373	272	735
1792	256	768	1586	272	735
2048	256	768	1799	273	736
2303	256	768	2014	274	736
2559	256	768	2248	274	734
2815	256	768	2463	276	736
3071	256	768	2672	276	733
3327	256	768	2886	276	731
3583	256	768	3102	277	732
3839	256	768	3317	278	730
4095	256	768	3528	278	729
0	512	768	82	515	740
256	512	768	309	517	742
512	512	768	535	518	740
768	512	768	750	518	740
1024	512	768	964	519	740
1280	512	768	1184	520	738
1536	512	768	1400	520	740
1792	512	768	1613	521	738
2048	512	768	1827	522	738
2303	512	768	2042	522	737
2559	512	768	2276	522	737
2815	512	768	2489	524	738
3071	512	768	2702	524	738
3327	512	768	2917	524	735
3583	512	768	3134	524	736
3839	512	768	3346	524	732
4095	512	768	3551	524	733
0	768	768	106	763	744
256	768	768	334	764	742
512	768	768	558	766	742
768	768	768	777	767	741
1024	768	768	988	766	741
1280	768	768	1211	768	742
1536	768	768	1424	768	740
1792	768	768	1636	768	741
2048	768	768	1850	768	739
2303	768	768	2068	769	739
2559	768	768	2306	772	740
2815	768	768	2513	771	740
3071	768	768	2726	771	738
3327	768	768	2944	771	738
3583	768	768	3160	770	736
3839	768	768	3372	771	737
4095	768	768	3588	772	737
0	1024	768	132	1013	744
256	1024	768	359	1014	744
512	1024	768	584	1016	744
768	1024	768	802	1019	745
1024	1024	768	1014	1018	745
1280	1024	768	1236	1018	744
1536	1024	768	1449	1018	743
1792	1024	768	1662	1018	741
2048	1024	768	1876	1018	742
2303	1024	768	2098	1019	742
2559	1024	768	2332	1022	742
2815	1024	768	2542	1022	742
3071	1024	768	2750	1019	741
3327	1024	768	2975	1020	740
3583	1024	768	3188	1020	740
3839	1024	768	3400	1020	738
4095	1024	768	3616	1020	737
0	1280	768	158	1265	746
256	1280	768	384	1267	747
512	1280	768	608	1269	746
768	1280	768	826	1270	748
1024	1280	768	1039	1270	748
1280	1280	768	1264	1270	747
1536	1280	768	1475	1270	745
1792	1280	768	1686	1268	744
2048	1280	768	1901	1268	744
2303	1280	768	2126	1270	744
2559	1280	768	2356	1270	746
2815	1280	768	2559	1268	745
3071	1280	768	2776	1268	745
3327	1280	768	2994	1267	742
3583	1280	768	3212	1268	743
3839	1280	768	3424	1268	741
4095	1280	768	3640	1268	742
0	1536	768	184	1512	750
256	1536	768	410	1514	750
512	1536	768	632	1512	750
768	1536	768	848	1511	750
1024	1536	768	1065	1514	750
1280	1536	768	1288	1514	748
1536	1536	768	1498	1511	748
1792	1536	768	1713	1512	748
2048	1536	768	1929	1515	746
2303	1536	768	2156	1516	747
2559	1536	768	2384	1516	748
2815	1536	768	2596	1518	744
3071	1536	768	2810	1516	744
3327	1536	768	3026	1514	744
3583	1536	768	3245	1515	743
3839	1536	768	3454	1514	744
4095	1536	768	3670	1512	742
0	1792	768	208	1758	752
256	1792	768	436	1758	753
512	1792	768	657	1757	752
768	1792	768	872	1756	750
1024	1792	768	1090	1758	751
1280	1792	768	1314	1760	750
1536	1792	768	1524	1757	750
1792	1792	768	1738	1758	748
2048	1792	768	1958	1761	749
2303	1792	768	2188	1763	750
2559	1792	768	2412	1763	750
2815	1792	768	2624	1762	751
3071	1792	768	2840	1763	750
3327	1792	768	3052	1756	747
3583	1792	768	3270	1758	747
3839	1792	768	3483	1758	747
4095	1792	768	3698	1756	745
0	2048	768	234	2001	756
256	2048	768	462	2002	756
512	2048	768	683	2002	756
768	2048	768	898	2002	753
1024	2048	768	1116	2002	754
1280	2048	768	1338	2001	754
1536	2048	768	1550	2001	752
1792	2048	768	1768	2004	752
2048	2048	768	1982	2003	752
2303	2048	768	2214	2003	754
2559	2048	768	2436	2004	754
2815	2048	768	2649	2005	753
3071	2048	768	2864	2002	753
3327	2048	768	3082	2000	748
3583	2048	768	3298	2000	750
3839	2048	768	3506	1997	750
4095	2048	768	3732	2000	749
0	2303	768	259	2266	759
256	2303	768	486	2267	758
512	2303	768	708	2270	757
768	2303	768	922	2268	758
1024	2303	768	1142	2268	756
1280	2303	768	1363	2270	756
1536	2303	768	1577	2269	756
1792	2303	768	1790	2266	757
2048	2303	768	2003	2264	757
2303	2303	768	2243	2270	755
2559	2303	768	2460	2270	755
2815	2303	768	2674	2269	755
3071	2303	768	2891	2269	754
3327	2303	768	3108	2266	752
3583	2303	768	3320	2264	752
3839	2303	768	3536	2266	752
4095	2303	768	3754	2264	750
0	2559	768	287	2519	760
256	2559	768	515	2520	760
512	2559	768	734	2518	760
768	2559	768	950	2518	760
1024	2559	768	1170	2518	758
1280	2559	768	1388	2516	758
1536	2559	768	1601	2514	758
1792	2559	768	1816	2512	756
2048	2559	768	2034	2515	756
2303	2559	768	2276	2521	756
2559	2559	768	2489	2520	758
2815	2559	768	2700	2516	756
3071	2559	768	2916	2512	756
3327	2559	768	3134	2512	755
3583	2559	768	3348	2510	754
3839	2559	768	3557	2506	754
4095	2559	768	3784	2510	754
0	2815	768	312	2762	764
256	2815	768	539	2760	764
512	2815	768	758	2761	764
768	2815	768	976	2766	762
1024	2815	768	1197	2764	762
1280	2815	768	1414	2761	760
1536	2815	768	1628	2761	760
1792	2815	768	1845	2764	759
2048	2815	768	2060	2760	760
2303	2815	768	2302	2763	760
2559	2815	768	2513	2763	760
2815	2815	768	2726	2760	759
3071	2815	768	2945	2758	756
3327	2815	768	3161	2756	756
3583	2815	768	3374	2754	755
3839	2815	768	3590	2756	754
4095	2815	768	3809	2752	754
0	3071	768	338	3008	764
256	3071	768	564	3009	763
512	3071	768	784	3012	764
768	3071	768	999	3014	764
1024	3071	768	1222	3010	765
1280	3071	768	1438	3010	763
1536	3071	768	1652	3010	762
1792	3071	768	1866	3006	763
2048	3071	768	2087	3007	761
2303	3071	768	2329	3015	762
2559	3071	768	2538	3012	762
2815	3071	768	2750	3008	762
3071	3071	768	2971	3008	760
3327	3071	768	3188	3006	759
3583	3071	768	3402	3006	757
3839	3071	768	3618	3004	758
4095	3071	768	3833	3000	756
0	3327	768	364	3262	765
256	3327	768	590	3262	766
512	3327	768	808	3260	766
768	3327	768	1024	3263	766
1024	3327	768	1250	3266	764
1280	3327	768	1464	3261	764
1536	3327	768	1680	3262	764
1792	3327	768	1896	3264	762
2048	3327	768	2120	3264	762
2303	3327	768	2354	3265	765
2559	3327	768	2565	3265	763
2815	3327	768	2782	3262	763
3071	3327	768	2999	3258	762
3327	3327	768	3216	3256	762
3583	3327	768	3429	3254	760
3839	3327	768	3644	3252	760
4095	3327	768	3860	3250	758
0	3583	768	389	3506	770
256	3583	768	615	3506	769
512	3583	768	834	3510	768
768	3583	768	1052	3512	768
1024	3583	768	1276	3506	768
1280	3583	768	1488	3504	768
1536	3583	768	1706	3506	766
1792	3583	768	1922	3506	768
2048	3583	768	2148	3506	768
2303	3583	768	2378	3506	767
2559	3583	768	2590	3504	767
2815	3583	768	2800	3498	767
3071	3583	768	3025	3500	766
3327	3583	768	3244	3499	764
3583	3583	768	3455	3496	764
3839	3583	768	3672	3494	762
4095	3583	768	3888	3495	760
0	3839	768	414	3755	772
256	3839	768	640	3755	772
512	3839	768	859	3757	772
768	3839	768	1078	3760	771
1024	3839	768	1300	3752	770
1280	3839	768	1516	3756	772
1536	3839	768	1732	3756	770
1792	3839	768	1948	3754	769
2048	3839	768	2178	3756	769
2303	3839	768	2406	3758	768
2559	3839	768	2620	3758	768
2815	3839	768	2832	3750	765
3071	3839	768	3053	3748	765
3327	3839	768	3268	3746	766
3583	3839	768	3482	3744	766
3839	3839	768	3704	3744	764
4095	3839	768	3918	3746	764
0	4095	768	442	4004	776
256	4095	768	667	4007	777
512	4095	768	885	4006	776
768	4095	768	1104	4002	774
1024	4095	768	1328	4004	776
1280	4095	768	1542	4003	774
1536	4095	768	1760	4004	774
1792	4095	768	1975	4000	773
2048	4095	768	2208	4000	772
2303	4095	768	2432	4000	772
2559	4095	768	2644	3998	772
2815	4095	768	2865	4000	773
3071	4095	768	3086	3996	772
3327	4095	768	3298	3990	770
3583	4095	768	3512	3989	769
3839	4095	768	3734	3988	769
4095	4095	768	3944	3989	768
0	0	1024	44	16	976
256	0	1024	272	16	974
512	0	1024	497	18	974
768	0	1024	716	19	976
1024	0	1024	929	20	975
1280	0	1024	1146	21	974
1536	0	1024	1364	22	974
1792	0	1024	1576	23	974
2048	0	1024	1790	24	971
2303	0	1024	1998	24	971
2559	0	1024	2236	25	972
2815	0	1024	2452	26	973
3071	0	1024	2664	27	972
3327	0	1024	2879	28	970
3583	0	1024	3095	29	968
3839	0	1024	3307	30	969
4095	0	1024	3522	31	968
0	256	1024	68	269	980
256	256	1024	296	272	980
512	256	1024	522	272	979
768	256	1024	739	274	978
1024	256	1024	952	276	978
1280	256	1024	1171	276	976
1536	256	1024	1387	276	976
1792	256	1024	1599	277	974
2048	256	1024	1811	278	974
2303	256	1024	2026	278	976
2559	256	1024	2266	280	976
2815	256	1024	2472	280	973
3071	256	1024	2684	280	972
3327	256	1024	2906	282	974
3583	256	1024	3124	282	972
3839	256	1024	3334	283	971
4095	256	1024	3547	284	971
0	512	1024	93	520	982
256	512	1024	320	522	983
512	512	1024	546	523	983
768	512	1024	764	524	982
1024	512	1024	975	524	981
1280	512	1024	1197	526	981
1536	512	1024	1412	526	980
1792	512	1024	1624	525	977
2048	512	1024	1836	526	976
2303	512	1024	2052	526	979
2559	512	1024	2294	528	978
2815	512	1024	2502	528	978
3071	512	1024	2714	529	976
3327	512	1024	2934	530	978
3583	512	1024	3151	530	974
3839	512	1024	3361	530	974
4095	512	1024	3576	531	974
0	768	1024	118	768	983
256	768	1024	346	770	984
512	768	1024	571	773	984
768	768	1024	788	771	984
1024	768	1024	1002	774	984
1280	768	1024	1224	774	984
1536	768	1024	1436	774	982
1792	768	1024	1650	773	981
2048	768	1024	1864	774	982
2303	768	1024	2086	776	986
2559	768	1024	2326	778	984
2815	768	1024	2532	778	984
3071	768	1024	2742	776	980
3327	768	1024	2959	776	978
3583	768	1024	3176	776	978
3839	768	1024	3390	778	977
4095	768	1024	3605	778	976
0	1024	1024	143	1020	987
256	1024	1024	371	1022	986
512	1024	1024	595	1023	988
768	1024	1024	812	1022	985
1024	1024	1024	1024	1021	986
1280	1024	1024	1250	1024	986
1536	1024	1024	1460	1023	984
1792	1024	1024	1673	1022	982
2048	1024	1024	1889	1024	982
2303	1024	1024	2113	1026	983
2559	1024	1024	2344	1026	984
2815	1024	1024	2550	1024	985
3071	1024	1024	2768	1026	985
3327	1024	1024	2984	1024	982
3583	1024	1024	3202	1026	981
3839	1024	1024	3417	1026	980
4095	1024	1024	3631	1025	978
0	1280	1024	168	1272	990
256	1280	1024	395	1270	990
512	1280	1024	618	1272	990
768	1280	1024	837	1275	988
1024	1280	1024	1052	1276	986
1280	1280	1024	1273	1272	986
1536	1280	1024	1486	1274	987
1792	1280	1024	1702	1276	985
2048	1280	1024	1916	1276	985
2303	1280	1024	2140	1276	986
2559	1280	1024	2370	1278	986
2815	1280	1024	2580	1278	984
3071	1280	1024	2790	1274	984
3327	1280	1024	3017	1278	984
3583	1280	1024	3230	1276	980
3839	1280	1024	3442	1276	982
4095	1280	1024	3662	1276	981
0	1536	1024	194	1517	994
256	1536	1024	422	1516	990
512	1536	1024	644	1517	990
768	1536	1024	860	1518	992
1024	1536	1024	1076	1517	992
1280	1536	1024	1298	1517	988
1536	1536	1024	1512	1518	988
1792	1536	1024	1726	1519	989
2048	1536	1024	1938	1517	990
2303	1536	1024	2167	1519	988
2559	1536	1024	2396	1522	989
2815	1536	1024	2606	1520	989
3071	1536	1024	2820	1520	986
3327	1536	1024	3041	1518	986
3583	1536	1024	3256	1519	988
3839	1536	1024	3468	1519	984
4095	1536	1024	3688	1518	984
0	1792	1024	220	1762	996
256	1792	1024	448	1764	994
512	1792	1024	670	1764	993
768	1792	1024	885	1764	994
1024	1792	1024	1102	1764	992
1280	1792	1024	1324	1764	990
1536	1792	1024	1536	1764	992
1792	1792	1024	1752	1764	992
2048	1792	1024	1969	1766	991
2303	1792	1024	2203	1769	988
2559	1792	1024	2427	1771	992
2815	1792	1024	2637	1770	990
3071	1792	1024	2850	1766	988
3327	1792	1024	3072	1766	987
3583	1792	1024	3285	1764	987
3839	1792	1024	3496	1762	986
4095	1792	1024	3717	1764	986
0	2048	1024	246	2008	996
256	2048	1024	473	2009	998
512	2048	1024	695	2010	998
768	2048	1024	910	2009	997
1024	2048	1024	1130	2010	996
1280	2048	1024	1352	2010	994
1536	2048	1024	1562	2006	994
1792	2048	1024	1778	2007	994
2048	2048	1024	1994	2008	994
2303	2048	1024	2230	2010	996
2559	2048	1024	2448	2010	997
2815	2048	1024	2660	2008	996
3071	2048	1024	2875	2007	992
3327	2048	1024	3096	2006	992
3583	2048	1024	3310	2005	990
3839	2048	1024	3524	2006	990
4095	2048	1024	3744	2005	989
0	2303	1024	271	2277	1001
256	2303	1024	499	2279	1001
512	2303	1024	718	2274	1001
768	2303	1024	934	2276	1000
1024	2303	1024	1154	2275	1000
1280	2303	1024	1374	2274	1000
1536	2303	1024	1589	2276	997
1792	2303	1024	1802	2274	997
2048	2303	1024	2020	2276	997
2303	2303	1024	2256	2276	998
2559	2303	1024	2472	2277	998
2815	2303	1024	2686	2276	996
3071	2303	1024	2901	2274	994
3327	2303	1024	3120	2272	994
3583	2303	1024	3338	2274	992
3839	2303	1024	3547	2270	993
4095	2303	1024	3773	2274	992
0	2559	1024	298	2520	1005
256	2559	1024	525	2522	1005
512	2559	1024	746	2525	1004
768	2559	1024	960	2522	1002
1024	2559	1024	1180	2520	1002
1280	2559	1024	1399	2520	1000
1536	2559	1024	1615	2523	1002
1792	2559	1024	1832	2524	999
2048	2559	1024	2042	2517	1000
2303	2559	1024	2288	2525	1000
2559	2559	1024	2501	2525	998
2815	2559	1024	2713	2522	1000
3071	2559	1024	2932	2520	997
3327	2559	1024	3149	2519	996
3583	2559	1024	3359	2514	996
3839	2559	1024	3577	2518	994
4095	2559	1024	3804	2520	994
0	2815	1024	324	2771	1004
256	2815	1024	552	2773	1004
512	2815	1024	770	2770	1004
768	2815	1024	984	2768	1004
1024	2815	1024	1208	2768	1002
1280	2815	1024	1425	2768	1002
1536	2815	1024	1639	2766	1003
1792	2815	1024	1856	2766	1003
2048	2815	1024	2076	2769	1000
2303	2815	1024	2316	2771	1002
2559	2815	1024	2526	2770	1004
2815	2815	1024	2738	2765	1002
3071	2815	1024	2955	2762	998
3327	2815	1024	3173	2761	999
3583	2815	1024	3388	2762	995
3839	2815	1024	3604	2760	996
4095	2815	1024	3824	2760	998
0	3071	1024	349	3021	1010
256	3071	1024	576	3023	1010
512	3071	1024	795	3020	1008
768	3071	1024	1012	3024	1006
1024	3071	1024	1235	3020	1006
1280	3071	1024	1450	3017	1006
1536	3071	1024	1664	3018	1004
1792	3071	1024	1882	3019	1004
2048	3071	1024	2104	3018	1006
2303	3071	1024	2338	3019	1004
2559	3071	1024	2548	3017	1004
2815	3071	1024	2765	3016	1004
3071	3071	1024	2984	3013	1002
3327	3071	1024	3201	3012	1000
3583	3071	1024	3416	3012	1000
3839	3071	1024	3632	3011	999
4095	3071	1024	3850	3010	998
0	3327	1024	375	3274	1010
256	3327	1024	601	3273	1010
512	3327	1024	821	3272	1010
768	3327	1024	1038	3280	1012
1024	3327	1024	1262	3270	1010
1280	3327	1024	1476	3270	1008
1536	3327	1024	1690	3268	1006
1792	3327	1024	1908	3268	1008
2048	3327	1024	2134	3270	1007
2303	3327	1024	2366	3270	1006
2559	3327	1024	2576	3270	1004
2815	3327	1024	2790	3264	1004
3071	3327	1024	3011	3262	1004
3327	3327	1024	3226	3259	1002
3583	3327	1024	3438	3257	1002
3839	3327	1024	3658	3258	1001
4095	3327	1024	3878	3261	1000
0	3583	1024	401	3515	1014
256	3583	1024	626	3516	1014
512	3583	1024	846	3518	1013
768	3583	1024	1062	3515	1014
1024	3583	1024	1290	3518	1014
1280	3583	1024	1502	3515	1010
1536	3583	1024	1717	3512	1010
1792	3583	1024	1934	3512	1008
2048	3583	1024	2160	3512	1010
2303	3583	1024	2390	3513	1010
2559	3583	1024	2607	3517	1009
2815	3583	1024	2816	3508	1006
3071	3583	1024	3038	3505	1006
3327	3583	1024	3250	3500	1005
3583	3583	1024	3466	3500	1002
3839	3583	1024	3686	3500	1002
4095	3583	1024	3900	3499	1004
0	3839	1024	427	3766	1016
256	3839	1024	652	3768	1016
512	3839	1024	870	3765	1016
768	3839	1024	1088	3762	1014
1024	3839	1024	1314	3765	1016
1280	3839	1024	1526	3761	1015
1536	3839	1024	1742	3760	1013
1792	3839	1024	1960	3761	1012
2048	3839	1024	2192	3764	1012
2303	3839	1024	2417	3762	1012
2559	3839	1024	2628	3758	1013
2815	3839	1024	2846	3756	1010
3071	3839	1024	3064	3752	1010
3327	3839	1024	3280	3751	1008
3583	3839	1024	3496	3751	1006
3839	3839	1024	3716	3752	1006
4095	3839	1024	3928	3748	1004
0	4095	1024	456	4022	1018
256	4095	1024	678	4018	1020
512	4095	1024	896	4014	1018
768	4095	1024	1116	4012	1017
1024	4095	1024	1340	4011	1016
1280	4095	1024	1552	4008	1015
1536	4095	1024	1769	4006	1015
1792	4095	1024	1987	4007	1016
2048	4095	1024	2222	4010	1016
2303	4095	1024	2446	4010	1016
2559	4095	1024	2658	4007	1012
2815	4095	1024	2875	4004	1012
3071	4095	1024	3092	3996	1011
3327	4095	1024	3313	4000	1011
3583	4095	1024	3524	3994	1010
3839	4095	1024	3746	3996	1010
4095	4095	1024	3958	3996	1009
0	0	1280	55	20	1222
256	0	1280	284	21	1220
512	0	1280	508	22	1221
768	0	1280	726	23	1221
1024	0	1280	940	24	1221
1280	0	1280	1158	24	1220
1536	0	1280	1376	26	1222
1792	0	1280	1588	27	1218
2048	0	1280	1798	27	1217
2303	0	1280	2012	28	1218
2559	0	1280	2250	30	1218
2815	0	1280	2459	30	1216
3071	0	1280	2671	31	1216
3327	0	1280	2888	32	1212
3583	0	1280	3104	33	1215
3839	0	1280	3322	34	1214
4095	0	1280	3533	34	1212
0	256	1280	79	273	1227
256	256	1280	307	275	1226
512	256	1280	533	277	1224
768	256	1280	748	278	1223
1024	256	1280	963	279	1224
1280	256	1280	1184	280	1224
1536	256	1280	1398	280	1220
1792	256	1280	1609	280	1220
2048	256	1280	1824	282	1222
2303	256	1280	2040	282	1223
2559	256	1280	2280	285	1223
2815	256	1280	2492	286	1223
3071	256	1280	2704	286	1222
3327	256	1280	2918	286	1218
3583	256	1280	3133	286	1217
3839	256	1280	3346	288	1216
4095	256	1280	3558	288	1214
0	512	1280	104	525	1231
256	512	1280	332	527	1232
512	512	1280	558	528	1228
768	512	1280	774	528	1228
1024	512	1280	986	528	1226
1280	512	1280	1210	530	1228
1536	512	1280	1422	529	1223
1792	512	1280	1634	530	1224
2048	512	1280	1850	530	1226
2303	512	1280	2070	532	1224
2559	512	1280	2304	532	1224
2815	512	1280	2514	533	1224
3071	512	1280	2726	533	1222
3327	512	1280	2944	533	1221
3583	512	1280	3159	534	1219
3839	512	1280	3370	534	1218
4095	512	1280	3582	534	1216
0	768	1280	128	773	1229
256	768	1280	356	773	1230
512	768	1280	580	774	1230
768	768	1280	798	776	1230
1024	768	1280	1012	777	1230
1280	768	1280	1233	777	1228
1536	768	1280	1445	776	1226
1792	768	1280	1660	777	1228
2048	768	1280	1875	778	1228
2303	768	1280	2096	780	1227
2559	768	1280	2328	780	1230
2815	768	1280	2542	783	1226
3071	768	1280	2746	778	1222
3327	768	1280	2970	780	1226
3583	768	1280	3186	780	1223
3839	768	1280	3398	781	1222
4095	768	1280	3615	782	1222
0	1024	1280	154	1025	1234
256	1024	1280	382	1025	1230
512	1024	1280	606	1026	1231
768	1024	1280	823	1028	1232
1024	1024	1280	1038	1028	1232
1280	1024	1280	1259	1027	1232
1536	1024	1280	1472	1028	1230
1792	1024	1280	1687	1029	1229
2048	1024	1280	1902	1029	1228
2303	1024	1280	2124	1030	1228
2559	1024	1280	2356	1031	1230
2815	1024	1280	2565	1031	1229
3071	1024	1280	2779	1030	1229
3327	1024	1280	3000	1030	1228
3583	1024	1280	3214	1030	1226
3839	1024	1280	3422	1028	1223
4095	1024	1280	3640	1030	1224
0	1280	1280	179	1274	1239
256	1280	1280	406	1276	1235
512	1280	1280	630	1277	1235
768	1280	1280	846	1277	1235
1024	1280	1280	1060	1277	1236
1280	1280	1280	1283	1276	1232
1536	1280	1280	1496	1278	1232
1792	1280	1280	1711	1278	1232
2048	1280	1280	1925	1279	1233
2303	1280	1280	2152	1281	1232
2559	1280	1280	2382	1284	1233
2815	1280	1280	2594	1284	1232
3071	1280	1280	2804	1280	1230
3327	1280	1280	3025	1280	1230
3583	1280	1280	3236	1278	1227
3839	1280	1280	3449	1278	1226
4095	1280	1280	3670	1279	1227
0	1536	1280	205	1522	1238
256	1536	1280	432	1522	1238
512	1536	1280	654	1522	1238
768	1536	1280	872	1524	1238
1024	1536	1280	1090	1526	1238
1280	1536	1280	1312	1526	1234
1536	1536	1280	1522	1523	1234
1792	1536	1280	1738	1524	1236
2048	1536	1280	1951	1524	1235
2303	1536	1280	2179	1524	1234
2559	1536	1280	2403	1524	1236
2815	1536	1280	2616	1524	1238
3071	1536	1280	2833	1525	1232
3327	1536	1280	3049	1522	1232
3583	1536	1280	3263	1522	1232
3839	1536	1280	3480	1524	1229
4095	1536	1280	3695	1521	1228
0	1792	1280	231	1769	1244
256	1792	1280	458	1770	1242
512	1792	1280	681	1772	1242
768	1792	1280	897	1771	1242
1024	1792	1280	1116	1772	1242
1280	1792	1280	1338	1772	1242
1536	1792	1280	1546	1767	1238
1792	1792	1280	1764	1769	1239
2048	1792	1280	1980	1770	1238
2303	1792	1280	2212	1771	1238
2559	1792	1280	2432	1771	1236
2815	1792	1280	2644	1771	1236
3071	1792	1280	2859	1768	1236
3327	1792	1280	3078	1768	1232
3583	1792	1280	3293	1768	1232
3839	1792	1280	3509	1768	1232
4095	1792	1280	3729	1768	1233
0	2048	1280	257	2015	1248
256	2048	1280	485	2016	1247
512	2048	1280	706	2014	1247
768	2048	1280	922	2015	1248
1024	2048	1280	1141	2014	1246
1280	2048	1280	1361	2012	1246
1536	2048	1280	1576	2013	1242
1792	2048	1280	1789	2012	1242
2048	2048	1280	2010	2018	1242
2303	2048	1280	2241	2014	1242
2559	2048	1280	2460	2015	1242
2815	2048	1280	2672	2014	1241
3071	2048	1280	2886	2010	1238
3327	2048	1280	3106	2010	1238
3583	2048	1280	3324	2012	1236
3839	2048	1280	3531	2008	1236
4095	2048	1280	3756	2009	1236
0	2303	1280	280	2276	1252
256	2303	1280	508	2279	1252
512	2303	1280	728	2279	1252
768	2303	1280	944	2281	1249
1024	2303	1280	1166	2280	1250
1280	2303	1280	1383	2278	1246
1536	2303	1280	1598	2278	1247
1792	2303	1280	1816	2282	1246
2048	2303	1280	2028	2278	1246
2303	2303	1280	2266	2280	1248
2559	2303	1280	2486	2284	1244
2815	2303	1280	2696	2280	1245
3071	2303	1280	2912	2278	1240
3327	2303	1280	3130	2276	1240
3583	2303	1280	3342	2274	1240
3839	2303	1280	3559	2276	1237
4095	2303	1280	3784	2278	1237
0	2559	1280	308	2528	1250
256	2559	1280	536	2528	1251
512	2559	1280	755	2526	1251
768	2559	1280	972	2530	1250
1024	2559	1280	1194	2530	1250
1280	2559	1280	1410	2525	1248
1536	2559	1280	1622	2522	1247
1792	2559	1280	1840	2524	1250
2048	2559	1280	2060	2528	1246
2303	2559	1280	2300	2530	1246
2559	2559	1280	2510	2528	1247
2815	2559	1280	2725	2527	1248
3071	2559	1280	2942	2524	1243
3327	2559	1280	3158	2522	1242
3583	2559	1280	3375	2522	1240
3839	2559	1280	3593	2526	1242
4095	2559	1280	3810	2520	1242
0	2815	1280	334	2775	1255
256	2815	1280	562	2776	1254
512	2815	1280	782	2776	1254
768	2815	1280	996	2773	1252
1024	2815	1280	1218	2772	1254
1280	2815	1280	1434	2770	1251
1536	2815	1280	1649	2770	1248
1792	2815	1280	1866	2771	1248
2048	2815	1280	2087	2772	1250
2303	2815	1280	2325	2774	1251
2559	2815	1280	2534	2772	1250
2815	2815	1280	2748	2768	1248
3071	2815	1280	2966	2767	1248
3327	2815	1280	3186	2766	1245
3583	2815	1280	3400	2766	1244
3839	2815	1280	3616	2764	1246
4095	2815	1280	3836	2765	1242
0	3071	1280	360	3024	1258
256	3071	1280	586	3024	1258
512	3071	1280	805	3024	1256
768	3071	1280	1022	3026	1256
1024	3071	1280	1244	3022	1254
1280	3071	1280	1460	3022	1253
1536	3071	1280	1676	3022	1252
1792	3071	1280	1892	3022	1253
2048	3071	1280	2114	3022	1252
2303	3071	1280	2348	3022	1252
2559	3071	1280	2560	3023	1252
2815	3071	1280	2773	3018	1250
3071	3071	1280	2992	3014	1248
3327	3071	1280	3208	3012	1247
3583	3071	1280	3424	3013	1246
3839	3071	1280	3644	3015	1246
4095	3071	1280	3862	3016	1245
0	3327	1280	386	3275	1258
256	3327	1280	612	3279	1258
512	3327	1280	832	3279	1258
768	3327	1280	1046	3274	1258
1024	3327	1280	1273	3277	1258
1280	3327	1280	1486	3274	1256
1536	3327	1280	1702	3272	1256
1792	3327	1280	1917	3272	1255
2048	3327	1280	2142	3272	1254
2303	3327	1280	2373	3272	1254
2559	3327	1280	2582	3268	1254
2815	3327	1280	2799	3266	1253
3071	3327	1280	3026	3270	1250
3327	3327	1280	3239	3266	1248
3583	3327	1280	3453	3264	1246
3839	3327	1280	3672	3264	1248
4095	3327	1280	3886	3263	1248
0	3583	1280	412	3522	1262
256	3583	1280	637	3522	1264
512	3583	1280	856	3519	1264
768	3583	1280	1074	3522	1260
1024	3583	1280	1298	3520	1260
1280	3583	1280	1510	3516	1261
1536	3583	1280	1724	3512	1258
1792	3583	1280	1941	3514	1258
2048	3583	1280	2172	3516	1257
2303	3583	1280	2400	3516	1256
2559	3583	1280	2612	3514	1254
2815	3583	1280	2828	3512	1254
3071	3583	1280	3050	3510	1254
3327	3583	1280	3268	3510	1256
3583	3583	1280	3480	3508	1252
3839	3583	1280	3702	3508	1252
4095	3583	1280	3917	3509	1250
0	3839	1280	438	3776	1266
256	3839	1280	662	3772	1266
512	3839	1280	881	3770	1264
768	3839	1280	1100	3772	1266
1024	3839	1280	1323	3767	1262
1280	3839	1280	1536	3764	1262
1536	3839	1280	1752	3764	1260
1792	3839	1280	1971	3768	1260
2048	3839	1280	2201	3766	1261
2303	3839	1280	2424	3762	1260
2559	3839	1280	2638	3762	1260
2815	3839	1280	2853	3758	1257
3071	3839	1280	3077	3758	1256
3327	3839	1280	3299	3764	1256
3583	3839	1280	3510	3758	1256
3839	3839	1280	3730	3757	1256
4095	3839	1280	3944	3758	1256
0	4095	1280	466	4021	1272
256	4095	1280	690	4022	1270
512	4095	1280	908	4020	1268
768	4095	1280	1127	4017	1268
1024	4095	1280	1350	4014	1266
1280	4095	1280	1565	4016	1265
1536	4095	1280	1782	4014	1265
1792	4095	1280	1996	4010	1265
2048	4095	1280	2232	4012	1266
2303	4095	1280	2454	4011	1262
2559	4095	1280	2664	4005	1262
2815	4095	1280	2880	4000	1260
3071	4095	1280	3106	4004	1261
3327	4095	1280	3321	4000	1261
3583	4095	1280	3537	4002	1262
3839	4095	1280	3758	4000	1258
4095	4095	1280	3968	4000	1258
0	0	1536	66	24	1463
256	0	1536	294	24	1464
512	0	1536	520	26	1464
768	0	1536	737	27	1462
1024	0	1536	950	28	1462
1280	0	1536	1170	29	1461
1536	0	1536	1385	30	1456
1792	0	1536	1594	31	1456
2048	0	1536	1808	32	1456
2303	0	1536	2022	32	1456
2559	0	1536	2264	34	1460
2815	0	1536	2475	35	1458
3071	0	1536	2686	35	1456
3327	0	1536	2900	36	1452
3583	0	1536	3116	36	1452
3839	0	1536	3328	38	1450
4095	0	1536	3540	38	1450
0	256	1536	90	277	1464
256	256	1536	317	279	1464
512	256	1536	543	280	1465
768	256	1536	760	282	1466
1024	256	1536	973	283	1464
1280	256	1536	1193	284	1462
1536	256	1536	1406	284	1458
1792	256	1536	1620	285	1462
2048	256	1536	1836	287	1462
2303	256	1536	2053	287	1461
2559	256	1536	2288	288	1461
2815	256	1536	2497	288	1460
3071	256	1536	2709	290	1458
3327	256	1536	2926	290	1457
3583	256	1536	3144	291	1456
3839	256	1536	3356	292	1453
4095	256	1536	3569	291	1454
0	512	1536	114	528	1468
256	512	1536	341	528	1468
512	512	1536	566	530	1468
768	512	1536	784	532	1468
1024	512	1536	997	532	1468
1280	512	1536	1217	532	1464
1536	512	1536	1432	532	1464
1792	512	1536	1646	534	1464
2048	512	1536	1860	534	1464
2303	512	1536	2080	536	1464
2559	512	1536	2315	536	1464
2815	512	1536	2522	538	1464
3071	512	1536	2733	536	1460
3327	512	1536	2952	537	1460
3583	512	1536	3170	538	1459
3839	512	1536	3382	538	1457
4095	512	1536	3596	539	1458
0	768	1536	140	778	1472
256	768	1536	367	778	1470
512	768	1536	590	778	1472
768	768	1536	808	780	1470
1024	768	1536	1021	782	1470
1280	768	1536	1244	781	1469
1536	768	1536	1459	783	1470
1792	768	1536	1673	782	1468
2048	768	1536	1886	784	1468
2303	768	1536	2108	784	1468
2559	768	1536	2341	785	1469
2815	768	1536	2551	786	1465
3071	768	1536	2762	785	1466
3327	768	1536	2981	785	1464
3583	768	1536	3196	784	1462
3839	768	1536	3408	785	1460
4095	768	1536	3625	786	1461
0	1024	1536	165	1028	1476
256	1024	1536	392	1030	1476
512	1024	1536	616	1031	1474
768	1024	1536	834	1032	1474
1024	1024	1536	1047	1031	1474
1280	1024	1536	1272	1034	1474
1536	1024	1536	1482	1031	1471
1792	1024	1536	1694	1031	1469
2048	1024	1536	1910	1032	1470
2303	1024	1536	2136	1034	1472
2559	1024	1536	2367	1036	1472
2815	1024	1536	2576	1035	1470
3071	1024	1536	2790	1035	1469
3327	1024	1536	3010	1034	1467
3583	1024	1536	3222	1033	1464
3839	1024	1536	3434	1033	1464
4095	1024	1536	3652	1034	1462
0	1280	1536	190	1280	1477
256	1280	1536	417	1281	1476
512	1280	1536	640	1283	1477
768	1280	1536	857	1283	1478
1024	1280	1536	1072	1282	1474
1280	1280	1536	1296	1283	1476
1536	1280	1536	1510	1286	1476
1792	1280	1536	1724	1285	1472
2048	1280	1536	1939	1286	1476
2303	1280	1536	2166	1287	1474
2559	1280	1536	2391	1286	1474
2815	1280	1536	2601	1285	1476
3071	1280	1536	2820	1286	1470
3327	1280	1536	3035	1284	1470
3583	1280	1536	3248	1283	1468
3839	1280	1536	3460	1282	1466
4095	1280	1536	3676	1282	1463
0	1536	1536	216	1526	1483
256	1536	1536	444	1528	1481
512	1536	1536	666	1528	1480
768	1536	1536	882	1528	1482
1024	1536	1536	1100	1528	1478
1280	1536	1536	1322	1528	1478
1536	1536	1536	1534	1528	1478
1792	1536	1536	1746	1526	1478
2048	1536	1536	1962	1528	1478
2303	1536	1536	2196	1532	1478
2559	1536	1536	2419	1532	1477
2815	1536	1536	2627	1529	1474
3071	1536	1536	2842	1528	1476
3327	1536	1536	3061	1526	1471
3583	1536	1536	3276	1526	1470
3839	1536	1536	3484	1524	1469
4095	1536	1536	3706	1526	1467
0	1792	1536	241	1770	1482
256	1792	1536	470	1774	1484
512	1792	1536	691	1774	1486
768	1792	1536	906	1774	1482
1024	1792	1536	1124	1773	1482
1280	1792	1536	1344	1770	1481
1536	1792	1536	1560	1774	1480
1792	1792	1536	1773	1772	1480
2048	1792	1536	1990	1774	1478
2303	1792	1536	2224	1776	1479
2559	1792	1536	2446	1778	1483
2815	1792	1536	2658	1778	1478
3071	1792	1536	2871	1774	1476
3327	1792	1536	3087	1770	1473
3583	1792	1536	3306	1772	1472
3839	1792	1536	3512	1769	1472
4095	1792	1536	3738	1772	1468
0	2048	1536	268	2015	1487
256	2048	1536	494	2016	1487
512	2048	1536	716	2019	1489
768	2048	1536	932	2018	1487
1024	2048	1536	1151	2017	1488
1280	2048	1536	1372	2018	1482
1536	2048	1536	1586	2018	1484
1792	2048	1536	1804	2020	1482
2048	2048	1536	2016	2018	1482
2303	2048	1536	2252	2018	1482
2559	2048	1536	2472	2020	1485
2815	2048	1536	2685	2020	1484
3071	2048	1536	2901	2017	1481
3327	2048	1536	3119	2015	1476
3583	2048	1536	3331	2013	1477
3839	2048	1536	3548	2016	1478
4095	2048	1536	3770	2015	1474
0	2303	1536	292	2288	1491
256	2303	1536	522	2289	1491
512	2303	1536	741	2288	1490
768	2303	1536	956	2288	1492
1024	2303	1536	1178	2286	1488
1280	2303	1536	1396	2285	1489
1536	2303	1536	1610	2285	1489
1792	2303	1536	1824	2283	1489
2048	2303	1536	2044	2287	1486
2303	2303	1536	2283	2289	1486
2559	2303	1536	2496	2288	1486
2815	2303	1536	2708	2284	1488
3071	2303	1536	2922	2282	1483
3327	2303	1536	3140	2280	1482
3583	2303	1536	3358	2282	1479
3839	2303	1536	3568	2279	1480
4095	2303	1536	3797	2284	1480
0	2559	1536	320	2537	1498
256	2559	1536	548	2538	1497
512	2559	1536	768	2535	1497
768	2559	1536	982	2534	1495
1024	2559	1536	1206	2536	1494
1280	2559	1536	1423	2533	1490
1536	2559	1536	1636	2530	1491
1792	2559	1536	1853	2532	1488
2048	2559	1536	2072	2531	1491
2303	2559	1536	2311	2534	1491
2559	2559	1536	2519	2530	1490
2815	2559	1536	2736	2532	1488
3071	2559	1536	2953	2528	1485
3327	2559	1536	3170	2526	1482
3583	2559	1536	3385	2526	1484
3839	2559	1536	3596	2523	1480
4095	2559	1536	3823	2526	1482
0	2815	1536	346	2778	1500
256	2815	1536	572	2779	1499
512	2815	1536	790	2776	1496
768	2815	1536	1009	2784	1498
1024	2815	1536	1230	2778	1496
1280	2815	1536	1446	2777	1496
1536	2815	1536	1662	2777	1492
1792	2815	1536	1878	2776	1493
2048	2815	1536	2099	2776	1492
2303	2815	1536	2336	2779	1492
2559	2815	1536	2548	2779	1492
2815	2815	1536	2759	2774	1488
3071	2815	1536	2978	2771	1490
3327	2815	1536	3195	2770	1485
3583	2815	1536	3409	2769	1486
3839	2815	1536	3627	2768	1482
4095	2815	1536	3848	2770	1484
0	3071	1536	371	3030	1499
256	3071	1536	598	3031	1498
512	3071	1536	816	3032	1498
768	3071	1536	1031	3028	1497
1024	3071	1536	1258	3029	1501
1280	3071	1536	1470	3027	1494
1536	3071	1536	1685	3025	1496
1792	3071	1536	1900	3023	1495
2048	3071	1536	2124	3024	1494
2303	3071	1536	2358	3027	1495
2559	3071	1536	2568	3024	1494
2815	3071	1536	2785	3023	1494
3071	3071	1536	3006	3022	1489
3327	3071	1536	3220	3018	1488
3583	3071	1536	3436	3018	1486
3839	3071	1536	3657	3021	1486
4095	3071	1536	3873	3020	1486
0	3327	1536	396	3282	1502
256	3327	1536	622	3280	1502
512	3327	1536	840	3278	1502
768	3327	1536	1058	3283	1499
1024	3327	1536	1284	3281	1499
1280	3327	1536	1496	3277	1499
1536	3327	1536	1710	3274	1496
1792	3327	1536	1927	3275	1495
2048	3327	1536	2156	3278	1494
2303	3327	1536	2386	3278	1496
2559	3327	1536	2597	3278	1493
2815	3327	1536	2814	3275	1492
3071	3327	1536	3030	3268	1492
3327	3327	1536	3248	3268	1490
3583	3327	1536	3462	3267	1488
3839	3327	1536	3680	3266	1490
4095	3327	1536	3896	3266	1488
0	3583	1536	423	3525	1507
256	3583	1536	647	3524	1504
512	3583	1536	866	3524	1502
768	3583	1536	1084	3524	1505
1024	3583	1536	1308	3522	1502
1280	3583	1536	1520	3518	1502
1536	3583	1536	1736	3518	1500
1792	3583	1536	1954	3522	1499
2048	3583	1536	2184	3520	1500
2303	3583	1536	2409	3520	1500
2559	3583	1536	2623	3519	1499
2815	3583	1536	2836	3514	1496
3071	3583	1536	3062	3514	1496
3327	3583	1536	3280	3516	1492
3583	3583	1536	3488	3510	1492
3839	3583	1536	3707	3507	1490
4095	3583	1536	3924	3510	1490
0	3839	1536	448	3776	1508
256	3839	1536	674	3778	1509
512	3839	1536	892	3777	1508
768	3839	1536	1110	3774	1506
1024	3839	1536	1334	3771	1504
1280	3839	1536	1546	3769	1502
1536	3839	1536	1764	3772	1502
1792	3839	1536	1978	3767	1504
2048	3839	1536	2212	3768	1504
2303	3839	1536	2436	3770	1501
2559	3839	1536	2650	3770	1502
2815	3839	1536	2866	3764	1498
3071	3839	1536	3092	3769	1500
3327	3839	1536	3306	3763	1500
3583	3839	1536	3520	3762	1498
3839	3839	1536	3742	3763	1494
4095	3839	1536	3952	3760	1494
0	4095	1536	476	4025	1514
256	4095	1536	700	4026	1514
512	4095	1536	918	4024	1514
768	4095	1536	1138	4022	1511
1024	4095	1536	1360	4020	1510
1280	4095	1536	1575	4018	1508
1536	4095	1536	1790	4014	1508
1792	4095	1536	2008	4014	1507
2048	4095	1536	2245	4018	1504
2303	4095	1536	2466	4018	1508
2559	4095	1536	2680	4017	1506
2815	4095	1536	2898	4016	1503
3071	4095	1536	3118	4011	1504
3327	4095	1536	3334	4008	1502
3583	4095	1536	3552	4010	1502
3839	4095	1536	3771	4007	1502
4095	4095	1536	3978	4004	1500
0	0	1792	76	28	1701
256	0	1792	304	30	1701
512	0	1792	530	30	1701
768	0	1792	748	31	1702
1024	0	1792	962	32	1703
1280	0	1792	1182	33	1700
1536	0	1792	1397	34	1698
1792	0	1792	1608	35	1698
2048	0	1792	1824	36	1698
2303	0	1792	2038	37	1700
2559	0	1792	2280	38	1700
2815	0	1792	2490	39	1699
3071	0	1792	2699	39	1694
3327	0	1792	2916	40	1694
3583	0	1792	3134	40	1693
3839	0	1792	3346	42	1689
4095	0	1792	3556	43	1690
0	256	1792	101	282	1707
256	256	1792	330	284	1706
512	256	1792	555	286	1706
768	256	1792	772	287	1706
1024	256	1792	984	287	1704
1280	256	1792	1207	288	1704
1536	256	1792	1422	289	1702
1792	256	1792	1634	290	1701
2048	256	1792	1848	290	1701
2303	256	1792	2067	292	1702
2559	256	1792	2305	294	1703
2815	256	1792	2515	294	1704
3071	256	1792	2725	294	1698
3327	256	1792	2943	294	1698
3583	256	1792	3158	295	1694
3839	256	1792	3371	296	1694
4095	256	1792	3587	296	1692
0	512	1792	126	534	1710
256	512	1792	353	534	1710
512	512	1792	578	536	1709
768	512	1792	796	536	1708
1024	512	1792	1008	538	1707
1280	512	1792	1230	538	1706
1536	512	1792	1447	539	1708
1792	512	1792	1658	540	1702
2048	512	1792	1872	539	1704
2303	512	1792	2094	540	1704
2559	512	1792	2328	542	1706
2815	512	1792	2541	543	1706
3071	512	1792	2753	543	1704
3327	512	1792	2970	542	1700
3583	512	1792	3186	543	1698
3839	512	1792	3400	544	1698
4095	512	1792	3615	544	1695
0	768	1792	150	783	1712
256	768	1792	379	785	1714
512	768	1792	604	786	1714
768	768	1792	821	787	1710
1024	768	1792	1033	786	1711
1280	768	1792	1258	788	1710
1536	768	1792	1472	788	1710
1792	768	1792	1684	788	1706
2048	768	1792	1898	788	1708
2303	768	1792	2123	790	1709
2559	768	1792	2354	791	1708
2815	768	1792	2562	790	1707
3071	768	1792	2779	792	1706
3327	768	1792	2996	790	1702
3583	768	1792	3210	790	1700
3839	768	1792	3425	791	1700
4095	768	1792	3640	790	1696
0	1024	1792	176	1034	1716
256	1024	1792	404	1036	1718
512	1024	1792	628	1036	1716
768	1024	1792	844	1037	1718
1024	1024	1792	1062	1040	1714
1280	1024	1792	1285	1039	1715
1536	1024	1792	1492	1036	1709
1792	1024	1792	1709	1038	1712
2048	1024	1792	1924	1039	1710
2303	1024	1792	2152	1041	1715
2559	1024	1792	2382	1042	1710
2815	1024	1792	2588	1040	1710
3071	1024	1792	2804	1040	1706
3327	1024	1792	3024	1040	1706
3583	1024	1792	3238	1040	1705
3839	1024	1792	3450	1040	1704
4095	1024	1792	3668	1040	1702
0	1280	1792	202	1288	1718
256	1280	1792	429	1289	1718
512	1280	1792	652	1290	1716
768	1280	1792	868	1288	1716
1024	1280	1792	1086	1290	1720
1280	1280	1792	1310	1291	1714
1536	1280	1792	1521	1290	1714
1792	1280	1792	1734	1288	1712
2048	1280	1792	1949	1290	1715
2303	1280	1792	2180	1292	1718
2559	1280	1792	2406	1293	1716
2815	1280	1792	2616	1292	1710
3071	1280	1792	2826	1288	1708
3327	1280	1792	3044	1288	1708
3583	1280	1792	3264	1289	1708
3839	1280	1792	3472	1287	1702
4095	1280	1792	3692	1288	1705
0	1536	1792	227	1530	1722
256	1536	1792	456	1534	1723
512	1536	1792	676	1533	1723
768	1536	1792	893	1533	1720
1024	1536	1792	1110	1532	1720
1280	1536	1792	1331	1532	1720
1536	1536	1792	1544	1532	1718
1792	1536	1792	1760	1533	1718
2048	1536	1792	1977	1535	1716
2303	1536	1792	2208	1536	1716
2559	1536	1792	2432	1538	1718
2815	1536	1792	2642	1536	1716
3071	1536	1792	2856	1533	1710
3327	1536	1792	3074	1531	1712
3583	1536	1792	3293	1534	1712
3839	1536	1792	3502	1531	1708
4095	1536	1792	3724	1532	1704
0	1792	1792	252	1778	1726
256	1792	1792	481	1780	1723
512	1792	1792	702	1780	1726
768	1792	1792	919	1782	1722
1024	1792	1792	1138	1782	1722
1280	1792	1792	1358	1778	1719
1536	1792	1792	1572	1780	1719
1792	1792	1792	1790	1782	1720
2048	1792	1792	2004	1781	1720
2303	1792	1792	2236	1780	1720
2559	1792	1792	2456	1782	1720
2815	1792	1792	2669	1782	1721
3071	1792	1792	2884	1779	1715
3327	1792	1792	3103	1778	1712
3583	1792	1792	3315	1776	1713
3839	1792	1792	3530	1778	1713
4095	1792	1792	3754	1779	1710
0	2048	1792	278	2022	1728
256	2048	1792	506	2026	1729
512	2048	1792	728	2026	1730
768	2048	1792	945	2028	1730
1024	2048	1792	1165	2025	1730
1280	2048	1792	1385	2024	1724
1536	2048	1792	1600	2026	1726
1792	2048	1792	1812	2022	1726
2048	2048	1792	2031	2025	1727
2303	2048	1792	2268	2026	1724
2559	2048	1792	2484	2026	1722
2815	2048	1792	2696	2024	1724
3071	2048	1792	2911	2022	1718
3327	2048	1792	3128	2018	1718
3583	2048	1792	3344	2020	1714
3839	2048	1792	3559	2020	1715
4095	2048	1792	3784	2020	1715
0	2303	1792	304	2294	1732
256	2303	1792	533	2296	1732
512	2303	1792	752	2295	1734
768	2303	1792	968	2294	1734
1024	2303	1792	1191	2295	1734
1280	2303	1792	1408	2292	1730
1536	2303	1792	1620	2290	1730
1792	2303	1792	1838	2290	1727
2048	2303	1792	2054	2290	1728
2303	2303	1792	2297	2296	1728
2559	2303	1792	2506	2292	1728
2815	2303	1792	2720	2291	1726
3071	2303	1792	2938	2290	1723
3327	2303	1792	3156	2288	1719
3583	2303	1792	3370	2288	1720
3839	2303	1792	3582	2286	1718
4095	2303	1792	3809	2288	1718
0	2559	1792	331	2544	1740
256	2559	1792	559	2544	1740
512	2559	1792	779	2540	1740
768	2559	1792	994	2542	1737
1024	2559	1792	1218	2540	1734
1280	2559	1792	1435	2540	1735
1536	2559	1792	1649	2539	1729
1792	2559	1792	1864	2536	1730
2048	2559	1792	2086	2538	1728
2303	2559	1792	2324	2540	1732
2559	2559	1792	2533	2538	1732
2815	2559	1792	2746	2535	1728
3071	2559	1792	2964	2534	1726
3327	2559	1792	3184	2534	1724
3583	2559	1792	3400	2533	1724
3839	2559	1792	3612	2532	1720
4095	2559	1792	3842	2537	1722
0	2815	1792	356	2786	1741
256	2815	1792	584	2788	1740
512	2815	1792	804	2789	1738
768	2815	1792	1020	2790	1738
1024	2815	1792	1244	2787	1738
1280	2815	1792	1460	2786	1734
1536	2815	1792	1676	2784	1736
1792	2815	1792	1890	2784	1733
2048	2815	1792	2113	2783	1733
2303	2815	1792	2348	2786	1734
2559	2815	1792	2558	2782	1734
2815	2815	1792	2774	2781	1730
3071	2815	1792	2994	2780	1727
3327	2815	1792	3208	2776	1726
3583	2815	1792	3425	2778	1726
3839	2815	1792	3646	2780	1722
4095	2815	1792	3862	2778	1726
0	3071	1792	382	3042	1742
256	3071	1792	609	3041	1743
512	3071	1792	828	3039	1743
768	3071	1792	1045	3040	1742
1024	3071	1792	1270	3038	1742
1280	3071	1792	1483	3034	1738
1536	3071	1792	1698	3032	1737
1792	3071	1792	1915	3032	1736
2048	3071	1792	2141	3036	1735
2303	3071	1792	2374	3037	1736
2559	3071	1792	2584	3035	1734
2815	3071	1792	2800	3032	1733
3071	3071	1792	3017	3026	1732
3327	3071	1792	3236	3028	1730
3583	3071	1792	3450	3026	1726
3839	3071	1792	3667	3026	1730
4095	3071	1792	3888	3028	1727
0	3327	1792	408	3288	1747
256	3327	1792	634	3287	1745
512	3327	1792	853	3290	1744
768	3327	1792	1070	3290	1744
1024	3327	1792	1295	3284	1744
1280	3327	1792	1507	3282	1740
1536	3327	1792	1724	3286	1738
1792	3327	1792	1943	3288	1737
2048	3327	1792	2169	3284	1738
2303	3327	1792	2396	3282	1738
2559	3327	1792	2610	3284	1736
2815	3327	1792	2824	3280	1734
3071	3327	1792	3044	3277	1733
3327	3327	1792	3262	3276	1730
3583	3327	1792	3478	3277	1731
3839	3327	1792	3697	3276	1727
4095	3327	1792	3913	3277	1729
0	3583	1792	434	3534	1747
256	3583	1792	660	3536	1745
512	3583	1792	878	3538	1746
768	3583	1792	1096	3532	1746
1024	3583	1792	1320	3530	1742
1280	3583	1792	1532	3528	1742
1536	3583	1792	1751	3532	1741
1792	3583	1792	1966	3528	1744
2048	3583	1792	2196	3526	1742
2303	3583	1792	2422	3528	1738
2559	3583	1792	2636	3528	1740
2815	3583	1792	2850	3523	1736
3071	3583	1792	3078	3526	1735
3327	3583	1792	3290	3520	1734
3583	3583	1792	3506	3522	1734
3839	3583	1792	3730	3523	1734
4095	3583	1792	3941	3521	1732
0	3839	1792	461	3787	1752
256	3839	1792	686	3790	1752
512	3839	1792	904	3788	1754
768	3839	1792	1122	3784	1748
1024	3839	1792	1346	3781	1746
1280	3839	1792	1560	3782	1747
1536	3839	1792	1776	3778	1746
1792	3839	1792	1992	3777	1746
2048	3839	1792	2228	3781	1743
2303	3839	1792	2452	3782	1744
2559	3839	1792	2666	3781	1744
2815	3839	1792	2884	3779	1741
3071	3839	1792	3102	3772	1742
3327	3839	1792	3319	3770	1742
3583	3839	1792	3538	3774	1738
3839	3839	1792	3758	3772	1738
4095	3839	1792	3967	3770	1738
0	4095	1792	487	4034	1756
256	4095	1792	711	4032	1758
512	4095	1792	928	4031	1757
768	4095	1792	1150	4030	1754
1024	4095	1792	1372	4028	1752
1280	4095	1792	1586	4024	1751
1536	4095	1792	1804	4026	1751
1792	4095	1792	2020	4024	1748
2048	4095	1792	2260	4030	1750
2303	4095	1792	2478	4028	1751
2559	4095	1792	2694	4026	1749
2815	4095	1792	2913	4026	1748
3071	4095	1792	3130	4017	1743
3327	4095	1792	3347	4016	1743
3583	4095	1792	3564	4018	1742
3839	4095	1792	3785	4014	1744
4095	4095	1792	3996	4016	1740
0	0	2048	88	32	1946
256	0	2048	316	34	1945
512	0	2048	543	35	1944
768	0	2048	760	36	1942
1024	0	2048	974	36	1944
1280	0	2048	1196	37	1943
1536	0	2048	1410	38	1940
1792	0	2048	1622	38	1940
2048	0	2048	1838	40	1941
2303	0	2048	2056	41	1944
2559	0	2048	2294	42	1942
2815	0	2048	2500	42	1938
3071	0	2048	2712	43	1936
3327	0	2048	2929	44	1934
3583	0	2048	3146	46	1933
3839	0	2048	3358	46	1928
4095	0	2048	3568	46	1928
0	256	2048	111	286	1949
256	256	2048	340	288	1949
512	256	2048	566	290	1947
768	256	2048	783	291	1946
1024	256	2048	996	292	1946
1280	256	2048	1217	292	1943
1536	256	2048	1432	294	1943
1792	256	2048	1647	294	1944
2048	256	2048	1864	296	1946
2303	256	2048	2084	297	1942
2559	256	2048	2314	297	1944
2815	256	2048	2528	298	1944
3071	256	2048	2738	298	1940
3327	256	2048	2956	298	1938
3583	256	2048	3174	300	1938
3839	256	2048	3386	300	1934
4095	256	2048	3598	300	1932
0	512	2048	136	538	1950
256	512	2048	364	538	1950
512	512	2048	588	540	1948
768	512	2048	806	540	1953
1024	512	2048	1022	543	1952
1280	512	2048	1243	542	1948
1536	512	2048	1456	542	1946
1792	512	2048	1670	544	1946
2048	512	2048	1886	544	1948
2303	512	2048	2109	546	1946
2559	512	2048	2340	546	1948
2815	512	2048	2554	548	1944
3071	512	2048	2766	546	1944
3327	512	2048	2984	548	1942
3583	512	2048	3198	547	1939
3839	512	2048	3412	548	1938
4095	512	2048	3628	548	1935
0	768	2048	162	788	1955
256	768	2048	390	788	1954
512	768	2048	614	790	1956
768	768	2048	833	792	1954
1024	768	2048	1047	792	1955
1280	768	2048	1272	794	1954
1536	768	2048	1484	794	1952
1792	768	2048	1700	794	1952
2048	768	2048	1912	794	1950
2303	768	2048	2135	794	1950
2559	768	2048	2365	795	1950
2815	768	2048	2576	796	1948
3071	768	2048	2790	796	1946
3327	768	2048	3010	794	1946
3583	768	2048	3221	794	1940
3839	768	2048	3436	796	1941
4095	768	2048	3656	796	1939
0	1024	2048	188	1040	1960
256	1024	2048	416	1042	1960
512	1024	2048	640	1042	1959
768	1024	2048	856	1042	1960
1024	1024	2048	1073	1044	1958
1280	1024	2048	1298	1044	1956
1536	1024	2048	1508	1044	1956
1792	1024	2048	1722	1044	1954
2048	1024	2048	1938	1045	1954
2303	1024	2048	2166	1046	1956
2559	1024	2048	2395	1047	1956
2815	1024	2048	2605	1047	1950
3071	1024	2048	2816	1044	1950
3327	1024	2048	3040	1046	1950
3583	1024	2048	3252	1045	1946
3839	1024	2048	3464	1044	1944
4095	1024	2048	3683	1045	1944
0	1280	2048	213	1292	1962
256	1280	2048	440	1294	1964
512	1280	2048	664	1294	1964
768	1280	2048	882	1296	1964
1024	1280	2048	1099	1296	1961
1280	1280	2048	1322	1296	1963
1536	1280	2048	1536	1298	1962
1792	1280	2048	1747	1295	1957
2048	1280	2048	1964	1296	1960
2303	1280	2048	2196	1298	1960
2559	1280	2048	2419	1298	1958
2815	1280	2048	2629	1298	1955
3071	1280	2048	2843	1296	1950
3327	1280	2048	3059	1294	1950
3583	1280	2048	3280	1296	1950
3839	1280	2048	3490	1295	1948
4095	1280	2048	3710	1294	1947
0	1536	2048	240	1540	1966
256	1536	2048	468	1541	1966
512	1536	2048	688	1540	1966
768	1536	2048	905	1540	1965
1024	1536	2048	1124	1541	1965
1280	1536	2048	1347	1542	1960
1536	1536	2048	1556	1538	1960
1792	1536	2048	1771	1538	1960
2048	1536	2048	1991	1542	1962
2303	1536	2048	2222	1542	1959
2559	1536	2048	2443	1542	1958
2815	1536	2048	2656	1542	1958
3071	1536	2048	2870	1539	1954
3327	1536	2048	3088	1538	1955
3583	1536	2048	3308	1540	1956
3839	1536	2048	3523	1540	1956
4095	1536	2048	3742	1539	1952
0	1792	2048	264	1787	1968
256	1792	2048	493	1788	1972
512	1792	2048	716	1791	1971
768	1792	2048	932	1792	1968
1024	1792	2048	1152	1790	1968
1280	1792	2048	1372	1788	1968
1536	1792	2048	1583	1785	1962
1792	1792	2048	1800	1785	1961
2048	1792	2048	2018	1788	1961
2303	1792	2048	2253	1790	1965
2559	1792	2048	2470	1790	1962
2815	1792	2048	2684	1788	1962
3071	1792	2048	2902	1787	1959
3327	1792	2048	3120	1786	1956
3583	1792	2048	3331	1783	1954
3839	1792	2048	3546	1784	1954
4095	1792	2048	3768	1784	1954
0	2048	2048	290	2030	1975
256	2048	2048	519	2034	1975
512	2048	2048	739	2032	1975
768	2048	2048	958	2035	1977
1024	2048	2048	1178	2032	1975
1280	2048	2048	1396	2030	1972
1536	2048	2048	1612	2032	1967
1792	2048	2048	1826	2030	1966
2048	2048	2048	2044	2031	1969
2303	2048	2048	2284	2033	1970
2559	2048	2048	2499	2034	1968
2815	2048	2048	2712	2032	1966
3071	2048	2048	2928	2029	1964
3327	2048	2048	3145	2028	1962
3583	2048	2048	3360	2028	1958
3839	2048	2048	3574	2026	1958
4095	2048	2048	3804	2031	1959
0	2303	2048	315	2302	1978
256	2303	2048	544	2302	1979
512	2303	2048	766	2306	1980
768	2303	2048	980	2300	1976
1024	2303	2048	1203	2302	1980
1280	2303	2048	1421	2301	1972
1536	2303	2048	1636	2300	1974
1792	2303	2048	1852	2300	1971
2048	2303	2048	2068	2298	1971
2303	2303	2048	2308	2298	1971
2559	2303	2048	2517	2297	1972
2815	2303	2048	2734	2298	1972
3071	2303	2048	2955	2298	1968
3327	2303	2048	3171	2296	1964
3583	2303	2048	3384	2294	1964
3839	2303	2048	3600	2296	1960
4095	2303	2048	3820	2293	1964
0	2559	2048	342	2552	1984
256	2559	2048	571	2551	1983
512	2559	2048	790	2546	1980
768	2559	2048	1008	2552	1984
1024	2559	2048	1232	2548	1977
1280	2559	2048	1448	2546	1978
1536	2559	2048	1661	2544	1976
1792	2559	2048	1878	2544	1976
2048	2559	2048	2102	2548	1973
2303	2559	2048	2339	2549	1972
2559	2559	2048	2547	2546	1972
2815	2559	2048	2762	2544	1970
3071	2559	2048	2980	2541	1970
3327	2559	2048	3200	2542	1969
3583	2559	2048	3416	2542	1965
3839	2559	2048	3630	2540	1965
4095	2559	2048	3852	2541	1962
0	2815	2048	368	2792	1987
256	2815	2048	595	2794	1985
512	2815	2048	816	2798	1982
768	2815	2048	1032	2796	1981
1024	2815	2048	1257	2796	1984
1280	2815	2048	1471	2792	1980
1536	2815	2048	1686	2790	1978
1792	2815	2048	1901	2788	1975
2048	2815	2048	2126	2788	1978
2303	2815	2048	2362	2792	1979
2559	2815	2048	2572	2792	1976
2815	2815	2048	2789	2790	1975
3071	2815	2048	3010	2789	1973
3327	2815	2048	3226	2787	1968
3583	2815	2048	3440	2786	1972
3839	2815	2048	3660	2786	1967
4095	2815	2048	3879	2788	1967
0	3071	2048	394	3048	1985
256	3071	2048	620	3047	1984
512	3071	2048	840	3045	1988
768	3071	2048	1056	3046	1986
1024	3071	2048	1282	3045	1985
1280	3071	2048	1496	3044	1983
1536	3071	2048	1712	3040	1980
1792	3071	2048	1928	3040	1978
2048	3071	2048	2154	3042	1976
2303	3071	2048	2387	3044	1980
2559	3071	2048	2601	3044	1978
2815	3071	2048	2816	3042	1978
3071	3071	2048	3034	3036	1976
3327	3071	2048	3250	3036	1974
3583	3071	2048	3464	3035	1971
3839	3071	2048	3682	3034	1970
4095	3071	2048	3899	3034	1972
0	3327	2048	419	3296	1991
256	3327	2048	645	3298	1990
512	3327	2048	865	3298	1987
768	3327	2048	1082	3295	1987
1024	3327	2048	1308	3295	1986
1280	3327	2048	1518	3289	1984
1536	3327	2048	1736	3292	1984
1792	3327	2048	1954	3294	1980
2048	3327	2048	2184	3293	1982
2303	3327	2048	2412	3294	1983
2559	3327	2048	2626	3294	1982
2815	3327	2048	2843	3292	1979
3071	3327	2048	3061	3286	1978
3327	3327	2048	3275	3283	1974
3583	3327	2048	3494	3286	1974
3839	3327	2048	3712	3284	1972
4095	3327	2048	3926	3284	1970
0	3583	2048	446	3542	1992
256	3583	2048	670	3542	1992
512	3583	2048	889	3542	1993
768	3583	2048	1108	3539	1988
1024	3583	2048	1330	3534	1988
1280	3583	2048	1544	3534	1987
1536	3583	2048	1762	3536	1984
1792	3583	2048	1978	3534	1986
2048	3583	2048	2211	3535	1986
2303	3583	2048	2438	3538	1986
2559	3583	2048	2652	3537	1986
2815	3583	2048	2866	3532	1984
3071	3583	2048	3090	3532	1979
3327	3583	2048	3307	3531	1979
3583	3583	2048	3520	3528	1976
3839	3583	2048	3742	3528	1979
4095	3583	2048	3954	3527	1976
0	3839	2048	472	3792	1998
256	3839	2048	696	3792	1996
512	3839	2048	914	3793	1996
768	3839	2048	1134	3792	1994
1024	3839	2048	1358	3788	1990
1280	3839	2048	1572	3789	1991
1536	3839	2048	1786	3784	1990
1792	3839	2048	2005	3786	1990
2048	3839	2048	2240	3787	1988
2303	3839	2048	2464	3789	1990
2559	3839	2048	2680	3790	1990
2815	3839	2048	2896	3786	1985
3071	3839	2048	3116	3781	1984
3327	3839	2048	3334	3782	1984
3583	3839	2048	3549	3780	1984
3839	3839	2048	3772	3779	1980
4095	3839	2048	3980	3776	1981
0	4095	2048	498	4036	2002
256	4095	2048	722	4038	2000
512	4095	2048	940	4037	2000
768	4095	2048	1161	4035	1999
1024	4095	2048	1383	4034	1996
1280	4095	2048	1598	4032	1995
1536	4095	2048	1815	4032	1992
1792	4095	2048	2031	4028	1992
2048	4095	2048	2272	4033	1994
2303	4095	2048	2492	4036	1994
2559	4095	2048	2707	4034	1995
2815	4095	2048	2926	4032	1992
3071	4095	2048	3146	4028	1988
3327	4095	2048	3357	4020	1987
3583	4095	2048	3577	4024	1987
3839	4095	2048	3797	4020	1986
4095	4095	2048	4006	4020	1984
0	0	2303	98	36	2203
256	0	2303	326	38	2204
512	0	2303	552	39	2203
768	0	2303	770	39	2202
1024	0	2303	983	40	2202
1280	0	2303	1206	42	2200
1536	0	2303	1422	42	2202
1792	0	2303	1634	42	2198
2048	0	2303	1848	44	2198
2303	0	2303	2066	44	2200
2559	0	2303	2305	46	2196
2815	0	2303	2510	47	2196
3071	0	2303	2724	48	2194
3327	0	2303	2942	48	2192
3583	0	2303	3158	49	2190
3839	0	2303	3369	50	2186
4095	0	2303	3579	50	2184
0	256	2303	122	290	2207
256	256	2303	350	293	2208
512	256	2303	576	294	2204
768	256	2303	792	296	2204
1024	256	2303	1006	296	2204
1280	256	2303	1231	298	2206
1536	256	2303	1444	298	2201
1792	256	2303	1657	298	2200
2048	256	2303	1874	299	2204
2303	256	2303	2095	301	2202
2559	256	2303	2327	302	2201
2815	256	2303	2536	302	2200
3071	256	2303	2752	302	2200
3327	256	2303	2966	302	2194
3583	256	2303	3184	304	2196
3839	256	2303	3399	304	2192
4095	256	2303	3611	304	2188
0	512	2303	147	542	2212
256	512	2303	374	544	2213
512	512	2303	600	545	2208
768	512	2303	816	545	2208
1024	512	2303	1030	546	2210
1280	512	2303	1255	546	2208
1536	512	2303	1466	547	2204
1792	512	2303	1680	548	2204
2048	512	2303	1898	548	2206
2303	512	2303	2122	550	2206
2559	512	2303	2353	551	2206
2815	512	2303	2564	552	2204
3071	512	2303	2778	551	2204
3327	512	2303	2993	551	2198
3583	512	2303	3210	552	2197
3839	512	2303	3424	552	2197
4095	512	2303	3641	553	2194
0	768	2303	172	793	2216
256	768	2303	400	794	2216
512	768	2303	624	794	2214
768	768	2303	842	796	2213
1024	768	2303	1056	796	2213
1280	768	2303	1282	797	2212
1536	768	2303	1492	796	2210
1792	768	2303	1708	798	2212
2048	768	2303	1924	799	2210
2303	768	2303	2147	798	2207
2559	768	2303	2374	798	2208
2815	768	2303	2586	800	2208
3071	768	2303	2804	800	2202
3327	768	2303	3020	798	2203
3583	768	2303	3233	798	2200
3839	768	2303	3446	800	2198
4095	768	2303	3668	800	2200
0	1024	2303	198	1045	2220
256	1024	2303	426	1046	2220
512	1024	2303	650	1047	2220
768	1024	2303	868	1048	2222
1024	1024	2303	1086	1050	2218
1280	1024	2303	1308	1049	2220
1536	1024	2303	1522	1051	2220
1792	1024	2303	1734	1050	2215
2048	1024	2303	1950	1050	2216
2303	1024	2303	2178	1051	2216
2559	1024	2303	2405	1051	2216
2815	1024	2303	2616	1051	2208
3071	1024	2303	2825	1048	2209
3327	1024	2303	3050	1050	2208
3583	1024	2303	3266	1050	2206
3839	1024	2303	3474	1048	2202
4095	1024	2303	3695	1050	2204
0	1280	2303	224	1297	2225
256	1280	2303	452	1299	2226
512	1280	2303	675	1299	2224
768	1280	2303	892	1300	2225
1024	1280	2303	1110	1301	2221
1280	1280	2303	1332	1300	2223
1536	1280	2303	1546	1302	2220
1792	1280	2303	1760	1301	2219
2048	1280	2303	1976	1302	2220
2303	1280	2303	2206	1302	2218
2559	1280	2303	2429	1302	2218
2815	1280	2303	2641	1302	2216
3071	1280	2303	2856	1300	2211
3327	1280	2303	3072	1298	2210
3583	1280	2303	3288	1298	2208
3839	1280	2303	3505	1300	2209
4095	1280	2303	3728	1302	2210
0	1536	2303	250	1544	2228
256	1536	2303	478	1545	2227
512	1536	2303	700	1547	2229
768	1536	2303	916	1545	2224
1024	1536	2303	1136	1545	2228
1280	1536	2303	1359	1548	2224
1536	1536	2303	1570	1544	2220
1792	1536	2303	1782	1542	2220
2048	1536	2303	2001	1546	2222
2303	1536	2303	2232	1546	2220
2559	1536	2303	2454	1546	2222
2815	1536	2303	2668	1546	2219
3071	1536	2303	2885	1546	2218
3327	1536	2303	3104	1546	2214
3583	1536	2303	3316	1543	2212
3839	1536	2303	3530	1542	2212
4095	1536	2303	3748	1541	2208
0	1792	2303	275	1788	2230
256	1792	2303	504	1790	2230
512	1792	2303	726	1794	2232
768	1792	2303	941	1792	2231
1024	1792	2303	1162	1792	2226
1280	1792	2303	1384	1793	2230
1536	1792	2303	1594	1790	2226
1792	1792	2303	1809	1788	2221
2048	1792	2303	2024	1788	2221
2303	1792	2303	2264	1792	2225
2559	1792	2303	2480	1792	2222
2815	1792	2303	2694	1792	2225
3071	1792	2303	2912	1792	2220
3327	1792	2303	3130	1790	2216
3583	1792	2303	3341	1787	2218
3839	1792	2303	3559	1789	2215
4095	1792	2303	3780	1788	2212
0	2048	2303	300	2034	2234
256	2048	2303	530	2040	2236
512	2048	2303	749	2034	2235
768	2048	2303	967	2038	2238
1024	2048	2303	1188	2036	2233
1280	2048	2303	1406	2034	2234
1536	2048	2303	1619	2032	2228
1792	2048	2303	1836	2034	2226
2048	2048	2303	2057	2037	2226
2303	2048	2303	2298	2040	2226
2559	2048	2303	2509	2038	2228
2815	2048	2303	2722	2036	2226
3071	2048	2303	2939	2034	2226
3327	2048	2303	3155	2032	2223
3583	2048	2303	3370	2031	2217
3839	2048	2303	3584	2029	2219
4095	2048	2303	3811	2032	2218
0	2303	2303	325	2304	2239
256	2303	2303	554	2304	2242
512	2303	2303	774	2308	2242
768	2303	2303	990	2306	2236
1024	2303	2303	1214	2304	2240
1280	2303	2303	1431	2304	2234
1536	2303	2303	1647	2306	2232
1792	2303	2303	1863	2305	2232
2048	2303	2303	2080	2301	2234
2303	2303	2303	2320	2304	2236
2559	2303	2303	2530	2304	2236
2815	2303	2303	2744	2303	2232
3071	2303	2303	2965	2302	2228
3327	2303	2303	3182	2302	2224
3583	2303	2303	3396	2300	2223
3839	2303	2303	3615	2302	2221
4095	2303	2303	3834	2300	2223
0	2559	2303	354	2554	2243
256	2559	2303	582	2555	2242
512	2559	2303	800	2551	2244
768	2559	2303	1016	2553	2244
1024	2559	2303	1242	2551	2241
1280	2559	2303	1458	2550	2238
1536	2559	2303	1671	2548	2238
1792	2559	2303	1886	2546	2238
2048	2559	2303	2112	2549	2233
2303	2559	2303	2346	2549	2234
2559	2559	2303	2554	2546	2234
2815	2559	2303	2773	2548	2233
3071	2559	2303	2988	2543	2230
3327	2559	2303	3208	2544	2230
3583	2559	2303	3426	2546	2226
3839	2559	2303	3642	2544	2227
4095	2559	2303	3860	2544	2225
0	2815	2303	380	2801	2248
256	2815	2303	606	2800	2248
512	2815	2303	826	2798	2244
768	2815	2303	1042	2800	2246
1024	2815	2303	1269	2800	2245
1280	2815	2303	1480	2794	2242
1536	2815	2303	1696	2792	2240
1792	2815	2303	1912	2792	2236
2048	2815	2303	2138	2794	2238
2303	2815	2303	2374	2798	2238
2559	2815	2303	2582	2794	2234
2815	2815	2303	2800	2794	2234
3071	2815	2303	3020	2792	2234
3327	2815	2303	3237	2791	2228
3583	2815	2303	3451	2790	2232
3839	2815	2303	3670	2790	2229
4095	2815	2303	3888	2790	2228
0	3071	2303	405	3051	2251
256	3071	2303	631	3051	2250
512	3071	2303	849	3048	2248
768	3071	2303	1068	3050	2250
1024	3071	2303	1294	3048	2248
1280	3071	2303	1506	3048	2247
1536	3071	2303	1722	3046	2240
1792	3071	2303	1938	3045	2240
2048	3071	2303	2167	3046	2240
2303	3071	2303	2397	3048	2244
2559	3071	2303	2611	3048	2240
2815	3071	2303	2826	3046	2240
3071	3071	2303	3045	3042	2238
3327	3071	2303	3262	3042	2235
3583	3071	2303	3476	3040	2234
3839	3071	2303	3696	3040	2232
4095	3071	2303	3912	3040	2232
0	3327	2303	430	3300	2252
256	3327	2303	656	3301	2252
512	3327	2303	875	3302	2250
768	3327	2303	1092	3300	2250
1024	3327	2303	1320	3302	2248
1280	3327	2303	1530	3296	2246
1536	3327	2303	1746	3296	2246
1792	3327	2303	1962	3293	2244
2048	3327	2303	2195	3296	2244
2303	3327	2303	2424	3300	2245
2559	3327	2303	2636	3297	2246
2815	3327	2303	2851	3294	2241
3071	3327	2303	3074	3293	2241
3327	3327	2303	3286	3288	2236
3583	3327	2303	3505	3290	2236
3839	3327	2303	3726	3290	2234
4095	3327	2303	3940	3290	2235
0	3583	2303	458	3550	2256
256	3583	2303	681	3547	2255
512	3583	2303	900	3546	2256
768	3583	2303	1120	3546	2252
1024	3583	2303	1342	3542	2253
1280	3583	2303	1556	3540	2249
1536	3583	2303	1774	3542	2249
1792	3583	2303	1992	3542	2248
2048	3583	2303	2226	3544	2246
2303	3583	2303	2448	3542	2250
2559	3583	2303	2662	3542	2248
2815	3583	2303	2881	3540	2244
3071	3583	2303	3100	3536	2243
3327	3583	2303	3320	3538	2244
3583	3583	2303	3535	3537	2240
3839	3583	2303	3754	3534	2241
4095	3583	2303	3965	3532	2240
0	3839	2303	484	3802	2264
256	3839	2303	707	3800	2263
512	3839	2303	924	3798	2258
768	3839	2303	1146	3796	2260
1024	3839	2303	1368	3792	2256
1280	3839	2303	1582	3792	2255
1536	3839	2303	1801	3794	2254
1792	3839	2303	2022	3799	2256
2048	3839	2303	2256	3796	2256
2303	3839	2303	2474	3793	2255
2559	3839	2303	2690	3794	2252
2815	3839	2303	2909	3791	2252
3071	3839	2303	3128	3786	2248
3327	3839	2303	3350	3790	2248
3583	3839	2303	3558	3782	2248
3839	3839	2303	3778	3778	2246
4095	3839	2303	3990	3781	2242
0	4095	2303	510	4042	2268
256	4095	2303	733	4046	2268
512	4095	2303	952	4046	2266
768	4095	2303	1172	4040	2262
1024	4095	2303	1393	4036	2259
1280	4095	2303	1611	4040	2258
1536	4095	2303	1828	4040	2260
1792	4095	2303	2046	4040	2260
2048	4095	2303	2285	4040	2262
2303	4095	2303	2503	4042	2258
2559	4095	2303	2716	4036	2257
2815	4095	2303	2934	4033	2256
3071	4095	2303	3158	4034	2252
3327	4095	2303	3374	4032	2254
3583	4095	2303	3586	4026	2252
3839	4095	2303	3811	4028	2248
4095	4095	2303	4020	4026	2246
0	0	2559	108	40	2441
256	0	2559	337	42	2442
512	0	2559	562	42	2442
768	0	2559	781	43	2442
1024	0	2559	994	45	2442
1280	0	2559	1215	46	2439
1536	0	2559	1430	46	2438
1792	0	2559	1642	46	2436
2048	0	2559	1857	48	2436
2303	0	2559	2076	49	2436
2559	0	2559	2312	50	2435
2815	0	2559	2520	51	2436
3071	0	2559	2731	52	2430
3327	0	2559	2949	52	2428
3583	0	2559	3166	52	2426
3839	0	2559	3378	54	2422
4095	0	2559	3589	54	2422
0	256	2559	132	294	2446
256	256	2559	361	297	2446
512	256	2559	586	298	2446
768	256	2559	804	300	2444
1024	256	2559	1016	300	2443
1280	256	2559	1240	302	2444
1536	256	2559	1454	302	2441
1792	256	2559	1666	302	2438
2048	256	2559	1881	303	2440
2303	256	2559	2103	304	2438
2559	256	2559	2336	306	2440
2815	256	2559	2548	306	2440
3071	256	2559	2760	306	2436
3327	256	2559	2977	306	2434
3583	256	2559	3192	307	2430
3839	256	2559	3406	308	2430
4095	256	2559	3620	308	2424
0	512	2559	158	546	2448
256	512	2559	386	548	2450
512	512	2559	610	549	2450
768	512	2559	828	550	2450
1024	512	2559	1042	550	2448
1280	512	2559	1266	550	2448
1536	512	2559	1476	551	2444
1792	512	2559	1691	552	2442
2048	512	2559	1907	552	2444
2303	512	2559	2131	554	2442
2559	512	2559	2362	554	2447
2815	512	2559	2576	556	2442
3071	512	2559	2788	556	2442
3327	512	2559	3004	555	2437
3583	512	2559	3218	554	2432
3839	512	2559	3432	556	2434
4095	512	2559	3650	556	2431
0	768	2559	184	796	2454
256	768	2559	410	798	2454
512	768	2559	635	799	2456
768	768	2559	852	800	2452
1024	768	2559	1068	800	2450
1280	768	2559	1291	800	2450
1536	768	2559	1502	800	2448
1792	768	2559	1717	801	2448
2048	768	2559	1932	802	2447
2303	768	2559	2159	802	2450
2559	768	2559	2386	804	2446
2815	768	2559	2596	802	2444
3071	768	2559	2812	803	2440
3327	768	2559	3028	802	2439
3583	768	2559	3244	803	2438
3839	768	2559	3461	804	2439
4095	768	2559	3678	804	2434
0	1024	2559	209	1050	2462
256	1024	2559	438	1052	2464
512	1024	2559	660	1052	2458
768	1024	2559	878	1052	2460
1024	1024	2559	1096	1054	2458
1280	1024	2559	1318	1052	2454
1536	1024	2559	1528	1052	2454
1792	1024	2559	1742	1052	2450
2048	1024	2559	1958	1052	2453
2303	1024	2559	2190	1054	2454
2559	1024	2559	2414	1054	2450
2815	1024	2559	2624	1054	2450
3071	1024	2559	2838	1053	2446
3327	1024	2559	3058	1052	2444
3583	1024	2559	3275	1053	2444
3839	1024	2559	3481	1051	2438
4095	1024	2559	3702	1052	2440
0	1280	2559	234	1302	2466
256	1280	2559	462	1304	2466
512	1280	2559	684	1302	2461
768	1280	2559	900	1302	2461
1024	1280	2559	1118	1302	2459
1280	1280	2559	1341	1302	2460
1536	1280	2559	1553	1304	2457
1792	1280	2559	1768	1304	2458
2048	1280	2559	1985	1305	2457
2303	1280	2559	2214	1304	2453
2559	1280	2559	2436	1304	2456
2815	1280	2559	2650	1304	2452
3071	1280	2559	2864	1303	2447
3327	1280	2559	3080	1301	2448
3583	1280	2559	3298	1302	2445
3839	1280	2559	3512	1302	2445
4095	1280	2559	3730	1302	2442
0	1536	2559	260	1546	2466
256	1536	2559	489	1548	2467
512	1536	2559	710	1550	2469
768	1536	2559	926	1550	2466
1024	1536	2559	1147	1550	2466
1280	1536	2559	1367	1550	2460
1536	1536	2559	1578	1546	2462
1792	1536	2559	1795	1548	2456
2048	1536	2559	2006	1546	2456
2303	1536	2559	2244	1549	2459
2559	1536	2559	2464	1550	2460
2815	1536	2559	2676	1549	2455
3071	1536	2559	2892	1548	2455
3327	1536	2559	3112	1547	2448
3583	1536	2559	3320	1543	2450
3839	1536	2559	3540	1546	2450
4095	1536	2559	3762	1547	2450
0	1792	2559	286	1790	2467
256	1792	2559	513	1792	2468
512	1792	2559	735	1795	2472
768	1792	2559	950	1795	2468
1024	1792	2559	1172	1795	2468
1280	1792	2559	1392	1794	2468
1536	1792	2559	1605	1794	2464
1792	1792	2559	1820	1793	2458
2048	1792	2559	2034	1792	2460
2303	1792	2559	2272	1794	2461
2559	1792	2559	2489	1796	2463
2815	1792	2559	2702	1794	2460
3071	1792	2559	2922	1796	2462
3327	1792	2559	3142	1796	2454
3583	1792	2559	3354	1792	2458
3839	1792	2559	3572	1795	2456
4095	1792	2559	3794	1794	2456
0	2048	2559	312	2040	2472
256	2048	2559	540	2041	2472
512	2048	2559	760	2040	2472
768	2048	2559	976	2038	2474
1024	2048	2559	1198	2039	2472
1280	2048	2559	1416	2038	2470
1536	2048	2559	1630	2036	2468
1792	2048	2559	1844	2034	2466
2048	2048	2559	2068	2040	2463
2303	2048	2559	2303	2038	2462
2559	2048	2559	2516	2039	2463
2815	2048	2559	2732	2038	2466
3071	2048	2559	2945	2034	2456
3327	2048	2559	3162	2032	2460
3583	2048	2559	3381	2035	2458
3839	2048	2559	3598	2035	2456
4095	2048	2559	3818	2034	2458
0	2303	2559	336	2308	2480
256	2303	2559	564	2309	2480
512	2303	2559	784	2310	2480
768	2303	2559	1000	2310	2477
1024	2303	2559	1222	2306	2474
1280	2303	2559	1439	2306	2474
1536	2303	2559	1654	2306	2472
1792	2303	2559	1870	2305	2467
2048	2303	2559	2091	2305	2472
2303	2303	2559	2326	2305	2468
2559	2303	2559	2536	2305	2468
2815	2303	2559	2755	2308	2469
3071	2303	2559	2975	2306	2467
3327	2303	2559	3193	2306	2458
3583	2303	2559	3408	2306	2461
3839	2303	2559	3623	2304	2461
4095	2303	2559	3846	2304	2460
0	2559	2559	364	2555	2482
256	2559	2559	591	2555	2482
512	2559	2559	810	2552	2480
768	2559	2559	1024	2552	2480
1024	2559	2559	1251	2553	2480
1280	2559	2559	1468	2554	2474
1536	2559	2559	1684	2554	2476
1792	2559	2559	1900	2554	2472
2048	2559	2559	2122	2552	2472
2303	2559	2559	2354	2550	2470
2559	2559	2559	2568	2553	2470
2815	2559	2559	2786	2554	2470
3071	2559	2559	3004	2551	2471
3327	2559	2559	3220	2548	2468
3583	2559	2559	3434	2548	2466
3839	2559	2559	3652	2548	2464
4095	2559	2559	3870	2546	2464
0	2815	2559	390	2800	2484
256	2815	2559	616	2800	2484
512	2815	2559	835	2801	2481
768	2815	2559	1052	2801	2479
1024	2815	2559	1276	2797	2478
1280	2815	2559	1492	2798	2480
1536	2815	2559	1708	2797	2480
1792	2815	2559	1922	2796	2479
2048	2815	2559	2149	2797	2476
2303	2815	2559	2382	2800	2474
2559	2815	2559	2590	2795	2476
2815	2815	2559	2808	2796	2475
3071	2815	2559	3030	2796	2474
3327	2815	2559	3246	2794	2470
3583	2815	2559	3462	2794	2466
3839	2815	2559	3680	2793	2466
4095	2815	2559	3894	2791	2465
0	3071	2559	416	3054	2486
256	3071	2559	641	3052	2486
512	3071	2559	858	3048	2485
768	3071	2559	1076	3049	2484
1024	3071	2559	1304	3052	2482
1280	3071	2559	1515	3049	2480
1536	3071	2559	1730	3046	2480
1792	3071	2559	1950	3050	2478
2048	3071	2559	2180	3052	2478
2303	3071	2559	2406	3050	2482
2559	3071	2559	2620	3050	2476
2815	3071	2559	2836	3049	2475
3071	3071	2559	3054	3044	2474
3327	3071	2559	3274	3046	2474
3583	3071	2559	3484	3042	2472
3839	3071	2559	3704	3042	2470
4095	3071	2559	3920	3043	2468
0	3327	2559	440	3299	2492
256	3327	2559	666	3302	2490
512	3327	2559	885	3304	2485
768	3327	2559	1104	3304	2486
1024	3327	2559	1328	3301	2487
1280	3327	2559	1540	3299	2486
1536	3327	2559	1758	3299	2482
1792	3327	2559	1974	3298	2480
2048	3327	2559	2207	3300	2484
2303	3327	2559	2432	3302	2482
2559	3327	2559	2645	3300	2482
2815	3327	2559	2859	3294	2479
3071	3327	2559	3084	3296	2474
3327	3327	2559	3300	3295	2474
3583	3327	2559	3512	3292	2474
3839	3327	2559	3735	3292	2470
4095	3327	2559	3948	3292	2471
0	3583	2559	468	3548	2490
256	3583	2559	691	3547	2490
512	3583	2559	910	3547	2492
768	3583	2559	1130	3548	2493
1024	3583	2559	1353	3546	2488
1280	3583	2559	1567	3544	2488
1536	3583	2559	1786	3548	2488
1792	3583	2559	2001	3544	2487
2048	3583	2559	2236	3544	2485
2303	3583	2559	2458	3546	2487
2559	3583	2559	2672	3546	2487
2815	3583	2559	2888	3540	2480
3071	3583	2559	3108	3536	2480
3327	3583	2559	3326	3537	2480
3583	3583	2559	3539	3534	2478
3839	3583	2559	3762	3534	2476
4095	3583	2559	3972	3534	2476
0	3839	2559	494	3801	2500
256	3839	2559	716	3799	2500
512	3839	2559	933	3796	2496
768	3839	2559	1156	3797	2496
1024	3839	2559	1378	3797	2495
1280	3839	2559	1591	3792	2493
1536	3839	2559	1810	3794	2494
1792	3839	2559	2028	3792	2494
2048	3839	2559	2264	3792	2491
2303	3839	2559	2482	3793	2491
2559	3839	2559	2697	3792	2492
2815	3839	2559	2915	3788	2487
3071	3839	2559	3134	3785	2483
3327	3839	2559	3353	3786	2482
3583	3839	2559	3568	3786	2482
3839	3839	2559	3788	3782	2480
4095	3839	2559	3998	3783	2480
0	4095	2559	520	4044	2504
256	4095	2559	742	4041	2504
512	4095	2559	960	4043	2501
768	4095	2559	1182	4043	2498
1024	4095	2559	1403	4040	2499
1280	4095	2559	1618	4038	2494
1536	4095	2559	1837	4041	2495
1792	4095	2559	2056	4043	2496
2048	4095	2559	2297	4045	2495
2303	4095	2559	2510	4042	2494
2559	4095	2559	2725	4038	2492
2815	4095	2559	2944	4035	2491
3071	4095	2559	3164	4033	2488
3327	4095	2559	3382	4034	2488
3583	4095	2559	3595	4028	2486
3839	4095	2559	3818	4028	2487
4095	4095	2559	4024	4026	2482
0	0	2815	120	44	2686
256	0	2815	348	46	2686
512	0	2815	574	46	2683
768	0	2815	790	48	2684
1024	0	2815	1004	49	2684
1280	0	2815	1226	50	2681
1536	0	2815	1439	50	2679
1792	0	2815	1650	50	2675
2048	0	2815	1864	52	2678
2303	0	2815	2087	53	2676
2559	0	2815	2320	54	2675
2815	0	2815	2528	54	2675
3071	0	2815	2740	56	2670
3327	0	2815	2957	56	2668
3583	0	2815	3176	56	2668
3839	0	2815	3388	58	2662
4095	0	2815	3599	59	2664
0	256	2815	144	298	2686
256	256	2815	372	300	2686
512	256	2815	596	302	2688
768	256	2815	814	304	2686
1024	256	2815	1026	304	2686
1280	256	2815	1250	306	2684
1536	256	2815	1462	306	2681
1792	256	2815	1676	306	2680
2048	256	2815	1888	306	2678
2303	256	2815	2110	307	2676
2559	256	2815	2342	308	2678
2815	256	2815	2554	309	2677
3071	256	2815	2766	310	2676
3327	256	2815	2987	310	2674
3583	256	2815	3198	310	2667
3839	256	2815	3411	310	2667
4095	256	2815	3630	312	2666
0	512	2815	168	549	2689
256	512	2815	396	550	2689
512	512	2815	620	552	2692
768	512	2815	837	554	2694
1024	512	2815	1052	554	2688
1280	512	2815	1274	554	2686
1536	512	2815	1485	554	2685
1792	512	2815	1702	555	2688
2048	512	2815	1916	556	2682
2303	512	2815	2138	556	2681
2559	512	2815	2368	558	2685
2815	512	2815	2581	558	2682
3071	512	2815	2794	558	2680
3327	512	2815	3014	559	2679
3583	512	2815	3224	558	2672
3839	512	2815	3438	559	2672
4095	512	2815	3658	560	2673
0	768	2815	194	799	2696
256	768	2815	421	801	2696
512	768	2815	645	802	2699
768	768	2815	863	804	2696
1024	768	2815	1077	804	2691
1280	768	2815	1300	803	2692
1536	768	2815	1512	804	2692
1792	768	2815	1728	806	2692
2048	768	2815	1942	804	2688
2303	768	2815	2168	806	2690
2559	768	2815	2396	806	2690
2815	768	2815	2606	806	2685
3071	768	2815	2819	806	2684
3327	768	2815	3041	806	2682
3583	768	2815	3255	807	2681
3839	768	2815	3467	807	2678
4095	768	2815	3685	806	2676
0	1024	2815	220	1054	2705
256	1024	2815	448	1054	2706
512	1024	2815	670	1055	2704
768	1024	2815	886	1055	2701
1024	1024	2815	1104	1056	2700
1280	1024	2815	1327	1056	2698
1536	1024	2815	1538	1056	2692
1792	1024	2815	1749	1054	2690
2048	1024	2815	1966	1055	2693
2303	1024	2815	2198	1057	2695
2559	1024	2815	2422	1057	2692
2815	1024	2815	2632	1057	2690
3071	1024	2815	2847	1056	2685
3327	1024	2815	3064	1054	2686
3583	1024	2815	3284	1057	2686
3839	1024	2815	3495	1056	2684
4095	1024	2815	3714	1056	2682
0	1280	2815	244	1305	2708
256	1280	2815	472	1306	2710
512	1280	2815	694	1306	2704
768	1280	2815	908	1304	2702
1024	1280	2815	1128	1305	2703
1280	1280	2815	1350	1306	2700
1536	1280	2815	1561	1306	2698
1792	1280	2815	1777	1306	2700
2048	1280	2815	1992	1307	2698
2303	1280	2815	2224	1306	2697
2559	1280	2815	2444	1307	2698
2815	1280	2815	2658	1308	2696
3071	1280	2815	2874	1307	2691
3327	1280	2815	3092	1305	2691
3583	1280	2815	3308	1306	2689
3839	1280	2815	3524	1308	2688
4095	1280	2815	3737	1304	2682
0	1536	2815	271	1550	2712
256	1536	2815	500	1552	2714
512	1536	2815	720	1552	2712
768	1536	2815	936	1552	2710
1024	1536	2815	1156	1552	2710
1280	1536	2815	1376	1552	2703
1536	1536	2815	1588	1550	2705
1792	1536	2815	1805	1552	2700
2048	1536	2815	2016	1550	2700
2303	1536	2815	2258	1555	2707
2559	1536	2815	2475	1554	2704
2815	1536	2815	2686	1552	2700
3071	1536	2815	2904	1552	2698
3327	1536	2815	3122	1552	2694
3583	1536	2815	3334	1549	2692
3839	1536	2815	3548	1549	2692
4095	1536	2815	3772	1552	2693
0	1792	2815	296	1796	2718
256	1792	2815	525	1799	2718
512	1792	2815	746	1798	2717
768	1792	2815	962	1800	2717
1024	1792	2815	1182	1798	2710
1280	1792	2815	1400	1796	2711
1536	1792	2815	1615	1798	2710
1792	1792	2815	1831	1798	2708
2048	1792	2815	2046	1797	2709
2303	1792	2815	2286	1800	2708
2559	1792	2815	2502	1802	2710
2815	1792	2815	2712	1798	2703
3071	1792	2815	2932	1799	2707
3327	1792	2815	3154	1800	2701
3583	1792	2815	3366	1796	2699
3839	1792	2815	3580	1796	2699
4095	1792	2815	3802	1796	2698
0	2048	2815	322	2042	2718
256	2048	2815	550	2042	2720
512	2048	2815	770	2044	2720
768	2048	2815	985	2040	2718
1024	2048	2815	1208	2042	2719
1280	2048	2815	1426	2041	2712
1536	2048	2815	1640	2040	2712
1792	2048	2815	1858	2042	2709
2048	2048	2815	2077	2042	2708
2303	2048	2815	2314	2041	2708
2559	2048	2815	2527	2044	2712
2815	2048	2815	2741	2043	2710
3071	2048	2815	2960	2042	2706
3327	2048	2815	3176	2040	2705
3583	2048	2815	3392	2040	2704
3839	2048	2815	3609	2040	2700
4095	2048	2815	3826	2038	2702
0	2303	2815	346	2312	2724
256	2303	2815	574	2313	2724
512	2303	2815	795	2316	2724
768	2303	2815	1009	2312	2723
1024	2303	2815	1232	2310	2717
1280	2303	2815	1450	2311	2718
1536	2303	2815	1665	2311	2715
1792	2303	2815	1880	2310	2716
2048	2303	2815	2105	2312	2715
2303	2303	2815	2341	2314	2714
2559	2303	2815	2550	2313	2712
2815	2303	2815	2767	2313	2715
3071	2303	2815	2986	2311	2711
3327	2303	2815	3204	2310	2709
3583	2303	2815	3417	2310	2705
3839	2303	2815	3632	2307	2704
4095	2303	2815	3853	2307	2705
0	2559	2815	374	2560	2728
256	2559	2815	602	2560	2728
512	2559	2815	820	2557	2728
768	2559	2815	1035	2556	2728
1024	2559	2815	1260	2554	2722
1280	2559	2815	1476	2555	2719
1536	2559	2815	1692	2556	2722
1792	2559	2815	1910	2558	2718
2048	2559	2815	2134	2556	2719
2303	2559	2815	2364	2554	2719
2559	2559	2815	2578	2558	2717
2815	2559	2815	2794	2556	2716
3071	2559	2815	3014	2554	2716
3327	2559	2815	3230	2552	2711
3583	2559	2815	3445	2552	2711
3839	2559	2815	3662	2551	2706
4095	2559	2815	3880	2550	2706
0	2815	2815	400	2802	2731
256	2815	2815	626	2802	2731
512	2815	2815	846	2805	2726
768	2815	2815	1062	2802	2724
1024	2815	2815	1286	2800	2722
1280	2815	2815	1500	2800	2722
1536	2815	2815	1718	2802	2722
1792	2815	2815	1933	2802	2724
2048	2815	2815	2161	2802	2722
2303	2815	2815	2391	2802	2718
2559	2815	2815	2602	2802	2720
2815	2815	2815	2816	2798	2716
3071	2815	2815	3040	2798	2716
3327	2815	2815	3254	2796	2714
3583	2815	2815	3468	2794	2712
3839	2815	2815	3688	2794	2710
4095	2815	2815	3903	2794	2708
0	3071	2815	426	3056	2730
256	3071	2815	652	3056	2730
512	3071	2815	869	3054	2732
768	3071	2815	1086	3051	2728
1024	3071	2815	1314	3055	2726
1280	3071	2815	1526	3052	2725
1536	3071	2815	1740	3049	2724
1792	3071	2815	1958	3050	2724
2048	3071	2815	2188	3052	2722
2303	3071	2815	2414	3052	2724
2559	3071	2815	2628	3053	2723
2815	3071	2815	2845	3052	2718
3071	3071	2815	3063	3046	2717
3327	3071	2815	3282	3048	2718
3583	3071	2815	3496	3047	2714
3839	3071	2815	3712	3044	2711
4095	3071	2815	3926	3043	2712
0	3327	2815	451	3304	2736
256	3327	2815	676	3304	2734
512	3327	2815	894	3306	2733
768	3327	2815	1114	3308	2730
1024	3327	2815	1338	3304	2732
1280	3327	2815	1550	3302	2730
1536	3327	2815	1768	3304	2729
1792	3327	2815	1986	3304	2724
2048	3327	2815	2220	3306	2728
2303	3327	2815	2444	3308	2727
2559	3327	2815	2656	3304	2726
2815	3327	2815	2870	3298	2724
3071	3327	2815	3092	3298	2718
3327	3327	2815	3309	3298	2718
3583	3327	2815	3523	3296	2718
3839	3327	2815	3744	3296	2716
4095	3327	2815	3956	3296	2712
0	3583	2815	478	3550	2738
256	3583	2815	701	3548	2737
512	3583	2815	919	3550	2736
768	3583	2815	1141	3551	2740
1024	3583	2815	1363	3550	2734
1280	3583	2815	1578	3550	2733
1536	3583	2815	1796	3550	2732
1792	3583	2815	2014	3550	2734
2048	3583	2815	2248	3548	2733
2303	3583	2815	2468	3548	2735
2559	3583	2815	2682	3546	2733
2815	3583	2815	2898	3542	2727
3071	3583	2815	3118	3540	2726
3327	3583	2815	3338	3544	2724
3583	3583	2815	3547	3536	2723
3839	3583	2815	3770	3536	2722
4095	3583	2815	3978	3534	2721
0	3839	2815	504	3800	2744
256	3839	2815	726	3799	2743
512	3839	2815	942	3797	2740
768	3839	2815	1165	3798	2742
1024	3839	2815	1388	3798	2741
1280	3839	2815	1602	3798	2740
1536	3839	2815	1820	3798	2740
1792	3839	2815	2038	3798	2740
2048	3839	2815	2276	3798	2740
2303	3839	2815	2492	3797	2736
2559	3839	2815	2708	3795	2736
2815	3839	2815	2926	3793	2732
3071	3839	2815	3146	3792	2729
3327	3839	2815	3362	3788	2730
3583	3839	2815	3574	3786	2729
3839	3839	2815	3801	3788	2724
4095	3839	2815	4008	3786	2724
0	4095	2815	530	4047	2747
256	4095	2815	753	4050	2747
512	4095	2815	970	4048	2746
768	4095	2815	1192	4043	2742
1024	4095	2815	1413	4043	2744
1280	4095	2815	1630	4046	2742
1536	4095	2815	1848	4044	2742
1792	4095	2815	2066	4046	2742
2048	4095	2815	2306	4046	2742
2303	4095	2815	2520	4044	2742
2559	4095	2815	2735	4040	2740
2815	4095	2815	2954	4038	2737
3071	4095	2815	3173	4035	2736
3327	4095	2815	3390	4034	2732
3583	4095	2815	3606	4032	2730
3839	4095	2815	3828	4030	2730
4095	4095	2815	4034	4030	2730
0	0	3071	131	48	2928
256	0	3071	358	50	2928
512	0	3071	584	50	2926
768	0	3071	800	52	2926
1024	0	3071	1014	52	2926
1280	0	3071	1236	54	2922
1536	0	3071	1450	54	2921
1792	0	3071	1662	55	2916
2048	0	3071	1876	56	2918
2303	0	3071	2098	57	2918
2559	0	3071	2330	58	2915
2815	0	3071	2538	58	2916
3071	0	3071	2754	60	2916
3327	0	3071	2970	60	2910
3583	0	3071	3185	61	2908
3839	0	3071	3398	62	2906
4095	0	3071	3612	63	2905
0	256	3071	154	302	2930
256	256	3071	382	304	2930
512	256	3071	606	306	2929
768	256	3071	824	306	2930
1024	256	3071	1038	308	2928
1280	256	3071	1261	309	2927
1536	256	3071	1470	308	2919
1792	256	3071	1684	310	2920
2048	256	3071	1899	310	2920
2303	256	3071	2122	312	2918
2559	256	3071	2352	312	2918
2815	256	3071	2561	313	2918
3071	256	3071	2778	314	2918
3327	256	3071	2995	314	2914
3583	256	3071	3206	314	2908
3839	256	3071	3422	314	2910
4095	256	3071	3644	316	2910
0	512	3071	179	554	2934
256	512	3071	407	556	2935
512	512	3071	630	557	2934
768	512	3071	847	557	2932
1024	512	3071	1061	558	2930
1280	512	3071	1285	558	2928
1536	512	3071	1494	558	2923
1792	512	3071	1710	558	2926
2048	512	3071	1924	560	2924
2303	512	3071	2150	560	2924
2559	512	3071	2378	562	2925
2815	512	3071	2589	562	2924
3071	512	3071	2805	562	2922
3327	512	3071	3025	563	2922
3583	512	3071	3236	562	2916
3839	512	3071	3450	563	2914
4095	512	3071	3670	564	2914
0	768	3071	205	804	2940
256	768	3071	432	806	2938
512	768	3071	656	806	2940
768	768	3071	873	808	2939
1024	768	3071	1088	808	2932
1280	768	3071	1308	806	2931
1536	768	3071	1520	808	2932
1792	768	3071	1736	809	2932
2048	768	3071	1950	808	2930
2303	768	3071	2181	810	2934
2559	768	3071	2406	812	2930
2815	768	3071	2616	810	2929
3071	768	3071	2833	811	2928
3327	768	3071	3054	811	2925
3583	768	3071	3267	812	2924
3839	768	3071	3478	810	2919
4095	768	3071	3698	812	2919
0	1024	3071	230	1056	2944
256	1024	3071	458	1057	2944
512	1024	3071	680	1058	2943
768	1024	3071	896	1059	2942
1024	1024	3071	1114	1058	2937
1280	1024	3071	1334	1058	2939
1536	1024	3071	1547	1060	2935
1792	1024	3071	1762	1058	2935
2048	1024	3071	1978	1060	2936
2303	1024	3071	2210	1061	2936
2559	1024	3071	2432	1062	2936
2815	1024	3071	2644	1062	2934
3071	1024	3071	2859	1060	2927
3327	1024	3071	3076	1060	2930
3583	1024	3071	3296	1062	2928
3839	1024	3071	3504	1060	2924
4095	1024	3071	3726	1060	2924
0	1280	3071	254	1306	2947
256	1280	3071	483	1309	2949
512	1280	3071	704	1308	2946
768	1280	3071	918	1308	2942
1024	1280	3071	1138	1308	2940
1280	1280	3071	1358	1308	2941
1536	1280	3071	1572	1308	2942
1792	1280	3071	1788	1311	2940
2048	1280	3071	2002	1310	2938
2303	1280	3071	2234	1310	2937
2559	1280	3071	2454	1310	2938
2815	1280	3071	2668	1311	2937
3071	1280	3071	2886	1311	2936
3327	1280	3071	3104	1310	2931
3583	1280	3071	3316	1309	2930
3839	1280	3071	3533	1310	2930
4095	1280	3071	3751	1309	2926
0	1536	3071	281	1553	2954
256	1536	3071	509	1556	2954
512	1536	3071	729	1556	2954
768	1536	3071	943	1553	2948
1024	1536	3071	1164	1554	2950
1280	1536	3071	1386	1554	2947
1536	1536	3071	1598	1554	2946
1792	1536	3071	1813	1554	2942
2048	1536	3071	2028	1554	2941
2303	1536	3071	2268	1558	2948
2559	1536	3071	2482	1556	2944
2815	1536	3071	2695	1556	2942
3071	1536	3071	2914	1556	2940
3327	1536	3071	3132	1554	2936
3583	1536	3071	3345	1553	2936
3839	1536	3071	3562	1555	2932
4095	1536	3071	3780	1554	2932
0	1792	3071	306	1800	2962
256	1792	3071	536	1804	2960
512	1792	3071	756	1802	2960
768	1792	3071	970	1804	2958
1024	1792	3071	1192	1802	2954
1280	1792	3071	1412	1802	2956
1536	1792	3071	1626	1802	2949
1792	1792	3071	1839	1799	2950
2048	1792	3071	2056	1800	2953
2303	1792	3071	2298	1804	2952
2559	1792	3071	2508	1802	2949
2815	1792	3071	2720	1800	2946
3071	1792	3071	2942	1802	2948
3327	1792	3071	3162	1803	2944
3583	1792	3071	3376	1800	2940
3839	1792	3071	3588	1800	2937
4095	1792	3071	3808	1797	2936
0	2048	3071	332	2047	2966
256	2048	3071	560	2048	2960
512	2048	3071	780	2046	2960
768	2048	3071	994	2042	2956
1024	2048	3071	1220	2047	2960
1280	2048	3071	1436	2045	2953
1536	2048	3071	1650	2044	2954
1792	2048	3071	1868	2046	2956
2048	2048	3071	2089	2046	2954
2303	2048	3071	2326	2047	2955
2559	2048	3071	2535	2046	2956
2815	2048	3071	2752	2048	2954
3071	2048	3071	2971	2046	2950
3327	2048	3071	3186	2044	2946
3583	2048	3071	3400	2042	2944
3839	2048	3071	3616	2042	2942
4095	2048	3071	3835	2041	2944
0	2303	3071	356	2314	2968
256	2303	3071	583	2314	2967
512	2303	3071	804	2317	2963
768	2303	3071	1020	2317	2963
1024	2303	3071	1242	2312	2958
1280	2303	3071	1459	2314	2963
1536	2303	3071	1674	2314	2955
1792	2303	3071	1890	2312	2958
2048	2303	3071	2114	2314	2956
2303	2303	3071	2350	2316	2956
2559	2303	3071	2563	2320	2956
2815	2303	3071	2772	2314	2950
3071	2303	3071	2992	2312	2952
3327	2303	3071	3210	2311	2948
3583	2303	3071	3424	2310	2946
3839	2303	3071	3642	2310	2946
4095	2303	3071	3862	2310	2941
0	2559	3071	385	2561	2967
256	2559	3071	612	2562	2966
512	2559	3071	830	2562	2968
768	2559	3071	1045	2560	2966
1024	2559	3071	1272	2560	2966
1280	2559	3071	1488	2562	2959
1536	2559	3071	1704	2561	2962
1792	2559	3071	1920	2561	2959
2048	2559	3071	2145	2560	2958
2303	2559	3071	2376	2562	2960
2559	2559	3071	2588	2562	2962
2815	2559	3071	2804	2560	2961
3071	2559	3071	3026	2560	2954
3327	2559	3071	3242	2556	2953
3583	2559	3071	3456	2556	2950
3839	2559	3071	3672	2554	2948
4095	2559	3071	3890	2554	2950
0	2815	3071	410	2808	2972
256	2815	3071	636	2808	2972
512	2815	3071	856	2808	2972
768	2815	3071	1073	2809	2968
1024	2815	3071	1299	2808	2968
1280	2815	3071	1511	2804	2966
1536	2815	3071	1726	2804	2966
1792	2815	3071	1944	2806	2966
2048	2815	3071	2174	2808	2966
2303	2815	3071	2402	2808	2964
2559	2815	3071	2614	2807	2964
2815	2815	3071	2830	2804	2960
3071	2815	3071	3049	2800	2958
3327	2815	3071	3266	2800	2958
3583	2815	3071	3478	2798	2954
3839	2815	3071	3698	2798	2953
4095	2815	3071	3913	2798	2951
0	3071	3071	436	3058	2976
256	3071	3071	661	3059	2976
512	3071	3071	880	3059	2974
768	3071	3071	1098	3057	2974
1024	3071	3071	1322	3054	2970
1280	3071	3071	1536	3058	2971
1536	3071	3071	1752	3057	2968
1792	3071	3071	1971	3059	2967
2048	3071	3071	2200	3057	2970
2303	3071	3071	2424	3056	2969
2559	3071	3071	2640	3058	2968
2815	3071	3071	2855	3054	2963
3071	3071	3071	3076	3052	2960
3327	3071	3071	3296	3055	2960
3583	3071	3071	3506	3050	2957
3839	3071	3071	3726	3050	2954
4095	3071	3071	3938	3049	2954
0	3327	3071	462	3310	2978
256	3327	3071	686	3311	2978
512	3327	3071	906	3312	2978
768	3327	3071	1125	3311	2974
1024	3327	3071	1348	3310	2972
1280	3327	3071	1562	3307	2972
1536	3327	3071	1778	3306	2972
1792	3327	3071	1996	3308	2972
2048	3327	3071	2232	3312	2973
2303	3327	3071	2455	3313	2970
2559	3327	3071	2666	3308	2970
2815	3327	3071	2880	3301	2966
3071	3327	3071	3104	3303	2964
3327	3327	3071	3318	3300	2962
3583	3327	3071	3534	3300	2964
3839	3327	3071	3752	3297	2958
4095	3327	3071	3964	3297	2958
0	3583	3071	488	3553	2982
256	3583	3071	710	3552	2982
512	3583	3071	930	3555	2984
768	3583	3071	1152	3556	2983
1024	3583	3071	1373	3554	2982
1280	3583	3071	1586	3550	2977
1536	3583	3071	1802	3547	2976
1792	3583	3071	2022	3551	2974
2048	3583	3071	2259	3554	2977
2303	3583	3071	2478	3552	2980
2559	3583	3071	2691	3550	2978
2815	3583	3071	2908	3546	2968
3071	3583	3071	3128	3542	2970
3327	3583	3071	3346	3544	2966
3583	3583	3071	3561	3542	2966
3839	3583	3071	3782	3541	2966
4095	3583	3071	3990	3540	2962
0	3839	3071	514	3808	2988
256	3839	3071	737	3806	2987
512	3839	3071	954	3806	2986
768	3839	3071	1178	3808	2988
1024	3839	3071	1399	3804	2986
1280	3839	3071	1612	3800	2981
1536	3839	3071	1831	3803	2980
1792	3839	3071	2050	3805	2980
2048	3839	3071	2288	3804	2982
2303	3839	3071	2503	3802	2982
2559	3839	3071	2719	3800	2980
2815	3839	3071	2936	3797	2976
3071	3839	3071	3156	3794	2971
3327	3839	3071	3374	3794	2972
3583	3839	3071	3585	3790	2970
3839	3839	3071	3809	3790	2970
4095	3839	3071	4018	3790	2968
0	4095	3071	542	4052	2994
256	4095	3071	764	4054	2996
512	4095	3071	982	4056	2993
768	4095	3071	1204	4050	2991
1024	4095	3071	1424	4046	2990
1280	4095	3071	1640	4046	2984
1536	4095	3071	1858	4048	2988
1792	4095	3071	2079	4050	2989
2048	4095	3071	2318	4048	2988
2303	4095	3071	2530	4048	2986
2559	4095	3071	2744	4044	2984
2815	4095	3071	2964	4040	2982
3071	4095	3071	3186	4040	2978
3327	4095	3071	3403	4040	2978
3583	4095	3071	3616	4036	2973
3839	4095	3071	3839	4034	2972
4095	4095	3071	4043	4032	2972
0	0	3327	142	53	3170
256	0	3327	370	54	3170
512	0	3327	594	55	3166
768	0	3327	812	56	3166
1024	0	3327	1024	56	3164
1280	0	3327	1248	58	3162
1536	0	3327	1460	59	3159
1792	0	3327	1672	60	3156
2048	0	3327	1887	60	3158
2303	0	3327	2110	62	3156
2559	0	3327	2342	62	3156
2815	0	3327	2550	63	3155
3071	0	3327	2764	64	3154
3327	0	3327	2982	64	3150
3583	0	3327	3198	66	3147
3839	0	3327	3410	66	3144
4095	0	3327	3626	68	3144
0	256	3327	166	308	3172
256	256	3327	394	308	3171
512	256	3327	617	310	3170
768	256	3327	834	311	3166
1024	256	3327	1048	312	3166
1280	256	3327	1273	314	3166
1536	256	3327	1482	312	3160
1792	256	3327	1698	314	3162
2048	256	3327	1912	315	3161
2303	256	3327	2136	316	3160
2559	256	3327	2367	316	3162
2815	256	3327	2578	318	3160
3071	256	3327	2792	318	3159
3327	256	3327	3011	318	3156
3583	256	3327	3224	319	3150
3839	256	3327	3438	320	3150
4095	256	3327	3656	321	3148
0	512	3327	190	558	3175
256	512	3327	418	560	3175
512	512	3327	642	561	3174
768	512	3327	857	562	3171
1024	512	3327	1072	562	3169
1280	512	3327	1296	562	3164
1536	512	3327	1505	562	3164
1792	512	3327	1722	564	3168
2048	512	3327	1938	564	3166
2303	512	3327	2164	565	3164
2559	512	3327	2390	566	3165
2815	512	3327	2602	566	3162
3071	512	3327	2816	567	3160
3327	512	3327	3038	568	3160
3583	512	3327	3251	567	3156
3839	512	3327	3464	568	3155
4095	512	3327	3682	568	3152
0	768	3327	216	809	3180
256	768	3327	443	810	3179
512	768	3327	666	812	3180
768	768	3327	882	812	3176
1024	768	3327	1098	811	3174
1280	768	3327	1320	812	3171
1536	768	3327	1532	812	3172
1792	768	3327	1747	812	3170
2048	768	3327	1961	812	3170
2303	768	3327	2194	814	3174
2559	768	3327	2418	816	3171
2815	768	3327	2628	816	3168
3071	768	3327	2845	816	3166
3327	768	3327	3064	816	3160
3583	768	3327	3277	816	3162
3839	768	3327	3489	815	3157
4095	768	3327	3708	816	3156
0	1024	3327	242	1060	3186
256	1024	3327	469	1062	3186
512	1024	3327	691	1064	3186
768	1024	3327	906	1064	3182
1024	1024	3327	1124	1062	3176
1280	1024	3327	1344	1062	3176
1536	1024	3327	1556	1063	3176
1792	1024	3327	1772	1064	3174
2048	1024	3327	1990	1064	3176
2303	1024	3327	2224	1066	3180
2559	1024	3327	2445	1068	3178
2815	1024	3327	2656	1067	3174
3071	1024	3327	2872	1066	3170
3327	1024	3327	3088	1064	3168
3583	1024	3327	3308	1066	3165
3839	1024	3327	3516	1065	3164
4095	1024	3327	3738	1064	3162
0	1280	3327	266	1314	3192
256	1280	3327	494	1316	3192
512	1280	3327	714	1314	3187
768	1280	3327	930	1314	3186
1024	1280	3327	1150	1314	3185
1280	1280	3327	1370	1314	3182
1536	1280	3327	1582	1314	3180
1792	1280	3327	1798	1315	3182
2048	1280	3327	2016	1316	3182
2303	1280	3327	2252	1317	3182
2559	1280	3327	2469	1318	3181
2815	1280	3327	2683	1318	3180
3071	1280	3327	2900	1316	3174
3327	1280	3327	3116	1314	3172
3583	1280	3327	3331	1315	3170
3839	1280	3327	3546	1316	3170
4095	1280	3327	3764	1314	3167
0	1536	3327	292	1558	3194
256	1536	3327	520	1560	3194
512	1536	3327	740	1561	3194
768	1536	3327	956	1560	3190
1024	1536	3327	1177	1560	3190
1280	1536	3327	1395	1558	3184
1536	1536	3327	1608	1558	3188
1792	1536	3327	1826	1561	3187
2048	1536	3327	2042	1562	3186
2303	1536	3327	2278	1560	3184
2559	1536	3327	2494	1562	3186
2815	1536	3327	2706	1561	3180
3071	1536	3327	2924	1560	3179
3327	1536	3327	3144	1560	3175
3583	1536	3327	3356	1558	3174
3839	1536	3327	3573	1560	3173
4095	1536	3327	3795	1560	3174
0	1792	3327	316	1804	3198
256	1792	3327	546	1806	3200
512	1792	3327	765	1807	3199
768	1792	3327	980	1807	3197
1024	1792	3327	1203	1806	3195
1280	1792	3327	1421	1806	3194
1536	1792	3327	1637	1806	3194
1792	1792	3327	1854	1808	3194
2048	1792	3327	2074	1810	3192
2303	1792	3327	2310	1808	3192
2559	1792	3327	2520	1808	3192
2815	1792	3327	2734	1807	3188
3071	1792	3327	2953	1806	3186
3327	1792	3327	3172	1805	3182
3583	1792	3327	3386	1804	3180
3839	1792	3327	3601	1804	3180
4095	1792	3327	3824	1804	3179
0	2048	3327	343	2051	3205
256	2048	3327	571	2052	3201
512	2048	3327	790	2050	3202
768	2048	3327	1006	2050	3203
1024	2048	3327	1231	2052	3204
1280	2048	3327	1448	2053	3200
1536	2048	3327	1662	2050	3194
1792	2048	3327	1878	2050	3197
2048	2048	3327	2102	2052	3196
2303	2048	3327	2338	2054	3198
2559	2048	3327	2548	2054	3196
2815	2048	3327	2764	2053	3193
3071	2048	3327	2981	2050	3188
3327	2048	3327	3198	2049	3186
3583	2048	3327	3414	2050	3186
3839	2048	3327	3630	2049	3183
4095	2048	3327	3848	2047	3181
0	2303	3327	368	2320	3206
256	2303	3327	594	2320	3206
512	2303	3327	814	2320	3204
768	2303	3327	1031	2324	3205
1024	2303	3327	1257	2324	3206
1280	2303	3327	1469	2320	3200
1536	2303	3327	1684	2319	3200
1792	2303	3327	1901	2318	3196
2048	2303	3327	2126	2319	3199
2303	2303	3327	2362	2323	3194
2559	2303	3327	2570	2320	3196
2815	2303	3327	2785	2318	3193
3071	2303	3327	3005	2318	3191
3327	2303	3327	3221	2316	3188
3583	2303	3327	3436	2315	3188
3839	2303	3327	3654	2316	3185
4095	2303	3327	3872	2314	3184
0	2559	3327	396	2564	3208
256	2559	3327	622	2564	3209
512	2559	3327	840	2566	3208
768	2559	3327	1058	2568	3210
1024	2559	3327	1284	2566	3209
1280	2559	3327	1497	2566	3207
1536	2559	3327	1714	2565	3200
1792	2559	3327	1932	2566	3201
2048	2559	3327	2158	2567	3198
2303	2559	3327	2388	2566	3202
2559	2559	3327	2600	2566	3200
2815	2559	3327	2815	2564	3199
3071	2559	3327	3034	2562	3195
3327	2559	3327	3254	2562	3194
3583	2559	3327	3466	2560	3188
3839	2559	3327	3682	2556	3187
4095	2559	3327	3899	2558	3189
0	2815	3327	422	2810	3211
256	2815	3327	646	2812	3210
512	2815	3327	866	2814	3211
768	2815	3327	1082	2811	3212
1024	2815	3327	1307	2809	3208
1280	2815	3327	1522	2812	3208
1536	2815	3327	1740	2812	3208
1792	2815	3327	1956	2811	3206
2048	2815	3327	2185	2811	3208
2303	2815	3327	2412	2812	3205
2559	2815	3327	2625	2811	3204
2815	2815	3327	2842	2810	3200
3071	2815	3327	3064	2808	3200
3327	2815	3327	3278	2806	3196
3583	2815	3327	3494	2806	3196
3839	2815	3327	3714	2806	3192
4095	2815	3327	3926	2804	3190
0	3071	3327	448	3067	3215
256	3071	3327	672	3065	3215
512	3071	3327	890	3064	3216
768	3071	3327	1110	3068	3213
1024	3071	3327	1335	3066	3210
1280	3071	3327	1546	3064	3208
1536	3071	3327	1763	3062	3210
1792	3071	3327	1982	3064	3210
2048	3071	3327	2215	3066	3208
2303	3071	3327	2439	3067	3210
2559	3071	3327	2653	3066	3208
2815	3071	3327	2868	3061	3204
3071	3071	3327	3085	3055	3200
3327	3071	3327	3305	3058	3202
3583	3071	3327	3520	3057	3198
3839	3071	3327	3740	3056	3198
4095	3071	3327	3952	3056	3198
0	3327	3327	474	3320	3222
256	3327	3327	698	3318	3222
512	3327	3327	916	3318	3216
768	3327	3327	1136	3318	3220
1024	3327	3327	1360	3316	3218
1280	3327	3327	1574	3314	3214
1536	3327	3327	1790	3313	3213
1792	3327	3327	2008	3315	3212
2048	3327	3327	2244	3316	3213
2303	3327	3327	2466	3318	3214
2559	3327	3327	2680	3316	3212
2815	3327	3327	2896	3312	3208
3071	3327	3327	3114	3306	3200
3327	3327	3327	3334	3308	3203
3583	3327	3327	3547	3306	3202
3839	3327	3327	3768	3306	3200
4095	3327	3327	3980	3306	3200
0	3583	3327	500	3563	3226
256	3583	3327	722	3564	3227
512	3583	3327	942	3564	3226
768	3583	3327	1163	3562	3226
1024	3583	3327	1384	3558	3220
1280	3583	3327	1600	3560	3220
1536	3583	3327	1817	3559	3218
1792	3583	3327	2034	3558	3218
2048	3583	3327	2271	3560	3218
2303	3583	3327	2491	3560	3219
2559	3583	3327	2704	3556	3219
2815	3583	3327	2921	3552	3214
3071	3583	3327	3142	3551	3208
3327	3583	3327	3357	3548	3208
3583	3583	3327	3571	3546	3208
3839	3583	3327	3796	3548	3206
4095	3583	3327	4002	3545	3204
0	3839	3327	526	3815	3233
256	3839	3327	749	3816	3233
512	3839	3327	966	3813	3231
768	3839	3327	1190	3812	3230
1024	3839	3327	1410	3812	3224
1280	3839	3327	1626	3810	3225
1536	3839	3327	1842	3807	3224
1792	3839	3327	2061	3809	3225
2048	3839	3327	2301	3810	3222
2303	3839	3327	2518	3812	3224
2559	3839	3327	2732	3808	3222
2815	3839	3327	2952	3806	3216
3071	3839	3327	3171	3804	3216
3327	3839	3327	3386	3800	3211
3583	3839	3327	3601	3798	3209
3839	3839	3327	3822	3796	3208
4095	3839	3327	4029	3796	3210
0	4095	3327	553	4060	3238
256	4095	3327	776	4063	3238
512	4095	3327	994	4063	3238
768	4095	3327	1217	4060	3232
1024	4095	3327	1436	4056	3232
1280	4095	3327	1651	4052	3230
1536	4095	3327	1869	4054	3227
1792	4095	3327	2090	4054	3228
2048	4095	3327	2331	4056	3228
2303	4095	3327	2542	4054	3228
2559	4095	3327	2758	4052	3228
2815	4095	3327	2976	4046	3222
3071	4095	3327	3196	4044	3221
3327	4095	3327	3414	4045	3218
3583	4095	3327	3632	4045	3216
3839	4095	3327	3853	4043	3212
4095	4095	3327	4057	4040	3212
0	0	3583	153	57	3406
256	0	3583	381	58	3406
512	0	3583	606	59	3404
768	0	3583	822	60	3404
1024	0	3583	1036	61	3402
1280	0	3583	1259	62	3400
1536	0	3583	1472	62	3398
1792	0	3583	1684	64	3394
2048	0	3583	1898	65	3394
2303	0	3583	2122	66	3396
2559	0	3583	2354	66	3394
2815	0	3583	2560	67	3392
3071	0	3583	2776	68	3390
3327	0	3583	2996	68	3388
3583	0	3583	3212	70	3386
3839	0	3583	3424	70	3383
4095	0	3583	3640	72	3381
0	256	3583	177	312	3412
256	256	3583	405	314	3412
512	256	3583	628	314	3406
768	256	3583	844	314	3404
1024	256	3583	1060	316	3405
1280	256	3583	1284	318	3405
1536	256	3583	1494	318	3400
1792	256	3583	1709	318	3398
2048	256	3583	1924	320	3400
2303	256	3583	2152	320	3402
2559	256	3583	2381	321	3402
2815	256	3583	2591	322	3399
3071	256	3583	2805	322	3396
3327	256	3583	3023	323	3394
3583	256	3583	3238	324	3391
3839	256	3583	3450	324	3387
4095	256	3583	3667	324	3384
0	512	3583	201	564	3416
256	512	3583	430	566	3416
512	512	3583	652	566	3412
768	512	3583	868	566	3410
1024	512	3583	1084	566	3408
1280	512	3583	1308	568	3406
1536	512	3583	1518	567	3404
1792	512	3583	1734	568	3406
2048	512	3583	1951	570	3408
2303	512	3583	2179	570	3406
2559	512	3583	2404	571	3404
2815	512	3583	2615	571	3402
3071	512	3583	2830	571	3398
3327	512	3583	3048	572	3397
3583	512	3583	3266	572	3396
3839	512	3583	3476	572	3392
4095	512	3583	3694	572	3390
0	768	3583	222	817	3420
256	768	3583	452	816	3419
512	768	3583	677	816	3419
768	768	3583	894	816	3416
1024	768	3583	1110	816	3414
1280	768	3583	1332	817	3409
1536	768	3583	1542	816	3412
1792	768	3583	1760	818	3412
2048	768	3583	1975	818	3409
2303	768	3583	2206	819	3408
2559	768	3583	2428	820	3408
2815	768	3583	2640	819	3404
3071	768	3583	2856	820	3402
3327	768	3583	3076	820	3400
3583	768	3583	3290	820	3398
3839	768	3583	3503	820	3396
4095	768	3583	3725	822	3397
0	1024	3583	245	1067	3423
256	1024	3583	472	1070	3424
512	1024	3583	698	1070	3424
768	1024	3583	918	1068	3423
1024	1024	3583	1137	1069	3418
1280	1024	3583	1356	1068	3418
1536	1024	3583	1570	1069	3416
1792	1024	3583	1785	1069	3415
2048	1024	3583	1998	1068	3412
2303	1024	3583	2236	1070	3416
2559	1024	3583	2455	1072	3415
2815	1024	3583	2666	1070	3412
3071	1024	3583	2883	1070	3410
3327	1024	3583	3102	1070	3404
3583	1024	3583	3316	1070	3403
3839	1024	3583	3531	1070	3403
4095	1024	3583	3756	1072	3406
0	1280	3583	270	1321	3432
256	1280	3583	498	1324	3433
512	1280	3583	724	1320	3429
768	1280	3583	942	1320	3428
1024	1280	3583	1162	1320	3425
1280	1280	3583	1382	1320	3422
1536	1280	3583	1595	1320	3420
1792	1280	3583	1810	1320	3421
2048	1280	3583	2027	1320	3420
2303	1280	3583	2265	1322	3421
2559	1280	3583	2484	1324	3424
2815	1280	3583	2698	1324	3420
3071	1280	3583	2914	1322	3415
3327	1280	3583	3131	1321	3411
3583	1280	3583	3344	1320	3408
3839	1280	3583	3558	1321	3410
4095	1280	3583	3783	1322	3408
0	1536	3583	303	1564	3437
256	1536	3583	532	1566	3438
512	1536	3583	752	1567	3436
768	1536	3583	967	1566	3430
1024	1536	3583	1189	1566	3430
1280	1536	3583	1408	1566	3429
1536	1536	3583	1623	1566	3428
1792	1536	3583	1839	1567	3428
2048	1536	3583	2056	1568	3426
2303	1536	3583	2292	1566	3423
2559	1536	3583	2507	1568	3426
2815	1536	3583	2720	1566	3421
3071	1536	3583	2937	1564	3418
3327	1536	3583	3156	1564	3414
3583	1536	3583	3370	1564	3414
3839	1536	3583	3586	1565	3412
4095	1536	3583	3808	1564	3412
0	1792	3583	328	1812	3443
256	1792	3583	558	1813	3442
512	1792	3583	776	1812	3440
768	1792	3583	990	1812	3437
1024	1792	3583	1216	1813	3438
1280	1792	3583	1433	1812	3434
1536	1792	3583	1649	1812	3436
1792	1792	3583	1868	1815	3438
2048	1792	3583	2089	1817	3432
2303	1792	3583	2323	1814	3432
2559	1792	3583	2533	1814	3431
2815	1792	3583	2750	1814	3430
3071	1792	3583	2966	1812	3424
3327	1792	3583	3183	1810	3421
3583	1792	3583	3398	1810	3420
3839	1792	3583	3616	1810	3418
4095	1792	3583	3836	1810	3418
0	2048	3583	354	2059	3448
256	2048	3583	582	2059	3442
512	2048	3583	801	2056	3446
768	2048	3583	1008	2064	3444
1024	2048	3583	1230	2062	3440
1280	2048	3583	1454	2060	3440
1536	2048	3583	1674	2058	3440
1792	2048	3583	1892	2060	3439
2048	2048	3583	2116	2060	3440
2303	2048	3583	2352	2062	3438
2559	2048	3583	2560	2059	3436
2815	2048	3583	2778	2060	3434
3071	2048	3583	2994	2056	3429
3327	2048	3583	3212	2056	3428
3583	2048	3583	3428	2056	3424
3839	2048	3583	3644	2054	3422
4095	2048	3583	3862	2054	3422
0	2303	3583	378	2326	3448
256	2303	3583	606	2328	3448
512	2303	3583	826	2328	3442
768	2303	3583	1040	2326	3444
1024	2303	3583	1268	2328	3445
1280	2303	3583	1480	2324	3440
1536	2303	3583	1698	2326	3442
1792	2303	3583	1914	2326	3438
2048	2303	3583	2140	2327	3442
2303	2303	3583	2374	2330	3440
2559	2303	3583	2585	2328	3436
2815	2303	3583	2800	2326	3436
3071	2303	3583	3021	2326	3432
3327	2303	3583	3236	2322	3427
3583	2303	3583	3448	2320	3426
3839	2303	3583	3668	2322	3426
4095	2303	3583	3886	2322	3424
0	2559	3583	408	2573	3450
256	2559	3583	633	2572	3450
512	2559	3583	852	2572	3450
768	2559	3583	1070	2574	3446
1024	2559	3583	1296	2574	3446
1280	2559	3583	1510	2572	3448
1536	2559	3583	1724	2569	3440
1792	2559	3583	1942	2570	3444
2048	2559	3583	2171	2572	3442
2303	2559	3583	2399	2572	3442
2559	2559	3583	2610	2570	3440
2815	2559	3583	2828	2568	3434
3071	2559	3583	3045	2566	3432
3327	2559	3583	3264	2566	3433
3583	2559	3583	3479	2566	3430
3839	2559	3583	3697	2564	3426
4095	2559	3583	3912	2564	3428
0	2815	3583	433	2821	3456
256	2815	3583	658	2822	3456
512	2815	3583	877	2820	3450
768	2815	3583	1094	2818	3452
1024	2815	3583	1320	2820	3450
1280	2815	3583	1534	2816	3449
1536	2815	3583	1752	2820	3448
1792	2815	3583	1969	2818	3444
2048	2815	3583	2200	2819	3447
2303	2815	3583	2426	2819	3446
2559	2815	3583	2638	2818	3442
2815	2815	3583	2856	2816	3440
3071	2815	3583	3076	2812	3438
3327	2815	3583	3292	2814	3436
3583	2815	3583	3506	2811	3431
3839	2815	3583	3726	2810	3431
4095	2815	3583	3939	2810	3431
0	3071	3583	460	3072	3460
256	3071	3583	684	3073	3461
512	3071	3583	902	3073	3458
768	3071	3583	1122	3074	3454
1024	3071	3583	1345	3071	3454
1280	3071	3583	1558	3070	3450
1536	3071	3583	1776	3070	3449
1792	3071	3583	1992	3069	3452
2048	3071	3583	2228	3072	3450
2303	3071	3583	2452	3074	3452
2559	3071	3583	2666	3072	3448
2815	3071	3583	2882	3068	3446
3071	3071	3583	3102	3064	3441
3327	3071	3583	3314	3060	3439
3583	3071	3583	3530	3062	3439
3839	3071	3583	3752	3061	3436
4095	3071	3583	3962	3060	3435
0	3327	3583	486	3326	3462
256	3327	3583	708	3326	3463
512	3327	3583	926	3324	3460
768	3327	3583	1146	3321	3460
1024	3327	3583	1370	3322	3457
1280	3327	3583	1586	3322	3455
1536	3327	3583	1801	3318	3454
1792	3327	3583	2019	3320	3454
2048	3327	3583	2256	3320	3452
2303	3327	3583	2476	3322	3456
2559	3327	3583	2692	3322	3456
2815	3327	3583	2910	3319	3448
3071	3327	3583	3128	3314	3444
3327	3327	3583	3344	3311	3438
3583	3327	3583	3556	3309	3438
3839	3327	3583	3778	3309	3438
4095	3327	3583	3988	3309	3438
0	3583	3583	510	3568	3468
256	3583	3583	733	3568	3469
512	3583	3583	952	3569	3469
768	3583	3583	1174	3568	3464
1024	3583	3583	1395	3564	3461
1280	3583	3583	1610	3562	3460
1536	3583	3583	1828	3564	3458
1792	3583	3583	2046	3564	3458
2048	3583	3583	2284	3566	3459
2303	3583	3583	2501	3564	3458
2559	3583	3583	2716	3562	3460
2815	3583	3583	2936	3560	3456
3071	3583	3583	3154	3558	3451
3327	3583	3583	3370	3554	3447
3583	3583	3583	3586	3555	3444
3839	3583	3583	3809	3553	3444
4095	3583	3583	4016	3552	3442
0	3839	3583	538	3824	3474
256	3839	3583	758	3820	3472
512	3839	3583	977	3820	3472
768	3839	3583	1201	3818	3472
1024	3839	3583	1422	3816	3468
1280	3839	3583	1636	3816	3464
1536	3839	3583	1854	3815	3465
1792	3839	3583	2075	3816	3466
2048	3839	3583	2312	3814	3464
2303	3839	3583	2528	3817	3465
2559	3839	3583	2745	3814	3462
2815	3839	3583	2962	3811	3460
3071	3839	3583	3182	3807	3455
3327	3839	3583	3398	3806	3452
3583	3839	3583	3612	3802	3450
3839	3839	3583	3835	3802	3450
4095	3839	3583	4042	3802	3448
0	4095	3583	564	4068	3481
256	4095	3583	786	4068	3481
512	4095	3583	1004	4068	3477
768	4095	3583	1228	4064	3476
1024	4095	3583	1446	4060	3472
1280	4095	3583	1664	4061	3471
1536	4095	3583	1882	4061	3470
1792	4095	3583	2102	4058	3470
2048	4095	3583	2342	4060	3467
2303	4095	3583	2554	4062	3468
2559	4095	3583	2771	4058	3469
2815	4095	3583	2991	4054	3465
3071	4095	3583	3208	4051	3459
3327	4095	3583	3425	4049	3456
3583	4095	3583	3644	4049	3454
3839	4095	3583	3864	4048	3452
4095	4095	3583	4068	4046	3452
0	0	3839	164	62	3646
256	0	3839	392	62	3644
512	0	3839	616	64	3644
768	0	3839	834	64	3644
1024	0	3839	1048	65	3640
1280	0	3839	1271	66	3639
1536	0	3839	1484	66	3637
1792	0	3839	1698	68	3637
2048	0	3839	1914	69	3636
2303	0	3839	2138	70	3636
2559	0	3839	2368	70	3634
2815	0	3839	2576	71	3632
3071	0	3839	2790	72	3630
3327	0	3839	3010	73	3628
3583	0	3839	3226	74	3625
3839	0	3839	3440	74	3622
4095	0	3839	3656	76	3620
0	256	3839	188	316	3650
256	256	3839	416	318	3650
512	256	3839	640	319	3647
768	256	3839	856	320	3646
1024	256	3839	1073	321	3644
1280	256	3839	1296	322	3643
1536	256	3839	1508	322	3642
1792	256	3839	1722	324	3640
2048	256	3839	1938	324	3640
2303	256	3839	2165	325	3640
2559	256	3839	2392	326	3642
2815	256	3839	2604	327	3638
3071	256	3839	2817	326	3633
3327	256	3839	3038	327	3633
3583	256	3839	3250	328	3628
3839	256	3839	3462	328	3623
4095	256	3839	3682	330	3624
0	512	3839	212	568	3655
256	512	3839	441	570	3656
512	512	3839	664	570	3654
768	512	3839	880	572	3650
1024	512	3839	1097	571	3648
1280	512	3839	1320	572	3647
1536	512	3839	1532	574	3647
1792	512	3839	1746	573	3644
2048	512	3839	1964	574	3646
2303	512	3839	2194	576	3648
2559	512	3839	2420	576	3648
2815	512	3839	2630	576	3644
3071	512	3839	2844	576	3640
3327	512	3839	3066	577	3636
3583	512	3839	3279	577	3635
3839	512	3839	3489	577	3630
4095	512	3839	3712	578	3630
0	768	3839	234	821	3660
256	768	3839	464	822	3660
512	768	3839	688	822	3659
768	768	3839	906	822	3657
1024	768	3839	1123	822	3654
1280	768	3839	1345	823	3652
1536	768	3839	1558	824	3649
1792	768	3839	1772	822	3649
2048	768	3839	1990	824	3650
2303	768	3839	2222	826	3652
2559	768	3839	2444	826	3652
2815	768	3839	2656	826	3646
3071	768	3839	2872	826	3644
3327	768	3839	3092	826	3640
3583	768	3839	3306	826	3639
3839	768	3839	3519	826	3637
4095	768	3839	3740	826	3636
0	1024	3839	252	1075	3662
256	1024	3839	479	1077	3662
512	1024	3839	710	1074	3663
768	1024	3839	930	1074	3661
1024	1024	3839	1150	1074	3661
1280	1024	3839	1370	1074	3658
1536	1024	3839	1583	1074	3656
1792	1024	3839	1798	1074	3656
2048	1024	3839	2014	1075	3655
2303	1024	3839	2251	1077	3658
2559	1024	3839	2468	1077	3654
2815	1024	3839	2680	1076	3652
3071	1024	3839	2898	1076	3648
3327	1024	3839	3116	1076	3644
3583	1024	3839	3330	1074	3642
3839	1024	3839	3546	1076	3642
4095	1024	3839	3768	1076	3642
0	1280	3839	278	1327	3668
256	1280	3839	504	1328	3670
512	1280	3839	734	1325	3666
768	1280	3839	953	1326	3666
1024	1280	3839	1176	1326	3664
1280	1280	3839	1394	1326	3662
1536	1280	3839	1608	1326	3663
1792	1280	3839	1824	1326	3660
2048	1280	3839	2040	1326	3660
2303	1280	3839	2280	1328	3663
2559	1280	3839	2494	1329	3661
2815	1280	3839	2706	1328	3656
3071	1280	3839	2924	1326	3654
3327	1280	3839	3144	1326	3650
3583	1280	3839	3358	1326	3650
3839	1280	3839	3574	1326	3648
4095	1280	3839	3796	1326	3646
0	1536	3839	314	1570	3680
256	1536	3839	544	1574	3676
512	1536	3839	763	1572	3674
768	1536	3839	978	1570	3672
1024	1536	3839	1200	1570	3669
1280	1536	3839	1420	1571	3671
1536	1536	3839	1636	1572	3667
1792	1536	3839	1850	1572	3668
2048	1536	3839	2070	1574	3668
2303	1536	3839	2308	1573	3666
2559	1536	3839	2520	1574	3666
2815	1536	3839	2734	1572	3660
3071	1536	3839	2951	1570	3656
3327	1536	3839	3170	1570	3656
3583	1536	3839	3387	1571	3656
3839	1536	3839	3601	1570	3651
4095	1536	3839	3820	1568	3652
0	1792	3839	340	1819	3684
256	1792	3839	569	1821	3682
512	1792	3839	788	1820	3681
768	1792	3839	1004	1820	3680
1024	1792	3839	1228	1818	3678
1280	1792	3839	1444	1818	3675
1536	1792	3839	1660	1818	3673
1792	1792	3839	1878	1819	3676
2048	1792	3839	2102	1822	3673
2303	1792	3839	2336	1820	3674
2559	1792	3839	2548	1821	3674
2815	1792	3839	2760	1818	3668
3071	1792	3839	2978	1817	3664
3327	1792	3839	3200	1817	3664
3583	1792	3839	3416	1818	3659
3839	1792	3839	3630	1816	3657
4095	1792	3839	3850	1816	3660
0	2048	3839	366	2064	3688
256	2048	3839	594	2064	3686
512	2048	3839	813	2064	3688
768	2048	3839	1024	2068	3685
1024	2048	3839	1250	2068	3683
1280	2048	3839	1469	2065	3679
1536	2048	3839	1686	2064	3678
1792	2048	3839	1904	2064	3677
2048	2048	3839	2128	2065	3680
2303	2048	3839	2364	2068	3680
2559	2048	3839	2574	2067	3676
2815	2048	3839	2790	2066	3674
3071	2048	3839	3010	2064	3670
3327	2048	3839	3226	2062	3666
3583	2048	3839	3440	2061	3664
3839	2048	3839	3659	2061	3666
4095	2048	3839	3879	2063	3662
0	2303	3839	391	2334	3690
256	2303	3839	618	2336	3690
512	2303	3839	837	2334	3686
768	2303	3839	1052	2332	3689
1024	2303	3839	1280	2334	3686
1280	2303	3839	1493	2332	3682
1536	2303	3839	1710	2332	3683
1792	2303	3839	1928	2333	3682
2048	2303	3839	2154	2334	3682
2303	2303	3839	2386	2335	3680
2559	2303	3839	2597	2334	3678
2815	2303	3839	2814	2332	3676
3071	2303	3839	3032	2329	3670
3327	2303	3839	3249	2329	3669
3583	2303	3839	3466	2330	3669
3839	2303	3839	3686	2330	3666
4095	2303	3839	3900	2328	3664
0	2559	3839	418	2576	3688
256	2559	3839	644	2578	3692
512	2559	3839	864	2580	3692
768	2559	3839	1084	2582	3690
1024	2559	3839	1308	2579	3688
1280	2559	3839	1521	2578	3686
1536	2559	3839	1738	2578	3686
1792	2559	3839	1955	2577	3684
2048	2559	3839	2184	2577	3682
2303	2559	3839	2412	2578	3684
2559	2559	3839	2626	2578	3679
2815	2559	3839	2840	2574	3676
3071	2559	3839	3062	2574	3676
3327	2559	3839	3280	2574	3674
3583	2559	3839	3493	2572	3670
3839	2559	3839	3711	2570	3668
4095	2559	3839	3928	2571	3670
0	2815	3839	444	2828	3692
256	2815	3839	670	2828	3694
512	2815	3839	888	2827	3694
768	2815	3839	1108	2826	3696
1024	2815	3839	1334	2828	3691
1280	2815	3839	1546	2826	3690
1536	2815	3839	1763	2824	3688
1792	2815	3839	1980	2823	3687
2048	2815	3839	2212	2824	3686
2303	2815	3839	2438	2824	3688
2559	2815	3839	2650	2824	3684
2815	2815	3839	2867	2820	3680
3071	2815	3839	3089	2819	3675
3327	2815	3839	3305	2818	3674
3583	2815	3839	3516	2815	3670
3839	2815	3839	3738	2815	3670
4095	2815	3839	3950	2814	3670
0	3071	3839	470	3076	3701
256	3071	3839	694	3077	3699
512	3071	3839	912	3078	3698
768	3071	3839	1133	3079	3696
1024	3071	3839	1356	3077	3696
1280	3071	3839	1571	3076	3692
1536	3071	3839	1789	3077	3692
1792	3071	3839	2006	3078	3692
2048	3071	3839	2242	3078	3691
2303	3071	3839	2463	3077	3690
2559	3071	3839	2676	3075	3688
2815	3071	3839	2894	3073	3684
3071	3071	3839	3112	3068	3680
3327	3071	3839	3328	3066	3678
3583	3071	3839	3544	3068	3677
3839	3071	3839	3764	3065	3672
4095	3071	3839	3972	3064	3672
0	3327	3839	497	3335	3702
256	3327	3839	720	3334	3702
512	3327	3839	938	3331	3700
768	3327	3839	1159	3330	3701
1024	3327	3839	1382	3328	3698
1280	3327	3839	1596	3326	3694
1536	3327	3839	1814	3327	3696
1792	3327	3839	2032	3328	3696
2048	3327	3839	2270	3328	3696
2303	3327	3839	2489	3329	3697
2559	3327	3839	2704	3326	3691
2815	3327	3839	2922	3323	3689
3071	3327	3839	3144	3322	3683
3327	3327	3839	3358	3318	3680
3583	3327	3839	3570	3316	3678
3839	3327	3839	3794	3317	3679
4095	3327	3839	4004	3316	3676
0	3583	3839	522	3574	3711
256	3583	3839	745	3576	3712
512	3583	3839	964	3577	3710
768	3583	3839	1186	3575	3706
1024	3583	3839	1406	3571	3703
1280	3583	3839	1622	3570	3700
1536	3583	3839	1841	3572	3700
1792	3583	3839	2058	3570	3700
2048	3583	3839	2296	3569	3700
2303	3583	3839	2514	3570	3699
2559	3583	3839	2728	3568	3698
2815	3583	3839	2947	3564	3692
3071	3583	3839	3166	3562	3691
3327	3583	3839	3382	3558	3687
3583	3583	3839	3600	3560	3684
3839	3583	3839	3824	3560	3684
4095	3583	3839	4026	3556	3684
0	3839	3839	548	3828	3714
256	3839	3839	770	3826	3712
512	3839	3839	988	3825	3713
768	3839	3839	1212	3824	3713
1024	3839	3839	1432	3824	3708
1280	3839	3839	1648	3821	3705
1536	3839	3839	1866	3819	3706
1792	3839	3839	2086	3821	3704
2048	3839	3839	2326	3822	3704
2303	3839	3839	2542	3824	3704
2559	3839	3839	2758	3822	3704
2815	3839	3839	2976	3818	3698
3071	3839	3839	3194	3814	3694
3327	3839	3839	3412	3812	3690
3583	3839	3839	3629	3812	3692
3839	3839	3839	3848	3808	3689
4095	3839	3839	4054	3808	3688
0	4095	3839	575	4076	3722
256	4095	3839	798	4077	3721
512	4095	3839	1014	4074	3718
768	4095	3839	1240	4073	3716
1024	4095	3839	1460	4070	3714
1280	4095	3839	1676	4068	3712
1536	4095	3839	1895	4069	3710
1792	4095	3839	2119	4070	3711
2048	4095	3839	2358	4072	3712
2303	4095	3839	2568	4070	3710
2559	4095	3839	2784	4066	3710
2815	4095	3839	3004	4062	3706
3071	4095	3839	3222	4058	3700
3327	4095	3839	3438	4056	3698
3583	4095	3839	3658	4056	3698
3839	4095	3839	3878	4054	3692
4095	4095	3839	4086	4056	3693
0	0	4095	176	66	3891
256	0	4095	404	67	3890
512	0	4095	628	68	3890
768	0	4095	846	68	3886
1024	0	4095	1060	70	3884
1280	0	4095	1284	70	3884
1536	0	4095	1498	71	3882
1792	0	4095	1712	72	3882
2048	0	4095	1928	73	3882
2303	0	4095	2152	74	3880
2559	0	4095	2381	76	3878
2815	0	4095	2591	76	3878
3071	0	4095	2808	76	3878
3327	0	4095	3028	77	3874
3583	0	4095	3243	78	3870
3839	0	4095	3456	79	3867
4095	0	4095	3672	80	3863
0	256	4095	200	321	3894
256	256	4095	428	322	3892
512	256	4095	651	324	3892
768	256	4095	868	324	3891
1024	256	4095	1085	326	3890
1280	256	4095	1310	326	3886
1536	256	4095	1520	327	3886
1792	256	4095	1738	328	3886
2048	256	4095	1952	329	3885
2303	256	4095	2180	330	3885
2559	256	4095	2406	330	3886
2815	256	4095	2616	332	3880
3071	256	4095	2832	331	3876
3327	256	4095	3053	332	3876
3583	256	4095	3267	332	3872
3839	256	4095	3481	334	3870
4095	256	4095	3700	334	3868
0	512	4095	223	574	3899
256	512	4095	452	576	3900
512	512	4095	676	576	3899
768	512	4095	892	577	3896
1024	512	4095	1110	577	3893
1280	512	4095	1332	578	3889
1536	512	4095	1546	578	3894
1792	512	4095	1760	578	3888
2048	512	4095	1976	580	3888
2303	512	4095	2209	581	3892
2559	512	4095	2433	582	3890
2815	512	4095	2643	581	3886
3071	512	4095	2858	582	3884
3327	512	4095	3082	582	3880
3583	512	4095	3295	582	3879
3839	512	4095	3509	583	3877
4095	512	4095	3729	583	3876
0	768	4095	243	828	3904
256	768	4095	475	828	3906
512	768	4095	700	827	3902
768	768	4095	917	828	3902
1024	768	4095	1136	828	3896
1280	768	4095	1356	828	3898
1536	768	4095	1572	828	3894
1792	768	4095	1785	828	3894
2048	768	4095	2004	830	3898
2303	768	4095	2238	832	3896
2559	768	4095	2458	831	3896
2815	768	4095	2670	832	3892
3071	768	4095	2886	831	3890
3327	768	4095	3108	832	3886
3583	768	4095	3322	832	3884
3839	768	4095	3535	832	3881
4095	768	4095	3755	832	3880
0	1024	4095	263	1081	3907
256	1024	4095	490	1084	3908
512	1024	4095	722	1080	3909
768	1024	4095	942	1080	3906
1024	1024	4095	1163	1081	3906
1280	1024	4095	1383	1081	3902
1536	1024	4095	1596	1081	3902
1792	1024	4095	1814	1082	3906
2048	1024	4095	2032	1084	3904
2303	1024	4095	2265	1082	3902
2559	1024	4095	2482	1083	3901
2815	1024	4095	2696	1082	3898
3071	1024	4095	2914	1082	3894
3327	1024	4095	3134	1083	3892
3583	1024	4095	3350	1082	3886
3839	1024	4095	3562	1082	3888
4095	1024	4095	3783	1082	3885
0	1280	4095	288	1334	3916
256	1280	4095	516	1336	3916
512	1280	4095	748	1333	3916
768	1280	4095	966	1332	3910
1024	1280	4095	1188	1332	3910
1280	1280	4095	1408	1332	3906
1536	1280	4095	1621	1332	3909
1792	1280	4095	1839	1334	3905
2048	1280	4095	2056	1334	3908
2303	1280	4095	2294	1334	3908
2559	1280	4095	2508	1334	3906
2815	1280	4095	2720	1332	3900
3071	1280	4095	2938	1332	3897
3327	1280	4095	3157	1331	3894
3583	1280	4095	3372	1332	3892
3839	1280	4095	3590	1332	3890
4095	1280	4095	3809	1330	3888
0	1536	4095	326	1578	3924
256	1536	4095	556	1580	3923
512	1536	4095	776	1580	3922
768	1536	4095	991	1579	3920
1024	1536	4095	1213	1576	3912
1280	1536	4095	1432	1577	3914
1536	1536	4095	1648	1578	3910
1792	1536	4095	1862	1576	3911
2048	1536	4095	2085	1580	3912
2303	1536	4095	2322	1580	3913
2559	1536	4095	2534	1580	3912
2815	1536	4095	2747	1578	3904
3071	1536	4095	2966	1576	3901
3327	1536	4095	3184	1577	3898
3583	1536	4095	3400	1576	3898
3839	1536	4095	3616	1576	3893
4095	1536	4095	3832	1574	3894
0	1792	4095	352	1826	3930
256	1792	4095	580	1828	3929
512	1792	4095	800	1827	3927
768	1792	4095	1017	1828	3928
1024	1792	4095	1240	1824	3920
1280	1792	4095	1458	1824	3920
1536	1792	4095	1672	1824	3916
1792	1792	4095	1890	1824	3918
2048	1792	4095	2115	1826	3921
2303	1792	4095	2352	1830	3920
2559	1792	4095	2561	1828	3920
2815	1792	4095	2775	1825	3913
3071	1792	4095	2993	1822	3908
3327	1792	4095	3213	1823	3908
3583	1792	4095	3430	1824	3904
3839	1792	4095	3646	1822	3902
4095	1792	4095	3865	1822	3904
0	2048	4095	377	2072	3935
256	2048	4095	605	2072	3932
512	2048	4095	825	2072	3932
768	2048	4095	1042	2074	3930
1024	2048	4095	1266	2071	3926
1280	2048	4095	1482	2068	3923
1536	2048	4095	1698	2070	3923
1792	2048	4095	1916	2070	3922
2048	2048	4095	2142	2073	3926
2303	2048	4095	2378	2076	3924
2559	2048	4095	2589	2075	3920
2815	2048	4095	2804	2073	3918
3071	2048	4095	3024	2071	3914
3327	2048	4095	3240	2069	3909
3583	2048	4095	3454	2067	3907
3839	2048	4095	3673	2068	3909
4095	2048	4095	3893	2069	3906
0	2303	4095	402	2342	3936
256	2303	4095	629	2343	3935
512	2303	4095	848	2340	3932
768	2303	4095	1065	2339	3932
1024	2303	4095	1292	2340	3930
1280	2303	4095	1506	2340	3928
1536	2303	4095	1723	2340	3928
1792	2303	4095	1940	2340	3926
2048	2303	4095	2168	2341	3926
2303	2303	4095	2400	2342	3925
2559	2303	4095	2612	2341	3921
2815	2303	4095	2826	2338	3920
3071	2303	4095	3048	2336	3916
3327	2303	4095	3263	2335	3912
3583	2303	4095	3480	2336	3912
3839	2303	4095	3700	2336	3910
4095	2303	4095	3914	2334	3907
0	2559	4095	430	2586	3942
256	2559	4095	656	2588	3941
512	2559	4095	876	2589	3940
768	2559	4095	1095	2589	3935
1024	2559	4095	1320	2584	3936
1280	2559	4095	1533	2586	3934
1536	2559	4095	1750	2584	3930
1792	2559	4095	1968	2584	3928
2048	2559	4095	2198	2584	3929
2303	2559	4095	2426	2585	3928
2559	2559	4095	2638	2584	3925
2815	2559	4095	2855	2582	3920
3071	2559	4095	3074	2579	3918
3327	2559	4095	3293	2580	3917
3583	2559	4095	3508	2580	3915
3839	2559	4095	3726	2576	3911
4095	2559	4095	3939	2576	3913
0	2815	4095	456	2836	3940
256	2815	4095	681	2834	3942
512	2815	4095	900	2834	3940
768	2815	4095	1120	2836	3944
1024	2815	4095	1346	2836	3935
1280	2815	4095	1558	2830	3932
1536	2815	4095	1774	2829	3932
1792	2815	4095	1992	2828	3932
2048	2815	4095	2226	2831	3932
2303	2815	4095	2451	2832	3931
2559	2815	4095	2664	2832	3929
2815	2815	4095	2882	2828	3923
3071	2815	4095	3103	2826	3919
3327	2815	4095	3318	2825	3918
3583	2815	4095	3531	2822	3915
3839	2815	4095	3753	2822	3916
4095	2815	4095	3964	2822	3914
0	3071	4095	482	3086	3948
256	3071	4095	705	3086	3945
512	3071	4095	924	3086	3943
768	3071	4095	1145	3086	3944
1024	3071	4095	1368	3083	3942
1280	3071	4095	1582	3083	3936
1536	3071	4095	1801	3084	3936
1792	3071	4095	2018	3084	3933
2048	3071	4095	2252	3082	3933
2303	3071	4095	2472	3080	3934
2559	3071	4095	2688	3079	3930
2815	3071	4095	2906	3078	3923
3071	3071	4095	3124	3074	3922
3327	3071	4095	3342	3073	3920
3583	3071	4095	3557	3074	3918
3839	3071	4095	3777	3072	3914
4095	3071	4095	3985	3070	3914
0	3327	4095	506	3336	3948
256	3327	4095	731	3338	3948
512	3327	4095	948	3338	3946
768	3327	4095	1170	3335	3946
1024	3327	4095	1392	3332	3940
1280	3327	4095	1607	3331	3938
1536	3327	4095	1824	3331	3939
1792	3327	4095	2043	3333	3940
2048	3327	4095	2282	3334	3938
2303	3327	4095	2502	3336	3938
2559	3327	4095	2714	3331	3933
2815	3327	4095	2934	3328	3932
3071	3327	4095	3155	3328	3926
3327	3327	4095	3368	3322	3922
3583	3327	4095	3582	3322	3922
3839	3327	4095	3804	3320	3920
4095	3327	4095	4015	3322	3919
0	3583	4095	534	3580	3954
256	3583	4095	755	3579	3952
512	3583	4095	974	3581	3954
768	3583	4095	1198	3580	3950
1024	3583	4095	1417	3577	3944
1280	3583	4095	1632	3576	3943
1536	3583	4095	1852	3578	3942
1792	3583	4095	2070	3577	3944
2048	3583	4095	2310	3576	3943
2303	3583	4095	2524	3576	3944
2559	3583	4095	2740	3574	3944
2815	3583	4095	2958	3569	3934
3071	3583	4095	3178	3566	3935
3327	3583	4095	3396	3566	3929
3583	3583	4095	3615	3568	3929
3839	3583	4095	3835	3564	3927
4095	3583	4095	4042	3564	3924
0	3839	4095	560	3836	3958
256	3839	4095	781	3832	3956
512	3839	4095	999	3832	3955
768	3839	4095	1224	3830	3955
1024	3839	4095	1443	3829	3952
1280	3839	4095	1659	3827	3948
1536	3839	4095	1876	3826	3950
1792	3839	4095	2100	3830	3950
2048	3839	4095	2341	3831	3949
2303	3839	4095	2551	3830	3948
2559	3839	4095	2770	3829	3947
2815	3839	4095	2988	3824	3942
3071	3839	4095	3208	3821	3936
3327	3839	4095	3426	3821	3936
3583	3839	4095	3642	3818	3937
3839	3839	4095	3860	3814	3931
4095	3839	4095	4073	3820	3932
0	4095	4095	586	4082	3967
256	4095	4095	808	4080	3962
512	4095	4095	1026	4082	3964
768	4095	4095	1252	4079	3962
1024	4095	4095	1470	4076	3958
1280	4095	4095	1687	4076	3956
1536	4095	4095	1906	4076	3954
1792	4095	4095	2130	4075	3955
2048	4095	4095	2368	4078	3956
2303	4095	4095	2580	4076	3956
2559	4095	4095	2794	4070	3952
2815	4095	4095	3016	4068	3951
3071	4095	4095	3236	4068	3945
3327	4095	4095	3453	4066	3944
3583	4095	4095	3671	4064	3942
3839	4095	4095	3890	4062	3939
4095	4095	4095	4092	4064	3955
