0	0	0	0	0	0
256	0	0	228	1	0
512	0	0	450	2	0
768	0	0	666	3	0
1024	0	0	878	4	0
1280	0	0	1093	5	0
1536	0	0	1310	5	0
1792	0	0	1514	7	0
2048	0	0	1726	7	0
2303	0	0	1938	8	0
2559	0	0	2168	10	0
2815	0	0	2385	10	0
3071	0	0	2592	11	0
3327	0	0	2803	12	0
3583	0	0	3015	12	0
3839	0	0	3224	14	0
4095	0	0	3438	15	0
0	256	0	25	251	1
256	256	0	250	253	1
512	256	0	474	255	1
768	256	0	691	256	1
1024	256	0	903	258	1
1280	256	0	1117	258	1
1536	256	0	1331	258	1
1792	256	0	1539	258	1
2048	256	0	1752	260	1
2303	256	0	1964	261	1
2559	256	0	2197	262	1
2815	256	0	2412	264	1
3071	256	0	2617	263	1
3327	256	0	2828	263	0
3583	256	0	3042	264	0
3839	256	0	3252	264	0
4095	256	0	3466	265	0
0	512	0	50	501	3
256	512	0	276	502	3
512	512	0	499	503	3
768	512	0	714	504	3
1024	512	0	925	503	2
1280	512	0	1142	504	2
1536	512	0	1357	504	2
1792	512	0	1567	505	2
2048	512	0	1780	506	2
2303	512	0	1990	506	2
2559	512	0	2222	507	2
2815	512	0	2430	506	2
3071	512	0	2640	507	2
3327	512	0	2854	507	2
3583	512	0	3066	507	2
3839	512	0	3279	507	2
4095	512	0	3486	506	2
0	768	0	76	750	4
256	768	0	301	751	4
512	768	0	524	752	4
768	768	0	740	753	4
1024	768	0	950	754	4
1280	768	0	1169	754	4
1536	768	0	1381	753	4
1792	768	0	1590	752	4
2048	768	0	1802	752	4
2303	768	0	2019	755	3
2559	768	0	2250	754	3
2815	768	0	2456	754	3
3071	768	0	2664	752	3
3327	768	0	2878	753	3
3583	768	0	3095	755	3
3839	768	0	3310	756	3
4095	768	0	3519	755	3
0	1024	0	101	998	5
256	1024	0	326	998	5
512	1024	0	548	998	5
768	1024	0	763	1000	5
1024	1024	0	976	1002	5
1280	1024	0	1194	1000	5
1536	1024	0	1405	1000	5
1792	1024	0	1616	999	5
2048	1024	0	1828	1000	5
2303	1024	0	2043	1000	5
2559	1024	0	2274	1000	5
2815	1024	0	2485	1003	5
3071	1024	0	2695	1001	5
3327	1024	0	2906	1000	5
3583	1024	0	3119	999	5
3839	1024	0	3334	1000	4
4095	1024	0	3549	1000	4
0	1280	0	126	1250	7
256	1280	0	350	1250	7
512	1280	0	573	1252	8
768	1280	0	788	1252	7
1024	1280	0	998	1251	7
1280	1280	0	1221	1252	7
1536	1280	0	1430	1249	6
1792	1280	0	1640	1249	6
2048	1280	0	1851	1249	6
2303	1280	0	2070	1250	6
2559	1280	0	2300	1251	6
2815	1280	0	2505	1251	6
3071	1280	0	2718	1250	6
3327	1280	0	2936	1251	6
3583	1280	0	3146	1248	6
3839	1280	0	3358	1248	6
4095	1280	0	3573	1248	6
0	1536	0	152	1495	8
256	1536	0	376	1495	8
512	1536	0	597	1496	8
768	1536	0	812	1494	8
1024	1536	0	1025	1498	8
1280	1536	0	1247	1495	8
1536	1536	0	1456	1493	8
1792	1536	0	1666	1492	8
2048	1536	0	1880	1494	8
2303	1536	0	2102	1495	8
2559	1536	0	2329	1496	8
2815	1536	0	2535	1496	7
3071	1536	0	2748	1494	7
3327	1536	0	2963	1492	7
3583	1536	0	3176	1491	7
3839	1536	0	3392	1492	7
4095	1536	0	3606	1492	7
0	1792	0	178	1743	11
256	1792	0	403	1743	11
512	1792	0	624	1742	9
768	1792	0	837	1740	9
1024	1792	0	1051	1741	9
1280	1792	0	1275	1740	9
1536	1792	0	1482	1739	9
1792	1792	0	1696	1740	9
2048	1792	0	1910	1740	9
2303	1792	0	2134	1742	9
2559	1792	0	2357	1741	9
2815	1792	0	2563	1740	9
3071	1792	0	2779	1739	9
3327	1792	0	2988	1734	9
3583	1792	0	3206	1736	9
3839	1792	0	3424	1738	9
4095	1792	0	3640	1738	8
0	2048	0	204	1988	12
256	2048	0	429	1987	12
512	2048	0	650	1987	12
768	2048	0	863	1985	12
1024	2048	0	1079	1986	12
1280	2048	0	1300	1984	11
1536	2048	0	1510	1985	11
1792	2048	0	1725	1985	10
2048	2048	0	1940	1985	10
2303	2048	0	2164	1985	10
2559	2048	0	2384	1984	10
2815	2048	0	2595	1984	10
3071	2048	0	2809	1982	10
3327	2048	0	3021	1979	10
3583	2048	0	3240	1981	10
3839	2048	0	3452	1980	10
4095	2048	0	3668	1980	10
0	2303	0	228	2246	13
256	2303	0	454	2248	13
512	2303	0	674	2249	13
768	2303	0	888	2250	13
1024	2303	0	1104	2246	13
1280	2303	0	1324	2244	13
1536	2303	0	1533	2244	13
1792	2303	0	1748	2244	12
2048	2303	0	1962	2243	12
2303	2303	0	2193	2246	13
2559	2303	0	2412	2248	13
2815	2303	0	2623	2246	12
3071	2303	0	2835	2243	11
3327	2303	0	3050	2241	12
3583	2303	0	3263	2236	12
3839	2303	0	3482	2239	12
4095	2303	0	3699	2240	12
0	2559	0	256	2504	15
256	2559	0	482	2503	15
512	2559	0	701	2502	15
768	2559	0	914	2500	14
1024	2559	0	1132	2499	14
1280	2559	0	1351	2497	14
1536	2559	0	1559	2492	14
1792	2559	0	1774	2492	14
2048	2559	0	1988	2490	14
2303	2559	0	2223	2494	14
2559	2559	0	2438	2494	14
2815	2559	0	2649	2492	13
3071	2559	0	2864	2489	13
3327	2559	0	3080	2488	13
3583	2559	0	3292	2484	13
3839	2559	0	3512	2488	13
4095	2559	0	3728	2486	13
0	2815	0	281	2748	16
256	2815	0	507	2746	16
512	2815	0	725	2745	16
768	2815	0	940	2748	16
1024	2815	0	1159	2745	16
1280	2815	0	1375	2740	16
1536	2815	0	1587	2740	16
1792	2815	0	1802	2740	16
2048	2815	0	2018	2742	16
2303	2815	0	2254	2742	15
2559	2815	0	2467	2743	15
2815	2815	0	2681	2740	15
3071	2815	0	2896	2737	15
3327	2815	0	3112	2736	15
3583	2815	0	3329	2736	14
3839	2815	0	3543	2736	14
4095	2815	0	3758	2733	14
0	3071	0	307	2997	17
256	3071	0	533	2994	17
512	3071	0	751	2993	17
768	3071	0	964	2996	17
1024	3071	0	1184	2991	17
1280	3071	0	1401	2988	17
1536	3071	0	1613	2988	17
1792	3071	0	1828	2988	17
2048	3071	0	2046	2990	17
2303	3071	0	2282	2990	17
2559	3071	0	2492	2990	17
2815	3071	0	2707	2988	17
3071	3071	0	2925	2987	17
3327	3071	0	3140	2985	17
3583	3071	0	3353	2981	16
3839	3071	0	3571	2982	16
4095	3071	0	3787	2981	16
0	3327	0	333	3248	19
256	3327	0	558	3246	19
512	3327	0	776	3246	19
768	3327	0	988	3244	19
1024	3327	0	1212	3241	19
1280	3327	0	1426	3239	18
1536	3327	0	1640	3238	18
1792	3327	0	1855	3238	18
2048	3327	0	2076	3240	18
2303	3327	0	2313	3244	18
2559	3327	0	2519	3242	18
2815	3327	0	2737	3240	18
3071	3327	0	2953	3236	18
3327	3327	0	3168	3234	18
3583	3327	0	3384	3232	18
3839	3327	0	3600	3232	18
4095	3327	0	3813	3229	18
0	3583	0	358	3497	20
256	3583	0	584	3496	20
512	3583	0	802	3492	20
768	3583	0	1015	3492	20
1024	3583	0	1241	3489	20
1280	3583	0	1452	3484	20
1536	3583	0	1665	3480	20
1792	3583	0	1881	3481	20
2048	3583	0	2105	3484	20
2303	3583	0	2338	3486	20
2559	3583	0	2546	3488	19
2815	3583	0	2764	3483	19
3071	3583	0	2980	3480	19
3327	3583	0	3195	3475	19
3583	3583	0	3410	3472	19
3839	3583	0	3626	3471	19
4095	3583	0	3840	3470	19
0	3839	0	384	3742	22
256	3839	0	609	3740	21
512	3839	0	828	3740	21
768	3839	0	1042	3741	21
1024	3839	0	1267	3735	21
1280	3839	0	1479	3732	21
1536	3839	0	1692	3730	21
1792	3839	0	1909	3730	21
2048	3839	0	2136	3733	21
2303	3839	0	2368	3739	21
2559	3839	0	2578	3738	21
2815	3839	0	2792	3729	21
3071	3839	0	3012	3730	21
3327	3839	0	3226	3725	21
3583	3839	0	3440	3721	21
3839	3839	0	3658	3720	21
4095	3839	0	3872	3720	20
0	4095	0	412	3987	23
256	4095	0	636	3986	23
512	4095	0	854	3984	23
768	4095	0	1069	3983	23
1024	4095	0	1296	3982	23
1280	4095	0	1507	3980	23
1536	4095	0	1723	3980	23
1792	4095	0	1939	3979	22
2048	4095	0	2168	3979	22
2303	4095	0	2393	3980	22
2559	4095	0	2606	3980	22
2815	4095	0	2822	3974	22
3071	4095	0	3038	3968	22
3327	4095	0	3255	3966	22
3583	4095	0	3468	3961	22
3839	4095	0	3687	3961	22
4095	4095	0	3900	3961	22
0	0	256	10	4	247
256	0	256	236	4	247
512	0	256	458	6	248
768	0	256	676	7	249
1024	0	256	888	7	249
1280	0	256	1102	9	249
1536	0	256	1321	9	249
1792	0	256	1524	10	248
2048	0	256	1733	10	248
2303	0	256	1943	12	248
2559	0	256	2175	13	248
2815	0	256	2392	14	248
3071	0	256	2600	14	247
3327	0	256	2813	15	247
3583	0	256	3025	16	246
3839	0	256	3236	17	246
4095	0	256	3446	18	246
0	256	256	35	255	248
256	256	256	262	257	249
512	256	256	486	260	250
768	256	256	702	260	250
1024	256	256	912	262	253
1280	256	256	1128	262	253
1536	256	256	1345	263	251
1792	256	256	1549	262	252
2048	256	256	1760	263	252
2303	256	256	1972	264	252
2559	256	256	2205	265	252
2815	256	256	2418	266	251
3071	256	256	2630	266	252
3327	256	256	2844	267	250
3583	256	256	3054	266	250
3839	256	256	3264	267	250
4095	256	256	3479	267	250
0	512	256	60	504	256
256	512	256	285	506	256
512	512	256	508	506	256
768	512	256	724	507	256
1024	512	256	933	507	255
1280	512	256	1152	508	255
1536	512	256	1367	508	255
1792	512	256	1575	508	253
2048	512	256	1788	509	252
2303	512	256	2000	510	252
2559	512	256	2232	510	253
2815	512	256	2440	510	253
3071	512	256	2656	510	253
3327	512	256	2868	510	252
3583	512	256	3078	510	252
3839	512	256	3296	510	252
4095	512	256	3516	513	252
0	768	256	86	754	258
256	768	256	311	756	257
512	768	256	535	758	257
768	768	256	750	757	257
1024	768	256	960	758	257
1280	768	256	1180	758	256
1536	768	256	1392	757	256
1792	768	256	1600	756	256
2048	768	256	1811	756	256
2303	768	256	2028	758	256
2559	768	256	2263	759	256
2815	768	256	2466	758	255
3071	768	256	2682	758	255
3327	768	256	2896	758	255
3583	768	256	3110	758	253
3839	768	256	3326	758	253
4095	768	256	3534	757	254
0	1024	256	111	1003	260
256	1024	256	335	1004	261
512	1024	256	558	1004	261
768	1024	256	772	1003	260
1024	1024	256	984	1006	260
1280	1024	256	1204	1004	259
1536	1024	256	1414	1004	258
1792	1024	256	1626	1004	257
2048	1024	256	1838	1004	257
2303	1024	256	2056	1004	258
2559	1024	256	2291	1007	258
2815	1024	256	2494	1005	258
3071	1024	256	2707	1004	257
3327	1024	256	2921	1003	257
3583	1024	256	3135	1003	256
3839	1024	256	3349	1003	256
4095	1024	256	3564	1004	255
0	1280	256	136	1256	262
256	1280	256	360	1256	262
512	1280	256	582	1256	262
768	1280	256	797	1255	261
1024	1280	256	1009	1258	261
1280	1280	256	1230	1256	262
1536	1280	256	1441	1255	260
1792	1280	256	1650	1254	260
2048	1280	256	1864	1256	260
2303	1280	256	2087	1257	260
2559	1280	256	2313	1255	260
2815	1280	256	2521	1257	259
3071	1280	256	2737	1256	259
3327	1280	256	2952	1255	258
3583	1280	256	3170	1257	258
3839	1280	256	3379	1254	257
4095	1280	256	3588	1252	257
0	1536	256	161	1500	265
256	1536	256	385	1500	264
512	1536	256	607	1500	264
768	1536	256	822	1501	264
1024	1536	256	1034	1503	264
1280	1536	256	1258	1500	263
1536	1536	256	1465	1498	263
1792	1536	256	1678	1498	262
2048	1536	256	1890	1498	262
2303	1536	256	2114	1498	262
2559	1536	256	2342	1501	263
2815	1536	256	2548	1500	263
3071	1536	256	2761	1497	261
3327	1536	256	2977	1497	261
3583	1536	256	3193	1497	261
3839	1536	256	3410	1498	260
4095	1536	256	3626	1498	259
0	1792	256	187	1748	267
256	1792	256	412	1746	267
512	1792	256	632	1746	266
768	1792	256	847	1747	266
1024	1792	256	1061	1747	266
1280	1792	256	1283	1745	266
1536	1792	256	1492	1744	265
1792	1792	256	1706	1745	265
2048	1792	256	1919	1744	265
2303	1792	256	2144	1745	264
2559	1792	256	2367	1746	264
2815	1792	256	2577	1745	264
3071	1792	256	2791	1742	264
3327	1792	256	3004	1740	263
3583	1792	256	3222	1741	263
3839	1792	256	3441	1742	264
4095	1792	256	3654	1742	263
0	2048	256	212	1994	269
256	2048	256	438	1993	269
512	2048	256	659	1992	268
768	2048	256	873	1992	269
1024	2048	256	1089	1993	269
1280	2048	256	1310	1990	268
1536	2048	256	1518	1987	267
1792	2048	256	1733	1987	267
2048	2048	256	1948	1989	268
2303	2048	256	2176	1989	268
2559	2048	256	2395	1988	266
2815	2048	256	2609	1990	268
3071	2048	256	2828	1991	267
3327	2048	256	3038	1985	266
3583	2048	256	3257	1986	266
3839	2048	256	3470	1985	265
4095	2048	256	3682	1981	265
0	2303	256	237	2254	272
256	2303	256	463	2254	272
512	2303	256	683	2254	271
768	2303	256	898	2254	270
1024	2303	256	1115	2253	270
1280	2303	256	1333	2250	269
1536	2303	256	1540	2246	269
1792	2303	256	1756	2247	269
2048	2303	256	1971	2247	269
2303	2303	256	2204	2248	269
2559	2303	256	2423	2252	269
2815	2303	256	2634	2249	268
3071	2303	256	2848	2246	267
3327	2303	256	3068	2249	268
3583	2303	256	3281	2245	268
3839	2303	256	3495	2244	267
4095	2303	256	3712	2244	267
0	2559	256	264	2505	273
256	2559	256	491	2505	272
512	2559	256	710	2505	272
768	2559	256	923	2503	272
1024	2559	256	1142	2501	272
1280	2559	256	1360	2499	271
1536	2559	256	1570	2498	271
1792	2559	256	1782	2496	270
2048	2559	256	2002	2499	270
2303	2559	256	2237	2502	270
2559	2559	256	2452	2502	270
2815	2559	256	2664	2500	270
3071	2559	256	2879	2497	270
3327	2559	256	3096	2498	270
3583	2559	256	3313	2496	269
3839	2559	256	3523	2492	269
4095	2559	256	3738	2490	268
0	2815	256	291	2751	274
256	2815	256	518	2750	274
512	2815	256	735	2749	274
768	2815	256	950	2751	274
1024	2815	256	1170	2748	273
1280	2815	256	1385	2744	272
1536	2815	256	1597	2744	272
1792	2815	256	1814	2747	273
2048	2815	256	2032	2749	273
2303	2815	256	2266	2747	273
2559	2815	256	2477	2748	272
2815	2815	256	2693	2746	273
3071	2815	256	2909	2744	272
3327	2815	256	3122	2740	270
3583	2815	256	3340	2740	270
3839	2815	256	3556	2741	270
4095	2815	256	3770	2738	270
0	3071	256	317	3002	276
256	3071	256	542	2997	276
512	3071	256	762	3000	276
768	3071	256	974	3000	276
1024	3071	256	1196	2998	275
1280	3071	256	1410	2992	274
1536	3071	256	1621	2990	274
1792	3071	256	1838	2992	273
2048	3071	256	2056	2992	274
2303	3071	256	2290	2991	274
2559	3071	256	2502	2995	274
2815	3071	256	2718	2992	273
3071	3071	256	2934	2991	273
3327	3071	256	3149	2988	273
3583	3071	256	3363	2985	272
3839	3071	256	3579	2984	272
4095	3071	256	3795	2982	272
0	3327	256	342	3250	278
256	3327	256	568	3248	278
512	3327	256	787	3252	278
768	3327	256	1000	3251	278
1024	3327	256	1223	3247	278
1280	3327	256	1435	3242	277
1536	3327	256	1651	3244	277
1792	3327	256	1867	3246	278
2048	3327	256	2086	3242	276
2303	3327	256	2318	3242	275
2559	3327	256	2525	3242	275
2815	3327	256	2745	3241	276
3071	3327	256	2962	3239	275
3327	3327	256	3176	3236	274
3583	3327	256	3392	3234	274
3839	3327	256	3609	3234	274
4095	3327	256	3820	3230	273
0	3583	256	368	3497	280
256	3583	256	594	3496	280
512	3583	256	811	3494	280
768	3583	256	1025	3496	280
1024	3583	256	1249	3490	279
1280	3583	256	1462	3488	279
1536	3583	256	1676	3485	278
1792	3583	256	1891	3484	278
2048	3583	256	2116	3487	279
2303	3583	256	2348	3491	279
2559	3583	256	2555	3489	278
2815	3583	256	2772	3483	278
3071	3583	256	2987	3479	278
3327	3583	256	3202	3476	277
3583	3583	256	3418	3475	276
3839	3583	256	3635	3474	275
4095	3583	256	3848	3472	275
0	3839	256	394	3743	282
256	3839	256	619	3742	282
512	3839	256	836	3742	282
768	3839	256	1051	3741	282
1024	3839	256	1277	3736	282
1280	3839	256	1488	3736	281
1536	3839	256	1702	3731	280
1792	3839	256	1919	3732	280
2048	3839	256	2149	3739	281
2303	3839	256	2378	3743	281
2559	3839	256	2586	3738	280
2815	3839	256	2801	3732	280
3071	3839	256	3016	3726	279
3327	3839	256	3231	3722	278
3583	3839	256	3448	3721	278
3839	3839	256	3665	3720	278
4095	3839	256	3879	3721	278
0	4095	256	421	3987	285
256	4095	256	645	3988	284
512	4095	256	863	3989	284
768	4095	256	1081	3989	284
1024	4095	256	1304	3980	283
1280	4095	256	1518	3984	284
1536	4095	256	1732	3980	283
1792	4095	256	1948	3979	283
2048	4095	256	2178	3982	283
2303	4095	256	2403	3982	283
2559	4095	256	2614	3980	283
2815	4095	256	2831	3974	282
3071	4095	256	3046	3970	281
3327	4095	256	3264	3968	281
3583	4095	256	3480	3966	280
3839	4095	256	3696	3962	280
4095	4095	256	3906	3962	280
0	0	512	21	8	495
256	0	512	248	9	495
512	0	512	470	10	494
768	0	512	686	11	494
1024	0	512	898	12	496
1280	0	512	1112	13	493
1536	0	512	1329	13	494
1792	0	512	1536	14	492
2048	0	512	1745	14	492
2303	0	512	1956	16	492
2559	0	512	2186	16	492
2815	0	512	2400	18	492
3071	0	512	2611	18	491
3327	0	512	2824	19	490
3583	0	512	3035	20	489
3839	0	512	3250	21	489
4095	0	512	3462	22	489
0	256	512	46	260	499
256	256	512	272	262	499
512	256	512	495	264	499
768	256	512	711	264	498
1024	256	512	922	266	498
1280	256	512	1139	266	497
1536	256	512	1354	266	496
1792	256	512	1561	266	496
2048	256	512	1772	267	494
2303	256	512	1982	268	494
2559	256	512	2216	269	494
2815	256	512	2424	270	493
3071	256	512	2638	270	494
3327	256	512	2852	271	492
3583	256	512	3063	270	492
3839	256	512	3281	272	492
4095	256	512	3498	272	492
0	512	512	71	508	501
256	512	512	296	510	500
512	512	512	520	511	500
768	512	512	734	512	500
1024	512	512	943	511	499
1280	512	512	1163	512	500
1536	512	512	1376	512	498
1792	512	512	1583	512	497
2048	512	512	1795	512	497
2303	512	512	2008	513	497
2559	512	512	2245	516	498
2815	512	512	2453	516	498
3071	512	512	2665	514	496
3327	512	512	2878	514	494
3583	512	512	3090	514	493
3839	512	512	3303	514	494
4095	512	512	3524	517	494
0	768	512	96	760	502
256	768	512	320	759	503
512	768	512	544	761	502
768	768	512	758	760	502
1024	768	512	970	762	502
1280	768	512	1189	761	500
1536	768	512	1401	761	501
1792	768	512	1611	761	499
2048	768	512	1823	761	498
2303	768	512	2039	762	498
2559	768	512	2277	764	499
2815	768	512	2480	764	499
3071	768	512	2694	762	499
3327	768	512	2908	763	497
3583	768	512	3120	762	497
3839	768	512	3334	762	495
4095	768	512	3551	764	496
0	1024	512	121	1009	506
256	1024	512	346	1010	505
512	1024	512	568	1009	505
768	1024	512	783	1010	504
1024	1024	512	995	1011	504
1280	1024	512	1216	1010	505
1536	1024	512	1428	1011	503
1792	1024	512	1638	1010	502
2048	1024	512	1849	1009	502
2303	1024	512	2067	1009	501
2559	1024	512	2298	1010	502
2815	1024	512	2503	1010	502
3071	1024	512	2723	1011	501
3327	1024	512	2938	1010	500
3583	1024	512	3154	1011	500
3839	1024	512	3363	1010	498
4095	1024	512	3572	1007	498
0	1280	512	146	1260	508
256	1280	512	370	1260	508
512	1280	512	592	1260	507
768	1280	512	806	1260	507
1024	1280	512	1019	1263	506
1280	1280	512	1240	1260	506
1536	1280	512	1450	1259	505
1792	1280	512	1662	1260	505
2048	1280	512	1876	1260	504
2303	1280	512	2098	1262	504
2559	1280	512	2327	1262	504
2815	1280	512	2534	1264	503
3071	1280	512	2745	1258	503
3327	1280	512	2961	1258	503
3583	1280	512	3174	1258	502
3839	1280	512	3390	1258	501
4095	1280	512	3608	1260	498
0	1536	512	172	1505	512
256	1536	512	396	1505	510
512	1536	512	618	1505	509
768	1536	512	832	1507	509
1024	1536	512	1044	1505	511
1280	1536	512	1268	1504	509
1536	1536	512	1478	1505	506
1792	1536	512	1690	1505	506
2048	1536	512	1904	1506	507
2303	1536	512	2128	1505	506
2559	1536	512	2350	1504	507
2815	1536	512	2558	1503	507
3071	1536	512	2778	1506	504
3327	1536	512	2993	1505	504
3583	1536	512	3206	1503	504
3839	1536	512	3420	1502	503
4095	1536	512	3634	1501	504
0	1792	512	197	1753	514
256	1792	512	422	1753	513
512	1792	512	644	1754	512
768	1792	512	858	1754	513
1024	1792	512	1070	1750	511
1280	1792	512	1294	1750	511
1536	1792	512	1502	1749	511
1792	1792	512	1715	1748	511
2048	1792	512	1931	1750	510
2303	1792	512	2159	1752	510
2559	1792	512	2380	1752	508
2815	1792	512	2591	1752	508
3071	1792	512	2807	1751	508
3327	1792	512	3027	1752	508
3583	1792	512	3234	1746	507
3839	1792	512	3448	1745	506
4095	1792	512	3664	1745	505
0	2048	512	223	2000	518
256	2048	512	448	2000	517
512	2048	512	669	1998	516
768	2048	512	883	1996	516
1024	2048	512	1099	1996	514
1280	2048	512	1320	1994	513
1536	2048	512	1527	1990	512
1792	2048	512	1742	1991	512
2048	2048	512	1957	1992	512
2303	2048	512	2189	1994	513
2559	2048	512	2409	1995	512
2815	2048	512	2618	1994	513
3071	2048	512	2832	1990	512
3327	2048	512	3046	1988	512
3583	2048	512	3264	1988	512
3839	2048	512	3478	1988	509
4095	2048	512	3695	1988	508
0	2303	512	248	2259	520
256	2303	512	473	2258	521
512	2303	512	693	2258	519
768	2303	512	908	2260	518
1024	2303	512	1126	2259	518
1280	2303	512	1345	2256	517
1536	2303	512	1556	2255	515
1792	2303	512	1770	2255	514
2048	2303	512	1988	2258	515
2303	2303	512	2217	2256	515
2559	2303	512	2431	2254	516
2815	2303	512	2644	2253	515
3071	2303	512	2862	2254	513
3327	2303	512	3078	2253	512
3583	2303	512	3297	2254	512
3839	2303	512	3508	2250	512
4095	2303	512	3727	2251	512
0	2559	512	275	2511	521
256	2559	512	502	2511	522
512	2559	512	720	2509	521
768	2559	512	934	2509	520
1024	2559	512	1154	2507	520
1280	2559	512	1371	2503	519
1536	2559	512	1582	2504	519
1792	2559	512	1798	2506	519
2048	2559	512	2015	2508	519
2303	2559	512	2248	2506	519
2559	2559	512	2460	2505	517
2815	2559	512	2676	2505	517
3071	2559	512	2892	2503	516
3327	2559	512	3106	2501	516
3583	2559	512	3320	2497	516
3839	2559	512	3540	2500	515
4095	2559	512	3753	2498	515
0	2815	512	302	2758	525
256	2815	512	529	2758	524
512	2815	512	746	2756	523
768	2815	512	959	2756	522
1024	2815	512	1181	2754	522
1280	2815	512	1396	2750	521
1536	2815	512	1607	2748	520
1792	2815	512	1822	2748	519
2048	2815	512	2040	2750	520
2303	2815	512	2281	2756	522
2559	2815	512	2488	2752	521
2815	2815	512	2703	2750	519
3071	2815	512	2920	2749	519
3327	2815	512	3136	2747	518
3583	2815	512	3351	2746	518
3839	2815	512	3566	2745	518
4095	2815	512	3780	2741	517
0	3071	512	327	3008	526
256	3071	512	554	3008	526
512	3071	512	772	3004	525
768	3071	512	985	3007	526
1024	3071	512	1207	3002	524
1280	3071	512	1423	3001	524
1536	3071	512	1637	3002	524
1792	3071	512	1852	3003	524
2048	3071	512	2072	3002	523
2303	3071	512	2307	3002	522
2559	3071	512	2515	3002	522
2815	3071	512	2732	3001	522
3071	3071	512	2946	2995	520
3327	3071	512	3164	2995	520
3583	3071	512	3380	2994	520
3839	3071	512	3592	2990	519
4095	3071	512	3806	2987	518
0	3327	512	354	3260	528
256	3327	512	579	3258	528
512	3327	512	796	3256	528
768	3327	512	1010	3255	526
1024	3327	512	1234	3252	526
1280	3327	512	1448	3251	526
1536	3327	512	1662	3251	525
1792	3327	512	1876	3248	524
2048	3327	512	2099	3248	524
2303	3327	512	2334	3254	526
2559	3327	512	2542	3254	526
2815	3327	512	2759	3249	524
3071	3327	512	2976	3247	524
3327	3327	512	3190	3243	523
3583	3327	512	3404	3240	522
3839	3327	512	3622	3240	521
4095	3327	512	3837	3240	521
0	3583	512	379	3507	531
256	3583	512	604	3504	530
512	3583	512	822	3502	530
768	3583	512	1038	3506	532
1024	3583	512	1263	3499	530
1280	3583	512	1474	3495	528
1536	3583	512	1688	3494	528
1792	3583	512	1904	3494	527
2048	3583	512	2130	3495	528
2303	3583	512	2361	3498	528
2559	3583	512	2570	3498	528
2815	3583	512	2786	3491	526
3071	3583	512	2999	3485	525
3327	3583	512	3216	3483	524
3583	3583	512	3433	3483	524
3839	3583	512	3651	3483	524
4095	3583	512	3864	3483	524
0	3839	512	405	3752	533
256	3839	512	630	3750	532
512	3839	512	847	3750	532
768	3839	512	1064	3752	532
1024	3839	512	1291	3750	532
1280	3839	512	1499	3742	531
1536	3839	512	1717	3744	531
1792	3839	512	1935	3745	532
2048	3839	512	2162	3745	531
2303	3839	512	2386	3743	530
2559	3839	512	2597	3742	529
2815	3839	512	2816	3740	529
3071	3839	512	3028	3732	528
3327	3839	512	3245	3730	526
3583	3839	512	3464	3730	527
3839	3839	512	3680	3729	526
4095	3839	512	3889	3726	526
0	4095	512	432	3994	536
256	4095	512	656	3995	535
512	4095	512	874	3996	536
768	4095	512	1093	3998	536
1024	4095	512	1317	3993	535
1280	4095	512	1527	3988	534
1536	4095	512	1744	3987	533
1792	4095	512	1960	3985	532
2048	4095	512	2190	3986	533
2303	4095	512	2413	3986	532
2559	4095	512	2624	3984	532
2815	4095	512	2842	3978	531
3071	4095	512	3059	3976	531
3327	4095	512	3276	3973	530
3583	4095	512	3490	3969	529
3839	4095	512	3707	3967	529
4095	4095	512	3919	3970	528
0	0	768	31	12	738
256	0	768	258	13	736
512	0	768	481	14	737
768	0	768	696	15	735
1024	0	768	908	16	738
1280	0	768	1124	17	735
1536	0	768	1340	17	734
1792	0	768	1547	18	733
2048	0	768	1759	18	733
2303	0	768	1970	20	733
2559	0	768	2204	20	734
2815	0	768	2417	22	733
3071	0	768	2629	22	734
3327	0	768	2845	23	732
3583	0	768	3058	24	730
3839	0	768	3267	25	728
4095	0	768	3474	26	728
0	256	768	56	264	741
256	256	768	282	266	740
512	256	768	505	268	740
768	256	768	722	269	741
1024	256	768	933	270	740
1280	256	768	1149	270	736
1536	256	768	1363	271	737
1792	256	768	1574	271	736
2048	256	768	1784	272	737
2303	256	768	1998	273	737
2559	256	768	2231	273	736
2815	256	768	2442	274	738
3071	256	768	2653	275	734
3327	256	768	2866	275	732
3583	256	768	3079	275	732
3839	256	768	3294	276	732
4095	256	768	3510	276	730
0	512	768	82	514	744
256	512	768	306	516	744
512	512	768	530	516	743
768	512	768	745	517	742
1024	512	768	955	518	742
1280	512	768	1175	518	741
1536	512	768	1389	518	741
1792	512	768	1600	518	740
2048	512	768	1813	519	740
2303	512	768	2027	520	740
2559	512	768	2260	520	740
2815	512	768	2468	521	740
3071	512	768	2684	522	740
3327	512	768	2898	522	737
3583	512	768	3112	522	738
3839	512	768	3324	521	733
4095	512	768	3530	520	734
0	768	768	106	764	747
256	768	768	331	765	746
512	768	768	555	766	745
768	768	768	772	767	744
1024	768	768	981	767	744
1280	768	768	1204	768	744
1536	768	768	1413	767	742
1792	768	768	1624	766	742
2048	768	768	1838	767	741
2303	768	768	2056	768	740
2559	768	768	2290	770	741
2815	768	768	2494	770	741
3071	768	768	2709	769	740
3327	768	768	2925	769	741
3583	768	768	3141	769	739
3839	768	768	3354	769	738
4095	768	768	3567	769	739
0	1024	768	132	1013	748
256	1024	768	356	1014	748
512	1024	768	579	1014	748
768	1024	768	796	1016	748
1024	1024	768	1007	1017	748
1280	1024	768	1228	1016	747
1536	1024	768	1438	1015	746
1792	1024	768	1651	1016	743
2048	1024	768	1864	1016	744
2303	1024	768	2084	1016	744
2559	1024	768	2315	1018	744
2815	1024	768	2526	1020	744
3071	1024	768	2734	1016	744
3327	1024	768	2954	1016	743
3583	1024	768	3168	1016	742
3839	1024	768	3382	1015	740
4095	1024	768	3597	1016	739
0	1280	768	157	1266	751
256	1280	768	382	1267	751
512	1280	768	604	1268	750
768	1280	768	820	1268	750
1024	1280	768	1030	1268	751
1280	1280	768	1255	1268	750
1536	1280	768	1462	1266	748
1792	1280	768	1674	1265	747
2048	1280	768	1888	1266	747
2303	1280	768	2111	1267	746
2559	1280	768	2338	1267	747
2815	1280	768	2542	1266	748
3071	1280	768	2760	1264	748
3327	1280	768	2976	1264	744
3583	1280	768	3191	1264	744
3839	1280	768	3404	1264	744
4095	1280	768	3620	1264	744
0	1536	768	182	1512	754
256	1536	768	407	1513	754
512	1536	768	628	1511	754
768	1536	768	842	1510	753
1024	1536	768	1058	1513	752
1280	1536	768	1280	1511	751
1536	1536	768	1487	1509	751
1792	1536	768	1701	1509	750
2048	1536	768	1916	1511	748
2303	1536	768	2142	1511	750
2559	1536	768	2368	1513	749
2815	1536	768	2580	1515	748
3071	1536	768	2795	1512	747
3327	1536	768	3008	1511	747
3583	1536	768	3223	1510	746
3839	1536	768	3436	1509	745
4095	1536	768	3650	1507	745
0	1792	768	208	1759	757
256	1792	768	433	1759	756
512	1792	768	653	1758	755
768	1792	768	867	1756	753
1024	1792	768	1083	1758	755
1280	1792	768	1306	1758	753
1536	1792	768	1515	1758	752
1792	1792	768	1728	1756	751
2048	1792	768	1945	1758	752
2303	1792	768	2174	1760	752
2559	1792	768	2396	1760	753
2815	1792	768	2607	1760	754
3071	1792	768	2825	1760	752
3327	1792	768	3033	1753	750
3583	1792	768	3250	1754	750
3839	1792	768	3466	1754	748
4095	1792	768	3679	1752	748
0	2048	768	233	2004	761
256	2048	768	459	2003	760
512	2048	768	680	2004	760
768	2048	768	893	2002	758
1024	2048	768	1110	2001	758
1280	2048	768	1330	2000	757
1536	2048	768	1540	1999	756
1792	2048	768	1759	2003	756
2048	2048	768	1974	2003	756
2303	2048	768	2203	2001	756
2559	2048	768	2420	2000	756
2815	2048	768	2634	2002	756
3071	2048	768	2852	2001	756
3327	2048	768	3065	1998	752
3583	2048	768	3280	1997	752
3839	2048	768	3491	1993	752
4095	2048	768	3710	1994	752
0	2303	768	258	2265	764
256	2303	768	484	2264	763
512	2303	768	704	2267	762
768	2303	768	918	2266	762
1024	2303	768	1137	2264	760
1280	2303	768	1356	2264	760
1536	2303	768	1569	2264	759
1792	2303	768	1781	2261	762
2048	2303	768	1995	2260	762
2303	2303	768	2233	2266	760
2559	2303	768	2449	2266	759
2815	2303	768	2662	2264	758
3071	2303	768	2878	2263	758
3327	2303	768	3092	2260	756
3583	2303	768	3306	2257	756
3839	2303	768	3522	2257	756
4095	2303	768	3737	2256	754
0	2559	768	286	2520	766
256	2559	768	514	2520	766
512	2559	768	731	2518	764
768	2559	768	945	2517	765
1024	2559	768	1166	2516	764
1280	2559	768	1383	2513	763
1536	2559	768	1594	2511	763
1792	2559	768	1808	2508	760
2048	2559	768	2026	2512	760
2303	2559	768	2265	2517	761
2559	2559	768	2477	2516	764
2815	2559	768	2689	2512	762
3071	2559	768	2904	2508	761
3327	2559	768	3120	2507	760
3583	2559	768	3333	2503	758
3839	2559	768	3546	2501	758
4095	2559	768	3766	2503	758
0	2815	768	312	2764	769
256	2815	768	538	2762	769
512	2815	768	757	2761	769
768	2815	768	972	2767	767
1024	2815	768	1194	2765	766
1280	2815	768	1409	2760	765
1536	2815	768	1622	2758	764
1792	2815	768	1838	2761	764
2048	2815	768	2055	2760	764
2303	2815	768	2292	2760	764
2559	2815	768	2502	2760	765
2815	2815	768	2716	2756	764
3071	2815	768	2933	2754	761
3327	2815	768	3148	2752	760
3583	2815	768	3362	2750	758
3839	2815	768	3579	2750	758
4095	2815	768	3792	2746	758
0	3071	768	338	3010	770
256	3071	768	563	3008	768
512	3071	768	781	3010	769
768	3071	768	996	3013	769
1024	3071	768	1218	3008	771
1280	3071	768	1434	3007	768
1536	3071	768	1647	3006	767
1792	3071	768	1860	3004	768
2048	3071	768	2082	3004	767
2303	3071	768	2321	3012	767
2559	3071	768	2528	3011	767
2815	3071	768	2743	3005	767
3071	3071	768	2960	3003	765
3327	3071	768	3176	3001	763
3583	3071	768	3390	2999	762
3839	3071	768	3607	2997	762
4095	3071	768	3818	2994	760
0	3327	768	364	3263	772
256	3327	768	589	3262	771
512	3327	768	807	3260	771
768	3327	768	1020	3262	771
1024	3327	768	1247	3264	770
1280	3327	768	1459	3258	769
1536	3327	768	1674	3259	769
1792	3327	768	1890	3260	767
2048	3327	768	2114	3260	768
2303	3327	768	2346	3260	770
2559	3327	768	2554	3261	769
2815	3327	768	2773	3257	769
3071	3327	768	2988	3252	767
3327	3327	768	3204	3250	767
3583	3327	768	3420	3248	764
3839	3327	768	3634	3246	764
4095	3327	768	3846	3243	763
0	3583	768	390	3510	776
256	3583	768	615	3508	775
512	3583	768	833	3510	774
768	3583	768	1049	3514	775
1024	3583	768	1276	3510	775
1280	3583	768	1486	3505	774
1536	3583	768	1701	3504	772
1792	3583	768	1918	3503	774
2048	3583	768	2143	3504	774
2303	3583	768	2372	3505	772
2559	3583	768	2581	3502	772
2815	3583	768	2797	3497	772
3071	3583	768	3016	3496	770
3327	3583	768	3233	3493	768
3583	3583	768	3446	3490	768
3839	3583	768	3663	3488	767
4095	3583	768	3875	3488	765
0	3839	768	416	3757	779
256	3839	768	640	3755	778
512	3839	768	858	3757	778
768	3839	768	1077	3762	778
1024	3839	768	1301	3754	778
1280	3839	768	1512	3753	778
1536	3839	768	1728	3753	776
1792	3839	768	1944	3750	775
2048	3839	768	2174	3753	775
2303	3839	768	2401	3756	775
2559	3839	768	2613	3754	774
2815	3839	768	2828	3746	772
3071	3839	768	3046	3744	772
3327	3839	768	3261	3740	772
3583	3839	768	3476	3738	771
3839	3839	768	3695	3737	769
4095	3839	768	3908	3738	769
0	4095	768	443	4004	785
256	4095	768	668	4006	785
512	4095	768	884	4003	784
768	4095	768	1103	4001	782
1024	4095	768	1328	4000	783
1280	4095	768	1540	3998	782
1536	4095	768	1759	4000	782
1792	4095	768	1974	3996	780
2048	4095	768	2206	3996	780
2303	4095	768	2428	3997	780
2559	4095	768	2641	3994	779
2815	4095	768	2861	3993	780
3071	4095	768	3077	3988	778
3327	4095	768	3292	3982	777
3583	4095	768	3506	3979	775
3839	4095	768	3726	3979	776
4095	4095	768	3936	3981	775
0	0	1024	42	17	979
256	0	1024	269	17	977
512	0	1024	492	19	977
768	0	1024	709	19	978
1024	0	1024	920	20	978
1280	0	1024	1136	21	976
1536	0	1024	1352	22	975
1792	0	1024	1562	23	975
2048	0	1024	1773	24	973
2303	0	1024	1983	24	973
2559	0	1024	2216	24	973
2815	0	1024	2430	26	974
3071	0	1024	2643	26	973
3327	0	1024	2857	28	971
3583	0	1024	3070	28	970
3839	0	1024	3284	29	970
4095	0	1024	3500	30	970
0	256	1024	67	268	983
256	256	1024	293	271	983
512	256	1024	518	272	982
768	256	1024	732	274	981
1024	256	1024	944	275	982
1280	256	1024	1162	275	978
1536	256	1024	1376	275	978
1792	256	1024	1586	276	976
2048	256	1024	1798	276	977
2303	256	1024	2011	277	977
2559	256	1024	2247	278	977
2815	256	1024	2453	278	976
3071	256	1024	2666	279	975
3327	256	1024	2884	280	975
3583	256	1024	3099	280	973
3839	256	1024	3312	281	973
4095	256	1024	3527	281	973
0	512	1024	92	520	986
256	512	1024	318	521	986
512	512	1024	542	522	986
768	512	1024	758	523	985
1024	512	1024	966	522	984
1280	512	1024	1188	524	984
1536	512	1024	1401	523	981
1792	512	1024	1609	522	979
2048	512	1024	1820	523	978
2303	512	1024	2036	523	980
2559	512	1024	2276	526	980
2815	512	1024	2484	526	982
3071	512	1024	2696	526	978
3327	512	1024	2912	526	979
3583	512	1024	3126	527	976
3839	512	1024	3338	526	976
4095	512	1024	3554	528	976
0	768	1024	117	769	986
256	768	1024	342	770	987
512	768	1024	566	772	987
768	768	1024	780	770	986
1024	768	1024	992	773	986
1280	768	1024	1213	772	985
1536	768	1024	1424	772	984
1792	768	1024	1636	771	983
2048	768	1024	1849	772	983
2303	768	1024	2070	773	988
2559	768	1024	2309	777	987
2815	768	1024	2513	777	987
3071	768	1024	2726	775	983
3327	768	1024	2940	774	981
3583	768	1024	3154	774	980
3839	768	1024	3368	775	978
4095	768	1024	3583	774	979
0	1024	1024	142	1020	991
256	1024	1024	368	1021	989
512	1024	1024	590	1021	990
768	1024	1024	805	1020	988
1024	1024	1024	1015	1019	989
1280	1024	1024	1240	1021	988
1536	1024	1024	1449	1020	985
1792	1024	1024	1661	1020	985
2048	1024	1024	1876	1021	984
2303	1024	1024	2098	1021	984
2559	1024	1024	2325	1022	988
2815	1024	1024	2531	1021	988
3071	1024	1024	2750	1022	988
3327	1024	1024	2962	1020	984
3583	1024	1024	3180	1021	984
3839	1024	1024	3396	1021	981
4095	1024	1024	3610	1020	980
0	1280	1024	167	1272	995
256	1280	1024	392	1271	994
512	1280	1024	614	1272	993
768	1280	1024	830	1273	991
1024	1280	1024	1043	1275	990
1280	1280	1024	1264	1270	990
1536	1280	1024	1475	1273	990
1792	1280	1024	1688	1274	988
2048	1280	1024	1901	1272	988
2303	1280	1024	2126	1274	988
2559	1280	1024	2356	1276	987
2815	1280	1024	2564	1276	986
3071	1280	1024	2776	1272	986
3327	1280	1024	2996	1274	986
3583	1280	1024	3209	1272	983
3839	1280	1024	3422	1271	984
4095	1280	1024	3639	1272	983
0	1536	1024	193	1518	997
256	1536	1024	418	1517	995
512	1536	1024	640	1516	994
768	1536	1024	854	1517	994
1024	1536	1024	1067	1516	996
1280	1536	1024	1291	1516	992
1536	1536	1024	1501	1516	991
1792	1536	1024	1714	1516	993
2048	1536	1024	1926	1515	992
2303	1536	1024	2154	1517	990
2559	1536	1024	2380	1519	994
2815	1536	1024	2589	1518	994
3071	1536	1024	2806	1518	990
3327	1536	1024	3020	1515	990
3583	1536	1024	3236	1515	990
3839	1536	1024	3451	1515	987
4095	1536	1024	3665	1513	986
0	1792	1024	218	1764	1001
256	1792	1024	444	1765	999
512	1792	1024	665	1765	998
768	1792	1024	879	1765	998
1024	1792	1024	1095	1764	996
1280	1792	1024	1316	1763	995
1536	1792	1024	1524	1760	995
1792	1792	1024	1738	1759	995
2048	1792	1024	1956	1762	994
2303	1792	1024	2189	1766	993
2559	1792	1024	2410	1768	995
2815	1792	1024	2620	1766	994
3071	1792	1024	2835	1763	993
3327	1792	1024	3052	1763	990
3583	1792	1024	3267	1762	990
3839	1792	1024	3478	1758	990
4095	1792	1024	3694	1759	990
0	2048	1024	244	2012	1002
256	2048	1024	470	2011	1003
512	2048	1024	691	2011	1002
768	2048	1024	905	2010	1002
1024	2048	1024	1123	2010	1001
1280	2048	1024	1344	2009	999
1536	2048	1024	1553	2006	997
1792	2048	1024	1766	2004	997
2048	2048	1024	1984	2007	997
2303	2048	1024	2218	2009	999
2559	2048	1024	2435	2010	1001
2815	2048	1024	2647	2007	1000
3071	2048	1024	2862	2005	996
3327	2048	1024	3078	2004	996
3583	2048	1024	3292	2002	994
3839	2048	1024	3508	2001	994
4095	2048	1024	3724	2001	992
0	2303	1024	269	2274	1008
256	2303	1024	496	2274	1008
512	2303	1024	714	2272	1007
768	2303	1024	929	2274	1006
1024	2303	1024	1148	2272	1005
1280	2303	1024	1368	2270	1005
1536	2303	1024	1580	2272	1002
1792	2303	1024	1792	2268	1001
2048	2303	1024	2009	2269	1001
2303	2303	1024	2244	2270	1002
2559	2303	1024	2458	2272	1004
2815	2303	1024	2674	2270	1002
3071	2303	1024	2888	2268	1000
3327	2303	1024	3104	2265	999
3583	2303	1024	3322	2266	997
3839	2303	1024	3535	2263	997
4095	2303	1024	3754	2265	996
0	2559	1024	297	2521	1010
256	2559	1024	524	2522	1010
512	2559	1024	742	2523	1010
768	2559	1024	956	2523	1008
1024	2559	1024	1176	2520	1009
1280	2559	1024	1394	2519	1006
1536	2559	1024	1608	2520	1008
1792	2559	1024	1821	2518	1004
2048	2559	1024	2034	2514	1004
2303	2559	1024	2278	2523	1004
2559	2559	1024	2489	2522	1004
2815	2559	1024	2703	2520	1005
3071	2559	1024	2920	2517	1003
3327	2559	1024	3135	2515	1001
3583	2559	1024	3346	2510	1001
3839	2559	1024	3564	2512	1000
4095	2559	1024	3784	2512	1000
0	2815	1024	324	2772	1011
256	2815	1024	550	2773	1010
512	2815	1024	768	2770	1010
768	2815	1024	980	2768	1010
1024	2815	1024	1204	2768	1010
1280	2815	1024	1421	2769	1008
1536	2815	1024	1634	2766	1009
1792	2815	1024	1849	2764	1007
2048	2815	1024	2070	2768	1005
2303	2815	1024	2307	2769	1009
2559	2815	1024	2515	2768	1010
2815	2815	1024	2730	2763	1008
3071	2815	1024	2945	2760	1005
3327	2815	1024	3162	2758	1004
3583	2815	1024	3377	2758	1000
3839	2815	1024	3592	2754	1001
4095	2815	1024	3807	2754	1002
0	3071	1024	348	3021	1017
256	3071	1024	575	3021	1016
512	3071	1024	792	3018	1014
768	3071	1024	1008	3024	1013
1024	3071	1024	1232	3020	1012
1280	3071	1024	1446	3016	1013
1536	3071	1024	1659	3016	1012
1792	3071	1024	1875	3016	1010
2048	3071	1024	2097	3016	1012
2303	3071	1024	2330	3016	1011
2559	3071	1024	2537	3014	1011
2815	3071	1024	2756	3011	1010
3071	3071	1024	2971	3007	1008
3327	3071	1024	3188	3006	1006
3583	3071	1024	3404	3005	1006
3839	3071	1024	3620	3004	1004
4095	3071	1024	3832	3001	1003
0	3327	1024	375	3274	1018
256	3327	1024	600	3272	1017
512	3327	1024	818	3271	1017
768	3327	1024	1035	3278	1019
1024	3327	1024	1260	3271	1019
1280	3327	1024	1472	3268	1016
1536	3327	1024	1685	3265	1014
1792	3327	1024	1903	3266	1014
2048	3327	1024	2129	3268	1014
2303	3327	1024	2358	3268	1012
2559	3327	1024	2566	3266	1010
2815	3327	1024	2783	3259	1010
3071	3327	1024	3000	3258	1009
3327	3327	1024	3216	3254	1008
3583	3327	1024	3430	3252	1007
3839	3327	1024	3648	3252	1006
4095	3327	1024	3863	3254	1005
0	3583	1024	402	3519	1022
256	3583	1024	626	3519	1021
512	3583	1024	844	3519	1020
768	3583	1024	1060	3518	1022
1024	3583	1024	1288	3518	1022
1280	3583	1024	1498	3514	1019
1536	3583	1024	1713	3510	1017
1792	3583	1024	1930	3511	1016
2048	3583	1024	2156	3511	1018
2303	3583	1024	2384	3511	1018
2559	3583	1024	2598	3514	1016
2815	3583	1024	2811	3505	1013
3071	3583	1024	3027	3499	1013
3327	3583	1024	3242	3496	1012
3583	3583	1024	3459	3496	1009
3839	3583	1024	3678	3496	1008
4095	3583	1024	3890	3496	1010
0	3839	1024	428	3769	1025
256	3839	1024	652	3770	1026
512	3839	1024	869	3766	1024
768	3839	1024	1086	3763	1024
1024	3839	1024	1314	3765	1023
1280	3839	1024	1524	3761	1022
1536	3839	1024	1741	3761	1021
1792	3839	1024	1958	3760	1020
2048	3839	1024	2188	3761	1020
2303	3839	1024	2412	3760	1019
2559	3839	1024	2624	3758	1020
2815	3839	1024	2843	3754	1017
3071	3839	1024	3056	3748	1017
3327	3839	1024	3274	3748	1014
3583	3839	1024	3493	3747	1013
3839	3839	1024	3711	3748	1014
4095	3839	1024	3920	3744	1013
0	4095	1024	456	4022	1028
256	4095	1024	679	4018	1029
512	4095	1024	896	4014	1027
768	4095	1024	1116	4012	1026
1024	4095	1024	1340	4010	1026
1280	4095	1024	1551	4004	1024
1536	4095	1024	1767	4002	1024
1792	4095	1024	1985	4002	1025
2048	4095	1024	2219	4005	1024
2303	4095	1024	2441	4006	1024
2559	4095	1024	2654	4002	1022
2815	4095	1024	2872	3997	1021
3071	4095	1024	3087	3992	1020
3327	4095	1024	3308	3994	1020
3583	4095	1024	3522	3988	1019
3839	4095	1024	3741	3990	1018
4095	4095	1024	3950	3989	1018
0	0	1280	53	21	1227
256	0	1280	279	21	1225
512	0	1280	502	23	1225
768	0	1280	718	23	1224
1024	0	1280	930	24	1226
1280	0	1280	1146	24	1223
1536	0	1280	1362	26	1223
1792	0	1280	1572	27	1221
2048	0	1280	1781	27	1220
2303	0	1280	1994	28	1220
2559	0	1280	2228	29	1221
2815	0	1280	2436	30	1219
3071	0	1280	2649	30	1219
3327	0	1280	2864	32	1215
3583	0	1280	3076	32	1218
3839	0	1280	3296	33	1216
4095	0	1280	3508	34	1215
0	256	1280	78	272	1231
256	256	1280	303	274	1230
512	256	1280	527	276	1228
768	256	1280	741	277	1228
1024	256	1280	954	278	1230
1280	256	1280	1172	279	1227
1536	256	1280	1386	279	1225
1792	256	1280	1595	279	1224
2048	256	1280	1808	280	1224
2303	256	1280	2023	281	1226
2559	256	1280	2260	284	1226
2815	256	1280	2470	284	1227
3071	256	1280	2684	284	1225
3327	256	1280	2895	284	1221
3583	256	1280	3108	284	1220
3839	256	1280	3322	285	1219
4095	256	1280	3535	285	1218
0	512	1280	102	524	1236
256	512	1280	328	526	1235
512	512	1280	552	527	1232
768	512	1280	766	526	1232
1024	512	1280	976	527	1231
1280	512	1280	1199	528	1232
1536	512	1280	1410	526	1227
1792	512	1280	1619	527	1228
2048	512	1280	1834	528	1229
2303	512	1280	2051	529	1228
2559	512	1280	2284	529	1228
2815	512	1280	2491	530	1229
3071	512	1280	2703	530	1224
3327	512	1280	2920	530	1225
3583	512	1280	3134	530	1222
3839	512	1280	3345	530	1221
4095	512	1280	3559	530	1220
0	768	1280	127	773	1236
256	768	1280	352	773	1236
512	768	1280	575	774	1236
768	768	1280	791	776	1236
1024	768	1280	1002	776	1236
1280	768	1280	1223	776	1232
1536	768	1280	1433	775	1230
1792	768	1280	1645	775	1232
2048	768	1280	1858	776	1231
2303	768	1280	2078	777	1232
2559	768	1280	2310	778	1235
2815	768	1280	2522	782	1233
3071	768	1280	2728	776	1227
3327	768	1280	2949	778	1230
3583	768	1280	3163	778	1227
3839	768	1280	3376	778	1226
4095	768	1280	3592	778	1226
0	1024	1280	152	1024	1240
256	1024	1280	378	1024	1237
512	1024	1280	600	1025	1237
768	1024	1280	816	1025	1238
1024	1024	1280	1026	1024	1237
1280	1024	1280	1249	1024	1237
1536	1024	1280	1460	1024	1234
1792	1024	1280	1674	1026	1234
2048	1024	1280	1888	1026	1232
2303	1024	1280	2110	1026	1232
2559	1024	1280	2338	1027	1236
2815	1024	1280	2545	1028	1234
3071	1024	1280	2762	1027	1234
3327	1024	1280	2976	1025	1232
3583	1024	1280	3191	1025	1230
3839	1024	1280	3402	1024	1228
4095	1024	1280	3617	1024	1228
0	1280	1280	177	1274	1246
256	1280	1280	402	1275	1242
512	1280	1280	624	1276	1241
768	1280	1280	838	1276	1240
1024	1280	1280	1051	1276	1240
1280	1280	1280	1274	1273	1237
1536	1280	1280	1483	1275	1237
1792	1280	1280	1696	1274	1237
2048	1280	1280	1909	1274	1238
2303	1280	1280	2137	1278	1238
2559	1280	1280	2366	1281	1238
2815	1280	1280	2574	1280	1238
3071	1280	1280	2787	1276	1236
3327	1280	1280	3003	1276	1236
3583	1280	1280	3214	1274	1232
3839	1280	1280	3428	1274	1231
4095	1280	1280	3646	1274	1230
0	1536	1280	203	1521	1246
256	1536	1280	428	1521	1245
512	1536	1280	649	1520	1244
768	1536	1280	864	1522	1243
1024	1536	1280	1082	1525	1244
1280	1536	1280	1303	1523	1239
1536	1536	1280	1510	1520	1239
1792	1536	1280	1725	1522	1240
2048	1536	1280	1939	1522	1239
2303	1536	1280	2164	1520	1238
2559	1536	1280	2386	1520	1242
2815	1536	1280	2599	1522	1243
3071	1536	1280	2816	1522	1238
3327	1536	1280	3028	1518	1237
3583	1536	1280	3243	1517	1237
3839	1536	1280	3460	1518	1234
4095	1536	1280	3672	1516	1232
0	1792	1280	229	1770	1251
256	1792	1280	455	1770	1250
512	1792	1280	675	1770	1248
768	1792	1280	890	1770	1248
1024	1792	1280	1108	1771	1251
1280	1792	1280	1330	1770	1248
1536	1792	1280	1536	1766	1244
1792	1792	1280	1751	1766	1244
2048	1792	1280	1968	1769	1245
2303	1792	1280	2196	1768	1244
2559	1792	1280	2415	1768	1241
2815	1792	1280	2628	1768	1243
3071	1792	1280	2842	1764	1242
3327	1792	1280	3057	1763	1238
3583	1792	1280	3274	1764	1238
3839	1792	1280	3488	1762	1237
4095	1792	1280	3704	1762	1238
0	2048	1280	254	2015	1255
256	2048	1280	481	2015	1255
512	2048	1280	700	2013	1254
768	2048	1280	914	2014	1253
1024	2048	1280	1133	2013	1254
1280	2048	1280	1353	2011	1253
1536	2048	1280	1565	2011	1249
1792	2048	1280	1778	2010	1248
2048	2048	1280	1997	2014	1249
2303	2048	1280	2228	2012	1250
2559	2048	1280	2445	2014	1247
2815	2048	1280	2657	2012	1248
3071	2048	1280	2871	2008	1244
3327	2048	1280	3087	2006	1243
3583	2048	1280	3304	2006	1243
3839	2048	1280	3514	2003	1242
4095	2048	1280	3733	2004	1241
0	2303	1280	278	2274	1260
256	2303	1280	505	2275	1259
512	2303	1280	723	2274	1259
768	2303	1280	939	2278	1257
1024	2303	1280	1159	2278	1257
1280	2303	1280	1376	2274	1255
1536	2303	1280	1588	2273	1254
1792	2303	1280	1805	2276	1253
2048	2303	1280	2019	2274	1253
2303	2303	1280	2254	2274	1254
2559	2303	1280	2470	2277	1253
2815	2303	1280	2684	2275	1253
3071	2303	1280	2897	2271	1248
3327	2303	1280	3111	2268	1247
3583	2303	1280	3327	2267	1246
3839	2303	1280	3544	2267	1244
4095	2303	1280	3763	2268	1244
0	2559	1280	306	2528	1259
256	2559	1280	534	2527	1260
512	2559	1280	750	2524	1260
768	2559	1280	967	2530	1259
1024	2559	1280	1189	2529	1261
1280	2559	1280	1403	2522	1257
1536	2559	1280	1614	2520	1255
1792	2559	1280	1831	2522	1257
2048	2559	1280	2050	2523	1255
2303	2559	1280	2288	2526	1255
2559	2559	1280	2497	2525	1255
2815	2559	1280	2713	2523	1256
3071	2559	1280	2928	2520	1252
3327	2559	1280	3143	2518	1249
3583	2559	1280	3360	2516	1248
3839	2559	1280	3580	2520	1249
4095	2559	1280	3791	2514	1249
0	2815	1280	333	2776	1264
256	2815	1280	560	2777	1263
512	2815	1280	778	2776	1262
768	2815	1280	990	2772	1260
1024	2815	1280	1214	2770	1264
1280	2815	1280	1429	2770	1260
1536	2815	1280	1642	2768	1256
1792	2815	1280	1858	2768	1258
2048	2815	1280	2080	2770	1258
2303	2815	1280	2315	2771	1260
2559	2815	1280	2522	2770	1259
2815	2815	1280	2739	2767	1258
3071	2815	1280	2955	2764	1256
3327	2815	1280	3173	2763	1254
3583	2815	1280	3387	2761	1252
3839	2815	1280	3602	2758	1254
4095	2815	1280	3820	2760	1251
0	3071	1280	359	3024	1268
256	3071	1280	584	3022	1268
512	3071	1280	802	3022	1266
768	3071	1280	1017	3026	1267
1024	3071	1280	1240	3021	1264
1280	3071	1280	1454	3020	1263
1536	3071	1280	1669	3019	1263
1792	3071	1280	1885	3018	1262
2048	3071	1280	2107	3018	1262
2303	3071	1280	2338	3018	1262
2559	3071	1280	2546	3017	1261
2815	3071	1280	2764	3013	1260
3071	3071	1280	2979	3008	1258
3327	3071	1280	3195	3007	1256
3583	3071	1280	3412	3006	1255
3839	3071	1280	3631	3008	1253
4095	3071	1280	3845	3008	1254
0	3327	1280	385	3276	1269
256	3327	1280	610	3279	1268
512	3327	1280	828	3276	1268
768	3327	1280	1041	3274	1270
1024	3327	1280	1270	3275	1270
1280	3327	1280	1480	3270	1266
1536	3327	1280	1694	3268	1266
1792	3327	1280	1910	3268	1265
2048	3327	1280	2136	3269	1264
2303	3327	1280	2364	3268	1264
2559	3327	1280	2573	3266	1263
2815	3327	1280	2791	3261	1262
3071	3327	1280	3014	3265	1260
3327	3327	1280	3228	3261	1257
3583	3327	1280	3442	3257	1256
3839	3327	1280	3660	3257	1256
4095	3327	1280	3872	3256	1256
0	3583	1280	412	3524	1275
256	3583	1280	636	3523	1276
512	3583	1280	853	3520	1274
768	3583	1280	1070	3522	1272
1024	3583	1280	1296	3518	1270
1280	3583	1280	1505	3513	1271
1536	3583	1280	1719	3509	1268
1792	3583	1280	1936	3511	1267
2048	3583	1280	2165	3511	1268
2303	3583	1280	2391	3512	1266
2559	3583	1280	2604	3512	1265
2815	3583	1280	2821	3507	1264
3071	3583	1280	3039	3505	1264
3327	3583	1280	3257	3504	1266
3583	3583	1280	3473	3502	1262
3839	3583	1280	3692	3502	1260
4095	3583	1280	3904	3504	1260
0	3839	1280	438	3775	1278
256	3839	1280	662	3772	1278
512	3839	1280	880	3770	1276
768	3839	1280	1098	3772	1277
1024	3839	1280	1321	3766	1274
1280	3839	1280	1532	3763	1274
1536	3839	1280	1748	3761	1272
1792	3839	1280	1966	3762	1271
2048	3839	1280	2196	3761	1271
2303	3839	1280	2418	3759	1270
2559	3839	1280	2631	3758	1270
2815	3839	1280	2848	3753	1268
3071	3839	1280	3066	3751	1266
3327	3839	1280	3290	3756	1266
3583	3839	1280	3506	3753	1266
3839	3839	1280	3722	3752	1266
4095	3839	1280	3933	3751	1266
0	4095	1280	466	4021	1285
256	4095	1280	689	4019	1283
512	4095	1280	906	4017	1282
768	4095	1280	1126	4015	1281
1024	4095	1280	1349	4011	1278
1280	4095	1280	1560	4008	1277
1536	4095	1280	1777	4005	1277
1792	4095	1280	1994	4004	1276
2048	4095	1280	2228	4006	1276
2303	4095	1280	2447	4004	1274
2559	4095	1280	2659	3998	1273
2815	4095	1280	2876	3994	1271
3071	4095	1280	3097	3995	1272
3327	4095	1280	3314	3993	1272
3583	4095	1280	3534	3994	1273
3839	4095	1280	3750	3991	1270
4095	4095	1280	3959	3991	1269
0	0	1536	64	24	1468
256	0	1536	290	25	1468
512	0	1536	513	27	1468
768	0	1536	728	27	1466
1024	0	1536	939	28	1466
1280	0	1536	1157	29	1464
1536	0	1536	1371	30	1459
1792	0	1536	1578	31	1458
2048	0	1536	1790	31	1458
2303	0	1536	2003	32	1458
2559	0	1536	2243	33	1463
2815	0	1536	2452	34	1462
3071	0	1536	2663	34	1459
3327	0	1536	2876	36	1456
3583	0	1536	3089	36	1455
3839	0	1536	3302	37	1454
4095	0	1536	3515	38	1453
0	256	1536	88	276	1470
256	256	1536	313	279	1470
512	256	1536	538	280	1470
768	256	1536	753	282	1470
1024	256	1536	962	282	1469
1280	256	1536	1182	283	1467
1536	256	1536	1394	284	1462
1792	256	1536	1605	284	1466
2048	256	1536	1820	286	1467
2303	256	1536	2037	286	1464
2559	256	1536	2268	286	1464
2815	256	1536	2474	287	1463
3071	256	1536	2689	288	1462
3327	256	1536	2904	288	1460
3583	256	1536	3119	289	1460
3839	256	1536	3333	290	1457
4095	256	1536	3546	289	1458
0	512	1536	113	528	1475
256	512	1536	337	528	1473
512	512	1536	560	529	1472
768	512	1536	776	529	1473
1024	512	1536	986	531	1473
1280	512	1536	1206	530	1468
1536	512	1536	1420	531	1469
1792	512	1536	1631	531	1468
2048	512	1536	1843	531	1468
2303	512	1536	2062	533	1469
2559	512	1536	2296	534	1468
2815	512	1536	2500	535	1468
3071	512	1536	2714	534	1466
3327	512	1536	2930	534	1464
3583	512	1536	3144	534	1462
3839	512	1536	3359	534	1462
4095	512	1536	3573	536	1462
0	768	1536	138	778	1479
256	768	1536	362	778	1477
512	768	1536	585	778	1477
768	768	1536	800	779	1476
1024	768	1536	1010	780	1476
1280	768	1536	1234	780	1474
1536	768	1536	1446	782	1475
1792	768	1536	1658	780	1472
2048	768	1536	1871	781	1473
2303	768	1536	2092	782	1473
2559	768	1536	2321	782	1473
2815	768	1536	2528	783	1470
3071	768	1536	2745	783	1471
3327	768	1536	2958	782	1468
3583	768	1536	3172	782	1466
3839	768	1536	3385	782	1463
4095	768	1536	3598	781	1464
0	1024	1536	163	1026	1482
256	1024	1536	388	1027	1482
512	1024	1536	610	1028	1479
768	1024	1536	825	1029	1480
1024	1024	1536	1037	1029	1479
1280	1024	1536	1262	1030	1479
1536	1024	1536	1468	1027	1475
1792	1024	1536	1681	1028	1476
2048	1024	1536	1896	1028	1476
2303	1024	1536	2120	1030	1478
2559	1024	1536	2349	1032	1478
2815	1024	1536	2556	1032	1475
3071	1024	1536	2772	1030	1474
3327	1024	1536	2988	1030	1472
3583	1024	1536	3198	1028	1468
3839	1024	1536	3412	1028	1468
4095	1024	1536	3628	1028	1466
0	1280	1536	188	1280	1484
256	1280	1536	412	1280	1483
512	1280	1536	634	1281	1482
768	1280	1536	848	1280	1483
1024	1280	1536	1061	1280	1480
1280	1280	1536	1285	1280	1480
1536	1280	1536	1497	1283	1480
1792	1280	1536	1709	1282	1476
2048	1280	1536	1924	1282	1480
2303	1280	1536	2150	1284	1478
2559	1280	1536	2372	1282	1479
2815	1280	1536	2581	1282	1480
3071	1280	1536	2800	1282	1476
3327	1280	1536	3012	1280	1475
3583	1280	1536	3226	1278	1474
3839	1280	1536	3438	1277	1470
4095	1280	1536	3651	1276	1468
0	1536	1536	214	1525	1490
256	1536	1536	440	1528	1488
512	1536	1536	660	1528	1486
768	1536	1536	874	1527	1486
1024	1536	1536	1090	1526	1484
1280	1536	1536	1312	1526	1483
1536	1536	1536	1521	1525	1484
1792	1536	1536	1732	1523	1484
2048	1536	1536	1949	1526	1484
2303	1536	1536	2180	1528	1483
2559	1536	1536	2401	1528	1482
2815	1536	1536	2610	1526	1480
3071	1536	1536	2825	1524	1480
3327	1536	1536	3040	1522	1476
3583	1536	1536	3254	1521	1475
3839	1536	1536	3466	1519	1474
4095	1536	1536	3683	1520	1471
0	1792	1536	238	1772	1491
256	1792	1536	465	1774	1492
512	1792	1536	686	1774	1494
768	1792	1536	899	1774	1491
1024	1792	1536	1116	1772	1489
1280	1792	1536	1336	1769	1488
1536	1792	1536	1548	1772	1487
1792	1792	1536	1760	1769	1486
2048	1792	1536	1977	1771	1484
2303	1792	1536	2208	1773	1486
2559	1792	1536	2428	1774	1488
2815	1792	1536	2640	1774	1486
3071	1792	1536	2854	1770	1482
3327	1792	1536	3066	1766	1480
3583	1792	1536	3283	1766	1477
3839	1792	1536	3496	1765	1477
4095	1792	1536	3715	1767	1475
0	2048	1536	265	2016	1496
256	2048	1536	490	2016	1496
512	2048	1536	710	2018	1498
768	2048	1536	925	2018	1496
1024	2048	1536	1144	2017	1495
1280	2048	1536	1364	2017	1490
1536	2048	1536	1575	2016	1492
1792	2048	1536	1791	2016	1488
2048	2048	1536	2006	2016	1488
2303	2048	1536	2238	2016	1490
2559	2048	1536	2456	2019	1491
2815	2048	1536	2670	2018	1492
3071	2048	1536	2884	2014	1488
3327	2048	1536	3098	2010	1482
3583	2048	1536	3314	2010	1482
3839	2048	1536	3530	2010	1483
4095	2048	1536	3748	2010	1481
0	2303	1536	290	2286	1501
256	2303	1536	518	2286	1501
512	2303	1536	736	2285	1499
768	2303	1536	950	2284	1501
1024	2303	1536	1170	2281	1499
1280	2303	1536	1387	2280	1498
1536	2303	1536	1599	2278	1497
1792	2303	1536	1814	2278	1496
2048	2303	1536	2033	2280	1495
2303	2303	1536	2268	2282	1495
2559	2303	1536	2480	2282	1495
2815	2303	1536	2693	2277	1496
3071	2303	1536	2906	2274	1491
3327	2303	1536	3123	2272	1488
3583	2303	1536	3340	2273	1487
3839	2303	1536	3553	2270	1486
4095	2303	1536	3776	2275	1487
0	2559	1536	318	2538	1509
256	2559	1536	546	2538	1507
512	2559	1536	763	2534	1507
768	2559	1536	976	2532	1505
1024	2559	1536	1200	2533	1503
1280	2559	1536	1416	2531	1500
1536	2559	1536	1628	2529	1499
1792	2559	1536	1844	2528	1497
2048	2559	1536	2062	2528	1500
2303	2559	1536	2298	2530	1500
2559	2559	1536	2505	2526	1499
2815	2559	1536	2723	2527	1498
3071	2559	1536	2938	2523	1493
3327	2559	1536	3155	2522	1491
3583	2559	1536	3372	2521	1491
3839	2559	1536	3581	2516	1488
4095	2559	1536	3805	2521	1491
0	2815	1536	344	2778	1511
256	2815	1536	570	2778	1510
512	2815	1536	786	2775	1506
768	2815	1536	1003	2783	1507
1024	2815	1536	1226	2778	1505
1280	2815	1536	1440	2776	1506
1536	2815	1536	1655	2775	1503
1792	2815	1536	1869	2774	1502
2048	2815	1536	2090	2772	1501
2303	2815	1536	2326	2776	1501
2559	2815	1536	2534	2776	1501
2815	2815	1536	2749	2770	1498
3071	2815	1536	2966	2768	1498
3327	2815	1536	3182	2766	1494
3583	2815	1536	3397	2764	1495
3839	2815	1536	3616	2764	1490
4095	2815	1536	3830	2764	1492
0	3071	1536	370	3032	1510
256	3071	1536	595	3031	1508
512	3071	1536	813	3030	1508
768	3071	1536	1026	3029	1508
1024	3071	1536	1253	3028	1512
1280	3071	1536	1464	3024	1506
1536	3071	1536	1678	3022	1506
1792	3071	1536	1893	3020	1505
2048	3071	1536	2117	3020	1503
2303	3071	1536	2349	3024	1506
2559	3071	1536	2556	3020	1504
2815	3071	1536	2775	3018	1504
3071	3071	1536	2992	3015	1499
3327	3071	1536	3207	3013	1498
3583	3071	1536	3426	3013	1496
3839	3071	1536	3645	3014	1497
4095	3071	1536	3857	3014	1495
0	3327	1536	395	3282	1516
256	3327	1536	620	3279	1514
512	3327	1536	838	3279	1514
768	3327	1536	1054	3283	1512
1024	3327	1536	1281	3279	1512
1280	3327	1536	1490	3274	1510
1536	3327	1536	1704	3272	1506
1792	3327	1536	1920	3271	1506
2048	3327	1536	2147	3272	1505
2303	3327	1536	2375	3273	1507
2559	3327	1536	2586	3273	1504
2815	3327	1536	2803	3268	1502
3071	3327	1536	3017	3262	1502
3327	3327	1536	3235	3261	1500
3583	3327	1536	3453	3262	1499
3839	3327	1536	3670	3260	1500
4095	3327	1536	3880	3259	1499
0	3583	1536	422	3526	1519
256	3583	1536	646	3525	1516
512	3583	1536	863	3524	1516
768	3583	1536	1080	3524	1518
1024	3583	1536	1306	3522	1514
1280	3583	1536	1515	3517	1514
1536	3583	1536	1729	3514	1511
1792	3583	1536	1947	3516	1510
2048	3583	1536	2176	3516	1510
2303	3583	1536	2400	3516	1510
2559	3583	1536	2613	3514	1510
2815	3583	1536	2830	3510	1506
3071	3583	1536	3050	3508	1506
3327	3583	1536	3268	3509	1502
3583	3583	1536	3480	3502	1503
3839	3583	1536	3697	3501	1502
4095	3583	1536	3911	3504	1501
0	3839	1536	448	3777	1522
256	3839	1536	672	3777	1523
512	3839	1536	890	3776	1520
768	3839	1536	1108	3774	1520
1024	3839	1536	1332	3770	1518
1280	3839	1536	1542	3764	1515
1536	3839	1536	1758	3764	1515
1792	3839	1536	1974	3762	1514
2048	3839	1536	2206	3764	1516
2303	3839	1536	2428	3765	1514
2559	3839	1536	2642	3765	1513
2815	3839	1536	2861	3760	1511
3071	3839	1536	3082	3762	1512
3327	3839	1536	3297	3756	1511
3583	3839	1536	3514	3755	1508
3839	3839	1536	3733	3756	1504
4095	3839	1536	3942	3755	1507
0	4095	1536	476	4022	1529
256	4095	1536	699	4021	1529
512	4095	1536	916	4021	1528
768	4095	1536	1136	4019	1526
1024	4095	1536	1358	4014	1524
1280	4095	1536	1570	4010	1520
1536	4095	1536	1786	4007	1520
1792	4095	1536	2004	4007	1519
2048	4095	1536	2240	4011	1518
2303	4095	1536	2460	4012	1520
2559	4095	1536	2674	4010	1519
2815	4095	1536	2893	4008	1516
3071	4095	1536	3109	4003	1516
3327	4095	1536	3328	4000	1514
3583	4095	1536	3548	4002	1514
3839	4095	1536	3764	4000	1514
4095	4095	1536	3970	3997	1513
0	0	1792	74	28	1707
256	0	1792	300	30	1706
512	0	1792	524	31	1706
768	0	1792	740	31	1707
1024	0	1792	950	33	1707
1280	0	1792	1170	33	1705
1536	0	1792	1384	34	1702
1792	0	1792	1592	34	1700
2048	0	1792	1805	35	1700
2303	0	1792	2019	37	1704
2559	0	1792	2259	38	1703
2815	0	1792	2467	38	1704
3071	0	1792	2678	38	1699
3327	0	1792	2892	40	1697
3583	0	1792	3106	40	1695
3839	0	1792	3319	42	1692
4095	0	1792	3532	42	1692
0	256	1792	99	281	1714
256	256	1792	325	284	1713
512	256	1792	549	286	1711
768	256	1792	765	286	1711
1024	256	1792	974	286	1710
1280	256	1792	1198	288	1711
1536	256	1792	1410	288	1706
1792	256	1792	1619	289	1706
2048	256	1792	1834	290	1706
2303	256	1792	2051	291	1707
2559	256	1792	2287	292	1708
2815	256	1792	2492	293	1708
3071	256	1792	2706	292	1703
3327	256	1792	2921	293	1702
3583	256	1792	3134	293	1698
3839	256	1792	3346	294	1697
4095	256	1792	3562	294	1696
0	512	1792	123	533	1717
256	512	1792	348	533	1716
512	512	1792	572	534	1714
768	512	1792	787	535	1713
1024	512	1792	997	536	1713
1280	512	1792	1219	536	1711
1536	512	1792	1434	537	1713
1792	512	1792	1644	537	1708
2048	512	1792	1856	536	1707
2303	512	1792	2076	538	1710
2559	512	1792	2309	540	1710
2815	512	1792	2517	540	1710
3071	512	1792	2733	540	1708
3327	512	1792	2946	540	1704
3583	512	1792	3161	540	1703
3839	512	1792	3377	540	1702
4095	512	1792	3591	540	1699
0	768	1792	148	784	1721
256	768	1792	374	786	1722
512	768	1792	598	786	1720
768	768	1792	813	786	1718
1024	768	1792	1023	786	1717
1280	768	1792	1248	786	1716
1536	768	1792	1460	788	1717
1792	768	1792	1669	786	1711
2048	768	1792	1883	787	1715
2303	768	1792	2108	788	1715
2559	768	1792	2336	790	1714
2815	768	1792	2542	789	1712
3071	768	1792	2760	789	1711
3327	768	1792	2973	788	1707
3583	768	1792	3187	787	1705
3839	768	1792	3401	788	1703
4095	768	1792	3614	787	1701
0	1024	1792	174	1032	1724
256	1024	1792	399	1033	1724
512	1024	1792	621	1034	1722
768	1024	1792	836	1034	1726
1024	1024	1792	1052	1038	1720
1280	1024	1792	1274	1036	1721
1536	1024	1792	1479	1033	1715
1792	1024	1792	1695	1035	1718
2048	1024	1792	1910	1036	1716
2303	1024	1792	2136	1037	1720
2559	1024	1792	2364	1038	1718
2815	1024	1792	2570	1037	1715
3071	1024	1792	2785	1036	1712
3327	1024	1792	3001	1035	1712
3583	1024	1792	3214	1035	1710
3839	1024	1792	3428	1034	1708
4095	1024	1792	3645	1035	1708
0	1280	1792	199	1288	1727
256	1280	1792	424	1289	1725
512	1280	1792	646	1289	1724
768	1280	1792	860	1288	1722
1024	1280	1792	1075	1288	1727
1280	1280	1792	1300	1289	1721
1536	1280	1792	1510	1289	1721
1792	1280	1792	1720	1286	1717
2048	1280	1792	1936	1288	1722
2303	1280	1792	2165	1289	1723
2559	1280	1792	2387	1290	1722
2815	1280	1792	2596	1288	1716
3071	1280	1792	2807	1284	1714
3327	1280	1792	3023	1285	1714
3583	1280	1792	3242	1285	1714
3839	1280	1792	3451	1283	1708
4095	1280	1792	3670	1283	1712
0	1536	1792	224	1530	1732
256	1536	1792	451	1533	1731
512	1536	1792	671	1532	1731
768	1536	1792	885	1532	1729
1024	1536	1792	1101	1531	1726
1280	1536	1792	1321	1529	1726
1536	1536	1792	1532	1531	1726
1792	1536	1792	1746	1530	1725
2048	1536	1792	1962	1532	1722
2303	1536	1792	2193	1534	1724
2559	1536	1792	2414	1535	1724
2815	1536	1792	2624	1533	1723
3071	1536	1792	2838	1530	1716
3327	1536	1792	3053	1528	1717
3583	1536	1792	3269	1528	1716
3839	1536	1792	3482	1526	1714
4095	1536	1792	3702	1528	1710
0	1792	1792	250	1780	1735
256	1792	1792	476	1781	1732
512	1792	1792	697	1781	1734
768	1792	1792	912	1782	1732
1024	1792	1792	1129	1781	1730
1280	1792	1792	1348	1776	1726
1536	1792	1792	1561	1779	1727
1792	1792	1792	1776	1779	1726
2048	1792	1792	1992	1779	1726
2303	1792	1792	2221	1779	1726
2559	1792	1792	2438	1779	1727
2815	1792	1792	2652	1779	1728
3071	1792	1792	2867	1776	1722
3327	1792	1792	3082	1774	1720
3583	1792	1792	3296	1772	1718
3839	1792	1792	3514	1774	1718
4095	1792	1792	3732	1775	1716
0	2048	1792	275	2024	1740
256	2048	1792	502	2027	1740
512	2048	1792	722	2027	1740
768	2048	1792	938	2029	1739
1024	2048	1792	1158	2026	1740
1280	2048	1792	1376	2024	1733
1536	2048	1792	1589	2024	1734
1792	2048	1792	1802	2022	1734
2048	2048	1792	2020	2024	1734
2303	2048	1792	2254	2023	1733
2559	2048	1792	2467	2024	1730
2815	2048	1792	2681	2022	1731
3071	2048	1792	2896	2019	1727
3327	2048	1792	3109	2015	1724
3583	2048	1792	3327	2016	1722
3839	2048	1792	3543	2016	1722
4095	2048	1792	3762	2016	1722
0	2303	1792	301	2293	1744
256	2303	1792	529	2294	1744
512	2303	1792	747	2292	1745
768	2303	1792	961	2291	1744
1024	2303	1792	1184	2292	1745
1280	2303	1792	1400	2288	1740
1536	2303	1792	1611	2285	1740
1792	2303	1792	1826	2285	1738
2048	2303	1792	2044	2284	1738
2303	2303	1792	2284	2290	1738
2559	2303	1792	2492	2288	1737
2815	2303	1792	2706	2284	1735
3071	2303	1792	2922	2282	1732
3327	2303	1792	3138	2280	1728
3583	2303	1792	3355	2281	1728
3839	2303	1792	3568	2278	1727
4095	2303	1792	3791	2281	1727
0	2559	1792	330	2546	1752
256	2559	1792	556	2545	1751
512	2559	1792	776	2542	1751
768	2559	1792	988	2542	1748
1024	2559	1792	1212	2540	1746
1280	2559	1792	1428	2538	1746
1536	2559	1792	1640	2536	1740
1792	2559	1792	1854	2533	1739
2048	2559	1792	2077	2536	1738
2303	2559	1792	2313	2537	1742
2559	2559	1792	2518	2534	1742
2815	2559	1792	2734	2530	1739
3071	2559	1792	2950	2529	1735
3327	2559	1792	3170	2530	1734
3583	2559	1792	3387	2529	1733
3839	2559	1792	3599	2526	1730
4095	2559	1792	3822	2530	1733
0	2815	1792	355	2787	1754
256	2815	1792	582	2788	1753
512	2815	1792	800	2788	1751
768	2815	1792	1015	2792	1751
1024	2815	1792	1239	2786	1750
1280	2815	1792	1453	2785	1747
1536	2815	1792	1667	2782	1746
1792	2815	1792	1882	2782	1743
2048	2815	1792	2104	2780	1744
2303	2815	1792	2337	2782	1744
2559	2815	1792	2546	2781	1744
2815	2815	1792	2763	2778	1740
3071	2815	1792	2980	2775	1737
3327	2815	1792	3194	2772	1736
3583	2815	1792	3414	2774	1737
3839	2815	1792	3634	2776	1732
4095	2815	1792	3846	2774	1736
0	3071	1792	381	3042	1754
256	3071	1792	606	3040	1756
512	3071	1792	825	3040	1754
768	3071	1792	1040	3040	1755
1024	3071	1792	1266	3037	1755
1280	3071	1792	1476	3031	1750
1536	3071	1792	1690	3029	1748
1792	3071	1792	1907	3029	1748
2048	3071	1792	2132	3031	1746
2303	3071	1792	2363	3033	1746
2559	3071	1792	2572	3032	1746
2815	3071	1792	2789	3026	1746
3071	3071	1792	3005	3023	1742
3327	3071	1792	3224	3024	1740
3583	3071	1792	3441	3023	1738
3839	3071	1792	3658	3022	1741
4095	3071	1792	3874	3023	1739
0	3327	1792	406	3290	1761
256	3327	1792	632	3288	1758
512	3327	1792	850	3291	1758
768	3327	1792	1067	3292	1757
1024	3327	1792	1292	3284	1757
1280	3327	1792	1502	3282	1753
1536	3327	1792	1718	3283	1750
1792	3327	1792	1936	3284	1749
2048	3327	1792	2161	3280	1749
2303	3327	1792	2386	3279	1750
2559	3327	1792	2600	3281	1748
2815	3327	1792	2816	3276	1745
3071	3327	1792	3032	3272	1744
3327	3327	1792	3250	3270	1742
3583	3327	1792	3470	3273	1743
3839	3327	1792	3688	3272	1740
4095	3327	1792	3898	3270	1742
0	3583	1792	433	3538	1762
256	3583	1792	658	3537	1760
512	3583	1792	875	3538	1761
768	3583	1792	1092	3534	1761
1024	3583	1792	1318	3531	1756
1280	3583	1792	1527	3526	1755
1536	3583	1792	1744	3527	1754
1792	3583	1792	1959	3524	1756
2048	3583	1792	2190	3524	1754
2303	3583	1792	2414	3526	1752
2559	3583	1792	2627	3524	1752
2815	3583	1792	2844	3521	1750
3071	3583	1792	3066	3522	1747
3327	3583	1792	3279	3516	1746
3583	3583	1792	3499	3516	1746
3839	3583	1792	3718	3516	1747
4095	3583	1792	3928	3516	1744
0	3839	1792	460	3786	1768
256	3839	1792	684	3788	1768
512	3839	1792	901	3787	1768
768	3839	1792	1119	3783	1764
1024	3839	1792	1342	3778	1761
1280	3839	1792	1555	3777	1760
1536	3839	1792	1771	3775	1759
1792	3839	1792	1987	3772	1758
2048	3839	1792	2222	3778	1756
2303	3839	1792	2444	3779	1758
2559	3839	1792	2659	3778	1758
2815	3839	1792	2878	3776	1756
3071	3839	1792	3094	3770	1756
3327	3839	1792	3312	3766	1756
3583	3839	1792	3532	3767	1752
3839	3839	1792	3749	3766	1751
4095	3839	1792	3958	3765	1752
0	4095	1792	486	4032	1772
256	4095	1792	710	4030	1772
512	4095	1792	927	4030	1772
768	4095	1792	1148	4028	1770
1024	4095	1792	1370	4024	1766
1280	4095	1792	1582	4020	1766
1536	4095	1792	1800	4021	1765
1792	4095	1792	2017	4018	1763
2048	4095	1792	2256	4024	1764
2303	4095	1792	2473	4023	1766
2559	4095	1792	2690	4022	1764
2815	4095	1792	2908	4020	1764
3071	4095	1792	3124	4012	1759
3327	4095	1792	3342	4010	1758
3583	4095	1792	3562	4011	1757
3839	4095	1792	3777	4006	1758
4095	4095	1792	3986	4006	1756
0	0	2048	84	33	1952
256	0	2048	311	34	1950
512	0	2048	536	36	1949
768	0	2048	751	36	1948
1024	0	2048	964	37	1950
1280	0	2048	1185	37	1948
1536	0	2048	1398	39	1944
1792	0	2048	1608	39	1944
2048	0	2048	1822	40	1945
2303	0	2048	2039	41	1947
2559	0	2048	2275	41	1946
2815	0	2048	2479	42	1944
3071	0	2048	2693	42	1942
3327	0	2048	2908	44	1938
3583	0	2048	3122	45	1936
3839	0	2048	3334	46	1932
4095	0	2048	3547	46	1931
0	256	2048	108	286	1957
256	256	2048	336	289	1956
512	256	2048	560	290	1954
768	256	2048	776	291	1954
1024	256	2048	985	291	1952
1280	256	2048	1208	292	1950
1536	256	2048	1421	293	1949
1792	256	2048	1634	294	1950
2048	256	2048	1850	296	1951
2303	256	2048	2068	296	1948
2559	256	2048	2299	296	1949
2815	256	2048	2508	297	1950
3071	256	2048	2721	297	1945
3327	256	2048	2936	297	1943
3583	256	2048	3150	298	1941
3839	256	2048	3364	298	1937
4095	256	2048	3576	299	1936
0	512	2048	134	538	1958
256	512	2048	360	538	1956
512	512	2048	582	539	1954
768	512	2048	798	539	1960
1024	512	2048	1012	542	1960
1280	512	2048	1234	541	1954
1536	512	2048	1444	541	1951
1792	512	2048	1656	542	1951
2048	512	2048	1872	543	1953
2303	512	2048	2093	544	1953
2559	512	2048	2325	544	1954
2815	512	2048	2534	546	1949
3071	512	2048	2747	544	1948
3327	512	2048	2962	545	1946
3583	512	2048	3175	544	1942
3839	512	2048	3389	545	1941
4095	512	2048	3604	546	1939
0	768	2048	160	789	1964
256	768	2048	386	790	1962
512	768	2048	608	790	1962
768	768	2048	824	792	1963
1024	768	2048	1038	793	1962
1280	768	2048	1263	793	1961
1536	768	2048	1472	793	1958
1792	768	2048	1686	793	1958
2048	768	2048	1899	794	1957
2303	768	2048	2121	794	1956
2559	768	2048	2348	794	1955
2815	768	2048	2556	794	1953
3071	768	2048	2772	794	1952
3327	768	2048	2986	792	1949
3583	768	2048	3200	792	1946
3839	768	2048	3416	793	1946
4095	768	2048	3633	793	1944
0	1024	2048	185	1040	1969
256	1024	2048	411	1041	1968
512	1024	2048	633	1040	1966
768	1024	2048	848	1041	1968
1024	1024	2048	1064	1043	1967
1280	1024	2048	1289	1043	1962
1536	1024	2048	1495	1042	1962
1792	1024	2048	1709	1042	1960
2048	1024	2048	1925	1042	1962
2303	1024	2048	2152	1044	1962
2559	1024	2048	2377	1044	1962
2815	1024	2048	2586	1044	1956
3071	1024	2048	2798	1041	1956
3327	1024	2048	3017	1042	1955
3583	1024	2048	3228	1040	1951
3839	1024	2048	3443	1040	1949
4095	1024	2048	3660	1040	1949
0	1280	2048	210	1294	1970
256	1280	2048	436	1296	1973
512	1280	2048	658	1295	1972
768	1280	2048	874	1296	1974
1024	1280	2048	1090	1297	1969
1280	1280	2048	1312	1296	1970
1536	1280	2048	1523	1296	1969
1792	1280	2048	1735	1294	1965
2048	1280	2048	1950	1294	1966
2303	1280	2048	2179	1295	1966
2559	1280	2048	2400	1296	1964
2815	1280	2048	2611	1295	1962
3071	1280	2048	2826	1294	1957
3327	1280	2048	3039	1291	1956
3583	1280	2048	3258	1292	1956
3839	1280	2048	3472	1292	1954
4095	1280	2048	3686	1290	1952
0	1536	2048	236	1542	1976
256	1536	2048	462	1541	1976
512	1536	2048	683	1541	1975
768	1536	2048	898	1542	1974
1024	1536	2048	1116	1542	1974
1280	1536	2048	1338	1542	1968
1536	1536	2048	1547	1539	1968
1792	1536	2048	1759	1538	1968
2048	1536	2048	1978	1540	1968
2303	1536	2048	2207	1540	1966
2559	1536	2048	2426	1541	1965
2815	1536	2048	2638	1540	1965
3071	1536	2048	2853	1536	1961
3327	1536	2048	3069	1535	1961
3583	1536	2048	3287	1536	1961
3839	1536	2048	3504	1536	1961
4095	1536	2048	3719	1535	1958
0	1792	2048	261	1789	1978
256	1792	2048	488	1788	1981
512	1792	2048	709	1791	1979
768	1792	2048	925	1792	1978
1024	1792	2048	1143	1790	1977
1280	1792	2048	1362	1786	1976
1536	1792	2048	1572	1784	1972
1792	1792	2048	1787	1783	1969
2048	1792	2048	2004	1786	1969
2303	1792	2048	2238	1788	1972
2559	1792	2048	2454	1788	1970
2815	1792	2048	2667	1786	1970
3071	1792	2048	2884	1784	1965
3327	1792	2048	3100	1783	1963
3583	1792	2048	3312	1780	1961
3839	1792	2048	3532	1783	1962
4095	1792	2048	3747	1781	1960
0	2048	2048	286	2034	1986
256	2048	2048	514	2035	1985
512	2048	2048	734	2034	1982
768	2048	2048	950	2036	1986
1024	2048	2048	1170	2034	1984
1280	2048	2048	1388	2031	1979
1536	2048	2048	1601	2031	1976
1792	2048	2048	1815	2029	1974
2048	2048	2048	2032	2030	1976
2303	2048	2048	2270	2032	1976
2559	2048	2048	2484	2033	1977
2815	2048	2048	2697	2030	1975
3071	2048	2048	2912	2027	1972
3327	2048	2048	3128	2025	1970
3583	2048	2048	3344	2025	1965
3839	2048	2048	3559	2022	1966
4095	2048	2048	3783	2027	1968
0	2303	2048	312	2302	1991
256	2303	2048	540	2301	1990
512	2303	2048	760	2302	1990
768	2303	2048	973	2299	1988
1024	2303	2048	1196	2299	1991
1280	2303	2048	1413	2298	1983
1536	2303	2048	1626	2296	1984
1792	2303	2048	1842	2296	1980
2048	2303	2048	2059	2294	1980
2303	2303	2048	2295	2294	1980
2559	2303	2048	2504	2293	1982
2815	2303	2048	2722	2293	1982
3071	2303	2048	2939	2291	1977
3327	2303	2048	3154	2289	1974
3583	2303	2048	3370	2288	1973
3839	2303	2048	3588	2289	1969
4095	2303	2048	3802	2286	1972
0	2559	2048	340	2553	1997
256	2559	2048	568	2552	1996
512	2559	2048	787	2549	1993
768	2559	2048	1002	2553	1995
1024	2559	2048	1226	2548	1990
1280	2559	2048	1440	2546	1990
1536	2559	2048	1653	2544	1987
1792	2559	2048	1869	2542	1987
2048	2559	2048	2092	2544	1984
2303	2559	2048	2326	2544	1983
2559	2559	2048	2533	2543	1982
2815	2559	2048	2751	2541	1981
3071	2559	2048	2966	2538	1980
3327	2559	2048	3187	2539	1978
3583	2559	2048	3406	2540	1976
3839	2559	2048	3621	2538	1976
4095	2559	2048	3836	2537	1973
0	2815	2048	366	2796	2000
256	2815	2048	592	2797	1998
512	2815	2048	813	2800	1996
768	2815	2048	1026	2798	1994
1024	2815	2048	1252	2796	1996
1280	2815	2048	1464	2791	1992
1536	2815	2048	1678	2788	1989
1792	2815	2048	1894	2788	1987
2048	2815	2048	2119	2788	1989
2303	2815	2048	2353	2792	1988
2559	2815	2048	2561	2791	1986
2815	2815	2048	2780	2788	1986
3071	2815	2048	2998	2787	1984
3327	2815	2048	3214	2784	1980
3583	2815	2048	3429	2782	1983
3839	2815	2048	3648	2782	1980
4095	2815	2048	3864	2784	1978
0	3071	2048	393	3050	2000
256	3071	2048	618	3048	1999
512	3071	2048	836	3048	2002
768	3071	2048	1051	3047	1999
1024	3071	2048	1279	3046	1998
1280	3071	2048	1490	3042	1996
1536	3071	2048	1705	3040	1992
1792	3071	2048	1922	3039	1990
2048	3071	2048	2148	3040	1989
2303	3071	2048	2378	3042	1993
2559	3071	2048	2590	3041	1991
2815	3071	2048	2807	3039	1991
3071	3071	2048	3022	3033	1988
3327	3071	2048	3238	3032	1986
3583	3071	2048	3455	3031	1982
3839	3071	2048	3673	3030	1981
4095	3071	2048	3886	3030	1983
0	3327	2048	418	3299	2006
256	3327	2048	643	3300	2004
512	3327	2048	862	3301	2002
768	3327	2048	1078	3298	2002
1024	3327	2048	1303	3294	1999
1280	3327	2048	1513	3290	1999
1536	3327	2048	1730	3290	1997
1792	3327	2048	1948	3291	1995
2048	3327	2048	2178	3291	1996
2303	3327	2048	2403	3293	1996
2559	3327	2048	2617	3292	1995
2815	3327	2048	2836	3290	1992
3071	3327	2048	3052	3286	1991
3327	3327	2048	3266	3280	1986
3583	3327	2048	3486	3282	1985
3839	3327	2048	3704	3282	1984
4095	3327	2048	3916	3282	1984
0	3583	2048	444	3547	2008
256	3583	2048	669	3546	2008
512	3583	2048	886	3545	2009
768	3583	2048	1104	3542	2005
1024	3583	2048	1328	3537	2001
1280	3583	2048	1540	3536	2000
1536	3583	2048	1757	3536	1998
1792	3583	2048	1974	3534	1999
2048	3583	2048	2206	3536	1999
2303	3583	2048	2431	3539	2000
2559	3583	2048	2645	3538	2000
2815	3583	2048	2862	3534	1998
3071	3583	2048	3081	3531	1994
3327	3583	2048	3298	3529	1994
3583	3583	2048	3516	3527	1990
3839	3583	2048	3734	3526	1992
4095	3583	2048	3944	3524	1991
0	3839	2048	471	3797	2015
256	3839	2048	694	3796	2013
512	3839	2048	912	3795	2012
768	3839	2048	1132	3794	2010
1024	3839	2048	1355	3790	2007
1280	3839	2048	1568	3788	2006
1536	3839	2048	1782	3783	2006
1792	3839	2048	2002	3785	2005
2048	3839	2048	2237	3788	2004
2303	3839	2048	2458	3790	2006
2559	3839	2048	2674	3789	2006
2815	3839	2048	2893	3785	2002
3071	3839	2048	3110	3781	2000
3327	3839	2048	3329	3780	1999
3583	3839	2048	3545	3776	1998
3839	3839	2048	3764	3774	1996
4095	3839	2048	3972	3773	1995
0	4095	2048	498	4037	2020
256	4095	2048	720	4037	2018
512	4095	2048	938	4038	2017
768	4095	2048	1160	4035	2016
1024	4095	2048	1380	4032	2013
1280	4095	2048	1595	4029	2011
1536	4095	2048	1812	4029	2008
1792	4095	2048	2030	4026	2008
2048	4095	2048	2268	4031	2010
2303	4095	2048	2487	4034	2012
2559	4095	2048	2704	4032	2012
2815	4095	2048	2922	4029	2009
3071	4095	2048	3140	4025	2006
3327	4095	2048	3354	4017	2004
3583	4095	2048	3574	4017	2004
3839	4095	2048	3792	4015	2001
4095	4095	2048	4002	4016	2001
0	0	2303	94	37	2207
256	0	2303	322	38	2207
512	0	2303	546	40	2206
768	0	2303	762	40	2205
1024	0	2303	972	41	2204
1280	0	2303	1195	42	2201
1536	0	2303	1410	43	2202
1792	0	2303	1621	43	2200
2048	0	2303	1835	44	2200
2303	0	2303	2052	44	2200
2559	0	2303	2287	46	2198
2815	0	2303	2491	47	2198
3071	0	2303	2707	47	2196
3327	0	2303	2921	48	2193
3583	0	2303	3135	48	2190
3839	0	2303	3348	50	2186
4095	0	2303	3558	50	2184
0	256	2303	119	290	2210
256	256	2303	346	294	2210
512	256	2303	570	295	2208
768	256	2303	785	296	2208
1024	256	2303	998	296	2208
1280	256	2303	1222	297	2208
1536	256	2303	1434	297	2204
1792	256	2303	1646	298	2204
2048	256	2303	1861	298	2206
2303	256	2303	2081	300	2204
2559	256	2303	2312	302	2204
2815	256	2303	2518	302	2203
3071	256	2303	2736	302	2201
3327	256	2303	2948	301	2195
3583	256	2303	3163	302	2195
3839	256	2303	3377	302	2190
4095	256	2303	3590	302	2188
0	512	2303	144	542	2215
256	512	2303	369	543	2216
512	512	2303	593	545	2211
768	512	2303	809	545	2212
1024	512	2303	1021	546	2213
1280	512	2303	1245	546	2209
1536	512	2303	1455	546	2206
1792	512	2303	1669	547	2206
2048	512	2303	1884	548	2208
2303	512	2303	2107	549	2209
2559	512	2303	2338	550	2208
2815	512	2303	2545	550	2205
3071	512	2303	2760	549	2204
3327	512	2303	2974	550	2201
3583	512	2303	3188	549	2197
3839	512	2303	3403	550	2196
4095	512	2303	3620	551	2196
0	768	2303	169	795	2220
256	768	2303	396	795	2221
512	768	2303	619	796	2219
768	768	2303	835	797	2218
1024	768	2303	1048	797	2217
1280	768	2303	1273	798	2216
1536	768	2303	1482	797	2214
1792	768	2303	1697	798	2214
2048	768	2303	1912	799	2213
2303	768	2303	2134	798	2210
2559	768	2303	2360	799	2212
2815	768	2303	2571	800	2210
3071	768	2303	2788	799	2204
3327	768	2303	3000	797	2204
3583	768	2303	3214	797	2202
3839	768	2303	3430	798	2200
4095	768	2303	3650	798	2202
0	1024	2303	195	1046	2227
256	1024	2303	422	1048	2226
512	1024	2303	645	1048	2226
768	1024	2303	860	1048	2226
1024	1024	2303	1076	1049	2223
1280	1024	2303	1300	1049	2222
1536	1024	2303	1510	1050	2223
1792	1024	2303	1722	1048	2218
2048	1024	2303	1938	1048	2220
2303	1024	2303	2165	1050	2219
2559	1024	2303	2389	1049	2218
2815	1024	2303	2598	1049	2211
3071	1024	2303	2810	1046	2210
3327	1024	2303	3029	1046	2210
3583	1024	2303	3245	1047	2208
3839	1024	2303	3457	1045	2204
4095	1024	2303	3675	1046	2205
0	1280	2303	220	1299	2231
256	1280	2303	447	1301	2232
512	1280	2303	669	1300	2229
768	1280	2303	884	1302	2231
1024	1280	2303	1102	1302	2226
1280	1280	2303	1324	1301	2226
1536	1280	2303	1534	1301	2224
1792	1280	2303	1748	1301	2223
2048	1280	2303	1964	1301	2223
2303	1280	2303	2192	1300	2221
2559	1280	2303	2412	1300	2221
2815	1280	2303	2624	1300	2220
3071	1280	2303	2841	1299	2214
3327	1280	2303	3053	1297	2213
3583	1280	2303	3270	1297	2212
3839	1280	2303	3488	1298	2211
4095	1280	2303	3708	1299	2213
0	1536	2303	246	1549	2235
256	1536	2303	474	1548	2232
512	1536	2303	695	1549	2234
768	1536	2303	909	1548	2229
1024	1536	2303	1128	1547	2233
1280	1536	2303	1350	1549	2230
1536	1536	2303	1560	1546	2224
1792	1536	2303	1771	1542	2224
2048	1536	2303	1990	1546	2226
2303	1536	2303	2221	1546	2225
2559	1536	2303	2439	1546	2227
2815	1536	2303	2654	1546	2224
3071	1536	2303	2871	1546	2222
3327	1536	2303	3088	1545	2220
3583	1536	2303	3304	1544	2215
3839	1536	2303	3515	1541	2214
4095	1536	2303	3732	1540	2214
0	1792	2303	272	1795	2239
256	1792	2303	499	1794	2238
512	1792	2303	720	1798	2238
768	1792	2303	934	1796	2236
1024	1792	2303	1156	1796	2233
1280	1792	2303	1375	1794	2234
1536	1792	2303	1585	1792	2231
1792	1792	2303	1799	1790	2226
2048	1792	2303	2015	1790	2226
2303	1792	2303	2252	1794	2230
2559	1792	2303	2467	1794	2228
2815	1792	2303	2680	1792	2229
3071	1792	2303	2899	1792	2225
3327	1792	2303	3117	1792	2222
3583	1792	2303	3328	1788	2222
3839	1792	2303	3546	1788	2220
4095	1792	2303	3763	1788	2215
0	2048	2303	297	2039	2244
256	2048	2303	526	2043	2245
512	2048	2303	745	2040	2242
768	2048	2303	961	2042	2245
1024	2048	2303	1182	2040	2241
1280	2048	2303	1398	2036	2240
1536	2048	2303	1610	2034	2234
1792	2048	2303	1827	2035	2232
2048	2048	2303	2046	2037	2231
2303	2048	2303	2285	2040	2232
2559	2048	2303	2496	2040	2235
2815	2048	2303	2710	2036	2233
3071	2048	2303	2926	2034	2229
3327	2048	2303	3141	2032	2230
3583	2048	2303	3358	2031	2223
3839	2048	2303	3575	2030	2223
4095	2048	2303	3796	2032	2222
0	2303	2303	322	2307	2247
256	2303	2303	550	2306	2249
512	2303	2303	770	2308	2249
768	2303	2303	984	2306	2246
1024	2303	2303	1208	2304	2248
1280	2303	2303	1424	2304	2242
1536	2303	2303	1639	2304	2240
1792	2303	2303	1854	2303	2239
2048	2303	2303	2072	2300	2240
2303	2303	2303	2309	2301	2242
2559	2303	2303	2517	2301	2241
2815	2303	2303	2737	2302	2239
3071	2303	2303	2954	2300	2234
3327	2303	2303	3170	2298	2231
3583	2303	2303	3387	2297	2229
3839	2303	2303	3606	2297	2228
4095	2303	2303	3818	2294	2230
0	2559	2303	351	2558	2254
256	2559	2303	579	2558	2252
512	2559	2303	797	2554	2252
768	2559	2303	1012	2558	2252
1024	2559	2303	1237	2553	2250
1280	2559	2303	1452	2552	2246
1536	2559	2303	1664	2550	2247
1792	2559	2303	1880	2548	2245
2048	2559	2303	2104	2550	2242
2303	2559	2303	2336	2548	2242
2559	2559	2303	2543	2546	2241
2815	2559	2303	2766	2548	2241
3071	2559	2303	2979	2544	2241
3327	2559	2303	3198	2544	2237
3583	2559	2303	3416	2545	2235
3839	2559	2303	3633	2543	2234
4095	2559	2303	3848	2543	2231
0	2815	2303	378	2807	2258
256	2815	2303	604	2805	2257
512	2815	2303	822	2803	2254
768	2815	2303	1037	2804	2255
1024	2815	2303	1265	2803	2255
1280	2815	2303	1475	2797	2250
1536	2815	2303	1689	2793	2248
1792	2815	2303	1906	2793	2245
2048	2815	2303	2132	2795	2246
2303	2815	2303	2365	2799	2245
2559	2815	2303	2573	2795	2243
2815	2815	2303	2792	2793	2242
3071	2815	2303	3008	2791	2242
3327	2815	2303	3226	2790	2236
3583	2815	2303	3442	2789	2239
3839	2815	2303	3661	2788	2236
4095	2815	2303	3874	2788	2236
0	3071	2303	404	3056	2262
256	3071	2303	629	3055	2260
512	3071	2303	846	3052	2258
768	3071	2303	1062	3052	2259
1024	3071	2303	1290	3051	2258
1280	3071	2303	1501	3048	2256
1536	3071	2303	1717	3047	2249
1792	3071	2303	1933	3046	2248
2048	3071	2303	2162	3046	2248
2303	3071	2303	2390	3048	2253
2559	3071	2303	2602	3049	2250
2815	3071	2303	2821	3046	2247
3071	3071	2303	3036	3041	2245
3327	3071	2303	3254	3041	2242
3583	3071	2303	3469	3038	2241
3839	3071	2303	3687	3038	2239
4095	3071	2303	3900	3037	2239
0	3327	2303	428	3305	2264
256	3327	2303	654	3305	2264
512	3327	2303	872	3306	2261
768	3327	2303	1089	3305	2260
1024	3327	2303	1316	3304	2258
1280	3327	2303	1525	3298	2257
1536	3327	2303	1742	3297	2256
1792	3327	2303	1959	3295	2254
2048	3327	2303	2190	3296	2254
2303	3327	2303	2416	3299	2255
2559	3327	2303	2628	3296	2255
2815	3327	2303	2844	3293	2252
3071	3327	2303	3064	3292	2252
3327	3327	2303	3280	3288	2247
3583	3327	2303	3500	3289	2246
3839	3327	2303	3718	3289	2242
4095	3327	2303	3930	3289	2244
0	3583	2303	456	3554	2268
256	3583	2303	680	3552	2266
512	3583	2303	898	3553	2268
768	3583	2303	1118	3552	2266
1024	3583	2303	1340	3546	2264
1280	3583	2303	1552	3542	2260
1536	3583	2303	1771	3546	2260
1792	3583	2303	1990	3545	2259
2048	3583	2303	2221	3544	2257
2303	3583	2303	2440	3543	2260
2559	3583	2303	2656	3543	2257
2815	3583	2303	2876	3542	2254
3071	3583	2303	3092	3536	2252
3327	3583	2303	3312	3536	2252
3583	3583	2303	3531	3536	2250
3839	3583	2303	3747	3532	2250
4095	3583	2303	3955	3530	2249
0	3839	2303	482	3805	2276
256	3839	2303	706	3804	2275
512	3839	2303	923	3802	2272
768	3839	2303	1144	3800	2273
1024	3839	2303	1366	3796	2268
1280	3839	2303	1580	3796	2267
1536	3839	2303	1798	3795	2266
1792	3839	2303	2020	3800	2268
2048	3839	2303	2252	3797	2268
2303	3839	2303	2468	3794	2265
2559	3839	2303	2686	3794	2264
2815	3839	2303	2906	3792	2264
3071	3839	2303	3122	3786	2259
3327	3839	2303	3343	3787	2258
3583	3839	2303	3557	3782	2258
3839	3839	2303	3774	3778	2256
4095	3839	2303	3983	3779	2252
0	4095	2303	509	4045	2282
256	4095	2303	732	4048	2281
512	4095	2303	950	4049	2279
768	4095	2303	1171	4042	2276
1024	4095	2303	1392	4038	2273
1280	4095	2303	1608	4040	2272
1536	4095	2303	1825	4039	2272
1792	4095	2303	2046	4041	2272
2048	4095	2303	2284	4042	2275
2303	4095	2303	2500	4043	2272
2559	4095	2303	2714	4037	2270
2815	4095	2303	2932	4032	2269
3071	4095	2303	3152	4031	2265
3327	4095	2303	3369	4027	2265
3583	4095	2303	3586	4023	2262
3839	4095	2303	3806	4024	2260
4095	4095	2303	4015	4023	2259
0	0	2559	105	41	2448
256	0	2559	332	42	2448
512	0	2559	556	43	2449
768	0	2559	773	44	2448
1024	0	2559	984	46	2447
1280	0	2559	1204	46	2444
1536	0	2559	1418	47	2442
1792	0	2559	1628	47	2440
2048	0	2559	1842	48	2440
2303	0	2559	2061	49	2440
2559	0	2559	2294	50	2439
2815	0	2559	2500	51	2439
3071	0	2559	2714	51	2434
3327	0	2559	2928	52	2431
3583	0	2559	3144	52	2430
3839	0	2559	3357	54	2425
4095	0	2559	3568	54	2424
0	256	2559	129	295	2455
256	256	2559	356	298	2453
512	256	2559	580	299	2453
768	256	2559	796	300	2451
1024	256	2559	1007	300	2452
1280	256	2559	1231	302	2449
1536	256	2559	1444	301	2447
1792	256	2559	1654	302	2443
2048	256	2559	1868	302	2444
2303	256	2559	2089	304	2444
2559	256	2559	2320	306	2444
2815	256	2559	2528	305	2444
3071	256	2559	2742	306	2440
3327	256	2559	2956	305	2436
3583	256	2559	3171	306	2434
3839	256	2559	3386	306	2432
4095	256	2559	3600	307	2427
0	512	2559	154	546	2455
256	512	2559	380	548	2456
512	512	2559	604	549	2455
768	512	2559	819	550	2457
1024	512	2559	1032	551	2453
1280	512	2559	1256	550	2452
1536	512	2559	1465	550	2449
1792	512	2559	1678	551	2448
2048	512	2559	1894	551	2448
2303	512	2559	2116	552	2447
2559	512	2559	2345	553	2451
2815	512	2559	2557	555	2446
3071	512	2559	2770	554	2446
3327	512	2559	2983	553	2440
3583	512	2559	3196	552	2436
3839	512	2559	3412	554	2437
4095	512	2559	3629	554	2436
0	768	2559	180	798	2462
256	768	2559	405	799	2460
512	768	2559	628	800	2462
768	768	2559	844	801	2459
1024	768	2559	1058	800	2457
1280	768	2559	1282	801	2457
1536	768	2559	1490	800	2454
1792	768	2559	1705	801	2454
2048	768	2559	1920	802	2452
2303	768	2559	2145	802	2454
2559	768	2559	2370	803	2453
2815	768	2559	2579	802	2450
3071	768	2559	2796	802	2444
3327	768	2559	3008	801	2444
3583	768	2559	3224	802	2442
3839	768	2559	3443	802	2444
4095	768	2559	3658	802	2438
0	1024	2559	206	1052	2472
256	1024	2559	432	1052	2471
512	1024	2559	654	1052	2466
768	1024	2559	870	1052	2466
1024	1024	2559	1086	1053	2465
1280	1024	2559	1309	1052	2461
1536	1024	2559	1517	1051	2460
1792	1024	2559	1729	1050	2457
2048	1024	2559	1945	1050	2458
2303	1024	2559	2174	1052	2460
2559	1024	2559	2397	1053	2457
2815	1024	2559	2606	1052	2455
3071	1024	2559	2823	1050	2453
3327	1024	2559	3039	1050	2449
3583	1024	2559	3255	1050	2449
3839	1024	2559	3465	1048	2443
4095	1024	2559	3683	1050	2446
0	1280	2559	230	1304	2474
256	1280	2559	457	1305	2474
512	1280	2559	678	1303	2470
768	1280	2559	892	1303	2470
1024	1280	2559	1110	1303	2467
1280	1280	2559	1332	1303	2466
1536	1280	2559	1542	1303	2464
1792	1280	2559	1756	1303	2464
2048	1280	2559	1972	1304	2463
2303	1280	2559	2200	1303	2460
2559	1280	2559	2419	1303	2462
2815	1280	2559	2633	1302	2459
3071	1280	2559	2848	1302	2454
3327	1280	2559	3062	1300	2454
3583	1280	2559	3280	1301	2451
3839	1280	2559	3496	1300	2450
4095	1280	2559	3710	1300	2448
0	1536	2559	256	1551	2478
256	1536	2559	484	1552	2478
512	1536	2559	704	1552	2477
768	1536	2559	918	1551	2475
1024	1536	2559	1138	1551	2474
1280	1536	2559	1358	1551	2468
1536	1536	2559	1567	1546	2468
1792	1536	2559	1782	1548	2465
2048	1536	2559	1996	1546	2464
2303	1536	2559	2231	1549	2467
2559	1536	2559	2449	1549	2468
2815	1536	2559	2661	1548	2463
3071	1536	2559	2877	1547	2462
3327	1536	2559	3093	1546	2456
3583	1536	2559	3304	1542	2456
3839	1536	2559	3524	1545	2456
4095	1536	2559	3743	1546	2457
0	1792	2559	282	1796	2480
256	1792	2559	508	1796	2480
512	1792	2559	728	1796	2480
768	1792	2559	943	1798	2478
1024	1792	2559	1164	1798	2476
1280	1792	2559	1382	1795	2476
1536	1792	2559	1594	1794	2470
1792	1792	2559	1808	1792	2466
2048	1792	2559	2023	1792	2467
2303	1792	2559	2258	1793	2468
2559	1792	2559	2474	1796	2472
2815	1792	2559	2689	1795	2469
3071	1792	2559	2908	1795	2471
3327	1792	2559	3126	1796	2464
3583	1792	2559	3339	1791	2465
3839	1792	2559	3558	1794	2465
4095	1792	2559	3776	1793	2464
0	2048	2559	308	2044	2484
256	2048	2559	536	2044	2482
512	2048	2559	754	2042	2482
768	2048	2559	968	2043	2482
1024	2048	2559	1190	2042	2483
1280	2048	2559	1408	2040	2478
1536	2048	2559	1620	2038	2476
1792	2048	2559	1835	2036	2474
2048	2048	2559	2056	2039	2472
2303	2048	2559	2290	2038	2470
2559	2048	2559	2502	2040	2471
2815	2048	2559	2718	2038	2474
3071	2048	2559	2932	2035	2466
3327	2048	2559	3147	2033	2470
3583	2048	2559	3368	2034	2466
3839	2048	2559	3586	2034	2465
4095	2048	2559	3803	2034	2466
0	2303	2559	332	2309	2492
256	2303	2559	560	2310	2490
512	2303	2559	778	2310	2490
768	2303	2559	992	2308	2488
1024	2303	2559	1216	2306	2487
1280	2303	2559	1432	2304	2483
1536	2303	2559	1645	2303	2482
1792	2303	2559	1859	2301	2478
2048	2303	2559	2082	2302	2480
2303	2303	2559	2315	2302	2477
2559	2303	2559	2522	2300	2477
2815	2303	2559	2745	2305	2480
3071	2303	2559	2962	2303	2476
3327	2303	2559	3179	2302	2469
3583	2303	2559	3396	2301	2471
3839	2303	2559	3611	2298	2470
4095	2303	2559	3828	2297	2470
0	2559	2559	361	2559	2496
256	2559	2559	588	2558	2495
512	2559	2559	806	2555	2493
768	2559	2559	1019	2555	2492
1024	2559	2559	1246	2554	2492
1280	2559	2559	1460	2555	2486
1536	2559	2559	1676	2555	2486
1792	2559	2559	1892	2554	2482
2048	2559	2559	2114	2552	2483
2303	2559	2559	2343	2550	2480
2559	2559	2559	2553	2551	2480
2815	2559	2559	2777	2554	2480
3071	2559	2559	2992	2550	2483
3327	2559	2559	3207	2547	2478
3583	2559	2559	3424	2546	2477
3839	2559	2559	3640	2544	2474
4095	2559	2559	3854	2543	2473
0	2815	2559	387	2805	2498
256	2815	2559	613	2804	2497
512	2815	2559	830	2804	2494
768	2815	2559	1046	2804	2493
1024	2815	2559	1272	2800	2492
1280	2815	2559	1484	2798	2492
1536	2815	2559	1700	2797	2491
1792	2815	2559	1915	2796	2491
2048	2815	2559	2142	2798	2488
2303	2815	2559	2375	2803	2486
2559	2815	2559	2583	2799	2487
2815	2815	2559	2801	2797	2486
3071	2815	2559	3020	2796	2486
3327	2815	2559	3235	2794	2481
3583	2815	2559	3452	2792	2478
3839	2815	2559	3670	2792	2476
4095	2815	2559	3881	2790	2476
0	3071	2559	414	3058	2502
256	3071	2559	638	3056	2501
512	3071	2559	854	3052	2498
768	3071	2559	1071	3052	2499
1024	3071	2559	1300	3052	2494
1280	3071	2559	1508	3049	2493
1536	3071	2559	1723	3046	2492
1792	3071	2559	1944	3050	2491
2048	3071	2559	2174	3053	2491
2303	3071	2559	2399	3052	2496
2559	3071	2559	2612	3051	2492
2815	3071	2559	2828	3048	2488
3071	3071	2559	3045	3044	2488
3327	3071	2559	3263	3044	2487
3583	3071	2559	3477	3040	2483
3839	3071	2559	3694	3039	2482
4095	3071	2559	3907	3039	2480
0	3327	2559	439	3305	2507
256	3327	2559	663	3305	2505
512	3327	2559	881	3306	2502
768	3327	2559	1099	3306	2501
1024	3327	2559	1323	3302	2500
1280	3327	2559	1534	3298	2500
1536	3327	2559	1751	3298	2496
1792	3327	2559	1968	3297	2493
2048	3327	2559	2200	3300	2498
2303	3327	2559	2425	3303	2497
2559	3327	2559	2638	3300	2496
2815	3327	2559	2854	3294	2492
3071	3327	2559	3073	3296	2489
3327	3327	2559	3290	3292	2489
3583	3327	2559	3506	3290	2487
3839	3327	2559	3726	3290	2483
4095	3327	2559	3936	3290	2484
0	3583	2559	466	3553	2508
256	3583	2559	689	3552	2507
512	3583	2559	906	3552	2508
768	3583	2559	1126	3552	2508
1024	3583	2559	1350	3548	2503
1280	3583	2559	1562	3545	2501
1536	3583	2559	1782	3550	2501
1792	3583	2559	1998	3546	2500
2048	3583	2559	2229	3544	2498
2303	3583	2559	2450	3545	2502
2559	3583	2559	2666	3546	2502
2815	3583	2559	2883	3541	2496
3071	3583	2559	3099	3536	2495
3327	3583	2559	3319	3537	2495
3583	3583	2559	3534	3533	2492
3839	3583	2559	3752	3532	2490
4095	3583	2559	3962	3531	2490
0	3839	2559	492	3806	2518
256	3839	2559	715	3802	2516
512	3839	2559	931	3802	2514
768	3839	2559	1154	3803	2514
1024	3839	2559	1376	3800	2511
1280	3839	2559	1587	3793	2508
1536	3839	2559	1806	3796	2511
1792	3839	2559	2025	3794	2511
2048	3839	2559	2260	3795	2508
2303	3839	2559	2477	3796	2506
2559	3839	2559	2692	3793	2507
2815	3839	2559	2910	3789	2504
3071	3839	2559	3128	3786	2500
3327	3839	2559	3346	3784	2498
3583	3839	2559	3565	3783	2498
3839	3839	2559	3781	3780	2496
4095	3839	2559	3990	3781	2495
0	4095	2559	520	4046	2523
256	4095	2559	740	4043	2522
512	4095	2559	958	4046	2520
768	4095	2559	1181	4046	2519
1024	4095	2559	1402	4041	2518
1280	4095	2559	1616	4038	2512
1536	4095	2559	1835	4042	2514
1792	4095	2559	2055	4042	2514
2048	4095	2559	2294	4044	2513
2303	4095	2559	2507	4043	2514
2559	4095	2559	2723	4039	2511
2815	4095	2559	2940	4034	2508
3071	4095	2559	3158	4030	2506
3327	4095	2559	3378	4030	2504
3583	4095	2559	3596	4026	2503
3839	4095	2559	3815	4026	2504
4095	4095	2559	4018	4021	2500
0	0	2815	115	45	2694
256	0	2815	343	46	2694
512	0	2815	566	46	2692
768	0	2815	782	48	2691
1024	0	2815	992	50	2690
1280	0	2815	1215	50	2688
1536	0	2815	1426	50	2686
1792	0	2815	1636	51	2680
2048	0	2815	1849	52	2682
2303	0	2815	2071	53	2682
2559	0	2815	2302	54	2681
2815	0	2815	2508	54	2680
3071	0	2815	2721	55	2675
3327	0	2815	2936	56	2673
3583	0	2815	3153	56	2673
3839	0	2815	3368	58	2667
4095	0	2815	3578	58	2668
0	256	2815	140	299	2696
256	256	2815	366	300	2696
512	256	2815	589	302	2696
768	256	2815	806	304	2695
1024	256	2815	1016	304	2695
1280	256	2815	1240	306	2692
1536	256	2815	1451	305	2689
1792	256	2815	1662	306	2686
2048	256	2815	1875	306	2686
2303	256	2815	2097	307	2684
2559	256	2815	2326	308	2684
2815	256	2815	2534	308	2684
3071	256	2815	2750	309	2682
3327	256	2815	2966	309	2678
3583	256	2815	3178	310	2674
3839	256	2815	3394	310	2674
4095	256	2815	3610	311	2672
0	512	2815	164	550	2700
256	512	2815	390	551	2699
512	512	2815	613	553	2699
768	512	2815	828	554	2702
1024	512	2815	1042	555	2696
1280	512	2815	1264	553	2695
1536	512	2815	1473	554	2692
1792	512	2815	1688	554	2694
2048	512	2815	1902	555	2690
2303	512	2815	2123	555	2688
2559	512	2815	2350	556	2692
2815	512	2815	2562	557	2687
3071	512	2815	2777	556	2686
3327	512	2815	2992	557	2684
3583	512	2815	3205	556	2680
3839	512	2815	3420	558	2679
4095	512	2815	3639	558	2680
0	768	2815	190	802	2707
256	768	2815	416	803	2705
512	768	2815	638	804	2707
768	768	2815	854	805	2706
1024	768	2815	1067	805	2700
1280	768	2815	1290	804	2700
1536	768	2815	1500	804	2699
1792	768	2815	1714	805	2698
2048	768	2815	1929	804	2696
2303	768	2815	2154	805	2696
2559	768	2815	2377	806	2696
2815	768	2815	2587	806	2694
3071	768	2815	2805	806	2690
3327	768	2815	3020	805	2690
3583	768	2815	3236	806	2688
3839	768	2815	3450	806	2685
4095	768	2815	3664	805	2681
0	1024	2815	216	1055	2716
256	1024	2815	442	1055	2716
512	1024	2815	664	1056	2713
768	1024	2815	878	1055	2710
1024	1024	2815	1094	1056	2709
1280	1024	2815	1318	1056	2704
1536	1024	2815	1524	1054	2701
1792	1024	2815	1736	1053	2699
2048	1024	2815	1953	1053	2700
2303	1024	2815	2183	1056	2702
2559	1024	2815	2405	1056	2701
2815	1024	2815	2616	1056	2698
3071	1024	2815	2831	1054	2695
3327	1024	2815	3046	1053	2694
3583	1024	2815	3265	1054	2694
3839	1024	2815	3478	1054	2691
4095	1024	2815	3695	1054	2690
0	1280	2815	240	1307	2720
256	1280	2815	466	1308	2720
512	1280	2815	686	1307	2715
768	1280	2815	900	1306	2713
1024	1280	2815	1119	1306	2712
1280	1280	2815	1340	1306	2709
1536	1280	2815	1550	1306	2707
1792	1280	2815	1764	1306	2707
2048	1280	2815	1980	1306	2706
2303	1280	2815	2210	1306	2706
2559	1280	2815	2428	1306	2706
2815	1280	2815	2642	1307	2706
3071	1280	2815	2860	1306	2700
3327	1280	2815	3073	1304	2699
3583	1280	2815	3290	1305	2697
3839	1280	2815	3508	1306	2697
4095	1280	2815	3718	1303	2692
0	1536	2815	266	1555	2725
256	1536	2815	494	1555	2726
512	1536	2815	713	1555	2723
768	1536	2815	927	1554	2721
1024	1536	2815	1147	1554	2719
1280	1536	2815	1366	1552	2712
1536	1536	2815	1575	1549	2712
1792	1536	2815	1792	1551	2708
2048	1536	2815	2004	1549	2708
2303	1536	2815	2244	1554	2716
2559	1536	2815	2460	1555	2715
2815	1536	2815	2671	1553	2710
3071	1536	2815	2888	1551	2708
3327	1536	2815	3104	1550	2703
3583	1536	2815	3316	1548	2701
3839	1536	2815	3533	1548	2701
4095	1536	2815	3752	1550	2702
0	1792	2815	291	1799	2729
256	1792	2815	520	1802	2729
512	1792	2815	738	1800	2728
768	1792	2815	953	1802	2729
1024	1792	2815	1174	1801	2722
1280	1792	2815	1390	1798	2721
1536	1792	2815	1603	1798	2719
1792	1792	2815	1818	1797	2718
2048	1792	2815	2034	1797	2721
2303	1792	2815	2273	1801	2720
2559	1792	2815	2488	1803	2722
2815	1792	2815	2700	1800	2716
3071	1792	2815	2918	1800	2718
3327	1792	2815	3136	1799	2710
3583	1792	2815	3348	1795	2709
3839	1792	2815	3566	1795	2710
4095	1792	2815	3784	1795	2709
0	2048	2815	317	2046	2731
256	2048	2815	545	2044	2731
512	2048	2815	763	2044	2730
768	2048	2815	978	2045	2729
1024	2048	2815	1201	2044	2730
1280	2048	2815	1416	2042	2723
1536	2048	2815	1630	2041	2722
1792	2048	2815	1846	2042	2719
2048	2048	2815	2067	2043	2718
2303	2048	2815	2302	2042	2718
2559	2048	2815	2512	2044	2723
2815	2048	2815	2728	2043	2722
3071	2048	2815	2946	2042	2717
3327	2048	2815	3162	2040	2717
3583	2048	2815	3378	2040	2716
3839	2048	2815	3598	2039	2714
4095	2048	2815	3811	2038	2713
0	2303	2815	342	2314	2738
256	2303	2815	569	2314	2737
512	2303	2815	788	2315	2735
768	2303	2815	1001	2311	2734
1024	2303	2815	1226	2309	2732
1280	2303	2815	1442	2308	2730
1536	2303	2815	1654	2307	2727
1792	2303	2815	1870	2306	2726
2048	2303	2815	2094	2308	2727
2303	2303	2815	2329	2311	2726
2559	2303	2815	2536	2310	2726
2815	2303	2815	2757	2310	2727
3071	2303	2815	2972	2307	2724
3327	2303	2815	3189	2306	2722
3583	2303	2815	3404	2304	2718
3839	2303	2815	3619	2302	2717
4095	2303	2815	3836	2301	2717
0	2559	2815	371	2563	2744
256	2559	2815	597	2563	2743
512	2559	2815	815	2560	2742
768	2559	2815	1028	2559	2741
1024	2559	2815	1254	2556	2736
1280	2559	2815	1470	2558	2734
1536	2559	2815	1684	2557	2734
1792	2559	2815	1901	2557	2729
2048	2559	2815	2125	2556	2731
2303	2559	2815	2354	2556	2732
2559	2559	2815	2565	2557	2731
2815	2559	2815	2786	2557	2730
3071	2559	2815	3001	2553	2730
3327	2559	2815	3218	2551	2724
3583	2559	2815	3434	2551	2724
3839	2559	2815	3650	2548	2718
4095	2559	2815	3863	2546	2719
0	2815	2815	396	2806	2746
256	2815	2815	622	2806	2745
512	2815	2815	841	2808	2742
768	2815	2815	1056	2806	2740
1024	2815	2815	1281	2803	2739
1280	2815	2815	1493	2801	2736
1536	2815	2815	1710	2801	2738
1792	2815	2815	1926	2802	2736
2048	2815	2815	2154	2802	2735
2303	2815	2815	2382	2803	2734
2559	2815	2815	2592	2802	2734
2815	2815	2815	2809	2799	2732
3071	2815	2815	3028	2798	2732
3327	2815	2815	3243	2795	2728
3583	2815	2815	3460	2793	2726
3839	2815	2815	3678	2793	2723
4095	2815	2815	3890	2792	2721
0	3071	2815	423	3058	2747
256	3071	2815	648	3057	2746
512	3071	2815	864	3056	2748
768	3071	2815	1081	3054	2746
1024	3071	2815	1309	3056	2742
1280	3071	2815	1520	3055	2742
1536	3071	2815	1732	3049	2738
1792	3071	2815	1951	3050	2738
2048	3071	2815	2182	3053	2737
2303	3071	2815	2407	3054	2740
2559	3071	2815	2620	3054	2738
2815	3071	2815	2838	3052	2734
3071	3071	2815	3054	3046	2733
3327	3071	2815	3273	3047	2733
3583	3071	2815	3487	3044	2728
3839	3071	2815	3701	3041	2726
4095	3071	2815	3914	3040	2726
0	3327	2815	448	3307	2754
256	3327	2815	672	3306	2750
512	3327	2815	890	3309	2750
768	3327	2815	1110	3311	2748
1024	3327	2815	1334	3306	2748
1280	3327	2815	1544	3302	2746
1536	3327	2815	1762	3304	2746
1792	3327	2815	1980	3304	2740
2048	3327	2815	2213	3306	2743
2303	3327	2815	2436	3309	2744
2559	3327	2815	2649	3305	2744
2815	3327	2815	2864	3299	2740
3071	3327	2815	3083	3298	2736
3327	3327	2815	3300	3296	2735
3583	3327	2815	3516	3294	2734
3839	3327	2815	3735	3294	2730
4095	3327	2815	3946	3294	2728
0	3583	2815	476	3555	2757
256	3583	2815	698	3554	2755
512	3583	2815	916	3554	2754
768	3583	2815	1137	3554	2759
1024	3583	2815	1360	3554	2752
1280	3583	2815	1573	3552	2750
1536	3583	2815	1792	3553	2749
1792	3583	2815	2009	3552	2751
2048	3583	2815	2242	3549	2750
2303	3583	2815	2460	3548	2752
2559	3583	2815	2675	3548	2752
2815	3583	2815	2892	3544	2745
3071	3583	2815	3109	3540	2743
3327	3583	2815	3330	3541	2740
3583	3583	2815	3542	3534	2739
3839	3583	2815	3760	3534	2738
4095	3583	2815	3969	3533	2738
0	3839	2815	502	3806	2766
256	3839	2815	724	3804	2764
512	3839	2815	940	3802	2761
768	3839	2815	1163	3803	2762
1024	3839	2815	1386	3803	2761
1280	3839	2815	1599	3799	2759
1536	3839	2815	1816	3799	2759
1792	3839	2815	2036	3800	2760
2048	3839	2815	2272	3800	2758
2303	3839	2815	2487	3799	2755
2559	3839	2815	2703	3796	2754
2815	3839	2815	2920	3792	2751
3071	3839	2815	3139	3790	2747
3327	3839	2815	3357	3788	2747
3583	3839	2815	3571	3784	2746
3839	3839	2815	3792	3784	2741
4095	3839	2815	3999	3784	2741
0	4095	2815	530	4050	2770
256	4095	2815	751	4052	2769
512	4095	2815	968	4050	2767
768	4095	2815	1190	4044	2764
1024	4095	2815	1410	4044	2765
1280	4095	2815	1627	4046	2762
1536	4095	2815	1845	4044	2762
1792	4095	2815	2064	4044	2763
2048	4095	2815	2302	4044	2762
2303	4095	2815	2515	4045	2763
2559	4095	2815	2732	4040	2761
2815	4095	2815	2950	4036	2756
3071	4095	2815	3168	4033	2756
3327	4095	2815	3387	4030	2751
3583	4095	2815	3605	4029	2749
3839	4095	2815	3822	4027	2748
4095	4095	2815	4029	4026	2749
0	0	3071	126	49	2936
256	0	3071	352	50	2935
512	0	3071	576	51	2932
768	0	3071	791	52	2932
1024	0	3071	1003	53	2932
1280	0	3071	1225	54	2928
1536	0	3071	1437	54	2926
1792	0	3071	1647	55	2922
2048	0	3071	1860	57	2922
2303	0	3071	2082	57	2922
2559	0	3071	2312	58	2920
2815	0	3071	2517	58	2920
3071	0	3071	2736	59	2920
3327	0	3071	2949	60	2915
3583	0	3071	3164	61	2913
3839	0	3071	3378	62	2909
4095	0	3071	3591	62	2909
0	256	3071	150	303	2938
256	256	3071	376	305	2938
512	256	3071	599	307	2936
768	256	3071	815	307	2937
1024	256	3071	1027	308	2934
1280	256	3071	1250	310	2933
1536	256	3071	1458	309	2927
1792	256	3071	1671	310	2926
2048	256	3071	1885	310	2925
2303	256	3071	2107	311	2925
2559	256	3071	2335	311	2924
2815	256	3071	2542	312	2924
3071	256	3071	2761	314	2923
3327	256	3071	2974	313	2918
3583	256	3071	3187	314	2914
3839	256	3071	3405	314	2916
4095	256	3071	3625	315	2916
0	512	3071	175	555	2944
256	512	3071	401	556	2944
512	512	3071	623	558	2942
768	512	3071	838	558	2941
1024	512	3071	1050	558	2938
1280	512	3071	1275	558	2935
1536	512	3071	1482	558	2931
1792	512	3071	1695	558	2931
2048	512	3071	1910	558	2929
2303	512	3071	2134	559	2930
2559	512	3071	2361	560	2931
2815	512	3071	2570	561	2930
3071	512	3071	2789	561	2928
3327	512	3071	3005	562	2928
3583	512	3071	3217	561	2922
3839	512	3071	3432	562	2920
4095	512	3071	3650	562	2920
0	768	3071	200	807	2950
256	768	3071	426	807	2948
512	768	3071	648	808	2949
768	768	3071	864	810	2948
1024	768	3071	1078	809	2941
1280	768	3071	1298	808	2940
1536	768	3071	1508	808	2939
1792	768	3071	1723	809	2938
2048	768	3071	1937	808	2936
2303	768	3071	2166	809	2939
2559	768	3071	2389	811	2938
2815	768	3071	2600	810	2937
3071	768	3071	2818	811	2935
3327	768	3071	3034	810	2932
3583	768	3071	3247	810	2929
3839	768	3071	3462	810	2926
4095	768	3071	3678	810	2925
0	1024	3071	226	1058	2955
256	1024	3071	452	1058	2954
512	1024	3071	672	1059	2952
768	1024	3071	887	1059	2951
1024	1024	3071	1103	1059	2947
1280	1024	3071	1325	1058	2946
1536	1024	3071	1534	1058	2943
1792	1024	3071	1749	1058	2944
2048	1024	3071	1965	1058	2943
2303	1024	3071	2195	1060	2944
2559	1024	3071	2416	1060	2944
2815	1024	3071	2628	1061	2942
3071	1024	3071	2844	1059	2936
3327	1024	3071	3058	1058	2936
3583	1024	3071	3276	1059	2934
3839	1024	3071	3488	1058	2930
4095	1024	3071	3705	1057	2930
0	1280	3071	250	1309	2958
256	1280	3071	476	1310	2958
512	1280	3071	696	1309	2955
768	1280	3071	910	1310	2953
1024	1280	3071	1128	1310	2949
1280	1280	3071	1348	1309	2948
1536	1280	3071	1559	1308	2950
1792	1280	3071	1776	1311	2949
2048	1280	3071	1990	1310	2947
2303	1280	3071	2220	1310	2946
2559	1280	3071	2438	1310	2947
2815	1280	3071	2652	1310	2946
3071	1280	3071	2870	1310	2944
3327	1280	3071	3086	1309	2939
3583	1280	3071	3299	1308	2938
3839	1280	3071	3518	1309	2938
4095	1280	3071	3732	1308	2935
0	1536	3071	276	1558	2966
256	1536	3071	504	1559	2966
512	1536	3071	722	1558	2964
768	1536	3071	934	1556	2960
1024	1536	3071	1155	1556	2960
1280	1536	3071	1376	1555	2956
1536	1536	3071	1587	1554	2955
1792	1536	3071	1801	1555	2952
2048	1536	3071	2017	1555	2952
2303	1536	3071	2255	1558	2957
2559	1536	3071	2467	1557	2954
2815	1536	3071	2681	1557	2952
3071	1536	3071	2898	1556	2948
3327	1536	3071	3114	1554	2944
3583	1536	3071	3328	1552	2944
3839	1536	3071	3547	1554	2940
4095	1536	3071	3760	1552	2940
0	1792	3071	301	1805	2974
256	1792	3071	530	1807	2971
512	1792	3071	748	1804	2970
768	1792	3071	961	1806	2969
1024	1792	3071	1184	1804	2965
1280	1792	3071	1402	1804	2966
1536	1792	3071	1614	1803	2958
1792	1792	3071	1826	1799	2960
2048	1792	3071	2046	1802	2964
2303	1792	3071	2285	1805	2963
2559	1792	3071	2494	1805	2961
2815	1792	3071	2708	1802	2957
3071	1792	3071	2927	1802	2958
3327	1792	3071	3145	1802	2953
3583	1792	3071	3360	1799	2948
3839	1792	3071	3573	1798	2948
4095	1792	3071	3790	1796	2947
0	2048	3071	327	2051	2977
256	2048	3071	555	2050	2973
512	2048	3071	773	2049	2973
768	2048	3071	987	2047	2969
1024	2048	3071	1212	2050	2971
1280	2048	3071	1427	2048	2965
1536	2048	3071	1640	2045	2965
1792	2048	3071	1858	2047	2967
2048	2048	3071	2078	2046	2966
2303	2048	3071	2313	2048	2966
2559	2048	3071	2520	2047	2967
2815	2048	3071	2739	2047	2965
3071	2048	3071	2956	2047	2962
3327	2048	3071	3171	2044	2957
3583	2048	3071	3386	2042	2956
3839	2048	3071	3604	2041	2954
4095	2048	3071	3818	2040	2956
0	2303	3071	352	2315	2981
256	2303	3071	578	2315	2980
512	2303	3071	797	2316	2976
768	2303	3071	1011	2316	2976
1024	2303	3071	1235	2312	2973
1280	2303	3071	1451	2312	2976
1536	2303	3071	1664	2311	2968
1792	2303	3071	1880	2310	2969
2048	2303	3071	2105	2312	2968
2303	2303	3071	2339	2314	2968
2559	2303	3071	2550	2318	2969
2815	2303	3071	2765	2313	2964
3071	2303	3071	2979	2308	2964
3327	2303	3071	3196	2307	2961
3583	2303	3071	3412	2306	2957
3839	2303	3071	3630	2306	2957
4095	2303	3071	3846	2305	2954
0	2559	3071	381	2564	2983
256	2559	3071	606	2564	2981
512	2559	3071	824	2564	2981
768	2559	3071	1038	2564	2981
1024	2559	3071	1265	2561	2980
1280	2559	3071	1480	2563	2974
1536	2559	3071	1695	2562	2976
1792	2559	3071	1912	2562	2972
2048	2559	3071	2138	2562	2973
2303	2559	3071	2368	2565	2975
2559	2559	3071	2578	2564	2977
2815	2559	3071	2795	2560	2976
3071	2559	3071	3013	2560	2970
3327	2559	3071	3228	2555	2965
3583	2559	3071	3444	2554	2962
3839	2559	3071	3661	2552	2961
4095	2559	3071	3875	2552	2962
0	2815	3071	407	2812	2988
256	2815	3071	632	2811	2986
512	2815	3071	850	2812	2985
768	2815	3071	1067	2813	2985
1024	2815	3071	1294	2812	2984
1280	2815	3071	1504	2807	2978
1536	2815	3071	1719	2806	2980
1792	2815	3071	1938	2808	2979
2048	2815	3071	2167	2810	2979
2303	2815	3071	2393	2810	2980
2559	2815	3071	2604	2808	2979
2815	2815	3071	2824	2807	2974
3071	2815	3071	3038	2801	2973
3327	2815	3071	3256	2801	2972
3583	2815	3071	3470	2797	2967
3839	2815	3071	3687	2796	2966
4095	2815	3071	3899	2795	2964
0	3071	3071	433	3063	2993
256	3071	3071	657	3064	2992
512	3071	3071	875	3062	2991
768	3071	3071	1092	3060	2991
1024	3071	3071	1317	3056	2986
1280	3071	3071	1530	3060	2988
1536	3071	3071	1746	3058	2983
1792	3071	3071	1964	3058	2982
2048	3071	3071	2193	3058	2984
2303	3071	3071	2416	3057	2984
2559	3071	3071	2630	3058	2983
2815	3071	3071	2849	3056	2980
3071	3071	3071	3064	3051	2974
3327	3071	3071	3285	3052	2974
3583	3071	3071	3498	3049	2972
3839	3071	3071	3715	3048	2968
4095	3071	3071	3925	3046	2968
0	3327	3071	459	3315	2997
256	3327	3071	683	3314	2997
512	3327	3071	901	3315	2995
768	3327	3071	1120	3315	2992
1024	3327	3071	1344	3313	2988
1280	3327	3071	1555	3308	2989
1536	3327	3071	1771	3307	2989
1792	3327	3071	1991	3310	2987
2048	3327	3071	2226	3313	2988
2303	3327	3071	2446	3314	2986
2559	3327	3071	2658	3308	2986
2815	3327	3071	2873	3302	2983
3071	3327	3071	3092	3302	2979
3327	3327	3071	3310	3300	2978
3583	3327	3071	3527	3298	2979
3839	3327	3071	3742	3295	2974
4095	3327	3071	3953	3295	2972
0	3583	3071	485	3557	3002
256	3583	3071	707	3556	3000
512	3583	3071	925	3559	3000
768	3583	3071	1148	3560	3002
1024	3583	3071	1369	3556	2999
1280	3583	3071	1582	3553	2994
1536	3583	3071	1798	3551	2993
1792	3583	3071	2017	3552	2991
2048	3583	3071	2252	3554	2994
2303	3583	3071	2470	3554	2996
2559	3583	3071	2684	3552	2994
2815	3583	3071	2902	3547	2986
3071	3583	3071	3120	3544	2986
3327	3583	3071	3338	3543	2982
3583	3583	3071	3555	3541	2982
3839	3583	3071	3773	3540	2981
4095	3583	3071	3980	3539	2978
0	3839	3071	512	3810	3007
256	3839	3071	734	3808	3005
512	3839	3071	951	3811	3004
768	3839	3071	1175	3812	3008
1024	3839	3071	1396	3807	3003
1280	3839	3071	1608	3803	3000
1536	3839	3071	1826	3804	2999
1792	3839	3071	2046	3805	2999
2048	3839	3071	2282	3803	2999
2303	3839	3071	2496	3803	3000
2559	3839	3071	2714	3800	2999
2815	3839	3071	2931	3796	2995
3071	3839	3071	3148	3793	2990
3327	3839	3071	3367	3793	2988
3583	3839	3071	3582	3789	2986
3839	3839	3071	3800	3787	2986
4095	3839	3071	4009	3788	2986
0	4095	3071	540	4057	3014
256	4095	3071	762	4057	3015
512	4095	3071	979	4058	3014
768	4095	3071	1203	4054	3014
1024	4095	3071	1421	4049	3010
1280	4095	3071	1636	4046	3005
1536	4095	3071	1854	4048	3008
1792	4095	3071	2076	4050	3008
2048	4095	3071	2314	4048	3007
2303	4095	3071	2525	4048	3006
2559	4095	3071	2741	4043	3004
2815	4095	3071	2960	4039	3002
3071	4095	3071	3179	4037	2997
3327	4095	3071	3398	4037	2996
3583	4095	3071	3614	4031	2992
3839	4095	3071	3832	4030	2992
4095	4095	3071	4038	4030	2990
0	0	3327	137	54	3179
256	0	3327	363	55	3178
512	0	3327	587	56	3176
768	0	3327	802	56	3175
1024	0	3327	1013	57	3174
1280	0	3327	1237	59	3170
1536	0	3327	1446	60	3166
1792	0	3327	1657	60	3162
2048	0	3327	1871	61	3163
2303	0	3327	2092	61	3163
2559	0	3327	2324	63	3163
2815	0	3327	2530	63	3162
3071	0	3327	2747	64	3160
3327	0	3327	2961	64	3157
3583	0	3327	3175	65	3152
3839	0	3327	3390	66	3150
4095	0	3327	3606	67	3150
0	256	3327	162	308	3183
256	256	3327	388	309	3182
512	256	3327	610	311	3179
768	256	3327	825	312	3177
1024	256	3327	1037	312	3176
1280	256	3327	1262	314	3175
1536	256	3327	1469	313	3168
1792	256	3327	1683	314	3169
2048	256	3327	1897	314	3168
2303	256	3327	2121	316	3170
2559	256	3327	2350	316	3170
2815	256	3327	2558	318	3167
3071	256	3327	2775	317	3166
3327	256	3327	2990	318	3163
3583	256	3327	3203	318	3158
3839	256	3327	3420	319	3157
4095	256	3327	3637	320	3156
0	512	3327	186	559	3187
256	512	3327	412	560	3186
512	512	3327	634	561	3184
768	512	3327	848	562	3182
1024	512	3327	1061	562	3179
1280	512	3327	1286	562	3174
1536	512	3327	1492	562	3174
1792	512	3327	1708	563	3176
2048	512	3327	1924	564	3174
2303	512	3327	2148	564	3172
2559	512	3327	2372	565	3172
2815	512	3327	2582	564	3170
3071	512	3327	2799	566	3168
3327	512	3327	3016	566	3167
3583	512	3327	3231	566	3164
3839	512	3327	3447	566	3163
4095	512	3327	3662	566	3159
0	768	3327	211	812	3192
256	768	3327	436	811	3190
512	768	3327	658	813	3190
768	768	3327	872	814	3188
1024	768	3327	1087	812	3184
1280	768	3327	1310	812	3181
1536	768	3327	1519	813	3181
1792	768	3327	1734	813	3180
2048	768	3327	1948	813	3179
2303	768	3327	2178	814	3181
2559	768	3327	2400	815	3180
2815	768	3327	2610	815	3178
3071	768	3327	2828	816	3174
3327	768	3327	3043	814	3171
3583	768	3327	3259	815	3171
3839	768	3327	3472	814	3166
4095	768	3327	3689	814	3165
0	1024	3327	236	1061	3198
256	1024	3327	462	1063	3196
512	1024	3327	683	1064	3196
768	1024	3327	897	1064	3194
1024	1024	3327	1114	1063	3187
1280	1024	3327	1333	1062	3186
1536	1024	3327	1544	1062	3185
1792	1024	3327	1759	1062	3184
2048	1024	3327	1976	1063	3186
2303	1024	3327	2210	1065	3189
2559	1024	3327	2428	1066	3189
2815	1024	3327	2640	1066	3185
3071	1024	3327	2856	1064	3181
3327	1024	3327	3070	1063	3177
3583	1024	3327	3288	1064	3176
3839	1024	3327	3500	1062	3173
4095	1024	3327	3718	1062	3171
0	1280	3327	260	1316	3203
256	1280	3327	487	1316	3202
512	1280	3327	707	1315	3199
768	1280	3327	920	1315	3198
1024	1280	3327	1140	1315	3196
1280	1280	3327	1359	1315	3193
1536	1280	3327	1570	1314	3191
1792	1280	3327	1785	1315	3191
2048	1280	3327	2002	1316	3191
2303	1280	3327	2237	1316	3192
2559	1280	3327	2452	1318	3192
2815	1280	3327	2667	1317	3191
3071	1280	3327	2883	1316	3185
3327	1280	3327	3097	1314	3182
3583	1280	3327	3313	1314	3178
3839	1280	3327	3529	1314	3179
4095	1280	3327	3744	1312	3176
0	1536	3327	286	1560	3207
256	1536	3327	513	1561	3206
512	1536	3327	733	1563	3206
768	1536	3327	946	1562	3204
1024	1536	3327	1168	1563	3204
1280	1536	3327	1385	1560	3196
1536	1536	3327	1596	1559	3199
1792	1536	3327	1814	1562	3198
2048	1536	3327	2031	1562	3198
2303	1536	3327	2264	1561	3195
2559	1536	3327	2478	1562	3199
2815	1536	3327	2692	1562	3194
3071	1536	3327	2909	1560	3190
3327	1536	3327	3124	1559	3185
3583	1536	3327	3339	1557	3185
3839	1536	3327	3558	1558	3183
4095	1536	3327	3774	1558	3184
0	1792	3327	311	1808	3214
256	1792	3327	539	1809	3212
512	1792	3327	757	1808	3212
768	1792	3327	970	1810	3212
1024	1792	3327	1194	1809	3209
1280	1792	3327	1410	1808	3207
1536	1792	3327	1625	1808	3207
1792	1792	3327	1842	1808	3207
2048	1792	3327	2062	1811	3204
2303	1792	3327	2294	1808	3204
2559	1792	3327	2506	1810	3206
2815	1792	3327	2721	1808	3202
3071	1792	3327	2937	1806	3197
3327	1792	3327	3153	1804	3194
3583	1792	3327	3369	1803	3192
3839	1792	3327	3586	1803	3192
4095	1792	3327	3804	1803	3190
0	2048	3327	338	2055	3220
256	2048	3327	565	2054	3217
512	2048	3327	783	2054	3219
768	2048	3327	997	2054	3220
1024	2048	3327	1222	2055	3218
1280	2048	3327	1438	2055	3216
1536	2048	3327	1653	2053	3211
1792	2048	3327	1869	2052	3212
2048	2048	3327	2091	2053	3211
2303	2048	3327	2324	2055	3211
2559	2048	3327	2532	2054	3211
2815	2048	3327	2752	2054	3208
3071	2048	3327	2966	2050	3202
3327	2048	3327	3182	2048	3200
3583	2048	3327	3400	2049	3199
3839	2048	3327	3617	2048	3196
4095	2048	3327	3830	2046	3195
0	2303	3327	362	2321	3224
256	2303	3327	588	2321	3222
512	2303	3327	807	2320	3220
768	2303	3327	1022	2324	3221
1024	2303	3327	1250	2323	3222
1280	2303	3327	1460	2317	3216
1536	2303	3327	1674	2316	3215
1792	2303	3327	1892	2316	3212
2048	2303	3327	2117	2318	3214
2303	2303	3327	2350	2320	3211
2559	2303	3327	2558	2320	3212
2815	2303	3327	2775	2316	3209
3071	2303	3327	2991	2314	3206
3327	2303	3327	3206	2312	3203
3583	2303	3327	3422	2310	3201
3839	2303	3327	3641	2310	3200
4095	2303	3327	3855	2309	3199
0	2559	3327	391	2568	3227
256	2559	3327	616	2567	3226
512	2559	3327	834	2569	3225
768	2559	3327	1050	2571	3228
1024	2559	3327	1278	2568	3226
1280	2559	3327	1488	2567	3224
1536	2559	3327	1706	2567	3216
1792	2559	3327	1924	2568	3217
2048	2559	3327	2151	2569	3216
2303	2559	3327	2378	2568	3219
2559	2559	3327	2588	2568	3218
2815	2559	3327	2806	2565	3217
3071	2559	3327	3022	2562	3211
3327	2559	3327	3240	2561	3209
3583	2559	3327	3454	2558	3203
3839	2559	3327	3670	2555	3202
4095	2559	3327	3884	2556	3203
0	2815	3327	418	2816	3230
256	2815	3327	642	2817	3229
512	2815	3327	860	2818	3228
768	2815	3327	1076	2816	3230
1024	2815	3327	1302	2812	3225
1280	2815	3327	1515	2814	3226
1536	2815	3327	1732	2814	3224
1792	2815	3327	1949	2813	3224
2048	2815	3327	2178	2813	3224
2303	2815	3327	2403	2814	3223
2559	2815	3327	2616	2813	3221
2815	2815	3327	2834	2811	3218
3071	2815	3327	3050	2806	3216
3327	2815	3327	3267	2805	3212
3583	2815	3327	3483	2804	3210
3839	2815	3327	3701	2803	3206
4095	2815	3327	3910	2800	3206
0	3071	3327	444	3070	3236
256	3071	3327	668	3068	3236
512	3071	3327	884	3068	3235
768	3071	3327	1104	3070	3233
1024	3071	3327	1330	3067	3228
1280	3071	3327	1540	3066	3227
1536	3071	3327	1756	3064	3228
1792	3071	3327	1975	3064	3228
2048	3071	3327	2207	3066	3226
2303	3071	3327	2429	3067	3227
2559	3071	3327	2642	3065	3227
2815	3071	3327	2859	3060	3222
3071	3071	3327	3074	3055	3217
3327	3071	3327	3292	3054	3217
3583	3071	3327	3510	3054	3215
3839	3071	3327	3728	3053	3213
4095	3071	3327	3938	3052	3213
0	3327	3327	470	3323	3243
256	3327	3327	694	3321	3242
512	3327	3327	910	3321	3237
768	3327	3327	1131	3320	3240
1024	3327	3327	1355	3318	3237
1280	3327	3327	1568	3316	3234
1536	3327	3327	1783	3314	3232
1792	3327	3327	2002	3315	3231
2048	3327	3327	2236	3316	3230
2303	3327	3327	2456	3319	3233
2559	3327	3327	2672	3317	3231
2815	3327	3327	2888	3311	3226
3071	3327	3327	3103	3305	3220
3327	3327	3327	3324	3307	3220
3583	3327	3327	3540	3304	3219
3839	3327	3327	3758	3303	3218
4095	3327	3327	3966	3302	3217
0	3583	3327	496	3569	3248
256	3583	3327	718	3568	3248
512	3583	3327	937	3567	3247
768	3583	3327	1159	3566	3246
1024	3583	3327	1380	3562	3242
1280	3583	3327	1594	3562	3240
1536	3583	3327	1810	3559	3238
1792	3583	3327	2029	3560	3238
2048	3583	3327	2264	3560	3238
2303	3583	3327	2482	3561	3239
2559	3583	3327	2696	3556	3240
2815	3583	3327	2913	3552	3233
3071	3583	3327	3132	3551	3228
3327	3583	3327	3350	3548	3228
3583	3583	3327	3565	3544	3227
3839	3583	3327	3786	3546	3225
4095	3583	3327	3991	3544	3223
0	3839	3327	524	3820	3258
256	3839	3327	746	3820	3257
512	3839	3327	962	3819	3254
768	3839	3327	1187	3817	3253
1024	3839	3327	1407	3815	3248
1280	3839	3327	1621	3812	3247
1536	3839	3327	1837	3808	3245
1792	3839	3327	2056	3809	3245
2048	3839	3327	2296	3812	3244
2303	3839	3327	2509	3812	3244
2559	3839	3327	2726	3807	3243
2815	3839	3327	2944	3804	3236
3071	3839	3327	3162	3801	3236
3327	3839	3327	3379	3797	3232
3583	3839	3327	3597	3796	3229
3839	3839	3327	3814	3794	3228
4095	3839	3327	4021	3794	3230
0	4095	3327	552	4066	3263
256	4095	3327	773	4064	3262
512	4095	3327	990	4066	3264
768	4095	3327	1215	4062	3260
1024	4095	3327	1433	4058	3257
1280	4095	3327	1648	4054	3254
1536	4095	3327	1866	4054	3251
1792	4095	3327	2088	4054	3252
2048	4095	3327	2326	4055	3251
2303	4095	3327	2535	4053	3252
2559	4095	3327	2754	4050	3251
2815	4095	3327	2971	4044	3245
3071	4095	3327	3190	4042	3243
3327	4095	3327	3410	4042	3239
3583	4095	3327	3628	4040	3238
3839	4095	3327	3846	4040	3236
4095	4095	3327	4050	4036	3235
0	0	3583	148	58	3417
256	0	3583	374	59	3416
512	0	3583	597	60	3413
768	0	3583	813	60	3413
1024	0	3583	1025	62	3413
1280	0	3583	1248	62	3409
1536	0	3583	1457	63	3405
1792	0	3583	1669	64	3403
2048	0	3583	1883	65	3403
2303	0	3583	2107	66	3405
2559	0	3583	2337	67	3405
2815	0	3583	2542	67	3403
3071	0	3583	2760	68	3401
3327	0	3583	2976	68	3398
3583	0	3583	3191	69	3394
3839	0	3583	3405	70	3391
4095	0	3583	3620	72	3390
0	256	3583	172	313	3424
256	256	3583	398	314	3421
512	256	3583	620	315	3417
768	256	3583	835	315	3417
1024	256	3583	1049	317	3414
1280	256	3583	1273	317	3414
1536	256	3583	1481	318	3409
1792	256	3583	1694	319	3408
2048	256	3583	1910	319	3409
2303	256	3583	2136	320	3412
2559	256	3583	2364	321	3413
2815	256	3583	2574	322	3409
3071	256	3583	2789	322	3406
3327	256	3583	3004	322	3404
3583	256	3583	3218	323	3400
3839	256	3583	3432	323	3396
4095	256	3583	3648	324	3394
0	512	3583	196	565	3428
256	512	3583	422	566	3427
512	512	3583	644	566	3423
768	512	3583	858	566	3422
1024	512	3583	1073	567	3418
1280	512	3583	1296	567	3417
1536	512	3583	1505	567	3415
1792	512	3583	1720	568	3416
2048	512	3583	1938	569	3418
2303	512	3583	2164	570	3416
2559	512	3583	2386	570	3414
2815	512	3583	2596	570	3412
3071	512	3583	2814	570	3408
3327	512	3583	3028	571	3406
3583	512	3583	3246	571	3405
3839	512	3583	3458	571	3400
4095	512	3583	3673	571	3398
0	768	3583	213	820	3433
256	768	3583	443	819	3431
512	768	3583	668	818	3430
768	768	3583	884	818	3428
1024	768	3583	1099	818	3426
1280	768	3583	1322	818	3420
1536	768	3583	1529	817	3423
1792	768	3583	1746	818	3422
2048	768	3583	1962	818	3420
2303	768	3583	2192	820	3420
2559	768	3583	2411	820	3419
2815	768	3583	2622	819	3416
3071	768	3583	2840	820	3413
3327	768	3583	3056	819	3410
3583	768	3583	3271	820	3409
3839	768	3583	3486	819	3406
4095	768	3583	3704	820	3406
0	1024	3583	236	1070	3437
256	1024	3583	461	1072	3436
512	1024	3583	689	1070	3436
768	1024	3583	909	1069	3436
1024	1024	3583	1126	1070	3431
1280	1024	3583	1346	1068	3430
1536	1024	3583	1558	1068	3426
1792	1024	3583	1770	1068	3425
2048	1024	3583	1986	1068	3423
2303	1024	3583	2221	1069	3427
2559	1024	3583	2438	1071	3427
2815	1024	3583	2650	1070	3424
3071	1024	3583	2868	1069	3420
3327	1024	3583	3083	1068	3416
3583	1024	3583	3298	1068	3414
3839	1024	3583	3515	1068	3414
4095	1024	3583	3735	1070	3415
0	1280	3583	260	1324	3444
256	1280	3583	487	1327	3445
512	1280	3583	715	1322	3442
768	1280	3583	932	1321	3442
1024	1280	3583	1153	1322	3439
1280	1280	3583	1372	1321	3434
1536	1280	3583	1582	1319	3432
1792	1280	3583	1796	1320	3432
2048	1280	3583	2014	1320	3432
2303	1280	3583	2250	1322	3432
2559	1280	3583	2466	1324	3436
2815	1280	3583	2681	1323	3432
3071	1280	3583	2896	1321	3426
3327	1280	3583	3111	1320	3420
3583	1280	3583	3326	1319	3418
3839	1280	3583	3542	1319	3419
4095	1280	3583	3760	1319	3418
0	1536	3583	297	1567	3450
256	1536	3583	525	1568	3450
512	1536	3583	744	1568	3448
768	1536	3583	958	1568	3445
1024	1536	3583	1180	1568	3445
1280	1536	3583	1398	1567	3442
1536	1536	3583	1610	1567	3442
1792	1536	3583	1826	1568	3442
2048	1536	3583	2044	1568	3439
2303	1536	3583	2277	1567	3436
2559	1536	3583	2491	1569	3440
2815	1536	3583	2705	1567	3434
3071	1536	3583	2920	1564	3429
3327	1536	3583	3135	1562	3425
3583	1536	3583	3352	1562	3426
3839	1536	3583	3571	1564	3425
4095	1536	3583	3788	1563	3425
0	1792	3583	323	1816	3458
256	1792	3583	551	1816	3456
512	1792	3583	768	1814	3454
768	1792	3583	981	1814	3453
1024	1792	3583	1206	1816	3454
1280	1792	3583	1423	1815	3450
1536	1792	3583	1638	1815	3452
1792	1792	3583	1856	1816	3452
2048	1792	3583	2077	1818	3447
2303	1792	3583	2309	1815	3446
2559	1792	3583	2518	1816	3446
2815	1792	3583	2736	1815	3444
3071	1792	3583	2951	1813	3438
3327	1792	3583	3166	1810	3435
3583	1792	3583	3383	1809	3433
3839	1792	3583	3600	1809	3431
4095	1792	3583	3816	1808	3430
0	2048	3583	349	2063	3464
256	2048	3583	576	2062	3460
512	2048	3583	794	2061	3464
768	2048	3583	993	2070	3463
1024	2048	3583	1216	2069	3459
1280	2048	3583	1443	2063	3457
1536	2048	3583	1664	2060	3457
1792	2048	3583	1882	2062	3456
2048	2048	3583	2105	2061	3455
2303	2048	3583	2338	2062	3454
2559	2048	3583	2544	2060	3453
2815	2048	3583	2765	2060	3451
3071	2048	3583	2979	2057	3445
3327	2048	3583	3196	2056	3443
3583	2048	3583	3414	2056	3438
3839	2048	3583	3629	2052	3437
4095	2048	3583	3843	2052	3437
0	2303	3583	373	2326	3466
256	2303	3583	599	2328	3465
512	2303	3583	818	2328	3461
768	2303	3583	1032	2328	3464
1024	2303	3583	1260	2328	3464
1280	2303	3583	1471	2324	3457
1536	2303	3583	1687	2324	3459
1792	2303	3583	1905	2325	3456
2048	2303	3583	2130	2326	3460
2303	2303	3583	2363	2328	3459
2559	2303	3583	2572	2327	3454
2815	2303	3583	2788	2322	3452
3071	2303	3583	3006	2322	3450
3327	2303	3583	3221	2318	3444
3583	2303	3583	3436	2316	3442
3839	2303	3583	3654	2316	3442
4095	2303	3583	3868	2316	3441
0	2559	3583	403	2578	3470
256	2559	3583	628	2576	3468
512	2559	3583	846	2576	3468
768	2559	3583	1063	2579	3467
1024	2559	3583	1291	2578	3466
1280	2559	3583	1500	2574	3465
1536	2559	3583	1715	2572	3459
1792	2559	3583	1934	2573	3461
2048	2559	3583	2162	2573	3460
2303	2559	3583	2388	2574	3460
2559	2559	3583	2600	2572	3459
2815	2559	3583	2818	2570	3452
3071	2559	3583	3032	2567	3450
3327	2559	3583	3250	2565	3450
3583	2559	3583	3466	2564	3444
3839	2559	3583	3684	2562	3442
4095	2559	3583	3897	2562	3445
0	2815	3583	429	2826	3476
256	2815	3583	654	2826	3475
512	2815	3583	871	2824	3471
768	2815	3583	1088	2823	3473
1024	2815	3583	1315	2822	3470
1280	2815	3583	1526	2820	3469
1536	2815	3583	1743	2821	3465
1792	2815	3583	1962	2820	3463
2048	2815	3583	2192	2820	3465
2303	2815	3583	2415	2820	3464
2559	2815	3583	2628	2819	3462
2815	2815	3583	2847	2817	3458
3071	2815	3583	3062	2812	3456
3327	2815	3583	3280	2812	3453
3583	2815	3583	3497	2810	3448
3839	2815	3583	3714	2808	3447
4095	2815	3583	3924	2807	3448
0	3071	3583	455	3076	3482
256	3071	3583	679	3076	3482
512	3071	3583	896	3076	3478
768	3071	3583	1115	3076	3476
1024	3071	3583	1340	3073	3474
1280	3071	3583	1551	3072	3470
1536	3071	3583	1769	3071	3470
1792	3071	3583	1986	3070	3470
2048	3071	3583	2220	3073	3470
2303	3071	3583	2443	3075	3470
2559	3071	3583	2656	3072	3468
2815	3071	3583	2873	3067	3465
3071	3071	3583	3090	3064	3460
3327	3071	3583	3304	3058	3458
3583	3071	3583	3522	3059	3457
3839	3071	3583	3740	3058	3454
4095	3071	3583	3949	3058	3452
0	3327	3583	482	3331	3484
256	3327	3583	704	3330	3484
512	3327	3583	921	3328	3482
768	3327	3583	1142	3326	3481
1024	3327	3583	1365	3325	3478
1280	3327	3583	1580	3325	3476
1536	3327	3583	1795	3321	3475
1792	3327	3583	2014	3322	3474
2048	3327	3583	2249	3322	3472
2303	3327	3583	2467	3324	3477
2559	3327	3583	2684	3322	3476
2815	3327	3583	2902	3318	3468
3071	3327	3583	3117	3313	3464
3327	3327	3583	3335	3310	3459
3583	3327	3583	3550	3308	3458
3839	3327	3583	3769	3308	3458
4095	3327	3583	3977	3308	3458
0	3583	3583	507	3574	3492
256	3583	3583	730	3575	3492
512	3583	3583	947	3574	3492
768	3583	3583	1170	3574	3488
1024	3583	3583	1392	3570	3484
1280	3583	3583	1605	3566	3483
1536	3583	3583	1822	3566	3480
1792	3583	3583	2040	3566	3480
2048	3583	3583	2278	3567	3481
2303	3583	3583	2492	3567	3480
2559	3583	3583	2708	3564	3481
2815	3583	3583	2927	3560	3477
3071	3583	3583	3145	3557	3471
3327	3583	3583	3362	3554	3468
3583	3583	3583	3579	3552	3465
3839	3583	3583	3798	3552	3465
4095	3583	3583	4005	3551	3464
0	3839	3583	535	3828	3498
256	3839	3583	755	3825	3498
512	3839	3583	973	3827	3499
768	3839	3583	1198	3824	3497
1024	3839	3583	1418	3820	3493
1280	3839	3583	1632	3818	3489
1536	3839	3583	1850	3817	3488
1792	3839	3583	2070	3817	3488
2048	3839	3583	2307	3816	3487
2303	3839	3583	2521	3819	3488
2559	3839	3583	2739	3815	3486
2815	3839	3583	2955	3810	3481
3071	3839	3583	3173	3805	3477
3327	3839	3583	3391	3803	3473
3583	3839	3583	3609	3802	3472
3839	3839	3583	3828	3802	3472
4095	3839	3583	4033	3799	3470
0	4095	3583	561	4072	3508
256	4095	3583	782	4070	3507
512	4095	3583	1000	4071	3504
768	4095	3583	1226	4066	3503
1024	4095	3583	1444	4063	3498
1280	4095	3583	1660	4062	3497
1536	4095	3583	1878	4062	3496
1792	4095	3583	2100	4060	3494
2048	4095	3583	2338	4060	3494
2303	4095	3583	2548	4062	3494
2559	4095	3583	2768	4059	3496
2815	4095	3583	2986	4053	3490
3071	4095	3583	3203	4050	3483
3327	4095	3583	3422	4048	3480
3583	4095	3583	3640	4046	3479
3839	4095	3583	3857	4044	3478
4095	4095	3583	4062	4042	3477
0	0	3839	158	62	3658
256	0	3839	384	63	3655
512	0	3839	608	64	3654
768	0	3839	824	65	3654
1024	0	3839	1037	66	3651
1280	0	3839	1260	67	3650
1536	0	3839	1470	67	3647
1792	0	3839	1684	68	3646
2048	0	3839	1898	70	3645
2303	0	3839	2122	70	3646
2559	0	3839	2350	71	3644
2815	0	3839	2558	71	3645
3071	0	3839	2775	72	3642
3327	0	3839	2991	73	3639
3583	0	3839	3206	74	3636
3839	0	3839	3422	74	3633
4095	0	3839	3637	75	3631
0	256	3839	182	318	3663
256	256	3839	409	319	3662
512	256	3839	631	320	3658
768	256	3839	847	320	3658
1024	256	3839	1062	322	3656
1280	256	3839	1286	322	3655
1536	256	3839	1494	322	3652
1792	256	3839	1709	324	3651
2048	256	3839	1924	324	3651
2303	256	3839	2150	326	3650
2559	256	3839	2375	326	3653
2815	256	3839	2587	327	3650
3071	256	3839	2802	326	3644
3327	256	3839	3018	327	3644
3583	256	3839	3232	327	3638
3839	256	3839	3446	328	3634
4095	256	3839	3664	329	3634
0	512	3839	207	570	3668
256	512	3839	434	571	3668
512	512	3839	656	571	3666
768	512	3839	871	572	3662
1024	512	3839	1086	572	3660
1280	512	3839	1309	573	3658
1536	512	3839	1519	574	3658
1792	512	3839	1732	573	3655
2048	512	3839	1950	574	3658
2303	512	3839	2180	575	3660
2559	512	3839	2403	576	3660
2815	512	3839	2613	576	3655
3071	512	3839	2829	576	3651
3327	512	3839	3046	576	3647
3583	512	3839	3259	576	3644
3839	512	3839	3472	576	3640
4095	512	3839	3691	576	3640
0	768	3839	226	824	3674
256	768	3839	456	824	3673
512	768	3839	680	824	3671
768	768	3839	896	823	3670
1024	768	3839	1112	824	3666
1280	768	3839	1334	824	3664
1536	768	3839	1545	824	3664
1792	768	3839	1760	824	3663
2048	768	3839	1977	824	3663
2303	768	3839	2209	827	3666
2559	768	3839	2428	826	3665
2815	768	3839	2640	826	3660
3071	768	3839	2857	826	3657
3327	768	3839	3073	826	3651
3583	768	3839	3287	826	3650
3839	768	3839	3502	825	3648
4095	768	3839	3720	825	3647
0	1024	3839	241	1080	3678
256	1024	3839	466	1081	3676
512	1024	3839	699	1076	3676
768	1024	3839	920	1074	3676
1024	1024	3839	1140	1075	3674
1280	1024	3839	1360	1075	3673
1536	1024	3839	1572	1075	3669
1792	1024	3839	1785	1074	3670
2048	1024	3839	2002	1075	3668
2303	1024	3839	2236	1076	3671
2559	1024	3839	2452	1076	3668
2815	1024	3839	2665	1076	3666
3071	1024	3839	2882	1075	3660
3327	1024	3839	3097	1074	3657
3583	1024	3839	3313	1073	3653
3839	1024	3839	3529	1074	3653
4095	1024	3839	3747	1074	3653
0	1280	3839	266	1332	3683
256	1280	3839	491	1332	3684
512	1280	3839	725	1328	3681
768	1280	3839	944	1328	3682
1024	1280	3839	1166	1328	3679
1280	1280	3839	1384	1328	3676
1536	1280	3839	1595	1326	3676
1792	1280	3839	1811	1326	3674
2048	1280	3839	2028	1326	3674
2303	1280	3839	2266	1329	3676
2559	1280	3839	2478	1330	3676
2815	1280	3839	2692	1328	3671
3071	1280	3839	2909	1326	3668
3327	1280	3839	3125	1325	3662
3583	1280	3839	3339	1324	3661
3839	1280	3839	3557	1324	3660
4095	1280	3839	3774	1324	3658
0	1536	3839	308	1574	3696
256	1536	3839	537	1576	3692
512	1536	3839	755	1575	3691
768	1536	3839	968	1573	3687
1024	1536	3839	1190	1573	3685
1280	1536	3839	1410	1574	3686
1536	1536	3839	1624	1575	3683
1792	1536	3839	1838	1574	3683
2048	1536	3839	2058	1575	3683
2303	1536	3839	2294	1574	3682
2559	1536	3839	2504	1575	3681
2815	1536	3839	2720	1574	3676
3071	1536	3839	2935	1570	3671
3327	1536	3839	3152	1570	3670
3583	1536	3839	3370	1570	3669
3839	1536	3839	3586	1570	3664
4095	1536	3839	3801	1568	3665
0	1792	3839	335	1824	3703
256	1792	3839	562	1826	3699
512	1792	3839	781	1824	3698
768	1792	3839	993	1823	3697
1024	1792	3839	1218	1822	3696
1280	1792	3839	1434	1822	3692
1536	1792	3839	1649	1820	3690
1792	1792	3839	1867	1822	3693
2048	1792	3839	2090	1825	3690
2303	1792	3839	2323	1823	3690
2559	1792	3839	2532	1822	3690
2815	1792	3839	2748	1820	3684
3071	1792	3839	2964	1818	3680
3327	1792	3839	3183	1818	3679
3583	1792	3839	3400	1817	3673
3839	1792	3839	3614	1815	3672
4095	1792	3839	3830	1815	3674
0	2048	3839	360	2070	3708
256	2048	3839	587	2069	3705
512	2048	3839	805	2069	3708
768	2048	3839	1012	2075	3706
1024	2048	3839	1239	2075	3703
1280	2048	3839	1458	2068	3698
1536	2048	3839	1676	2067	3697
1792	2048	3839	1893	2067	3696
2048	2048	3839	2117	2067	3697
2303	2048	3839	2351	2070	3697
2559	2048	3839	2559	2068	3694
2815	2048	3839	2777	2067	3691
3071	2048	3839	2994	2065	3687
3327	2048	3839	3211	2063	3682
3583	2048	3839	3426	2060	3680
3839	2048	3839	3644	2060	3682
4095	2048	3839	3860	2062	3680
0	2303	3839	385	2336	3711
256	2303	3839	611	2336	3710
512	2303	3839	830	2334	3708
768	2303	3839	1044	2333	3709
1024	2303	3839	1272	2334	3706
1280	2303	3839	1484	2332	3702
1536	2303	3839	1701	2332	3702
1792	2303	3839	1918	2332	3700
2048	2303	3839	2144	2332	3700
2303	2303	3839	2374	2333	3699
2559	2303	3839	2584	2332	3698
2815	2303	3839	2804	2330	3695
3071	2303	3839	3018	2326	3689
3327	2303	3839	3234	2325	3686
3583	2303	3839	3454	2325	3686
3839	2303	3839	3672	2326	3685
4095	2303	3839	3884	2323	3682
0	2559	3839	414	2582	3710
256	2559	3839	639	2584	3713
512	2559	3839	858	2585	3712
768	2559	3839	1076	2587	3710
1024	2559	3839	1302	2583	3708
1280	2559	3839	1512	2581	3706
1536	2559	3839	1729	2580	3704
1792	2559	3839	1946	2580	3703
2048	2559	3839	2175	2580	3701
2303	2559	3839	2403	2582	3705
2559	2559	3839	2615	2580	3699
2815	2559	3839	2832	2576	3696
3071	2559	3839	3049	2575	3695
3327	2559	3839	3266	2573	3691
3583	2559	3839	3482	2571	3688
3839	2559	3839	3699	2570	3687
4095	2559	3839	3913	2570	3688
0	2815	3839	440	2833	3715
256	2815	3839	664	2832	3716
512	2815	3839	882	2832	3715
768	2815	3839	1101	2831	3718
1024	2815	3839	1328	2832	3712
1280	2815	3839	1539	2829	3710
1536	2815	3839	1754	2826	3706
1792	2815	3839	1972	2826	3706
2048	2815	3839	2204	2826	3705
2303	2815	3839	2427	2826	3707
2559	2815	3839	2639	2824	3705
2815	2815	3839	2858	2820	3699
3071	2815	3839	3076	2819	3695
3327	2815	3839	3294	2819	3695
3583	2815	3839	3508	2815	3690
3839	2815	3839	3726	2814	3688
4095	2815	3839	3936	2813	3689
0	3071	3839	466	3083	3726
256	3071	3839	689	3083	3722
512	3071	3839	907	3084	3721
768	3071	3839	1128	3084	3720
1024	3071	3839	1350	3080	3718
1280	3071	3839	1564	3080	3715
1536	3071	3839	1782	3079	3714
1792	3071	3839	1999	3079	3711
2048	3071	3839	2234	3079	3712
2303	3071	3839	2452	3078	3711
2559	3071	3839	2667	3076	3708
2815	3071	3839	2885	3072	3703
3071	3071	3839	3100	3068	3699
3327	3071	3839	3318	3066	3698
3583	3071	3839	3536	3066	3697
3839	3071	3839	3752	3063	3692
4095	3071	3839	3959	3061	3691
0	3327	3839	493	3340	3728
256	3327	3839	716	3339	3727
512	3327	3839	932	3336	3724
768	3327	3839	1154	3335	3726
1024	3327	3839	1377	3332	3720
1280	3327	3839	1590	3329	3718
1536	3327	3839	1807	3330	3717
1792	3327	3839	2026	3329	3718
2048	3327	3839	2263	3330	3717
2303	3327	3839	2480	3332	3718
2559	3327	3839	2696	3328	3713
2815	3327	3839	2914	3324	3710
3071	3327	3839	3132	3321	3704
3327	3327	3839	3348	3317	3701
3583	3327	3839	3564	3315	3700
3839	3327	3839	3784	3316	3700
4095	3327	3839	3992	3314	3696
0	3583	3839	519	3582	3738
256	3583	3839	741	3582	3737
512	3583	3839	958	3583	3736
768	3583	3839	1182	3581	3732
1024	3583	3839	1402	3576	3728
1280	3583	3839	1616	3574	3724
1536	3583	3839	1834	3574	3723
1792	3583	3839	2053	3573	3723
2048	3583	3839	2290	3572	3722
2303	3583	3839	2506	3574	3724
2559	3583	3839	2722	3571	3722
2815	3583	3839	2940	3566	3715
3071	3583	3839	3157	3562	3713
3327	3583	3839	3375	3560	3709
3583	3583	3839	3595	3560	3707
3839	3583	3839	3814	3560	3707
4095	3583	3839	4017	3556	3706
0	3839	3839	545	3835	3741
256	3839	3839	767	3832	3740
512	3839	3839	983	3832	3740
768	3839	3839	1208	3830	3740
1024	3839	3839	1428	3828	3734
1280	3839	3839	1644	3824	3731
1536	3839	3839	1862	3824	3731
1792	3839	3839	2083	3824	3730
2048	3839	3839	2321	3824	3729
2303	3839	3839	2533	3825	3729
2559	3839	3839	2753	3823	3730
2815	3839	3839	2969	3818	3722
3071	3839	3839	3186	3812	3718
3327	3839	3839	3406	3812	3715
3583	3839	3839	3626	3812	3716
3839	3839	3839	3841	3807	3713
4095	3839	3839	4046	3806	3712
0	4095	3839	572	4080	3751
256	4095	3839	794	4080	3749
512	4095	3839	1010	4076	3747
768	4095	3839	1237	4076	3745
1024	4095	3839	1456	4071	3742
1280	4095	3839	1672	4069	3739
1536	4095	3839	1891	4070	3737
1792	4095	3839	2115	4069	3738
2048	4095	3839	2353	4072	3738
2303	4095	3839	2561	4070	3737
2559	4095	3839	2781	4066	3736
2815	4095	3839	2998	4060	3733
3071	4095	3839	3216	4056	3725
3327	4095	3839	3434	4054	3724
3583	4095	3839	3654	4053	3723
3839	4095	3839	3870	4051	3718
4095	4095	3839	4081	4055	3720
0	0	4095	169	66	3904
256	0	4095	396	68	3902
512	0	4095	620	68	3900
768	0	4095	836	69	3898
1024	0	4095	1048	70	3896
1280	0	4095	1273	71	3896
1536	0	4095	1485	72	3895
1792	0	4095	1698	73	3894
2048	0	4095	1913	73	3892
2303	0	4095	2137	74	3892
2559	0	4095	2364	76	3891
2815	0	4095	2573	76	3891
3071	0	4095	2793	77	3890
3327	0	4095	3007	77	3884
3583	0	4095	3222	78	3882
3839	0	4095	3437	78	3878
4095	0	4095	3651	79	3874
0	256	4095	194	322	3908
256	256	4095	420	323	3906
512	256	4095	642	325	3904
768	256	4095	858	325	3904
1024	256	4095	1074	326	3903
1280	256	4095	1300	327	3898
1536	256	4095	1507	328	3899
1792	256	4095	1724	328	3898
2048	256	4095	1940	330	3898
2303	256	4095	2166	330	3896
2559	256	4095	2389	331	3898
2815	256	4095	2600	332	3895
3071	256	4095	2817	331	3889
3327	256	4095	3033	332	3889
3583	256	4095	3248	332	3884
3839	256	4095	3464	333	3881
4095	256	4095	3681	334	3879
0	512	4095	216	575	3914
256	512	4095	445	577	3913
512	512	4095	668	577	3913
768	512	4095	883	578	3912
1024	512	4095	1099	578	3906
1280	512	4095	1321	578	3902
1536	512	4095	1533	578	3906
1792	512	4095	1746	578	3901
2048	512	4095	1962	579	3901
2303	512	4095	2194	581	3906
2559	512	4095	2416	582	3905
2815	512	4095	2627	581	3901
3071	512	4095	2843	581	3898
3327	512	4095	3062	582	3892
3583	512	4095	3275	581	3890
3839	512	4095	3492	582	3888
4095	512	4095	3708	582	3887
0	768	4095	233	832	3921
256	768	4095	466	831	3921
512	768	4095	692	830	3918
768	768	4095	908	830	3918
1024	768	4095	1125	830	3912
1280	768	4095	1346	829	3914
1536	768	4095	1560	830	3911
1792	768	4095	1774	830	3910
2048	768	4095	1992	831	3913
2303	768	4095	2224	833	3912
2559	768	4095	2442	832	3911
2815	768	4095	2655	832	3908
3071	768	4095	2872	832	3903
3327	768	4095	3089	831	3900
3583	768	4095	3305	832	3898
3839	768	4095	3520	831	3894
4095	768	4095	3736	832	3893
0	1024	4095	250	1086	3924
256	1024	4095	476	1088	3924
512	1024	4095	711	1082	3924
768	1024	4095	932	1081	3924
1024	1024	4095	1154	1083	3923
1280	1024	4095	1373	1082	3919
1536	1024	4095	1584	1082	3917
1792	1024	4095	1801	1082	3921
2048	1024	4095	2020	1083	3919
2303	1024	4095	2252	1083	3918
2559	1024	4095	2467	1083	3917
2815	1024	4095	2681	1082	3913
3071	1024	4095	2899	1082	3908
3327	1024	4095	3116	1082	3906
3583	1024	4095	3334	1081	3900
3839	1024	4095	3546	1080	3900
4095	1024	4095	3762	1080	3898
0	1280	4095	277	1339	3934
256	1280	4095	503	1341	3934
512	1280	4095	738	1336	3932
768	1280	4095	956	1335	3929
1024	1280	4095	1178	1334	3927
1280	1280	4095	1397	1334	3924
1536	1280	4095	1610	1334	3925
1792	1280	4095	1826	1335	3922
2048	1280	4095	2044	1335	3924
2303	1280	4095	2280	1336	3924
2559	1280	4095	2491	1334	3921
2815	1280	4095	2706	1333	3917
3071	1280	4095	2923	1332	3912
3327	1280	4095	3139	1331	3908
3583	1280	4095	3356	1331	3907
3839	1280	4095	3574	1331	3903
4095	1280	4095	3788	1329	3902
0	1536	4095	320	1582	3943
256	1536	4095	549	1584	3941
512	1536	4095	768	1584	3941
768	1536	4095	981	1582	3938
1024	1536	4095	1204	1580	3930
1280	1536	4095	1422	1580	3932
1536	1536	4095	1636	1581	3928
1792	1536	4095	1852	1580	3930
2048	1536	4095	2074	1582	3930
2303	1536	4095	2309	1582	3931
2559	1536	4095	2518	1582	3929
2815	1536	4095	2734	1580	3922
3071	1536	4095	2951	1578	3918
3327	1536	4095	3168	1578	3915
3583	1536	4095	3386	1577	3913
3839	1536	4095	3602	1577	3908
4095	1536	4095	3814	1574	3910
0	1792	4095	345	1832	3949
256	1792	4095	574	1832	3950
512	1792	4095	793	1832	3946
768	1792	4095	1008	1832	3947
1024	1792	4095	1232	1828	3940
1280	1792	4095	1447	1828	3938
1536	1792	4095	1661	1827	3936
1792	1792	4095	1879	1828	3937
2048	1792	4095	2104	1829	3940
2303	1792	4095	2340	1832	3940
2559	1792	4095	2547	1831	3939
2815	1792	4095	2764	1828	3932
3071	1792	4095	2980	1825	3928
3327	1792	4095	3198	1824	3924
3583	1792	4095	3415	1824	3920
3839	1792	4095	3632	1822	3919
4095	1792	4095	3846	1822	3920
0	2048	4095	371	2077	3957
256	2048	4095	598	2077	3953
512	2048	4095	817	2076	3954
768	2048	4095	1034	2079	3953
1024	2048	4095	1259	2076	3949
1280	2048	4095	1472	2073	3945
1536	2048	4095	1688	2074	3944
1792	2048	4095	1906	2074	3942
2048	2048	4095	2132	2076	3946
2303	2048	4095	2366	2079	3944
2559	2048	4095	2576	2078	3940
2815	2048	4095	2792	2074	3938
3071	2048	4095	3010	2072	3934
3327	2048	4095	3226	2070	3928
3583	2048	4095	3441	2068	3926
3839	2048	4095	3660	2068	3927
4095	2048	4095	3876	2068	3926
0	2303	4095	397	2346	3961
256	2303	4095	623	2346	3958
512	2303	4095	841	2343	3956
768	2303	4095	1057	2342	3956
1024	2303	4095	1285	2342	3953
1280	2303	4095	1498	2341	3951
1536	2303	4095	1714	2340	3950
1792	2303	4095	1931	2340	3948
2048	2303	4095	2159	2340	3948
2303	2303	4095	2388	2341	3948
2559	2303	4095	2600	2340	3944
2815	2303	4095	2818	2338	3942
3071	2303	4095	3034	2334	3936
3327	2303	4095	3250	2332	3932
3583	2303	4095	3468	2332	3931
3839	2303	4095	3686	2331	3929
4095	2303	4095	3898	2330	3928
0	2559	4095	425	2594	3966
256	2559	4095	651	2594	3964
512	2559	4095	870	2594	3965
768	2559	4095	1088	2596	3959
1024	2559	4095	1314	2590	3958
1280	2559	4095	1525	2591	3956
1536	2559	4095	1742	2589	3952
1792	2559	4095	1960	2588	3950
2048	2559	4095	2189	2588	3952
2303	2559	4095	2416	2588	3950
2559	2559	4095	2628	2587	3947
2815	2559	4095	2846	2584	3941
3071	2559	4095	3062	2581	3940
3327	2559	4095	3280	2580	3937
3583	2559	4095	3498	2580	3936
3839	2559	4095	3714	2576	3932
4095	2559	4095	3924	2576	3934
0	2815	4095	451	2842	3966
256	2815	4095	676	2841	3965
512	2815	4095	894	2841	3963
768	2815	4095	1114	2841	3968
1024	2815	4095	1340	2840	3959
1280	2815	4095	1550	2834	3956
1536	2815	4095	1766	2832	3955
1792	2815	4095	1984	2831	3954
2048	2815	4095	2218	2834	3953
2303	2815	4095	2441	2834	3954
2559	2815	4095	2654	2833	3951
2815	2815	4095	2872	2828	3945
3071	2815	4095	3092	2828	3941
3327	2815	4095	3308	2826	3939
3583	2815	4095	3522	2822	3936
3839	2815	4095	3742	2823	3938
4095	2815	4095	3952	2822	3937
0	3071	4095	477	3094	3975
256	3071	4095	700	3092	3970
512	3071	4095	918	3092	3969
768	3071	4095	1140	3092	3969
1024	3071	4095	1363	3088	3966
1280	3071	4095	1576	3088	3960
1536	3071	4095	1794	3087	3960
1792	3071	4095	2012	3086	3956
2048	3071	4095	2245	3084	3956
2303	3071	4095	2462	3082	3956
2559	3071	4095	2679	3080	3954
2815	3071	4095	2898	3080	3947
3071	3071	4095	3113	3074	3946
3327	3071	4095	3333	3074	3942
3583	3071	4095	3550	3072	3940
3839	3071	4095	3766	3070	3937
4095	3071	4095	3974	3069	3937
0	3327	4095	503	3344	3977
256	3327	4095	727	3346	3976
512	3327	4095	944	3346	3974
768	3327	4095	1166	3342	3973
1024	3327	4095	1388	3339	3967
1280	3327	4095	1601	3336	3964
1536	3327	4095	1818	3336	3964
1792	3327	4095	2038	3336	3964
2048	3327	4095	2276	3338	3963
2303	3327	4095	2493	3339	3962
2559	3327	4095	2707	3334	3958
2815	3327	4095	2926	3330	3956
3071	3327	4095	3145	3328	3949
3327	3327	4095	3359	3322	3946
3583	3327	4095	3577	3322	3946
3839	3327	4095	3797	3322	3944
4095	3327	4095	4006	3322	3943
0	3583	4095	530	3589	3983
256	3583	4095	752	3588	3980
512	3583	4095	969	3589	3982
768	3583	4095	1193	3588	3979
1024	3583	4095	1413	3584	3973
1280	3583	4095	1628	3583	3970
1536	3583	4095	1846	3582	3970
1792	3583	4095	2065	3582	3970
2048	3583	4095	2304	3580	3969
2303	3583	4095	2517	3581	3971
2559	3583	4095	2734	3578	3970
2815	3583	4095	2952	3572	3960
3071	3583	4095	3170	3568	3960
3327	3583	4095	3391	3568	3954
3583	3583	4095	3611	3570	3954
3839	3583	4095	3826	3565	3952
4095	3583	4095	4034	3566	3951
0	3839	4095	556	3844	3989
256	3839	4095	778	3839	3987
512	3839	4095	994	3840	3986
768	3839	4095	1220	3837	3985
1024	3839	4095	1440	3836	3981
1280	3839	4095	1655	3833	3979
1536	3839	4095	1872	3831	3977
1792	3839	4095	2097	3834	3977
2048	3839	4095	2336	3833	3976
2303	3839	4095	2544	3833	3976
2559	3839	4095	2766	3832	3976
2815	3839	4095	2982	3826	3970
3071	3839	4095	3201	3822	3964
3327	3839	4095	3421	3822	3964
3583	3839	4095	3640	3820	3964
3839	3839	4095	3854	3814	3958
4095	3839	4095	4066	3821	3959
0	4095	4095	583	4087	3998
256	4095	4095	804	4084	3994
512	4095	4095	1022	4086	3996
768	4095	4095	1249	4082	3993
1024	4095	4095	1465	4077	3989
1280	4095	4095	1682	4076	3987
1536	4095	4095	1902	4076	3984
1792	4095	4095	2127	4076	3984
2048	4095	4095	2364	4080	3985
2303	4095	4095	2574	4078	3985
2559	4095	4095	2792	4071	3982
2815	4095	4095	3011	4068	3980
3071	4095	4095	3230	4065	3974
3327	4095	4095	3450	4064	3972
3583	4095	4095	3670	4063	3971
3839	4095	4095	3884	4060	3967
4095	4095	4095	4093	4065	3979
